season,match_id,n_distinct_top_picks,consensus_pick_correct,any_correct,all_correct,p3_spread_on_consensus_pick,max_p3_consensus,correct_A_structural_pl,correct_B_performance_xgb_rank_tuned,correct_C_stats_only_pl,agreement,spread_bin
2012,2012_R10_brisbane_lions_v_west_coast_2012-06-03,1,False,False,False,0.16604031671466774,0.342997621655307,False,False,False,all agree,0.10-0.20
2012,2012_R10_collingwood_v_gold_coast_2012-06-03,1,False,False,False,0.14767491141308886,0.4864738322444999,False,False,False,all agree,0.10-0.20
2012,2012_R10_essendon_v_melbourne_2012-06-02,1,False,False,False,0.07270591203761839,0.434513098410112,False,False,False,all agree,<0.10
2012,2012_R10_fremantle_v_adelaide_2012-06-02,1,True,True,True,0.04965546808519383,0.6435838522708036,True,True,True,all agree,<0.10
2012,2012_R10_geelong_v_greater_western_sydney_2012-06-02,1,False,False,False,0.07213757246073477,0.46318068404368634,False,False,False,all agree,<0.10
2012,2012_R10_hawthorn_v_north_melbourne_2012-06-02,1,True,True,True,0.2735202241555975,0.9063039712274135,True,True,True,all agree,0.20-0.35
2012,2012_R10_port_adelaide_v_carlton_2012-06-02,1,True,True,True,0.05852767168488099,0.47009466661360594,True,True,True,all agree,<0.10
2012,2012_R10_st_kilda_v_richmond_2012-06-01,1,True,True,True,0.04662999505252474,0.8918079993421414,True,True,True,all agree,<0.10
2012,2012_R10_sydney_v_western_bulldogs_2012-06-03,1,True,True,True,0.04239707884417443,0.588951533746095,True,True,True,all agree,<0.10
2012,2012_R11_carlton_v_geelong_2012-06-08,1,True,True,True,0.17774257110545505,0.5650496075585544,True,True,True,all agree,0.10-0.20
2012,2012_R11_essendon_v_sydney_2012-06-09,1,False,False,False,0.1291814996961378,0.6654844511767058,False,False,False,all agree,0.10-0.20
2012,2012_R11_gold_coast_v_st_kilda_2012-06-09,1,True,True,True,0.07565496968758068,0.7917872416787345,True,True,True,all agree,<0.10
2012,2012_R11_melbourne_v_collingwood_2012-06-11,1,True,True,True,0.19570031399574495,0.5920708455503727,True,True,True,all agree,0.10-0.20
2012,2012_R11_port_adelaide_v_hawthorn_2012-06-10,1,True,True,True,0.06300756173801025,0.5807505469831562,True,True,True,all agree,<0.10
2012,2012_R11_richmond_v_fremantle_2012-06-09,1,True,True,True,0.1901093916026858,0.5957252858293389,True,True,True,all agree,0.10-0.20
2012,2012_R12_adelaide_v_st_kilda_2012-06-15,1,True,True,True,0.07975087324194918,0.4635493117393949,True,True,True,all agree,<0.10
2012,2012_R12_gold_coast_v_north_melbourne_2012-06-16,1,True,True,True,0.235303256252279,0.875748193366212,True,True,True,all agree,0.20-0.35
2012,2012_R12_greater_western_sydney_v_richmond_2012-06-16,2,True,True,False,0.29296562448652064,0.3283319464547195,True,True,False,2 vs 1,0.20-0.35
2012,2012_R12_hawthorn_v_brisbane_lions_2012-06-17,2,False,False,False,0.549221859192353,0.3627304910972904,False,False,False,2 vs 1,>0.35
2012,2012_R12_west_coast_v_carlton_2012-06-14,1,True,True,True,0.06937566923202537,0.32737819686425945,True,True,True,all agree,<0.10
2012,2012_R12_western_bulldogs_v_port_adelaide_2012-06-17,1,False,False,False,0.3167482893584174,0.44008645861944995,False,False,False,all agree,0.20-0.35
2012,2012_R13_collingwood_v_west_coast_2012-06-23,2,True,True,False,0.2198886050582728,0.47203846179525755,False,True,True,2 vs 1,0.20-0.35
2012,2012_R13_fremantle_v_essendon_2012-06-23,2,False,True,False,0.23437193647416837,0.34743149194944084,True,False,False,2 vs 1,0.20-0.35
2012,2012_R13_melbourne_v_greater_western_sydney_2012-06-24,1,True,True,True,0.07378576937466036,0.48617697901325707,True,True,True,all agree,<0.10
2012,2012_R13_north_melbourne_v_adelaide_2012-06-24,1,False,False,False,0.07570084656310483,0.3028599760544841,False,False,False,all agree,<0.10
2012,2012_R13_sydney_v_geelong_2012-06-22,2,False,False,False,0.11568260302513839,0.17926439849921882,False,False,False,2 vs 1,0.10-0.20
2012,2012_R13_western_bulldogs_v_brisbane_lions_2012-06-23,1,True,True,True,0.05295260539743407,0.7212579531423198,True,True,True,all agree,<0.10
2012,2012_R14_adelaide_v_richmond_2012-06-30,1,True,True,True,0.203407334398659,0.479867359358401,True,True,True,all agree,0.20-0.35
2012,2012_R14_brisbane_lions_v_melbourne_2012-07-01,2,False,True,False,0.05825515768162054,0.34877981781913,True,False,False,2 vs 1,<0.10
2012,2012_R14_carlton_v_hawthorn_2012-06-29,2,False,True,False,0.45835139419139825,0.45239974627073537,False,False,True,2 vs 1,>0.35
2012,2012_R14_collingwood_v_fremantle_2012-06-30,1,True,True,True,0.08037811944544404,0.7723562565103101,True,True,True,all agree,<0.10
2012,2012_R14_essendon_v_western_bulldogs_2012-06-30,1,True,True,True,0.18935453317226764,0.452886107782851,True,True,True,all agree,0.10-0.20
2012,2012_R14_geelong_v_port_adelaide_2012-07-01,1,False,False,False,0.3324196084497705,0.7041587888482569,False,False,False,all agree,0.20-0.35
2012,2012_R14_st_kilda_v_north_melbourne_2012-07-01,1,True,True,True,0.17302152812024518,0.5424681624350902,True,True,True,all agree,0.10-0.20
2012,2012_R14_sydney_v_greater_western_sydney_2012-06-30,1,False,False,False,0.16321091338659738,0.36784144053567774,False,False,False,all agree,0.10-0.20
2012,2012_R14_west_coast_v_gold_coast_2012-06-30,1,True,True,True,0.09358412927888948,0.427221790132238,True,True,True,all agree,<0.10
2012,2012_R15_collingwood_v_carlton_2012-07-06,1,True,True,True,0.30335781092305536,0.5444235205037631,True,True,True,all agree,0.20-0.35
2012,2012_R15_fremantle_v_western_bulldogs_2012-07-08,1,True,True,True,0.13419528442430473,0.7979580498323072,True,True,True,all agree,0.10-0.20
2012,2012_R15_gold_coast_v_geelong_2012-07-08,1,True,True,True,0.1938780263494836,0.47229190956745665,True,True,True,all agree,0.10-0.20
2012,2012_R15_hawthorn_v_greater_western_sydney_2012-07-08,1,True,True,True,0.244347672768418,0.4348477082022921,True,True,True,all agree,0.20-0.35
2012,2012_R15_melbourne_v_richmond_2012-07-07,1,True,True,True,0.08647915867147549,0.3937604060071744,True,True,True,all agree,<0.10
2012,2012_R15_north_melbourne_v_west_coast_2012-07-07,2,False,True,False,0.15557187851418042,0.4132045129335779,True,False,True,2 vs 1,0.10-0.20
2012,2012_R15_port_adelaide_v_adelaide_2012-07-07,2,False,False,False,0.18247106397488855,0.5072332596733092,False,False,False,2 vs 1,0.10-0.20
2012,2012_R15_st_kilda_v_essendon_2012-07-07,1,True,True,True,0.09126409749356057,0.4501678707377657,True,True,True,all agree,<0.10
2012,2012_R15_sydney_v_brisbane_lions_2012-07-07,1,True,True,True,0.1576390804655013,0.4298090762494116,True,True,True,all agree,0.10-0.20
2012,2012_R16_brisbane_lions_v_st_kilda_2012-07-14,2,False,False,False,0.2134134199667715,0.2253562470773376,False,False,False,2 vs 1,0.20-0.35
2012,2012_R16_geelong_v_collingwood_2012-07-14,1,False,False,False,0.12204842792100445,0.3935778196654492,False,False,False,all agree,0.10-0.20
2012,2012_R16_greater_western_sydney_v_adelaide_2012-07-15,1,True,True,True,0.04968986171163359,0.3600875480434995,True,True,True,all agree,<0.10
2012,2012_R16_melbourne_v_fremantle_2012-07-14,1,False,False,False,0.18773947237609692,0.3008813388510258,False,False,False,all agree,0.10-0.20
2012,2012_R16_north_melbourne_v_carlton_2012-07-13,2,True,True,False,0.23856159203974076,0.36121748344703447,False,True,True,2 vs 1,0.20-0.35
2012,2012_R16_port_adelaide_v_essendon_2012-07-14,1,False,False,False,0.11491072200179481,0.49266197570892395,False,False,False,all agree,0.10-0.20
2012,2012_R16_richmond_v_gold_coast_2012-07-14,1,False,False,False,0.27787343536075554,0.5263255942753117,False,False,False,all agree,0.20-0.35
2012,2012_R16_west_coast_v_sydney_2012-07-15,1,False,False,False,0.09023236918394922,0.4261388195633999,False,False,False,all agree,<0.10
2012,2012_R16_western_bulldogs_v_hawthorn_2012-07-15,1,True,True,True,0.2309036234812467,0.7108140284672074,True,True,True,all agree,0.20-0.35
2012,2012_R17_adelaide_v_west_coast_2012-07-21,1,False,False,False,0.06892832783296077,0.3600675917926035,False,False,False,all agree,<0.10
2012,2012_R17_collingwood_v_hawthorn_2012-07-21,2,False,False,False,0.14147404969875663,0.29204401852866824,False,False,False,2 vs 1,0.10-0.20
2012,2012_R17_fremantle_v_greater_western_sydney_2012-07-22,1,True,True,True,0.12940745594183856,0.8110132012444327,True,True,True,all agree,0.10-0.20
2012,2012_R17_geelong_v_essendon_2012-07-20,1,False,False,False,0.1359910488183772,0.4003469425753954,False,False,False,all agree,0.10-0.20
2012,2012_R17_gold_coast_v_brisbane_lions_2012-07-21,1,True,True,True,0.15316613290307768,0.6938689300606299,True,True,True,all agree,0.10-0.20
2012,2012_R17_melbourne_v_port_adelaide_2012-07-21,2,True,True,False,0.10526965378417485,0.3363865198572648,True,False,True,2 vs 1,0.10-0.20
2012,2012_R17_richmond_v_north_melbourne_2012-07-22,1,True,True,True,0.21723206671108547,0.5518430132727261,True,True,True,all agree,0.20-0.35
2012,2012_R17_sydney_v_st_kilda_2012-07-22,1,True,True,True,0.11746831573816519,0.6927871377083153,True,True,True,all agree,0.10-0.20
2012,2012_R17_western_bulldogs_v_carlton_2012-07-21,1,False,False,False,0.1681262463326914,0.3175985047224593,False,False,False,all agree,0.10-0.20
2012,2012_R18_carlton_v_richmond_2012-07-28,1,True,True,True,0.2343370853341189,0.4619758564450027,True,True,True,all agree,0.20-0.35
2012,2012_R18_essendon_v_hawthorn_2012-07-27,2,False,False,False,0.14758628552852518,0.21673267936931695,False,False,False,2 vs 1,0.10-0.20
2012,2012_R18_geelong_v_adelaide_2012-07-28,2,False,False,False,0.25242365383309684,0.27077509649166626,False,False,False,2 vs 1,0.20-0.35
2012,2012_R18_gold_coast_v_sydney_2012-07-28,1,True,True,True,0.13621414319316233,0.418990973832512,True,True,True,all agree,0.10-0.20
2012,2012_R18_greater_western_sydney_v_collingwood_2012-07-28,1,True,True,True,0.14245756717645308,0.8245266311150766,True,True,True,all agree,0.10-0.20
2012,2012_R18_north_melbourne_v_melbourne_2012-07-28,1,True,True,True,0.2256948848336534,0.49873131732785475,True,True,True,all agree,0.20-0.35
2012,2012_R18_port_adelaide_v_fremantle_2012-07-29,1,True,True,True,0.2034988783954622,0.3554940811957315,True,True,True,all agree,0.20-0.35
2012,2012_R18_st_kilda_v_western_bulldogs_2012-07-29,2,False,False,False,0.07939645440471713,0.2576391997735428,False,False,False,2 vs 1,<0.10
2012,2012_R18_west_coast_v_brisbane_lions_2012-07-29,2,True,True,False,0.2490873120573588,0.2282294328904748,True,False,True,2 vs 1,0.20-0.35
2012,2012_R19_adelaide_v_essendon_2012-08-05,1,False,False,False,0.1270180537986887,0.7143658248251371,False,False,False,all agree,0.10-0.20
2012,2012_R19_brisbane_lions_v_richmond_2012-08-04,1,True,True,True,0.11795648895737171,0.45645160588907147,True,True,True,all agree,0.10-0.20
2012,2012_R19_carlton_v_sydney_2012-08-05,2,True,True,False,0.09146966660626127,0.30767363057431274,True,False,True,2 vs 1,<0.10
2012,2012_R19_collingwood_v_st_kilda_2012-08-04,2,False,True,False,0.1839737392904127,0.29530616437317186,False,False,True,2 vs 1,0.10-0.20
2012,2012_R19_fremantle_v_west_coast_2012-08-04,1,True,True,True,0.10804078609539125,0.9283583748770489,True,True,True,all agree,0.10-0.20
2012,2012_R19_greater_western_sydney_v_port_adelaide_2012-08-04,1,True,True,True,0.14962825697303755,0.4996663839863757,True,True,True,all agree,0.10-0.20
2012,2012_R19_hawthorn_v_geelong_2012-08-03,2,False,True,False,0.1947073407435189,0.3424151988377022,False,False,True,2 vs 1,0.10-0.20
2012,2012_R19_melbourne_v_gold_coast_2012-08-05,2,True,True,False,0.34706136835280627,0.46577291510089586,True,False,True,2 vs 1,0.20-0.35
2012,2012_R19_western_bulldogs_v_north_melbourne_2012-08-04,1,False,False,False,0.1721230561758394,0.4016504149038754,False,False,False,all agree,0.10-0.20
2012,2012_R1_fremantle_v_geelong_2012-03-31,1,True,True,True,0.07852055986284473,0.46230748181645026,True,True,True,all agree,<0.10
2012,2012_R1_gold_coast_v_adelaide_2012-03-31,1,False,False,False,0.057657462748000154,0.5107756064793486,False,False,False,all agree,<0.10
2012,2012_R1_greater_western_sydney_v_sydney_2012-03-24,1,False,False,False,0.118431852127106,0.3849505624682266,False,False,False,all agree,0.10-0.20
2012,2012_R1_hawthorn_v_collingwood_2012-03-30,2,False,True,False,0.32033542380386215,0.41375398740218444,False,False,True,2 vs 1,0.20-0.35
2012,2012_R1_melbourne_v_brisbane_lions_2012-03-31,2,True,True,False,0.06654510110548989,0.3832488139278159,False,True,True,2 vs 1,<0.10
2012,2012_R1_north_melbourne_v_essendon_2012-03-31,1,True,True,True,0.24339668407482196,0.742091617839693,True,True,True,all agree,0.20-0.35
2012,2012_R1_port_adelaide_v_st_kilda_2012-04-01,2,False,True,False,0.3663732907837064,0.3260214662675336,True,False,True,2 vs 1,>0.35
2012,2012_R1_richmond_v_carlton_2012-03-29,1,False,False,False,0.09852491481880582,0.3703658177127445,False,False,False,all agree,<0.10
2012,2012_R1_western_bulldogs_v_west_coast_2012-04-01,2,False,True,False,0.11530776593550396,0.3807715626776551,True,False,False,2 vs 1,0.10-0.20
2012,2012_R20_adelaide_v_fremantle_2012-08-11,1,True,True,True,0.13085430598517211,0.560275585337804,True,True,True,all agree,0.10-0.20
2012,2012_R20_carlton_v_brisbane_lions_2012-08-11,2,True,True,False,0.06700325093561557,0.2001973902724873,True,False,True,2 vs 1,<0.10
2012,2012_R20_essendon_v_north_melbourne_2012-08-12,2,True,True,False,0.18918812603607166,0.28171577385105034,False,True,True,2 vs 1,0.10-0.20
2012,2012_R20_gold_coast_v_greater_western_sydney_2012-08-11,1,False,False,False,0.20204648819809712,0.4202133443397737,False,False,False,all agree,0.20-0.35
2012,2012_R20_hawthorn_v_port_adelaide_2012-08-12,2,True,True,False,0.19265064903106466,0.25138180765280754,True,True,False,2 vs 1,0.10-0.20
2012,2012_R20_richmond_v_western_bulldogs_2012-08-12,1,True,True,True,0.1366123115410639,0.6741400154570862,True,True,True,all agree,0.10-0.20
2012,2012_R20_st_kilda_v_melbourne_2012-08-11,2,True,True,False,0.11912534867321622,0.29863059831555644,True,False,True,2 vs 1,0.10-0.20
2012,2012_R20_sydney_v_collingwood_2012-08-11,2,False,True,False,0.2504447312155728,0.5717754347440923,False,False,True,2 vs 1,0.20-0.35
2012,2012_R20_west_coast_v_geelong_2012-08-10,1,True,True,True,0.2015303114306165,0.48212710097048267,True,True,True,all agree,0.20-0.35
2012,2012_R21_brisbane_lions_v_adelaide_2012-08-18,1,False,False,False,0.06535031207125924,0.3973620321104336,False,False,False,all agree,<0.10
2012,2012_R21_collingwood_v_north_melbourne_2012-08-18,1,False,False,False,0.20281108245056811,0.41071118656954947,False,False,False,all agree,0.20-0.35
2012,2012_R21_essendon_v_carlton_2012-08-18,1,True,True,True,0.08169833149239214,0.7872831405646398,True,True,True,all agree,<0.10
2012,2012_R21_fremantle_v_richmond_2012-08-18,1,True,True,True,0.23126313309413737,0.3622345028311254,True,True,True,all agree,0.20-0.35
2012,2012_R21_geelong_v_st_kilda_2012-08-17,2,True,True,False,0.2105962155132346,0.3566293914932807,True,True,False,2 vs 1,0.20-0.35
2012,2012_R21_greater_western_sydney_v_melbourne_2012-08-18,1,True,True,True,0.21173359861812974,0.545987210942862,True,True,True,all agree,0.20-0.35
2012,2012_R21_hawthorn_v_gold_coast_2012-08-19,2,False,False,False,0.2864127424398163,0.32630760322268465,False,False,False,2 vs 1,0.20-0.35
2012,2012_R21_port_adelaide_v_west_coast_2012-08-19,1,True,True,True,0.06747526703766205,0.539620169993993,True,True,True,all agree,<0.10
2012,2012_R21_western_bulldogs_v_sydney_2012-08-19,1,True,True,True,0.07738252863593575,0.5039939448450836,True,True,True,all agree,<0.10
2012,2012_R22_geelong_v_western_bulldogs_2012-08-26,1,False,False,False,0.21723979055383763,0.43057529451646653,False,False,False,all agree,0.20-0.35
2012,2012_R22_gold_coast_v_carlton_2012-08-25,2,False,True,False,0.25457456238483944,0.28850277939368196,False,False,True,2 vs 1,0.20-0.35
2012,2012_R22_melbourne_v_adelaide_2012-08-26,1,True,True,True,0.28261547301824363,0.5661697388518642,True,True,True,all agree,0.20-0.35
2012,2012_R22_north_melbourne_v_fremantle_2012-08-26,2,False,True,False,0.016110445023088504,0.22571422647012543,False,True,False,2 vs 1,<0.10
2012,2012_R22_port_adelaide_v_brisbane_lions_2012-08-25,1,True,True,True,0.01091929090970778,0.39228984512797876,True,True,True,all agree,<0.10
2012,2012_R22_richmond_v_essendon_2012-08-24,1,False,False,False,0.056889553054294384,0.3490241634049391,False,False,False,all agree,<0.10
2012,2012_R22_st_kilda_v_greater_western_sydney_2012-08-25,1,False,False,False,0.052191366875559086,0.3208668449837009,False,False,False,all agree,<0.10
2012,2012_R22_sydney_v_hawthorn_2012-08-25,1,False,False,False,0.09873987138636509,0.32808186561735353,False,False,False,all agree,<0.10
2012,2012_R22_west_coast_v_collingwood_2012-08-25,1,False,False,False,0.025172201618208656,0.6426891696240014,False,False,False,all agree,<0.10
2012,2012_R23_adelaide_v_gold_coast_2012-09-01,1,True,True,True,0.01074382135236207,0.7619835263618712,True,True,True,all agree,<0.10
2012,2012_R23_brisbane_lions_v_western_bulldogs_2012-09-02,1,True,True,True,0.048351190914156184,0.5844740343203297,True,True,True,all agree,<0.10
2012,2012_R23_carlton_v_st_kilda_2012-09-02,1,True,True,True,0.01808070164675868,0.5439854240032815,True,True,True,all agree,<0.10
2012,2012_R23_essendon_v_collingwood_2012-09-01,1,False,False,False,0.09256617134146466,0.5058050792273249,False,False,False,all agree,<0.10
2012,2012_R23_fremantle_v_melbourne_2012-09-01,1,False,False,False,0.02133426218383566,0.4050176054404004,False,False,False,all agree,<0.10
2012,2012_R23_geelong_v_sydney_2012-09-01,1,True,True,True,0.3841101484511795,0.4249033128526552,True,True,True,all agree,>0.35
2012,2012_R23_greater_western_sydney_v_north_melbourne_2012-09-01,1,True,True,True,0.10593306653051537,0.7630075942745983,True,True,True,all agree,0.10-0.20
2012,2012_R23_hawthorn_v_west_coast_2012-08-31,2,True,True,False,0.2151520414112699,0.2823864928520957,True,True,False,2 vs 1,0.20-0.35
2012,2012_R23_richmond_v_port_adelaide_2012-09-02,1,True,True,True,0.022429786779205874,0.33641809870956935,True,True,True,all agree,<0.10
2012,2012_R2_adelaide_v_western_bulldogs_2012-04-07,1,True,True,True,0.1201505215038905,0.4287786208108937,True,True,True,all agree,0.10-0.20
2012,2012_R2_brisbane_lions_v_carlton_2012-04-05,1,True,True,True,0.23823667655209868,0.6139735777061274,True,True,True,all agree,0.20-0.35
2012,2012_R2_collingwood_v_richmond_2012-04-07,2,False,False,False,0.08135488834010274,0.27032400137081153,False,False,False,2 vs 1,<0.10
2012,2012_R2_essendon_v_port_adelaide_2012-04-07,2,False,True,False,0.17923795840419426,0.36267496487161205,False,True,False,2 vs 1,0.10-0.20
2012,2012_R2_geelong_v_hawthorn_2012-04-09,1,False,False,False,0.10917114595452901,0.31103042316802904,False,False,False,all agree,0.10-0.20
2012,2012_R2_north_melbourne_v_greater_western_sydney_2012-04-08,1,False,False,False,0.056897695135005144,0.4720002167283839,False,False,False,all agree,<0.10
2012,2012_R2_st_kilda_v_gold_coast_2012-04-08,2,True,True,False,0.11940635532526533,0.2459868700538271,True,False,False,2 vs 1,0.10-0.20
2012,2012_R2_sydney_v_fremantle_2012-04-07,1,True,True,True,0.020831389157228264,0.7572823023467755,True,True,True,all agree,<0.10
2012,2012_R2_west_coast_v_melbourne_2012-04-07,1,False,False,False,0.17754064111871815,0.4362699498991091,False,False,False,all agree,0.10-0.20
2012,2012_R3_carlton_v_collingwood_2012-04-13,1,False,False,False,0.0763176300680094,0.5481339567204674,False,False,False,all agree,<0.10
2012,2012_R3_fremantle_v_brisbane_lions_2012-04-14,1,False,False,False,0.06366084222277221,0.2545992831911184,False,False,False,all agree,<0.10
2012,2012_R3_gold_coast_v_essendon_2012-04-14,1,True,True,True,0.2936963084283317,0.8693504735504164,True,True,True,all agree,0.20-0.35
2012,2012_R3_greater_western_sydney_v_west_coast_2012-04-15,1,True,True,True,0.211154401010404,0.5769306604305927,True,True,True,all agree,0.20-0.35
2012,2012_R3_hawthorn_v_adelaide_2012-04-15,2,True,True,False,0.17813124991344662,0.22916300984012036,True,True,False,2 vs 1,0.10-0.20
2012,2012_R3_north_melbourne_v_geelong_2012-04-15,2,True,True,False,0.12139414634198073,0.271450231475973,False,True,False,2 vs 1,0.10-0.20
2012,2012_R3_port_adelaide_v_sydney_2012-04-14,1,False,False,False,0.2509440010502207,0.40313731482730847,False,False,False,all agree,0.20-0.35
2012,2012_R3_richmond_v_melbourne_2012-04-14,1,True,True,True,0.02896207284796193,0.32884134551110117,True,True,True,all agree,<0.10
2012,2012_R3_western_bulldogs_v_st_kilda_2012-04-14,1,True,True,True,0.16761973786386147,0.3275429916955881,True,True,True,all agree,0.10-0.20
2012,2012_R4_adelaide_v_greater_western_sydney_2012-04-21,2,False,False,False,0.27238312009322424,0.22612950405493595,False,False,False,2 vs 1,0.20-0.35
2012,2012_R4_brisbane_lions_v_gold_coast_2012-04-21,1,True,True,True,0.061090948979049764,0.749423676242745,True,True,True,all agree,<0.10
2012,2012_R4_carlton_v_essendon_2012-04-21,3,False,True,False,0.10439260212290336,0.3152284053864527,False,True,False,all differ,0.10-0.20
2012,2012_R4_collingwood_v_port_adelaide_2012-04-21,1,False,False,False,0.041430624025762364,0.4869594345144663,False,False,False,all agree,<0.10
2012,2012_R4_geelong_v_richmond_2012-04-22,1,False,False,False,0.3685563313656781,0.3873076497178481,False,False,False,all agree,>0.35
2012,2012_R4_melbourne_v_western_bulldogs_2012-04-22,2,False,True,False,0.10021333037406538,0.30877037680308467,False,True,False,2 vs 1,0.10-0.20
2012,2012_R4_st_kilda_v_fremantle_2012-04-20,1,True,True,True,0.2099458303246884,0.38159633638643325,True,True,True,all agree,0.20-0.35
2012,2012_R4_sydney_v_north_melbourne_2012-04-22,1,False,False,False,0.17660767917802628,0.3743050854508388,False,False,False,all agree,0.10-0.20
2012,2012_R4_west_coast_v_hawthorn_2012-04-21,1,True,True,True,0.09962510921387036,0.5433027671077011,True,True,True,all agree,<0.10
2012,2012_R5_adelaide_v_port_adelaide_2012-04-29,1,True,True,True,0.10420093300146549,0.5956926661822305,True,True,True,all agree,0.10-0.20
2012,2012_R5_brisbane_lions_v_geelong_2012-04-28,2,False,True,False,0.09269651658195574,0.24077155181704868,False,True,True,2 vs 1,<0.10
2012,2012_R5_collingwood_v_essendon_2012-04-25,1,True,True,True,0.16936908200834344,0.8880701701340806,True,True,True,all agree,0.10-0.20
2012,2012_R5_fremantle_v_carlton_2012-04-27,1,False,False,False,0.18282206826018566,0.5494037128488376,False,False,False,all agree,0.10-0.20
2012,2012_R5_greater_western_sydney_v_western_bulldogs_2012-04-28,1,False,False,False,0.07982675412030521,0.41773099969540994,False,False,False,all agree,<0.10
2012,2012_R5_hawthorn_v_sydney_2012-04-29,1,True,True,True,0.18949656987582542,0.5532967559010621,True,True,True,all agree,0.10-0.20
2012,2012_R5_melbourne_v_st_kilda_2012-04-28,1,True,True,True,0.15730491267685393,0.36619647584296544,True,True,True,all agree,0.10-0.20
2012,2012_R5_north_melbourne_v_gold_coast_2012-04-28,1,True,True,True,0.23969359418004932,0.5877459797322003,True,True,True,all agree,0.20-0.35
2012,2012_R5_richmond_v_west_coast_2012-04-29,1,False,False,False,0.008891174366029042,0.21482854155428013,False,False,False,all agree,<0.10
2012,2012_R6_carlton_v_greater_western_sydney_2012-05-06,2,False,False,False,0.2630274562645012,0.25442631614994277,False,False,False,2 vs 1,0.20-0.35
2012,2012_R6_essendon_v_brisbane_lions_2012-05-05,2,False,True,False,0.09870742227110346,0.35693499550624647,True,True,False,2 vs 1,<0.10
2012,2012_R6_geelong_v_melbourne_2012-05-05,1,True,True,True,0.21098171019884837,0.5410578119061743,True,True,True,all agree,0.20-0.35
2012,2012_R6_gold_coast_v_fremantle_2012-05-05,1,True,True,True,0.02833666466227247,0.621407868972034,True,True,True,all agree,<0.10
2012,2012_R6_port_adelaide_v_richmond_2012-05-06,2,False,False,False,0.09228073127775804,0.29824639175018297,False,False,False,2 vs 1,<0.10
2012,2012_R6_st_kilda_v_hawthorn_2012-05-05,2,True,True,False,0.21679300149522585,0.3701035482058845,True,False,True,2 vs 1,0.20-0.35
2012,2012_R6_sydney_v_adelaide_2012-05-05,1,False,False,False,0.1534837615675549,0.3486979452657561,False,False,False,all agree,0.10-0.20
2012,2012_R6_west_coast_v_north_melbourne_2012-05-06,1,True,True,True,0.10745992898620915,0.4574213932614424,True,True,True,all agree,0.10-0.20
2012,2012_R6_western_bulldogs_v_collingwood_2012-05-04,2,True,True,False,0.22528770274227164,0.28058948207786644,False,True,False,2 vs 1,0.20-0.35
2012,2012_R7_adelaide_v_geelong_2012-05-12,1,True,True,True,0.12134868244092689,0.816900144440441,True,True,True,all agree,0.10-0.20
2012,2012_R7_brisbane_lions_v_collingwood_2012-05-12,2,False,True,False,0.21149851913124024,0.3270548012549402,False,False,True,2 vs 1,0.20-0.35
2012,2012_R7_essendon_v_west_coast_2012-05-12,1,False,False,False,0.17977273654675419,0.53005125967913,False,False,False,all agree,0.10-0.20
2012,2012_R7_fremantle_v_port_adelaide_2012-05-13,1,False,False,False,0.31145983491081985,0.3581613696630628,False,False,False,all agree,0.20-0.35
2012,2012_R7_greater_western_sydney_v_gold_coast_2012-05-12,1,True,True,True,0.11011470628243952,0.3202915041620948,True,True,True,all agree,0.10-0.20
2012,2012_R7_melbourne_v_hawthorn_2012-05-11,1,True,True,True,0.07904602790048237,0.3381675425518846,True,True,True,all agree,<0.10
2012,2012_R7_north_melbourne_v_western_bulldogs_2012-05-13,1,False,False,False,0.12662387464878355,0.709928240112836,False,False,False,all agree,0.10-0.20
2012,2012_R7_richmond_v_sydney_2012-05-12,2,False,False,False,0.08452112753621233,0.1845537412727295,False,False,False,2 vs 1,<0.10
2012,2012_R7_st_kilda_v_carlton_2012-05-14,2,False,False,False,0.1951945547648422,0.24202051777889108,False,False,False,2 vs 1,0.10-0.20
2012,2012_R8_brisbane_lions_v_greater_western_sydney_2012-05-20,2,True,True,False,0.26639681422437006,0.5385899729489756,True,False,True,2 vs 1,0.20-0.35
2012,2012_R8_carlton_v_adelaide_2012-05-20,1,True,True,True,0.04372895040321134,0.7198179427760794,True,True,True,all agree,<0.10
2012,2012_R8_collingwood_v_geelong_2012-05-18,1,True,True,True,0.3056463946412703,0.5522350254559104,True,True,True,all agree,0.20-0.35
2012,2012_R8_essendon_v_richmond_2012-05-19,2,False,False,False,0.2557859839384217,0.43376319726390694,False,False,False,2 vs 1,0.20-0.35
2012,2012_R8_hawthorn_v_fremantle_2012-05-19,3,False,True,False,0.1231480410200598,0.14251025694829875,False,False,True,all differ,0.10-0.20
2012,2012_R8_port_adelaide_v_north_melbourne_2012-05-19,2,False,False,False,0.10138395617075102,0.3732809727341094,False,False,False,2 vs 1,0.10-0.20
2012,2012_R8_sydney_v_melbourne_2012-05-19,1,True,True,True,0.06770095836634893,0.5084223902902798,True,True,True,all agree,<0.10
2012,2012_R8_west_coast_v_st_kilda_2012-05-20,1,True,True,True,0.25627568235720416,0.6064035942847866,True,True,True,all agree,0.20-0.35
2012,2012_R8_western_bulldogs_v_gold_coast_2012-05-19,1,False,False,False,0.06871030109722459,0.3267008710017477,False,False,False,all agree,<0.10
2012,2012_R9_adelaide_v_collingwood_2012-05-26,1,True,True,True,0.10523747914953852,0.5807296340881843,True,True,True,all agree,0.10-0.20
2012,2012_R9_carlton_v_melbourne_2012-05-27,1,True,True,True,0.057872454576714194,0.7619643489566931,True,True,True,all agree,<0.10
2012,2012_R9_gold_coast_v_port_adelaide_2012-05-26,1,False,False,False,0.1299755667228526,0.39063315049081854,False,False,False,all agree,0.10-0.20
2012,2012_R9_greater_western_sydney_v_essendon_2012-05-26,2,False,False,False,0.17895084701081979,0.23670996439238243,False,False,False,2 vs 1,0.10-0.20
2012,2012_R9_north_melbourne_v_brisbane_lions_2012-05-27,1,True,True,True,0.11265576277721401,0.6621915993090771,True,True,True,all agree,0.10-0.20
2012,2012_R9_richmond_v_hawthorn_2012-05-26,1,False,False,False,0.03214304485094088,0.3637321875880186,False,False,False,all agree,<0.10
2012,2012_R9_st_kilda_v_sydney_2012-05-26,2,True,True,False,0.09369542397944033,0.265457953156318,False,True,True,2 vs 1,<0.10
2012,2012_R9_west_coast_v_fremantle_2012-05-27,1,True,True,True,0.1830676902449493,0.7226816439546314,True,True,True,all agree,0.10-0.20
2012,2012_R9_western_bulldogs_v_geelong_2012-05-25,1,True,True,True,0.0801501315926712,0.5091888843247441,True,True,True,all agree,<0.10
2013,2013_R10_adelaide_v_fremantle_2013-06-01,1,True,True,True,0.14836789766644953,0.6393116749575024,True,True,True,all agree,0.10-0.20
2013,2013_R10_brisbane_lions_v_collingwood_2013-05-31,1,True,True,True,0.22074935175998744,0.7041513477370308,True,True,True,all agree,0.20-0.35
2013,2013_R10_carlton_v_greater_western_sydney_2013-06-01,1,True,True,True,0.08218575853090215,0.4138417129725703,True,True,True,all agree,<0.10
2013,2013_R10_geelong_v_gold_coast_2013-06-01,1,True,True,True,0.1694873906109453,0.5517614134845027,True,True,True,all agree,0.10-0.20
2013,2013_R10_melbourne_v_hawthorn_2013-06-02,2,True,True,False,0.05504724157857649,0.3306423647705221,True,True,False,2 vs 1,<0.10
2013,2013_R10_north_melbourne_v_st_kilda_2013-06-02,1,False,False,False,0.03565993609435386,0.3712643275955953,False,False,False,all agree,<0.10
2013,2013_R10_sydney_v_essendon_2013-06-01,1,True,True,True,0.2041008749397928,0.6301093510642787,True,True,True,all agree,0.20-0.35
2013,2013_R10_west_coast_v_richmond_2013-06-03,1,False,False,False,0.08279387642019337,0.2520957311275336,False,False,False,all agree,<0.10
2013,2013_R10_western_bulldogs_v_port_adelaide_2013-06-01,1,True,True,True,0.08687791132490641,0.7617918375234858,True,True,True,all agree,<0.10
2013,2013_R11_adelaide_v_sydney_2013-06-08,1,True,True,True,0.15351600851385827,0.6538521571153417,True,True,True,all agree,0.10-0.20
2013,2013_R11_essendon_v_carlton_2013-06-07,1,True,True,True,0.15518995332445118,0.7709617732543257,True,True,True,all agree,0.10-0.20
2013,2013_R11_gold_coast_v_north_melbourne_2013-06-08,1,True,True,True,0.17802594563750407,0.7959037824268865,True,True,True,all agree,0.10-0.20
2013,2013_R11_greater_western_sydney_v_geelong_2013-06-08,1,True,True,True,0.17635842093386034,0.5142863522367831,True,True,True,all agree,0.10-0.20
2013,2013_R11_melbourne_v_collingwood_2013-06-10,1,True,True,True,0.08780041306583986,0.6612643613745061,True,True,True,all agree,<0.10
2013,2013_R11_st_kilda_v_west_coast_2013-06-09,2,False,True,False,0.10223684461693477,0.36121165828696616,True,False,False,2 vs 1,0.10-0.20
2013,2013_R12_carlton_v_hawthorn_2013-06-14,2,False,False,False,0.20950464872889937,0.24503537802519326,False,False,False,2 vs 1,0.20-0.35
2013,2013_R12_collingwood_v_western_bulldogs_2013-06-16,1,True,True,True,0.28558136695214,0.5227087168476937,True,True,True,all agree,0.20-0.35
2013,2013_R12_essendon_v_gold_coast_2013-06-15,1,True,True,True,0.31564042306754386,0.4328212765066079,True,True,True,all agree,0.20-0.35
2013,2013_R12_fremantle_v_brisbane_lions_2013-06-15,1,False,False,False,0.0531956776643524,0.397586500105284,False,False,False,all agree,<0.10
2013,2013_R12_greater_western_sydney_v_port_adelaide_2013-06-16,1,False,False,False,0.17008676554281632,0.3400411399605994,False,False,False,all agree,0.10-0.20
2013,2013_R12_richmond_v_adelaide_2013-06-15,1,False,False,False,0.13227127156194868,0.2769756927942406,False,False,False,all agree,0.10-0.20
2013,2013_R13_brisbane_lions_v_geelong_2013-06-23,1,True,True,True,0.09345433860243108,0.3438278784012018,True,True,True,all agree,<0.10
2013,2013_R13_fremantle_v_north_melbourne_2013-06-23,2,False,True,False,0.32128922650488206,0.37961720470184185,True,False,True,2 vs 1,0.20-0.35
2013,2013_R13_hawthorn_v_west_coast_2013-06-21,1,False,False,False,0.23628188831123897,0.4500300262192403,False,False,False,all agree,0.20-0.35
2013,2013_R13_port_adelaide_v_sydney_2013-06-22,2,True,True,False,0.021100114061358782,0.21059070581003425,True,False,True,2 vs 1,<0.10
2013,2013_R13_st_kilda_v_melbourne_2013-06-22,1,True,True,True,0.28994597199896116,0.4671729557633865,True,True,True,all agree,0.20-0.35
2013,2013_R13_western_bulldogs_v_richmond_2013-06-22,3,False,True,False,0.0309508831116376,0.16807459183368137,False,False,True,all differ,<0.10
2013,2013_R14_geelong_v_fremantle_2013-06-29,1,True,True,True,0.08535115081490852,0.4597841179457293,True,True,True,all agree,<0.10
2013,2013_R14_gold_coast_v_adelaide_2013-06-29,1,True,True,True,0.18394311539719888,0.6157330444474014,True,True,True,all agree,0.10-0.20
2013,2013_R14_hawthorn_v_brisbane_lions_2013-06-30,2,False,False,False,0.1204293360731418,0.2466458206110783,False,False,False,2 vs 1,0.10-0.20
2013,2013_R14_melbourne_v_western_bulldogs_2013-06-29,1,False,False,False,0.05922202687444139,0.403418344639556,False,False,False,all agree,<0.10
2013,2013_R14_north_melbourne_v_greater_western_sydney_2013-06-30,1,False,False,False,0.12860032910058677,0.39662445583566147,False,False,False,all agree,0.10-0.20
2013,2013_R14_port_adelaide_v_collingwood_2013-06-29,1,False,False,False,0.10255384582995447,0.2983947202153144,False,False,False,all agree,0.10-0.20
2013,2013_R14_richmond_v_st_kilda_2013-06-30,2,False,False,False,0.046136949975012664,0.22220891042716615,False,False,False,2 vs 1,<0.10
2013,2013_R14_sydney_v_carlton_2013-06-28,2,False,True,False,0.32102335819329175,0.3607043636376061,False,True,False,2 vs 1,0.20-0.35
2013,2013_R14_west_coast_v_essendon_2013-06-27,1,True,True,True,0.17017573120964113,0.44997217705763237,True,True,True,all agree,0.10-0.20
2013,2013_R15_adelaide_v_west_coast_2013-07-06,2,True,True,False,0.1484031513143642,0.3810599870825322,True,True,False,2 vs 1,0.10-0.20
2013,2013_R15_brisbane_lions_v_gold_coast_2013-07-06,2,True,True,False,0.08442977807902113,0.24264980572111325,True,False,True,2 vs 1,<0.10
2013,2013_R15_carlton_v_collingwood_2013-07-05,1,True,True,True,0.2344330675297669,0.6659565659053853,True,True,True,all agree,0.20-0.35
2013,2013_R15_essendon_v_port_adelaide_2013-07-07,2,True,True,False,0.10634500131014399,0.2342753372959777,True,False,True,2 vs 1,0.10-0.20
2013,2013_R15_fremantle_v_st_kilda_2013-07-07,1,False,False,False,0.09086743156751473,0.2651582982768423,False,False,False,all agree,<0.10
2013,2013_R15_geelong_v_hawthorn_2013-07-06,1,True,True,True,0.18346777439655115,0.7087882581219946,True,True,True,all agree,0.10-0.20
2013,2013_R15_greater_western_sydney_v_western_bulldogs_2013-07-06,2,False,False,False,0.07659216340634378,0.20074087865479162,False,False,False,2 vs 1,<0.10
2013,2013_R15_melbourne_v_sydney_2013-07-07,2,True,True,False,0.12783041179042404,0.3233569439852775,False,True,True,2 vs 1,0.10-0.20
2013,2013_R15_north_melbourne_v_richmond_2013-07-06,1,False,False,False,0.07146351142360119,0.3209231590150692,False,False,False,all agree,<0.10
2013,2013_R16_brisbane_lions_v_north_melbourne_2013-07-13,1,True,True,True,0.16754881557204998,0.4834294429826819,True,True,True,all agree,0.10-0.20
2013,2013_R16_carlton_v_st_kilda_2013-07-13,2,False,False,False,0.08822230592103308,0.39491583850714135,False,False,False,2 vs 1,<0.10
2013,2013_R16_collingwood_v_adelaide_2013-07-12,1,True,True,True,0.03409021549579816,0.8662633961287503,True,True,True,all agree,<0.10
2013,2013_R16_geelong_v_melbourne_2013-07-13,1,True,True,True,0.13071849738981056,0.7835967779807261,True,True,True,all agree,0.10-0.20
2013,2013_R16_port_adelaide_v_hawthorn_2013-07-13,1,True,True,True,0.05902273194414881,0.2939543131846099,True,True,True,all agree,<0.10
2013,2013_R16_richmond_v_gold_coast_2013-07-13,2,False,True,False,0.18184231757606056,0.26253716889981604,False,False,True,2 vs 1,0.10-0.20
2013,2013_R16_sydney_v_greater_western_sydney_2013-07-14,2,False,False,False,0.10820009627679955,0.2680638228282309,False,False,False,2 vs 1,0.10-0.20
2013,2013_R16_west_coast_v_fremantle_2013-07-14,2,False,False,False,0.3414031672389296,0.37087673897552526,False,False,False,2 vs 1,0.20-0.35
2013,2013_R16_western_bulldogs_v_essendon_2013-07-14,2,False,True,False,0.10545082728334496,0.2265493777945825,True,False,False,2 vs 1,0.10-0.20
2013,2013_R17_adelaide_v_geelong_2013-07-21,2,False,False,False,0.23335518564782481,0.28227706873295705,False,False,False,2 vs 1,0.20-0.35
2013,2013_R17_gold_coast_v_collingwood_2013-07-20,1,True,True,True,0.08573903143207895,0.9527481465765061,True,True,True,all agree,<0.10
2013,2013_R17_greater_western_sydney_v_essendon_2013-07-20,1,False,False,False,0.12976637208792677,0.24618407329047368,False,False,False,all agree,0.10-0.20
2013,2013_R17_hawthorn_v_western_bulldogs_2013-07-20,1,True,True,True,0.13637694298684433,0.685552253675919,True,True,True,all agree,0.10-0.20
2013,2013_R17_melbourne_v_brisbane_lions_2013-07-20,1,True,True,True,0.05101000294455982,0.5088431034750938,True,True,True,all agree,<0.10
2013,2013_R17_north_melbourne_v_carlton_2013-07-19,1,False,False,False,0.1095517819402606,0.25502211874122316,False,False,False,all agree,0.10-0.20
2013,2013_R17_richmond_v_fremantle_2013-07-21,1,False,False,False,0.2763534591578251,0.47922129759777027,False,False,False,all agree,0.20-0.35
2013,2013_R17_st_kilda_v_port_adelaide_2013-07-20,2,True,True,False,0.09003205794971067,0.22861848915421631,False,True,True,2 vs 1,<0.10
2013,2013_R17_west_coast_v_sydney_2013-07-21,1,True,True,True,0.14555318503722037,0.7809336116408395,True,True,True,all agree,0.10-0.20
2013,2013_R18_collingwood_v_greater_western_sydney_2013-07-27,1,True,True,True,0.22295322386126815,0.6788494521815313,True,True,True,all agree,0.20-0.35
2013,2013_R18_essendon_v_hawthorn_2013-07-26,1,True,True,True,0.08086061038352166,0.6777952917914689,True,True,True,all agree,<0.10
2013,2013_R18_fremantle_v_adelaide_2013-07-27,1,True,True,True,0.07577216950976173,0.9251184695330555,True,True,True,all agree,<0.10
2013,2013_R18_geelong_v_st_kilda_2013-07-27,1,True,True,True,0.4142261044583736,0.5851042244378831,True,True,True,all agree,>0.35
2013,2013_R18_gold_coast_v_carlton_2013-07-27,2,False,False,False,0.11417656278274685,0.23127694364416315,False,False,False,2 vs 1,0.10-0.20
2013,2013_R18_melbourne_v_north_melbourne_2013-07-27,1,True,True,True,0.29849445851167944,0.5663502909996475,True,True,True,all agree,0.20-0.35
2013,2013_R18_port_adelaide_v_brisbane_lions_2013-07-28,1,True,True,True,0.1535995946786968,0.21425373819565974,True,True,True,all agree,0.10-0.20
2013,2013_R18_sydney_v_richmond_2013-07-28,1,False,False,False,0.3293965456042866,0.42511505567635915,False,False,False,all agree,0.20-0.35
2013,2013_R18_western_bulldogs_v_west_coast_2013-07-28,1,True,True,True,0.1098225736086067,0.6549976499105611,True,True,True,all agree,0.10-0.20
2013,2013_R19_adelaide_v_port_adelaide_2013-08-04,1,True,True,True,0.018786183507853993,0.6609853294674161,True,True,True,all agree,<0.10
2013,2013_R19_brisbane_lions_v_st_kilda_2013-08-03,1,True,True,True,0.08265034547140071,0.7595263242008374,True,True,True,all agree,<0.10
2013,2013_R19_carlton_v_fremantle_2013-08-03,1,True,True,True,0.23433677413830023,0.5223252576340778,True,True,True,all agree,0.20-0.35
2013,2013_R19_collingwood_v_essendon_2013-08-04,1,False,False,False,0.11248269846415679,0.2712033133067327,False,False,False,all agree,0.10-0.20
2013,2013_R19_greater_western_sydney_v_melbourne_2013-08-03,1,True,True,True,0.17960832991093423,0.7940586012299787,True,True,True,all agree,0.10-0.20
2013,2013_R19_hawthorn_v_richmond_2013-08-03,1,True,True,True,0.14195327012679781,0.7940832400744019,True,True,True,all agree,0.10-0.20
2013,2013_R19_north_melbourne_v_geelong_2013-08-02,1,True,True,True,0.21264422609680517,0.4951723850207719,True,True,True,all agree,0.20-0.35
2013,2013_R19_west_coast_v_gold_coast_2013-08-03,3,False,False,False,0.154080582465769,0.17049185674976752,False,False,False,all differ,0.10-0.20
2013,2013_R19_western_bulldogs_v_sydney_2013-08-04,1,True,True,True,0.15899863115844926,0.40702593388925273,True,True,True,all agree,0.10-0.20
2013,2013_R1_adelaide_v_essendon_2013-03-22,1,False,False,False,0.13930018220890494,0.49554588739569466,False,False,False,all agree,0.10-0.20
2013,2013_R1_carlton_v_richmond_2013-03-28,2,True,True,False,0.21039990622572824,0.37254388987878717,True,True,False,2 vs 1,0.20-0.35
2013,2013_R1_fremantle_v_west_coast_2013-03-23,1,True,True,True,0.1254724683185025,0.27419295357469425,True,True,True,all agree,0.10-0.20
2013,2013_R1_gold_coast_v_st_kilda_2013-03-30,1,True,True,True,0.036950102418013664,0.9707193821527614,True,True,True,all agree,<0.10
2013,2013_R1_greater_western_sydney_v_sydney_2013-03-30,2,False,False,False,0.04915334938886995,0.2569397560577819,False,False,False,2 vs 1,<0.10
2013,2013_R1_hawthorn_v_geelong_2013-04-01,1,False,False,False,0.17253692362042333,0.44002229180420316,False,False,False,all agree,0.10-0.20
2013,2013_R1_melbourne_v_port_adelaide_2013-03-31,1,False,False,False,0.09238924331198489,0.3069611251696163,False,False,False,all agree,<0.10
2013,2013_R1_north_melbourne_v_collingwood_2013-03-31,2,False,False,False,0.20091755786047477,0.3611436214363309,False,False,False,2 vs 1,0.20-0.35
2013,2013_R1_western_bulldogs_v_brisbane_lions_2013-03-30,2,False,False,False,0.21724100233595156,0.29340049086359277,False,False,False,2 vs 1,0.20-0.35
2013,2013_R20_adelaide_v_north_melbourne_2013-08-11,1,True,True,True,0.14807619163777141,0.41231875382619415,True,True,True,all agree,0.10-0.20
2013,2013_R20_carlton_v_western_bulldogs_2013-08-10,1,False,False,False,0.07386922655194422,0.4376453852944178,False,False,False,all agree,<0.10
2013,2013_R20_essendon_v_west_coast_2013-08-11,1,False,False,False,0.1595802224446507,0.30014712418035827,False,False,False,all agree,0.10-0.20
2013,2013_R20_fremantle_v_greater_western_sydney_2013-08-11,1,True,True,True,0.17186424596807148,0.3186391010346765,True,True,True,all agree,0.10-0.20
2013,2013_R20_geelong_v_port_adelaide_2013-08-10,1,True,True,True,0.15480909276125698,0.6662547703008097,True,True,True,all agree,0.10-0.20
2013,2013_R20_gold_coast_v_melbourne_2013-08-10,1,False,False,False,0.09877341701079428,0.335747900906332,False,False,False,all agree,<0.10
2013,2013_R20_richmond_v_brisbane_lions_2013-08-10,1,True,True,True,0.21857275706655277,0.4468421758756597,True,True,True,all agree,0.20-0.35
2013,2013_R20_st_kilda_v_hawthorn_2013-08-09,1,True,True,True,0.03753376782970275,0.2723249131693213,True,True,True,all agree,<0.10
2013,2013_R20_sydney_v_collingwood_2013-08-10,1,True,True,True,0.223963900759586,0.518569042403323,True,True,True,all agree,0.20-0.35
2013,2013_R21_brisbane_lions_v_greater_western_sydney_2013-08-17,2,True,True,False,0.15582398494766564,0.31512536027483184,False,False,True,2 vs 1,0.10-0.20
2013,2013_R21_essendon_v_north_melbourne_2013-08-17,1,False,False,False,0.08094918374455684,0.6374194034165351,False,False,False,all agree,<0.10
2013,2013_R21_hawthorn_v_collingwood_2013-08-16,1,False,False,False,0.13082246906781556,0.2724460506805773,False,False,False,all agree,0.10-0.20
2013,2013_R21_melbourne_v_fremantle_2013-08-18,2,True,True,False,0.2368366276061129,0.32739169322276873,False,True,True,2 vs 1,0.20-0.35
2013,2013_R21_port_adelaide_v_gold_coast_2013-08-17,1,True,True,True,0.14227290798942338,0.8142602547565209,True,True,True,all agree,0.10-0.20
2013,2013_R21_richmond_v_carlton_2013-08-17,1,True,True,True,0.3007863230500447,0.4998766417523257,True,True,True,all agree,0.20-0.35
2013,2013_R21_sydney_v_st_kilda_2013-08-18,1,True,True,True,0.09924883207606294,0.8449310694025097,True,True,True,all agree,<0.10
2013,2013_R21_west_coast_v_geelong_2013-08-17,1,True,True,True,0.17535528261732236,0.572911569714702,True,True,True,all agree,0.10-0.20
2013,2013_R21_western_bulldogs_v_adelaide_2013-08-18,1,False,False,False,0.042076730546825536,0.44073362556061846,False,False,False,all agree,<0.10
2013,2013_R22_adelaide_v_melbourne_2013-08-24,2,True,True,False,0.3451695128809138,0.5189964741224381,False,True,True,2 vs 1,0.20-0.35
2013,2013_R22_brisbane_lions_v_western_bulldogs_2013-08-25,1,True,True,True,0.09116768948030651,0.5616973531519308,True,True,True,all agree,<0.10
2013,2013_R22_carlton_v_essendon_2013-08-24,2,False,True,False,0.20971267346328223,0.2883944864161892,False,False,True,2 vs 1,0.20-0.35
2013,2013_R22_collingwood_v_west_coast_2013-08-23,3,False,True,False,0.21265420065643037,0.268590379037185,False,False,True,all differ,0.20-0.35
2013,2013_R22_fremantle_v_port_adelaide_2013-08-24,1,False,False,False,0.06915304691872043,0.29319296664099664,False,False,False,all agree,<0.10
2013,2013_R22_geelong_v_sydney_2013-08-24,1,True,True,True,0.17696852531399881,0.5472238402629034,True,True,True,all agree,0.10-0.20
2013,2013_R22_greater_western_sydney_v_richmond_2013-08-25,1,False,False,False,0.023961550030564216,0.33745451633033646,False,False,False,all agree,<0.10
2013,2013_R22_north_melbourne_v_hawthorn_2013-08-24,2,False,False,False,0.1130512757860733,0.23811710335032985,False,False,False,2 vs 1,0.10-0.20
2013,2013_R22_st_kilda_v_gold_coast_2013-08-25,2,True,True,False,0.17318388930358614,0.5425621735532365,True,False,True,2 vs 1,0.10-0.20
2013,2013_R23_collingwood_v_north_melbourne_2013-09-01,2,True,True,False,0.28518164034071286,0.35056471525344746,True,True,False,2 vs 1,0.20-0.35
2013,2013_R23_essendon_v_richmond_2013-08-31,1,True,True,True,0.03923546314584275,0.2910001006299736,True,True,True,all agree,<0.10
2013,2013_R23_geelong_v_brisbane_lions_2013-08-31,2,False,True,False,0.037299367342262746,0.3183389675389081,False,True,False,2 vs 1,<0.10
2013,2013_R23_gold_coast_v_greater_western_sydney_2013-09-01,1,True,True,True,0.1518688545488226,0.7321250470003173,True,True,True,all agree,0.10-0.20
2013,2013_R23_port_adelaide_v_carlton_2013-08-31,2,False,False,False,0.04957349632474323,0.2598087155675683,False,False,False,2 vs 1,<0.10
2013,2013_R23_st_kilda_v_fremantle_2013-08-31,1,False,False,False,0.12791011615074122,0.547973010141512,False,False,False,all agree,0.10-0.20
2013,2013_R23_sydney_v_hawthorn_2013-08-30,1,False,False,False,0.09687632165212337,0.26387168693723345,False,False,False,all agree,<0.10
2013,2013_R23_west_coast_v_adelaide_2013-08-31,2,True,True,False,0.14839148728909035,0.427770985354652,True,False,True,2 vs 1,0.10-0.20
2013,2013_R23_western_bulldogs_v_melbourne_2013-09-01,1,False,False,False,0.0654763094004297,0.4909588205348386,False,False,False,all agree,<0.10
2013,2013_R2_brisbane_lions_v_adelaide_2013-04-06,1,True,True,True,0.21811779129093806,0.5854590361738307,True,True,True,all agree,0.20-0.35
2013,2013_R2_collingwood_v_carlton_2013-04-07,1,True,True,True,0.07762601542514413,0.4980981025122961,True,True,True,all agree,<0.10
2013,2013_R2_essendon_v_melbourne_2013-04-06,1,False,False,False,0.08361267232285041,0.704928589707467,False,False,False,all agree,<0.10
2013,2013_R2_geelong_v_north_melbourne_2013-04-07,2,True,True,False,0.2455831091194246,0.28753541981832403,True,True,False,2 vs 1,0.20-0.35
2013,2013_R2_port_adelaide_v_greater_western_sydney_2013-04-06,1,True,True,True,0.04375683176203271,0.7854946815327377,True,True,True,all agree,<0.10
2013,2013_R2_st_kilda_v_richmond_2013-04-05,1,True,True,True,0.1937925987092074,0.44128408800250324,True,True,True,all agree,0.10-0.20
2013,2013_R2_sydney_v_gold_coast_2013-04-06,1,True,True,True,0.109939443636277,0.49083616898886845,True,True,True,all agree,0.10-0.20
2013,2013_R2_west_coast_v_hawthorn_2013-04-07,2,True,True,False,0.12465294499448942,0.3531581263440829,True,False,True,2 vs 1,0.10-0.20
2013,2013_R2_western_bulldogs_v_fremantle_2013-04-06,1,False,False,False,0.20295449957302844,0.3027279117579779,False,False,False,all agree,0.20-0.35
2013,2013_R3_collingwood_v_hawthorn_2013-04-14,1,True,True,True,0.17576254128054253,0.48046352972741774,True,True,True,all agree,0.10-0.20
2013,2013_R3_fremantle_v_essendon_2013-04-12,1,False,False,False,0.17064018756444793,0.4090868408030485,False,False,False,all agree,0.10-0.20
2013,2013_R3_geelong_v_carlton_2013-04-13,2,False,False,False,0.09823359970699974,0.20874391834364445,False,False,False,2 vs 1,<0.10
2013,2013_R3_gold_coast_v_brisbane_lions_2013-04-13,2,False,False,False,0.12230451122345404,0.30054096061636776,False,False,False,2 vs 1,0.10-0.20
2013,2013_R3_greater_western_sydney_v_st_kilda_2013-04-13,1,True,True,True,0.03973965738754015,0.8011050115914499,True,True,True,all agree,<0.10
2013,2013_R3_melbourne_v_west_coast_2013-04-13,1,True,True,True,0.2576984017523643,0.41971174091888025,True,True,True,all agree,0.20-0.35
2013,2013_R3_north_melbourne_v_sydney_2013-04-13,1,False,False,False,0.01921178215603403,0.34558225708013723,False,False,False,all agree,<0.10
2013,2013_R3_port_adelaide_v_adelaide_2013-04-14,1,False,False,False,0.09445992840259299,0.6660154217889166,False,False,False,all agree,<0.10
2013,2013_R3_richmond_v_western_bulldogs_2013-04-14,1,False,False,False,0.047194409499655365,0.32920997840475735,False,False,False,all agree,<0.10
2013,2013_R4_adelaide_v_western_bulldogs_2013-04-21,1,True,True,True,0.062034705364152065,0.3429037722042945,True,True,True,all agree,<0.10
2013,2013_R4_gold_coast_v_port_adelaide_2013-04-20,2,False,False,False,0.09155917253423809,0.2816630537366329,False,False,False,2 vs 1,<0.10
2013,2013_R4_hawthorn_v_fremantle_2013-04-20,1,True,True,True,0.06901295131761398,0.45351333430616636,True,True,True,all agree,<0.10
2013,2013_R4_melbourne_v_greater_western_sydney_2013-04-21,1,True,True,True,0.12684663922244024,0.26590459572985115,True,True,True,all agree,0.10-0.20
2013,2013_R4_north_melbourne_v_brisbane_lions_2013-04-21,2,False,False,False,0.057982537242571824,0.24751995184168918,False,False,False,2 vs 1,<0.10
2013,2013_R4_richmond_v_collingwood_2013-04-20,1,True,True,True,0.21740383148808173,0.6488616185262926,True,True,True,all agree,0.20-0.35
2013,2013_R4_st_kilda_v_essendon_2013-04-20,1,True,True,True,0.15831115520062622,0.7112755284435895,True,True,True,all agree,0.10-0.20
2013,2013_R4_sydney_v_geelong_2013-04-19,1,True,True,True,0.24579488772469305,0.6770236616261194,True,True,True,all agree,0.20-0.35
2013,2013_R4_west_coast_v_carlton_2013-04-20,1,True,True,True,0.05960399775398767,0.4521476600071357,True,True,True,all agree,<0.10
2013,2013_R5_brisbane_lions_v_melbourne_2013-04-28,1,False,False,False,0.06828701258000897,0.39600434330223305,False,False,False,all agree,<0.10
2013,2013_R5_carlton_v_adelaide_2013-04-27,2,True,True,False,0.06305951497944823,0.2016744879883213,False,True,True,2 vs 1,<0.10
2013,2013_R5_essendon_v_collingwood_2013-04-25,1,True,True,True,0.1211488557033713,0.6989975200300597,True,True,True,all agree,0.10-0.20
2013,2013_R5_fremantle_v_richmond_2013-04-26,1,False,False,False,0.09010124960930416,0.30965441801450927,False,False,False,all agree,<0.10
2013,2013_R5_greater_western_sydney_v_gold_coast_2013-04-27,1,False,False,False,0.05753856909111055,0.4551105429388998,False,False,False,all agree,<0.10
2013,2013_R5_hawthorn_v_north_melbourne_2013-04-28,3,True,True,False,0.07732583020900924,0.2905629765157234,True,False,False,all differ,<0.10
2013,2013_R5_port_adelaide_v_west_coast_2013-04-27,1,False,False,False,0.06426901397785076,0.23560581560279062,False,False,False,all agree,<0.10
2013,2013_R5_st_kilda_v_sydney_2013-04-25,2,False,False,False,0.08040097566930829,0.2125317774667664,False,False,False,2 vs 1,<0.10
2013,2013_R5_western_bulldogs_v_geelong_2013-04-27,2,True,True,False,0.20047479402716095,0.46115345239044764,True,False,True,2 vs 1,0.20-0.35
2013,2013_R6_adelaide_v_hawthorn_2013-05-04,1,True,True,True,0.22400650504757125,0.6098931529411641,True,True,True,all agree,0.20-0.35
2013,2013_R6_carlton_v_melbourne_2013-05-05,1,True,True,True,0.10121735585706204,0.4365636280374441,True,True,True,all agree,0.10-0.20
2013,2013_R6_collingwood_v_st_kilda_2013-05-03,1,True,True,True,0.13723971730461254,0.36879101418446814,True,True,True,all agree,0.10-0.20
2013,2013_R6_essendon_v_greater_western_sydney_2013-05-04,1,True,True,True,0.33455618491678124,0.35944441496344565,True,True,True,all agree,0.20-0.35
2013,2013_R6_gold_coast_v_fremantle_2013-05-04,3,True,True,False,0.14310918906499379,0.17016408800177396,False,False,True,all differ,0.10-0.20
2013,2013_R6_north_melbourne_v_port_adelaide_2013-05-04,2,False,True,False,0.049678588529035866,0.2325786825451582,False,True,False,2 vs 1,<0.10
2013,2013_R6_richmond_v_geelong_2013-05-04,2,True,True,False,0.25356314716650913,0.33144098215492407,False,True,False,2 vs 1,0.20-0.35
2013,2013_R6_sydney_v_brisbane_lions_2013-05-05,2,False,True,False,0.15087140699898927,0.3404189569647464,False,False,True,2 vs 1,0.10-0.20
2013,2013_R6_west_coast_v_western_bulldogs_2013-05-05,2,False,True,False,0.36495292025646475,0.3460529287351654,True,False,True,2 vs 1,>0.35
2013,2013_R7_brisbane_lions_v_west_coast_2013-05-11,1,False,False,False,0.1477098769532631,0.611339706674936,False,False,False,all agree,0.10-0.20
2013,2013_R7_fremantle_v_collingwood_2013-05-11,1,True,True,True,0.08400161983969676,0.27141381308740803,True,True,True,all agree,<0.10
2013,2013_R7_geelong_v_essendon_2013-05-10,1,True,True,True,0.1111509549408527,0.6817832450384621,True,True,True,all agree,0.10-0.20
2013,2013_R7_greater_western_sydney_v_adelaide_2013-05-12,2,False,True,False,0.5888809624936308,0.6826980444103219,False,True,False,2 vs 1,>0.35
2013,2013_R7_hawthorn_v_sydney_2013-05-11,1,False,False,False,0.18747739499375193,0.453931366711015,False,False,False,all agree,0.10-0.20
2013,2013_R7_melbourne_v_gold_coast_2013-05-12,1,True,True,True,0.23141387264069258,0.6501857623763917,True,True,True,all agree,0.20-0.35
2013,2013_R7_port_adelaide_v_richmond_2013-05-11,1,False,False,False,0.08745478185229383,0.45835088235209537,False,False,False,all agree,<0.10
2013,2013_R7_st_kilda_v_carlton_2013-05-13,1,False,False,False,0.08661656266861795,0.7489960873326353,False,False,False,all agree,<0.10
2013,2013_R7_western_bulldogs_v_north_melbourne_2013-05-11,2,True,True,False,0.5638341964461938,0.4476379222581282,True,False,True,2 vs 1,>0.35
2013,2013_R8_adelaide_v_st_kilda_2013-05-19,1,False,False,False,0.09838099489840862,0.22200792529182597,False,False,False,all agree,<0.10
2013,2013_R8_carlton_v_port_adelaide_2013-05-19,1,True,True,True,0.10385954560765875,0.32508204474789076,True,True,True,all agree,0.10-0.20
2013,2013_R8_collingwood_v_geelong_2013-05-18,1,False,False,False,0.2733925446683929,0.44595672586271723,False,False,False,all agree,0.20-0.35
2013,2013_R8_essendon_v_brisbane_lions_2013-05-18,2,False,False,False,0.2373472649362895,0.22020832644263666,False,False,False,2 vs 1,0.20-0.35
2013,2013_R8_gold_coast_v_western_bulldogs_2013-05-18,1,True,True,True,0.23777595365288212,0.4788415293488321,True,True,True,all agree,0.20-0.35
2013,2013_R8_hawthorn_v_greater_western_sydney_2013-05-18,1,True,True,True,0.1828359252494266,0.526780167833344,True,True,True,all agree,0.10-0.20
2013,2013_R8_richmond_v_melbourne_2013-05-19,1,True,True,True,0.1011839855999993,0.6574233468556776,True,True,True,all agree,0.10-0.20
2013,2013_R8_sydney_v_fremantle_2013-05-18,1,True,True,True,0.10058516787584318,0.2855084024668717,True,True,True,all agree,0.10-0.20
2013,2013_R8_west_coast_v_north_melbourne_2013-05-17,3,False,False,False,0.22454266415568605,0.14977287096463934,False,False,False,all differ,0.20-0.35
2013,2013_R9_brisbane_lions_v_carlton_2013-05-25,2,False,True,False,0.3046586934423645,0.30087886324392193,False,False,True,2 vs 1,0.20-0.35
2013,2013_R9_collingwood_v_sydney_2013-05-24,1,True,True,True,0.21566658586132492,0.6330016736215397,True,True,True,all agree,0.20-0.35
2013,2013_R9_fremantle_v_melbourne_2013-05-26,2,False,True,False,0.2193492755127499,0.3826243937236244,False,True,False,2 vs 1,0.20-0.35
2013,2013_R9_greater_western_sydney_v_west_coast_2013-05-25,1,False,False,False,0.08548728921938803,0.19654263510588846,False,False,False,all agree,<0.10
2013,2013_R9_hawthorn_v_gold_coast_2013-05-26,1,True,True,True,0.23277117140327247,0.5021458061718508,True,True,True,all agree,0.20-0.35
2013,2013_R9_north_melbourne_v_adelaide_2013-05-26,2,False,False,False,0.5441707922149163,0.431029346215962,False,False,False,2 vs 1,>0.35
2013,2013_R9_port_adelaide_v_geelong_2013-05-25,1,True,True,True,0.15482606961602086,0.5443083547030946,True,True,True,all agree,0.10-0.20
2013,2013_R9_richmond_v_essendon_2013-05-25,2,False,True,False,0.09550039801132187,0.39341962921533563,True,False,False,2 vs 1,<0.10
2013,2013_R9_st_kilda_v_western_bulldogs_2013-05-25,1,True,True,True,0.05905763342413867,0.4670827017507486,True,True,True,all agree,<0.10
2014,2014_R10_carlton_v_adelaide_2014-05-25,1,True,True,True,0.1028270859203172,0.5848468132479024,True,True,True,all agree,0.10-0.20
2014,2014_R10_collingwood_v_west_coast_2014-05-24,1,True,True,True,0.09593493746186488,0.3900808293344587,True,True,True,all agree,<0.10
2014,2014_R10_geelong_v_north_melbourne_2014-05-23,1,True,True,True,0.07446483652696495,0.4082220963466811,True,True,True,all agree,<0.10
2014,2014_R10_gold_coast_v_western_bulldogs_2014-05-25,1,True,True,True,0.20928412319758294,0.7427122402000578,True,True,True,all agree,0.20-0.35
2014,2014_R10_greater_western_sydney_v_richmond_2014-05-24,1,True,True,True,0.2550438744469822,0.8865618710435639,True,True,True,all agree,0.20-0.35
2014,2014_R10_port_adelaide_v_hawthorn_2014-05-24,1,True,True,True,0.27754038584560287,0.5964735470265224,True,True,True,all agree,0.20-0.35
2014,2014_R11_adelaide_v_gold_coast_2014-06-01,2,True,True,False,0.14186152973779703,0.41133957009375727,True,False,True,2 vs 1,0.10-0.20
2014,2014_R11_brisbane_lions_v_carlton_2014-05-31,1,True,True,True,0.08731241922224436,0.45497870408063906,True,True,True,all agree,<0.10
2014,2014_R11_essendon_v_richmond_2014-05-31,1,False,False,False,0.21603730247581476,0.5053371325770476,False,False,False,all agree,0.20-0.35
2014,2014_R11_hawthorn_v_greater_western_sydney_2014-06-01,2,False,False,False,0.08148869319025076,0.24399312955473498,False,False,False,2 vs 1,<0.10
2014,2014_R11_melbourne_v_port_adelaide_2014-05-31,1,False,False,False,0.053741591397439115,0.27060166981120976,False,False,False,all agree,<0.10
2014,2014_R11_st_kilda_v_collingwood_2014-05-30,2,False,True,False,0.16591037452121887,0.3292594727259239,False,True,False,2 vs 1,0.10-0.20
2014,2014_R11_sydney_v_geelong_2014-05-29,2,True,True,False,0.08866947807375197,0.21450029047203975,False,True,True,2 vs 1,<0.10
2014,2014_R11_west_coast_v_north_melbourne_2014-06-01,1,True,True,True,0.06247966338394195,0.3410621819985844,True,True,True,all agree,<0.10
2014,2014_R11_western_bulldogs_v_fremantle_2014-06-01,1,True,True,True,0.058018106330948616,0.7387149553033305,True,True,True,all agree,<0.10
2014,2014_R12_fremantle_v_adelaide_2014-06-08,2,False,False,False,0.1682770862569409,0.27834944049888916,False,False,False,2 vs 1,0.10-0.20
2014,2014_R12_geelong_v_carlton_2014-06-06,1,True,True,True,0.07953550775099705,0.8058475603520051,True,True,True,all agree,<0.10
2014,2014_R12_gold_coast_v_sydney_2014-06-08,1,False,False,False,0.2469672616291303,0.4312512308138858,False,False,False,all agree,0.20-0.35
2014,2014_R12_greater_western_sydney_v_essendon_2014-06-07,1,True,True,True,0.1739733431494147,0.4463949082996777,True,True,True,all agree,0.10-0.20
2014,2014_R12_hawthorn_v_west_coast_2014-06-07,1,True,True,True,0.08019311849780797,0.9506932738194092,True,True,True,all agree,<0.10
2014,2014_R12_melbourne_v_collingwood_2014-06-09,1,False,False,False,0.164140672435729,0.32324017950144923,False,False,False,all agree,0.10-0.20
2014,2014_R12_north_melbourne_v_richmond_2014-06-08,2,False,False,False,0.12477116169514485,0.24076451991441639,False,False,False,2 vs 1,0.10-0.20
2014,2014_R12_port_adelaide_v_st_kilda_2014-06-07,1,True,True,True,0.08705386849286284,0.46711978793541603,True,True,True,all agree,<0.10
2014,2014_R12_western_bulldogs_v_brisbane_lions_2014-06-07,1,False,False,False,0.015490278291157011,0.3300953138290566,False,False,False,all agree,<0.10
2014,2014_R13_adelaide_v_north_melbourne_2014-06-14,1,False,False,False,0.27092683767562387,0.3678648792409908,False,False,False,all agree,0.20-0.35
2014,2014_R13_brisbane_lions_v_greater_western_sydney_2014-06-14,2,True,True,False,0.18179275967747074,0.31313332125981924,True,True,False,2 vs 1,0.10-0.20
2014,2014_R13_carlton_v_hawthorn_2014-06-13,1,True,True,True,0.17108501521799047,0.39680745893940667,True,True,True,all agree,0.10-0.20
2014,2014_R13_collingwood_v_western_bulldogs_2014-06-15,1,False,False,False,0.10637227856756815,0.5895081496179587,False,False,False,all agree,0.10-0.20
2014,2014_R13_essendon_v_melbourne_2014-06-15,1,False,False,False,0.20159572801041947,0.6944453011463955,False,False,False,all agree,0.20-0.35
2014,2014_R13_geelong_v_st_kilda_2014-06-15,1,True,True,True,0.07921563545504884,0.4759790010805798,True,True,True,all agree,<0.10
2014,2014_R13_richmond_v_fremantle_2014-06-14,1,True,True,True,0.019649864000415018,0.58996450149725,True,True,True,all agree,<0.10
2014,2014_R13_sydney_v_port_adelaide_2014-06-14,2,False,True,False,0.19071510724188084,0.38759929498243473,True,False,True,2 vs 1,0.10-0.20
2014,2014_R13_west_coast_v_gold_coast_2014-06-14,1,False,False,False,0.11277905404944727,0.3959499311076371,False,False,False,all agree,0.10-0.20
2014,2014_R14_essendon_v_adelaide_2014-06-21,2,True,True,False,0.2508806434684854,0.4526313134671687,True,False,True,2 vs 1,0.20-0.35
2014,2014_R14_fremantle_v_brisbane_lions_2014-06-21,2,False,False,False,0.07599390895111419,0.23611948721117157,False,False,False,2 vs 1,<0.10
2014,2014_R14_gold_coast_v_geelong_2014-06-21,1,True,True,True,0.13884588183265356,0.7497863914956538,True,True,True,all agree,0.10-0.20
2014,2014_R14_greater_western_sydney_v_carlton_2014-06-22,1,True,True,True,0.17640792383443082,0.39116357266154705,True,True,True,all agree,0.10-0.20
2014,2014_R14_hawthorn_v_collingwood_2014-06-21,2,False,True,False,0.2516504303933333,0.22119139635882493,False,False,True,2 vs 1,0.20-0.35
2014,2014_R14_melbourne_v_north_melbourne_2014-06-22,1,True,True,True,0.12788603743285015,0.4639275897669008,True,True,True,all agree,0.10-0.20
2014,2014_R14_port_adelaide_v_western_bulldogs_2014-06-21,1,True,True,True,0.22454099279646422,0.8708503814022425,True,True,True,all agree,0.20-0.35
2014,2014_R14_richmond_v_sydney_2014-06-20,2,True,True,False,0.047915409003695814,0.2228410648401903,False,True,True,2 vs 1,<0.10
2014,2014_R14_st_kilda_v_west_coast_2014-06-22,2,True,True,False,0.15033183993910787,0.422110078017016,False,True,True,2 vs 1,0.10-0.20
2014,2014_R15_adelaide_v_port_adelaide_2014-06-29,3,False,True,False,0.11998613027183874,0.3144746285581829,False,False,True,all differ,0.10-0.20
2014,2014_R15_brisbane_lions_v_north_melbourne_2014-06-28,1,True,True,True,0.06167178850525945,0.38585926569353807,True,True,True,all agree,<0.10
2014,2014_R15_collingwood_v_carlton_2014-06-29,1,True,True,True,0.1151044204337679,0.6609357288143646,True,True,True,all agree,0.10-0.20
2014,2014_R15_fremantle_v_west_coast_2014-06-28,1,True,True,True,0.013441148554606874,0.5898498493602936,True,True,True,all agree,<0.10
2014,2014_R15_geelong_v_essendon_2014-06-27,2,True,True,False,0.24622094403756567,0.4971465917436572,True,False,True,2 vs 1,0.20-0.35
2014,2014_R15_hawthorn_v_gold_coast_2014-06-28,2,False,True,False,0.3819291603852833,0.5032529122382442,False,True,False,2 vs 1,>0.35
2014,2014_R15_st_kilda_v_richmond_2014-06-28,1,True,True,True,0.13827663851047267,0.8766882514782771,True,True,True,all agree,0.10-0.20
2014,2014_R15_sydney_v_greater_western_sydney_2014-06-28,1,False,False,False,0.06178871899729205,0.40143972716510534,False,False,False,all agree,<0.10
2014,2014_R15_western_bulldogs_v_melbourne_2014-06-29,1,False,False,False,0.150874042524772,0.6480288477371595,False,False,False,all agree,0.10-0.20
2014,2014_R16_carlton_v_st_kilda_2014-07-06,1,False,False,False,0.2578784455345555,0.24574199340582967,False,False,False,all agree,0.20-0.35
2014,2014_R16_geelong_v_western_bulldogs_2014-07-06,3,False,False,False,0.17588594948812786,0.21956156987750844,False,False,False,all differ,0.10-0.20
2014,2014_R16_gold_coast_v_collingwood_2014-07-05,1,True,True,True,0.019932189869508676,0.4065338091475252,True,True,True,all agree,<0.10
2014,2014_R16_greater_western_sydney_v_adelaide_2014-07-05,1,False,False,False,0.15364983471165905,0.7284049079018334,False,False,False,all agree,0.10-0.20
2014,2014_R16_melbourne_v_fremantle_2014-07-05,2,False,True,False,0.10465603134131135,0.3111298099531388,True,False,False,2 vs 1,0.10-0.20
2014,2014_R16_north_melbourne_v_hawthorn_2014-07-04,1,True,True,True,0.19021185337327612,0.40457860258802664,True,True,True,all agree,0.10-0.20
2014,2014_R16_port_adelaide_v_essendon_2014-07-05,2,True,True,False,0.045711717544366315,0.32780194200785745,True,False,True,2 vs 1,<0.10
2014,2014_R16_richmond_v_brisbane_lions_2014-07-05,1,False,False,False,0.10817199764089214,0.39123447553995766,False,False,False,all agree,0.10-0.20
2014,2014_R16_west_coast_v_sydney_2014-07-06,1,True,True,True,0.14006948919439932,0.662944673277205,True,True,True,all agree,0.10-0.20
2014,2014_R17_adelaide_v_hawthorn_2014-07-11,1,True,True,True,0.18483594182431018,0.6152133380400876,True,True,True,all agree,0.10-0.20
2014,2014_R17_brisbane_lions_v_west_coast_2014-07-12,1,True,True,True,0.06840079260787535,0.8593802621360301,True,True,True,all agree,<0.10
2014,2014_R17_essendon_v_collingwood_2014-07-13,1,True,True,True,0.18373211360798203,0.7983106924282765,True,True,True,all agree,0.10-0.20
2014,2014_R17_fremantle_v_greater_western_sydney_2014-07-13,1,True,True,True,0.27451036323864536,0.577977480397334,True,True,True,all agree,0.20-0.35
2014,2014_R17_melbourne_v_geelong_2014-07-12,1,True,True,True,0.20450364787503322,0.3945674121252998,True,True,True,all agree,0.20-0.35
2014,2014_R17_north_melbourne_v_st_kilda_2014-07-12,1,True,True,True,0.036949778221224916,0.3594973114050199,True,True,True,all agree,<0.10
2014,2014_R17_richmond_v_port_adelaide_2014-07-13,1,True,True,True,0.17539788674245316,0.5247997527196873,True,True,True,all agree,0.10-0.20
2014,2014_R17_sydney_v_carlton_2014-07-12,1,True,True,True,0.20360257566241735,0.662521005535797,True,True,True,all agree,0.20-0.35
2014,2014_R17_western_bulldogs_v_gold_coast_2014-07-12,1,True,True,True,0.26648693300381443,0.7599250605089806,True,True,True,all agree,0.20-0.35
2014,2014_R18_brisbane_lions_v_gold_coast_2014-07-26,2,True,True,False,0.34902250298906623,0.4726467332304231,True,False,True,2 vs 1,0.20-0.35
2014,2014_R18_carlton_v_north_melbourne_2014-07-18,1,True,True,True,0.07020952658195517,0.36199611783313457,True,True,True,all agree,<0.10
2014,2014_R18_collingwood_v_adelaide_2014-07-27,1,True,True,True,0.2011383818904835,0.32659083872049743,True,True,True,all agree,0.20-0.35
2014,2014_R18_greater_western_sydney_v_geelong_2014-07-19,1,False,False,False,0.19615037950871256,0.5370627439170242,False,False,False,all agree,0.10-0.20
2014,2014_R18_hawthorn_v_sydney_2014-07-26,1,False,False,False,0.13244385555168775,0.5442069326067611,False,False,False,all agree,0.10-0.20
2014,2014_R18_port_adelaide_v_melbourne_2014-07-20,1,True,True,True,0.06624861486698902,0.3931815891603292,True,True,True,all agree,<0.10
2014,2014_R18_st_kilda_v_fremantle_2014-07-19,1,True,True,True,0.08840278707845162,0.6816331083298574,True,True,True,all agree,<0.10
2014,2014_R18_west_coast_v_richmond_2014-07-25,2,True,True,False,0.26605780249236244,0.3288803914600195,True,False,True,2 vs 1,0.20-0.35
2014,2014_R18_western_bulldogs_v_essendon_2014-07-20,1,True,True,True,0.09348750138244422,0.9299323684701356,True,True,True,all agree,<0.10
2014,2014_R19_adelaide_v_west_coast_2014-08-02,1,True,True,True,0.11191124380977274,0.312143610425528,True,True,True,all agree,0.10-0.20
2014,2014_R19_collingwood_v_port_adelaide_2014-08-03,1,True,True,True,0.10932592268881508,0.4744460666621451,True,True,True,all agree,0.10-0.20
2014,2014_R19_fremantle_v_carlton_2014-07-31,1,True,True,True,0.028125352597407893,0.729787585053001,True,True,True,all agree,<0.10
2014,2014_R19_gold_coast_v_st_kilda_2014-08-02,1,True,True,True,0.11208086025429664,0.6405410614805181,True,True,True,all agree,0.10-0.20
2014,2014_R19_hawthorn_v_western_bulldogs_2014-08-03,1,True,True,True,0.10060290260175364,0.40995770474914073,True,True,True,all agree,0.10-0.20
2014,2014_R19_melbourne_v_brisbane_lions_2014-08-03,1,False,False,False,0.24059901052362392,0.4424531649825875,False,False,False,all agree,0.20-0.35
2014,2014_R19_north_melbourne_v_geelong_2014-08-02,1,False,False,False,0.19991055484301912,0.4894736925771512,False,False,False,all agree,0.10-0.20
2014,2014_R19_richmond_v_greater_western_sydney_2014-08-02,1,False,False,False,0.06261214220625444,0.3679070943002775,False,False,False,all agree,<0.10
2014,2014_R19_sydney_v_essendon_2014-08-01,1,True,True,True,0.07122997563804034,0.525680191164536,True,True,True,all agree,<0.10
2014,2014_R1_carlton_v_port_adelaide_2014-03-16,2,False,True,False,0.13272426848585933,0.4246058707936891,False,False,True,2 vs 1,0.10-0.20
2014,2014_R1_collingwood_v_fremantle_2014-03-14,1,False,False,False,0.0579679299759851,0.2976439996732896,False,False,False,all agree,<0.10
2014,2014_R1_geelong_v_adelaide_2014-03-20,1,True,True,True,0.1327032874582581,0.7081955279126885,True,True,True,all agree,0.10-0.20
2014,2014_R1_gold_coast_v_richmond_2014-03-15,1,True,True,True,0.005756408998573992,0.7975469387682884,True,True,True,all agree,<0.10
2014,2014_R1_greater_western_sydney_v_sydney_2014-03-15,1,False,False,False,0.1318184409998604,0.49339592472932586,False,False,False,all agree,0.10-0.20
2014,2014_R1_hawthorn_v_brisbane_lions_2014-03-22,1,False,False,False,0.07449059550318088,0.3203466163167677,False,False,False,all agree,<0.10
2014,2014_R1_north_melbourne_v_essendon_2014-03-21,1,True,True,True,0.0351298967278596,0.5805582427928093,True,True,True,all agree,<0.10
2014,2014_R1_st_kilda_v_melbourne_2014-03-22,1,True,True,True,0.21001799232693202,0.5250466211213508,True,True,True,all agree,0.20-0.35
2014,2014_R1_west_coast_v_western_bulldogs_2014-03-23,1,True,True,True,0.22811529063911784,0.48093251916823004,True,True,True,all agree,0.20-0.35
2014,2014_R20_brisbane_lions_v_adelaide_2014-08-10,2,False,True,False,0.2272810025119427,0.3296422751839752,False,True,False,2 vs 1,0.20-0.35
2014,2014_R20_carlton_v_gold_coast_2014-08-09,1,False,False,False,0.046594029487846744,0.4595387945139222,False,False,False,all agree,<0.10
2014,2014_R20_geelong_v_fremantle_2014-08-09,2,False,True,False,0.1294579392646255,0.2858486170674556,True,False,False,2 vs 1,0.10-0.20
2014,2014_R20_greater_western_sydney_v_north_melbourne_2014-08-09,2,False,True,False,0.396763262364062,0.4184782359545051,False,True,False,2 vs 1,>0.35
2014,2014_R20_hawthorn_v_melbourne_2014-08-09,1,True,True,True,0.11911480605961455,0.6761119212673813,True,True,True,all agree,0.10-0.20
2014,2014_R20_port_adelaide_v_sydney_2014-08-09,1,False,False,False,0.16479195292478888,0.4270430034294829,False,False,False,all agree,0.10-0.20
2014,2014_R20_richmond_v_essendon_2014-08-08,1,False,False,False,0.039923633115963336,0.20514039400019454,False,False,False,all agree,<0.10
2014,2014_R20_st_kilda_v_western_bulldogs_2014-08-10,1,True,True,True,0.12228715017090586,0.3709463033778852,True,True,True,all agree,0.10-0.20
2014,2014_R20_west_coast_v_collingwood_2014-08-10,1,True,True,True,0.060902585787606545,0.7948050376554384,True,True,True,all agree,<0.10
2014,2014_R21_adelaide_v_richmond_2014-08-16,2,True,True,False,0.06568194773652825,0.3563097146163006,True,False,True,2 vs 1,<0.10
2014,2014_R21_carlton_v_geelong_2014-08-15,2,False,False,False,0.25410566317704975,0.30197709763317526,False,False,False,2 vs 1,0.20-0.35
2014,2014_R21_collingwood_v_brisbane_lions_2014-08-16,2,True,True,False,0.15444984060628714,0.39678641516808266,True,False,True,2 vs 1,0.10-0.20
2014,2014_R21_essendon_v_west_coast_2014-08-16,1,True,True,True,0.1456720685365448,0.5687152381593804,True,True,True,all agree,0.10-0.20
2014,2014_R21_fremantle_v_hawthorn_2014-08-17,1,False,False,False,0.1487955503277863,0.368543583825423,False,False,False,all agree,0.10-0.20
2014,2014_R21_gold_coast_v_port_adelaide_2014-08-16,2,False,True,False,0.3132868377494837,0.3364631422143245,True,False,True,2 vs 1,0.20-0.35
2014,2014_R21_melbourne_v_greater_western_sydney_2014-08-17,1,True,True,True,0.04827136412023875,0.4926605324401219,True,True,True,all agree,<0.10
2014,2014_R21_north_melbourne_v_western_bulldogs_2014-08-17,2,True,True,False,0.11606396136020553,0.3111497781576833,True,False,True,2 vs 1,0.10-0.20
2014,2014_R21_sydney_v_st_kilda_2014-08-16,1,True,True,True,0.0560261568425402,0.9355805217711227,True,True,True,all agree,<0.10
2014,2014_R22_brisbane_lions_v_fremantle_2014-08-24,2,False,False,False,0.18406328199615804,0.2958084816996316,False,False,False,2 vs 1,0.10-0.20
2014,2014_R22_essendon_v_gold_coast_2014-08-23,1,True,True,True,0.2938260381992967,0.4802274755295805,True,True,True,all agree,0.20-0.35
2014,2014_R22_greater_western_sydney_v_collingwood_2014-08-23,1,False,False,False,0.2321943741972498,0.5486519848262162,False,False,False,all agree,0.20-0.35
2014,2014_R22_hawthorn_v_geelong_2014-08-23,1,False,False,False,0.08435683900138147,0.2421990274873722,False,False,False,all agree,<0.10
2014,2014_R22_north_melbourne_v_adelaide_2014-08-23,1,True,True,True,0.16715137932636837,0.761368176272674,True,True,True,all agree,0.10-0.20
2014,2014_R22_port_adelaide_v_carlton_2014-08-22,1,True,True,True,0.07042145157275048,0.8525355518858255,True,True,True,all agree,<0.10
2014,2014_R22_richmond_v_st_kilda_2014-08-24,1,True,True,True,0.2013400262388528,0.3199159426524295,True,True,True,all agree,0.20-0.35
2014,2014_R22_west_coast_v_melbourne_2014-08-23,1,True,True,True,0.15704344216764748,0.5600190848386037,True,True,True,all agree,0.10-0.20
2014,2014_R22_western_bulldogs_v_sydney_2014-08-24,1,False,False,False,0.0512868382770868,0.5411380514732452,False,False,False,all agree,<0.10
2014,2014_R23_adelaide_v_st_kilda_2014-08-31,2,True,True,False,0.3579323698214895,0.5287983174439381,True,True,False,2 vs 1,>0.35
2014,2014_R23_carlton_v_essendon_2014-08-30,2,False,True,False,0.061194749573669105,0.30170369343080733,True,False,False,2 vs 1,<0.10
2014,2014_R23_collingwood_v_hawthorn_2014-08-29,1,True,True,True,0.16271099033381434,0.3435978907839347,True,True,True,all agree,0.10-0.20
2014,2014_R23_fremantle_v_port_adelaide_2014-08-30,2,True,True,False,0.2600216647589933,0.40713187810684454,False,True,True,2 vs 1,0.20-0.35
2014,2014_R23_geelong_v_brisbane_lions_2014-08-30,1,False,False,False,0.05615302983333931,0.48923002230445417,False,False,False,all agree,<0.10
2014,2014_R23_gold_coast_v_west_coast_2014-08-31,1,True,True,True,0.23759830671866972,0.529718032317852,True,True,True,all agree,0.20-0.35
2014,2014_R23_north_melbourne_v_melbourne_2014-08-30,1,False,False,False,0.10947528967531811,0.3327506338793518,False,False,False,all agree,0.10-0.20
2014,2014_R23_sydney_v_richmond_2014-08-30,1,True,True,True,0.12299579477580691,0.3227251721112123,True,True,True,all agree,0.10-0.20
2014,2014_R23_western_bulldogs_v_greater_western_sydney_2014-08-31,1,True,True,True,0.10621645306265481,0.6010683899634867,True,True,True,all agree,0.10-0.20
2014,2014_R2_brisbane_lions_v_geelong_2014-03-30,1,True,True,True,0.05623568401099577,0.6529591681825943,True,True,True,all agree,<0.10
2014,2014_R2_essendon_v_hawthorn_2014-03-28,1,True,True,True,0.20351322870945643,0.49494081620995223,True,True,True,all agree,0.20-0.35
2014,2014_R2_fremantle_v_gold_coast_2014-03-29,1,True,True,True,0.13671157343106594,0.452348074632451,True,True,True,all agree,0.10-0.20
2014,2014_R2_melbourne_v_west_coast_2014-03-30,2,False,True,False,0.10171722921679383,0.3289196569569159,False,False,True,2 vs 1,0.10-0.20
2014,2014_R2_port_adelaide_v_adelaide_2014-03-29,1,True,True,True,0.05047691425140699,0.3369010268442795,True,True,True,all agree,<0.10
2014,2014_R2_richmond_v_carlton_2014-03-27,2,True,True,False,0.1487507859799041,0.18357705180837328,False,True,False,2 vs 1,0.10-0.20
2014,2014_R2_st_kilda_v_greater_western_sydney_2014-03-29,1,False,False,False,0.06808336538864312,0.6009980936383846,False,False,False,all agree,<0.10
2014,2014_R2_sydney_v_collingwood_2014-03-29,1,True,True,True,0.08990249439825126,0.8288228095684996,True,True,True,all agree,<0.10
2014,2014_R2_western_bulldogs_v_north_melbourne_2014-03-30,1,True,True,True,0.10503622961013237,0.4499768902743051,True,True,True,all agree,0.10-0.20
2014,2014_R3_adelaide_v_sydney_2014-04-05,1,False,False,False,0.0427293116272105,0.5104913964040069,False,False,False,all agree,<0.10
2014,2014_R3_collingwood_v_geelong_2014-04-05,1,False,False,False,0.10006089208977437,0.4783742898985341,False,False,False,all agree,0.10-0.20
2014,2014_R3_essendon_v_carlton_2014-04-06,1,False,False,False,0.1299812822310083,0.40618916529276855,False,False,False,all agree,0.10-0.20
2014,2014_R3_gold_coast_v_brisbane_lions_2014-04-05,1,True,True,True,0.04073041466677574,0.9031182512544594,True,True,True,all agree,<0.10
2014,2014_R3_greater_western_sydney_v_melbourne_2014-04-06,1,False,False,False,0.023095475261262766,0.7599709849467974,False,False,False,all agree,<0.10
2014,2014_R3_hawthorn_v_fremantle_2014-04-04,3,True,True,False,0.09779616734419219,0.2853130453223795,True,False,False,all differ,<0.10
2014,2014_R3_north_melbourne_v_port_adelaide_2014-04-06,1,False,False,False,0.22592973804030125,0.44655644047404935,False,False,False,all agree,0.20-0.35
2014,2014_R3_west_coast_v_st_kilda_2014-04-05,1,True,True,True,0.3194659321863041,0.4202015180563312,True,True,True,all agree,0.20-0.35
2014,2014_R3_western_bulldogs_v_richmond_2014-04-05,2,False,True,False,0.04396700910787832,0.2890003034541975,True,False,False,2 vs 1,<0.10
2014,2014_R4_carlton_v_melbourne_2014-04-12,1,False,False,False,0.1359192188058066,0.3875834113924248,False,False,False,all agree,0.10-0.20
2014,2014_R4_fremantle_v_essendon_2014-04-13,1,False,False,False,0.14437061727472433,0.35675812493951636,False,False,False,all agree,0.10-0.20
2014,2014_R4_geelong_v_west_coast_2014-04-12,1,True,True,True,0.14361413436415776,0.4152717505497254,True,True,True,all agree,0.10-0.20
2014,2014_R4_gold_coast_v_hawthorn_2014-04-12,1,False,False,False,0.04338510340893287,0.4571033222338745,False,False,False,all agree,<0.10
2014,2014_R4_greater_western_sydney_v_western_bulldogs_2014-04-12,1,True,True,True,0.06657417942819188,0.8403641677072176,True,True,True,all agree,<0.10
2014,2014_R4_port_adelaide_v_brisbane_lions_2014-04-12,1,True,True,True,0.11986333845280522,0.46186897439841107,True,True,True,all agree,0.10-0.20
2014,2014_R4_richmond_v_collingwood_2014-04-11,1,True,True,True,0.0338673174652625,0.6945232662837176,True,True,True,all agree,<0.10
2014,2014_R4_st_kilda_v_adelaide_2014-04-13,2,False,True,False,0.07489106835201842,0.28344907593088503,False,True,False,2 vs 1,<0.10
2014,2014_R4_sydney_v_north_melbourne_2014-04-13,1,True,True,True,0.23062858330922897,0.4407607302655541,True,True,True,all agree,0.20-0.35
2014,2014_R5_adelaide_v_greater_western_sydney_2014-04-20,1,True,True,True,0.08850435041484239,0.9341972310712369,True,True,True,all agree,<0.10
2014,2014_R5_brisbane_lions_v_richmond_2014-04-17,1,True,True,True,0.3901119861470166,0.5557608791540848,True,True,True,all agree,>0.35
2014,2014_R5_collingwood_v_north_melbourne_2014-04-19,2,False,False,False,0.07664875779582636,0.21356206553041554,False,False,False,2 vs 1,<0.10
2014,2014_R5_essendon_v_st_kilda_2014-04-19,1,True,True,True,0.09347204522799513,0.38346770862804463,True,True,True,all agree,<0.10
2014,2014_R5_geelong_v_hawthorn_2014-04-21,1,False,False,False,0.13973883973835755,0.7873807151531157,False,False,False,all agree,0.10-0.20
2014,2014_R5_melbourne_v_gold_coast_2014-04-20,1,True,True,True,0.11898924192774096,0.7899666754410521,True,True,True,all agree,0.10-0.20
2014,2014_R5_sydney_v_fremantle_2014-04-19,1,True,True,True,0.22853472612794246,0.7055731041032492,True,True,True,all agree,0.20-0.35
2014,2014_R5_west_coast_v_port_adelaide_2014-04-19,1,True,True,True,0.08750993597450385,0.3118860525351601,True,True,True,all agree,<0.10
2014,2014_R5_western_bulldogs_v_carlton_2014-04-20,1,True,True,True,0.12626240545562656,0.40659577899719973,True,True,True,all agree,0.10-0.20
2014,2014_R6_carlton_v_west_coast_2014-04-26,1,True,True,True,0.12446033311098725,0.447428693932251,True,True,True,all agree,0.10-0.20
2014,2014_R6_collingwood_v_essendon_2014-04-25,1,True,True,True,0.1958976265119296,0.49047175449064334,True,True,True,all agree,0.10-0.20
2014,2014_R6_fremantle_v_north_melbourne_2014-04-25,2,False,False,False,0.16439158894233136,0.36530334596475855,False,False,False,2 vs 1,0.10-0.20
2014,2014_R6_gold_coast_v_greater_western_sydney_2014-04-26,2,True,True,False,0.2702414835393908,0.39969401915541725,True,False,True,2 vs 1,0.20-0.35
2014,2014_R6_melbourne_v_sydney_2014-04-26,1,True,True,True,0.18519788178306507,0.6332992009893825,True,True,True,all agree,0.10-0.20
2014,2014_R6_port_adelaide_v_geelong_2014-04-27,1,True,True,True,0.1107130216311798,0.566785686196452,True,True,True,all agree,0.10-0.20
2014,2014_R6_richmond_v_hawthorn_2014-04-27,2,False,True,False,0.2107025280409987,0.3986073321904143,False,False,True,2 vs 1,0.20-0.35
2014,2014_R6_st_kilda_v_brisbane_lions_2014-04-25,2,True,True,False,0.22998162349898343,0.38804207035690924,False,True,True,2 vs 1,0.20-0.35
2014,2014_R6_western_bulldogs_v_adelaide_2014-04-27,2,True,True,False,0.24787522967417877,0.32587990466957495,False,True,False,2 vs 1,0.20-0.35
2014,2014_R7_adelaide_v_melbourne_2014-05-03,2,True,True,False,0.1998875296436315,0.2111756798586204,False,True,False,2 vs 1,0.10-0.20
2014,2014_R7_brisbane_lions_v_sydney_2014-05-03,1,False,False,False,0.17814038612871058,0.3800177625043663,False,False,False,all agree,0.10-0.20
2014,2014_R7_carlton_v_collingwood_2014-05-02,1,False,False,False,0.061526827093112135,0.46259015719508617,False,False,False,all agree,<0.10
2014,2014_R7_essendon_v_western_bulldogs_2014-05-03,1,True,True,True,0.13452634999134905,0.37649909407989596,True,True,True,all agree,0.10-0.20
2014,2014_R7_geelong_v_richmond_2014-05-04,2,True,True,False,0.13311425468806484,0.3095160169225537,True,False,True,2 vs 1,0.10-0.20
2014,2014_R7_greater_western_sydney_v_port_adelaide_2014-05-03,1,True,True,True,0.13139928469739393,0.5004281971590419,True,True,True,all agree,0.10-0.20
2014,2014_R7_hawthorn_v_st_kilda_2014-05-03,2,False,False,False,0.1797481336980627,0.2663860400770323,False,False,False,2 vs 1,0.10-0.20
2014,2014_R7_north_melbourne_v_gold_coast_2014-05-04,1,False,False,False,0.14380647985321116,0.843044506079997,False,False,False,all agree,0.10-0.20
2014,2014_R7_west_coast_v_fremantle_2014-05-04,2,True,True,False,0.24931407997250238,0.3598826280683494,False,True,True,2 vs 1,0.20-0.35
2014,2014_R8_brisbane_lions_v_essendon_2014-05-10,1,False,False,False,0.14788449454184077,0.48665545241688246,False,False,False,all agree,0.10-0.20
2014,2014_R8_melbourne_v_western_bulldogs_2014-05-10,1,True,True,True,0.046076049124072815,0.5609863270852756,True,True,True,all agree,<0.10
2014,2014_R8_port_adelaide_v_fremantle_2014-05-10,1,False,False,False,0.07465973700745049,0.4240953640341911,False,False,False,all agree,<0.10
2014,2014_R8_st_kilda_v_carlton_2014-05-12,1,False,False,False,0.03718692274584223,0.4021617039968668,False,False,False,all agree,<0.10
2014,2014_R8_sydney_v_hawthorn_2014-05-09,1,True,True,True,0.2981234681587663,0.595727164625834,True,True,True,all agree,0.20-0.35
2014,2014_R8_west_coast_v_greater_western_sydney_2014-05-11,1,True,True,True,0.3387600146829657,0.8295823298764825,True,True,True,all agree,0.20-0.35
2014,2014_R9_adelaide_v_collingwood_2014-05-15,1,True,True,True,0.24790699892713464,0.6209846686356842,True,True,True,all agree,0.20-0.35
2014,2014_R9_essendon_v_sydney_2014-05-16,1,True,True,True,0.10341630948000913,0.69817440672821,True,True,True,all agree,0.10-0.20
2014,2014_R9_fremantle_v_geelong_2014-05-17,1,True,True,True,0.20297166636925446,0.37649167843031833,True,True,True,all agree,0.20-0.35
2014,2014_R9_north_melbourne_v_brisbane_lions_2014-05-17,1,True,True,True,0.11470966764100565,0.5899315652613671,True,True,True,all agree,0.10-0.20
2014,2014_R9_richmond_v_melbourne_2014-05-17,1,True,True,True,0.19453677429930882,0.5706945371299929,True,True,True,all agree,0.10-0.20
2014,2014_R9_st_kilda_v_gold_coast_2014-05-18,1,True,True,True,0.04211457822217424,0.9607133449380881,True,True,True,all agree,<0.10
2015,2015_R10_carlton_v_adelaide_2015-06-06,1,False,False,False,0.10682304406992027,0.4981216052642241,False,False,False,all agree,0.10-0.20
2015,2015_R10_essendon_v_geelong_2015-06-06,2,True,True,False,0.14342913570865684,0.3860613888741269,False,False,True,2 vs 1,0.10-0.20
2015,2015_R10_fremantle_v_richmond_2015-06-05,1,True,True,True,0.029322667588128404,0.7863874227776555,True,True,True,all agree,<0.10
2015,2015_R10_gold_coast_v_sydney_2015-06-06,1,True,True,True,0.2565848038656314,0.48361564801075,True,True,True,all agree,0.20-0.35
2015,2015_R10_greater_western_sydney_v_brisbane_lions_2015-06-07,1,True,True,True,0.20974084425523642,0.5941137362262019,True,True,True,all agree,0.20-0.35
2015,2015_R10_melbourne_v_collingwood_2015-06-08,1,True,True,True,0.08100564712593661,0.5534007657299812,True,True,True,all agree,<0.10
2015,2015_R10_north_melbourne_v_west_coast_2015-06-07,1,False,False,False,0.08849985083437578,0.4381637562201914,False,False,False,all agree,<0.10
2015,2015_R10_port_adelaide_v_western_bulldogs_2015-06-06,1,True,True,True,0.05979588898318511,0.6918186864789084,True,True,True,all agree,<0.10
2015,2015_R10_st_kilda_v_hawthorn_2015-06-07,1,True,True,True,0.0607419517972948,0.7394036243739418,True,True,True,all agree,<0.10
2015,2015_R11_collingwood_v_greater_western_sydney_2015-06-14,1,False,False,False,0.31029090414148586,0.4312786267177937,False,False,False,all agree,0.20-0.35
2015,2015_R11_gold_coast_v_fremantle_2015-06-13,1,True,True,True,0.07796284925792962,0.8898631507779058,True,True,True,all agree,<0.10
2015,2015_R11_north_melbourne_v_sydney_2015-06-13,1,True,True,True,0.14697916765734986,0.5109074409942603,True,True,True,all agree,0.10-0.20
2015,2015_R11_port_adelaide_v_geelong_2015-06-12,2,False,False,False,0.12888972835193502,0.4594715878901419,False,False,False,2 vs 1,0.10-0.20
2015,2015_R11_st_kilda_v_melbourne_2015-06-14,2,False,False,False,0.04402123145931536,0.3031559653553267,False,False,False,2 vs 1,<0.10
2015,2015_R11_west_coast_v_essendon_2015-06-13,1,True,True,True,0.11055749559304662,0.5424178264037168,True,True,True,all agree,0.10-0.20
2015,2015_R12_adelaide_v_hawthorn_2015-06-18,3,False,True,False,0.05698285071727251,0.1428007686935908,True,False,False,all differ,<0.10
2015,2015_R12_carlton_v_port_adelaide_2015-06-20,1,True,True,True,0.08649509530082289,0.48851418754382897,True,True,True,all agree,<0.10
2015,2015_R12_geelong_v_melbourne_2015-06-21,1,False,False,False,0.053662225804270824,0.8272878778948919,False,False,False,all agree,<0.10
2015,2015_R12_greater_western_sydney_v_north_melbourne_2015-06-20,1,False,False,False,0.06363100504766184,0.445556579626885,False,False,False,all agree,<0.10
2015,2015_R12_richmond_v_west_coast_2015-06-19,1,False,False,False,0.07922093697710053,0.5211793454367825,False,False,False,all agree,<0.10
2015,2015_R12_western_bulldogs_v_brisbane_lions_2015-06-20,1,True,True,True,0.22621049513341762,0.5512716725486025,True,True,True,all agree,0.20-0.35
2015,2015_R13_brisbane_lions_v_adelaide_2015-06-27,1,True,True,True,0.2845594098577998,0.5685267251903477,True,True,True,all agree,0.20-0.35
2015,2015_R13_carlton_v_gold_coast_2015-06-28,1,False,False,False,0.21489271922689573,0.4712023614203294,False,False,False,all agree,0.20-0.35
2015,2015_R13_fremantle_v_collingwood_2015-06-25,1,True,True,True,0.23713851871579944,0.5380080378134727,True,True,True,all agree,0.20-0.35
2015,2015_R13_hawthorn_v_essendon_2015-06-27,1,True,True,True,0.2014898253265769,0.41930638397366327,True,True,True,all agree,0.20-0.35
2015,2015_R13_st_kilda_v_western_bulldogs_2015-06-27,1,False,False,False,0.13566102476764091,0.3992125508543733,False,False,False,all agree,0.10-0.20
2015,2015_R13_sydney_v_richmond_2015-06-26,2,True,True,False,0.22051609660249555,0.384513740151969,False,True,True,2 vs 1,0.20-0.35
2015,2015_R14_collingwood_v_hawthorn_2015-07-03,2,True,True,False,0.20337573935545844,0.4062086639447429,True,True,False,2 vs 1,0.20-0.35
2015,2015_R14_essendon_v_st_kilda_2015-07-05,1,True,True,True,0.04244888756174414,0.8120295526010285,True,True,True,all agree,<0.10
2015,2015_R14_fremantle_v_brisbane_lions_2015-07-05,1,False,False,False,0.2652874211731493,0.43448023833771976,False,False,False,all agree,0.20-0.35
2015,2015_R14_gold_coast_v_north_melbourne_2015-07-04,2,False,True,False,0.08654972712066744,0.5068257818864587,False,True,False,2 vs 1,<0.10
2015,2015_R14_melbourne_v_west_coast_2015-07-04,1,True,True,True,0.12596550023539432,0.5267641308720327,True,True,True,all agree,0.10-0.20
2015,2015_R14_richmond_v_greater_western_sydney_2015-07-04,1,True,True,True,0.23550983346805265,0.7301259691567958,True,True,True,all agree,0.20-0.35
2015,2015_R14_sydney_v_port_adelaide_2015-07-02,1,True,True,True,0.1278815700906777,0.7049510919361746,True,True,True,all agree,0.10-0.20
2015,2015_R14_western_bulldogs_v_carlton_2015-07-04,1,False,False,False,0.10223948402285837,0.30582454896748007,False,False,False,all agree,0.10-0.20
2015,2015_R15_brisbane_lions_v_sydney_2015-07-12,1,True,True,True,0.09165504140666025,0.7783038398954801,True,True,True,all agree,<0.10
2015,2015_R15_essendon_v_melbourne_2015-07-11,2,False,False,False,0.11848739211094184,0.24702360951027943,False,False,False,2 vs 1,0.10-0.20
2015,2015_R15_greater_western_sydney_v_st_kilda_2015-07-12,2,False,False,False,0.20028398385289958,0.3507358478907916,False,False,False,2 vs 1,0.20-0.35
2015,2015_R15_hawthorn_v_fremantle_2015-07-12,2,False,True,False,0.2290212930782774,0.4328991717468272,False,True,False,2 vs 1,0.20-0.35
2015,2015_R15_north_melbourne_v_geelong_2015-07-11,2,True,True,False,0.21305703184801827,0.3233728116631524,True,True,False,2 vs 1,0.20-0.35
2015,2015_R15_port_adelaide_v_collingwood_2015-07-09,1,True,True,True,0.16515006333957138,0.4129598795665553,True,True,True,all agree,0.10-0.20
2015,2015_R15_richmond_v_carlton_2015-07-10,1,False,False,False,0.34734663956115264,0.369147572980473,False,False,False,all agree,0.20-0.35
2015,2015_R15_west_coast_v_adelaide_2015-07-11,2,False,False,False,0.20140995589720107,0.3710806030975302,False,False,False,2 vs 1,0.20-0.35
2015,2015_R15_western_bulldogs_v_gold_coast_2015-07-11,2,False,False,False,0.2147717180936233,0.2812949663912394,False,False,False,2 vs 1,0.20-0.35
2015,2015_R16_collingwood_v_west_coast_2015-07-18,2,False,False,False,0.09341768431370817,0.2074545703755315,False,False,False,2 vs 1,<0.10
2015,2015_R16_fremantle_v_carlton_2015-07-18,1,True,True,True,0.09679554654386102,0.445171184880494,True,True,True,all agree,<0.10
2015,2015_R16_geelong_v_western_bulldogs_2015-07-18,1,True,True,True,0.0885686193876496,0.7525016113077067,True,True,True,all agree,<0.10
2015,2015_R16_gold_coast_v_greater_western_sydney_2015-07-18,3,True,True,False,0.20044554425687922,0.33934312246920334,False,False,True,all differ,0.20-0.35
2015,2015_R16_melbourne_v_brisbane_lions_2015-07-19,1,False,False,False,0.14320793135326582,0.60576165188787,False,False,False,all agree,0.10-0.20
2015,2015_R16_north_melbourne_v_essendon_2015-07-17,2,True,True,False,0.5082264107599299,0.532353949143192,True,False,True,2 vs 1,>0.35
2015,2015_R16_port_adelaide_v_adelaide_2015-07-19,1,True,True,True,0.08648198034050558,0.7138282144262691,True,True,True,all agree,<0.10
2015,2015_R16_st_kilda_v_richmond_2015-07-19,1,True,True,True,0.2539129184652179,0.5831216769156472,True,True,True,all agree,0.20-0.35
2015,2015_R16_sydney_v_hawthorn_2015-07-18,2,True,True,False,0.08015701663846314,0.28817896303258833,True,False,True,2 vs 1,<0.10
2015,2015_R17_adelaide_v_gold_coast_2015-07-25,1,True,True,True,0.19148953978157068,0.649413537454686,True,True,True,all agree,0.10-0.20
2015,2015_R17_brisbane_lions_v_north_melbourne_2015-07-25,1,True,True,True,0.012516583210499366,0.26900560771367216,True,True,True,all agree,<0.10
2015,2015_R17_carlton_v_hawthorn_2015-07-24,1,True,True,True,0.14444986315280117,0.7638454515463589,True,True,True,all agree,0.10-0.20
2015,2015_R17_essendon_v_port_adelaide_2015-07-25,1,True,True,True,0.20246848843444387,0.575820196063333,True,True,True,all agree,0.20-0.35
2015,2015_R17_greater_western_sydney_v_geelong_2015-07-25,2,True,True,False,0.16501776704783033,0.375553686451696,False,True,True,2 vs 1,0.10-0.20
2015,2015_R17_melbourne_v_st_kilda_2015-07-26,1,True,True,True,0.2008536675554653,0.3988432388882594,True,True,True,all agree,0.20-0.35
2015,2015_R17_richmond_v_fremantle_2015-07-25,1,True,True,True,0.08136313571516773,0.2993758915013714,True,True,True,all agree,<0.10
2015,2015_R17_west_coast_v_sydney_2015-07-26,1,False,False,False,0.26113093869357396,0.7279165068009731,False,False,False,all agree,0.20-0.35
2015,2015_R17_western_bulldogs_v_collingwood_2015-07-26,1,True,True,True,0.20106102669459885,0.34617641598168253,True,True,True,all agree,0.20-0.35
2015,2015_R18_carlton_v_north_melbourne_2015-08-01,2,False,True,False,0.21286645206521732,0.35910242447509294,True,True,False,2 vs 1,0.20-0.35
2015,2015_R18_collingwood_v_melbourne_2015-08-01,1,True,True,True,0.05220069305351449,0.7391982300437386,True,True,True,all agree,<0.10
2015,2015_R18_essendon_v_western_bulldogs_2015-08-02,1,True,True,True,0.05010826578316341,0.8121342182428132,True,True,True,all agree,<0.10
2015,2015_R18_fremantle_v_greater_western_sydney_2015-08-02,1,False,False,False,0.33348298552711486,0.42527731413763625,False,False,False,all agree,0.20-0.35
2015,2015_R18_geelong_v_brisbane_lions_2015-08-01,1,False,False,False,0.19659453705104107,0.3477215556220103,False,False,False,all agree,0.10-0.20
2015,2015_R18_gold_coast_v_west_coast_2015-08-01,1,False,False,False,0.060391496381942744,0.3926125068310431,False,False,False,all agree,<0.10
2015,2015_R18_hawthorn_v_richmond_2015-07-31,2,False,True,False,0.1371667436689541,0.31476091511524684,True,False,True,2 vs 1,0.10-0.20
2015,2015_R18_port_adelaide_v_st_kilda_2015-08-02,1,True,True,True,0.1491005324411011,0.81492725957412,True,True,True,all agree,0.10-0.20
2015,2015_R18_sydney_v_adelaide_2015-08-01,1,True,True,True,0.21446062967671098,0.583088081456061,True,True,True,all agree,0.20-0.35
2015,2015_R19_adelaide_v_richmond_2015-08-07,1,True,True,True,0.15647776717291506,0.4434594551998699,True,True,True,all agree,0.10-0.20
2015,2015_R19_brisbane_lions_v_gold_coast_2015-08-08,1,False,False,False,0.09902201088415885,0.6042880274132943,False,False,False,all agree,<0.10
2015,2015_R19_collingwood_v_carlton_2015-08-08,1,True,True,True,0.06435508157826741,0.8589594934986738,True,True,True,all agree,<0.10
2015,2015_R19_geelong_v_sydney_2015-08-08,1,True,True,True,0.22793425014773117,0.695642409759699,True,True,True,all agree,0.20-0.35
2015,2015_R19_greater_western_sydney_v_essendon_2015-08-09,1,True,True,True,0.24103952370936288,0.6026027968600977,True,True,True,all agree,0.20-0.35
2015,2015_R19_melbourne_v_north_melbourne_2015-08-09,1,False,False,False,0.24706744995678886,0.4954499409308924,False,False,False,all agree,0.20-0.35
2015,2015_R19_st_kilda_v_fremantle_2015-08-09,1,False,False,False,0.10737659922507262,0.2977880342010663,False,False,False,all agree,0.10-0.20
2015,2015_R19_west_coast_v_hawthorn_2015-08-08,1,True,True,True,0.15660146801567343,0.6307960433696159,True,True,True,all agree,0.10-0.20
2015,2015_R19_western_bulldogs_v_port_adelaide_2015-08-08,1,False,False,False,0.022962769073430922,0.32569859375791826,False,False,False,all agree,<0.10
2015,2015_R1_adelaide_v_north_melbourne_2015-04-05,1,True,True,True,0.19821327376677267,0.6957737783398922,True,True,True,all agree,0.10-0.20
2015,2015_R1_brisbane_lions_v_collingwood_2015-04-04,2,False,False,False,0.1894984494600096,0.25704517299629276,False,False,False,2 vs 1,0.10-0.20
2015,2015_R1_carlton_v_richmond_2015-04-02,1,False,False,False,0.04864429815426441,0.2498548641998982,False,False,False,all agree,<0.10
2015,2015_R1_fremantle_v_port_adelaide_2015-04-05,2,False,False,False,0.18065926277168975,0.3498229819089161,False,False,False,2 vs 1,0.10-0.20
2015,2015_R1_hawthorn_v_geelong_2015-04-06,1,True,True,True,0.02385371740355724,0.6415350317928371,True,True,True,all agree,<0.10
2015,2015_R1_melbourne_v_gold_coast_2015-04-04,1,False,False,False,0.09663657896527841,0.273231703230759,False,False,False,all agree,<0.10
2015,2015_R1_st_kilda_v_greater_western_sydney_2015-04-05,1,True,True,True,0.272696175542856,0.5994676998777461,True,True,True,all agree,0.20-0.35
2015,2015_R1_sydney_v_essendon_2015-04-04,1,False,False,False,0.08021287579116493,0.3987766591697621,False,False,False,all agree,<0.10
2015,2015_R1_western_bulldogs_v_west_coast_2015-04-04,1,False,False,False,0.121906149820599,0.2888264314517963,False,False,False,all agree,0.10-0.20
2015,2015_R20_brisbane_lions_v_carlton_2015-08-15,1,False,False,False,0.1734218171115285,0.46194184676751776,False,False,False,all agree,0.10-0.20
2015,2015_R20_essendon_v_adelaide_2015-08-15,1,True,True,True,0.2604567235891927,0.5871594426424314,True,True,True,all agree,0.20-0.35
2015,2015_R20_fremantle_v_west_coast_2015-08-16,1,True,True,True,0.14174733361064062,0.33455293134685604,True,True,True,all agree,0.10-0.20
2015,2015_R20_geelong_v_hawthorn_2015-08-15,2,False,True,False,0.11851491669653774,0.2822810461576003,False,True,False,2 vs 1,0.10-0.20
2015,2015_R20_north_melbourne_v_st_kilda_2015-08-15,1,True,True,True,0.03081178520618061,0.4067010962182736,True,True,True,all agree,<0.10
2015,2015_R20_port_adelaide_v_greater_western_sydney_2015-08-15,1,True,True,True,0.12138948435169514,0.23882426049961372,True,True,True,all agree,0.10-0.20
2015,2015_R20_richmond_v_gold_coast_2015-08-16,1,True,True,True,0.2111536804229086,0.6190889665318938,True,True,True,all agree,0.20-0.35
2015,2015_R20_sydney_v_collingwood_2015-08-14,1,True,True,True,0.18508985009742873,0.4150038198630092,True,True,True,all agree,0.10-0.20
2015,2015_R20_western_bulldogs_v_melbourne_2015-08-16,1,True,True,True,0.06524148436594956,0.6351612965472518,True,True,True,all agree,<0.10
2015,2015_R21_adelaide_v_brisbane_lions_2015-08-22,1,True,True,True,0.3675341063079703,0.5320651653956845,True,True,True,all agree,>0.35
2015,2015_R21_carlton_v_melbourne_2015-08-23,1,False,False,False,0.18586992747306852,0.4258677814602762,False,False,False,all agree,0.10-0.20
2015,2015_R21_collingwood_v_richmond_2015-08-22,1,True,True,True,0.1771156407811223,0.6871240282357736,True,True,True,all agree,0.10-0.20
2015,2015_R21_gold_coast_v_essendon_2015-08-22,1,False,False,False,0.06494909124099957,0.6017995164534993,False,False,False,all agree,<0.10
2015,2015_R21_greater_western_sydney_v_sydney_2015-08-22,2,False,True,False,0.46888016517487896,0.581771692538504,False,True,False,2 vs 1,>0.35
2015,2015_R21_hawthorn_v_port_adelaide_2015-08-21,1,True,True,True,0.12122194746562326,0.40393280839544593,True,True,True,all agree,0.10-0.20
2015,2015_R21_north_melbourne_v_fremantle_2015-08-23,2,False,True,False,0.21690863851923947,0.16483046558633585,True,False,True,2 vs 1,0.20-0.35
2015,2015_R21_st_kilda_v_geelong_2015-08-22,1,True,True,True,0.20386571868530717,0.4280525507670873,True,True,True,all agree,0.20-0.35
2015,2015_R21_west_coast_v_western_bulldogs_2015-08-23,1,True,True,True,0.14244654707589655,0.5712255786770166,True,True,True,all agree,0.10-0.20
2015,2015_R22_adelaide_v_west_coast_2015-08-30,1,False,False,False,0.0808334975018628,0.32783835959965485,False,False,False,all agree,<0.10
2015,2015_R22_essendon_v_richmond_2015-08-29,2,False,True,False,0.051127070281226594,0.21838869737068276,False,True,False,2 vs 1,<0.10
2015,2015_R22_fremantle_v_melbourne_2015-08-30,2,False,True,False,0.10540581797264542,0.37182302575925147,False,True,False,2 vs 1,0.10-0.20
2015,2015_R22_geelong_v_collingwood_2015-08-28,1,True,True,True,0.25285191613118485,0.6370692922752923,True,True,True,all agree,0.20-0.35
2015,2015_R22_gold_coast_v_port_adelaide_2015-08-29,1,False,False,False,0.14818737653837932,0.7516123048719264,False,False,False,all agree,0.10-0.20
2015,2015_R22_greater_western_sydney_v_carlton_2015-08-29,1,True,True,True,0.11997663300797745,0.7070733684637206,True,True,True,all agree,0.10-0.20
2015,2015_R22_hawthorn_v_brisbane_lions_2015-08-29,2,False,True,False,0.17251155965972145,0.23938073635576537,False,True,False,2 vs 1,0.10-0.20
2015,2015_R22_north_melbourne_v_western_bulldogs_2015-08-29,2,False,False,False,0.13603766208194082,0.23224744799747932,False,False,False,2 vs 1,0.10-0.20
2015,2015_R22_st_kilda_v_sydney_2015-08-30,2,False,True,False,0.23341625459317056,0.3797063762959298,True,False,False,2 vs 1,0.20-0.35
2015,2015_R23_brisbane_lions_v_western_bulldogs_2015-09-05,2,False,False,False,0.3394600847453102,0.4319005872506736,False,False,False,2 vs 1,0.20-0.35
2015,2015_R23_collingwood_v_essendon_2015-09-06,3,True,True,False,0.06318861569637446,0.318873669700236,True,False,False,all differ,<0.10
2015,2015_R23_geelong_v_adelaide_2015-09-05,1,False,False,False,0.3629017388532292,0.4781387713766782,False,False,False,all agree,>0.35
2015,2015_R23_hawthorn_v_carlton_2015-09-05,1,True,True,True,0.2955421632134959,0.48004604573094073,True,True,True,all agree,0.20-0.35
2015,2015_R23_melbourne_v_greater_western_sydney_2015-09-06,1,True,True,True,0.10469789832721005,0.5069484482594188,True,True,True,all agree,0.10-0.20
2015,2015_R23_port_adelaide_v_fremantle_2015-09-05,1,False,False,False,0.10222733601011708,0.5420135205313286,False,False,False,all agree,0.10-0.20
2015,2015_R23_richmond_v_north_melbourne_2015-09-04,1,False,False,False,0.13382866755233025,0.5078691616069746,False,False,False,all agree,0.10-0.20
2015,2015_R23_sydney_v_gold_coast_2015-09-05,1,False,False,False,0.12226292845884368,0.4987637223761568,False,False,False,all agree,0.10-0.20
2015,2015_R23_west_coast_v_st_kilda_2015-09-05,2,False,False,False,0.19429182373347753,0.37621341826397275,False,False,False,2 vs 1,0.10-0.20
2015,2015_R2_collingwood_v_adelaide_2015-04-11,1,False,False,False,0.19383619660411622,0.4687626263933411,False,False,False,all agree,0.10-0.20
2015,2015_R2_essendon_v_hawthorn_2015-04-12,1,False,False,False,0.1989900190222687,0.37595684296370685,False,False,False,all agree,0.10-0.20
2015,2015_R2_geelong_v_fremantle_2015-04-12,1,True,True,True,0.10116952970277404,0.7818932525927543,True,True,True,all agree,0.10-0.20
2015,2015_R2_gold_coast_v_st_kilda_2015-04-11,1,False,False,False,0.22962328088800937,0.5736590918739539,False,False,False,all agree,0.20-0.35
2015,2015_R2_greater_western_sydney_v_melbourne_2015-04-11,1,False,False,False,0.1959558448323327,0.46562935678605283,False,False,False,all agree,0.10-0.20
2015,2015_R2_north_melbourne_v_brisbane_lions_2015-04-12,1,True,True,True,0.12121961861682717,0.8314043695367106,True,True,True,all agree,0.10-0.20
2015,2015_R2_port_adelaide_v_sydney_2015-04-11,1,True,True,True,0.23957176377223488,0.6213605980511818,True,True,True,all agree,0.20-0.35
2015,2015_R2_richmond_v_western_bulldogs_2015-04-11,1,True,True,True,0.13431139795035346,0.2696024515150551,True,True,True,all agree,0.10-0.20
2015,2015_R2_west_coast_v_carlton_2015-04-10,1,True,True,True,0.27506164592728144,0.8719750149465187,True,True,True,all agree,0.20-0.35
2015,2015_R3_adelaide_v_melbourne_2015-04-18,2,False,True,False,0.09505205415086682,0.4147998870274991,False,False,True,2 vs 1,<0.10
2015,2015_R3_brisbane_lions_v_richmond_2015-04-18,1,True,True,True,0.16180509336213933,0.7779445843064016,True,True,True,all agree,0.10-0.20
2015,2015_R3_carlton_v_essendon_2015-04-18,1,True,True,True,0.16309647960308482,0.8190871013533899,True,True,True,all agree,0.10-0.20
2015,2015_R3_collingwood_v_st_kilda_2015-04-17,1,True,True,True,0.01485372510520333,0.8566372820918882,True,True,True,all agree,<0.10
2015,2015_R3_geelong_v_gold_coast_2015-04-19,1,True,True,True,0.043246660783713975,0.9200293717679653,True,True,True,all agree,<0.10
2015,2015_R3_hawthorn_v_western_bulldogs_2015-04-19,1,False,False,False,0.22461932960735365,0.6294695845327607,False,False,False,all agree,0.20-0.35
2015,2015_R3_north_melbourne_v_port_adelaide_2015-04-18,2,False,False,False,0.07432123555957335,0.18162663934193238,False,False,False,2 vs 1,<0.10
2015,2015_R3_sydney_v_greater_western_sydney_2015-04-18,1,False,False,False,0.12939971833568853,0.5440408694557701,False,False,False,all agree,0.10-0.20
2015,2015_R3_west_coast_v_fremantle_2015-04-19,1,True,True,True,0.015921446272460393,0.8620630017189445,True,True,True,all agree,<0.10
2015,2015_R4_brisbane_lions_v_west_coast_2015-04-26,2,False,True,False,0.3040620246683228,0.34019621876718714,False,False,True,2 vs 1,0.20-0.35
2015,2015_R4_essendon_v_collingwood_2015-04-25,2,True,True,False,0.34613121946115233,0.40040293316896286,True,False,True,2 vs 1,0.20-0.35
2015,2015_R4_fremantle_v_sydney_2015-04-25,1,True,True,True,0.14410203535228028,0.6160889063604708,True,True,True,all agree,0.10-0.20
2015,2015_R4_geelong_v_north_melbourne_2015-04-26,2,False,True,False,0.11366975555858416,0.3398095396553962,True,False,True,2 vs 1,0.10-0.20
2015,2015_R4_greater_western_sydney_v_gold_coast_2015-04-25,1,True,True,True,0.1678338480278454,0.7673903337419906,True,True,True,all agree,0.10-0.20
2015,2015_R4_port_adelaide_v_hawthorn_2015-04-25,1,True,True,True,0.17109854054540286,0.5430235071974718,True,True,True,all agree,0.10-0.20
2015,2015_R4_richmond_v_melbourne_2015-04-24,1,True,True,True,0.24861696879197365,0.38933100136690424,True,True,True,all agree,0.20-0.35
2015,2015_R4_st_kilda_v_carlton_2015-04-25,2,True,True,False,0.18587306459893937,0.4593797021225867,True,True,False,2 vs 1,0.10-0.20
2015,2015_R4_western_bulldogs_v_adelaide_2015-04-26,2,False,False,False,0.27884512103745096,0.33076427710965595,False,False,False,2 vs 1,0.20-0.35
2015,2015_R5_adelaide_v_port_adelaide_2015-05-03,2,False,False,False,0.1806228930217923,0.3037962047812088,False,False,False,2 vs 1,0.10-0.20
2015,2015_R5_carlton_v_collingwood_2015-05-01,1,True,True,True,0.21868293901457125,0.7065724640881085,True,True,True,all agree,0.20-0.35
2015,2015_R5_gold_coast_v_brisbane_lions_2015-05-02,1,True,True,True,0.2113842712065499,0.6187354197921079,True,True,True,all agree,0.20-0.35
2015,2015_R5_melbourne_v_fremantle_2015-05-03,1,True,True,True,0.1393252292568532,0.4935772372880474,True,True,True,all agree,0.10-0.20
2015,2015_R5_north_melbourne_v_hawthorn_2015-05-02,2,True,True,False,0.14489006744879185,0.3210242886908182,True,False,False,2 vs 1,0.10-0.20
2015,2015_R5_richmond_v_geelong_2015-05-02,1,True,True,True,0.21446188040828607,0.35295570555757605,True,True,True,all agree,0.20-0.35
2015,2015_R5_st_kilda_v_essendon_2015-05-03,1,False,False,False,0.05965331278614844,0.37539918530815347,False,False,False,all agree,<0.10
2015,2015_R5_sydney_v_western_bulldogs_2015-05-02,1,True,True,True,0.22020108076129058,0.5411124834684662,True,True,True,all agree,0.20-0.35
2015,2015_R5_west_coast_v_greater_western_sydney_2015-05-02,1,True,True,True,0.07074572001009108,0.274671549795853,True,True,True,all agree,<0.10
2015,2015_R6_carlton_v_brisbane_lions_2015-05-10,1,False,False,False,0.1639306952571944,0.362119175764255,False,False,False,all agree,0.10-0.20
2015,2015_R6_collingwood_v_geelong_2015-05-08,1,True,True,True,0.08980605244072948,0.624271978560374,True,True,True,all agree,<0.10
2015,2015_R6_fremantle_v_essendon_2015-05-09,1,True,True,True,0.21818194889817688,0.4978367940521273,True,True,True,all agree,0.20-0.35
2015,2015_R6_gold_coast_v_adelaide_2015-05-09,1,False,False,False,0.07708558135372778,0.3398668206820868,False,False,False,all agree,<0.10
2015,2015_R6_greater_western_sydney_v_hawthorn_2015-05-09,1,False,False,False,0.23560503128735516,0.46403607947050185,False,False,False,all agree,0.20-0.35
2015,2015_R6_melbourne_v_sydney_2015-05-09,1,False,False,False,0.3312302259355918,0.7462689041634073,False,False,False,all agree,0.20-0.35
2015,2015_R6_north_melbourne_v_richmond_2015-05-09,2,True,True,False,0.25798306416339456,0.2712576015464463,True,True,False,2 vs 1,0.20-0.35
2015,2015_R6_port_adelaide_v_west_coast_2015-05-10,1,True,True,True,0.20189520748800371,0.5589939612830003,True,True,True,all agree,0.20-0.35
2015,2015_R6_western_bulldogs_v_st_kilda_2015-05-09,1,True,True,True,0.0634370512688921,0.8519257742815398,True,True,True,all agree,<0.10
2015,2015_R7_adelaide_v_st_kilda_2015-05-16,2,False,True,False,0.288369623813866,0.4751562447807909,False,False,True,2 vs 1,0.20-0.35
2015,2015_R7_brisbane_lions_v_port_adelaide_2015-05-17,1,True,True,True,0.27916024356973745,0.5936898838713377,True,True,True,all agree,0.20-0.35
2015,2015_R7_carlton_v_greater_western_sydney_2015-05-16,1,False,False,False,0.22400413380703926,0.4780078917975165,False,False,False,all agree,0.20-0.35
2015,2015_R7_essendon_v_north_melbourne_2015-05-15,1,True,True,True,0.12108018089322048,0.591614843117823,True,True,True,all agree,0.10-0.20
2015,2015_R7_hawthorn_v_melbourne_2015-05-16,1,True,True,True,0.05466704590939497,0.7060590196530249,True,True,True,all agree,<0.10
2015,2015_R7_richmond_v_collingwood_2015-05-17,1,True,True,True,0.1833168941372843,0.5045071544874518,True,True,True,all agree,0.10-0.20
2015,2015_R7_sydney_v_geelong_2015-05-16,1,True,True,True,0.056547794751414915,0.8718192685823908,True,True,True,all agree,<0.10
2015,2015_R7_west_coast_v_gold_coast_2015-05-16,1,True,True,True,0.1965580560206539,0.5657816434662679,True,True,True,all agree,0.10-0.20
2015,2015_R7_western_bulldogs_v_fremantle_2015-05-17,1,True,True,True,0.1595385099438389,0.7048462932254468,True,True,True,all agree,0.10-0.20
2015,2015_R8_essendon_v_brisbane_lions_2015-05-24,1,True,True,True,0.06278219169088317,0.7257646551582608,True,True,True,all agree,<0.10
2015,2015_R8_fremantle_v_north_melbourne_2015-05-23,1,True,True,True,0.23778885129384275,0.5978431185628644,True,True,True,all agree,0.20-0.35
2015,2015_R8_geelong_v_carlton_2015-05-22,2,True,True,False,0.08726199217264835,0.39030904856858434,True,True,False,2 vs 1,<0.10
2015,2015_R8_gold_coast_v_collingwood_2015-05-23,1,True,True,True,0.10459614975530995,0.6273526036581032,True,True,True,all agree,0.10-0.20
2015,2015_R8_greater_western_sydney_v_adelaide_2015-05-23,1,True,True,True,0.0642732723618753,0.38448553457160356,True,True,True,all agree,<0.10
2015,2015_R8_hawthorn_v_sydney_2015-05-23,1,False,False,False,0.1371924395176341,0.4693008431593509,False,False,False,all agree,0.10-0.20
2015,2015_R8_melbourne_v_western_bulldogs_2015-05-24,1,False,False,False,0.1064110906868046,0.3122003072552942,False,False,False,all agree,0.10-0.20
2015,2015_R8_port_adelaide_v_richmond_2015-05-24,2,False,False,False,0.14181226302516034,0.2895240310753907,False,False,False,2 vs 1,0.10-0.20
2015,2015_R8_st_kilda_v_west_coast_2015-05-23,1,False,False,False,0.13967214764711222,0.454518256037749,False,False,False,all agree,0.10-0.20
2015,2015_R9_adelaide_v_fremantle_2015-05-30,2,True,True,False,0.29476692917408587,0.6196571000618069,True,False,True,2 vs 1,0.20-0.35
2015,2015_R9_brisbane_lions_v_st_kilda_2015-05-31,1,True,True,True,0.09753393617827699,0.5589908194484438,True,True,True,all agree,<0.10
2015,2015_R9_collingwood_v_north_melbourne_2015-05-31,2,True,True,False,0.2460697902915352,0.40561983954842756,True,True,False,2 vs 1,0.20-0.35
2015,2015_R9_hawthorn_v_gold_coast_2015-05-30,1,True,True,True,0.2736022008906238,0.448420274100176,True,True,True,all agree,0.20-0.35
2015,2015_R9_melbourne_v_port_adelaide_2015-05-30,1,False,False,False,0.06795860078326349,0.43334166990398354,False,False,False,all agree,<0.10
2015,2015_R9_richmond_v_essendon_2015-05-30,2,False,False,False,0.1815912508244592,0.3360401934817438,False,False,False,2 vs 1,0.10-0.20
2015,2015_R9_sydney_v_carlton_2015-05-29,1,True,True,True,0.017227645176574824,0.859456281976095,True,True,True,all agree,<0.10
2015,2015_R9_west_coast_v_geelong_2015-05-31,1,False,False,False,0.13011898548089584,0.5407988877980693,False,False,False,all agree,0.10-0.20
2015,2015_R9_western_bulldogs_v_greater_western_sydney_2015-05-30,1,True,True,True,0.2346869394412373,0.624410571185749,True,True,True,all agree,0.20-0.35
2016,2016_R10_adelaide_v_greater_western_sydney_2016-05-28,2,True,True,False,0.17020875836435156,0.26030550562459215,True,True,False,2 vs 1,0.10-0.20
2016,2016_R10_brisbane_lions_v_hawthorn_2016-05-28,1,True,True,True,0.058714301297696614,0.9341035398873503,True,True,True,all agree,<0.10
2016,2016_R10_carlton_v_geelong_2016-05-29,1,True,True,True,0.08092971359223433,0.6630076765475779,True,True,True,all agree,<0.10
2016,2016_R10_collingwood_v_western_bulldogs_2016-05-29,1,True,True,True,0.16043927528323154,0.5258909643002702,True,True,True,all agree,0.10-0.20
2016,2016_R10_essendon_v_richmond_2016-05-28,1,True,True,True,0.028015685726235584,0.5802071212635512,True,True,True,all agree,<0.10
2016,2016_R10_melbourne_v_port_adelaide_2016-05-28,1,False,False,False,0.1061614018073524,0.45794093382992074,False,False,False,all agree,0.10-0.20
2016,2016_R10_st_kilda_v_fremantle_2016-05-28,2,True,True,False,0.24891508127159184,0.46983217808227035,True,True,False,2 vs 1,0.20-0.35
2016,2016_R10_sydney_v_north_melbourne_2016-05-27,1,True,True,True,0.2397366327264402,0.7226993932499113,True,True,True,all agree,0.20-0.35
2016,2016_R10_west_coast_v_gold_coast_2016-05-29,2,False,True,False,0.2801316304878595,0.3058026698066523,True,False,True,2 vs 1,0.20-0.35
2016,2016_R11_adelaide_v_st_kilda_2016-06-05,1,True,True,True,0.23464849481987038,0.7897392290744406,True,True,True,all agree,0.20-0.35
2016,2016_R11_carlton_v_brisbane_lions_2016-06-04,1,True,True,True,0.35369224854644,0.8220780929183534,True,True,True,all agree,>0.35
2016,2016_R11_collingwood_v_port_adelaide_2016-06-05,1,False,False,False,0.045945380468997266,0.41259868543055206,False,False,False,all agree,<0.10
2016,2016_R11_fremantle_v_essendon_2016-06-04,1,True,True,True,0.26487527544938017,0.7579392185957999,True,True,True,all agree,0.20-0.35
2016,2016_R11_geelong_v_greater_western_sydney_2016-06-04,1,False,False,False,0.11762609395861695,0.5401645582048585,False,False,False,all agree,0.10-0.20
2016,2016_R11_gold_coast_v_sydney_2016-06-04,2,False,False,False,0.18189230682387572,0.25710081005945723,False,False,False,2 vs 1,0.10-0.20
2016,2016_R11_hawthorn_v_melbourne_2016-06-04,2,True,True,False,0.20654739996708998,0.3408708372671742,True,False,True,2 vs 1,0.20-0.35
2016,2016_R11_north_melbourne_v_richmond_2016-06-03,1,True,True,True,0.07942719570543322,0.3914438975839207,True,True,True,all agree,<0.10
2016,2016_R11_western_bulldogs_v_west_coast_2016-06-05,1,True,True,True,0.17748279065365052,0.4396667486420742,True,True,True,all agree,0.10-0.20
2016,2016_R12_brisbane_lions_v_fremantle_2016-06-11,1,False,False,False,0.06720151050433049,0.3033856852027878,False,False,False,all agree,<0.10
2016,2016_R12_essendon_v_hawthorn_2016-06-10,1,True,True,True,0.2041790502552674,0.5314906218519408,True,True,True,all agree,0.20-0.35
2016,2016_R12_geelong_v_north_melbourne_2016-06-11,1,True,True,True,0.07793694594911837,0.9732308536817826,True,True,True,all agree,<0.10
2016,2016_R12_greater_western_sydney_v_sydney_2016-06-12,1,False,False,False,0.05519869239651548,0.3950875487760532,False,False,False,all agree,<0.10
2016,2016_R12_melbourne_v_collingwood_2016-06-13,1,True,True,True,0.16544217224190427,0.5175680496515978,True,True,True,all agree,0.10-0.20
2016,2016_R12_port_adelaide_v_western_bulldogs_2016-06-11,1,False,False,False,0.09402023999551679,0.4528954237043767,False,False,False,all agree,<0.10
2016,2016_R12_richmond_v_gold_coast_2016-06-12,1,True,True,True,0.02976749913270016,0.9491897899179259,True,True,True,all agree,<0.10
2016,2016_R12_st_kilda_v_carlton_2016-06-12,1,True,True,True,0.1625562050352738,0.7650634170280052,True,True,True,all agree,0.10-0.20
2016,2016_R12_west_coast_v_adelaide_2016-06-11,1,True,True,True,0.18224344483158328,0.42316771101023204,True,True,True,all agree,0.10-0.20
2016,2016_R13_brisbane_lions_v_west_coast_2016-06-18,2,False,False,False,0.05515206376036083,0.21472515279718019,False,False,False,2 vs 1,<0.10
2016,2016_R13_essendon_v_greater_western_sydney_2016-06-19,2,False,False,False,0.1890366251232244,0.3306485138375646,False,False,False,2 vs 1,0.10-0.20
2016,2016_R13_fremantle_v_port_adelaide_2016-06-18,1,True,True,True,0.02942293295652476,0.9144452316100932,True,True,True,all agree,<0.10
2016,2016_R13_north_melbourne_v_hawthorn_2016-06-17,1,False,False,False,0.018460609661357985,0.5602332206967344,False,False,False,all agree,<0.10
2016,2016_R13_sydney_v_melbourne_2016-06-19,2,False,False,False,0.3478676276592313,0.3066745101891263,False,False,False,2 vs 1,0.20-0.35
2016,2016_R13_western_bulldogs_v_geelong_2016-06-18,1,True,True,True,0.06371024821015592,0.9710159542819069,True,True,True,all agree,<0.10
2016,2016_R14_adelaide_v_north_melbourne_2016-06-23,1,True,True,True,0.09192562871429011,0.6029995668147472,True,True,True,all agree,<0.10
2016,2016_R14_collingwood_v_fremantle_2016-06-24,1,True,True,True,0.1394802801920998,0.6589322874678102,True,True,True,all agree,0.10-0.20
2016,2016_R14_greater_western_sydney_v_carlton_2016-06-25,1,True,True,True,0.13911635733608663,0.49670293654906317,True,True,True,all agree,0.10-0.20
2016,2016_R14_hawthorn_v_gold_coast_2016-06-26,1,True,True,True,0.08951331165068799,0.6385862736933214,True,True,True,all agree,<0.10
2016,2016_R14_richmond_v_brisbane_lions_2016-06-25,1,True,True,True,0.21029230376026486,0.7293390104833893,True,True,True,all agree,0.20-0.35
2016,2016_R14_st_kilda_v_geelong_2016-06-25,1,True,True,True,0.04884829790757278,0.48675534068511306,True,True,True,all agree,<0.10
2016,2016_R15_carlton_v_collingwood_2016-07-02,1,True,True,True,0.03262720592611135,0.9101189210080135,True,True,True,all agree,<0.10
2016,2016_R15_gold_coast_v_st_kilda_2016-07-02,1,True,True,True,0.17381396826861706,0.4340047219421626,True,True,True,all agree,0.10-0.20
2016,2016_R15_melbourne_v_adelaide_2016-07-03,1,False,False,False,0.20944575351227024,0.37838728189457044,False,False,False,all agree,0.20-0.35
2016,2016_R15_port_adelaide_v_richmond_2016-07-01,1,True,True,True,0.23634254887024025,0.39766779279842224,True,True,True,all agree,0.20-0.35
2016,2016_R15_sydney_v_western_bulldogs_2016-07-02,1,False,False,False,0.02082311232510914,0.6589967655749063,False,False,False,all agree,<0.10
2016,2016_R15_west_coast_v_essendon_2016-06-30,1,True,True,True,0.11488733082480707,0.6328458833205132,True,True,True,all agree,0.10-0.20
2016,2016_R16_carlton_v_adelaide_2016-07-10,1,True,True,True,0.06639165649177425,0.44373396198573434,True,True,True,all agree,<0.10
2016,2016_R16_essendon_v_st_kilda_2016-07-10,1,True,True,True,0.047576326166878014,0.9475886934233344,True,True,True,all agree,<0.10
2016,2016_R16_geelong_v_sydney_2016-07-08,2,False,True,False,0.2908361380952761,0.3896208142032938,False,True,False,2 vs 1,0.20-0.35
2016,2016_R16_gold_coast_v_brisbane_lions_2016-07-09,1,True,True,True,0.2103878834347782,0.4586812836182646,True,True,True,all agree,0.20-0.35
2016,2016_R16_greater_western_sydney_v_collingwood_2016-07-09,1,False,False,False,0.1720966620472391,0.42715027380438375,False,False,False,all agree,0.10-0.20
2016,2016_R16_melbourne_v_fremantle_2016-07-09,1,True,True,True,0.06167299097238557,0.23392022319436492,True,True,True,all agree,<0.10
2016,2016_R16_port_adelaide_v_hawthorn_2016-07-07,1,False,False,False,0.06070194446200744,0.5287551014755312,False,False,False,all agree,<0.10
2016,2016_R16_west_coast_v_north_melbourne_2016-07-10,1,True,True,True,0.18403265136753005,0.472276669789002,True,True,True,all agree,0.10-0.20
2016,2016_R16_western_bulldogs_v_richmond_2016-07-09,1,False,False,False,0.1666794274805321,0.689015125339017,False,False,False,all agree,0.10-0.20
2016,2016_R17_adelaide_v_collingwood_2016-07-16,3,False,False,False,0.05333850724860048,0.1544759108146948,False,False,False,all differ,<0.10
2016,2016_R17_brisbane_lions_v_greater_western_sydney_2016-07-17,1,False,False,False,0.11578191304645447,0.6813513532680987,False,False,False,all agree,0.10-0.20
2016,2016_R17_carlton_v_west_coast_2016-07-17,2,False,False,False,0.09469655842158681,0.2633606470331177,False,False,False,2 vs 1,<0.10
2016,2016_R17_fremantle_v_geelong_2016-07-15,1,True,True,True,0.1518099404037614,0.8404633932706144,True,True,True,all agree,0.10-0.20
2016,2016_R17_north_melbourne_v_port_adelaide_2016-07-16,1,True,True,True,0.10650903050134963,0.7105494215754685,True,True,True,all agree,0.10-0.20
2016,2016_R17_richmond_v_essendon_2016-07-16,1,True,True,True,0.08754654374494919,0.9427855689964669,True,True,True,all agree,<0.10
2016,2016_R17_st_kilda_v_melbourne_2016-07-17,2,True,True,False,0.17700711197260915,0.2987786368054704,True,False,True,2 vs 1,0.10-0.20
2016,2016_R17_sydney_v_hawthorn_2016-07-14,1,False,False,False,0.3504754846622185,0.512800109370145,False,False,False,all agree,>0.35
2016,2016_R17_western_bulldogs_v_gold_coast_2016-07-16,1,False,False,False,0.10252222014228218,0.5337612275246383,False,False,False,all agree,0.10-0.20
2016,2016_R18_collingwood_v_north_melbourne_2016-07-22,1,True,True,True,0.09286135644390037,0.3866140552791683,True,True,True,all agree,<0.10
2016,2016_R18_essendon_v_brisbane_lions_2016-07-24,1,True,True,True,0.2694900503038886,0.5950293200465869,True,True,True,all agree,0.20-0.35
2016,2016_R18_geelong_v_adelaide_2016-07-23,1,False,False,False,0.10855100487737845,0.44037533814011165,False,False,False,all agree,0.10-0.20
2016,2016_R18_gold_coast_v_fremantle_2016-07-23,1,True,True,True,0.23709954448007126,0.5254371521275095,True,True,True,all agree,0.20-0.35
2016,2016_R18_hawthorn_v_richmond_2016-07-24,1,False,False,False,0.18010425569296795,0.7828036235412275,False,False,False,all agree,0.10-0.20
2016,2016_R18_port_adelaide_v_greater_western_sydney_2016-07-24,1,True,True,True,0.08556846249190553,0.2972293463623099,True,True,True,all agree,<0.10
2016,2016_R18_sydney_v_carlton_2016-07-23,1,True,True,True,0.4194879946283923,0.5251229794779328,True,True,True,all agree,>0.35
2016,2016_R18_west_coast_v_melbourne_2016-07-23,1,True,True,True,0.1262489390488992,0.2859476737970521,True,True,True,all agree,0.10-0.20
2016,2016_R18_western_bulldogs_v_st_kilda_2016-07-23,1,False,False,False,0.08746601385246566,0.8508794956957227,False,False,False,all agree,<0.10
2016,2016_R19_adelaide_v_essendon_2016-07-31,1,True,True,True,0.1159485356391402,0.6775186190820427,True,True,True,all agree,0.10-0.20
2016,2016_R19_brisbane_lions_v_port_adelaide_2016-07-30,2,False,False,False,0.18795501954946836,0.3486301525269569,False,False,False,2 vs 1,0.10-0.20
2016,2016_R19_collingwood_v_west_coast_2016-07-30,1,True,True,True,0.13123950871723344,0.5060321195994514,True,True,True,all agree,0.10-0.20
2016,2016_R19_fremantle_v_sydney_2016-07-31,1,True,True,True,0.12205363538323089,0.7751274100389093,True,True,True,all agree,0.10-0.20
2016,2016_R19_geelong_v_western_bulldogs_2016-07-29,1,True,True,True,0.09420361024976709,0.9141754980792808,True,True,True,all agree,<0.10
2016,2016_R19_greater_western_sydney_v_richmond_2016-07-30,2,True,True,False,0.07414522562898546,0.3402002993852755,True,False,True,2 vs 1,<0.10
2016,2016_R19_hawthorn_v_carlton_2016-07-30,1,False,False,False,0.13070646777203865,0.3984547080444038,False,False,False,all agree,0.10-0.20
2016,2016_R19_melbourne_v_gold_coast_2016-07-31,1,False,False,False,0.10554139375340493,0.5393766154972756,False,False,False,all agree,0.10-0.20
2016,2016_R19_north_melbourne_v_st_kilda_2016-07-30,1,False,False,False,0.13182188476608903,0.5144873331883771,False,False,False,all agree,0.10-0.20
2016,2016_R1_geelong_v_hawthorn_2016-03-28,1,True,True,True,0.0717608228289659,0.9676669333214881,True,True,True,all agree,<0.10
2016,2016_R1_gold_coast_v_essendon_2016-03-26,1,True,True,True,0.07703217595136302,0.534890734345723,True,True,True,all agree,<0.10
2016,2016_R1_melbourne_v_greater_western_sydney_2016-03-26,1,True,True,True,0.21145486383242085,0.45733564963821055,True,True,True,all agree,0.20-0.35
2016,2016_R1_north_melbourne_v_adelaide_2016-03-26,2,False,False,False,0.13514016146405342,0.21742068645581727,False,False,False,2 vs 1,0.10-0.20
2016,2016_R1_port_adelaide_v_st_kilda_2016-03-27,2,True,True,False,0.14470255402105142,0.4536086686707323,False,True,True,2 vs 1,0.10-0.20
2016,2016_R1_richmond_v_carlton_2016-03-24,1,False,False,False,0.11898701229785416,0.31910922632054844,False,False,False,all agree,0.10-0.20
2016,2016_R1_sydney_v_collingwood_2016-03-26,1,True,True,True,0.05086897683535896,0.6199792544772769,True,True,True,all agree,<0.10
2016,2016_R1_west_coast_v_brisbane_lions_2016-03-27,1,True,True,True,0.1761870355890609,0.8159502835205622,True,True,True,all agree,0.10-0.20
2016,2016_R1_western_bulldogs_v_fremantle_2016-03-27,2,False,False,False,0.21137336174243485,0.3491063621038078,False,False,False,2 vs 1,0.20-0.35
2016,2016_R20_adelaide_v_brisbane_lions_2016-08-06,1,True,True,True,0.1559354032860572,0.38415132025604076,True,True,True,all agree,0.10-0.20
2016,2016_R20_carlton_v_st_kilda_2016-08-07,1,False,False,False,0.03653171248362075,0.3177520310732958,False,False,False,all agree,<0.10
2016,2016_R20_fremantle_v_west_coast_2016-08-07,2,True,True,False,0.16465039239278273,0.48214937111938155,False,True,True,2 vs 1,0.10-0.20
2016,2016_R20_geelong_v_essendon_2016-08-07,1,False,False,False,0.15141188091915136,0.4645350052405795,False,False,False,all agree,0.10-0.20
2016,2016_R20_gold_coast_v_greater_western_sydney_2016-08-06,1,False,False,False,0.03394235125069267,0.35973313439300075,False,False,False,all agree,<0.10
2016,2016_R20_melbourne_v_hawthorn_2016-08-06,1,True,True,True,0.22023637624867554,0.5523594527892031,True,True,True,all agree,0.20-0.35
2016,2016_R20_richmond_v_collingwood_2016-08-05,1,False,False,False,0.22182378750274212,0.5479669487257045,False,False,False,all agree,0.20-0.35
2016,2016_R20_sydney_v_port_adelaide_2016-08-06,1,True,True,True,0.09717052694483452,0.5293978568469968,True,True,True,all agree,<0.10
2016,2016_R20_western_bulldogs_v_north_melbourne_2016-08-06,1,True,True,True,0.08251850222226656,0.19262549977151358,True,True,True,all agree,<0.10
2016,2016_R21_brisbane_lions_v_carlton_2016-08-13,1,True,True,True,0.10485735355975634,0.8089297478447596,True,True,True,all agree,0.10-0.20
2016,2016_R21_essendon_v_gold_coast_2016-08-14,2,False,False,False,0.1148352534757015,0.421796572416669,False,False,False,2 vs 1,0.10-0.20
2016,2016_R21_fremantle_v_adelaide_2016-08-14,1,False,False,False,0.11157678737370694,0.2831797262972117,False,False,False,all agree,0.10-0.20
2016,2016_R21_greater_western_sydney_v_west_coast_2016-08-13,1,True,True,True,0.06016738154672674,0.9594584605713804,True,True,True,all agree,<0.10
2016,2016_R21_hawthorn_v_north_melbourne_2016-08-13,1,True,True,True,0.41937311977918895,0.605381637704278,True,True,True,all agree,>0.35
2016,2016_R21_port_adelaide_v_melbourne_2016-08-13,1,True,True,True,0.11519810344691739,0.339625029506641,True,True,True,all agree,0.10-0.20
2016,2016_R21_richmond_v_geelong_2016-08-14,2,True,True,False,0.40100770501252014,0.5619053246244308,True,False,True,2 vs 1,>0.35
2016,2016_R21_st_kilda_v_sydney_2016-08-13,2,False,True,False,0.4255493123004149,0.5814445171935078,False,True,False,2 vs 1,>0.35
2016,2016_R21_western_bulldogs_v_collingwood_2016-08-12,1,False,False,False,0.18538478697584576,0.5112288485915851,False,False,False,all agree,0.10-0.20
2016,2016_R22_brisbane_lions_v_geelong_2016-08-21,3,True,True,False,0.19358096370825822,0.3502397828565294,False,True,False,all differ,0.10-0.20
2016,2016_R22_carlton_v_melbourne_2016-08-21,1,True,True,True,0.169335558327119,0.6622453604805104,True,True,True,all agree,0.10-0.20
2016,2016_R22_collingwood_v_gold_coast_2016-08-20,1,True,True,True,0.13859120734573183,0.6844349848210788,True,True,True,all agree,0.10-0.20
2016,2016_R22_essendon_v_western_bulldogs_2016-08-21,2,True,True,False,0.22122390907160594,0.35019622274406825,False,True,False,2 vs 1,0.20-0.35
2016,2016_R22_greater_western_sydney_v_fremantle_2016-08-20,2,True,True,False,0.14690314529568865,0.42629195377945983,False,True,True,2 vs 1,0.10-0.20
2016,2016_R22_north_melbourne_v_sydney_2016-08-20,2,True,True,False,0.3299952096067447,0.3293437793850001,True,True,False,2 vs 1,0.20-0.35
2016,2016_R22_port_adelaide_v_adelaide_2016-08-20,2,False,True,False,0.16339368841679142,0.3434125213733123,False,True,False,2 vs 1,0.10-0.20
2016,2016_R22_richmond_v_st_kilda_2016-08-20,1,True,True,True,0.1356377346195352,0.6336167126245013,True,True,True,all agree,0.10-0.20
2016,2016_R22_west_coast_v_hawthorn_2016-08-19,1,True,True,True,0.2882323104339688,0.6399598312598116,True,True,True,all agree,0.20-0.35
2016,2016_R23_adelaide_v_west_coast_2016-08-26,1,True,True,True,0.16976329229136167,0.5705892991715029,True,True,True,all agree,0.10-0.20
2016,2016_R23_essendon_v_carlton_2016-08-27,1,False,False,False,0.02326977312838696,0.6142805188475963,False,False,False,all agree,<0.10
2016,2016_R23_fremantle_v_western_bulldogs_2016-08-28,1,True,True,True,0.1094402368461368,0.4922504113920738,True,True,True,all agree,0.10-0.20
2016,2016_R23_geelong_v_melbourne_2016-08-27,2,True,True,False,0.5862405907631424,0.6345937985100388,True,False,True,2 vs 1,>0.35
2016,2016_R23_gold_coast_v_port_adelaide_2016-08-27,1,True,True,True,0.07638358472121143,0.8949295674935017,True,True,True,all agree,<0.10
2016,2016_R23_hawthorn_v_collingwood_2016-08-28,1,True,True,True,0.031476473222789236,0.8341077256588237,True,True,True,all agree,<0.10
2016,2016_R23_north_melbourne_v_greater_western_sydney_2016-08-27,1,True,True,True,0.21543773004472094,0.5340459622868775,True,True,True,all agree,0.20-0.35
2016,2016_R23_st_kilda_v_brisbane_lions_2016-08-28,1,True,True,True,0.060461930042977396,0.9756612224087992,True,True,True,all agree,<0.10
2016,2016_R23_sydney_v_richmond_2016-08-27,1,False,False,False,0.0822961153479278,0.4620201657154506,False,False,False,all agree,<0.10
2016,2016_R2_adelaide_v_port_adelaide_2016-04-02,1,True,True,True,0.053340504427330515,0.5481858230887567,True,True,True,all agree,<0.10
2016,2016_R2_brisbane_lions_v_north_melbourne_2016-04-02,1,True,True,True,0.10360361986639144,0.850230414591393,True,True,True,all agree,0.10-0.20
2016,2016_R2_carlton_v_sydney_2016-04-03,1,False,False,False,0.061815483671213645,0.44809801229995966,False,False,False,all agree,<0.10
2016,2016_R2_collingwood_v_richmond_2016-04-01,1,True,True,True,0.23923481369484734,0.5002532731085491,True,True,True,all agree,0.20-0.35
2016,2016_R2_essendon_v_melbourne_2016-04-02,2,True,True,False,0.23686008830336447,0.3860352190992109,False,True,False,2 vs 1,0.20-0.35
2016,2016_R2_fremantle_v_gold_coast_2016-04-02,1,False,False,False,0.079696251160714,0.5626892692806112,False,False,False,all agree,<0.10
2016,2016_R2_greater_western_sydney_v_geelong_2016-04-03,2,False,True,False,0.22769156229565646,0.3814118266348041,False,True,False,2 vs 1,0.20-0.35
2016,2016_R2_hawthorn_v_west_coast_2016-04-03,1,True,True,True,0.2971395226860848,0.7985478145376482,True,True,True,all agree,0.20-0.35
2016,2016_R2_st_kilda_v_western_bulldogs_2016-04-02,1,False,False,False,0.07055584727176173,0.4579221712398545,False,False,False,all agree,<0.10
2016,2016_R3_geelong_v_brisbane_lions_2016-04-10,2,False,True,False,0.07866345445363998,0.43353692778320624,False,True,False,2 vs 1,<0.10
2016,2016_R3_gold_coast_v_carlton_2016-04-09,1,True,True,True,0.11874221572317434,0.7032489932990438,True,True,True,all agree,0.10-0.20
2016,2016_R3_north_melbourne_v_melbourne_2016-04-10,1,True,True,True,0.25764589971210544,0.6157594036731643,True,True,True,all agree,0.20-0.35
2016,2016_R3_port_adelaide_v_essendon_2016-04-08,1,True,True,True,0.12792311365333375,0.8139598836624886,True,True,True,all agree,0.10-0.20
2016,2016_R3_richmond_v_adelaide_2016-04-09,1,True,True,True,0.2989885474723001,0.5800496753890823,True,True,True,all agree,0.20-0.35
2016,2016_R3_st_kilda_v_collingwood_2016-04-09,1,True,True,True,0.18945692481536447,0.6489083576539723,True,True,True,all agree,0.10-0.20
2016,2016_R3_sydney_v_greater_western_sydney_2016-04-09,1,True,True,True,0.21288202653188104,0.4479896526849932,True,True,True,all agree,0.20-0.35
2016,2016_R3_west_coast_v_fremantle_2016-04-09,1,True,True,True,0.14041616644723065,0.45851123056514814,True,True,True,all agree,0.10-0.20
2016,2016_R3_western_bulldogs_v_hawthorn_2016-04-10,1,True,True,True,0.15873981615874255,0.7180995951302022,True,True,True,all agree,0.10-0.20
2016,2016_R4_adelaide_v_sydney_2016-04-16,1,True,True,True,0.07261809873700631,0.8189210981760486,True,True,True,all agree,<0.10
2016,2016_R4_brisbane_lions_v_gold_coast_2016-04-16,1,True,True,True,0.09870608966612127,0.7790083714667305,True,True,True,all agree,<0.10
2016,2016_R4_carlton_v_western_bulldogs_2016-04-16,1,True,True,True,0.12858975187376676,0.6384520184283127,True,True,True,all agree,0.10-0.20
2016,2016_R4_collingwood_v_melbourne_2016-04-17,1,False,False,False,0.13956762610767381,0.5997204460489457,False,False,False,all agree,0.10-0.20
2016,2016_R4_essendon_v_geelong_2016-04-16,1,False,False,False,0.13008461945559285,0.30205750337725434,False,False,False,all agree,0.10-0.20
2016,2016_R4_greater_western_sydney_v_port_adelaide_2016-04-17,1,False,False,False,0.02138384915065694,0.43945303021043375,False,False,False,all agree,<0.10
2016,2016_R4_hawthorn_v_st_kilda_2016-04-16,1,True,True,True,0.1759813267649929,0.8803383592347412,True,True,True,all agree,0.10-0.20
2016,2016_R4_north_melbourne_v_fremantle_2016-04-17,2,False,True,False,0.22079567739566192,0.39006670852804737,True,False,False,2 vs 1,0.20-0.35
2016,2016_R4_west_coast_v_richmond_2016-04-15,2,True,True,False,0.21912908763310435,0.4008992790211759,True,False,True,2 vs 1,0.20-0.35
2016,2016_R5_collingwood_v_essendon_2016-04-25,1,True,True,True,0.12129167454518675,0.7460052306756818,True,True,True,all agree,0.10-0.20
2016,2016_R5_fremantle_v_carlton_2016-04-24,2,True,True,False,0.04817587469738854,0.2093170369626968,False,True,True,2 vs 1,<0.10
2016,2016_R5_gold_coast_v_north_melbourne_2016-04-23,2,True,True,False,0.2751696029280186,0.2973615900554047,True,True,False,2 vs 1,0.20-0.35
2016,2016_R5_hawthorn_v_adelaide_2016-04-22,2,True,True,False,0.2959546131245808,0.4178875193392139,False,True,True,2 vs 1,0.20-0.35
2016,2016_R5_melbourne_v_richmond_2016-04-24,1,False,False,False,0.04149172478799068,0.6385929057686824,False,False,False,all agree,<0.10
2016,2016_R5_port_adelaide_v_geelong_2016-04-23,1,False,False,False,0.027367733045448817,0.6770544010336016,False,False,False,all agree,<0.10
2016,2016_R5_st_kilda_v_greater_western_sydney_2016-04-24,1,True,True,True,0.15016059389873426,0.8465461973582968,True,True,True,all agree,0.10-0.20
2016,2016_R5_sydney_v_west_coast_2016-04-23,1,False,False,False,0.20917724216514244,0.5351524015046568,False,False,False,all agree,0.20-0.35
2016,2016_R5_western_bulldogs_v_brisbane_lions_2016-04-23,2,False,True,False,0.12373951652230092,0.3757786518663422,False,False,True,2 vs 1,0.10-0.20
2016,2016_R6_adelaide_v_fremantle_2016-04-30,2,True,True,False,0.204767792216498,0.3405560869738375,True,True,False,2 vs 1,0.20-0.35
2016,2016_R6_brisbane_lions_v_sydney_2016-05-01,2,False,True,False,0.34762711838237853,0.334898571605726,False,True,False,2 vs 1,0.20-0.35
2016,2016_R6_carlton_v_essendon_2016-05-01,1,True,True,True,0.15050918939832109,0.527039742912255,True,True,True,all agree,0.10-0.20
2016,2016_R6_geelong_v_gold_coast_2016-04-30,1,True,True,True,0.08554002336753347,0.37883025701044265,True,True,True,all agree,<0.10
2016,2016_R6_greater_western_sydney_v_hawthorn_2016-04-30,3,False,True,False,0.2106863738604598,0.25328903315205814,True,False,False,all differ,0.20-0.35
2016,2016_R6_melbourne_v_st_kilda_2016-04-30,2,True,True,False,0.07282865348551601,0.23516930553989424,False,True,False,2 vs 1,<0.10
2016,2016_R6_north_melbourne_v_western_bulldogs_2016-04-29,1,False,False,False,0.2799580885734395,0.623698181979254,False,False,False,all agree,0.20-0.35
2016,2016_R6_richmond_v_port_adelaide_2016-04-30,1,False,False,False,0.08259049350276093,0.342249459071198,False,False,False,all agree,<0.10
2016,2016_R6_west_coast_v_collingwood_2016-05-01,1,True,True,True,0.11387650143130212,0.722158525103057,True,True,True,all agree,0.10-0.20
2016,2016_R7_collingwood_v_carlton_2016-05-07,1,True,True,True,0.1883907054458327,0.490156173061977,True,True,True,all agree,0.10-0.20
2016,2016_R7_fremantle_v_greater_western_sydney_2016-05-07,2,True,True,False,0.14092336352524576,0.422323031085762,True,True,False,2 vs 1,0.10-0.20
2016,2016_R7_geelong_v_west_coast_2016-05-07,1,False,False,False,0.12291166395994757,0.6985917951206447,False,False,False,all agree,0.10-0.20
2016,2016_R7_gold_coast_v_melbourne_2016-05-07,1,False,False,False,0.056378028127592184,0.743917947387716,False,False,False,all agree,<0.10
2016,2016_R7_port_adelaide_v_brisbane_lions_2016-05-08,1,False,False,False,0.08935222503089296,0.33494212419977965,False,False,False,all agree,<0.10
2016,2016_R7_richmond_v_hawthorn_2016-05-06,1,False,False,False,0.06355242036994313,0.34062759157010203,False,False,False,all agree,<0.10
2016,2016_R7_st_kilda_v_north_melbourne_2016-05-08,2,True,True,False,0.16050412413184267,0.24510285116949168,False,True,False,2 vs 1,0.10-0.20
2016,2016_R7_sydney_v_essendon_2016-05-07,2,False,False,False,0.17075328503512366,0.45597994252829294,False,False,False,2 vs 1,0.10-0.20
2016,2016_R7_western_bulldogs_v_adelaide_2016-05-07,2,False,True,False,0.11199186692296792,0.3047582676712441,True,False,True,2 vs 1,0.10-0.20
2016,2016_R8_adelaide_v_geelong_2016-05-13,2,True,True,False,0.40076592798639965,0.49483847132167447,True,False,True,2 vs 1,>0.35
2016,2016_R8_brisbane_lions_v_collingwood_2016-05-14,1,True,True,True,0.09306826978552962,0.6775577481609134,True,True,True,all agree,<0.10
2016,2016_R8_carlton_v_port_adelaide_2016-05-15,1,False,False,False,0.07959592275050897,0.30297215496005825,False,False,False,all agree,<0.10
2016,2016_R8_essendon_v_north_melbourne_2016-05-14,1,True,True,True,0.06998082113314513,0.533856280062778,True,True,True,all agree,<0.10
2016,2016_R8_greater_western_sydney_v_gold_coast_2016-05-14,1,True,True,True,0.036885761352644764,0.5320760856574339,True,True,True,all agree,<0.10
2016,2016_R8_hawthorn_v_fremantle_2016-05-14,2,True,True,False,0.22511716254015984,0.312138033174566,True,False,True,2 vs 1,0.20-0.35
2016,2016_R8_melbourne_v_western_bulldogs_2016-05-15,1,True,True,True,0.07955616195170892,0.2935628257225207,True,True,True,all agree,<0.10
2016,2016_R8_richmond_v_sydney_2016-05-14,2,False,False,False,0.09360231323698867,0.28898271569212747,False,False,False,2 vs 1,<0.10
2016,2016_R8_west_coast_v_st_kilda_2016-05-15,2,False,False,False,0.3371279808839973,0.2943236359296061,False,False,False,2 vs 1,0.20-0.35
2016,2016_R9_collingwood_v_geelong_2016-05-21,2,True,True,False,0.1244824021382202,0.4148197852302687,True,False,True,2 vs 1,0.10-0.20
2016,2016_R9_fremantle_v_richmond_2016-05-21,1,False,False,False,0.029401484894699292,0.8897045320230839,False,False,False,all agree,<0.10
2016,2016_R9_gold_coast_v_adelaide_2016-05-21,1,True,True,True,0.1490857792826848,0.4231925370532145,True,True,True,all agree,0.10-0.20
2016,2016_R9_greater_western_sydney_v_western_bulldogs_2016-05-22,1,False,False,False,0.5285976868278075,0.7952181997379486,False,False,False,all agree,>0.35
2016,2016_R9_hawthorn_v_sydney_2016-05-20,2,True,True,False,0.17563073376448907,0.3444630357136665,True,True,False,2 vs 1,0.10-0.20
2016,2016_R9_melbourne_v_brisbane_lions_2016-05-22,1,True,True,True,0.1525925037730732,0.47997688711255626,True,True,True,all agree,0.10-0.20
2016,2016_R9_north_melbourne_v_carlton_2016-05-21,1,True,True,True,0.12162240031451244,0.7608610829563208,True,True,True,all agree,0.10-0.20
2016,2016_R9_port_adelaide_v_west_coast_2016-05-21,1,True,True,True,0.2060354665901929,0.6484765164334813,True,True,True,all agree,0.20-0.35
2016,2016_R9_st_kilda_v_essendon_2016-05-22,1,True,True,True,0.15379275844301643,0.7449472543766915,True,True,True,all agree,0.10-0.20
2017,2017_R10_adelaide_v_fremantle_2017-05-27,1,False,False,False,0.09765587490076943,0.6781254100614986,False,False,False,all agree,<0.10
2017,2017_R10_carlton_v_north_melbourne_2017-05-28,1,True,True,True,0.068446800610382,0.7142963047752747,True,True,True,all agree,<0.10
2017,2017_R10_collingwood_v_brisbane_lions_2017-05-28,2,True,True,False,0.0951481167133687,0.2522654597469995,True,False,True,2 vs 1,<0.10
2017,2017_R10_geelong_v_port_adelaide_2017-05-25,1,True,True,True,0.20699649804340503,0.5131402810371183,True,True,True,all agree,0.20-0.35
2017,2017_R10_melbourne_v_gold_coast_2017-05-27,2,False,False,False,0.28396867229692957,0.46367716518429297,False,False,False,2 vs 1,0.20-0.35
2017,2017_R10_richmond_v_essendon_2017-05-27,2,True,True,False,0.07971198748453678,0.29101171521464375,True,False,False,2 vs 1,<0.10
2017,2017_R10_sydney_v_hawthorn_2017-05-26,1,False,False,False,0.12761797539964506,0.26965540824912637,False,False,False,all agree,0.10-0.20
2017,2017_R10_west_coast_v_greater_western_sydney_2017-05-28,1,True,True,True,0.333768774987137,0.296990874337404,True,True,True,all agree,0.20-0.35
2017,2017_R10_western_bulldogs_v_st_kilda_2017-05-27,1,True,True,True,0.4213641631329644,0.45559852183616273,True,True,True,all agree,>0.35
2017,2017_R11_fremantle_v_collingwood_2017-06-04,1,False,False,False,0.028868002200573728,0.7519780234222986,False,False,False,all agree,<0.10
2017,2017_R11_geelong_v_adelaide_2017-06-02,1,False,False,False,0.07604209806730733,0.7839686739065641,False,False,False,all agree,<0.10
2017,2017_R11_gold_coast_v_west_coast_2017-06-03,1,False,False,False,0.1789556752443,0.6455499746661002,False,False,False,all agree,0.10-0.20
2017,2017_R11_greater_western_sydney_v_essendon_2017-06-03,1,True,True,True,0.08792070549906594,0.9260266942970529,True,True,True,all agree,<0.10
2017,2017_R11_north_melbourne_v_richmond_2017-06-03,1,True,True,True,0.03956176695535818,0.8949616797178473,True,True,True,all agree,<0.10
2017,2017_R11_port_adelaide_v_hawthorn_2017-06-01,1,True,True,True,0.06880223159792576,0.47270632043999355,True,True,True,all agree,<0.10
2017,2017_R12_adelaide_v_st_kilda_2017-06-09,2,False,False,False,0.1072776554507332,0.31471395334764685,False,False,False,2 vs 1,0.10-0.20
2017,2017_R12_brisbane_lions_v_fremantle_2017-06-10,1,False,False,False,0.012784898045859805,0.6393978637530767,False,False,False,all agree,<0.10
2017,2017_R12_carlton_v_greater_western_sydney_2017-06-11,2,False,False,False,0.17616221593996043,0.3066054379445538,False,False,False,2 vs 1,0.10-0.20
2017,2017_R12_essendon_v_port_adelaide_2017-06-10,1,False,False,False,0.08362061254809638,0.5755434016007848,False,False,False,all agree,<0.10
2017,2017_R12_hawthorn_v_gold_coast_2017-06-10,1,True,True,True,0.0488851729445795,0.893392193995033,True,True,True,all agree,<0.10
2017,2017_R12_melbourne_v_collingwood_2017-06-12,1,True,True,True,0.11348464626986005,0.355906755995161,True,True,True,all agree,0.10-0.20
2017,2017_R12_sydney_v_western_bulldogs_2017-06-08,1,False,False,False,0.15518542490658005,0.635273465823098,False,False,False,all agree,0.10-0.20
2017,2017_R13_gold_coast_v_carlton_2017-06-17,1,True,True,True,0.04043126831485122,0.9627863906105865,True,True,True,all agree,<0.10
2017,2017_R13_north_melbourne_v_st_kilda_2017-06-16,1,True,True,True,0.08124822029762913,0.7434915944511488,True,True,True,all agree,<0.10
2017,2017_R13_port_adelaide_v_brisbane_lions_2017-06-17,2,False,True,False,0.48193694133059595,0.4779638768257115,False,True,False,2 vs 1,>0.35
2017,2017_R13_richmond_v_sydney_2017-06-17,2,False,False,False,0.06160449596983553,0.14669904151253485,False,False,False,2 vs 1,<0.10
2017,2017_R13_west_coast_v_geelong_2017-06-15,2,False,False,False,0.20088606985295976,0.31883843845581555,False,False,False,2 vs 1,0.20-0.35
2017,2017_R13_western_bulldogs_v_melbourne_2017-06-18,2,False,False,False,0.20607604446083264,0.2830861687577107,False,False,False,2 vs 1,0.20-0.35
2017,2017_R14_adelaide_v_hawthorn_2017-06-22,1,False,False,False,0.18975115420366878,0.604255982258105,False,False,False,all agree,0.10-0.20
2017,2017_R14_brisbane_lions_v_greater_western_sydney_2017-06-24,1,True,True,True,0.05633149147194083,0.5680192613788788,True,True,True,all agree,<0.10
2017,2017_R14_collingwood_v_port_adelaide_2017-06-24,1,True,True,True,0.05654491468092282,0.7801540160919632,True,True,True,all agree,<0.10
2017,2017_R14_geelong_v_fremantle_2017-06-25,1,True,True,True,0.0678034242223321,0.7572096369239487,True,True,True,all agree,<0.10
2017,2017_R14_richmond_v_carlton_2017-06-25,1,False,False,False,0.059375484930266564,0.6952943888474318,False,False,False,all agree,<0.10
2017,2017_R14_st_kilda_v_gold_coast_2017-06-25,1,True,True,True,0.08809378472082496,0.5260287201321923,True,True,True,all agree,<0.10
2017,2017_R14_sydney_v_essendon_2017-06-23,1,False,False,False,0.13491252648063518,0.43393316376975144,False,False,False,all agree,0.10-0.20
2017,2017_R14_west_coast_v_melbourne_2017-06-24,2,True,True,False,0.20259436910964895,0.4123745314528276,True,False,True,2 vs 1,0.20-0.35
2017,2017_R14_western_bulldogs_v_north_melbourne_2017-06-24,1,True,True,True,0.04231917241836486,0.40150267346819196,True,True,True,all agree,<0.10
2017,2017_R15_carlton_v_adelaide_2017-07-01,1,False,False,False,0.027963538476073413,0.27243501616697413,False,False,False,all agree,<0.10
2017,2017_R15_essendon_v_brisbane_lions_2017-07-02,1,True,True,True,0.19934670472423455,0.679663058450975,True,True,True,all agree,0.10-0.20
2017,2017_R15_fremantle_v_st_kilda_2017-07-02,1,True,True,True,0.10061486547751675,0.958299773782543,True,True,True,all agree,0.10-0.20
2017,2017_R15_gold_coast_v_north_melbourne_2017-07-01,1,True,True,True,0.1716548122349929,0.5057384739827073,True,True,True,all agree,0.10-0.20
2017,2017_R15_greater_western_sydney_v_geelong_2017-07-01,1,True,True,True,0.10337808954117644,0.9211124714622705,True,True,True,all agree,0.10-0.20
2017,2017_R15_hawthorn_v_collingwood_2017-07-02,1,True,True,True,0.08664673853268368,0.8060937030195637,True,True,True,all agree,<0.10
2017,2017_R15_melbourne_v_sydney_2017-06-30,1,True,True,True,0.11151295985324672,0.7401704516496149,True,True,True,all agree,0.10-0.20
2017,2017_R15_port_adelaide_v_richmond_2017-07-01,1,True,True,True,0.20073187839911688,0.6937702345701481,True,True,True,all agree,0.20-0.35
2017,2017_R15_western_bulldogs_v_west_coast_2017-07-01,1,True,True,True,0.02743188276051578,0.8491457824118838,True,True,True,all agree,<0.10
2017,2017_R16_adelaide_v_western_bulldogs_2017-07-07,2,False,False,False,0.054725008320288704,0.2829747309728923,False,False,False,2 vs 1,<0.10
2017,2017_R16_brisbane_lions_v_geelong_2017-07-08,1,True,True,True,0.12773069586030905,0.8006656423069023,True,True,True,all agree,0.10-0.20
2017,2017_R16_carlton_v_melbourne_2017-07-09,2,False,False,False,0.11405933843487981,0.26895409418793886,False,False,False,2 vs 1,0.10-0.20
2017,2017_R16_collingwood_v_essendon_2017-07-08,1,False,False,False,0.13247241450943525,0.6801149068052719,False,False,False,all agree,0.10-0.20
2017,2017_R16_hawthorn_v_greater_western_sydney_2017-07-08,1,True,True,True,0.305471377283736,0.6299966828929504,True,True,True,all agree,0.20-0.35
2017,2017_R16_north_melbourne_v_fremantle_2017-07-09,1,True,True,True,0.06280980028795302,0.7849615081320577,True,True,True,all agree,<0.10
2017,2017_R16_st_kilda_v_richmond_2017-07-08,2,False,True,False,0.040639184739579504,0.3271233679915992,False,False,True,2 vs 1,<0.10
2017,2017_R16_sydney_v_gold_coast_2017-07-08,1,True,True,True,0.14250651372800316,0.6494410746984501,True,True,True,all agree,0.10-0.20
2017,2017_R16_west_coast_v_port_adelaide_2017-07-09,2,False,True,False,0.1199342715069531,0.2620378485762592,False,False,True,2 vs 1,0.10-0.20
2017,2017_R17_carlton_v_western_bulldogs_2017-07-16,1,True,True,True,0.30443378062383286,0.6583392607642563,True,True,True,all agree,0.20-0.35
2017,2017_R17_fremantle_v_west_coast_2017-07-16,1,True,True,True,0.11712345368575267,0.3335233949647602,True,True,True,all agree,0.10-0.20
2017,2017_R17_geelong_v_hawthorn_2017-07-15,2,True,True,False,0.40322965260415106,0.541180339507729,True,False,False,2 vs 1,>0.35
2017,2017_R17_gold_coast_v_collingwood_2017-07-15,1,False,False,False,0.07329481202125276,0.6566876318815066,False,False,False,all agree,<0.10
2017,2017_R17_greater_western_sydney_v_sydney_2017-07-15,1,True,True,True,0.1204551657330144,0.439281670426991,True,True,True,all agree,0.10-0.20
2017,2017_R17_melbourne_v_adelaide_2017-07-15,1,True,True,True,0.19167220985010403,0.4363479620058312,True,True,True,all agree,0.10-0.20
2017,2017_R17_port_adelaide_v_north_melbourne_2017-07-15,1,True,True,True,0.2852373028915229,0.560487600802749,True,True,True,all agree,0.20-0.35
2017,2017_R17_richmond_v_brisbane_lions_2017-07-16,1,True,True,True,0.03925824152146873,0.9719955805483869,True,True,True,all agree,<0.10
2017,2017_R17_st_kilda_v_essendon_2017-07-14,1,False,False,False,0.24073472415856784,0.5683258655936415,False,False,False,all agree,0.20-0.35
2017,2017_R18_adelaide_v_geelong_2017-07-21,1,True,True,True,0.10214289608100868,0.7742253852367124,True,True,True,all agree,0.10-0.20
2017,2017_R18_brisbane_lions_v_carlton_2017-07-23,2,True,True,False,0.13379595017368467,0.49484701356411603,False,True,True,2 vs 1,0.10-0.20
2017,2017_R18_collingwood_v_west_coast_2017-07-23,1,False,False,False,0.04973873867976453,0.4008770190440593,False,False,False,all agree,<0.10
2017,2017_R18_essendon_v_north_melbourne_2017-07-22,2,False,False,False,0.16762167293854427,0.28750023409872233,False,False,False,2 vs 1,0.10-0.20
2017,2017_R18_fremantle_v_hawthorn_2017-07-22,1,True,True,True,0.2708822203483091,0.5961650134660651,True,True,True,all agree,0.20-0.35
2017,2017_R18_melbourne_v_port_adelaide_2017-07-22,1,True,True,True,0.13998071455848082,0.668087333064281,True,True,True,all agree,0.10-0.20
2017,2017_R18_richmond_v_greater_western_sydney_2017-07-23,1,True,True,True,0.08662486419998239,0.7655037681124992,True,True,True,all agree,<0.10
2017,2017_R18_sydney_v_st_kilda_2017-07-22,1,True,True,True,0.04457450528965168,0.9633817972572724,True,True,True,all agree,<0.10
2017,2017_R18_western_bulldogs_v_gold_coast_2017-07-22,1,True,True,True,0.2924892036009184,0.5673949417880854,True,True,True,all agree,0.20-0.35
2017,2017_R19_carlton_v_geelong_2017-07-29,1,True,True,True,0.10223494877376449,0.9231461346210165,True,True,True,all agree,0.10-0.20
2017,2017_R19_collingwood_v_adelaide_2017-07-30,2,False,True,False,0.23501109612282806,0.36652704691998966,True,False,True,2 vs 1,0.20-0.35
2017,2017_R19_gold_coast_v_richmond_2017-07-29,1,True,True,True,0.18009175913881148,0.7268703870739399,True,True,True,all agree,0.10-0.20
2017,2017_R19_greater_western_sydney_v_fremantle_2017-07-29,1,True,True,True,0.17546749968988562,0.6094659741434955,True,True,True,all agree,0.10-0.20
2017,2017_R19_hawthorn_v_sydney_2017-07-28,1,False,False,False,0.13395194067938515,0.4859744842485713,False,False,False,all agree,0.10-0.20
2017,2017_R19_north_melbourne_v_melbourne_2017-07-29,2,True,True,False,0.28563339733150384,0.43024783749628853,True,False,True,2 vs 1,0.20-0.35
2017,2017_R19_port_adelaide_v_st_kilda_2017-07-29,1,False,False,False,0.09400716074731463,0.40796420385008436,False,False,False,all agree,<0.10
2017,2017_R19_west_coast_v_brisbane_lions_2017-07-30,1,True,True,True,0.15920298499441543,0.47797424610019495,True,True,True,all agree,0.10-0.20
2017,2017_R19_western_bulldogs_v_essendon_2017-07-30,1,False,False,False,0.19570048436439463,0.4847289946636317,False,False,False,all agree,0.10-0.20
2017,2017_R1_adelaide_v_greater_western_sydney_2017-03-26,1,False,False,False,0.09567567859864812,0.7590971674186285,False,False,False,all agree,<0.10
2017,2017_R1_carlton_v_richmond_2017-03-23,1,True,True,True,0.05086413402659773,0.967455149243348,True,True,True,all agree,<0.10
2017,2017_R1_collingwood_v_western_bulldogs_2017-03-24,1,True,True,True,0.09101635890181448,0.4862786580664898,True,True,True,all agree,<0.10
2017,2017_R1_essendon_v_hawthorn_2017-03-25,1,True,True,True,0.05136920529755562,0.6692917978465597,True,True,True,all agree,<0.10
2017,2017_R1_fremantle_v_geelong_2017-03-26,1,False,False,False,0.06904656952732419,0.45712572499319193,False,False,False,all agree,<0.10
2017,2017_R1_gold_coast_v_brisbane_lions_2017-03-25,1,False,False,False,0.22201299102637428,0.6901151335680825,False,False,False,all agree,0.20-0.35
2017,2017_R1_north_melbourne_v_west_coast_2017-03-26,1,True,True,True,0.28978154910444137,0.6766140036252751,True,True,True,all agree,0.20-0.35
2017,2017_R1_st_kilda_v_melbourne_2017-03-25,1,False,False,False,0.07567288815778339,0.3634216025621108,False,False,False,all agree,<0.10
2017,2017_R1_sydney_v_port_adelaide_2017-03-25,1,False,False,False,0.17569840711325235,0.6587753528145531,False,False,False,all agree,0.10-0.20
2017,2017_R20_adelaide_v_port_adelaide_2017-08-06,2,False,False,False,0.16183512101107622,0.32500565908398854,False,False,False,2 vs 1,0.10-0.20
2017,2017_R20_brisbane_lions_v_western_bulldogs_2017-08-05,1,False,False,False,0.12550983004284,0.5830250632739579,False,False,False,all agree,0.10-0.20
2017,2017_R20_essendon_v_carlton_2017-08-05,1,True,True,True,0.1578110199400563,0.6963525671815628,True,True,True,all agree,0.10-0.20
2017,2017_R20_fremantle_v_gold_coast_2017-08-05,1,True,True,True,0.27640378469038845,0.5703716343342716,True,True,True,all agree,0.20-0.35
2017,2017_R20_geelong_v_sydney_2017-08-04,1,True,True,True,0.08852257771649119,0.5768931479192355,True,True,True,all agree,<0.10
2017,2017_R20_greater_western_sydney_v_melbourne_2017-08-05,1,True,True,True,0.26231385098253923,0.4719313815293023,True,True,True,all agree,0.20-0.35
2017,2017_R20_north_melbourne_v_collingwood_2017-08-05,2,False,True,False,0.18963136784799883,0.5051717985689655,False,True,False,2 vs 1,0.10-0.20
2017,2017_R20_richmond_v_hawthorn_2017-08-06,1,True,True,True,0.05239572435788864,0.6322572074765425,True,True,True,all agree,<0.10
2017,2017_R20_st_kilda_v_west_coast_2017-08-06,1,True,True,True,0.07912844154613102,0.28166918043744,True,True,True,all agree,<0.10
2017,2017_R21_brisbane_lions_v_gold_coast_2017-08-12,1,True,True,True,0.1104852198347579,0.8926521477340189,True,True,True,all agree,0.10-0.20
2017,2017_R21_essendon_v_adelaide_2017-08-12,1,True,True,True,0.15022828636301122,0.5668864868070315,True,True,True,all agree,0.10-0.20
2017,2017_R21_geelong_v_richmond_2017-08-12,1,True,True,True,0.14876407546110004,0.6979851560493766,True,True,True,all agree,0.10-0.20
2017,2017_R21_hawthorn_v_north_melbourne_2017-08-13,1,False,False,False,0.052917332998024924,0.4711200142864301,False,False,False,all agree,<0.10
2017,2017_R21_melbourne_v_st_kilda_2017-08-13,2,False,False,False,0.09007312427328684,0.32426778649194704,False,False,False,2 vs 1,<0.10
2017,2017_R21_port_adelaide_v_collingwood_2017-08-13,1,False,False,False,0.16533741708813188,0.5069588972870291,False,False,False,all agree,0.10-0.20
2017,2017_R21_sydney_v_fremantle_2017-08-12,2,True,True,False,0.18623898556018376,0.5045698299650788,False,True,True,2 vs 1,0.10-0.20
2017,2017_R21_west_coast_v_carlton_2017-08-12,1,True,True,True,0.14506738376124584,0.4858929363146294,True,True,True,all agree,0.10-0.20
2017,2017_R21_western_bulldogs_v_greater_western_sydney_2017-08-11,1,True,True,True,0.10166650874706407,0.375402899138992,True,True,True,all agree,0.10-0.20
2017,2017_R22_adelaide_v_sydney_2017-08-18,2,False,True,False,0.08711075875863333,0.30433616110404754,True,False,False,2 vs 1,<0.10
2017,2017_R22_carlton_v_hawthorn_2017-08-19,1,True,True,True,0.11263699074929145,0.7584232765280897,True,True,True,all agree,0.10-0.20
2017,2017_R22_collingwood_v_geelong_2017-08-19,1,False,False,False,0.102283531020674,0.8681747140074186,False,False,False,all agree,0.10-0.20
2017,2017_R22_fremantle_v_richmond_2017-08-20,1,True,True,True,0.19171041454445448,0.678583675500545,True,True,True,all agree,0.10-0.20
2017,2017_R22_gold_coast_v_essendon_2017-08-19,1,True,True,True,0.060243267415623136,0.9014257650234754,True,True,True,all agree,<0.10
2017,2017_R22_greater_western_sydney_v_west_coast_2017-08-19,1,True,True,True,0.12182588480733814,0.8325466725172322,True,True,True,all agree,0.10-0.20
2017,2017_R22_melbourne_v_brisbane_lions_2017-08-20,2,False,True,False,0.0945686255733707,0.4247233387358001,False,True,False,2 vs 1,<0.10
2017,2017_R22_st_kilda_v_north_melbourne_2017-08-20,1,True,True,True,0.048467689219472976,0.7999806704674568,True,True,True,all agree,<0.10
2017,2017_R22_western_bulldogs_v_port_adelaide_2017-08-19,2,True,True,False,0.18580467242554907,0.29407412073577327,False,True,False,2 vs 1,0.10-0.20
2017,2017_R23_brisbane_lions_v_north_melbourne_2017-08-26,2,True,True,False,0.2662631520815739,0.49268728695602987,False,True,False,2 vs 1,0.20-0.35
2017,2017_R23_collingwood_v_melbourne_2017-08-26,1,False,False,False,0.08403513175441132,0.21405437426369048,False,False,False,all agree,<0.10
2017,2017_R23_essendon_v_fremantle_2017-08-27,1,True,True,True,0.11387293295077972,0.8598710030313795,True,True,True,all agree,0.10-0.20
2017,2017_R23_geelong_v_greater_western_sydney_2017-08-26,1,True,True,True,0.1786095835023359,0.5899161538892018,True,True,True,all agree,0.10-0.20
2017,2017_R23_hawthorn_v_western_bulldogs_2017-08-25,1,True,True,True,0.19412480709395968,0.5425685396446177,True,True,True,all agree,0.10-0.20
2017,2017_R23_port_adelaide_v_gold_coast_2017-08-26,1,True,True,True,0.0885913433793214,0.7337709487047966,True,True,True,all agree,<0.10
2017,2017_R23_richmond_v_st_kilda_2017-08-27,1,True,True,True,0.08504240849188249,0.8272782820677597,True,True,True,all agree,<0.10
2017,2017_R23_sydney_v_carlton_2017-08-26,1,True,True,True,0.035524215192053066,0.9869236573952059,True,True,True,all agree,<0.10
2017,2017_R23_west_coast_v_adelaide_2017-08-27,2,False,False,False,0.15765346961974608,0.31997958938007715,False,False,False,2 vs 1,0.10-0.20
2017,2017_R2_brisbane_lions_v_essendon_2017-04-01,2,True,True,False,0.15792799433047416,0.39469575383188144,True,True,False,2 vs 1,0.10-0.20
2017,2017_R2_geelong_v_north_melbourne_2017-04-02,1,False,False,False,0.034010523401279635,0.801227041947139,False,False,False,all agree,<0.10
2017,2017_R2_greater_western_sydney_v_gold_coast_2017-04-01,2,False,True,False,0.12200545361155923,0.33892927842863946,False,True,False,2 vs 1,0.10-0.20
2017,2017_R2_hawthorn_v_adelaide_2017-04-01,2,True,True,False,0.1561228365793445,0.3089178488086328,False,True,False,2 vs 1,0.10-0.20
2017,2017_R2_melbourne_v_carlton_2017-04-02,1,False,False,False,0.0914501179248452,0.3485227923144289,False,False,False,all agree,<0.10
2017,2017_R2_port_adelaide_v_fremantle_2017-04-02,1,True,True,True,0.22661669415953134,0.8556538296397633,True,True,True,all agree,0.20-0.35
2017,2017_R2_richmond_v_collingwood_2017-03-30,2,False,True,False,0.2133035003145689,0.4287806934549603,True,False,False,2 vs 1,0.20-0.35
2017,2017_R2_west_coast_v_st_kilda_2017-04-01,1,True,True,True,0.08816325225192068,0.49256473689390434,True,True,True,all agree,<0.10
2017,2017_R2_western_bulldogs_v_sydney_2017-03-31,1,True,True,True,0.3019527742130834,0.5598255341580222,True,True,True,all agree,0.20-0.35
2017,2017_R3_carlton_v_essendon_2017-04-09,1,False,False,False,0.21187518657055715,0.6640315588655357,False,False,False,all agree,0.20-0.35
2017,2017_R3_fremantle_v_western_bulldogs_2017-04-08,1,False,False,False,0.1603017069815469,0.3877064351689663,False,False,False,all agree,0.10-0.20
2017,2017_R3_geelong_v_melbourne_2017-04-08,1,False,False,False,0.07315066085339839,0.5041715644724213,False,False,False,all agree,<0.10
2017,2017_R3_gold_coast_v_hawthorn_2017-04-09,1,True,True,True,0.2030990839835214,0.7015924833824477,True,True,True,all agree,0.20-0.35
2017,2017_R3_north_melbourne_v_greater_western_sydney_2017-04-08,1,True,True,True,0.09067067225857323,0.45570275007518707,True,True,True,all agree,<0.10
2017,2017_R3_port_adelaide_v_adelaide_2017-04-08,2,True,True,False,0.2680647753837515,0.41214664392065287,False,True,True,2 vs 1,0.20-0.35
2017,2017_R3_richmond_v_west_coast_2017-04-08,1,True,True,True,0.08205945933330261,0.9422560024256831,True,True,True,all agree,<0.10
2017,2017_R3_st_kilda_v_brisbane_lions_2017-04-09,1,True,True,True,0.05081414143225871,0.5769238452219502,True,True,True,all agree,<0.10
2017,2017_R3_sydney_v_collingwood_2017-04-07,1,True,True,True,0.05478681429101423,0.3319493513475242,True,True,True,all agree,<0.10
2017,2017_R4_adelaide_v_essendon_2017-04-15,1,False,False,False,0.4107384056157125,0.5195487718676256,False,False,False,all agree,>0.35
2017,2017_R4_brisbane_lions_v_richmond_2017-04-16,1,True,True,True,0.2729007801495618,0.5764561589012053,True,True,True,all agree,0.20-0.35
2017,2017_R4_carlton_v_gold_coast_2017-04-15,1,True,True,True,0.10838144278245476,0.7825331414188814,True,True,True,all agree,0.10-0.20
2017,2017_R4_collingwood_v_st_kilda_2017-04-16,2,False,False,False,0.24573772572311742,0.36202636892965084,False,False,False,2 vs 1,0.20-0.35
2017,2017_R4_greater_western_sydney_v_port_adelaide_2017-04-15,1,False,False,False,0.22940172180452667,0.4429237182183296,False,False,False,all agree,0.20-0.35
2017,2017_R4_hawthorn_v_geelong_2017-04-17,1,True,True,True,0.09519909861933029,0.752104584936872,True,True,True,all agree,<0.10
2017,2017_R4_melbourne_v_fremantle_2017-04-15,1,True,True,True,0.17729159172932663,0.5337131775195368,True,True,True,all agree,0.10-0.20
2017,2017_R4_north_melbourne_v_western_bulldogs_2017-04-14,1,True,True,True,0.07981242823594975,0.475063705293616,True,True,True,all agree,<0.10
2017,2017_R4_west_coast_v_sydney_2017-04-13,1,True,True,True,0.05569862208991627,0.44249684252768606,True,True,True,all agree,<0.10
2017,2017_R5_essendon_v_collingwood_2017-04-25,1,True,True,True,0.12702747024010952,0.5290476943068186,True,True,True,all agree,0.10-0.20
2017,2017_R5_fremantle_v_north_melbourne_2017-04-22,1,False,False,False,0.05005116572265783,0.25921841606277113,False,False,False,all agree,<0.10
2017,2017_R5_gold_coast_v_adelaide_2017-04-22,2,False,True,False,0.27478397063932936,0.42625099358220403,False,True,False,2 vs 1,0.20-0.35
2017,2017_R5_hawthorn_v_west_coast_2017-04-23,1,False,False,False,0.07358614149918108,0.6268802572525972,False,False,False,all agree,<0.10
2017,2017_R5_port_adelaide_v_carlton_2017-04-21,1,True,True,True,0.16992111383455333,0.6433271940466563,True,True,True,all agree,0.10-0.20
2017,2017_R5_richmond_v_melbourne_2017-04-24,1,True,True,True,0.18223569882998647,0.5141638986827944,True,True,True,all agree,0.10-0.20
2017,2017_R5_st_kilda_v_geelong_2017-04-23,1,True,True,True,0.04652757929912499,0.9630127277398289,True,True,True,all agree,<0.10
2017,2017_R5_sydney_v_greater_western_sydney_2017-04-22,2,True,True,False,0.31488921964552913,0.3126873069882689,False,True,False,2 vs 1,0.20-0.35
2017,2017_R5_western_bulldogs_v_brisbane_lions_2017-04-22,1,True,True,True,0.05754213001437186,0.30629022977360143,True,True,True,all agree,<0.10
2017,2017_R6_adelaide_v_richmond_2017-04-30,2,False,True,False,0.2155343738474113,0.37630999675966664,False,True,False,2 vs 1,0.20-0.35
2017,2017_R6_brisbane_lions_v_port_adelaide_2017-04-29,1,True,True,True,0.16989342979482525,0.5730126939283962,True,True,True,all agree,0.10-0.20
2017,2017_R6_carlton_v_sydney_2017-04-29,1,False,False,False,0.19159218050124927,0.45433785498413776,False,False,False,all agree,0.10-0.20
2017,2017_R6_essendon_v_melbourne_2017-04-30,1,False,False,False,0.25702298689838654,0.3603944694541448,False,False,False,all agree,0.20-0.35
2017,2017_R6_geelong_v_collingwood_2017-04-30,1,True,True,True,0.1295091430505496,0.5183677739201201,True,True,True,all agree,0.10-0.20
2017,2017_R6_greater_western_sydney_v_western_bulldogs_2017-04-28,1,True,True,True,0.0906897135466041,0.3437402936194281,True,True,True,all agree,<0.10
2017,2017_R6_hawthorn_v_st_kilda_2017-04-29,1,True,True,True,0.28698868909779596,0.4696206519855058,True,True,True,all agree,0.20-0.35
2017,2017_R6_north_melbourne_v_gold_coast_2017-04-29,1,True,True,True,0.3449432253672048,0.8759836448950109,True,True,True,all agree,0.20-0.35
2017,2017_R6_west_coast_v_fremantle_2017-04-29,1,True,True,True,0.27200343347765626,0.5185090440520067,True,True,True,all agree,0.20-0.35
2017,2017_R7_collingwood_v_carlton_2017-05-06,1,False,False,False,0.18884582366128813,0.25356445885544004,False,False,False,all agree,0.10-0.20
2017,2017_R7_fremantle_v_essendon_2017-05-07,1,True,True,True,0.07246764269030681,0.7169806468792776,True,True,True,all agree,<0.10
2017,2017_R7_gold_coast_v_geelong_2017-05-06,2,True,True,False,0.07506596865159593,0.3026945589295264,False,True,True,2 vs 1,<0.10
2017,2017_R7_melbourne_v_hawthorn_2017-05-07,2,True,True,False,0.13192899621103657,0.2851291616662912,True,False,True,2 vs 1,0.10-0.20
2017,2017_R7_north_melbourne_v_adelaide_2017-05-06,1,True,True,True,0.09764260305001582,0.8173789185763763,True,True,True,all agree,<0.10
2017,2017_R7_port_adelaide_v_west_coast_2017-05-06,2,False,False,False,0.150727095437723,0.3285251041213305,False,False,False,2 vs 1,0.10-0.20
2017,2017_R7_st_kilda_v_greater_western_sydney_2017-05-05,1,True,True,True,0.09630303945404334,0.4686915580218202,True,True,True,all agree,<0.10
2017,2017_R7_sydney_v_brisbane_lions_2017-05-07,1,True,True,True,0.08101690960039543,0.9259720199263751,True,True,True,all agree,<0.10
2017,2017_R7_western_bulldogs_v_richmond_2017-05-06,2,False,True,False,0.08038537377184798,0.20899426739781124,False,False,True,2 vs 1,<0.10
2017,2017_R8_adelaide_v_melbourne_2017-05-13,1,False,False,False,0.02335153641294091,0.30658966178938535,False,False,False,all agree,<0.10
2017,2017_R8_essendon_v_geelong_2017-05-13,1,False,False,False,0.06922349171214803,0.325175741447719,False,False,False,all agree,<0.10
2017,2017_R8_gold_coast_v_port_adelaide_2017-05-14,1,True,True,True,0.3225701130909105,0.6185126213649126,True,True,True,all agree,0.20-0.35
2017,2017_R8_greater_western_sydney_v_collingwood_2017-05-13,1,True,True,True,0.1943623681703226,0.7134121765676107,True,True,True,all agree,0.10-0.20
2017,2017_R8_hawthorn_v_brisbane_lions_2017-05-13,1,True,True,True,0.12783491098013122,0.6809724027955816,True,True,True,all agree,0.10-0.20
2017,2017_R8_north_melbourne_v_sydney_2017-05-14,1,False,False,False,0.2516407396865553,0.5430126082505925,False,False,False,all agree,0.20-0.35
2017,2017_R8_richmond_v_fremantle_2017-05-14,1,True,True,True,0.12575005533265338,0.7316554698168654,True,True,True,all agree,0.10-0.20
2017,2017_R8_st_kilda_v_carlton_2017-05-13,1,True,True,True,0.05253790262621705,0.848760084688451,True,True,True,all agree,<0.10
2017,2017_R8_west_coast_v_western_bulldogs_2017-05-12,1,True,True,True,0.07672114357485249,0.6048694944478323,True,True,True,all agree,<0.10
2017,2017_R9_brisbane_lions_v_adelaide_2017-05-20,2,False,True,False,0.12628179611590656,0.28651841845291875,True,False,True,2 vs 1,0.10-0.20
2017,2017_R9_collingwood_v_hawthorn_2017-05-20,2,False,True,False,0.34208033036441843,0.5015051454796304,True,False,True,2 vs 1,0.20-0.35
2017,2017_R9_essendon_v_west_coast_2017-05-21,2,True,True,False,0.21183172729106214,0.3913510940175335,True,True,False,2 vs 1,0.20-0.35
2017,2017_R9_fremantle_v_carlton_2017-05-21,1,True,True,True,0.1087603881432575,0.40337983641807246,True,True,True,all agree,0.10-0.20
2017,2017_R9_geelong_v_western_bulldogs_2017-05-19,1,True,True,True,0.10485135472959606,0.947639227279215,True,True,True,all agree,0.10-0.20
2017,2017_R9_greater_western_sydney_v_richmond_2017-05-20,1,True,True,True,0.12828542281551336,0.5645514936152823,True,True,True,all agree,0.10-0.20
2017,2017_R9_melbourne_v_north_melbourne_2017-05-21,1,False,False,False,0.1453014857442051,0.3471879252081996,False,False,False,all agree,0.10-0.20
2017,2017_R9_st_kilda_v_sydney_2017-05-20,2,True,True,False,0.3362901731840075,0.4089882788244527,True,False,True,2 vs 1,0.20-0.35
2018,2018_R10_brisbane_lions_v_sydney_2018-05-26,2,False,False,False,0.18680817057173904,0.3323522381357142,False,False,False,2 vs 1,0.10-0.20
2018,2018_R10_collingwood_v_western_bulldogs_2018-05-25,1,True,True,True,0.06894128014893464,0.6484243637974122,True,True,True,all agree,<0.10
2018,2018_R10_fremantle_v_north_melbourne_2018-05-27,2,False,True,False,0.24926624958140964,0.3634511029826406,False,True,False,2 vs 1,0.20-0.35
2018,2018_R10_geelong_v_carlton_2018-05-26,1,False,False,False,0.02907794409539155,0.631991446575911,False,False,False,all agree,<0.10
2018,2018_R10_greater_western_sydney_v_essendon_2018-05-26,1,True,True,True,0.37807814867296563,0.5380264417354094,True,True,True,all agree,>0.35
2018,2018_R10_hawthorn_v_west_coast_2018-05-27,1,True,True,True,0.03567905911319913,0.7462169981346091,True,True,True,all agree,<0.10
2018,2018_R10_melbourne_v_adelaide_2018-05-27,1,False,False,False,0.09122593450247751,0.8051078759973626,False,False,False,all agree,<0.10
2018,2018_R10_richmond_v_st_kilda_2018-05-26,1,False,False,False,0.09334479845600874,0.7892737944706925,False,False,False,all agree,<0.10
2018,2018_R11_adelaide_v_greater_western_sydney_2018-06-03,1,False,False,False,0.07365878331022219,0.3128185436500827,False,False,False,all agree,<0.10
2018,2018_R11_collingwood_v_fremantle_2018-06-03,1,False,False,False,0.13450306764084397,0.5040012846922867,False,False,False,all agree,0.10-0.20
2018,2018_R11_essendon_v_richmond_2018-06-02,1,True,True,True,0.10876536087767341,0.8240603011132328,True,True,True,all agree,0.10-0.20
2018,2018_R11_gold_coast_v_geelong_2018-06-02,1,True,True,True,0.06255794707479478,0.8364233259974704,True,True,True,all agree,<0.10
2018,2018_R11_hawthorn_v_port_adelaide_2018-06-02,1,True,True,True,0.22873543566359544,0.6580599986585479,True,True,True,all agree,0.20-0.35
2018,2018_R11_north_melbourne_v_brisbane_lions_2018-06-03,2,False,False,False,0.3331571395348819,0.5116177379771641,False,False,False,2 vs 1,0.20-0.35
2018,2018_R11_sydney_v_carlton_2018-06-01,1,True,True,True,0.09657948067750177,0.50103493760718,True,True,True,all agree,<0.10
2018,2018_R11_west_coast_v_st_kilda_2018-06-02,2,False,True,False,0.12030946988585633,0.442489695469136,True,False,False,2 vs 1,0.10-0.20
2018,2018_R11_western_bulldogs_v_melbourne_2018-06-02,1,True,True,True,0.1585919179202317,0.41063838348638826,True,True,True,all agree,0.10-0.20
2018,2018_R12_brisbane_lions_v_essendon_2018-06-10,2,False,False,False,0.3462569973392662,0.37325442123257196,False,False,False,2 vs 1,0.20-0.35
2018,2018_R12_fremantle_v_adelaide_2018-06-10,1,False,False,False,0.23751708855543568,0.3385772710366231,False,False,False,all agree,0.20-0.35
2018,2018_R12_geelong_v_north_melbourne_2018-06-09,1,True,True,True,0.0693840150860855,0.7875785503965166,True,True,True,all agree,<0.10
2018,2018_R12_greater_western_sydney_v_gold_coast_2018-06-09,2,False,True,False,0.06957635401415813,0.3970166909796247,True,False,True,2 vs 1,<0.10
2018,2018_R12_melbourne_v_collingwood_2018-06-11,2,False,False,False,0.056307250456586355,0.2749714565083959,False,False,False,2 vs 1,<0.10
2018,2018_R12_port_adelaide_v_richmond_2018-06-08,1,True,True,True,0.13095559192144646,0.5077783099250036,True,True,True,all agree,0.10-0.20
2018,2018_R12_st_kilda_v_sydney_2018-06-09,1,False,False,False,0.19277335328421247,0.43988168460715626,False,False,False,all agree,0.10-0.20
2018,2018_R13_carlton_v_fremantle_2018-06-16,1,True,True,True,0.10641145998108165,0.5390861506388911,True,True,True,all agree,0.10-0.20
2018,2018_R13_geelong_v_richmond_2018-06-17,1,True,True,True,0.22365235336451023,0.48459966790042003,True,True,True,all agree,0.20-0.35
2018,2018_R13_gold_coast_v_st_kilda_2018-06-16,1,True,True,True,0.05856007596499713,0.4358000384702296,True,True,True,all agree,<0.10
2018,2018_R13_hawthorn_v_adelaide_2018-06-16,1,False,False,False,0.11215025967987102,0.8028197782657256,False,False,False,all agree,0.10-0.20
2018,2018_R13_port_adelaide_v_western_bulldogs_2018-06-14,1,True,True,True,0.11640777278095915,0.669232313822595,True,True,True,all agree,0.10-0.20
2018,2018_R13_sydney_v_west_coast_2018-06-15,1,False,False,False,0.08474095696460104,0.6079490500825616,False,False,False,all agree,<0.10
2018,2018_R14_brisbane_lions_v_greater_western_sydney_2018-06-23,1,False,False,False,0.21803068921417834,0.7456652111203641,False,False,False,all agree,0.20-0.35
2018,2018_R14_collingwood_v_carlton_2018-06-24,1,False,False,False,0.24197598822308752,0.631737233070195,False,False,False,all agree,0.20-0.35
2018,2018_R14_hawthorn_v_gold_coast_2018-06-23,1,True,True,True,0.19192300305077925,0.5102723732222275,True,True,True,all agree,0.10-0.20
2018,2018_R14_port_adelaide_v_melbourne_2018-06-22,1,False,False,False,0.10404746426958755,0.5680675461066904,False,False,False,all agree,0.10-0.20
2018,2018_R14_west_coast_v_essendon_2018-06-21,1,False,False,False,0.03526664073149066,0.3216959871957285,False,False,False,all agree,<0.10
2018,2018_R14_western_bulldogs_v_north_melbourne_2018-06-23,1,True,True,True,0.15706562402358037,0.583096123160427,True,True,True,all agree,0.10-0.20
2018,2018_R15_adelaide_v_west_coast_2018-06-30,1,False,False,False,0.03758837179059832,0.4362610432300043,False,False,False,all agree,<0.10
2018,2018_R15_carlton_v_port_adelaide_2018-06-30,3,False,True,False,0.12357904277868756,0.1813518743649639,False,False,True,all differ,0.10-0.20
2018,2018_R15_essendon_v_north_melbourne_2018-07-01,1,True,True,True,0.06905634253706155,0.36894400090731017,True,True,True,all agree,<0.10
2018,2018_R15_fremantle_v_brisbane_lions_2018-07-01,1,True,True,True,0.033424991989911224,0.6462898057637946,True,True,True,all agree,<0.10
2018,2018_R15_gold_coast_v_collingwood_2018-06-30,2,True,True,False,0.32808923279665037,0.33234079465916105,True,False,True,2 vs 1,0.20-0.35
2018,2018_R15_greater_western_sydney_v_hawthorn_2018-06-30,1,False,False,False,0.39793790600736456,0.8478167446554766,False,False,False,all agree,>0.35
2018,2018_R15_melbourne_v_st_kilda_2018-07-01,1,False,False,False,0.2957958586199655,0.5023351235833394,False,False,False,all agree,0.20-0.35
2018,2018_R15_richmond_v_sydney_2018-06-28,1,True,True,True,0.047781481418431804,0.49047641754930776,True,True,True,all agree,<0.10
2018,2018_R15_western_bulldogs_v_geelong_2018-06-29,1,False,False,False,0.06204885885060635,0.22493125090523688,False,False,False,all agree,<0.10
2018,2018_R16_brisbane_lions_v_carlton_2018-07-07,1,False,False,False,0.16704458910325215,0.7423192749592157,False,False,False,all agree,0.10-0.20
2018,2018_R16_essendon_v_collingwood_2018-07-08,1,False,False,False,0.06540609272005726,0.6690573497387592,False,False,False,all agree,<0.10
2018,2018_R16_melbourne_v_fremantle_2018-07-07,1,False,False,False,0.15327779987443801,0.7538442318972652,False,False,False,all agree,0.10-0.20
2018,2018_R16_north_melbourne_v_gold_coast_2018-07-08,1,True,True,True,0.08170373679454918,0.4771484048234618,True,True,True,all agree,<0.10
2018,2018_R16_port_adelaide_v_st_kilda_2018-07-07,1,False,False,False,0.07709800653180016,0.28359943604095766,False,False,False,all agree,<0.10
2018,2018_R16_richmond_v_adelaide_2018-07-06,1,False,False,False,0.24364490549700402,0.49165411211128857,False,False,False,all agree,0.20-0.35
2018,2018_R16_sydney_v_geelong_2018-07-05,2,False,True,False,0.15549978543972703,0.3510913789058369,True,False,False,2 vs 1,0.10-0.20
2018,2018_R16_west_coast_v_greater_western_sydney_2018-07-08,1,True,True,True,0.141163457622818,0.60263655605336,True,True,True,all agree,0.10-0.20
2018,2018_R16_western_bulldogs_v_hawthorn_2018-07-07,1,True,True,True,0.031958484584152735,0.8441821038438423,True,True,True,all agree,<0.10
2018,2018_R17_adelaide_v_geelong_2018-07-12,1,False,False,False,0.16592849495085948,0.4607577941844025,False,False,False,all agree,0.10-0.20
2018,2018_R17_collingwood_v_west_coast_2018-07-15,1,False,False,False,0.07117989058231544,0.3266013010503486,False,False,False,all agree,<0.10
2018,2018_R17_fremantle_v_port_adelaide_2018-07-15,1,False,False,False,0.11054862245232483,0.35931232153947584,False,False,False,all agree,0.10-0.20
2018,2018_R17_gold_coast_v_essendon_2018-07-14,1,True,True,True,0.1646957989381505,0.5172977067442236,True,True,True,all agree,0.10-0.20
2018,2018_R17_greater_western_sydney_v_richmond_2018-07-14,1,True,True,True,0.144813376274385,0.380578393451799,True,True,True,all agree,0.10-0.20
2018,2018_R17_hawthorn_v_brisbane_lions_2018-07-14,2,False,False,False,0.18890077899274565,0.4155928561901403,False,False,False,2 vs 1,0.10-0.20
2018,2018_R17_melbourne_v_western_bulldogs_2018-07-14,1,False,False,False,0.11710577108253717,0.4908330393793692,False,False,False,all agree,0.10-0.20
2018,2018_R17_north_melbourne_v_sydney_2018-07-15,1,True,True,True,0.13781245542666037,0.4160654108142034,True,True,True,all agree,0.10-0.20
2018,2018_R17_st_kilda_v_carlton_2018-07-13,2,True,True,False,0.19068175746330585,0.35461845642395456,True,True,False,2 vs 1,0.10-0.20
2018,2018_R18_brisbane_lions_v_adelaide_2018-07-21,1,True,True,True,0.28454525208445014,0.6507771059558146,True,True,True,all agree,0.20-0.35
2018,2018_R18_carlton_v_hawthorn_2018-07-22,1,True,True,True,0.04067216129168816,0.9834421276688884,True,True,True,all agree,<0.10
2018,2018_R18_collingwood_v_north_melbourne_2018-07-21,1,False,False,False,0.06426456710122369,0.322550345544282,False,False,False,all agree,<0.10
2018,2018_R18_essendon_v_fremantle_2018-07-21,1,True,True,True,0.19174766417473293,0.4590447217278785,True,True,True,all agree,0.10-0.20
2018,2018_R18_geelong_v_melbourne_2018-07-21,1,True,True,True,0.2568838918900769,0.6181618412663876,True,True,True,all agree,0.20-0.35
2018,2018_R18_port_adelaide_v_greater_western_sydney_2018-07-22,3,False,False,False,0.18830665774189875,0.22991659404919762,False,False,False,all differ,0.10-0.20
2018,2018_R18_st_kilda_v_richmond_2018-07-20,1,False,False,False,0.08225110366388555,0.6112740574891959,False,False,False,all agree,<0.10
2018,2018_R18_sydney_v_gold_coast_2018-07-21,2,False,False,False,0.13050608550838938,0.3030525567421318,False,False,False,2 vs 1,0.10-0.20
2018,2018_R18_west_coast_v_western_bulldogs_2018-07-22,1,False,False,False,0.2967962996609176,0.5256975166496675,False,False,False,all agree,0.20-0.35
2018,2018_R19_adelaide_v_melbourne_2018-07-28,1,True,True,True,0.17211906879905936,0.62511566971587,True,True,True,all agree,0.10-0.20
2018,2018_R19_essendon_v_sydney_2018-07-27,1,False,False,False,0.29607516085626306,0.5554816221661584,False,False,False,all agree,0.20-0.35
2018,2018_R19_fremantle_v_hawthorn_2018-07-29,1,True,True,True,0.033121651789839834,0.9753747693007334,True,True,True,all agree,<0.10
2018,2018_R19_geelong_v_brisbane_lions_2018-07-28,1,True,True,True,0.13017945463407588,0.613074692625016,True,True,True,all agree,0.10-0.20
2018,2018_R19_gold_coast_v_carlton_2018-07-28,1,True,True,True,0.089025403398443,0.7606521310733142,True,True,True,all agree,<0.10
2018,2018_R19_greater_western_sydney_v_st_kilda_2018-07-28,1,False,False,False,0.046084368966405664,0.538604761649084,False,False,False,all agree,<0.10
2018,2018_R19_north_melbourne_v_west_coast_2018-07-29,1,True,True,True,0.17797783988818938,0.7160034485265836,True,True,True,all agree,0.10-0.20
2018,2018_R19_richmond_v_collingwood_2018-07-28,2,False,True,False,0.1715012301532542,0.29113066063905557,False,True,False,2 vs 1,0.10-0.20
2018,2018_R19_western_bulldogs_v_port_adelaide_2018-07-29,1,True,True,True,0.12436483796851594,0.735812918322806,True,True,True,all agree,0.10-0.20
2018,2018_R1_essendon_v_adelaide_2018-03-23,1,True,True,True,0.16506244937886078,0.36602988927011787,True,True,True,all agree,0.10-0.20
2018,2018_R1_gold_coast_v_north_melbourne_2018-03-24,2,False,False,False,0.09217286370317712,0.36405097947732673,False,False,False,2 vs 1,<0.10
2018,2018_R1_greater_western_sydney_v_western_bulldogs_2018-03-25,1,True,True,True,0.09456821699466461,0.5142593216906228,True,True,True,all agree,<0.10
2018,2018_R1_hawthorn_v_collingwood_2018-03-24,1,True,True,True,0.10966462107033037,0.9609065777875635,True,True,True,all agree,0.10-0.20
2018,2018_R1_melbourne_v_geelong_2018-03-25,2,False,True,False,0.0711827957708494,0.4346066767244487,True,False,False,2 vs 1,<0.10
2018,2018_R1_port_adelaide_v_fremantle_2018-03-24,2,True,True,False,0.08699073532522633,0.1598322492180387,False,True,True,2 vs 1,<0.10
2018,2018_R1_richmond_v_carlton_2018-03-22,1,False,False,False,0.032973760892774207,0.4832970725531689,False,False,False,all agree,<0.10
2018,2018_R1_st_kilda_v_brisbane_lions_2018-03-24,1,True,True,True,0.0690430516738928,0.6367427994371275,True,True,True,all agree,<0.10
2018,2018_R1_west_coast_v_sydney_2018-03-25,1,True,True,True,0.16271778358293887,0.9299238879424551,True,True,True,all agree,0.10-0.20
2018,2018_R20_adelaide_v_port_adelaide_2018-08-04,1,True,True,True,0.17941017155683658,0.4131772319070612,True,True,True,all agree,0.10-0.20
2018,2018_R20_brisbane_lions_v_north_melbourne_2018-08-04,1,True,True,True,0.05614422739919567,0.5646356003886724,True,True,True,all agree,<0.10
2018,2018_R20_carlton_v_greater_western_sydney_2018-08-05,1,True,True,True,0.10695894529285666,0.8051126598691193,True,True,True,all agree,0.10-0.20
2018,2018_R20_hawthorn_v_essendon_2018-08-04,1,False,False,False,0.2519234722325352,0.6403829944156169,False,False,False,all agree,0.20-0.35
2018,2018_R20_melbourne_v_gold_coast_2018-08-05,1,True,True,True,0.27705724736534726,0.5220236322070133,True,True,True,all agree,0.20-0.35
2018,2018_R20_richmond_v_geelong_2018-08-03,2,False,False,False,0.17218723526974397,0.33206515706265693,False,False,False,2 vs 1,0.10-0.20
2018,2018_R20_st_kilda_v_western_bulldogs_2018-08-04,1,True,True,True,0.1895788809306404,0.4062839622056842,True,True,True,all agree,0.10-0.20
2018,2018_R20_sydney_v_collingwood_2018-08-04,1,True,True,True,0.14425627892773296,0.8675557068331118,True,True,True,all agree,0.10-0.20
2018,2018_R20_west_coast_v_fremantle_2018-08-05,1,False,False,False,0.06455550348568095,0.4893800550607696,False,False,False,all agree,<0.10
2018,2018_R21_collingwood_v_brisbane_lions_2018-08-11,1,True,True,True,0.27211320521811216,0.5471891752715993,True,True,True,all agree,0.20-0.35
2018,2018_R21_essendon_v_st_kilda_2018-08-10,2,False,False,False,0.03598300360414336,0.27701899755273435,False,False,False,2 vs 1,<0.10
2018,2018_R21_fremantle_v_carlton_2018-08-12,1,False,False,False,0.14884392636100985,0.6948214780483551,False,False,False,all agree,0.10-0.20
2018,2018_R21_gold_coast_v_richmond_2018-08-11,1,True,True,True,0.017935878327277388,0.993276120579135,True,True,True,all agree,<0.10
2018,2018_R21_greater_western_sydney_v_adelaide_2018-08-11,1,True,True,True,0.22509030773065475,0.4663780007974039,True,True,True,all agree,0.20-0.35
2018,2018_R21_hawthorn_v_geelong_2018-08-11,1,True,True,True,0.051526103620834596,0.47052374252671014,True,True,True,all agree,<0.10
2018,2018_R21_melbourne_v_sydney_2018-08-12,1,False,False,False,0.15734352550485187,0.3310967349921319,False,False,False,all agree,0.10-0.20
2018,2018_R21_north_melbourne_v_western_bulldogs_2018-08-12,2,True,True,False,0.1411167966462631,0.35162135541890716,True,False,True,2 vs 1,0.10-0.20
2018,2018_R21_port_adelaide_v_west_coast_2018-08-11,2,True,True,False,0.2928722255828608,0.306508551007945,False,True,True,2 vs 1,0.20-0.35
2018,2018_R22_adelaide_v_north_melbourne_2018-08-19,1,False,False,False,0.05446780258107642,0.7670652869156541,False,False,False,all agree,<0.10
2018,2018_R22_carlton_v_western_bulldogs_2018-08-19,2,False,False,False,0.05575959600559316,0.3168146569826555,False,False,False,2 vs 1,<0.10
2018,2018_R22_collingwood_v_port_adelaide_2018-08-18,2,True,True,False,0.31106130735653004,0.37250198933551976,False,False,True,2 vs 1,0.20-0.35
2018,2018_R22_geelong_v_fremantle_2018-08-18,1,False,False,False,0.12783635951447647,0.5594589518350608,False,False,False,all agree,0.10-0.20
2018,2018_R22_gold_coast_v_brisbane_lions_2018-08-18,1,True,True,True,0.029173483655810517,0.9010568062096391,True,True,True,all agree,<0.10
2018,2018_R22_greater_western_sydney_v_sydney_2018-08-18,2,True,True,False,0.4939891895314051,0.6335036488378083,True,False,True,2 vs 1,>0.35
2018,2018_R22_richmond_v_essendon_2018-08-17,1,True,True,True,0.058916615019487195,0.9180741145322814,True,True,True,all agree,<0.10
2018,2018_R22_st_kilda_v_hawthorn_2018-08-18,1,True,True,True,0.022820368787295542,0.6536345093408426,True,True,True,all agree,<0.10
2018,2018_R22_west_coast_v_melbourne_2018-08-19,1,False,False,False,0.04287198418352278,0.333240325507231,False,False,False,all agree,<0.10
2018,2018_R23_brisbane_lions_v_west_coast_2018-08-26,1,False,False,False,0.055064750025277776,0.3540150247434149,False,False,False,all agree,<0.10
2018,2018_R23_carlton_v_adelaide_2018-08-25,1,True,True,True,0.019818076362084436,0.7773393956502938,True,True,True,all agree,<0.10
2018,2018_R23_fremantle_v_collingwood_2018-08-25,2,False,True,False,0.10826702764217985,0.22516717147015375,False,True,False,2 vs 1,0.10-0.20
2018,2018_R23_geelong_v_gold_coast_2018-08-25,1,True,True,True,0.02223850528504623,0.9846430320390903,True,True,True,all agree,<0.10
2018,2018_R23_melbourne_v_greater_western_sydney_2018-08-26,2,False,True,False,0.09564431836893897,0.27882601266553014,False,True,False,2 vs 1,<0.10
2018,2018_R23_port_adelaide_v_essendon_2018-08-24,2,False,False,False,0.09017674015253482,0.20957411888230013,False,False,False,2 vs 1,<0.10
2018,2018_R23_richmond_v_western_bulldogs_2018-08-25,1,True,True,True,0.14891937948735234,0.5797027186031722,True,True,True,all agree,0.10-0.20
2018,2018_R23_st_kilda_v_north_melbourne_2018-08-26,1,False,False,False,0.17476330022272502,0.5876358003819027,False,False,False,all agree,0.10-0.20
2018,2018_R23_sydney_v_hawthorn_2018-08-25,2,False,True,False,0.38143217880417124,0.38837482373364624,False,True,False,2 vs 1,>0.35
2018,2018_R2_adelaide_v_richmond_2018-03-29,2,False,True,False,0.29655397528724864,0.37927004551152416,False,True,False,2 vs 1,0.20-0.35
2018,2018_R2_brisbane_lions_v_melbourne_2018-03-31,1,False,False,False,0.10019608843779382,0.5546877543062351,False,False,False,all agree,0.10-0.20
2018,2018_R2_carlton_v_gold_coast_2018-03-31,1,True,True,True,0.4010199981051171,0.787128188799025,True,True,True,all agree,>0.35
2018,2018_R2_collingwood_v_greater_western_sydney_2018-03-31,1,True,True,True,0.38272186466152325,0.4240571221637462,True,True,True,all agree,>0.35
2018,2018_R2_fremantle_v_essendon_2018-03-31,1,True,True,True,0.45316160199653344,0.5104135496431302,True,True,True,all agree,>0.35
2018,2018_R2_geelong_v_hawthorn_2018-04-02,1,True,True,True,0.17832091250253557,0.8559998174891165,True,True,True,all agree,0.10-0.20
2018,2018_R2_north_melbourne_v_st_kilda_2018-03-30,2,False,False,False,0.08031265590889602,0.42377015483439884,False,False,False,2 vs 1,<0.10
2018,2018_R2_sydney_v_port_adelaide_2018-04-01,1,True,True,True,0.11071902808650491,0.8292867707661374,True,True,True,all agree,0.10-0.20
2018,2018_R2_western_bulldogs_v_west_coast_2018-04-01,1,False,False,False,0.07111179058421646,0.3491741698348398,False,False,False,all agree,<0.10
2018,2018_R3_carlton_v_collingwood_2018-04-06,1,True,True,True,0.11836010711652445,0.6996765058007556,True,True,True,all agree,0.10-0.20
2018,2018_R3_gold_coast_v_fremantle_2018-04-07,1,True,True,True,0.0493149015603388,0.9177819785545113,True,True,True,all agree,<0.10
2018,2018_R3_melbourne_v_north_melbourne_2018-04-07,2,False,True,False,0.08891070645278157,0.17912352120698957,False,True,False,2 vs 1,<0.10
2018,2018_R3_port_adelaide_v_brisbane_lions_2018-04-07,2,True,True,False,0.5659508575667066,0.7551479984530781,True,False,True,2 vs 1,>0.35
2018,2018_R3_richmond_v_hawthorn_2018-04-08,1,True,True,True,0.29917898455222136,0.857967096247043,True,True,True,all agree,0.20-0.35
2018,2018_R3_st_kilda_v_adelaide_2018-04-07,1,True,True,True,0.022892193402673955,0.28688196400116217,True,True,True,all agree,<0.10
2018,2018_R3_sydney_v_greater_western_sydney_2018-04-07,1,False,False,False,0.022692264834131004,0.5391357522392407,False,False,False,all agree,<0.10
2018,2018_R3_west_coast_v_geelong_2018-04-08,1,True,True,True,0.30643840177034015,0.42388917465947157,True,True,True,all agree,0.20-0.35
2018,2018_R3_western_bulldogs_v_essendon_2018-04-08,1,True,True,True,0.009102431629413377,0.6576889751372405,True,True,True,all agree,<0.10
2018,2018_R4_adelaide_v_collingwood_2018-04-13,2,True,True,False,0.14257442424888522,0.479958536688198,True,True,False,2 vs 1,0.10-0.20
2018,2018_R4_essendon_v_port_adelaide_2018-04-15,1,False,False,False,0.246470951925495,0.47341016740841796,False,False,False,all agree,0.20-0.35
2018,2018_R4_geelong_v_st_kilda_2018-04-15,1,False,False,False,0.07503696065227172,0.7073550830204329,False,False,False,all agree,<0.10
2018,2018_R4_greater_western_sydney_v_fremantle_2018-04-14,1,True,True,True,0.2586581914705376,0.35572347901441886,True,True,True,all agree,0.20-0.35
2018,2018_R4_hawthorn_v_melbourne_2018-04-15,1,True,True,True,0.07571767095183396,0.5152606599093773,True,True,True,all agree,<0.10
2018,2018_R4_north_melbourne_v_carlton_2018-04-14,1,False,False,False,0.1288042734861473,0.6016526857989148,False,False,False,all agree,0.10-0.20
2018,2018_R4_richmond_v_brisbane_lions_2018-04-14,1,True,True,True,0.08598185611557085,0.8944677414514626,True,True,True,all agree,<0.10
2018,2018_R4_west_coast_v_gold_coast_2018-04-14,1,True,True,True,0.009289758037481999,0.6395744310476064,True,True,True,all agree,<0.10
2018,2018_R4_western_bulldogs_v_sydney_2018-04-14,2,False,True,False,0.04643593117190453,0.32274143196751454,False,True,False,2 vs 1,<0.10
2018,2018_R5_brisbane_lions_v_gold_coast_2018-04-22,1,True,True,True,0.24098940278890613,0.5018092015734165,True,True,True,all agree,0.20-0.35
2018,2018_R5_carlton_v_west_coast_2018-04-21,2,True,True,False,0.10428180850510999,0.45401378493219724,True,False,True,2 vs 1,0.10-0.20
2018,2018_R5_collingwood_v_essendon_2018-04-25,1,False,False,False,0.06748283232632812,0.8519071521569653,False,False,False,all agree,<0.10
2018,2018_R5_fremantle_v_western_bulldogs_2018-04-21,1,True,True,True,0.129992327137604,0.9347509869100517,True,True,True,all agree,0.10-0.20
2018,2018_R5_melbourne_v_richmond_2018-04-24,1,True,True,True,0.3433296650438238,0.5642653064877969,True,True,True,all agree,0.20-0.35
2018,2018_R5_north_melbourne_v_hawthorn_2018-04-22,1,True,True,True,0.23129821325359828,0.5681460192289022,True,True,True,all agree,0.20-0.35
2018,2018_R5_port_adelaide_v_geelong_2018-04-21,1,False,False,False,0.24742595310184334,0.47801729980870783,False,False,False,all agree,0.20-0.35
2018,2018_R5_st_kilda_v_greater_western_sydney_2018-04-21,1,False,False,False,0.12355840605496635,0.278548722453178,False,False,False,all agree,0.10-0.20
2018,2018_R5_sydney_v_adelaide_2018-04-20,1,False,False,False,0.11184994620760025,0.35846251999645534,False,False,False,all agree,0.10-0.20
2018,2018_R6_adelaide_v_gold_coast_2018-04-28,3,False,True,False,0.1750844991000899,0.16592274003897553,False,False,True,all differ,0.10-0.20
2018,2018_R6_collingwood_v_richmond_2018-04-29,1,True,True,True,0.14456265224553033,0.3393255244344831,True,True,True,all agree,0.10-0.20
2018,2018_R6_essendon_v_melbourne_2018-04-29,1,True,True,True,0.23157745453466183,0.6152330178832642,True,True,True,all agree,0.20-0.35
2018,2018_R6_fremantle_v_west_coast_2018-04-29,2,True,True,False,0.2510175991038323,0.3589672891164433,True,False,True,2 vs 1,0.20-0.35
2018,2018_R6_geelong_v_sydney_2018-04-28,1,True,True,True,0.06275487680706804,0.8504610658626266,True,True,True,all agree,<0.10
2018,2018_R6_greater_western_sydney_v_brisbane_lions_2018-04-28,2,False,False,False,0.17790413685416284,0.3319779187553846,False,False,False,2 vs 1,0.10-0.20
2018,2018_R6_hawthorn_v_st_kilda_2018-04-28,1,False,False,False,0.172691002197787,0.8897729235904744,False,False,False,all agree,0.10-0.20
2018,2018_R6_north_melbourne_v_port_adelaide_2018-04-28,2,True,True,False,0.07411349086867569,0.39457730839611976,False,True,True,2 vs 1,<0.10
2018,2018_R6_western_bulldogs_v_carlton_2018-04-27,2,True,True,False,0.2433675650645175,0.324013232924145,False,True,False,2 vs 1,0.20-0.35
2018,2018_R7_adelaide_v_carlton_2018-05-05,2,False,True,False,0.423593217206875,0.35893615673073714,True,False,True,2 vs 1,>0.35
2018,2018_R7_brisbane_lions_v_collingwood_2018-05-06,1,False,False,False,0.26708028368714154,0.758064324630405,False,False,False,all agree,0.20-0.35
2018,2018_R7_essendon_v_hawthorn_2018-05-05,2,True,True,False,0.18008688988603655,0.44068965357357476,True,False,True,2 vs 1,0.10-0.20
2018,2018_R7_geelong_v_greater_western_sydney_2018-05-04,2,False,False,False,0.23230597258098507,0.355228887601268,False,False,False,2 vs 1,0.20-0.35
2018,2018_R7_richmond_v_fremantle_2018-05-06,2,False,False,False,0.08671132514023724,0.2219113598200648,False,False,False,2 vs 1,<0.10
2018,2018_R7_st_kilda_v_melbourne_2018-05-06,1,True,True,True,0.09062556322458082,0.715641917351301,True,True,True,all agree,<0.10
2018,2018_R7_sydney_v_north_melbourne_2018-05-05,1,False,False,False,0.0524002691765868,0.357535654648911,False,False,False,all agree,<0.10
2018,2018_R7_west_coast_v_port_adelaide_2018-05-05,1,True,True,True,0.04037279206260641,0.3642452336228557,True,True,True,all agree,<0.10
2018,2018_R7_western_bulldogs_v_gold_coast_2018-05-05,1,True,True,True,0.009432195839808255,0.921113335415893,True,True,True,all agree,<0.10
2018,2018_R8_carlton_v_essendon_2018-05-12,2,False,False,False,0.29302395329187947,0.35691149776509695,False,False,False,2 vs 1,0.20-0.35
2018,2018_R8_collingwood_v_geelong_2018-05-13,1,True,True,True,0.40397747136041673,0.368830618815839,True,True,True,all agree,>0.35
2018,2018_R8_fremantle_v_st_kilda_2018-05-12,1,False,False,False,0.07077312998643781,0.7635678442417374,False,False,False,all agree,<0.10
2018,2018_R8_gold_coast_v_melbourne_2018-05-12,2,False,True,False,0.20046458662197147,0.3051986302413421,False,True,False,2 vs 1,0.20-0.35
2018,2018_R8_greater_western_sydney_v_west_coast_2018-05-12,1,True,True,True,0.12444855575374414,0.7124429850414491,True,True,True,all agree,0.10-0.20
2018,2018_R8_hawthorn_v_sydney_2018-05-11,2,True,True,False,0.607664253238041,0.3824317751526354,True,False,True,2 vs 1,>0.35
2018,2018_R8_north_melbourne_v_richmond_2018-05-13,1,False,False,False,0.04407586444933975,0.6166805423000942,False,False,False,all agree,<0.10
2018,2018_R8_port_adelaide_v_adelaide_2018-05-12,1,True,True,True,0.22228159915027634,0.7767392679478328,True,True,True,all agree,0.20-0.35
2018,2018_R8_western_bulldogs_v_brisbane_lions_2018-05-12,1,True,True,True,0.15607250301037456,0.862390764788766,True,True,True,all agree,0.10-0.20
2018,2018_R9_adelaide_v_western_bulldogs_2018-05-18,1,False,False,False,0.16670739740887497,0.518855280784616,False,False,False,all agree,0.10-0.20
2018,2018_R9_brisbane_lions_v_hawthorn_2018-05-20,2,False,False,False,0.2678832571086872,0.3921783170036612,False,False,False,2 vs 1,0.20-0.35
2018,2018_R9_carlton_v_melbourne_2018-05-20,1,True,True,True,0.33303364192324325,0.5373345243608396,True,True,True,all agree,0.20-0.35
2018,2018_R9_essendon_v_geelong_2018-05-19,1,False,False,False,0.0906703625956995,0.43140373316841346,False,False,False,all agree,<0.10
2018,2018_R9_gold_coast_v_port_adelaide_2018-05-19,2,False,True,False,0.2412657485108886,0.31684710265933697,True,False,True,2 vs 1,0.20-0.35
2018,2018_R9_north_melbourne_v_greater_western_sydney_2018-05-19,2,False,True,False,0.08318539638927408,0.3497103808802589,False,False,True,2 vs 1,<0.10
2018,2018_R9_st_kilda_v_collingwood_2018-05-19,2,False,False,False,0.1869768246011392,0.2799142049114451,False,False,False,2 vs 1,0.10-0.20
2018,2018_R9_sydney_v_fremantle_2018-05-19,1,True,True,True,0.1159323515529449,0.7486308855263569,True,True,True,all agree,0.10-0.20
2018,2018_R9_west_coast_v_richmond_2018-05-20,1,False,False,False,0.09599388441992773,0.9325878364327992,False,False,False,all agree,<0.10
2019,2019_R10_adelaide_v_west_coast_2019-05-25,1,False,False,False,0.10351367044319104,0.35297935881764103,False,False,False,all agree,0.10-0.20
2019,2019_R10_fremantle_v_brisbane_lions_2019-05-26,2,False,True,False,0.21281990993947475,0.263012476315257,False,True,False,2 vs 1,0.20-0.35
2019,2019_R10_gold_coast_v_geelong_2019-05-25,1,True,True,True,0.11459459865770022,0.5342447650110378,True,True,True,all agree,0.10-0.20
2019,2019_R10_hawthorn_v_port_adelaide_2019-05-25,1,True,True,True,0.1596897825620942,0.8558426334625792,True,True,True,all agree,0.10-0.20
2019,2019_R10_melbourne_v_greater_western_sydney_2019-05-26,2,False,True,False,0.22805225324393996,0.38471957961277786,True,False,False,2 vs 1,0.20-0.35
2019,2019_R10_richmond_v_essendon_2019-05-25,1,True,True,True,0.15231881760785354,0.4444050794670846,True,True,True,all agree,0.10-0.20
2019,2019_R10_st_kilda_v_carlton_2019-05-26,1,True,True,True,0.10770176179346969,0.4628353997994458,True,True,True,all agree,0.10-0.20
2019,2019_R10_sydney_v_collingwood_2019-05-24,1,False,False,False,0.09525570090969193,0.5895054077151579,False,False,False,all agree,<0.10
2019,2019_R10_western_bulldogs_v_north_melbourne_2019-05-25,1,True,True,True,0.4125781002102194,0.6905656412167328,True,True,True,all agree,>0.35
2019,2019_R11_brisbane_lions_v_hawthorn_2019-06-01,1,True,True,True,0.3074659531719388,0.5732117051322163,True,True,True,all agree,0.20-0.35
2019,2019_R11_collingwood_v_fremantle_2019-06-01,2,True,True,False,0.3074564698976592,0.4568238888632589,True,True,False,2 vs 1,0.20-0.35
2019,2019_R11_essendon_v_carlton_2019-06-02,1,True,True,True,0.2048577511516959,0.5865075998576385,True,True,True,all agree,0.20-0.35
2019,2019_R11_geelong_v_sydney_2019-06-01,1,False,False,False,0.027195078351594293,0.8228719246997901,False,False,False,all agree,<0.10
2019,2019_R11_greater_western_sydney_v_gold_coast_2019-06-01,1,True,True,True,0.10118227105405675,0.8028136989665059,True,True,True,all agree,0.10-0.20
2019,2019_R11_melbourne_v_adelaide_2019-06-01,1,True,True,True,0.09976343124583642,0.4997587517325314,True,True,True,all agree,<0.10
2019,2019_R11_north_melbourne_v_richmond_2019-05-31,1,False,False,False,0.12418338584785449,0.521820566211829,False,False,False,all agree,0.10-0.20
2019,2019_R11_st_kilda_v_port_adelaide_2019-06-02,1,True,True,True,0.14114027371535603,0.5238280390135468,True,True,True,all agree,0.10-0.20
2019,2019_R11_west_coast_v_western_bulldogs_2019-06-02,1,False,False,False,0.16514136570688853,0.5884012535379769,False,False,False,all agree,0.10-0.20
2019,2019_R12_adelaide_v_greater_western_sydney_2019-06-08,2,True,True,False,0.17376345279040606,0.2733941688659964,False,True,False,2 vs 1,0.10-0.20
2019,2019_R12_carlton_v_brisbane_lions_2019-06-08,1,True,True,True,0.04333386031134867,0.9776104232345122,True,True,True,all agree,<0.10
2019,2019_R12_collingwood_v_melbourne_2019-06-10,2,False,True,False,0.39387407480208164,0.416788908100187,True,False,True,2 vs 1,>0.35
2019,2019_R12_gold_coast_v_north_melbourne_2019-06-08,1,True,True,True,0.244941982014647,0.531793892749767,True,True,True,all agree,0.20-0.35
2019,2019_R12_richmond_v_geelong_2019-06-07,1,True,True,True,0.05637512064198558,0.8217152929727725,True,True,True,all agree,<0.10
2019,2019_R12_sydney_v_west_coast_2019-06-09,1,True,True,True,0.11618175419452348,0.7621611886461771,True,True,True,all agree,0.10-0.20
2019,2019_R13_adelaide_v_richmond_2019-06-13,1,True,True,True,0.1970752549299829,0.6161641791996401,True,True,True,all agree,0.10-0.20
2019,2019_R13_carlton_v_western_bulldogs_2019-06-15,2,False,True,False,0.29396896807703954,0.4906785400572611,True,False,False,2 vs 1,0.20-0.35
2019,2019_R13_essendon_v_hawthorn_2019-06-14,1,True,True,True,0.07965900233454354,0.31141343721644316,True,True,True,all agree,<0.10
2019,2019_R13_fremantle_v_port_adelaide_2019-06-15,1,True,True,True,0.07989066059777672,0.8350768425209191,True,True,True,all agree,<0.10
2019,2019_R13_gold_coast_v_st_kilda_2019-06-15,1,True,True,True,0.07838314660913048,0.7733571639734383,True,True,True,all agree,<0.10
2019,2019_R13_north_melbourne_v_greater_western_sydney_2019-06-16,1,False,False,False,0.08199580066437273,0.5519373340000854,False,False,False,all agree,<0.10
2019,2019_R14_melbourne_v_fremantle_2019-06-22,1,True,True,True,0.11054966283665296,0.44852356832288237,True,True,True,all agree,0.10-0.20
2019,2019_R14_port_adelaide_v_geelong_2019-06-22,2,True,True,False,0.31899923078328,0.4015301693124446,True,True,False,2 vs 1,0.20-0.35
2019,2019_R14_st_kilda_v_brisbane_lions_2019-06-22,1,False,False,False,0.06593039139395801,0.36393865672622217,False,False,False,all agree,<0.10
2019,2019_R14_sydney_v_hawthorn_2019-06-21,1,True,True,True,0.12066208125389444,0.759995678779316,True,True,True,all agree,0.10-0.20
2019,2019_R14_west_coast_v_essendon_2019-06-20,1,True,True,True,0.14953142212077852,0.6291242450612383,True,True,True,all agree,0.10-0.20
2019,2019_R14_western_bulldogs_v_collingwood_2019-06-23,1,True,True,True,0.06816221536633393,0.6987037286065876,True,True,True,all agree,<0.10
2019,2019_R15_brisbane_lions_v_melbourne_2019-06-30,2,False,False,False,0.2768690940311387,0.38951921419504093,False,False,False,2 vs 1,0.20-0.35
2019,2019_R15_collingwood_v_north_melbourne_2019-06-29,1,True,True,True,0.09638817885596024,0.5225206152200365,True,True,True,all agree,<0.10
2019,2019_R15_essendon_v_greater_western_sydney_2019-06-27,1,False,False,False,0.07303452374460895,0.36857490080868116,False,False,False,all agree,<0.10
2019,2019_R15_fremantle_v_carlton_2019-06-30,1,True,True,True,0.16514079986238395,0.49351695786686545,True,True,True,all agree,0.10-0.20
2019,2019_R15_geelong_v_adelaide_2019-06-28,1,True,True,True,0.09249722692960638,0.7528614883327974,True,True,True,all agree,<0.10
2019,2019_R15_hawthorn_v_west_coast_2019-06-29,1,True,True,True,0.09756373560291287,0.6062575613735709,True,True,True,all agree,<0.10
2019,2019_R15_port_adelaide_v_western_bulldogs_2019-06-29,1,False,False,False,0.1796782352034958,0.5645438047574387,False,False,False,all agree,0.10-0.20
2019,2019_R15_st_kilda_v_richmond_2019-06-30,1,True,True,True,0.057794302547869436,0.7768432733505164,True,True,True,all agree,<0.10
2019,2019_R15_sydney_v_gold_coast_2019-06-29,1,True,True,True,0.10337539964767961,0.4726413091268495,True,True,True,all agree,0.10-0.20
2019,2019_R16_adelaide_v_port_adelaide_2019-07-06,1,True,True,True,0.032785449671435596,0.3376965219427152,True,True,True,all agree,<0.10
2019,2019_R16_carlton_v_melbourne_2019-07-07,1,True,True,True,0.04342613426795594,0.8391749126790023,True,True,True,all agree,<0.10
2019,2019_R16_essendon_v_sydney_2019-07-06,1,True,True,True,0.009782478103555425,0.378638805539764,True,True,True,all agree,<0.10
2019,2019_R16_fremantle_v_west_coast_2019-07-06,1,False,False,False,0.17323634665676213,0.43801467809190164,False,False,False,all agree,0.10-0.20
2019,2019_R16_gold_coast_v_richmond_2019-07-06,1,False,False,False,0.09193569755308167,0.348827719635541,False,False,False,all agree,<0.10
2019,2019_R16_greater_western_sydney_v_brisbane_lions_2019-07-07,1,True,True,True,0.2263479468814309,0.610559324926878,True,True,True,all agree,0.20-0.35
2019,2019_R16_hawthorn_v_collingwood_2019-07-05,1,True,True,True,0.13858814493932525,0.6569313484419639,True,True,True,all agree,0.10-0.20
2019,2019_R16_north_melbourne_v_st_kilda_2019-07-07,1,False,False,False,0.17948787944340994,0.4670912405365777,False,False,False,all agree,0.10-0.20
2019,2019_R16_western_bulldogs_v_geelong_2019-07-06,1,False,False,False,0.11177059305972381,0.3322008691086132,False,False,False,all agree,0.10-0.20
2019,2019_R17_essendon_v_north_melbourne_2019-07-13,1,False,False,False,0.2930461387354212,0.7837441459558621,False,False,False,all agree,0.20-0.35
2019,2019_R17_geelong_v_st_kilda_2019-07-13,1,True,True,True,0.1216229914308602,0.7062084607669569,True,True,True,all agree,0.10-0.20
2019,2019_R17_gold_coast_v_adelaide_2019-07-13,1,True,True,True,0.12641277582418065,0.4960512471132801,True,True,True,all agree,0.10-0.20
2019,2019_R17_hawthorn_v_fremantle_2019-07-13,1,False,False,False,0.08902037929486756,0.5138333157317123,False,False,False,all agree,<0.10
2019,2019_R17_port_adelaide_v_brisbane_lions_2019-07-14,1,True,True,True,0.07404120458256502,0.8209767765262529,True,True,True,all agree,<0.10
2019,2019_R17_richmond_v_greater_western_sydney_2019-07-14,1,False,False,False,0.03414740481808021,0.31138117066267257,False,False,False,all agree,<0.10
2019,2019_R17_sydney_v_carlton_2019-07-13,1,True,True,True,0.17595544971226712,0.3871496470981455,True,True,True,all agree,0.10-0.20
2019,2019_R17_west_coast_v_collingwood_2019-07-12,2,False,False,False,0.06138379102742367,0.26010960705993497,False,False,False,2 vs 1,<0.10
2019,2019_R17_western_bulldogs_v_melbourne_2019-07-14,1,True,True,True,0.10647185160173134,0.9309149533139301,True,True,True,all agree,0.10-0.20
2019,2019_R18_adelaide_v_essendon_2019-07-19,1,True,True,True,0.19665357055480331,0.5407082210638366,True,True,True,all agree,0.10-0.20
2019,2019_R18_brisbane_lions_v_north_melbourne_2019-07-20,1,True,True,True,0.024144559181975556,0.9183318895364523,True,True,True,all agree,<0.10
2019,2019_R18_carlton_v_gold_coast_2019-07-20,1,True,True,True,0.1905391022820353,0.5164165288350361,True,True,True,all agree,0.10-0.20
2019,2019_R18_fremantle_v_sydney_2019-07-20,1,True,True,True,0.2862994511060533,0.4818847344238429,True,True,True,all agree,0.20-0.35
2019,2019_R18_geelong_v_hawthorn_2019-07-21,1,True,True,True,0.06353845000762481,0.764873084814064,True,True,True,all agree,<0.10
2019,2019_R18_greater_western_sydney_v_collingwood_2019-07-20,2,False,True,False,0.36294595052973894,0.5407685497288627,False,False,True,2 vs 1,>0.35
2019,2019_R18_melbourne_v_west_coast_2019-07-21,1,True,True,True,0.1468235406852228,0.4086585362742454,True,True,True,all agree,0.10-0.20
2019,2019_R18_richmond_v_port_adelaide_2019-07-20,2,True,True,False,0.09536459895545218,0.3078384755114789,True,False,True,2 vs 1,<0.10
2019,2019_R18_st_kilda_v_western_bulldogs_2019-07-21,2,False,True,False,0.0714629788601257,0.18990869232551807,True,False,False,2 vs 1,<0.10
2019,2019_R19_carlton_v_adelaide_2019-07-27,1,True,True,True,0.037495262903419646,0.9276462421205633,True,True,True,all agree,<0.10
2019,2019_R19_collingwood_v_richmond_2019-07-26,1,True,True,True,0.1561216611809329,0.5440554195252285,True,True,True,all agree,0.10-0.20
2019,2019_R19_gold_coast_v_essendon_2019-07-28,1,False,False,False,0.06833590754521102,0.323516299392815,False,False,False,all agree,<0.10
2019,2019_R19_hawthorn_v_brisbane_lions_2019-07-27,1,True,True,True,0.13780778925325515,0.5231646244525182,True,True,True,all agree,0.10-0.20
2019,2019_R19_port_adelaide_v_greater_western_sydney_2019-07-27,1,False,False,False,0.20478413042742832,0.5375782913516501,False,False,False,all agree,0.20-0.35
2019,2019_R19_st_kilda_v_melbourne_2019-07-27,1,True,True,True,0.05292346675611004,0.7691852292565878,True,True,True,all agree,<0.10
2019,2019_R19_sydney_v_geelong_2019-07-28,1,False,False,False,0.1936365701856111,0.6489666126579721,False,False,False,all agree,0.10-0.20
2019,2019_R19_west_coast_v_north_melbourne_2019-07-27,1,True,True,True,0.09765708154691655,0.5837645329848198,True,True,True,all agree,<0.10
2019,2019_R19_western_bulldogs_v_fremantle_2019-07-28,1,False,False,False,0.18028538891490298,0.6832227817722204,False,False,False,all agree,0.10-0.20
2019,2019_R1_adelaide_v_hawthorn_2019-03-23,2,False,True,False,0.18831838537206672,0.24458420859794414,True,False,False,2 vs 1,0.10-0.20
2019,2019_R1_brisbane_lions_v_west_coast_2019-03-23,3,False,True,False,0.11343056993814221,0.2043992568888817,True,False,False,all differ,0.10-0.20
2019,2019_R1_carlton_v_richmond_2019-03-21,3,False,True,False,0.08735469376415966,0.28529152109538997,False,True,False,all differ,<0.10
2019,2019_R1_collingwood_v_geelong_2019-03-22,2,True,True,False,0.275721509285697,0.2994247184142165,False,True,True,2 vs 1,0.20-0.35
2019,2019_R1_fremantle_v_north_melbourne_2019-03-24,2,True,True,False,0.3866555657003588,0.5880353077278806,False,True,True,2 vs 1,>0.35
2019,2019_R1_greater_western_sydney_v_essendon_2019-03-24,1,False,False,False,0.13740597064160198,0.7750281320633388,False,False,False,all agree,0.10-0.20
2019,2019_R1_melbourne_v_port_adelaide_2019-03-23,2,False,True,False,0.3124393690718252,0.4850240206310672,False,True,False,2 vs 1,0.20-0.35
2019,2019_R1_st_kilda_v_gold_coast_2019-03-24,1,True,True,True,0.11337860256270896,0.2805650589321205,True,True,True,all agree,0.10-0.20
2019,2019_R1_western_bulldogs_v_sydney_2019-03-23,1,True,True,True,0.07533132857241681,0.35532970656433477,True,True,True,all agree,<0.10
2019,2019_R20_adelaide_v_st_kilda_2019-08-03,2,False,True,False,0.10702153806765996,0.4104701241881053,True,False,False,2 vs 1,0.10-0.20
2019,2019_R20_brisbane_lions_v_western_bulldogs_2019-08-04,1,False,False,False,0.2915696509998098,0.567973252821902,False,False,False,all agree,0.20-0.35
2019,2019_R20_carlton_v_west_coast_2019-08-04,2,False,False,False,0.23445708755295303,0.27014861202252394,False,False,False,2 vs 1,0.20-0.35
2019,2019_R20_collingwood_v_gold_coast_2019-08-04,1,True,True,True,0.05629527450629779,0.7298157673433835,True,True,True,all agree,<0.10
2019,2019_R20_essendon_v_port_adelaide_2019-08-03,1,True,True,True,0.06875297723208962,0.5526263872382194,True,True,True,all agree,<0.10
2019,2019_R20_fremantle_v_geelong_2019-08-03,1,True,True,True,0.2634126348643266,0.431343750815154,True,True,True,all agree,0.20-0.35
2019,2019_R20_greater_western_sydney_v_sydney_2019-08-03,1,False,False,False,0.07899567684654041,0.4085308116759663,False,False,False,all agree,<0.10
2019,2019_R20_melbourne_v_richmond_2019-08-03,1,True,True,True,0.15866445067819124,0.6553556825056962,True,True,True,all agree,0.10-0.20
2019,2019_R20_north_melbourne_v_hawthorn_2019-08-02,1,True,True,True,0.06906933637468243,0.3675915556704245,True,True,True,all agree,<0.10
2019,2019_R21_brisbane_lions_v_gold_coast_2019-08-10,1,False,False,False,0.06832182643859475,0.7917892612599121,False,False,False,all agree,<0.10
2019,2019_R21_essendon_v_western_bulldogs_2019-08-10,2,False,True,False,0.2342603642919106,0.49281885533557085,False,True,False,2 vs 1,0.20-0.35
2019,2019_R21_geelong_v_north_melbourne_2019-08-10,1,True,True,True,0.16464399470155722,0.7401262492938442,True,True,True,all agree,0.10-0.20
2019,2019_R21_greater_western_sydney_v_hawthorn_2019-08-09,1,False,False,False,0.10939971234415657,0.39879322672386247,False,False,False,all agree,0.10-0.20
2019,2019_R21_melbourne_v_collingwood_2019-08-10,2,True,True,False,0.07634129194901787,0.21474087074219927,True,False,True,2 vs 1,<0.10
2019,2019_R21_port_adelaide_v_sydney_2019-08-10,2,False,False,False,0.3335750779260699,0.31578715345493125,False,False,False,2 vs 1,0.20-0.35
2019,2019_R21_richmond_v_carlton_2019-08-11,1,False,False,False,0.0939082762889597,0.6385578163656357,False,False,False,all agree,<0.10
2019,2019_R21_st_kilda_v_fremantle_2019-08-11,1,True,True,True,0.07905513215631788,0.8258864098834365,True,True,True,all agree,<0.10
2019,2019_R21_west_coast_v_adelaide_2019-08-11,1,False,False,False,0.16895321049345013,0.7221561331775689,False,False,False,all agree,0.10-0.20
2019,2019_R22_adelaide_v_collingwood_2019-08-17,1,True,True,True,0.08207198853126318,0.4621751898305391,True,True,True,all agree,<0.10
2019,2019_R22_brisbane_lions_v_geelong_2019-08-17,1,False,False,False,0.08807165886067181,0.6451820169348105,False,False,False,all agree,<0.10
2019,2019_R22_carlton_v_st_kilda_2019-08-17,2,False,True,False,0.20238691834348624,0.2627200819497683,False,True,False,2 vs 1,0.20-0.35
2019,2019_R22_fremantle_v_essendon_2019-08-17,1,True,True,True,0.10231895489419013,0.4364969392699401,True,True,True,all agree,0.10-0.20
2019,2019_R22_greater_western_sydney_v_western_bulldogs_2019-08-18,1,False,False,False,0.04713747166884519,0.5403426588432191,False,False,False,all agree,<0.10
2019,2019_R22_hawthorn_v_gold_coast_2019-08-18,1,True,True,True,0.2735769186583473,0.7338951159145614,True,True,True,all agree,0.20-0.35
2019,2019_R22_melbourne_v_sydney_2019-08-16,1,True,True,True,0.14685007674496625,0.34848492312683393,True,True,True,all agree,0.10-0.20
2019,2019_R22_north_melbourne_v_port_adelaide_2019-08-17,1,True,True,True,0.15172975876851846,0.5411403175004087,True,True,True,all agree,0.10-0.20
2019,2019_R22_richmond_v_west_coast_2019-08-18,1,True,True,True,0.02488766088744021,0.7387634147146779,True,True,True,all agree,<0.10
2019,2019_R23_collingwood_v_essendon_2019-08-23,1,True,True,True,0.10675311932591891,0.694145271919251,True,True,True,all agree,0.10-0.20
2019,2019_R23_geelong_v_carlton_2019-08-24,1,True,True,True,0.16469964758001754,0.8939608796325146,True,True,True,all agree,0.10-0.20
2019,2019_R23_gold_coast_v_greater_western_sydney_2019-08-24,1,True,True,True,0.06764102300218555,0.9619994434945126,True,True,True,all agree,<0.10
2019,2019_R23_north_melbourne_v_melbourne_2019-08-24,1,True,True,True,0.28145292099954067,0.7014291975379939,True,True,True,all agree,0.20-0.35
2019,2019_R23_port_adelaide_v_fremantle_2019-08-25,1,True,True,True,0.19531203330980118,0.671986578637276,True,True,True,all agree,0.10-0.20
2019,2019_R23_richmond_v_brisbane_lions_2019-08-25,1,True,True,True,0.40852483961928576,0.7715481420135238,True,True,True,all agree,>0.35
2019,2019_R23_sydney_v_st_kilda_2019-08-24,1,True,True,True,0.030893137405675897,0.8003029453956745,True,True,True,all agree,<0.10
2019,2019_R23_west_coast_v_hawthorn_2019-08-24,1,True,True,True,0.03411265603715108,0.22986707215345747,True,True,True,all agree,<0.10
2019,2019_R23_western_bulldogs_v_adelaide_2019-08-25,2,False,True,False,0.10273763585032675,0.2913092272575,True,False,False,2 vs 1,0.10-0.20
2019,2019_R2_essendon_v_st_kilda_2019-03-30,1,False,False,False,0.2474301793641534,0.419540159668042,False,False,False,all agree,0.20-0.35
2019,2019_R2_geelong_v_melbourne_2019-03-30,1,True,True,True,0.09185374842925786,0.8730859583506906,True,True,True,all agree,<0.10
2019,2019_R2_gold_coast_v_fremantle_2019-03-31,2,False,False,False,0.14669210188794418,0.2400428625507085,False,False,False,2 vs 1,0.10-0.20
2019,2019_R2_hawthorn_v_western_bulldogs_2019-03-31,1,True,True,True,0.20079302330239407,0.45864522723420714,True,True,True,all agree,0.20-0.35
2019,2019_R2_north_melbourne_v_brisbane_lions_2019-03-31,1,True,True,True,0.17291689428580148,0.8209384305710371,True,True,True,all agree,0.10-0.20
2019,2019_R2_port_adelaide_v_carlton_2019-03-30,1,False,False,False,0.0596987400216073,0.3961099601371579,False,False,False,all agree,<0.10
2019,2019_R2_richmond_v_collingwood_2019-03-28,1,False,False,False,0.13787683337994078,0.37113764825231615,False,False,False,all agree,0.10-0.20
2019,2019_R2_sydney_v_adelaide_2019-03-29,1,False,False,False,0.15394819426496048,0.4748114843025181,False,False,False,all agree,0.10-0.20
2019,2019_R2_west_coast_v_greater_western_sydney_2019-03-30,1,True,True,True,0.15915628365691925,0.4689118222598136,True,True,True,all agree,0.10-0.20
2019,2019_R3_adelaide_v_geelong_2019-04-04,1,True,True,True,0.07478070730607,0.8336596174222605,True,True,True,all agree,<0.10
2019,2019_R3_brisbane_lions_v_port_adelaide_2019-04-06,1,False,False,False,0.2530293103834398,0.764455856422462,False,False,False,all agree,0.20-0.35
2019,2019_R3_carlton_v_sydney_2019-04-06,1,True,True,True,0.036779213815517964,0.6622455286418677,True,True,True,all agree,<0.10
2019,2019_R3_collingwood_v_west_coast_2019-04-06,2,True,True,False,0.20146543062956868,0.272460582188325,False,True,True,2 vs 1,0.20-0.35
2019,2019_R3_fremantle_v_st_kilda_2019-04-07,2,True,True,False,0.24783359469853156,0.40783697625460363,True,False,True,2 vs 1,0.20-0.35
2019,2019_R3_greater_western_sydney_v_richmond_2019-04-06,1,True,True,True,0.09658764097425554,0.8461471279284148,True,True,True,all agree,<0.10
2019,2019_R3_hawthorn_v_north_melbourne_2019-04-07,2,True,True,False,0.2334594531963232,0.28422006285054824,True,False,True,2 vs 1,0.20-0.35
2019,2019_R3_melbourne_v_essendon_2019-04-05,2,False,False,False,0.1730819023998279,0.3044635275080114,False,False,False,2 vs 1,0.10-0.20
2019,2019_R3_western_bulldogs_v_gold_coast_2019-04-07,1,True,True,True,0.0495010292228239,0.2375911393730452,True,True,True,all agree,<0.10
2019,2019_R4_collingwood_v_western_bulldogs_2019-04-12,2,True,True,False,0.3627651732255981,0.5331560938232331,True,False,True,2 vs 1,>0.35
2019,2019_R4_essendon_v_brisbane_lions_2019-04-13,1,True,True,True,0.06012604067855487,0.7202585075526602,True,True,True,all agree,<0.10
2019,2019_R4_geelong_v_greater_western_sydney_2019-04-13,1,True,True,True,0.014408220905448632,0.2701177238373513,True,True,True,all agree,<0.10
2019,2019_R4_gold_coast_v_carlton_2019-04-14,1,True,True,True,0.2199369646398096,0.5362530668129486,True,True,True,all agree,0.20-0.35
2019,2019_R4_north_melbourne_v_adelaide_2019-04-13,1,True,True,True,0.021208880647031803,0.4600509052891067,True,True,True,all agree,<0.10
2019,2019_R4_port_adelaide_v_richmond_2019-04-13,1,False,False,False,0.18144799076860818,0.39705798614112536,False,False,False,all agree,0.10-0.20
2019,2019_R4_st_kilda_v_hawthorn_2019-04-14,1,True,True,True,0.0326628072357823,0.775072835829841,True,True,True,all agree,<0.10
2019,2019_R4_sydney_v_melbourne_2019-04-11,1,True,True,True,0.1671804691469161,0.4792818427406593,True,True,True,all agree,0.10-0.20
2019,2019_R4_west_coast_v_fremantle_2019-04-13,1,False,False,False,0.0666486152534862,0.3481628546955342,False,False,False,all agree,<0.10
2019,2019_R5_adelaide_v_gold_coast_2019-04-21,2,True,True,False,0.1705801914563247,0.2770095966857776,True,True,False,2 vs 1,0.10-0.20
2019,2019_R5_brisbane_lions_v_collingwood_2019-04-18,1,True,True,True,0.014567752175914883,0.6695000424326624,True,True,True,all agree,<0.10
2019,2019_R5_greater_western_sydney_v_fremantle_2019-04-20,1,True,True,True,0.06919082787066716,0.3068796573566216,True,True,True,all agree,<0.10
2019,2019_R5_hawthorn_v_geelong_2019-04-22,3,False,True,False,0.10240985408903425,0.24603605622771155,False,True,False,all differ,0.10-0.20
2019,2019_R5_melbourne_v_st_kilda_2019-04-20,2,True,True,False,0.09693919816237856,0.2153472685104092,True,False,True,2 vs 1,<0.10
2019,2019_R5_north_melbourne_v_essendon_2019-04-19,1,False,False,False,0.21195449542052786,0.5702499546555787,False,False,False,all agree,0.20-0.35
2019,2019_R5_richmond_v_sydney_2019-04-20,2,True,True,False,0.3408408591646517,0.49484264284285445,True,True,False,2 vs 1,0.20-0.35
2019,2019_R5_west_coast_v_port_adelaide_2019-04-19,1,True,True,True,0.17044041249859798,0.573799397683049,True,True,True,all agree,0.10-0.20
2019,2019_R5_western_bulldogs_v_carlton_2019-04-21,1,False,False,False,0.17823153594412244,0.5533699393075997,False,False,False,all agree,0.10-0.20
2019,2019_R6_essendon_v_collingwood_2019-04-25,1,True,True,True,0.21031267530519404,0.503603108696478,True,True,True,all agree,0.20-0.35
2019,2019_R6_fremantle_v_western_bulldogs_2019-04-27,3,True,True,False,0.15533015328642866,0.2540802052421423,True,False,False,all differ,0.10-0.20
2019,2019_R6_geelong_v_west_coast_2019-04-28,2,False,True,False,0.3266728096418383,0.391430500136529,False,False,True,2 vs 1,0.20-0.35
2019,2019_R6_gold_coast_v_brisbane_lions_2019-04-27,1,True,True,True,0.1982610971969741,0.4047683007978237,True,True,True,all agree,0.10-0.20
2019,2019_R6_hawthorn_v_carlton_2019-04-28,1,True,True,True,0.22376667057973,0.8021218128519202,True,True,True,all agree,0.20-0.35
2019,2019_R6_port_adelaide_v_north_melbourne_2019-04-26,2,True,True,False,0.11210062240972557,0.46281050068061114,False,True,False,2 vs 1,0.10-0.20
2019,2019_R6_richmond_v_melbourne_2019-04-24,3,False,True,False,0.1842034316944588,0.23664779193134614,True,False,False,all differ,0.10-0.20
2019,2019_R6_st_kilda_v_adelaide_2019-04-27,2,False,False,False,0.1340099314954994,0.3269005069327217,False,False,False,2 vs 1,0.10-0.20
2019,2019_R6_sydney_v_greater_western_sydney_2019-04-27,2,False,False,False,0.06844400779696949,0.2407712248212425,False,False,False,2 vs 1,<0.10
2019,2019_R7_adelaide_v_fremantle_2019-05-05,2,False,False,False,0.04450166987333232,0.21185679152961542,False,False,False,2 vs 1,<0.10
2019,2019_R7_brisbane_lions_v_sydney_2019-05-04,1,True,True,True,0.12871656122836772,0.6465305202402596,True,True,True,all agree,0.10-0.20
2019,2019_R7_carlton_v_north_melbourne_2019-05-05,3,False,True,False,0.07801855121352855,0.28184183472306623,False,True,False,all differ,<0.10
2019,2019_R7_collingwood_v_port_adelaide_2019-05-03,1,True,True,True,0.10218940327437243,0.5307976518073168,True,True,True,all agree,0.10-0.20
2019,2019_R7_geelong_v_essendon_2019-05-05,1,False,False,False,0.06917225591493836,0.5837577020868389,False,False,False,all agree,<0.10
2019,2019_R7_greater_western_sydney_v_st_kilda_2019-05-04,1,True,True,True,0.09939965440654497,0.6671115642112858,True,True,True,all agree,<0.10
2019,2019_R7_melbourne_v_hawthorn_2019-05-04,1,True,True,True,0.22684802511062968,0.4902983206290357,True,True,True,all agree,0.20-0.35
2019,2019_R7_west_coast_v_gold_coast_2019-05-04,3,False,False,False,0.019890821404785486,0.2895498922054866,False,False,False,all differ,<0.10
2019,2019_R7_western_bulldogs_v_richmond_2019-05-04,1,True,True,True,0.1169038357092067,0.7243073429758017,True,True,True,all agree,0.10-0.20
2019,2019_R8_carlton_v_collingwood_2019-05-11,1,True,True,True,0.2534000621613184,0.5157577365435384,True,True,True,all agree,0.20-0.35
2019,2019_R8_fremantle_v_richmond_2019-05-12,1,True,True,True,0.19714762157339005,0.7356485663558474,True,True,True,all agree,0.10-0.20
2019,2019_R8_gold_coast_v_melbourne_2019-05-11,1,True,True,True,0.11666881723590028,0.7396702715479115,True,True,True,all agree,0.10-0.20
2019,2019_R8_hawthorn_v_greater_western_sydney_2019-05-12,1,True,True,True,0.07918677696095233,0.7237066402430349,True,True,True,all agree,<0.10
2019,2019_R8_north_melbourne_v_geelong_2019-05-12,1,True,True,True,0.03298050333026781,0.9264631595745142,True,True,True,all agree,<0.10
2019,2019_R8_port_adelaide_v_adelaide_2019-05-11,1,False,False,False,0.12377034242081608,0.4554029719285193,False,False,False,all agree,0.10-0.20
2019,2019_R8_st_kilda_v_west_coast_2019-05-11,2,False,False,False,0.11928244416365805,0.22524609048647828,False,False,False,2 vs 1,0.10-0.20
2019,2019_R8_sydney_v_essendon_2019-05-10,1,True,True,True,0.137756561414697,0.564888661892007,True,True,True,all agree,0.10-0.20
2019,2019_R8_western_bulldogs_v_brisbane_lions_2019-05-11,1,True,True,True,0.23848605748015583,0.576071689077707,True,True,True,all agree,0.20-0.35
2019,2019_R9_brisbane_lions_v_adelaide_2019-05-18,1,True,True,True,0.1390455201347769,0.7842109173775026,True,True,True,all agree,0.10-0.20
2019,2019_R9_collingwood_v_st_kilda_2019-05-18,1,True,True,True,0.051318441334394393,0.46841408041058036,True,True,True,all agree,<0.10
2019,2019_R9_essendon_v_fremantle_2019-05-18,1,False,False,False,0.11344484229725965,0.36200567120236515,False,False,False,all agree,0.10-0.20
2019,2019_R9_geelong_v_western_bulldogs_2019-05-18,1,True,True,True,0.030685649800721415,0.8493929228090803,True,True,True,all agree,<0.10
2019,2019_R9_greater_western_sydney_v_carlton_2019-05-19,1,True,True,True,0.08528038251973136,0.8034154263121261,True,True,True,all agree,<0.10
2019,2019_R9_north_melbourne_v_sydney_2019-05-18,1,True,True,True,0.11953546496991793,0.20504636540090648,True,True,True,all agree,0.10-0.20
2019,2019_R9_port_adelaide_v_gold_coast_2019-05-19,1,True,True,True,0.10658456060300725,0.5639371337170254,True,True,True,all agree,0.10-0.20
2019,2019_R9_richmond_v_hawthorn_2019-05-19,1,True,True,True,0.08605790329385332,0.8713481095067238,True,True,True,all agree,<0.10
2019,2019_R9_west_coast_v_melbourne_2019-05-17,2,False,False,False,0.08002868389938428,0.3523201896448591,False,False,False,2 vs 1,<0.10
2020,2020_R10_adelaide_v_melbourne_2020-08-05,1,True,True,True,0.034560190264694035,0.9056729364461997,True,True,True,all agree,<0.10
2020,2020_R10_collingwood_v_sydney_2020-08-06,1,True,True,True,0.15271134307554712,0.7140986245703699,True,True,True,all agree,0.10-0.20
2020,2020_R10_essendon_v_greater_western_sydney_2020-08-07,2,False,True,False,0.12986045905246707,0.35148671378792146,False,True,False,2 vs 1,0.10-0.20
2020,2020_R10_geelong_v_north_melbourne_2020-08-05,1,True,True,True,0.03884791156234435,0.5085765529392061,True,True,True,all agree,<0.10
2020,2020_R10_gold_coast_v_st_kilda_2020-08-06,1,True,True,True,0.1909590203936367,0.2748597818081306,True,True,True,all agree,0.10-0.20
2020,2020_R10_port_adelaide_v_western_bulldogs_2020-08-03,3,True,True,False,0.03927043541934999,0.2665321042138717,True,False,False,all differ,<0.10
2020,2020_R10_richmond_v_brisbane_lions_2020-08-04,1,True,True,True,0.09389994163829629,0.3249720788992333,True,True,True,all agree,<0.10
2020,2020_R11_adelaide_v_collingwood_2020-08-11,1,False,False,False,0.3871202079745638,0.7275589835269193,False,False,False,all agree,>0.35
2020,2020_R11_brisbane_lions_v_western_bulldogs_2020-08-08,1,True,True,True,0.09690129681238363,0.525090572353804,True,True,True,all agree,<0.10
2020,2020_R11_fremantle_v_hawthorn_2020-08-10,1,True,True,True,0.1665534084897794,0.39093550346691647,True,True,True,all agree,0.10-0.20
2020,2020_R11_gold_coast_v_essendon_2020-08-12,1,False,False,False,0.151913713781814,0.5046661138418642,False,False,False,all agree,0.10-0.20
2020,2020_R11_melbourne_v_north_melbourne_2020-08-09,1,False,False,False,0.22587769160501475,0.5491359934269968,False,False,False,all agree,0.20-0.35
2020,2020_R11_port_adelaide_v_richmond_2020-08-08,1,True,True,True,0.133636909526529,0.5023610920350112,True,True,True,all agree,0.10-0.20
2020,2020_R11_st_kilda_v_geelong_2020-08-10,1,False,False,False,0.17600424538565868,0.4398184735207767,False,False,False,all agree,0.10-0.20
2020,2020_R11_west_coast_v_carlton_2020-08-09,1,False,False,False,0.09066150591018529,0.8241440686682514,False,False,False,all agree,<0.10
2020,2020_R12_fremantle_v_carlton_2020-08-15,1,False,False,False,0.043178195276097675,0.7493006857830361,False,False,False,all agree,<0.10
2020,2020_R12_geelong_v_port_adelaide_2020-08-14,1,True,True,True,0.13387379507834674,0.9333334242230271,True,True,True,all agree,0.10-0.20
2020,2020_R12_melbourne_v_collingwood_2020-08-15,1,True,True,True,0.06462575286401673,0.32053077282053133,True,True,True,all agree,<0.10
2020,2020_R12_north_melbourne_v_brisbane_lions_2020-08-15,1,False,False,False,0.09528002100591126,0.3295749326786359,False,False,False,all agree,<0.10
2020,2020_R12_richmond_v_gold_coast_2020-08-17,1,False,False,False,0.3761105115425245,0.4697970028701386,False,False,False,all agree,>0.35
2020,2020_R12_st_kilda_v_essendon_2020-08-16,1,False,False,False,0.3465975777247956,0.43339601143590784,False,False,False,all agree,0.20-0.35
2020,2020_R12_sydney_v_greater_western_sydney_2020-08-13,1,True,True,True,0.10913888304909536,0.6773239597707424,True,True,True,all agree,0.10-0.20
2020,2020_R12_west_coast_v_hawthorn_2020-08-16,1,False,False,False,0.07430116313493751,0.3807222462371251,False,False,False,all agree,<0.10
2020,2020_R12_western_bulldogs_v_adelaide_2020-08-16,1,False,False,False,0.07400060959974197,0.6139362392062537,False,False,False,all agree,<0.10
2020,2020_R13_adelaide_v_geelong_2020-08-23,1,True,True,True,0.052538375899868595,0.48459581233891535,True,True,True,all agree,<0.10
2020,2020_R13_brisbane_lions_v_st_kilda_2020-08-23,1,False,False,False,0.06511908603983191,0.418816447335848,False,False,False,all agree,<0.10
2020,2020_R13_collingwood_v_north_melbourne_2020-08-24,1,False,False,False,0.012898085692928829,0.641909573005727,False,False,False,all agree,<0.10
2020,2020_R13_essendon_v_richmond_2020-08-22,1,False,False,False,0.2099818466394372,0.6158705014545924,False,False,False,all agree,0.20-0.35
2020,2020_R13_fremantle_v_sydney_2020-08-22,1,True,True,True,0.3048674679046329,0.4879570684626002,True,True,True,all agree,0.20-0.35
2020,2020_R13_gold_coast_v_carlton_2020-08-21,1,False,False,False,0.031036267527272565,0.33645568592787645,False,False,False,all agree,<0.10
2020,2020_R13_port_adelaide_v_hawthorn_2020-08-22,1,True,True,True,0.023377171289409304,0.7881513767368764,True,True,True,all agree,<0.10
2020,2020_R13_west_coast_v_greater_western_sydney_2020-08-23,2,False,False,False,0.14125162149994072,0.23383221081464609,False,False,False,2 vs 1,0.10-0.20
2020,2020_R13_western_bulldogs_v_melbourne_2020-08-22,1,False,False,False,0.13179395521121196,0.2861339225360831,False,False,False,all agree,0.10-0.20
2020,2020_R14_carlton_v_collingwood_2020-08-30,1,False,False,False,0.06209105240555346,0.3056711922796868,False,False,False,all agree,<0.10
2020,2020_R14_fremantle_v_greater_western_sydney_2020-08-29,1,True,True,True,0.19449227047825962,0.5617126110732905,True,True,True,all agree,0.10-0.20
2020,2020_R14_gold_coast_v_north_melbourne_2020-08-30,1,False,False,False,0.01802001226677441,0.6864310885202602,False,False,False,all agree,<0.10
2020,2020_R14_hawthorn_v_essendon_2020-08-27,1,True,True,True,0.10869886826197384,0.5621143476193665,True,True,True,all agree,0.10-0.20
2020,2020_R14_melbourne_v_st_kilda_2020-08-29,1,True,True,True,0.15401546038480496,0.7355038466136183,True,True,True,all agree,0.10-0.20
2020,2020_R14_port_adelaide_v_sydney_2020-08-29,2,False,True,False,0.3287559780758842,0.45874926420972734,True,False,False,2 vs 1,0.20-0.35
2020,2020_R14_richmond_v_west_coast_2020-08-27,1,True,True,True,0.19213591630520094,0.3546018735990786,True,True,True,all agree,0.10-0.20
2020,2020_R14_western_bulldogs_v_geelong_2020-08-28,1,True,True,True,0.05739356424805675,0.9057286756261655,True,True,True,all agree,<0.10
2020,2020_R15_brisbane_lions_v_collingwood_2020-09-04,1,False,False,False,0.11298522611763268,0.41738955151478857,False,False,False,all agree,0.10-0.20
2020,2020_R15_greater_western_sydney_v_carlton_2020-09-03,2,True,True,False,0.14027456616296766,0.2941346521697177,False,True,True,2 vs 1,0.10-0.20
2020,2020_R15_hawthorn_v_adelaide_2020-09-01,2,False,False,False,0.3858116652319307,0.509176240233031,False,False,False,2 vs 1,>0.35
2020,2020_R15_richmond_v_fremantle_2020-09-02,2,False,True,False,0.14242185072940014,0.17415714784662026,True,False,True,2 vs 1,0.10-0.20
2020,2020_R15_sydney_v_melbourne_2020-09-03,1,True,True,True,0.18784170993425908,0.6325272261991911,True,True,True,all agree,0.10-0.20
2020,2020_R15_west_coast_v_essendon_2020-09-01,1,False,False,False,0.14080593034714595,0.49490566952041753,False,False,False,all agree,0.10-0.20
2020,2020_R16_adelaide_v_greater_western_sydney_2020-09-08,1,True,True,True,0.13092099279130615,0.3760496083313188,True,True,True,all agree,0.10-0.20
2020,2020_R16_brisbane_lions_v_gold_coast_2020-09-09,1,True,True,True,0.01329027598344501,0.5744302969323806,True,True,True,all agree,<0.10
2020,2020_R16_carlton_v_sydney_2020-09-08,1,True,True,True,0.012349878160771377,0.872645503011715,True,True,True,all agree,<0.10
2020,2020_R16_geelong_v_essendon_2020-09-06,1,True,True,True,0.04371135609177901,0.8012407370352467,True,True,True,all agree,<0.10
2020,2020_R16_melbourne_v_fremantle_2020-09-07,1,True,True,True,0.04756726707406933,0.6452298204653122,True,True,True,all agree,<0.10
2020,2020_R16_north_melbourne_v_port_adelaide_2020-09-05,1,False,False,False,0.07599644824354967,0.6423543308027959,False,False,False,all agree,<0.10
2020,2020_R16_st_kilda_v_hawthorn_2020-09-06,2,False,False,False,0.11817426806544445,0.2014149105364428,False,False,False,2 vs 1,0.10-0.20
2020,2020_R16_western_bulldogs_v_west_coast_2020-09-06,2,False,True,False,0.11684159079644518,0.34889840907472625,False,True,False,2 vs 1,0.10-0.20
2020,2020_R17_carlton_v_adelaide_2020-09-13,1,True,True,True,0.0764108443761764,0.29249912434752706,True,True,True,all agree,<0.10
2020,2020_R17_collingwood_v_gold_coast_2020-09-14,1,False,False,False,0.2503479168169312,0.28957798630963877,False,False,False,all agree,0.20-0.35
2020,2020_R17_geelong_v_richmond_2020-09-11,1,False,False,False,0.038321911472779246,0.32688535223221066,False,False,False,all agree,<0.10
2020,2020_R17_greater_western_sydney_v_melbourne_2020-09-12,2,False,True,False,0.05331496654800488,0.19888190624623112,False,True,False,2 vs 1,<0.10
2020,2020_R17_hawthorn_v_western_bulldogs_2020-09-13,1,True,True,True,0.09521698989875149,0.6323119610660409,True,True,True,all agree,<0.10
2020,2020_R17_north_melbourne_v_fremantle_2020-09-12,1,False,False,False,0.32739455280847685,0.45826527418093804,False,False,False,all agree,0.20-0.35
2020,2020_R17_port_adelaide_v_essendon_2020-09-12,1,False,False,False,0.06629860708520763,0.7304210669091088,False,False,False,all agree,<0.10
2020,2020_R17_st_kilda_v_west_coast_2020-09-10,1,True,True,True,0.18548121164315579,0.6239509277138888,True,True,True,all agree,0.10-0.20
2020,2020_R17_sydney_v_brisbane_lions_2020-09-13,1,False,False,False,0.10574754966869537,0.5665337812977187,False,False,False,all agree,0.10-0.20
2020,2020_R18_adelaide_v_richmond_2020-09-19,1,True,True,True,0.18473373889470912,0.8381175178728574,True,True,True,all agree,0.10-0.20
2020,2020_R18_brisbane_lions_v_carlton_2020-09-19,1,True,True,True,0.21635089467966506,0.6812142968164411,True,True,True,all agree,0.20-0.35
2020,2020_R18_collingwood_v_port_adelaide_2020-09-21,1,True,True,True,0.21081828778728662,0.6358656986331566,True,True,True,all agree,0.20-0.35
2020,2020_R18_essendon_v_melbourne_2020-09-19,2,False,False,False,0.1564337742923656,0.20076566338371624,False,False,False,2 vs 1,0.10-0.20
2020,2020_R18_fremantle_v_western_bulldogs_2020-09-20,1,True,True,True,0.035851089520281154,0.7910541921144079,True,True,True,all agree,<0.10
2020,2020_R18_hawthorn_v_gold_coast_2020-09-20,1,False,False,False,0.10296096579535996,0.4663986162352281,False,False,False,all agree,0.10-0.20
2020,2020_R18_north_melbourne_v_west_coast_2020-09-17,1,False,False,False,0.07863519737280311,0.388123728973143,False,False,False,all agree,<0.10
2020,2020_R18_st_kilda_v_greater_western_sydney_2020-09-18,1,False,False,False,0.21908125882581997,0.4737433058438407,False,False,False,all agree,0.20-0.35
2020,2020_R18_sydney_v_geelong_2020-09-20,2,True,True,False,0.1906611520138572,0.3517555547216656,True,True,False,2 vs 1,0.10-0.20
2020,2020_R1_adelaide_v_sydney_2020-03-21,2,False,True,False,0.16139548951282007,0.4008656785290657,True,False,False,2 vs 1,0.10-0.20
2020,2020_R1_essendon_v_fremantle_2020-03-21,1,True,True,True,0.1626501826960397,0.7288250833338731,True,True,True,all agree,0.10-0.20
2020,2020_R1_gold_coast_v_port_adelaide_2020-03-21,1,False,False,False,0.23901837303288317,0.3087865424582184,False,False,False,all agree,0.20-0.35
2020,2020_R1_greater_western_sydney_v_geelong_2020-03-21,1,False,False,False,0.13047776356250324,0.46523847106259164,False,False,False,all agree,0.10-0.20
2020,2020_R1_hawthorn_v_brisbane_lions_2020-03-22,1,True,True,True,0.09240815514745626,0.4240491717460364,True,True,True,all agree,<0.10
2020,2020_R1_north_melbourne_v_st_kilda_2020-03-22,1,True,True,True,0.3107226262599643,0.6126222152476298,True,True,True,all agree,0.20-0.35
2020,2020_R1_richmond_v_carlton_2020-03-19,1,True,True,True,0.06522994830070206,0.34932946852915947,True,True,True,all agree,<0.10
2020,2020_R1_west_coast_v_melbourne_2020-03-22,2,False,False,False,0.10584221437720431,0.3072651253429476,False,False,False,2 vs 1,0.10-0.20
2020,2020_R1_western_bulldogs_v_collingwood_2020-03-20,1,True,True,True,0.10862764529866575,0.492263558318359,True,True,True,all agree,0.10-0.20
2020,2020_R2_brisbane_lions_v_fremantle_2020-06-13,1,True,True,True,0.06888526397833561,0.6005423541023586,True,True,True,all agree,<0.10
2020,2020_R2_carlton_v_melbourne_2020-06-13,2,True,True,False,0.10961130855912454,0.348984028069689,False,True,True,2 vs 1,0.10-0.20
2020,2020_R2_collingwood_v_richmond_2020-06-11,2,True,True,False,0.15809496136077825,0.28394019153157807,True,True,False,2 vs 1,0.10-0.20
2020,2020_R2_geelong_v_hawthorn_2020-06-12,1,True,True,True,0.2096034009325053,0.3434686089603633,True,True,True,all agree,0.20-0.35
2020,2020_R2_gold_coast_v_west_coast_2020-06-13,1,True,True,True,0.1503601898699518,0.7083172973961768,True,True,True,all agree,0.10-0.20
2020,2020_R2_greater_western_sydney_v_north_melbourne_2020-06-14,1,True,True,True,0.06385911194773919,0.752894911174259,True,True,True,all agree,<0.10
2020,2020_R2_port_adelaide_v_adelaide_2020-06-13,2,False,True,False,0.1395516194734796,0.2747854471923194,False,False,True,2 vs 1,0.10-0.20
2020,2020_R2_st_kilda_v_western_bulldogs_2020-06-14,1,False,False,False,0.09547345818837633,0.47785782302063495,False,False,False,all agree,<0.10
2020,2020_R2_sydney_v_essendon_2020-06-14,1,True,True,True,0.20491483819243472,0.47807509021593814,True,True,True,all agree,0.20-0.35
2020,2020_R3_brisbane_lions_v_west_coast_2020-06-20,1,True,True,True,0.07012136727668294,0.8551855335968096,True,True,True,all agree,<0.10
2020,2020_R3_collingwood_v_st_kilda_2020-06-20,1,True,True,True,0.11416750084026883,0.6862812406998283,True,True,True,all agree,0.10-0.20
2020,2020_R3_fremantle_v_port_adelaide_2020-06-21,1,True,True,True,0.2998948100484503,0.6120636503613079,True,True,True,all agree,0.20-0.35
2020,2020_R3_geelong_v_carlton_2020-06-20,1,True,True,True,0.2887734630454897,0.7117504357495502,True,True,True,all agree,0.20-0.35
2020,2020_R3_gold_coast_v_adelaide_2020-06-21,2,False,False,False,0.2699048528167157,0.360517512593242,False,False,False,2 vs 1,0.20-0.35
2020,2020_R3_north_melbourne_v_sydney_2020-06-20,1,True,True,True,0.14740959768811623,0.2843879404130109,True,True,True,all agree,0.10-0.20
2020,2020_R3_richmond_v_hawthorn_2020-06-18,1,True,True,True,0.10306404559837629,0.443054331476245,True,True,True,all agree,0.10-0.20
2020,2020_R3_western_bulldogs_v_greater_western_sydney_2020-06-19,2,True,True,False,0.2955518496087223,0.34243490752227607,False,True,False,2 vs 1,0.20-0.35
2020,2020_R4_brisbane_lions_v_adelaide_2020-06-28,1,True,True,True,0.23792775944006894,0.7831690878525773,True,True,True,all agree,0.20-0.35
2020,2020_R4_essendon_v_carlton_2020-06-27,1,False,False,False,0.12994138317001097,0.3423300346598635,False,False,False,all agree,0.10-0.20
2020,2020_R4_gold_coast_v_fremantle_2020-06-27,1,True,True,True,0.1126717272872606,0.43692421958589894,True,True,True,all agree,0.10-0.20
2020,2020_R4_greater_western_sydney_v_collingwood_2020-06-26,2,True,True,False,0.11852368904007282,0.2356042138544213,False,True,True,2 vs 1,0.10-0.20
2020,2020_R4_hawthorn_v_north_melbourne_2020-06-28,1,True,True,True,0.10935842974705434,0.5096354769230805,True,True,True,all agree,0.10-0.20
2020,2020_R4_melbourne_v_geelong_2020-06-28,1,False,False,False,0.11368056997351736,0.3037623144481912,False,False,False,all agree,0.10-0.20
2020,2020_R4_port_adelaide_v_west_coast_2020-06-27,1,True,True,True,0.014457345129067156,0.9714829997314626,True,True,True,all agree,<0.10
2020,2020_R4_st_kilda_v_richmond_2020-06-27,1,False,False,False,0.14866803555835673,0.25144628965234683,False,False,False,all agree,0.10-0.20
2020,2020_R4_sydney_v_western_bulldogs_2020-06-25,2,False,True,False,0.15242213488163986,0.35070021851611144,False,True,False,2 vs 1,0.10-0.20
2020,2020_R5_adelaide_v_fremantle_2020-07-05,1,True,True,True,0.08951306873675458,0.34866560778600775,True,True,True,all agree,<0.10
2020,2020_R5_brisbane_lions_v_port_adelaide_2020-07-04,1,True,True,True,0.15848536596166807,0.6939702352329741,True,True,True,all agree,0.10-0.20
2020,2020_R5_carlton_v_st_kilda_2020-07-02,2,False,False,False,0.25892588904205277,0.3545758295963935,False,False,False,2 vs 1,0.20-0.35
2020,2020_R5_collingwood_v_essendon_2020-07-03,1,True,True,True,0.06811048035002765,0.886471751682933,True,True,True,all agree,<0.10
2020,2020_R5_geelong_v_gold_coast_2020-07-04,1,True,True,True,0.17811203789528152,0.4247140760999775,True,True,True,all agree,0.10-0.20
2020,2020_R5_greater_western_sydney_v_hawthorn_2020-07-05,2,False,False,False,0.09742529877779277,0.2859338727088603,False,False,False,2 vs 1,<0.10
2020,2020_R5_melbourne_v_richmond_2020-07-05,1,True,True,True,0.0634465619813902,0.7824993637425179,True,True,True,all agree,<0.10
2020,2020_R5_west_coast_v_sydney_2020-07-04,1,False,False,False,0.30070721901189873,0.4401286670154236,False,False,False,all agree,0.20-0.35
2020,2020_R5_western_bulldogs_v_north_melbourne_2020-07-04,1,True,True,True,0.06645734248956481,0.7663915241853682,True,True,True,all agree,<0.10
2020,2020_R6_carlton_v_western_bulldogs_2020-07-12,1,False,False,False,0.06250498374110591,0.4482395238620201,False,False,False,all agree,<0.10
2020,2020_R6_collingwood_v_hawthorn_2020-07-10,1,False,False,False,0.10321809030703888,0.7076184796653618,False,False,False,all agree,0.10-0.20
2020,2020_R6_essendon_v_north_melbourne_2020-07-11,1,False,False,False,0.09641650214002268,0.32401739069425556,False,False,False,all agree,<0.10
2020,2020_R6_fremantle_v_st_kilda_2020-07-11,1,True,True,True,0.27513707831204914,0.6309274641258504,True,True,True,all agree,0.20-0.35
2020,2020_R6_geelong_v_brisbane_lions_2020-07-09,1,True,True,True,0.19439129950213158,0.52412624107383,True,True,True,all agree,0.10-0.20
2020,2020_R6_melbourne_v_gold_coast_2020-07-11,1,True,True,True,0.09681076857165505,0.41155954160773206,True,True,True,all agree,<0.10
2020,2020_R6_port_adelaide_v_greater_western_sydney_2020-07-12,2,True,True,False,0.12262408377511694,0.23050575363128123,True,True,False,2 vs 1,0.10-0.20
2020,2020_R6_richmond_v_sydney_2020-07-12,1,False,False,False,0.24314067315505894,0.615175702347888,False,False,False,all agree,0.20-0.35
2020,2020_R6_west_coast_v_adelaide_2020-07-11,3,True,True,False,0.090199512485587,0.2208821501282152,True,False,False,all differ,<0.10
2020,2020_R7_adelaide_v_st_kilda_2020-07-20,1,True,True,True,0.3637771604699511,0.5743441410651773,True,True,True,all agree,>0.35
2020,2020_R7_carlton_v_port_adelaide_2020-07-19,1,True,True,True,0.18196495445713728,0.47899148598047603,True,True,True,all agree,0.10-0.20
2020,2020_R7_essendon_v_western_bulldogs_2020-07-17,2,False,True,False,0.19096070685579064,0.3762191327872583,False,True,False,2 vs 1,0.10-0.20
2020,2020_R7_fremantle_v_west_coast_2020-07-19,1,True,True,True,0.3214008148321505,0.5964413438612689,True,True,True,all agree,0.20-0.35
2020,2020_R7_geelong_v_collingwood_2020-07-16,1,True,True,True,0.18730209837255007,0.6733179383110205,True,True,True,all agree,0.10-0.20
2020,2020_R7_greater_western_sydney_v_brisbane_lions_2020-07-18,2,False,False,False,0.07174132601527322,0.19264342757749406,False,False,False,2 vs 1,<0.10
2020,2020_R7_hawthorn_v_melbourne_2020-07-19,2,True,True,False,0.14866463814107234,0.4816539083203258,True,True,False,2 vs 1,0.10-0.20
2020,2020_R7_richmond_v_north_melbourne_2020-07-18,2,False,False,False,0.1042443530891943,0.199879860969805,False,False,False,2 vs 1,0.10-0.20
2020,2020_R7_sydney_v_gold_coast_2020-07-18,1,True,True,True,0.08761863665470682,0.414232774511525,True,True,True,all agree,<0.10
2020,2020_R8_adelaide_v_essendon_2020-07-26,1,True,True,True,0.05772925904632786,0.7689104398689235,True,True,True,all agree,<0.10
2020,2020_R8_fremantle_v_geelong_2020-07-27,1,True,True,True,0.03206032353783972,0.2931503471707337,True,True,True,all agree,<0.10
2020,2020_R8_gold_coast_v_western_bulldogs_2020-07-23,1,True,True,True,0.14304279969204975,0.5087971126707616,True,True,True,all agree,0.10-0.20
2020,2020_R8_greater_western_sydney_v_richmond_2020-07-24,1,True,True,True,0.15251359439384482,0.7291432962064833,True,True,True,all agree,0.10-0.20
2020,2020_R8_melbourne_v_brisbane_lions_2020-07-26,1,True,True,True,0.1456910872639845,0.601726396233455,True,True,True,all agree,0.10-0.20
2020,2020_R8_north_melbourne_v_carlton_2020-07-25,2,False,False,False,0.10592474075953734,0.219433264823281,False,False,False,2 vs 1,0.10-0.20
2020,2020_R8_port_adelaide_v_st_kilda_2020-07-25,1,False,False,False,0.3978263017960176,0.4893884175621599,False,False,False,all agree,>0.35
2020,2020_R8_sydney_v_hawthorn_2020-07-25,1,False,False,False,0.14563533339648105,0.5364828517733462,False,False,False,all agree,0.10-0.20
2020,2020_R8_west_coast_v_collingwood_2020-07-26,1,True,True,True,0.08452113246464454,0.6144906985395303,True,True,True,all agree,<0.10
2020,2020_R9_carlton_v_hawthorn_2020-07-31,1,False,False,False,0.08434158632146516,0.610576873563461,False,False,False,all agree,<0.10
2020,2020_R9_essendon_v_brisbane_lions_2020-07-31,1,True,True,True,0.04063674946278295,0.9077261433137882,True,True,True,all agree,<0.10
2020,2020_R9_fremantle_v_collingwood_2020-08-02,1,False,False,False,0.0875207965412495,0.31059592112386064,False,False,False,all agree,<0.10
2020,2020_R9_gold_coast_v_greater_western_sydney_2020-08-02,1,True,True,True,0.03579598982103149,0.36000812203026605,True,True,True,all agree,<0.10
2020,2020_R9_melbourne_v_port_adelaide_2020-07-30,1,True,True,True,0.24592428641743735,0.5983464056496155,True,True,True,all agree,0.20-0.35
2020,2020_R9_north_melbourne_v_adelaide_2020-08-01,2,False,True,False,0.29402016458902375,0.5241304034252972,False,True,False,2 vs 1,0.20-0.35
2020,2020_R9_st_kilda_v_sydney_2020-08-01,1,True,True,True,0.1933565631525293,0.3954703542837203,True,True,True,all agree,0.10-0.20
2020,2020_R9_west_coast_v_geelong_2020-08-01,1,True,True,True,0.09073210453375369,0.4516105234884517,True,True,True,all agree,<0.10
2020,2020_R9_western_bulldogs_v_richmond_2020-07-29,1,True,True,True,0.16753999314763135,0.8398804508271551,True,True,True,all agree,0.10-0.20
2021,2021_R10_adelaide_v_melbourne_2021-05-22,1,True,True,True,0.16302124203000623,0.8483718872547663,True,True,True,all agree,0.10-0.20
2021,2021_R10_brisbane_lions_v_richmond_2021-05-21,1,False,False,False,0.024277646321984148,0.46563199100911873,False,False,False,all agree,<0.10
2021,2021_R10_carlton_v_hawthorn_2021-05-22,2,False,True,False,0.21257275786254837,0.37602787878184896,False,True,False,2 vs 1,0.20-0.35
2021,2021_R10_collingwood_v_port_adelaide_2021-05-23,1,True,True,True,0.127750538459258,0.5946251523079905,True,True,True,all agree,0.10-0.20
2021,2021_R10_essendon_v_north_melbourne_2021-05-23,1,True,True,True,0.10096166781538363,0.8279642363931797,True,True,True,all agree,0.10-0.20
2021,2021_R10_fremantle_v_sydney_2021-05-22,1,True,True,True,0.34070235093501317,0.5907907318940536,True,True,True,all agree,0.20-0.35
2021,2021_R10_geelong_v_gold_coast_2021-05-22,1,True,True,True,0.0355531956212185,0.7471353885348853,True,True,True,all agree,<0.10
2021,2021_R10_greater_western_sydney_v_west_coast_2021-05-23,1,True,True,True,0.07107718462622592,0.31893214624978167,True,True,True,all agree,<0.10
2021,2021_R10_western_bulldogs_v_st_kilda_2021-05-22,2,False,True,False,0.23139485962669193,0.4531639195144259,False,True,False,2 vs 1,0.20-0.35
2021,2021_R11_brisbane_lions_v_greater_western_sydney_2021-05-29,1,True,True,True,0.27638031249243433,0.7309367366293792,True,True,True,all agree,0.20-0.35
2021,2021_R11_collingwood_v_geelong_2021-05-29,2,False,True,False,0.2615802660160337,0.29825024445429843,False,True,False,2 vs 1,0.20-0.35
2021,2021_R11_gold_coast_v_hawthorn_2021-05-29,1,True,True,True,0.07904975450984641,0.7601392898693854,True,True,True,all agree,<0.10
2021,2021_R11_port_adelaide_v_fremantle_2021-05-30,1,True,True,True,0.24489156516510457,0.774116540641358,True,True,True,all agree,0.20-0.35
2021,2021_R11_richmond_v_adelaide_2021-05-30,1,True,True,True,0.05717079428835192,0.7490325452420076,True,True,True,all agree,<0.10
2021,2021_R11_st_kilda_v_north_melbourne_2021-05-29,1,True,True,True,0.03073200188440628,0.329100247340586,True,True,True,all agree,<0.10
2021,2021_R11_sydney_v_carlton_2021-05-30,1,True,True,True,0.025305665973539504,0.4857362341459572,True,True,True,all agree,<0.10
2021,2021_R11_west_coast_v_essendon_2021-05-29,2,True,True,False,0.08088186370250938,0.3618297221329891,True,True,False,2 vs 1,<0.10
2021,2021_R11_western_bulldogs_v_melbourne_2021-05-28,2,True,True,False,0.17226788037870977,0.37817143771163014,True,True,False,2 vs 1,0.10-0.20
2021,2021_R12_adelaide_v_collingwood_2021-06-05,1,True,True,True,0.02024788074137024,0.4678181052205474,True,True,True,all agree,<0.10
2021,2021_R12_carlton_v_west_coast_2021-06-06,2,False,True,False,0.1271674450068861,0.3415981712293712,False,True,False,2 vs 1,0.10-0.20
2021,2021_R12_essendon_v_richmond_2021-06-05,2,True,True,False,0.2330813748239508,0.450958259570966,True,False,True,2 vs 1,0.20-0.35
2021,2021_R12_fremantle_v_western_bulldogs_2021-06-06,1,True,True,True,0.04627899981150829,0.595738260314933,True,True,True,all agree,<0.10
2021,2021_R12_melbourne_v_brisbane_lions_2021-06-04,1,True,True,True,0.02114670153910414,0.5855029214651223,True,True,True,all agree,<0.10
2021,2021_R12_sydney_v_st_kilda_2021-06-05,1,False,False,False,0.017445125427079322,0.4890748777944698,False,False,False,all agree,<0.10
2021,2021_R13_fremantle_v_gold_coast_2021-06-12,1,True,True,True,0.07493543983912748,0.4289842694028429,True,True,True,all agree,<0.10
2021,2021_R13_melbourne_v_collingwood_2021-06-14,1,True,True,True,0.061613560936072675,0.3752688951208965,True,True,True,all agree,<0.10
2021,2021_R13_north_melbourne_v_greater_western_sydney_2021-06-13,1,True,True,True,0.19686872465146543,0.826974108226981,True,True,True,all agree,0.10-0.20
2021,2021_R13_port_adelaide_v_geelong_2021-06-10,1,True,True,True,0.2629678129938408,0.6209109057273275,True,True,True,all agree,0.20-0.35
2021,2021_R13_st_kilda_v_adelaide_2021-06-12,2,True,True,False,0.18887243232087508,0.2963556156735503,True,False,False,2 vs 1,0.10-0.20
2021,2021_R13_sydney_v_hawthorn_2021-06-11,2,True,True,False,0.1875121696273126,0.43746748964180987,True,True,False,2 vs 1,0.10-0.20
2021,2021_R13_west_coast_v_richmond_2021-06-13,1,False,False,False,0.06099389436184799,0.29406801153982715,False,False,False,all agree,<0.10
2021,2021_R14_geelong_v_western_bulldogs_2021-06-18,2,False,True,False,0.08566149092223022,0.2537664464355059,False,False,True,2 vs 1,<0.10
2021,2021_R14_gold_coast_v_port_adelaide_2021-06-19,1,True,True,True,0.047247254650885195,0.8611902687879641,True,True,True,all agree,<0.10
2021,2021_R14_greater_western_sydney_v_carlton_2021-06-19,1,True,True,True,0.16461469005501334,0.46558722500749633,True,True,True,all agree,0.10-0.20
2021,2021_R14_hawthorn_v_essendon_2021-06-20,1,True,True,True,0.14613438360104158,0.9051514084932738,True,True,True,all agree,0.10-0.20
2021,2021_R14_north_melbourne_v_brisbane_lions_2021-06-19,2,True,True,False,0.20820063282454515,0.3841861364873309,False,True,False,2 vs 1,0.20-0.35
2021,2021_R15_brisbane_lions_v_geelong_2021-06-24,2,True,True,False,0.09027144012658547,0.2688944354630844,True,False,True,2 vs 1,<0.10
2021,2021_R15_carlton_v_adelaide_2021-06-27,1,True,True,True,0.033137779553172986,0.5226401490739833,True,True,True,all agree,<0.10
2021,2021_R15_collingwood_v_fremantle_2021-06-26,2,False,False,False,0.04278702095157319,0.22361010530398107,False,False,False,2 vs 1,<0.10
2021,2021_R15_essendon_v_melbourne_2021-06-26,1,False,False,False,0.03286977490329107,0.3056394382950002,False,False,False,all agree,<0.10
2021,2021_R15_greater_western_sydney_v_hawthorn_2021-06-27,1,True,True,True,0.14597541415472803,0.4794134084837827,True,True,True,all agree,0.10-0.20
2021,2021_R15_north_melbourne_v_gold_coast_2021-06-26,2,False,False,False,0.22111602325787497,0.2621731471022938,False,False,False,2 vs 1,0.20-0.35
2021,2021_R15_port_adelaide_v_sydney_2021-06-26,1,True,True,True,0.08672293628917199,0.3652007684225895,True,True,True,all agree,<0.10
2021,2021_R15_richmond_v_st_kilda_2021-06-25,1,True,True,True,0.07009004623762793,0.8568271424391593,True,True,True,all agree,<0.10
2021,2021_R15_west_coast_v_western_bulldogs_2021-06-27,1,True,True,True,0.11477191164392919,0.6994401670307707,True,True,True,all agree,0.10-0.20
2021,2021_R16_adelaide_v_brisbane_lions_2021-07-03,2,True,True,False,0.18173636756500028,0.3774154105721841,False,True,True,2 vs 1,0.10-0.20
2021,2021_R16_collingwood_v_st_kilda_2021-07-04,1,True,True,True,0.071149015680959,0.761023113512452,True,True,True,all agree,<0.10
2021,2021_R16_fremantle_v_carlton_2021-07-03,2,True,True,False,0.11807194596179366,0.22409343372648372,True,False,True,2 vs 1,0.10-0.20
2021,2021_R16_geelong_v_essendon_2021-07-02,1,False,False,False,0.11108286753320096,0.5708869262743211,False,False,False,all agree,0.10-0.20
2021,2021_R16_gold_coast_v_richmond_2021-07-01,1,True,True,True,0.05896402655669919,0.5941319726046724,True,True,True,all agree,<0.10
2021,2021_R16_hawthorn_v_port_adelaide_2021-07-03,1,True,True,True,0.11120791563036414,0.8890734121537074,True,True,True,all agree,0.10-0.20
2021,2021_R16_melbourne_v_greater_western_sydney_2021-07-03,1,True,True,True,0.003987115940901287,0.4595412405862244,True,True,True,all agree,<0.10
2021,2021_R16_sydney_v_west_coast_2021-07-04,1,True,True,True,0.0607053558717362,0.5941559503984566,True,True,True,all agree,<0.10
2021,2021_R16_western_bulldogs_v_north_melbourne_2021-07-04,1,False,False,False,0.06565308128701386,0.2817952508027971,False,False,False,all agree,<0.10
2021,2021_R17_brisbane_lions_v_st_kilda_2021-07-10,1,True,True,True,0.06955089050914187,0.7837870259870058,True,True,True,all agree,<0.10
2021,2021_R17_carlton_v_geelong_2021-07-10,1,True,True,True,0.13190427790811965,0.7449232229316592,True,True,True,all agree,0.10-0.20
2021,2021_R17_essendon_v_adelaide_2021-07-09,1,True,True,True,0.09540122863521056,0.5336334720706134,True,True,True,all agree,<0.10
2021,2021_R17_greater_western_sydney_v_gold_coast_2021-07-11,1,True,True,True,0.17141289095667545,0.49186928096195587,True,True,True,all agree,0.10-0.20
2021,2021_R17_hawthorn_v_fremantle_2021-07-10,1,False,False,False,0.07341376651964915,0.35365704466768944,False,False,False,all agree,<0.10
2021,2021_R17_port_adelaide_v_melbourne_2021-07-08,1,True,True,True,0.059539648555086866,0.8767017302435057,True,True,True,all agree,<0.10
2021,2021_R17_richmond_v_collingwood_2021-07-11,1,True,True,True,0.028678731324383033,0.5295170787361548,True,True,True,all agree,<0.10
2021,2021_R17_west_coast_v_north_melbourne_2021-07-12,1,True,True,True,0.1992080758374586,0.6604247530887268,True,True,True,all agree,0.10-0.20
2021,2021_R17_western_bulldogs_v_sydney_2021-07-11,1,True,True,True,0.03935791211328177,0.5614817629685066,True,True,True,all agree,<0.10
2021,2021_R18_adelaide_v_west_coast_2021-07-18,1,True,True,True,0.1717514418121343,0.8409806990343925,True,True,True,all agree,0.10-0.20
2021,2021_R18_collingwood_v_carlton_2021-07-18,1,True,True,True,0.03297335917275479,0.87051822904882,True,True,True,all agree,<0.10
2021,2021_R18_fremantle_v_geelong_2021-07-15,1,True,True,True,0.04601130382809576,0.3753562233939793,True,True,True,all agree,<0.10
2021,2021_R18_gold_coast_v_western_bulldogs_2021-07-17,1,True,True,True,0.07309290225740306,0.5116411023567508,True,True,True,all agree,<0.10
2021,2021_R18_greater_western_sydney_v_sydney_2021-07-18,1,True,True,True,0.08699447343745081,0.5743160945772992,True,True,True,all agree,<0.10
2021,2021_R18_melbourne_v_hawthorn_2021-07-17,1,True,True,True,0.19791775330570882,0.648325157109538,True,True,True,all agree,0.10-0.20
2021,2021_R18_north_melbourne_v_essendon_2021-07-18,1,True,True,True,0.08397254730271092,0.4049624045092292,True,True,True,all agree,<0.10
2021,2021_R18_richmond_v_brisbane_lions_2021-07-16,1,True,True,True,0.10854812555512594,0.7048570036114018,True,True,True,all agree,0.10-0.20
2021,2021_R18_st_kilda_v_port_adelaide_2021-07-17,1,True,True,True,0.09509958775036675,0.6388094353075152,True,True,True,all agree,<0.10
2021,2021_R19_adelaide_v_hawthorn_2021-07-24,1,True,True,True,0.09371732344342998,0.9350941486180361,True,True,True,all agree,<0.10
2021,2021_R19_brisbane_lions_v_gold_coast_2021-07-24,1,True,True,True,0.16811048393795502,0.4462885871563942,True,True,True,all agree,0.10-0.20
2021,2021_R19_carlton_v_north_melbourne_2021-07-24,1,True,True,True,0.049939376409560476,0.8084045171250324,True,True,True,all agree,<0.10
2021,2021_R19_essendon_v_greater_western_sydney_2021-07-25,1,True,True,True,0.12322510023453204,0.5618222475949669,True,True,True,all agree,0.10-0.20
2021,2021_R19_geelong_v_richmond_2021-07-25,2,True,True,False,0.18884286572307202,0.43476274428303635,True,True,False,2 vs 1,0.10-0.20
2021,2021_R19_melbourne_v_western_bulldogs_2021-07-24,2,False,True,False,0.022683691969817343,0.37874918699748306,False,False,True,2 vs 1,<0.10
2021,2021_R19_port_adelaide_v_collingwood_2021-07-23,2,True,True,False,0.2101730006293568,0.27385934202299006,True,False,True,2 vs 1,0.20-0.35
2021,2021_R19_sydney_v_fremantle_2021-07-25,1,True,True,True,0.020905396375851315,0.6434195132542683,True,True,True,all agree,<0.10
2021,2021_R19_west_coast_v_st_kilda_2021-07-24,2,False,False,False,0.16599447749356877,0.4355151680736215,False,False,False,2 vs 1,0.10-0.20
2021,2021_R1_adelaide_v_geelong_2021-03-20,1,True,True,True,0.1591591228915421,0.7148818001446567,True,True,True,all agree,0.10-0.20
2021,2021_R1_brisbane_lions_v_sydney_2021-03-20,1,True,True,True,0.033273473788085095,0.36502630851764467,True,True,True,all agree,<0.10
2021,2021_R1_collingwood_v_western_bulldogs_2021-03-19,1,True,True,True,0.18514875758540694,0.578673301802031,True,True,True,all agree,0.10-0.20
2021,2021_R1_essendon_v_hawthorn_2021-03-20,2,False,False,False,0.1920702603262059,0.4307037192333875,False,False,False,2 vs 1,0.10-0.20
2021,2021_R1_greater_western_sydney_v_st_kilda_2021-03-21,2,True,True,False,0.07634808055957798,0.21901440580638912,False,True,False,2 vs 1,<0.10
2021,2021_R1_melbourne_v_fremantle_2021-03-20,1,True,True,True,0.15363914252635613,0.614838499657949,True,True,True,all agree,0.10-0.20
2021,2021_R1_north_melbourne_v_port_adelaide_2021-03-21,1,True,True,True,0.12445495009343499,0.4803900175848374,True,True,True,all agree,0.10-0.20
2021,2021_R1_richmond_v_carlton_2021-03-18,1,True,True,True,0.2120691093040007,0.6585844750685855,True,True,True,all agree,0.20-0.35
2021,2021_R1_west_coast_v_gold_coast_2021-03-21,2,False,False,False,0.22061782560177265,0.3404685779746415,False,False,False,2 vs 1,0.20-0.35
2021,2021_R20_collingwood_v_west_coast_2021-07-31,1,False,False,False,0.08134261418913569,0.3264161511670845,False,False,False,all agree,<0.10
2021,2021_R20_essendon_v_sydney_2021-08-01,1,False,False,False,0.14564842650709225,0.4422223298527186,False,False,False,all agree,0.10-0.20
2021,2021_R20_fremantle_v_richmond_2021-08-01,1,True,True,True,0.08385847350037756,0.7602929902706693,True,True,True,all agree,<0.10
2021,2021_R20_gold_coast_v_melbourne_2021-08-01,1,False,False,False,0.14850257100249575,0.5150525940401045,False,False,False,all agree,0.10-0.20
2021,2021_R20_greater_western_sydney_v_port_adelaide_2021-08-01,1,True,True,True,0.16726890850829346,0.5340148189610613,True,True,True,all agree,0.10-0.20
2021,2021_R20_hawthorn_v_brisbane_lions_2021-08-01,1,True,True,True,0.15425043240753633,0.3717928576905527,True,True,True,all agree,0.10-0.20
2021,2021_R20_north_melbourne_v_geelong_2021-07-31,1,True,True,True,0.1893439191544387,0.6198319542246807,True,True,True,all agree,0.10-0.20
2021,2021_R20_st_kilda_v_carlton_2021-07-30,1,False,False,False,0.038507575841407626,0.2745461541236942,False,False,False,all agree,<0.10
2021,2021_R20_western_bulldogs_v_adelaide_2021-07-31,1,True,True,True,0.023868273097531645,0.4119946817289895,True,True,True,all agree,<0.10
2021,2021_R21_adelaide_v_port_adelaide_2021-08-07,2,False,True,False,0.048881126869066205,0.20156082807487963,False,True,True,2 vs 1,<0.10
2021,2021_R21_carlton_v_gold_coast_2021-08-07,1,True,True,True,0.0684801124168275,0.7446856452189028,True,True,True,all agree,<0.10
2021,2021_R21_fremantle_v_brisbane_lions_2021-08-08,1,True,True,True,0.07194143863513247,0.7674971989987336,True,True,True,all agree,<0.10
2021,2021_R21_geelong_v_greater_western_sydney_2021-08-06,1,True,True,True,0.12993721001508873,0.47489571305113526,True,True,True,all agree,0.10-0.20
2021,2021_R21_hawthorn_v_collingwood_2021-08-08,1,True,True,True,0.0467207347396672,0.9429143830654425,True,True,True,all agree,<0.10
2021,2021_R21_richmond_v_north_melbourne_2021-08-07,1,False,False,False,0.20051782657475775,0.5518752777790901,False,False,False,all agree,0.20-0.35
2021,2021_R21_st_kilda_v_sydney_2021-08-07,1,True,True,True,0.12646358339169117,0.6629586625896611,True,True,True,all agree,0.10-0.20
2021,2021_R21_west_coast_v_melbourne_2021-08-09,1,False,False,False,0.1646369045681233,0.44006078832564227,False,False,False,all agree,0.10-0.20
2021,2021_R21_western_bulldogs_v_essendon_2021-08-08,1,True,True,True,0.12557705297590838,0.7473652711005947,True,True,True,all agree,0.10-0.20
2021,2021_R22_brisbane_lions_v_collingwood_2021-08-14,2,False,False,False,0.09079527980231622,0.24818326300614743,False,False,False,2 vs 1,<0.10
2021,2021_R22_fremantle_v_west_coast_2021-08-15,1,True,True,True,0.10595988289766356,0.6506351521212248,True,True,True,all agree,0.10-0.20
2021,2021_R22_geelong_v_st_kilda_2021-08-14,1,False,False,False,0.021257389444874653,0.5270153511218182,False,False,False,all agree,<0.10
2021,2021_R22_gold_coast_v_essendon_2021-08-15,1,True,True,True,0.10102006266426222,0.7244994225183921,True,True,True,all agree,0.10-0.20
2021,2021_R22_greater_western_sydney_v_richmond_2021-08-13,2,True,True,False,0.17104514739490195,0.4898752399404182,True,False,True,2 vs 1,0.10-0.20
2021,2021_R22_hawthorn_v_western_bulldogs_2021-08-14,1,False,False,False,0.047335639628180215,0.6274005987406018,False,False,False,all agree,<0.10
2021,2021_R22_melbourne_v_adelaide_2021-08-15,1,False,False,False,0.12205353976175282,0.8637633558567241,False,False,False,all agree,0.10-0.20
2021,2021_R22_north_melbourne_v_sydney_2021-08-14,1,True,True,True,0.29174711467173386,0.31722614659195386,True,True,True,all agree,0.20-0.35
2021,2021_R22_port_adelaide_v_carlton_2021-08-14,1,False,False,False,0.0290201336691151,0.33784400907206685,False,False,False,all agree,<0.10
2021,2021_R23_adelaide_v_north_melbourne_2021-08-22,1,True,True,True,0.11245916901931063,0.6232111458404291,True,True,True,all agree,0.10-0.20
2021,2021_R23_brisbane_lions_v_west_coast_2021-08-21,1,False,False,False,0.0570913562297769,0.34833559733281527,False,False,False,all agree,<0.10
2021,2021_R23_carlton_v_greater_western_sydney_2021-08-21,1,True,True,True,0.09945251528480464,0.43572042124691074,True,True,True,all agree,<0.10
2021,2021_R23_essendon_v_collingwood_2021-08-22,1,False,False,False,0.12752768566407685,0.3758979799768037,False,False,False,all agree,0.10-0.20
2021,2021_R23_geelong_v_melbourne_2021-08-21,1,True,True,True,0.0947776254951117,0.8833770454194653,True,True,True,all agree,<0.10
2021,2021_R23_richmond_v_hawthorn_2021-08-21,2,False,True,False,0.10844657148738229,0.3327004698553495,False,False,True,2 vs 1,0.10-0.20
2021,2021_R23_st_kilda_v_fremantle_2021-08-22,1,True,True,True,0.011963713561534695,0.7054595811570114,True,True,True,all agree,<0.10
2021,2021_R23_sydney_v_gold_coast_2021-08-21,2,True,True,False,0.04776230563605954,0.3324416266645962,True,False,True,2 vs 1,<0.10
2021,2021_R23_western_bulldogs_v_port_adelaide_2021-08-20,2,True,True,False,0.11271580076676185,0.4577137973240511,True,True,False,2 vs 1,0.10-0.20
2021,2021_R2_carlton_v_collingwood_2021-03-25,1,True,True,True,0.07679885455912766,0.4747758983535282,True,True,True,all agree,<0.10
2021,2021_R2_fremantle_v_greater_western_sydney_2021-03-28,1,True,True,True,0.054207919463289345,0.48678286050689606,True,True,True,all agree,<0.10
2021,2021_R2_geelong_v_brisbane_lions_2021-03-26,1,True,True,True,0.13769950563193917,0.4962116075982375,True,True,True,all agree,0.10-0.20
2021,2021_R2_gold_coast_v_north_melbourne_2021-03-27,1,True,True,True,0.0725142525500807,0.5202780899766123,True,True,True,all agree,<0.10
2021,2021_R2_hawthorn_v_richmond_2021-03-28,1,True,True,True,0.00688013901714879,0.4758937560486996,True,True,True,all agree,<0.10
2021,2021_R2_port_adelaide_v_essendon_2021-03-27,2,True,True,False,0.217282460577243,0.3832711574850169,True,True,False,2 vs 1,0.20-0.35
2021,2021_R2_st_kilda_v_melbourne_2021-03-27,1,True,True,True,0.08091316063132381,0.6754598805476403,True,True,True,all agree,<0.10
2021,2021_R2_sydney_v_adelaide_2021-03-27,2,False,True,False,0.2647921328616076,0.41701590320068377,False,True,False,2 vs 1,0.20-0.35
2021,2021_R2_western_bulldogs_v_west_coast_2021-03-28,2,False,True,False,0.20936573047127505,0.4864118510092468,True,True,False,2 vs 1,0.20-0.35
2021,2021_R3_adelaide_v_gold_coast_2021-04-02,1,True,True,True,0.22878094430865592,0.8428897432889327,True,True,True,all agree,0.20-0.35
2021,2021_R3_carlton_v_fremantle_2021-04-04,1,True,True,True,0.20149082222310233,0.5841700443380838,True,True,True,all agree,0.20-0.35
2021,2021_R3_collingwood_v_brisbane_lions_2021-04-01,2,False,False,False,0.5427296999378101,0.5319898676443714,False,False,False,2 vs 1,>0.35
2021,2021_R3_essendon_v_st_kilda_2021-04-03,2,False,True,False,0.17286891936710813,0.3294215414542412,False,True,False,2 vs 1,0.10-0.20
2021,2021_R3_geelong_v_hawthorn_2021-04-05,1,True,True,True,0.1396384134856623,0.671182293232122,True,True,True,all agree,0.10-0.20
2021,2021_R3_greater_western_sydney_v_melbourne_2021-04-04,1,True,True,True,0.1170538882882799,0.6705946015400092,True,True,True,all agree,0.10-0.20
2021,2021_R3_north_melbourne_v_western_bulldogs_2021-04-02,1,True,True,True,0.13811541100838542,0.9312673467776108,True,True,True,all agree,0.10-0.20
2021,2021_R3_richmond_v_sydney_2021-04-03,2,True,True,False,0.07707156778186697,0.2525866438023891,False,False,True,2 vs 1,<0.10
2021,2021_R3_west_coast_v_port_adelaide_2021-04-03,1,False,False,False,0.04274231310848575,0.4716423605542535,False,False,False,all agree,<0.10
2021,2021_R4_collingwood_v_greater_western_sydney_2021-04-10,1,False,False,False,0.1806145412524004,0.5221313855537639,False,False,False,all agree,0.10-0.20
2021,2021_R4_fremantle_v_hawthorn_2021-04-11,1,False,False,False,0.16433696747883175,0.36165231109917517,False,False,False,all agree,0.10-0.20
2021,2021_R4_gold_coast_v_carlton_2021-04-10,1,False,False,False,0.2893283912990968,0.3756978247009008,False,False,False,all agree,0.20-0.35
2021,2021_R4_melbourne_v_geelong_2021-04-11,1,True,True,True,0.10532675253697477,0.6090999733639676,True,True,True,all agree,0.10-0.20
2021,2021_R4_north_melbourne_v_adelaide_2021-04-11,2,True,True,False,0.07852562411263031,0.2900636833580752,False,False,True,2 vs 1,<0.10
2021,2021_R4_port_adelaide_v_richmond_2021-04-09,2,False,False,False,0.04423930216689523,0.2501900597824173,False,False,False,2 vs 1,<0.10
2021,2021_R4_st_kilda_v_west_coast_2021-04-10,1,True,True,True,0.07048169160314888,0.546014735404515,True,True,True,all agree,<0.10
2021,2021_R4_sydney_v_essendon_2021-04-08,1,True,True,True,0.13379251891212518,0.6556909684883722,True,True,True,all agree,0.10-0.20
2021,2021_R4_western_bulldogs_v_brisbane_lions_2021-04-10,1,False,False,False,0.09311574351374807,0.5641335866099214,False,False,False,all agree,<0.10
2021,2021_R5_adelaide_v_fremantle_2021-04-18,2,True,True,False,0.0999477910036568,0.33193203490590145,False,True,True,2 vs 1,<0.10
2021,2021_R5_brisbane_lions_v_essendon_2021-04-17,1,True,True,True,0.12720890821017627,0.6183443410428361,True,True,True,all agree,0.10-0.20
2021,2021_R5_carlton_v_port_adelaide_2021-04-17,1,True,True,True,0.06117970859666322,0.3714334166718502,True,True,True,all agree,<0.10
2021,2021_R5_geelong_v_north_melbourne_2021-04-18,1,True,True,True,0.0705008340966855,0.3509978285564142,True,True,True,all agree,<0.10
2021,2021_R5_hawthorn_v_melbourne_2021-04-18,1,True,True,True,0.2526722893341746,0.7461041375030134,True,True,True,all agree,0.20-0.35
2021,2021_R5_st_kilda_v_richmond_2021-04-15,2,False,False,False,0.05692569974460063,0.25018238932189846,False,False,False,2 vs 1,<0.10
2021,2021_R5_sydney_v_greater_western_sydney_2021-04-17,1,False,False,False,0.26814599215783874,0.537458259739421,False,False,False,all agree,0.20-0.35
2021,2021_R5_west_coast_v_collingwood_2021-04-16,1,True,True,True,0.09622522890829485,0.25025136698387435,True,True,True,all agree,<0.10
2021,2021_R5_western_bulldogs_v_gold_coast_2021-04-17,1,True,True,True,0.07220008533082617,0.4940561567816333,True,True,True,all agree,<0.10
2021,2021_R6_carlton_v_brisbane_lions_2021-04-24,2,False,False,False,0.1418512015600251,0.3088328503050453,False,False,False,2 vs 1,0.10-0.20
2021,2021_R6_collingwood_v_essendon_2021-04-25,1,True,True,True,0.14805032729562673,0.8287075017995313,True,True,True,all agree,0.10-0.20
2021,2021_R6_fremantle_v_north_melbourne_2021-04-24,1,False,False,False,0.10655085140826481,0.55985715184263,False,False,False,all agree,0.10-0.20
2021,2021_R6_geelong_v_west_coast_2021-04-24,1,False,False,False,0.028042891594641572,0.6380695612208739,False,False,False,all agree,<0.10
2021,2021_R6_gold_coast_v_sydney_2021-04-24,1,False,False,False,0.13263051601424614,0.41185602139869243,False,False,False,all agree,0.10-0.20
2021,2021_R6_greater_western_sydney_v_western_bulldogs_2021-04-23,1,False,False,False,0.09576946297200739,0.7044617375793716,False,False,False,all agree,<0.10
2021,2021_R6_hawthorn_v_adelaide_2021-04-25,3,True,True,False,0.25092014302086985,0.29983513200076634,True,False,False,all differ,0.20-0.35
2021,2021_R6_melbourne_v_richmond_2021-04-24,1,True,True,True,0.23131939923749983,0.6007428719285947,True,True,True,all agree,0.20-0.35
2021,2021_R6_port_adelaide_v_st_kilda_2021-04-25,1,True,True,True,0.11004526017073762,0.45959087665325865,True,True,True,all agree,0.10-0.20
2021,2021_R7_adelaide_v_greater_western_sydney_2021-05-01,1,True,True,True,0.15444099504199538,0.5313594952289867,True,True,True,all agree,0.10-0.20
2021,2021_R7_brisbane_lions_v_port_adelaide_2021-05-01,1,True,True,True,0.0627115416301573,0.5180657533738883,True,True,True,all agree,<0.10
2021,2021_R7_collingwood_v_gold_coast_2021-05-01,2,False,False,False,0.3129828691729229,0.33756216185345683,False,False,False,2 vs 1,0.20-0.35
2021,2021_R7_essendon_v_carlton_2021-05-02,1,True,True,True,0.02556206006077799,0.628430444596317,True,True,True,all agree,<0.10
2021,2021_R7_north_melbourne_v_melbourne_2021-05-02,2,True,True,False,0.1459802184474886,0.35170597995144776,True,False,False,2 vs 1,0.10-0.20
2021,2021_R7_richmond_v_western_bulldogs_2021-04-30,1,False,False,False,0.0790020089592049,0.4628663002054331,False,False,False,all agree,<0.10
2021,2021_R7_st_kilda_v_hawthorn_2021-05-01,1,True,True,True,0.02218080755163776,0.8138482797744419,True,True,True,all agree,<0.10
2021,2021_R7_sydney_v_geelong_2021-05-01,1,True,True,True,0.08883497933596446,0.3033605941734035,True,True,True,all agree,<0.10
2021,2021_R7_west_coast_v_fremantle_2021-05-02,1,True,True,True,0.06293091006235474,0.9314366344980619,True,True,True,all agree,<0.10
2021,2021_R8_brisbane_lions_v_fremantle_2021-05-09,1,False,False,False,0.0671221982621954,0.4358076769808818,False,False,False,all agree,<0.10
2021,2021_R8_gold_coast_v_st_kilda_2021-05-08,1,True,True,True,0.17032692722898957,0.3358238274884738,True,True,True,all agree,0.10-0.20
2021,2021_R8_greater_western_sydney_v_essendon_2021-05-08,1,False,False,False,0.17218777542651725,0.48728124690044533,False,False,False,all agree,0.10-0.20
2021,2021_R8_hawthorn_v_west_coast_2021-05-09,1,True,True,True,0.18896628227569412,0.6146531002792862,True,True,True,all agree,0.10-0.20
2021,2021_R8_melbourne_v_sydney_2021-05-08,1,True,True,True,0.15457380494552309,0.3938413279335558,True,True,True,all agree,0.10-0.20
2021,2021_R8_north_melbourne_v_collingwood_2021-05-08,1,True,True,True,0.09344971634359711,0.740708551128138,True,True,True,all agree,<0.10
2021,2021_R8_port_adelaide_v_adelaide_2021-05-08,2,True,True,False,0.13604413841220783,0.19810801342595555,False,True,False,2 vs 1,0.10-0.20
2021,2021_R8_richmond_v_geelong_2021-05-07,1,True,True,True,0.09962596167621096,0.6384757895281302,True,True,True,all agree,<0.10
2021,2021_R8_western_bulldogs_v_carlton_2021-05-09,1,True,True,True,0.18185271170000578,0.5354179225833138,True,True,True,all agree,0.10-0.20
2021,2021_R9_essendon_v_fremantle_2021-05-16,1,True,True,True,0.09013189041672254,0.8321859406991018,True,True,True,all agree,<0.10
2021,2021_R9_gold_coast_v_brisbane_lions_2021-05-15,2,True,True,False,0.09074353069304436,0.45658464192508424,False,True,False,2 vs 1,<0.10
2021,2021_R9_hawthorn_v_north_melbourne_2021-05-15,1,False,False,False,0.10734104683595846,0.6788757630299127,False,False,False,all agree,0.10-0.20
2021,2021_R9_melbourne_v_carlton_2021-05-16,1,True,True,True,0.05468608311076434,0.5035333486572325,True,True,True,all agree,<0.10
2021,2021_R9_port_adelaide_v_western_bulldogs_2021-05-15,2,False,True,False,0.06225734909454583,0.2861451994396507,False,True,False,2 vs 1,<0.10
2021,2021_R9_richmond_v_greater_western_sydney_2021-05-15,1,True,True,True,0.11198884425986,0.667095888474479,True,True,True,all agree,0.10-0.20
2021,2021_R9_st_kilda_v_geelong_2021-05-14,1,True,True,True,0.0949837376290219,0.7574655875925337,True,True,True,all agree,<0.10
2021,2021_R9_sydney_v_collingwood_2021-05-15,1,False,False,False,0.06843570851649367,0.3807333032470927,False,False,False,all agree,<0.10
2021,2021_R9_west_coast_v_adelaide_2021-05-16,1,False,False,False,0.044567153228950385,0.3073601489943209,False,False,False,all agree,<0.10
2022,2022_R10_adelaide_v_st_kilda_2022-05-21,1,True,True,True,0.04747210904945748,0.2907310758568944,True,True,True,all agree,<0.10
2022,2022_R10_carlton_v_sydney_2022-05-20,1,True,True,True,0.16786358347184044,0.36315036653216776,True,True,True,all agree,0.10-0.20
2022,2022_R10_fremantle_v_collingwood_2022-05-22,2,False,True,False,0.04406275411377028,0.2405673846388199,True,False,False,2 vs 1,<0.10
2022,2022_R10_geelong_v_port_adelaide_2022-05-21,1,True,True,True,0.15426026488654226,0.5635991520196381,True,True,True,all agree,0.10-0.20
2022,2022_R10_greater_western_sydney_v_west_coast_2022-05-22,1,False,False,False,0.15294282691823946,0.5836389968858814,False,False,False,all agree,0.10-0.20
2022,2022_R10_hawthorn_v_brisbane_lions_2022-05-22,1,True,True,True,0.14841692566666398,0.6218966565060708,True,True,True,all agree,0.10-0.20
2022,2022_R10_north_melbourne_v_melbourne_2022-05-21,1,True,True,True,0.06437929428153899,0.947854538253141,True,True,True,all agree,<0.10
2022,2022_R10_richmond_v_essendon_2022-05-21,1,True,True,True,0.15494715736147274,0.4432119036027988,True,True,True,all agree,0.10-0.20
2022,2022_R10_western_bulldogs_v_gold_coast_2022-05-21,1,True,True,True,0.32237837764989696,0.4607799072765099,True,True,True,all agree,0.20-0.35
2022,2022_R11_brisbane_lions_v_greater_western_sydney_2022-05-28,1,True,True,True,0.04636941485631729,0.8411503482284868,True,True,True,all agree,<0.10
2022,2022_R11_collingwood_v_carlton_2022-05-29,1,True,True,True,0.13524707545731618,0.30503532476978107,True,True,True,all agree,0.10-0.20
2022,2022_R11_geelong_v_adelaide_2022-05-28,1,True,True,True,0.06589261273387759,0.8054411244883514,True,True,True,all agree,<0.10
2022,2022_R11_gold_coast_v_hawthorn_2022-05-28,2,True,True,False,0.18303969984601232,0.2660241868628916,False,True,False,2 vs 1,0.10-0.20
2022,2022_R11_melbourne_v_fremantle_2022-05-28,2,False,False,False,0.13079090836050436,0.17633975035790103,False,False,False,2 vs 1,0.10-0.20
2022,2022_R11_port_adelaide_v_essendon_2022-05-29,2,False,False,False,0.1846523328965754,0.466851374072682,False,False,False,2 vs 1,0.10-0.20
2022,2022_R11_st_kilda_v_north_melbourne_2022-05-29,1,False,False,False,0.037141590490047394,0.4139696838762104,False,False,False,all agree,<0.10
2022,2022_R11_sydney_v_richmond_2022-05-27,1,False,False,False,0.23402829404121767,0.29428323789184324,False,False,False,all agree,0.20-0.35
2022,2022_R11_west_coast_v_western_bulldogs_2022-05-28,2,True,True,False,0.3479944395918736,0.45035495833054107,True,False,True,2 vs 1,0.20-0.35
2022,2022_R12_adelaide_v_west_coast_2022-06-04,1,False,False,False,0.061704144415988704,0.6872594250218919,False,False,False,all agree,<0.10
2022,2022_R12_fremantle_v_brisbane_lions_2022-06-05,1,True,True,True,0.16068906808500338,0.7451348104762463,True,True,True,all agree,0.10-0.20
2022,2022_R12_gold_coast_v_north_melbourne_2022-06-04,1,True,True,True,0.002665065892119123,0.7508213334619914,True,True,True,all agree,<0.10
2022,2022_R12_hawthorn_v_collingwood_2022-06-05,2,True,True,False,0.18456880346675056,0.28566630399442555,False,True,True,2 vs 1,0.10-0.20
2022,2022_R12_melbourne_v_sydney_2022-06-04,1,True,True,True,0.14523703010493616,0.9116693528924517,True,True,True,all agree,0.10-0.20
2022,2022_R12_western_bulldogs_v_geelong_2022-06-03,1,True,True,True,0.25755209254610456,0.7238119858441756,True,True,True,all agree,0.20-0.35
2022,2022_R13_brisbane_lions_v_st_kilda_2022-06-11,1,False,False,False,0.15252565953175018,0.5652466281179961,False,False,False,all agree,0.10-0.20
2022,2022_R13_collingwood_v_melbourne_2022-06-13,1,False,False,False,0.04479468193777897,0.36684163757433036,False,False,False,all agree,<0.10
2022,2022_R13_essendon_v_carlton_2022-06-10,2,True,True,False,0.1098574140243265,0.2528515856894115,False,True,True,2 vs 1,0.10-0.20
2022,2022_R13_fremantle_v_hawthorn_2022-06-11,1,True,True,True,0.17183066571479244,0.49910721283996695,True,True,True,all agree,0.10-0.20
2022,2022_R13_north_melbourne_v_greater_western_sydney_2022-06-12,1,False,False,False,0.09379879075781561,0.7400715529229981,False,False,False,all agree,<0.10
2022,2022_R13_richmond_v_port_adelaide_2022-06-09,1,False,False,False,0.06951893634537998,0.4176664864662895,False,False,False,all agree,<0.10
2022,2022_R14_gold_coast_v_adelaide_2022-06-19,2,True,True,False,0.34625618783815987,0.41285806296766864,False,True,True,2 vs 1,0.20-0.35
2022,2022_R14_greater_western_sydney_v_western_bulldogs_2022-06-18,2,True,True,False,0.41289986476669405,0.6479257752278768,True,False,True,2 vs 1,>0.35
2022,2022_R14_port_adelaide_v_sydney_2022-06-18,1,False,False,False,0.1579183824289075,0.48940847774822777,False,False,False,all agree,0.10-0.20
2022,2022_R14_richmond_v_carlton_2022-06-16,1,True,True,True,0.18008221073423125,0.5895099510198801,True,True,True,all agree,0.10-0.20
2022,2022_R14_st_kilda_v_essendon_2022-06-17,1,False,False,False,0.0651822205310632,0.35462112311138383,False,False,False,all agree,<0.10
2022,2022_R14_west_coast_v_geelong_2022-06-18,1,True,True,True,0.36039458657590545,0.4474966287022067,True,True,True,all agree,>0.35
2022,2022_R15_carlton_v_fremantle_2022-06-25,1,True,True,True,0.04894462243858744,0.8397162774568151,True,True,True,all agree,<0.10
2022,2022_R15_collingwood_v_greater_western_sydney_2022-06-26,2,False,False,False,0.04152656284283321,0.21117287886744998,False,False,False,2 vs 1,<0.10
2022,2022_R15_geelong_v_richmond_2022-06-25,1,False,False,False,0.11852086895338987,0.389380742593236,False,False,False,all agree,0.10-0.20
2022,2022_R15_melbourne_v_brisbane_lions_2022-06-23,2,True,True,False,0.10293337107361838,0.3656810870154636,False,True,True,2 vs 1,0.10-0.20
2022,2022_R15_north_melbourne_v_adelaide_2022-06-26,2,True,True,False,0.18186834874333663,0.3878751313328938,False,True,False,2 vs 1,0.10-0.20
2022,2022_R15_port_adelaide_v_gold_coast_2022-06-26,2,False,False,False,0.27234080235481917,0.26978800539632597,False,False,False,2 vs 1,0.20-0.35
2022,2022_R15_sydney_v_st_kilda_2022-06-25,1,False,False,False,0.06376510592440532,0.5854782625069181,False,False,False,all agree,<0.10
2022,2022_R15_west_coast_v_essendon_2022-06-24,1,True,True,True,0.07644352651695543,0.19643917256689725,True,True,True,all agree,<0.10
2022,2022_R15_western_bulldogs_v_hawthorn_2022-06-24,1,True,True,True,0.057616353977350876,0.36767517570263536,True,True,True,all agree,<0.10
2022,2022_R16_adelaide_v_melbourne_2022-07-02,1,True,True,True,0.16182963413186147,0.7449243482367494,True,True,True,all agree,0.10-0.20
2022,2022_R16_brisbane_lions_v_western_bulldogs_2022-06-30,1,True,True,True,0.11101813785714576,0.6452859833540106,True,True,True,all agree,0.10-0.20
2022,2022_R16_carlton_v_st_kilda_2022-07-01,1,True,True,True,0.1320272719207407,0.6846721695533806,True,True,True,all agree,0.10-0.20
2022,2022_R16_essendon_v_sydney_2022-07-02,2,True,True,False,0.30772373888087456,0.45442564758209913,True,True,False,2 vs 1,0.20-0.35
2022,2022_R16_fremantle_v_port_adelaide_2022-07-03,2,False,False,False,0.11778194504868295,0.22490375825841072,False,False,False,2 vs 1,0.10-0.20
2022,2022_R16_geelong_v_north_melbourne_2022-07-02,2,False,True,False,0.18593698956844285,0.4740256992114406,False,False,True,2 vs 1,0.10-0.20
2022,2022_R16_gold_coast_v_collingwood_2022-07-02,1,True,True,True,0.2015311669141382,0.47094960953709347,True,True,True,all agree,0.20-0.35
2022,2022_R16_greater_western_sydney_v_hawthorn_2022-07-03,3,False,True,False,0.09189361872692786,0.2022102991467681,True,False,False,all differ,<0.10
2022,2022_R16_richmond_v_west_coast_2022-07-03,1,True,True,True,0.12817373533631943,0.5531996134009628,True,True,True,all agree,0.10-0.20
2022,2022_R17_brisbane_lions_v_essendon_2022-07-10,2,True,True,False,0.10778820580168486,0.32348937307262643,True,False,True,2 vs 1,0.10-0.20
2022,2022_R17_collingwood_v_north_melbourne_2022-07-09,2,False,True,False,0.08884638221099311,0.33642661619248,False,True,False,2 vs 1,<0.10
2022,2022_R17_geelong_v_melbourne_2022-07-07,1,True,True,True,0.10538931420193537,0.38439770129459155,True,True,True,all agree,0.10-0.20
2022,2022_R17_gold_coast_v_richmond_2022-07-09,1,False,False,False,0.3293401596420962,0.6580310774234369,False,False,False,all agree,0.20-0.35
2022,2022_R17_hawthorn_v_adelaide_2022-07-10,1,False,False,False,0.06305002724008801,0.3254689430505595,False,False,False,all agree,<0.10
2022,2022_R17_port_adelaide_v_greater_western_sydney_2022-07-09,1,False,False,False,0.04431079519247738,0.9237152211795226,False,False,False,all agree,<0.10
2022,2022_R17_st_kilda_v_fremantle_2022-07-09,1,True,True,True,0.05063218312969553,0.7567268983028788,True,True,True,all agree,<0.10
2022,2022_R17_sydney_v_western_bulldogs_2022-07-08,1,False,False,False,0.01221513563739629,0.290330392604835,False,False,False,all agree,<0.10
2022,2022_R17_west_coast_v_carlton_2022-07-10,2,True,True,False,0.08038300540979315,0.3073415378108338,True,True,False,2 vs 1,<0.10
2022,2022_R18_adelaide_v_collingwood_2022-07-16,1,True,True,True,0.15616125238863288,0.8277800496020383,True,True,True,all agree,0.10-0.20
2022,2022_R18_carlton_v_geelong_2022-07-16,2,False,False,False,0.3278476077851774,0.32590792726130013,False,False,False,2 vs 1,0.20-0.35
2022,2022_R18_essendon_v_gold_coast_2022-07-17,1,True,True,True,0.01611685378354616,0.48648254531715684,True,True,True,all agree,<0.10
2022,2022_R18_fremantle_v_sydney_2022-07-16,1,True,True,True,0.023782545348554285,0.9154321123007242,True,True,True,all agree,<0.10
2022,2022_R18_greater_western_sydney_v_brisbane_lions_2022-07-16,1,True,True,True,0.023045459144157454,0.920502863543741,True,True,True,all agree,<0.10
2022,2022_R18_hawthorn_v_west_coast_2022-07-17,1,True,True,True,0.08639253713045525,0.7401713941922118,True,True,True,all agree,<0.10
2022,2022_R18_melbourne_v_port_adelaide_2022-07-17,2,True,True,False,0.15047281701898896,0.44837486832405316,True,True,False,2 vs 1,0.10-0.20
2022,2022_R18_north_melbourne_v_richmond_2022-07-16,1,False,False,False,0.10984989763738584,0.627688672516895,False,False,False,all agree,0.10-0.20
2022,2022_R18_western_bulldogs_v_st_kilda_2022-07-15,1,True,True,True,0.04046305991806842,0.9174297533626304,True,True,True,all agree,<0.10
2022,2022_R19_brisbane_lions_v_gold_coast_2022-07-23,2,False,True,False,0.15832148836138293,0.43393880339811064,True,False,False,2 vs 1,0.10-0.20
2022,2022_R19_carlton_v_greater_western_sydney_2022-07-24,2,False,False,False,0.43443976810268614,0.42668520841477875,False,False,False,2 vs 1,>0.35
2022,2022_R19_collingwood_v_essendon_2022-07-24,1,True,True,True,0.008711754827284368,0.6635142031198842,True,True,True,all agree,<0.10
2022,2022_R19_north_melbourne_v_hawthorn_2022-07-23,2,True,True,False,0.1724743317090046,0.40782687601007533,True,False,True,2 vs 1,0.10-0.20
2022,2022_R19_port_adelaide_v_geelong_2022-07-23,1,False,False,False,0.12686878626512477,0.373676755956825,False,False,False,all agree,0.10-0.20
2022,2022_R19_richmond_v_fremantle_2022-07-22,1,False,False,False,0.11351172126594544,0.35125088273277233,False,False,False,all agree,0.10-0.20
2022,2022_R19_sydney_v_adelaide_2022-07-23,1,False,False,False,0.32287381923521624,0.5975054273553155,False,False,False,all agree,0.20-0.35
2022,2022_R19_west_coast_v_st_kilda_2022-07-24,1,True,True,True,0.189806729418023,0.6168866066842565,True,True,True,all agree,0.10-0.20
2022,2022_R19_western_bulldogs_v_melbourne_2022-07-23,1,True,True,True,0.03906523216457031,0.4938443830717971,True,True,True,all agree,<0.10
2022,2022_R1_adelaide_v_fremantle_2022-03-20,1,True,True,True,0.15659371169360808,0.4531824528488782,True,True,True,all agree,0.10-0.20
2022,2022_R1_brisbane_lions_v_port_adelaide_2022-03-19,1,True,True,True,0.22565444694965398,0.5387010389650874,True,True,True,all agree,0.20-0.35
2022,2022_R1_carlton_v_richmond_2022-03-17,1,False,False,False,0.07636258006917573,0.6615505690138289,False,False,False,all agree,<0.10
2022,2022_R1_geelong_v_essendon_2022-03-19,1,True,True,True,0.06924875462537688,0.4855028825718057,True,True,True,all agree,<0.10
2022,2022_R1_greater_western_sydney_v_sydney_2022-03-19,1,True,True,True,0.1613015872757092,0.7325067936696424,True,True,True,all agree,0.10-0.20
2022,2022_R1_hawthorn_v_north_melbourne_2022-03-20,2,False,False,False,0.16513061206731044,0.19221369922302,False,False,False,2 vs 1,0.10-0.20
2022,2022_R1_melbourne_v_western_bulldogs_2022-03-16,1,True,True,True,0.0730677937493025,0.881015236804315,True,True,True,all agree,<0.10
2022,2022_R1_st_kilda_v_collingwood_2022-03-18,2,True,True,False,0.172070368274216,0.3424657951308503,False,True,True,2 vs 1,0.10-0.20
2022,2022_R1_west_coast_v_gold_coast_2022-03-20,1,True,True,True,0.11030948225121295,0.5559271456866672,True,True,True,all agree,0.10-0.20
2022,2022_R20_adelaide_v_carlton_2022-07-30,1,False,False,False,0.12954617209650815,0.46631874143295016,False,False,False,all agree,0.10-0.20
2022,2022_R20_collingwood_v_port_adelaide_2022-07-30,2,True,True,False,0.09133205443512837,0.22305699453125527,True,False,True,2 vs 1,<0.10
2022,2022_R20_essendon_v_north_melbourne_2022-07-31,1,True,True,True,0.12504732072929592,0.8228833285815002,True,True,True,all agree,0.10-0.20
2022,2022_R20_fremantle_v_melbourne_2022-07-29,1,True,True,True,0.16699634224357285,0.5146679269900297,True,True,True,all agree,0.10-0.20
2022,2022_R20_geelong_v_western_bulldogs_2022-07-30,1,False,False,False,0.13581403994061997,0.3441511130032017,False,False,False,all agree,0.10-0.20
2022,2022_R20_gold_coast_v_west_coast_2022-07-31,1,True,True,True,0.22965111036726266,0.6204909434803318,True,True,True,all agree,0.20-0.35
2022,2022_R20_richmond_v_brisbane_lions_2022-07-31,1,True,True,True,0.17539613681215477,0.5512525378070403,True,True,True,all agree,0.10-0.20
2022,2022_R20_st_kilda_v_hawthorn_2022-07-30,1,True,True,True,0.193592176701465,0.7347437753468763,True,True,True,all agree,0.10-0.20
2022,2022_R20_sydney_v_greater_western_sydney_2022-07-30,1,False,False,False,0.06845408206192705,0.5400173141639306,False,False,False,all agree,<0.10
2022,2022_R21_brisbane_lions_v_carlton_2022-08-07,1,True,True,True,0.0425188621394611,0.6829003429395364,True,True,True,all agree,<0.10
2022,2022_R21_geelong_v_st_kilda_2022-08-06,1,True,True,True,0.11936090777026015,0.41610444164529764,True,True,True,all agree,0.10-0.20
2022,2022_R21_greater_western_sydney_v_essendon_2022-08-06,2,True,True,False,0.03890947433789721,0.42561986754382586,True,False,True,2 vs 1,<0.10
2022,2022_R21_hawthorn_v_gold_coast_2022-08-06,1,False,False,False,0.15133474011128223,0.6830425462817024,False,False,False,all agree,0.10-0.20
2022,2022_R21_melbourne_v_collingwood_2022-08-05,1,True,True,True,0.17936671604455162,0.42008323008638676,True,True,True,all agree,0.10-0.20
2022,2022_R21_north_melbourne_v_sydney_2022-08-07,1,False,False,False,0.13142712643353655,0.3393136930021965,False,False,False,all agree,0.10-0.20
2022,2022_R21_port_adelaide_v_richmond_2022-08-06,1,True,True,True,0.3188113721706491,0.58254622719247,True,True,True,all agree,0.20-0.35
2022,2022_R21_west_coast_v_adelaide_2022-08-07,1,False,False,False,0.17298099312083637,0.7102964775264776,False,False,False,all agree,0.10-0.20
2022,2022_R21_western_bulldogs_v_fremantle_2022-08-06,1,True,True,True,0.2866450495171905,0.5587389523701773,True,True,True,all agree,0.20-0.35
2022,2022_R22_adelaide_v_north_melbourne_2022-08-13,1,False,False,False,0.19859159283135497,0.6896936604671068,False,False,False,all agree,0.10-0.20
2022,2022_R22_essendon_v_port_adelaide_2022-08-14,1,False,False,False,0.10306334312520682,0.3821443381861931,False,False,False,all agree,0.10-0.20
2022,2022_R22_fremantle_v_west_coast_2022-08-13,1,True,True,True,0.14052094073698151,0.6224738422109435,True,True,True,all agree,0.10-0.20
2022,2022_R22_gold_coast_v_geelong_2022-08-13,2,False,True,False,0.07044857205355501,0.2442048345764497,False,False,True,2 vs 1,<0.10
2022,2022_R22_melbourne_v_carlton_2022-08-13,1,True,True,True,0.17581977235400603,0.38254678106088763,True,True,True,all agree,0.10-0.20
2022,2022_R22_richmond_v_hawthorn_2022-08-14,1,True,True,True,0.0439905593112454,0.9606698360867414,True,True,True,all agree,<0.10
2022,2022_R22_st_kilda_v_brisbane_lions_2022-08-12,1,True,True,True,0.22048680411067512,0.4357142670494887,True,True,True,all agree,0.20-0.35
2022,2022_R22_sydney_v_collingwood_2022-08-14,1,True,True,True,0.1424432045733135,0.5550925044131686,True,True,True,all agree,0.10-0.20
2022,2022_R22_western_bulldogs_v_greater_western_sydney_2022-08-13,1,False,False,False,0.36736925327378434,0.30075726927459856,False,False,False,all agree,>0.35
2022,2022_R23_brisbane_lions_v_melbourne_2022-08-19,1,False,False,False,0.12380074780515982,0.7562017652568757,False,False,False,all agree,0.10-0.20
2022,2022_R23_carlton_v_collingwood_2022-08-21,1,True,True,True,0.2492121772417607,0.3425195437447583,True,True,True,all agree,0.20-0.35
2022,2022_R23_essendon_v_richmond_2022-08-20,2,False,True,False,0.3859468777215659,0.5952023683388314,False,True,False,2 vs 1,>0.35
2022,2022_R23_geelong_v_west_coast_2022-08-20,2,False,False,False,0.2112017133763905,0.25221334742440554,False,False,False,2 vs 1,0.20-0.35
2022,2022_R23_greater_western_sydney_v_fremantle_2022-08-20,1,True,True,True,0.13095916531509533,0.5477893851490453,True,True,True,all agree,0.10-0.20
2022,2022_R23_hawthorn_v_western_bulldogs_2022-08-21,1,True,True,True,0.2408617677903726,0.4194861548122634,True,True,True,all agree,0.20-0.35
2022,2022_R23_north_melbourne_v_gold_coast_2022-08-20,2,True,True,False,0.06645793603630157,0.4050051901156655,True,False,True,2 vs 1,<0.10
2022,2022_R23_port_adelaide_v_adelaide_2022-08-20,2,False,True,False,0.2617625428401181,0.5200136934524525,False,False,True,2 vs 1,0.20-0.35
2022,2022_R23_st_kilda_v_sydney_2022-08-21,2,False,False,False,0.11537210420610688,0.23097165475682732,False,False,False,2 vs 1,0.10-0.20
2022,2022_R2_collingwood_v_adelaide_2022-03-26,2,False,True,False,0.1953397879268513,0.2565593734232608,False,False,True,2 vs 1,0.10-0.20
2022,2022_R2_essendon_v_brisbane_lions_2022-03-26,1,True,True,True,0.040370670205503,0.9628370504431075,True,True,True,all agree,<0.10
2022,2022_R2_fremantle_v_st_kilda_2022-03-27,1,True,True,True,0.13284987568244455,0.6848148185573466,True,True,True,all agree,0.10-0.20
2022,2022_R2_gold_coast_v_melbourne_2022-03-26,1,True,True,True,0.017850607608217994,0.649171397973315,True,True,True,all agree,<0.10
2022,2022_R2_north_melbourne_v_west_coast_2022-03-27,1,True,True,True,0.04065760298620047,0.7188659671880891,True,True,True,all agree,<0.10
2022,2022_R2_port_adelaide_v_hawthorn_2022-03-26,1,False,False,False,0.0609248152794179,0.3417899203313383,False,False,False,all agree,<0.10
2022,2022_R2_richmond_v_greater_western_sydney_2022-03-27,1,True,True,True,0.09014592231427598,0.35302342708141693,True,True,True,all agree,<0.10
2022,2022_R2_sydney_v_geelong_2022-03-25,1,True,True,True,0.10215015344575751,0.6254937784306397,True,True,True,all agree,0.10-0.20
2022,2022_R2_western_bulldogs_v_carlton_2022-03-24,1,True,True,True,0.004588406052012495,0.7404474822791952,True,True,True,all agree,<0.10
2022,2022_R3_adelaide_v_port_adelaide_2022-04-01,2,False,False,False,0.09839104653622807,0.1942317526104491,False,False,False,2 vs 1,<0.10
2022,2022_R3_brisbane_lions_v_north_melbourne_2022-04-02,1,True,True,True,0.2905333126020782,0.5431364618867499,True,True,True,all agree,0.20-0.35
2022,2022_R3_carlton_v_hawthorn_2022-04-03,1,True,True,True,0.13149011986587317,0.41568256307606766,True,True,True,all agree,0.10-0.20
2022,2022_R3_collingwood_v_geelong_2022-04-02,1,True,True,True,0.1369839422654907,0.6060186709915004,True,True,True,all agree,0.10-0.20
2022,2022_R3_greater_western_sydney_v_gold_coast_2022-04-02,3,True,True,False,0.12217824768173602,0.37616858319104884,True,False,False,all differ,0.10-0.20
2022,2022_R3_melbourne_v_essendon_2022-04-01,1,False,False,False,0.08547996043379047,0.8609960113258324,False,False,False,all agree,<0.10
2022,2022_R3_st_kilda_v_richmond_2022-04-03,1,False,False,False,0.11340972218042983,0.40733769966846306,False,False,False,all agree,0.10-0.20
2022,2022_R3_west_coast_v_fremantle_2022-04-03,1,False,False,False,0.06750491215290294,0.32280088450203964,False,False,False,all agree,<0.10
2022,2022_R3_western_bulldogs_v_sydney_2022-03-31,1,True,True,True,0.06438320019472177,0.5491430123868696,True,True,True,all agree,<0.10
2022,2022_R4_collingwood_v_west_coast_2022-04-09,2,True,True,False,0.033146187887026696,0.18659224124015036,True,False,True,2 vs 1,<0.10
2022,2022_R4_essendon_v_adelaide_2022-04-10,1,True,True,True,0.05530944561413709,0.5733303485673433,True,True,True,all agree,<0.10
2022,2022_R4_fremantle_v_greater_western_sydney_2022-04-09,1,True,True,True,0.11352823541114954,0.7946812036570622,True,True,True,all agree,0.10-0.20
2022,2022_R4_geelong_v_brisbane_lions_2022-04-08,1,True,True,True,0.03985509519887409,0.5234331062997308,True,True,True,all agree,<0.10
2022,2022_R4_gold_coast_v_carlton_2022-04-10,1,True,True,True,0.11359387852405933,0.5589567914051086,True,True,True,all agree,0.10-0.20
2022,2022_R4_hawthorn_v_st_kilda_2022-04-10,2,True,True,False,0.13044280223877366,0.2898784458615153,True,False,True,2 vs 1,0.10-0.20
2022,2022_R4_port_adelaide_v_melbourne_2022-04-07,1,True,True,True,0.06303443062878755,0.8613149559213698,True,True,True,all agree,<0.10
2022,2022_R4_richmond_v_western_bulldogs_2022-04-09,1,False,False,False,0.1632778424627631,0.45454848560488276,False,False,False,all agree,0.10-0.20
2022,2022_R4_sydney_v_north_melbourne_2022-04-09,1,False,False,False,0.06007794533733468,0.3576284873300695,False,False,False,all agree,<0.10
2022,2022_R5_adelaide_v_richmond_2022-04-16,2,True,True,False,0.24529755587202356,0.47778015998983836,True,False,True,2 vs 1,0.20-0.35
2022,2022_R5_brisbane_lions_v_collingwood_2022-04-14,2,True,True,False,0.2713944009335585,0.4292981702480172,True,True,False,2 vs 1,0.20-0.35
2022,2022_R5_carlton_v_port_adelaide_2022-04-17,1,False,False,False,0.05852327946494823,0.34193385261891057,False,False,False,all agree,<0.10
2022,2022_R5_essendon_v_fremantle_2022-04-17,1,True,True,True,0.18316974173300954,0.5125233476734835,True,True,True,all agree,0.10-0.20
2022,2022_R5_hawthorn_v_geelong_2022-04-18,1,False,False,False,0.11760167000656785,0.6883549605673167,False,False,False,all agree,0.10-0.20
2022,2022_R5_melbourne_v_greater_western_sydney_2022-04-16,1,True,True,True,0.06548116834288792,0.4295592586892236,True,True,True,all agree,<0.10
2022,2022_R5_north_melbourne_v_western_bulldogs_2022-04-15,1,True,True,True,0.08208257726383195,0.7178009138092282,True,True,True,all agree,<0.10
2022,2022_R5_st_kilda_v_gold_coast_2022-04-16,1,True,True,True,0.23407990107989107,0.629471387607962,True,True,True,all agree,0.20-0.35
2022,2022_R5_west_coast_v_sydney_2022-04-15,2,False,False,False,0.15299149873730344,0.3614441618834791,False,False,False,2 vs 1,0.10-0.20
2022,2022_R6_essendon_v_collingwood_2022-04-25,1,False,False,False,0.17773358951719104,0.4757852493874079,False,False,False,all agree,0.10-0.20
2022,2022_R6_fremantle_v_carlton_2022-04-23,2,True,True,False,0.1353123232092277,0.32217844938021584,True,True,False,2 vs 1,0.10-0.20
2022,2022_R6_gold_coast_v_brisbane_lions_2022-04-24,1,True,True,True,0.12871550573007773,0.6216931870949677,True,True,True,all agree,0.10-0.20
2022,2022_R6_greater_western_sydney_v_st_kilda_2022-04-22,1,True,True,True,0.0453998548578185,0.4433335219557549,True,True,True,all agree,<0.10
2022,2022_R6_hawthorn_v_sydney_2022-04-25,1,True,True,True,0.008892938680819973,0.9601867990050198,True,True,True,all agree,<0.10
2022,2022_R6_north_melbourne_v_geelong_2022-04-24,1,True,True,True,0.10327052558463945,0.8447722237084382,True,True,True,all agree,0.10-0.20
2022,2022_R6_port_adelaide_v_west_coast_2022-04-23,1,False,False,False,0.03162679661737522,0.2668146706084653,False,False,False,all agree,<0.10
2022,2022_R6_richmond_v_melbourne_2022-04-24,1,True,True,True,0.018682330885141485,0.9279823958408411,True,True,True,all agree,<0.10
2022,2022_R6_western_bulldogs_v_adelaide_2022-04-23,2,False,False,False,0.18867167032560245,0.30753978914014574,False,False,False,2 vs 1,0.10-0.20
2022,2022_R7_adelaide_v_greater_western_sydney_2022-04-30,1,True,True,True,0.05398195080874302,0.8307930402853332,True,True,True,all agree,<0.10
2022,2022_R7_carlton_v_north_melbourne_2022-04-30,1,True,True,True,0.09090325614449823,0.7519889161701535,True,True,True,all agree,<0.10
2022,2022_R7_collingwood_v_gold_coast_2022-05-01,1,True,True,True,0.08978215411318458,0.619828973617636,True,True,True,all agree,<0.10
2022,2022_R7_geelong_v_fremantle_2022-04-30,1,True,True,True,0.23953167596821356,0.7564148644256278,True,True,True,all agree,0.20-0.35
2022,2022_R7_melbourne_v_hawthorn_2022-04-30,1,True,True,True,0.1789221081999628,0.765302215303762,True,True,True,all agree,0.10-0.20
2022,2022_R7_st_kilda_v_port_adelaide_2022-04-30,1,True,True,True,0.20322178216859493,0.3578192119074974,True,True,True,all agree,0.20-0.35
2022,2022_R7_sydney_v_brisbane_lions_2022-05-01,1,True,True,True,0.050441336479372656,0.9027671871751419,True,True,True,all agree,<0.10
2022,2022_R7_west_coast_v_richmond_2022-04-29,1,True,True,True,0.03404828575901009,0.7653706382796193,True,True,True,all agree,<0.10
2022,2022_R7_western_bulldogs_v_essendon_2022-05-01,1,True,True,True,0.21317314633779016,0.6353772499385385,True,True,True,all agree,0.20-0.35
2022,2022_R8_brisbane_lions_v_west_coast_2022-05-07,1,True,True,True,0.02017729381113853,0.9051464524731827,True,True,True,all agree,<0.10
2022,2022_R8_carlton_v_adelaide_2022-05-08,1,False,False,False,0.17126902288828694,0.7430183108929619,False,False,False,all agree,0.10-0.20
2022,2022_R8_essendon_v_hawthorn_2022-05-07,2,True,True,False,0.11302271410738579,0.44100505706075066,True,False,True,2 vs 1,0.10-0.20
2022,2022_R8_fremantle_v_north_melbourne_2022-05-06,1,False,False,False,0.10739754035648952,0.40974042134616967,False,False,False,all agree,0.10-0.20
2022,2022_R8_greater_western_sydney_v_geelong_2022-05-07,2,False,True,False,0.07370932640869193,0.29880810563231125,False,False,True,2 vs 1,<0.10
2022,2022_R8_melbourne_v_st_kilda_2022-05-08,3,True,True,False,0.19961939681377455,0.32860003468411964,True,False,False,all differ,0.10-0.20
2022,2022_R8_port_adelaide_v_western_bulldogs_2022-05-06,1,True,True,True,0.1365722542116946,0.598344983419686,True,True,True,all agree,0.10-0.20
2022,2022_R8_richmond_v_collingwood_2022-05-07,1,True,True,True,0.019797155369647434,0.9583245722932473,True,True,True,all agree,<0.10
2022,2022_R8_sydney_v_gold_coast_2022-05-07,2,False,True,False,0.09619835978188801,0.27956440528338716,True,False,True,2 vs 1,<0.10
2022,2022_R9_adelaide_v_brisbane_lions_2022-05-14,1,True,True,True,0.07737237446748357,0.6663860399418998,True,True,True,all agree,<0.10
2022,2022_R9_collingwood_v_western_bulldogs_2022-05-13,1,True,True,True,0.018387890034916032,0.4639871039935935,True,True,True,all agree,<0.10
2022,2022_R9_gold_coast_v_fremantle_2022-05-15,1,False,False,False,0.08478498864896167,0.825746926693514,False,False,False,all agree,<0.10
2022,2022_R9_greater_western_sydney_v_carlton_2022-05-15,1,True,True,True,0.06899235595678721,0.43258663822700516,True,True,True,all agree,<0.10
2022,2022_R9_hawthorn_v_richmond_2022-05-14,1,True,True,True,0.20912562178025196,0.35201108562708877,True,True,True,all agree,0.20-0.35
2022,2022_R9_north_melbourne_v_port_adelaide_2022-05-14,1,True,True,True,0.059833966897578805,0.9315556017487546,True,True,True,all agree,<0.10
2022,2022_R9_st_kilda_v_geelong_2022-05-14,1,True,True,True,0.1592506158405269,0.7455170106146757,True,True,True,all agree,0.10-0.20
2022,2022_R9_sydney_v_essendon_2022-05-14,1,True,True,True,0.056466864089044444,0.5132625751760727,True,True,True,all agree,<0.10
2022,2022_R9_west_coast_v_melbourne_2022-05-15,1,True,True,True,0.07393742339389264,0.5912326377407325,True,True,True,all agree,<0.10
2023,2023_R10_brisbane_lions_v_gold_coast_2023-05-20,1,True,True,True,0.148869178447459,0.5543932923070302,True,True,True,all agree,0.10-0.20
2023,2023_R10_carlton_v_collingwood_2023-05-21,1,False,False,False,0.07149801910442766,0.5507871559741075,False,False,False,all agree,<0.10
2023,2023_R10_essendon_v_richmond_2023-05-20,1,True,True,True,0.19336004184063826,0.7239143302966814,True,True,True,all agree,0.10-0.20
2023,2023_R10_fremantle_v_geelong_2023-05-20,1,False,False,False,0.06119380765566207,0.6944598768131716,False,False,False,all agree,<0.10
2023,2023_R10_greater_western_sydney_v_st_kilda_2023-05-21,1,False,False,False,0.13052313903651136,0.8049469842534966,False,False,False,all agree,0.10-0.20
2023,2023_R10_hawthorn_v_west_coast_2023-05-21,1,False,False,False,0.06636667814570107,0.8455713146339736,False,False,False,all agree,<0.10
2023,2023_R10_north_melbourne_v_sydney_2023-05-20,1,False,False,False,0.08764232293978458,0.33735360055088887,False,False,False,all agree,<0.10
2023,2023_R10_port_adelaide_v_melbourne_2023-05-19,1,True,True,True,0.021749400732856472,0.920630656002506,True,True,True,all agree,<0.10
2023,2023_R10_western_bulldogs_v_adelaide_2023-05-20,1,False,False,False,0.05987689258068701,0.3170571258979403,False,False,False,all agree,<0.10
2023,2023_R11_adelaide_v_brisbane_lions_2023-05-28,1,False,False,False,0.24796658279589306,0.4983824439461841,False,False,False,all agree,0.20-0.35
2023,2023_R11_collingwood_v_north_melbourne_2023-05-28,1,True,True,True,0.1149095478496911,0.7577954827529422,True,True,True,all agree,0.10-0.20
2023,2023_R11_geelong_v_greater_western_sydney_2023-05-27,1,True,True,True,0.17431671127986004,0.45190142097186903,True,True,True,all agree,0.10-0.20
2023,2023_R11_gold_coast_v_western_bulldogs_2023-05-27,1,True,True,True,0.07917934434552965,0.6723464897911443,True,True,True,all agree,<0.10
2023,2023_R11_melbourne_v_fremantle_2023-05-27,1,False,False,False,0.0602672656913682,0.38055889626806927,False,False,False,all agree,<0.10
2023,2023_R11_richmond_v_port_adelaide_2023-05-28,1,True,True,True,0.40344097228818154,0.783454160335468,True,True,True,all agree,>0.35
2023,2023_R11_st_kilda_v_hawthorn_2023-05-27,1,True,True,True,0.023356105220504464,0.9736297239644859,True,True,True,all agree,<0.10
2023,2023_R11_sydney_v_carlton_2023-05-26,1,True,True,True,0.07024759306310785,0.48579775784651913,True,True,True,all agree,<0.10
2023,2023_R11_west_coast_v_essendon_2023-05-27,1,True,True,True,0.21073507990349122,0.3463243947443335,True,True,True,all agree,0.20-0.35
2023,2023_R12_essendon_v_north_melbourne_2023-06-04,1,True,True,True,0.0873838471888041,0.8930375257331745,True,True,True,all agree,<0.10
2023,2023_R12_gold_coast_v_adelaide_2023-06-03,2,False,True,False,0.21614497535455607,0.4696234063658307,False,True,False,2 vs 1,0.20-0.35
2023,2023_R12_greater_western_sydney_v_richmond_2023-06-04,2,True,True,False,0.20162782435704146,0.43620964853858024,True,False,True,2 vs 1,0.20-0.35
2023,2023_R12_melbourne_v_carlton_2023-06-02,1,True,True,True,0.20799864899022447,0.786389303491135,True,True,True,all agree,0.20-0.35
2023,2023_R12_port_adelaide_v_hawthorn_2023-06-03,2,True,True,False,0.08104263783377563,0.36659857777580784,True,False,True,2 vs 1,<0.10
2023,2023_R12_west_coast_v_collingwood_2023-06-03,1,False,False,False,0.040658075877705646,0.5311182457882997,False,False,False,all agree,<0.10
2023,2023_R12_western_bulldogs_v_geelong_2023-06-03,2,False,True,False,0.2196713162597236,0.2988165024270555,True,False,True,2 vs 1,0.20-0.35
2023,2023_R13_adelaide_v_west_coast_2023-06-10,1,True,True,True,0.07143092695370856,0.9710932533323856,True,True,True,all agree,<0.10
2023,2023_R13_carlton_v_essendon_2023-06-11,1,True,True,True,0.17074110681217086,0.5428629570003406,True,True,True,all agree,0.10-0.20
2023,2023_R13_fremantle_v_richmond_2023-06-10,2,True,True,False,0.12515989219951718,0.4379488266685232,True,True,False,2 vs 1,0.10-0.20
2023,2023_R13_hawthorn_v_brisbane_lions_2023-06-10,1,False,False,False,0.168403656841014,0.6816813640322005,False,False,False,all agree,0.10-0.20
2023,2023_R13_melbourne_v_collingwood_2023-06-12,1,True,True,True,0.20329992569645494,0.7611611866268776,True,True,True,all agree,0.20-0.35
2023,2023_R13_north_melbourne_v_greater_western_sydney_2023-06-11,1,False,False,False,0.21775076298012203,0.4804356645023087,False,False,False,all agree,0.20-0.35
2023,2023_R13_sydney_v_st_kilda_2023-06-08,1,False,False,False,0.1989646822004716,0.36153632918897977,False,False,False,all agree,0.10-0.20
2023,2023_R13_western_bulldogs_v_port_adelaide_2023-06-09,1,True,True,True,0.017284022636485652,0.6266580828486027,True,True,True,all agree,<0.10
2023,2023_R14_brisbane_lions_v_sydney_2023-06-16,2,False,False,False,0.09713060306930982,0.24709483990485728,False,False,False,2 vs 1,<0.10
2023,2023_R14_carlton_v_gold_coast_2023-06-18,1,True,True,True,0.14555175558194472,0.4225543434488621,True,True,True,all agree,0.10-0.20
2023,2023_R14_greater_western_sydney_v_fremantle_2023-06-17,1,False,False,False,0.0878282102616934,0.8299773356583655,False,False,False,all agree,<0.10
2023,2023_R14_north_melbourne_v_western_bulldogs_2023-06-18,1,True,True,True,0.09919639021545945,0.8377690378474156,True,True,True,all agree,<0.10
2023,2023_R14_port_adelaide_v_geelong_2023-06-15,1,False,False,False,0.1553678400251155,0.5027105469304395,False,False,False,all agree,0.10-0.20
2023,2023_R14_richmond_v_st_kilda_2023-06-17,1,True,True,True,0.024794906631303237,0.5558796056435892,True,True,True,all agree,<0.10
2023,2023_R15_collingwood_v_adelaide_2023-06-25,2,False,True,False,0.13001343669121834,0.3829436465966622,False,False,True,2 vs 1,0.10-0.20
2023,2023_R15_fremantle_v_essendon_2023-06-24,1,False,False,False,0.03575985789321945,0.5194025198464841,False,False,False,all agree,<0.10
2023,2023_R15_geelong_v_melbourne_2023-06-22,1,False,False,False,0.10813142241462248,0.6700828009794678,False,False,False,all agree,0.10-0.20
2023,2023_R15_gold_coast_v_hawthorn_2023-06-25,1,True,True,True,0.2625084580919521,0.5393077353177681,True,True,True,all agree,0.20-0.35
2023,2023_R15_st_kilda_v_brisbane_lions_2023-06-23,2,True,True,False,0.07025013318192946,0.35291265031354374,True,False,True,2 vs 1,<0.10
2023,2023_R15_sydney_v_west_coast_2023-06-24,1,False,False,False,0.09428154027339808,0.39189818396808723,False,False,False,all agree,<0.10
2023,2023_R16_adelaide_v_north_melbourne_2023-07-01,2,False,False,False,0.1709931107218755,0.2675173208346095,False,False,False,2 vs 1,0.10-0.20
2023,2023_R16_brisbane_lions_v_richmond_2023-06-29,2,True,True,False,0.23281691516882297,0.4619756409331958,True,True,False,2 vs 1,0.20-0.35
2023,2023_R16_essendon_v_port_adelaide_2023-07-01,2,False,True,False,0.3806616127879252,0.4139489711389254,False,False,True,2 vs 1,>0.35
2023,2023_R16_gold_coast_v_collingwood_2023-07-01,1,True,True,True,0.12026799065613991,0.7843606953436644,True,True,True,all agree,0.10-0.20
2023,2023_R16_hawthorn_v_carlton_2023-07-02,2,True,True,False,0.19696789683563298,0.3580476822806209,True,False,True,2 vs 1,0.10-0.20
2023,2023_R16_melbourne_v_greater_western_sydney_2023-07-02,1,True,True,True,0.13956432162804133,0.5588933111070281,True,True,True,all agree,0.10-0.20
2023,2023_R16_sydney_v_geelong_2023-06-30,2,False,True,False,0.1488271435570469,0.22720470644645707,False,False,True,2 vs 1,0.10-0.20
2023,2023_R16_west_coast_v_st_kilda_2023-07-02,2,False,False,False,0.18828421936372672,0.26122539881380175,False,False,False,2 vs 1,0.10-0.20
2023,2023_R16_western_bulldogs_v_fremantle_2023-07-01,1,True,True,True,0.09188601076286201,0.4648046310300602,True,True,True,all agree,<0.10
2023,2023_R17_brisbane_lions_v_west_coast_2023-07-08,1,True,True,True,0.04301696715944636,0.804277893653586,True,True,True,all agree,<0.10
2023,2023_R17_essendon_v_adelaide_2023-07-09,1,False,False,False,0.08631587775716731,0.4967360686669167,False,False,False,all agree,<0.10
2023,2023_R17_fremantle_v_carlton_2023-07-09,2,False,False,False,0.1136459379642821,0.27462905804241217,False,False,False,2 vs 1,0.10-0.20
2023,2023_R17_geelong_v_north_melbourne_2023-07-09,2,False,False,False,0.1707123441397283,0.2803266456744767,False,False,False,2 vs 1,0.10-0.20
2023,2023_R17_greater_western_sydney_v_hawthorn_2023-07-08,1,True,True,True,0.0813003845052317,0.8751224059632042,True,True,True,all agree,<0.10
2023,2023_R17_port_adelaide_v_gold_coast_2023-07-08,1,True,True,True,0.20754657832366397,0.7110787852805087,True,True,True,all agree,0.20-0.35
2023,2023_R17_richmond_v_sydney_2023-07-06,1,False,False,False,0.2676295227227117,0.6414580360342942,False,False,False,all agree,0.20-0.35
2023,2023_R17_st_kilda_v_melbourne_2023-07-08,1,False,False,False,0.3580705630237823,0.49065798778268693,False,False,False,all agree,>0.35
2023,2023_R17_western_bulldogs_v_collingwood_2023-07-07,1,True,True,True,0.24936668347823465,0.5577768660386689,True,True,True,all agree,0.20-0.35
2023,2023_R18_adelaide_v_greater_western_sydney_2023-07-15,2,False,True,False,0.11615935950936729,0.31486059699255603,False,True,True,2 vs 1,0.10-0.20
2023,2023_R18_carlton_v_port_adelaide_2023-07-15,2,False,False,False,0.17039972494963596,0.3615669589567254,False,False,False,2 vs 1,0.10-0.20
2023,2023_R18_collingwood_v_fremantle_2023-07-15,1,True,True,True,0.026326567773090392,0.7275494990187505,True,True,True,all agree,<0.10
2023,2023_R18_geelong_v_essendon_2023-07-15,1,True,True,True,0.03628171539321734,0.5555306316874513,True,True,True,all agree,<0.10
2023,2023_R18_gold_coast_v_st_kilda_2023-07-15,2,False,False,False,0.2030367891975411,0.4150623326650784,False,False,False,2 vs 1,0.20-0.35
2023,2023_R18_melbourne_v_brisbane_lions_2023-07-14,1,False,False,False,0.2884670202169418,0.7024409475601989,False,False,False,all agree,0.20-0.35
2023,2023_R18_north_melbourne_v_hawthorn_2023-07-16,1,True,True,True,0.12655021069813466,0.5332165250611517,True,True,True,all agree,0.10-0.20
2023,2023_R18_sydney_v_western_bulldogs_2023-07-13,1,False,False,False,0.22989341919332856,0.44338277184183067,False,False,False,all agree,0.20-0.35
2023,2023_R18_west_coast_v_richmond_2023-07-16,2,False,False,False,0.24656117239527334,0.2738269973534688,False,False,False,2 vs 1,0.20-0.35
2023,2023_R19_brisbane_lions_v_geelong_2023-07-22,1,False,False,False,0.15341475604501859,0.2544934892780795,False,False,False,all agree,0.10-0.20
2023,2023_R19_carlton_v_west_coast_2023-07-22,1,True,True,True,0.040130885172958264,0.9815043336859159,True,True,True,all agree,<0.10
2023,2023_R19_essendon_v_western_bulldogs_2023-07-21,2,False,True,False,0.2274607967920101,0.5008503911492265,False,False,True,2 vs 1,0.20-0.35
2023,2023_R19_fremantle_v_sydney_2023-07-22,1,True,True,True,0.11737346030973805,0.8320624463984444,True,True,True,all agree,0.10-0.20
2023,2023_R19_greater_western_sydney_v_gold_coast_2023-07-23,2,False,False,False,0.037202440763959455,0.3779954034222775,False,False,False,2 vs 1,<0.10
2023,2023_R19_melbourne_v_adelaide_2023-07-23,2,False,True,False,0.23649403441632405,0.2717626588233849,False,False,True,2 vs 1,0.20-0.35
2023,2023_R19_port_adelaide_v_collingwood_2023-07-22,1,False,False,False,0.16437806932313584,0.2540456368382191,False,False,False,all agree,0.10-0.20
2023,2023_R19_richmond_v_hawthorn_2023-07-22,2,False,True,False,0.20675029987942342,0.2915348918965948,False,True,False,2 vs 1,0.20-0.35
2023,2023_R19_st_kilda_v_north_melbourne_2023-07-23,1,False,False,False,0.17944765927109474,0.6385557220069721,False,False,False,all agree,0.10-0.20
2023,2023_R1_geelong_v_collingwood_2023-03-17,2,False,True,False,0.24525131138492937,0.3460461015416397,True,False,False,2 vs 1,0.20-0.35
2023,2023_R1_gold_coast_v_sydney_2023-03-18,1,False,False,False,0.3038959719048213,0.6563215725666992,False,False,False,all agree,0.20-0.35
2023,2023_R1_greater_western_sydney_v_adelaide_2023-03-19,1,True,True,True,0.14827288878532757,0.565173055445717,True,True,True,all agree,0.10-0.20
2023,2023_R1_hawthorn_v_essendon_2023-03-19,1,True,True,True,0.12742195631218867,0.8465020904545218,True,True,True,all agree,0.10-0.20
2023,2023_R1_melbourne_v_western_bulldogs_2023-03-18,1,False,False,False,0.11248434794460227,0.44757909072091456,False,False,False,all agree,0.10-0.20
2023,2023_R1_north_melbourne_v_west_coast_2023-03-18,1,True,True,True,0.11868846593136928,0.4445503959525112,True,True,True,all agree,0.10-0.20
2023,2023_R1_port_adelaide_v_brisbane_lions_2023-03-18,2,False,False,False,0.2738660883145902,0.28603726039766014,False,False,False,2 vs 1,0.20-0.35
2023,2023_R1_richmond_v_carlton_2023-03-16,1,False,False,False,0.11990259758135208,0.48988541798455315,False,False,False,all agree,0.10-0.20
2023,2023_R1_st_kilda_v_fremantle_2023-03-19,2,True,True,False,0.2605407420892202,0.309257232762904,False,True,False,2 vs 1,0.20-0.35
2023,2023_R20_adelaide_v_port_adelaide_2023-07-29,1,True,True,True,0.07680468856645117,0.8823858328691901,True,True,True,all agree,<0.10
2023,2023_R20_collingwood_v_carlton_2023-07-28,1,True,True,True,0.1606663542839618,0.7686224486370571,True,True,True,all agree,0.10-0.20
2023,2023_R20_essendon_v_sydney_2023-07-29,1,True,True,True,0.10241216626879679,0.6320345354334685,True,True,True,all agree,0.10-0.20
2023,2023_R20_geelong_v_fremantle_2023-07-29,1,False,False,False,0.06268683263107827,0.35699265968739585,False,False,False,all agree,<0.10
2023,2023_R20_gold_coast_v_brisbane_lions_2023-07-29,1,False,False,False,0.143924361541941,0.3490471288954982,False,False,False,all agree,0.10-0.20
2023,2023_R20_hawthorn_v_st_kilda_2023-07-30,1,True,True,True,0.0659897155781809,0.8411321490031659,True,True,True,all agree,<0.10
2023,2023_R20_richmond_v_melbourne_2023-07-30,2,True,True,False,0.48370099323629046,0.48866229815956314,True,False,True,2 vs 1,>0.35
2023,2023_R20_west_coast_v_north_melbourne_2023-07-30,1,False,False,False,0.06139733124260943,0.3273367792917354,False,False,False,all agree,<0.10
2023,2023_R20_western_bulldogs_v_greater_western_sydney_2023-07-29,1,True,True,True,0.04823331044442897,0.315249507009256,True,True,True,all agree,<0.10
2023,2023_R21_adelaide_v_gold_coast_2023-08-05,2,False,False,False,0.09053344284316966,0.3131405244410826,False,False,False,2 vs 1,<0.10
2023,2023_R21_essendon_v_west_coast_2023-08-05,1,False,False,False,0.017971702726310435,0.3948370076904739,False,False,False,all agree,<0.10
2023,2023_R21_fremantle_v_brisbane_lions_2023-08-06,1,False,False,False,0.1246248117962494,0.49749401488191153,False,False,False,all agree,0.10-0.20
2023,2023_R21_geelong_v_port_adelaide_2023-08-05,1,False,False,False,0.11368337032917908,0.5061553613527623,False,False,False,all agree,0.10-0.20
2023,2023_R21_greater_western_sydney_v_sydney_2023-08-05,1,True,True,True,0.03329254956931205,0.6507203940920784,True,True,True,all agree,<0.10
2023,2023_R21_hawthorn_v_collingwood_2023-08-05,1,False,False,False,0.1088984691806495,0.823802544516806,False,False,False,all agree,0.10-0.20
2023,2023_R21_north_melbourne_v_melbourne_2023-08-06,1,True,True,True,0.08737711829495054,0.33615396761083427,True,True,True,all agree,<0.10
2023,2023_R21_st_kilda_v_carlton_2023-08-06,1,True,True,True,0.027143370354062113,0.6255751027809398,True,True,True,all agree,<0.10
2023,2023_R21_western_bulldogs_v_richmond_2023-08-04,1,True,True,True,0.05799086306514445,0.7701967740036467,True,True,True,all agree,<0.10
2023,2023_R22_brisbane_lions_v_adelaide_2023-08-12,1,True,True,True,0.38107017926485554,0.5767010252434785,True,True,True,all agree,>0.35
2023,2023_R22_carlton_v_melbourne_2023-08-12,2,False,True,False,0.11904424886018455,0.27456644111854694,True,False,False,2 vs 1,0.10-0.20
2023,2023_R22_collingwood_v_geelong_2023-08-11,2,True,True,False,0.1071723023812674,0.3736597034394391,False,False,True,2 vs 1,0.10-0.20
2023,2023_R22_hawthorn_v_western_bulldogs_2023-08-13,1,True,True,True,0.02621182662525212,0.9406846556945534,True,True,True,all agree,<0.10
2023,2023_R22_north_melbourne_v_essendon_2023-08-12,1,True,True,True,0.15396747707714176,0.6128781407214551,True,True,True,all agree,0.10-0.20
2023,2023_R22_port_adelaide_v_greater_western_sydney_2023-08-13,1,False,False,False,0.11526463518212449,0.35549718044238077,False,False,False,all agree,0.10-0.20
2023,2023_R22_st_kilda_v_richmond_2023-08-13,2,True,True,False,0.34208762224474754,0.2693038208543639,False,True,False,2 vs 1,0.20-0.35
2023,2023_R22_sydney_v_gold_coast_2023-08-12,1,True,True,True,0.20763856904362676,0.5410322397670592,True,True,True,all agree,0.20-0.35
2023,2023_R22_west_coast_v_fremantle_2023-08-12,1,True,True,True,0.025125773924068007,0.7997567611556997,True,True,True,all agree,<0.10
2023,2023_R23_adelaide_v_sydney_2023-08-19,1,True,True,True,0.10378079732872375,0.4320451503047373,True,True,True,all agree,0.10-0.20
2023,2023_R23_collingwood_v_brisbane_lions_2023-08-18,1,True,True,True,0.20143742805247866,0.4314171376557627,True,True,True,all agree,0.20-0.35
2023,2023_R23_fremantle_v_port_adelaide_2023-08-20,1,True,True,True,0.3020813060531369,0.613117418014958,True,True,True,all agree,0.20-0.35
2023,2023_R23_gold_coast_v_carlton_2023-08-19,1,True,True,True,0.19947019640247032,0.5522478645618977,True,True,True,all agree,0.10-0.20
2023,2023_R23_greater_western_sydney_v_essendon_2023-08-19,1,True,True,True,0.0366802726185419,0.9756513563703372,True,True,True,all agree,<0.10
2023,2023_R23_melbourne_v_hawthorn_2023-08-20,2,False,False,False,0.2164557331735323,0.2144317228012588,False,False,False,2 vs 1,0.20-0.35
2023,2023_R23_richmond_v_north_melbourne_2023-08-19,2,False,False,False,0.1492831915767701,0.47259613740820877,False,False,False,2 vs 1,0.10-0.20
2023,2023_R23_st_kilda_v_geelong_2023-08-19,2,False,True,False,0.31576590699371443,0.4270021743471166,False,False,True,2 vs 1,0.20-0.35
2023,2023_R23_western_bulldogs_v_west_coast_2023-08-20,2,False,True,False,0.20134754361853013,0.39393729131241856,False,True,False,2 vs 1,0.20-0.35
2023,2023_R24_brisbane_lions_v_st_kilda_2023-08-26,1,True,True,True,0.18027560528666525,0.4717509737636239,True,True,True,all agree,0.10-0.20
2023,2023_R24_carlton_v_greater_western_sydney_2023-08-27,2,False,False,False,0.031163059407871674,0.3587033826603248,False,False,False,2 vs 1,<0.10
2023,2023_R24_essendon_v_collingwood_2023-08-25,1,True,True,True,0.2369426463504094,0.6519775738285682,True,True,True,all agree,0.20-0.35
2023,2023_R24_geelong_v_western_bulldogs_2023-08-26,2,False,False,False,0.12613195805106436,0.33472455312046323,False,False,False,2 vs 1,0.10-0.20
2023,2023_R24_hawthorn_v_fremantle_2023-08-26,2,False,True,False,0.16640430098535042,0.5105317650658694,True,False,False,2 vs 1,0.10-0.20
2023,2023_R24_north_melbourne_v_gold_coast_2023-08-26,1,True,True,True,0.017515535017752604,0.9757928983850038,True,True,True,all agree,<0.10
2023,2023_R24_port_adelaide_v_richmond_2023-08-27,1,False,False,False,0.1820794290197929,0.6307249498104578,False,False,False,all agree,0.10-0.20
2023,2023_R24_sydney_v_melbourne_2023-08-27,1,False,False,False,0.214782234079417,0.5492567391204991,False,False,False,all agree,0.20-0.35
2023,2023_R24_west_coast_v_adelaide_2023-08-26,1,True,True,True,0.017763415096429758,0.9707694023607578,True,True,True,all agree,<0.10
2023,2023_R2_adelaide_v_richmond_2023-03-25,1,False,False,False,0.22613034275979754,0.531099686738637,False,False,False,all agree,0.20-0.35
2023,2023_R2_brisbane_lions_v_melbourne_2023-03-24,1,False,False,False,0.13994965856321528,0.7084220127447279,False,False,False,all agree,0.10-0.20
2023,2023_R2_carlton_v_geelong_2023-03-23,1,False,False,False,0.2123166718321443,0.8710761210783738,False,False,False,all agree,0.20-0.35
2023,2023_R2_collingwood_v_port_adelaide_2023-03-25,1,True,True,True,0.10992073074807407,0.5974330973507888,True,True,True,all agree,0.10-0.20
2023,2023_R2_essendon_v_gold_coast_2023-03-26,2,False,True,False,0.29244842455782744,0.251093373468198,True,False,True,2 vs 1,0.20-0.35
2023,2023_R2_fremantle_v_north_melbourne_2023-03-25,1,True,True,True,0.2721935598185432,0.48846549141596385,True,True,True,all agree,0.20-0.35
2023,2023_R2_sydney_v_hawthorn_2023-03-26,1,False,False,False,0.062483927722020105,0.3503204593286025,False,False,False,all agree,<0.10
2023,2023_R2_west_coast_v_greater_western_sydney_2023-03-26,1,False,False,False,0.31811126283920604,0.5743703438639651,False,False,False,all agree,0.20-0.35
2023,2023_R2_western_bulldogs_v_st_kilda_2023-03-25,1,False,False,False,0.1533091658839731,0.4200752829466278,False,False,False,all agree,0.10-0.20
2023,2023_R3_collingwood_v_richmond_2023-03-31,1,False,False,False,0.2767517377538184,0.6000297066904027,False,False,False,all agree,0.20-0.35
2023,2023_R3_fremantle_v_west_coast_2023-04-02,1,True,True,True,0.11274102556391286,0.6741820200657678,True,True,True,all agree,0.10-0.20
2023,2023_R3_gold_coast_v_geelong_2023-04-02,1,True,True,True,0.12454348788443859,0.854131509842472,True,True,True,all agree,0.10-0.20
2023,2023_R3_greater_western_sydney_v_carlton_2023-04-01,1,True,True,True,0.07396156364561002,0.8050587078963223,True,True,True,all agree,<0.10
2023,2023_R3_hawthorn_v_north_melbourne_2023-04-01,1,False,False,False,0.05889458430238148,0.3680163524267431,False,False,False,all agree,<0.10
2023,2023_R3_melbourne_v_sydney_2023-04-02,1,False,False,False,0.12156384569404977,0.5857315062192306,False,False,False,all agree,0.10-0.20
2023,2023_R3_port_adelaide_v_adelaide_2023-04-01,2,False,False,False,0.040776604393865046,0.2827134031916423,False,False,False,2 vs 1,<0.10
2023,2023_R3_st_kilda_v_essendon_2023-04-01,2,True,True,False,0.07889065688775154,0.29221401219983417,True,False,True,2 vs 1,<0.10
2023,2023_R3_western_bulldogs_v_brisbane_lions_2023-03-30,1,True,True,True,0.04314605686204365,0.28953940098766406,True,True,True,all agree,<0.10
2023,2023_R4_adelaide_v_fremantle_2023-04-08,1,True,True,True,0.14811185050773557,0.41464586099430406,True,True,True,all agree,0.10-0.20
2023,2023_R4_brisbane_lions_v_collingwood_2023-04-06,1,True,True,True,0.24742524910820618,0.5342357268314326,True,True,True,all agree,0.20-0.35
2023,2023_R4_essendon_v_greater_western_sydney_2023-04-09,2,False,True,False,0.2603503651027885,0.24087158518025462,True,False,False,2 vs 1,0.20-0.35
2023,2023_R4_geelong_v_hawthorn_2023-04-10,1,True,True,True,0.020956124112696983,0.9564725216767953,True,True,True,all agree,<0.10
2023,2023_R4_north_melbourne_v_carlton_2023-04-07,1,True,True,True,0.14177497169431863,0.5482095278693268,True,True,True,all agree,0.10-0.20
2023,2023_R4_richmond_v_western_bulldogs_2023-04-08,1,False,False,False,0.04343275183887718,0.3892597732729621,False,False,False,all agree,<0.10
2023,2023_R4_st_kilda_v_gold_coast_2023-04-08,1,False,False,False,0.12038234645233631,0.5416293005586243,False,False,False,all agree,0.10-0.20
2023,2023_R4_sydney_v_port_adelaide_2023-04-08,2,True,True,False,0.22122697832211768,0.40590151014510334,False,False,True,2 vs 1,0.20-0.35
2023,2023_R4_west_coast_v_melbourne_2023-04-09,2,False,True,False,0.21664203419062988,0.43635240157579097,False,True,False,2 vs 1,0.20-0.35
2023,2023_R5_adelaide_v_carlton_2023-04-13,1,True,True,True,0.06333443021156193,0.6064792343778481,True,True,True,all agree,<0.10
2023,2023_R5_brisbane_lions_v_north_melbourne_2023-04-15,1,True,True,True,0.10923590161604135,0.6723102302156484,True,True,True,all agree,0.10-0.20
2023,2023_R5_collingwood_v_st_kilda_2023-04-16,1,True,True,True,0.08240167212806765,0.4737944353939018,True,True,True,all agree,<0.10
2023,2023_R5_essendon_v_melbourne_2023-04-15,1,False,False,False,0.0654163850424539,0.41385831828892045,False,False,False,all agree,<0.10
2023,2023_R5_fremantle_v_gold_coast_2023-04-14,1,False,False,False,0.18020259277445283,0.7241647669114376,False,False,False,all agree,0.10-0.20
2023,2023_R5_geelong_v_west_coast_2023-04-16,2,False,False,False,0.28855703163305896,0.23725446827898042,False,False,False,2 vs 1,0.20-0.35
2023,2023_R5_greater_western_sydney_v_hawthorn_2023-04-16,1,False,False,False,0.06811960477345053,0.24343344687398658,False,False,False,all agree,<0.10
2023,2023_R5_port_adelaide_v_western_bulldogs_2023-04-15,1,True,True,True,0.1555819484348383,0.7206010065813855,True,True,True,all agree,0.10-0.20
2023,2023_R5_richmond_v_sydney_2023-04-14,1,True,True,True,0.06572161978577062,0.9373194694628739,True,True,True,all agree,<0.10
2023,2023_R6_carlton_v_st_kilda_2023-04-23,1,False,False,False,0.1607431913107329,0.47413151516468216,False,False,False,all agree,0.10-0.20
2023,2023_R6_collingwood_v_essendon_2023-04-25,1,True,True,True,0.039273617671697014,0.7720677821391931,True,True,True,all agree,<0.10
2023,2023_R6_fremantle_v_western_bulldogs_2023-04-21,1,True,True,True,0.1250679729395714,0.696011968729168,True,True,True,all agree,0.10-0.20
2023,2023_R6_geelong_v_sydney_2023-04-22,1,False,False,False,0.12905760567231217,0.8647432786963668,False,False,False,all agree,0.10-0.20
2023,2023_R6_gold_coast_v_north_melbourne_2023-04-23,1,False,False,False,0.029957219638564236,0.3356445531761488,False,False,False,all agree,<0.10
2023,2023_R6_greater_western_sydney_v_brisbane_lions_2023-04-22,1,False,False,False,0.0744881055728428,0.8369016362366795,False,False,False,all agree,<0.10
2023,2023_R6_hawthorn_v_adelaide_2023-04-23,1,True,True,True,0.2076235268825416,0.47151042454668146,True,True,True,all agree,0.20-0.35
2023,2023_R6_melbourne_v_richmond_2023-04-24,1,False,False,False,0.1328668942526096,0.3441374506854606,False,False,False,all agree,0.10-0.20
2023,2023_R6_port_adelaide_v_west_coast_2023-04-22,1,True,True,True,0.10154662560234123,0.5172951011417164,True,True,True,all agree,0.10-0.20
2023,2023_R7_adelaide_v_collingwood_2023-04-30,2,False,True,False,0.1702434186428439,0.282844747687878,True,False,False,2 vs 1,0.10-0.20
2023,2023_R7_brisbane_lions_v_fremantle_2023-04-29,1,False,False,False,0.21108961623554678,0.74838356649525,False,False,False,all agree,0.20-0.35
2023,2023_R7_essendon_v_geelong_2023-04-30,1,True,True,True,0.007121248178808215,0.9278955344179628,True,True,True,all agree,<0.10
2023,2023_R7_melbourne_v_north_melbourne_2023-04-29,1,True,True,True,0.0537376333840065,0.8935669947421476,True,True,True,all agree,<0.10
2023,2023_R7_richmond_v_gold_coast_2023-04-30,1,True,True,True,0.1651258752785405,0.6612451040453933,True,True,True,all agree,0.10-0.20
2023,2023_R7_st_kilda_v_port_adelaide_2023-04-28,1,False,False,False,0.22259731300615815,0.4816016508898923,False,False,False,all agree,0.20-0.35
2023,2023_R7_sydney_v_greater_western_sydney_2023-04-29,2,False,True,False,0.09328427272093437,0.2777161538020745,False,False,True,2 vs 1,<0.10
2023,2023_R7_west_coast_v_carlton_2023-04-29,1,True,True,True,0.052503422439518665,0.9424545662522394,True,True,True,all agree,<0.10
2023,2023_R7_western_bulldogs_v_hawthorn_2023-04-29,2,False,False,False,0.14197767851523513,0.25593330360716116,False,False,False,2 vs 1,0.10-0.20
2023,2023_R8_carlton_v_brisbane_lions_2023-05-05,1,True,True,True,0.09634364971887355,0.8372520398492475,True,True,True,all agree,<0.10
2023,2023_R8_collingwood_v_sydney_2023-05-07,1,True,True,True,0.12983463690083064,0.4004530711947621,True,True,True,all agree,0.10-0.20
2023,2023_R8_fremantle_v_hawthorn_2023-05-06,1,True,True,True,0.05587121896363112,0.8869049040708501,True,True,True,all agree,<0.10
2023,2023_R8_geelong_v_adelaide_2023-05-06,2,False,True,False,0.11969679332720304,0.23571059216970366,True,False,False,2 vs 1,0.10-0.20
2023,2023_R8_gold_coast_v_melbourne_2023-05-06,1,False,False,False,0.0875486959263253,0.7524798659718005,False,False,False,all agree,<0.10
2023,2023_R8_greater_western_sydney_v_western_bulldogs_2023-05-06,1,True,True,True,0.09853085705345299,0.614130854284955,True,True,True,all agree,<0.10
2023,2023_R8_north_melbourne_v_st_kilda_2023-05-07,1,False,False,False,0.01104612241043551,0.488105017644796,False,False,False,all agree,<0.10
2023,2023_R8_port_adelaide_v_essendon_2023-05-07,1,True,True,True,0.08140354817774031,0.3950402065088912,True,True,True,all agree,<0.10
2023,2023_R8_richmond_v_west_coast_2023-05-06,1,True,True,True,0.052708729144505084,0.7455899574259544,True,True,True,all agree,<0.10
2023,2023_R9_adelaide_v_st_kilda_2023-05-14,2,False,True,False,0.09546282104952553,0.36353554126974225,False,False,True,2 vs 1,<0.10
2023,2023_R9_brisbane_lions_v_essendon_2023-05-13,1,True,True,True,0.11205708549250237,0.7998748684308454,True,True,True,all agree,0.10-0.20
2023,2023_R9_carlton_v_western_bulldogs_2023-05-13,1,True,True,True,0.05254256336302188,0.41779050294390796,True,True,True,all agree,<0.10
2023,2023_R9_collingwood_v_greater_western_sydney_2023-05-14,1,False,False,False,0.15226605309321684,0.44005222422130313,False,False,False,all agree,0.10-0.20
2023,2023_R9_hawthorn_v_melbourne_2023-05-13,1,False,False,False,0.2517214406895132,0.5439739417040572,False,False,False,all agree,0.20-0.35
2023,2023_R9_north_melbourne_v_port_adelaide_2023-05-13,1,True,True,True,0.07229147638419253,0.7530895526437629,True,True,True,all agree,<0.10
2023,2023_R9_richmond_v_geelong_2023-05-12,1,False,False,False,0.19007068760704526,0.6232953083182351,False,False,False,all agree,0.10-0.20
2023,2023_R9_sydney_v_fremantle_2023-05-13,1,False,False,False,0.10152419525287626,0.5277635585365449,False,False,False,all agree,0.10-0.20
2023,2023_R9_west_coast_v_gold_coast_2023-05-12,1,True,True,True,0.050633886919492554,0.858105981787249,True,True,True,all agree,<0.10
2024,2024_R0_brisbane_lions_v_carlton_2024-03-08,1,False,False,False,0.012479130727258814,0.26339699676631345,False,False,False,all agree,<0.10
2024,2024_R0_gold_coast_v_richmond_2024-03-09,1,True,True,True,0.2505687738165052,0.6745782674111364,True,True,True,all agree,0.20-0.35
2024,2024_R0_greater_western_sydney_v_collingwood_2024-03-09,2,True,True,False,0.029446847044308944,0.23110126707811318,True,False,True,2 vs 1,<0.10
2024,2024_R0_sydney_v_melbourne_2024-03-07,1,False,False,False,0.1027935430370146,0.361845589600569,False,False,False,all agree,0.10-0.20
2024,2024_R10_brisbane_lions_v_richmond_2024-05-18,1,True,True,True,0.39323636216448515,0.6849365568544526,True,True,True,all agree,>0.35
2024,2024_R10_collingwood_v_adelaide_2024-05-18,1,False,False,False,0.22749027145249134,0.7588293760195203,False,False,False,all agree,0.20-0.35
2024,2024_R10_essendon_v_north_melbourne_2024-05-19,1,False,False,False,0.134074242711888,0.5813968066820814,False,False,False,all agree,0.10-0.20
2024,2024_R10_gold_coast_v_geelong_2024-05-16,1,False,False,False,0.16315780731998708,0.7199167474609904,False,False,False,all agree,0.10-0.20
2024,2024_R10_greater_western_sydney_v_western_bulldogs_2024-05-18,1,True,True,True,0.12131233591196278,0.6468145748154702,True,True,True,all agree,0.10-0.20
2024,2024_R10_port_adelaide_v_hawthorn_2024-05-19,1,False,False,False,0.3921350883627648,0.6888206101459989,False,False,False,all agree,>0.35
2024,2024_R10_st_kilda_v_fremantle_2024-05-18,2,False,True,False,0.49974745746843935,0.43982971008796756,False,True,False,2 vs 1,>0.35
2024,2024_R10_sydney_v_carlton_2024-05-17,1,True,True,True,0.26997166689677654,0.7043923519124932,True,True,True,all agree,0.20-0.35
2024,2024_R10_west_coast_v_melbourne_2024-05-19,1,False,False,False,0.270478141008692,0.6324956513340037,False,False,False,all agree,0.20-0.35
2024,2024_R11_adelaide_v_west_coast_2024-05-26,1,True,True,True,0.1475880368471234,0.5930072182407649,True,True,True,all agree,0.10-0.20
2024,2024_R11_carlton_v_gold_coast_2024-05-25,1,True,True,True,0.22312503138060608,0.5135166244387562,True,True,True,all agree,0.20-0.35
2024,2024_R11_fremantle_v_collingwood_2024-05-24,1,True,True,True,0.1430053780261057,0.6430018551774395,True,True,True,all agree,0.10-0.20
2024,2024_R11_geelong_v_greater_western_sydney_2024-05-25,2,False,False,False,0.29223155852297567,0.30818205393827797,False,False,False,2 vs 1,0.20-0.35
2024,2024_R11_hawthorn_v_brisbane_lions_2024-05-26,1,True,True,True,0.06142845689577803,0.21008346581115175,True,True,True,all agree,<0.10
2024,2024_R11_melbourne_v_st_kilda_2024-05-26,1,True,True,True,0.2600793029037922,0.7938175066173905,True,True,True,all agree,0.20-0.35
2024,2024_R11_north_melbourne_v_port_adelaide_2024-05-25,2,False,False,False,0.15063917225318196,0.35017133878528045,False,False,False,2 vs 1,0.10-0.20
2024,2024_R11_richmond_v_essendon_2024-05-25,1,True,True,True,0.17272119766753974,0.42753320481560975,True,True,True,all agree,0.10-0.20
2024,2024_R11_western_bulldogs_v_sydney_2024-05-23,1,True,True,True,0.16457209074073775,0.8250074685453637,True,True,True,all agree,0.10-0.20
2024,2024_R12_collingwood_v_western_bulldogs_2024-05-31,1,True,True,True,0.08734023769599264,0.6542973758755117,True,True,True,all agree,<0.10
2024,2024_R12_geelong_v_richmond_2024-06-01,1,False,False,False,0.06547718299710548,0.30425355084279093,False,False,False,all agree,<0.10
2024,2024_R12_gold_coast_v_essendon_2024-06-02,1,False,False,False,0.12329928558452685,0.3692994593721998,False,False,False,all agree,0.10-0.20
2024,2024_R12_hawthorn_v_adelaide_2024-06-01,1,True,True,True,0.11911928422262719,0.9219928379904783,True,True,True,all agree,0.10-0.20
2024,2024_R12_melbourne_v_fremantle_2024-06-02,1,False,False,False,0.1525242478122013,0.6283608968501546,False,False,False,all agree,0.10-0.20
2024,2024_R12_port_adelaide_v_carlton_2024-05-30,1,False,False,False,0.055442862876848076,0.8034268391295397,False,False,False,all agree,<0.10
2024,2024_R12_west_coast_v_st_kilda_2024-06-01,1,True,True,True,0.24472822782132586,0.7631660478928742,True,True,True,all agree,0.20-0.35
2024,2024_R13_adelaide_v_richmond_2024-06-06,3,True,True,False,0.0815470949973863,0.1866447103941313,False,False,True,all differ,<0.10
2024,2024_R13_collingwood_v_melbourne_2024-06-10,1,False,False,False,0.0866805845847648,0.6030554048174234,False,False,False,all agree,<0.10
2024,2024_R13_essendon_v_carlton_2024-06-09,2,False,True,False,0.23178650299665648,0.33194808142049764,True,False,False,2 vs 1,0.20-0.35
2024,2024_R13_hawthorn_v_greater_western_sydney_2024-06-08,1,False,False,False,0.07902399269784538,0.29708931485434553,False,False,False,all agree,<0.10
2024,2024_R13_st_kilda_v_gold_coast_2024-06-08,1,False,False,False,0.1677854531722503,0.40594184100500136,False,False,False,all agree,0.10-0.20
2024,2024_R13_sydney_v_geelong_2024-06-09,1,False,False,False,0.1526586474402023,0.7612673075068974,False,False,False,all agree,0.10-0.20
2024,2024_R13_west_coast_v_north_melbourne_2024-06-08,1,False,False,False,0.21000575516276526,0.463399307969998,False,False,False,all agree,0.20-0.35
2024,2024_R13_western_bulldogs_v_brisbane_lions_2024-06-07,1,True,True,True,0.008854864820324937,0.6503652359172826,True,True,True,all agree,<0.10
2024,2024_R14_adelaide_v_sydney_2024-06-15,1,True,True,True,0.16524455156753348,0.6199715555711265,True,True,True,all agree,0.10-0.20
2024,2024_R14_brisbane_lions_v_st_kilda_2024-06-14,1,True,True,True,0.2954911683851935,0.5389986745076967,True,True,True,all agree,0.20-0.35
2024,2024_R14_greater_western_sydney_v_port_adelaide_2024-06-16,3,False,True,False,0.08794158708619215,0.21747892640653146,True,False,False,all differ,<0.10
2024,2024_R14_north_melbourne_v_collingwood_2024-06-16,1,False,False,False,0.07535749194526037,0.4753408178443778,False,False,False,all agree,<0.10
2024,2024_R14_richmond_v_hawthorn_2024-06-15,1,True,True,True,0.3051810901458831,0.730448729131342,True,True,True,all agree,0.20-0.35
2024,2024_R14_western_bulldogs_v_fremantle_2024-06-15,1,True,True,True,0.11541098917994874,0.7663955567536925,True,True,True,all agree,0.10-0.20
2024,2024_R15_carlton_v_geelong_2024-06-21,1,True,True,True,0.2513478983308691,0.618024186789506,True,True,True,all agree,0.20-0.35
2024,2024_R15_essendon_v_west_coast_2024-06-23,1,False,False,False,0.03541801998774263,0.5190510432733414,False,False,False,all agree,<0.10
2024,2024_R15_fremantle_v_gold_coast_2024-06-23,1,True,True,True,0.12199595791752532,0.39469089165620114,True,True,True,all agree,0.10-0.20
2024,2024_R15_greater_western_sydney_v_sydney_2024-06-22,1,True,True,True,0.2246027721924948,0.7365953986863216,True,True,True,all agree,0.20-0.35
2024,2024_R15_melbourne_v_north_melbourne_2024-06-22,2,True,True,False,0.09808487864921683,0.24478252825917504,True,True,False,2 vs 1,<0.10
2024,2024_R15_port_adelaide_v_brisbane_lions_2024-06-22,1,False,False,False,0.12017476149889827,0.6095322514267448,False,False,False,all agree,0.10-0.20
2024,2024_R16_adelaide_v_greater_western_sydney_2024-06-29,1,False,False,False,0.11141236603530807,0.3876081604175414,False,False,False,all agree,0.10-0.20
2024,2024_R16_brisbane_lions_v_melbourne_2024-06-28,1,True,True,True,0.13228824592609334,0.5667752511172349,True,True,True,all agree,0.10-0.20
2024,2024_R16_geelong_v_essendon_2024-06-29,1,False,False,False,0.0244330986716787,0.31955921581493585,False,False,False,all agree,<0.10
2024,2024_R16_gold_coast_v_collingwood_2024-06-29,1,False,False,False,0.10398099945203593,0.5000126793418952,False,False,False,all agree,0.10-0.20
2024,2024_R16_north_melbourne_v_western_bulldogs_2024-06-29,1,True,True,True,0.10317151786306022,0.8823210052800433,True,True,True,all agree,0.10-0.20
2024,2024_R16_richmond_v_carlton_2024-06-30,1,True,True,True,0.15334689700155202,0.8759837902379523,True,True,True,all agree,0.10-0.20
2024,2024_R16_st_kilda_v_port_adelaide_2024-06-30,1,True,True,True,0.07266468830106171,0.3603499220536885,True,True,True,all agree,<0.10
2024,2024_R16_sydney_v_fremantle_2024-06-29,1,True,True,True,0.34252683036605347,0.6139628658772747,True,True,True,all agree,0.20-0.35
2024,2024_R16_west_coast_v_hawthorn_2024-06-30,1,True,True,True,0.06356064610803758,0.37588055678897064,True,True,True,all agree,<0.10
2024,2024_R17_brisbane_lions_v_adelaide_2024-07-07,1,True,True,True,0.14563096889892546,0.8803363758685844,True,True,True,all agree,0.10-0.20
2024,2024_R17_collingwood_v_essendon_2024-07-05,2,True,True,False,0.10444295419047372,0.31725705074675387,True,False,True,2 vs 1,0.10-0.20
2024,2024_R17_fremantle_v_richmond_2024-07-06,1,True,True,True,0.1745122840494724,0.6342959867353893,True,True,True,all agree,0.10-0.20
2024,2024_R17_geelong_v_hawthorn_2024-07-06,1,True,True,True,0.11194493719376636,0.36108004233694624,True,True,True,all agree,0.10-0.20
2024,2024_R17_greater_western_sydney_v_carlton_2024-07-06,2,False,False,False,0.062381666269259256,0.2384217131562876,False,False,False,2 vs 1,<0.10
2024,2024_R17_melbourne_v_west_coast_2024-07-07,1,True,True,True,0.20187306779107106,0.43550639352152976,True,True,True,all agree,0.20-0.35
2024,2024_R17_north_melbourne_v_gold_coast_2024-07-06,1,False,False,False,0.13171918263789828,0.33343426336816107,False,False,False,all agree,0.10-0.20
2024,2024_R17_port_adelaide_v_western_bulldogs_2024-07-06,1,False,False,False,0.10023462392738197,0.4938646280407502,False,False,False,all agree,0.10-0.20
2024,2024_R17_st_kilda_v_sydney_2024-07-07,1,False,False,False,0.13919281755641721,0.27117423308470584,False,False,False,all agree,0.10-0.20
2024,2024_R18_adelaide_v_st_kilda_2024-07-13,1,True,True,True,0.14337923969650912,0.5710822955364427,True,True,True,all agree,0.10-0.20
2024,2024_R18_collingwood_v_geelong_2024-07-12,2,False,False,False,0.1146165549643684,0.2068044250661258,False,False,False,2 vs 1,0.10-0.20
2024,2024_R18_gold_coast_v_port_adelaide_2024-07-14,1,False,False,False,0.08534775639662817,0.5417934557531786,False,False,False,all agree,<0.10
2024,2024_R18_hawthorn_v_fremantle_2024-07-13,1,False,False,False,0.05056216779302669,0.2464172969580214,False,False,False,all agree,<0.10
2024,2024_R18_melbourne_v_essendon_2024-07-13,1,False,False,False,0.30002769076868424,0.5486901905282265,False,False,False,all agree,0.20-0.35
2024,2024_R18_richmond_v_greater_western_sydney_2024-07-14,1,True,True,True,0.19382798592815365,0.47968174804522673,True,True,True,all agree,0.10-0.20
2024,2024_R18_sydney_v_north_melbourne_2024-07-13,1,True,True,True,0.24919673125839303,0.7849544770021456,True,True,True,all agree,0.20-0.35
2024,2024_R18_west_coast_v_brisbane_lions_2024-07-14,1,True,True,True,0.14524676321691965,0.828345603957997,True,True,True,all agree,0.10-0.20
2024,2024_R18_western_bulldogs_v_carlton_2024-07-13,1,False,False,False,0.14249278622732192,0.34533959634103145,False,False,False,all agree,0.10-0.20
2024,2024_R19_brisbane_lions_v_sydney_2024-07-21,1,True,True,True,0.0592653703286492,0.4813211600848568,True,True,True,all agree,<0.10
2024,2024_R19_carlton_v_north_melbourne_2024-07-21,2,True,True,False,0.092335395939454,0.34514909860192877,True,False,True,2 vs 1,<0.10
2024,2024_R19_essendon_v_adelaide_2024-07-19,1,True,True,True,0.12097324034548074,0.8235723518144545,True,True,True,all agree,0.10-0.20
2024,2024_R19_fremantle_v_melbourne_2024-07-21,1,False,False,False,0.17801887782444814,0.555494297505205,False,False,False,all agree,0.10-0.20
2024,2024_R19_geelong_v_western_bulldogs_2024-07-20,1,False,False,False,0.1870711663239979,0.7469043246641532,False,False,False,all agree,0.10-0.20
2024,2024_R19_greater_western_sydney_v_gold_coast_2024-07-20,1,True,True,True,0.16201327923441788,0.45874172200004315,True,True,True,all agree,0.10-0.20
2024,2024_R19_hawthorn_v_collingwood_2024-07-20,1,True,True,True,0.13581061017582696,0.37963925867976656,True,True,True,all agree,0.10-0.20
2024,2024_R19_port_adelaide_v_richmond_2024-07-20,2,False,False,False,0.12260949941664115,0.28082732597172516,False,False,False,2 vs 1,0.10-0.20
2024,2024_R19_st_kilda_v_west_coast_2024-07-20,1,False,False,False,0.21897920570644336,0.7177935905101777,False,False,False,all agree,0.20-0.35
2024,2024_R1_carlton_v_richmond_2024-03-14,2,False,True,False,0.15819286125943133,0.34574511772092004,False,True,True,2 vs 1,0.10-0.20
2024,2024_R1_collingwood_v_sydney_2024-03-15,2,False,True,False,0.07919452871332872,0.3863715901787581,False,True,False,2 vs 1,<0.10
2024,2024_R1_essendon_v_hawthorn_2024-03-16,1,True,True,True,0.1417455456147637,0.35756979307730147,True,True,True,all agree,0.10-0.20
2024,2024_R1_fremantle_v_brisbane_lions_2024-03-17,1,True,True,True,0.27488534050774904,0.7857063187949263,True,True,True,all agree,0.20-0.35
2024,2024_R1_geelong_v_st_kilda_2024-03-16,1,False,False,False,0.028250444703758038,0.4353739361234204,False,False,False,all agree,<0.10
2024,2024_R1_gold_coast_v_adelaide_2024-03-16,1,False,False,False,0.09127390201832458,0.517133858978863,False,False,False,all agree,<0.10
2024,2024_R1_greater_western_sydney_v_north_melbourne_2024-03-16,1,True,True,True,0.19433349815954293,0.6323891354885696,True,True,True,all agree,0.10-0.20
2024,2024_R1_melbourne_v_western_bulldogs_2024-03-17,2,False,True,False,0.04857346341871033,0.33367830766447854,True,False,False,2 vs 1,<0.10
2024,2024_R1_port_adelaide_v_west_coast_2024-03-17,1,True,True,True,0.12158783514737226,0.4432653584615835,True,True,True,all agree,0.10-0.20
2024,2024_R20_adelaide_v_hawthorn_2024-07-28,1,False,False,False,0.2721193728420419,0.6541082189459808,False,False,False,all agree,0.20-0.35
2024,2024_R20_carlton_v_port_adelaide_2024-07-26,1,False,False,False,0.1751393536541468,0.3182717438191769,False,False,False,all agree,0.10-0.20
2024,2024_R20_collingwood_v_richmond_2024-07-28,1,True,True,True,0.20103756152476937,0.8740179165945734,True,True,True,all agree,0.20-0.35
2024,2024_R20_fremantle_v_west_coast_2024-07-27,1,False,False,False,0.1666808824706012,0.6398280237263715,False,False,False,all agree,0.10-0.20
2024,2024_R20_gold_coast_v_brisbane_lions_2024-07-27,1,True,True,True,0.1466112294409982,0.5405401130526217,True,True,True,all agree,0.10-0.20
2024,2024_R20_melbourne_v_greater_western_sydney_2024-07-27,1,False,False,False,0.10131763073228137,0.2519238389164527,False,False,False,all agree,0.10-0.20
2024,2024_R20_north_melbourne_v_geelong_2024-07-27,1,True,True,True,0.10456329306969758,0.5084884116515306,True,True,True,all agree,0.10-0.20
2024,2024_R20_st_kilda_v_essendon_2024-07-27,2,False,False,False,0.3014585368057021,0.31698884775635666,False,False,False,2 vs 1,0.20-0.35
2024,2024_R20_sydney_v_western_bulldogs_2024-07-28,1,True,True,True,0.2567872643970952,0.6702044783954638,True,True,True,all agree,0.20-0.35
2024,2024_R21_collingwood_v_carlton_2024-08-03,2,False,False,False,0.08919588460358588,0.28192815056393977,False,False,False,2 vs 1,<0.10
2024,2024_R21_essendon_v_fremantle_2024-08-04,1,False,False,False,0.11062453841144759,0.2824817221758171,False,False,False,all agree,0.10-0.20
2024,2024_R21_geelong_v_adelaide_2024-08-03,1,True,True,True,0.24564661217566242,0.811155773647075,True,True,True,all agree,0.20-0.35
2024,2024_R21_greater_western_sydney_v_hawthorn_2024-08-04,1,False,False,False,0.23417813740227633,0.5206639416061486,False,False,False,all agree,0.20-0.35
2024,2024_R21_north_melbourne_v_richmond_2024-08-03,1,True,True,True,0.10740285242800407,0.7427814926178921,True,True,True,all agree,0.10-0.20
2024,2024_R21_port_adelaide_v_sydney_2024-08-03,1,False,False,False,0.09479340247728468,0.356753091532235,False,False,False,all agree,<0.10
2024,2024_R21_st_kilda_v_brisbane_lions_2024-08-04,1,True,True,True,0.13910417527759422,0.44116523681605474,True,True,True,all agree,0.10-0.20
2024,2024_R21_west_coast_v_gold_coast_2024-08-02,2,False,False,False,0.13424768524804054,0.21412748440572052,False,False,False,2 vs 1,0.10-0.20
2024,2024_R21_western_bulldogs_v_melbourne_2024-08-02,1,True,True,True,0.17440993702697039,0.7784214368934667,True,True,True,all agree,0.10-0.20
2024,2024_R22_adelaide_v_western_bulldogs_2024-08-11,1,False,False,False,0.14826247633681605,0.32771220195095596,False,False,False,all agree,0.10-0.20
2024,2024_R22_brisbane_lions_v_greater_western_sydney_2024-08-10,1,True,True,True,0.11234299691884275,0.3173844536552924,True,True,True,all agree,0.10-0.20
2024,2024_R22_carlton_v_hawthorn_2024-08-11,2,False,True,False,0.08168616064775228,0.1948057443114866,False,True,True,2 vs 1,<0.10
2024,2024_R22_essendon_v_gold_coast_2024-08-10,1,True,True,True,0.0848601230979587,0.453936372037641,True,True,True,all agree,<0.10
2024,2024_R22_fremantle_v_geelong_2024-08-10,2,False,False,False,0.12435491121241665,0.28811832032550405,False,False,False,2 vs 1,0.10-0.20
2024,2024_R22_melbourne_v_port_adelaide_2024-08-10,2,False,False,False,0.46531372037507635,0.48393530653347466,False,False,False,2 vs 1,>0.35
2024,2024_R22_north_melbourne_v_west_coast_2024-08-10,2,False,False,False,0.5172488247443006,0.5063463825606852,False,False,False,2 vs 1,>0.35
2024,2024_R22_richmond_v_st_kilda_2024-08-11,1,False,False,False,0.16708924589442375,0.7567865299233408,False,False,False,all agree,0.10-0.20
2024,2024_R22_sydney_v_collingwood_2024-08-09,2,False,True,False,0.06708565813619854,0.45930315207566846,True,False,False,2 vs 1,<0.10
2024,2024_R23_collingwood_v_brisbane_lions_2024-08-17,2,True,True,False,0.262655774356364,0.3011636543564252,True,True,False,2 vs 1,0.20-0.35
2024,2024_R23_essendon_v_sydney_2024-08-16,1,True,True,True,0.04569755821468685,0.3337018334868669,True,True,True,all agree,<0.10
2024,2024_R23_gold_coast_v_melbourne_2024-08-17,1,True,True,True,0.043989857510386976,0.47903064092715675,True,True,True,all agree,<0.10
2024,2024_R23_greater_western_sydney_v_fremantle_2024-08-17,2,False,True,False,0.2006664711308051,0.33383630726538893,False,True,False,2 vs 1,0.20-0.35
2024,2024_R23_hawthorn_v_richmond_2024-08-18,1,False,False,False,0.1422124949370187,0.6240807453894154,False,False,False,all agree,0.10-0.20
2024,2024_R23_port_adelaide_v_adelaide_2024-08-17,1,True,True,True,0.22855254907157108,0.8911428802866134,True,True,True,all agree,0.20-0.35
2024,2024_R23_st_kilda_v_geelong_2024-08-17,2,True,True,False,0.3188124375941307,0.3406463395787747,False,False,True,2 vs 1,0.20-0.35
2024,2024_R23_west_coast_v_carlton_2024-08-18,1,True,True,True,0.18113815123288457,0.6262065318351336,True,True,True,all agree,0.10-0.20
2024,2024_R23_western_bulldogs_v_north_melbourne_2024-08-18,1,True,True,True,0.13193405116335422,0.9202133250497401,True,True,True,all agree,0.10-0.20
2024,2024_R24_brisbane_lions_v_essendon_2024-08-24,1,True,True,True,0.09483398785047337,0.7825095021409173,True,True,True,all agree,<0.10
2024,2024_R24_carlton_v_st_kilda_2024-08-25,2,False,False,False,0.046841325169648035,0.2515111003141884,False,False,False,2 vs 1,<0.10
2024,2024_R24_fremantle_v_port_adelaide_2024-08-25,2,False,True,False,0.09547757085890651,0.314905410208518,True,True,False,2 vs 1,<0.10
2024,2024_R24_geelong_v_west_coast_2024-08-24,1,True,True,True,0.15373279013460128,0.7333299502712057,True,True,True,all agree,0.10-0.20
2024,2024_R24_hawthorn_v_north_melbourne_2024-08-24,1,True,True,True,0.20188926753329395,0.6901474736969928,True,True,True,all agree,0.20-0.35
2024,2024_R24_melbourne_v_collingwood_2024-08-23,1,True,True,True,0.10254302594459852,0.8723142023006312,True,True,True,all agree,0.10-0.20
2024,2024_R24_richmond_v_gold_coast_2024-08-24,2,False,False,False,0.1397647983616398,0.28442115932348766,False,False,False,2 vs 1,0.10-0.20
2024,2024_R24_sydney_v_adelaide_2024-08-24,1,False,False,False,0.21029647777145483,0.5960735427093825,False,False,False,all agree,0.20-0.35
2024,2024_R24_western_bulldogs_v_greater_western_sydney_2024-08-25,1,True,True,True,0.008215126152389063,0.5294101272090059,True,True,True,all agree,<0.10
2024,2024_R2_adelaide_v_geelong_2024-03-22,2,False,False,False,0.1391978629134628,0.293986441626865,False,False,False,2 vs 1,0.10-0.20
2024,2024_R2_hawthorn_v_melbourne_2024-03-23,1,True,True,True,0.012809777444490744,0.6051991116943415,True,True,True,all agree,<0.10
2024,2024_R2_north_melbourne_v_fremantle_2024-03-23,1,True,True,True,0.30097370953617986,0.6570036952897813,True,True,True,all agree,0.20-0.35
2024,2024_R2_richmond_v_port_adelaide_2024-03-24,1,False,False,False,0.19471848913317702,0.6522903017557673,False,False,False,all agree,0.10-0.20
2024,2024_R2_st_kilda_v_collingwood_2024-03-21,1,True,True,True,0.08233771338347276,0.26771275970468805,True,True,True,all agree,<0.10
2024,2024_R2_sydney_v_essendon_2024-03-23,1,False,False,False,0.01650317956435421,0.31910598745331037,False,False,False,all agree,<0.10
2024,2024_R2_west_coast_v_greater_western_sydney_2024-03-24,1,True,True,True,0.14256389310060175,0.4526815074797081,True,True,True,all agree,0.10-0.20
2024,2024_R2_western_bulldogs_v_gold_coast_2024-03-24,1,False,False,False,0.25819826458515527,0.721140458302591,False,False,False,all agree,0.20-0.35
2024,2024_R3_brisbane_lions_v_collingwood_2024-03-28,1,False,False,False,0.12280545019080635,0.39447927188846826,False,False,False,all agree,0.10-0.20
2024,2024_R3_essendon_v_st_kilda_2024-03-30,1,True,True,True,0.33077492670916736,0.5725702635871966,True,True,True,all agree,0.20-0.35
2024,2024_R3_fremantle_v_adelaide_2024-03-29,1,True,True,True,0.1623257779321517,0.5719714514889743,True,True,True,all agree,0.10-0.20
2024,2024_R3_hawthorn_v_geelong_2024-04-01,1,False,False,False,0.3565602828972581,0.6478563957008713,False,False,False,all agree,>0.35
2024,2024_R3_north_melbourne_v_carlton_2024-03-29,1,False,False,False,0.1992309854526345,0.7272896248768692,False,False,False,all agree,0.10-0.20
2024,2024_R3_port_adelaide_v_melbourne_2024-03-30,1,False,False,False,0.2174544468373545,0.6115249449794085,False,False,False,all agree,0.20-0.35
2024,2024_R3_richmond_v_sydney_2024-03-31,1,True,True,True,0.17481699437936837,0.6437037817183157,True,True,True,all agree,0.10-0.20
2024,2024_R3_western_bulldogs_v_west_coast_2024-03-31,1,True,True,True,0.24604222928891317,0.7165118465193364,True,True,True,all agree,0.20-0.35
2024,2024_R4_adelaide_v_melbourne_2024-04-04,1,True,True,True,0.0143927968681552,0.71306751899824,True,True,True,all agree,<0.10
2024,2024_R4_brisbane_lions_v_north_melbourne_2024-04-05,1,True,True,True,0.15975136530213263,0.5956722049074451,True,True,True,all agree,0.10-0.20
2024,2024_R4_collingwood_v_hawthorn_2024-04-07,1,True,True,True,0.1495619370792065,0.5488167078973255,True,True,True,all agree,0.10-0.20
2024,2024_R4_fremantle_v_carlton_2024-04-06,1,False,False,False,0.05148548482971732,0.30478699117734526,False,False,False,all agree,<0.10
2024,2024_R4_gold_coast_v_greater_western_sydney_2024-04-07,2,True,True,False,0.1519566233064733,0.4362589538862586,True,False,True,2 vs 1,0.10-0.20
2024,2024_R4_port_adelaide_v_essendon_2024-04-05,1,True,True,True,0.11214229670223941,0.91166907255145,True,True,True,all agree,0.10-0.20
2024,2024_R4_richmond_v_st_kilda_2024-04-07,2,False,False,False,0.19060990575828873,0.4477518385663415,False,False,False,2 vs 1,0.10-0.20
2024,2024_R4_west_coast_v_sydney_2024-04-06,1,False,False,False,0.027623642462917097,0.3890524688103678,False,False,False,all agree,<0.10
2024,2024_R4_western_bulldogs_v_geelong_2024-04-06,1,True,True,True,0.1637336884949866,0.47117872264532484,True,True,True,all agree,0.10-0.20
2024,2024_R5_carlton_v_adelaide_2024-04-13,2,True,True,False,0.45990084049623414,0.4471250531791912,True,False,True,2 vs 1,>0.35
2024,2024_R5_geelong_v_north_melbourne_2024-04-14,1,True,True,True,0.25694328605281136,0.8339738663839528,True,True,True,all agree,0.20-0.35
2024,2024_R5_gold_coast_v_hawthorn_2024-04-13,1,True,True,True,0.16314724453366813,0.7449391970326005,True,True,True,all agree,0.10-0.20
2024,2024_R5_greater_western_sydney_v_st_kilda_2024-04-13,1,True,True,True,0.11494223581453972,0.3768198042889271,True,True,True,all agree,0.10-0.20
2024,2024_R5_melbourne_v_brisbane_lions_2024-04-11,2,False,True,False,0.2685740061664084,0.28221901408172045,False,True,False,2 vs 1,0.20-0.35
2024,2024_R5_port_adelaide_v_fremantle_2024-04-13,2,True,True,False,0.11330644188214067,0.21356568128684775,True,False,True,2 vs 1,0.10-0.20
2024,2024_R5_west_coast_v_richmond_2024-04-14,1,True,True,True,0.22637827029528956,0.8343617268592024,True,True,True,all agree,0.20-0.35
2024,2024_R5_western_bulldogs_v_essendon_2024-04-12,1,True,True,True,0.0758691628565232,0.21188722580636302,True,True,True,all agree,<0.10
2024,2024_R6_adelaide_v_essendon_2024-04-19,1,False,False,False,0.10168216390549689,0.45508724683489493,False,False,False,all agree,0.10-0.20
2024,2024_R6_brisbane_lions_v_geelong_2024-04-20,1,False,False,False,0.08213340260935634,0.22920945219378522,False,False,False,all agree,<0.10
2024,2024_R6_carlton_v_greater_western_sydney_2024-04-20,1,True,True,True,0.046757351426672256,0.7147051959386347,True,True,True,all agree,<0.10
2024,2024_R6_collingwood_v_port_adelaide_2024-04-20,1,False,False,False,0.18733592451380876,0.6347381618030979,False,False,False,all agree,0.10-0.20
2024,2024_R6_north_melbourne_v_hawthorn_2024-04-21,2,False,True,False,0.18664425130026568,0.40595872435392527,False,True,False,2 vs 1,0.10-0.20
2024,2024_R6_st_kilda_v_western_bulldogs_2024-04-18,1,False,False,False,0.4267756363437979,0.6261277967523534,False,False,False,all agree,>0.35
2024,2024_R6_sydney_v_gold_coast_2024-04-21,1,False,False,False,0.17368500576072088,0.39770640464345197,False,False,False,all agree,0.10-0.20
2024,2024_R6_west_coast_v_fremantle_2024-04-20,2,False,False,False,0.32800766060384,0.307025885312081,False,False,False,2 vs 1,0.20-0.35
2024,2024_R7_essendon_v_collingwood_2024-04-25,1,True,True,True,0.20413977190908011,0.3011715999301811,True,True,True,all agree,0.20-0.35
2024,2024_R7_fremantle_v_western_bulldogs_2024-04-27,2,True,True,False,0.10760317310784778,0.4126826345285535,True,True,False,2 vs 1,0.10-0.20
2024,2024_R7_geelong_v_carlton_2024-04-27,1,True,True,True,0.15855279891287355,0.4450074178180323,True,True,True,all agree,0.10-0.20
2024,2024_R7_gold_coast_v_west_coast_2024-04-28,1,True,True,True,0.0664184973881834,0.6426232049296667,True,True,True,all agree,<0.10
2024,2024_R7_greater_western_sydney_v_brisbane_lions_2024-04-25,1,True,True,True,0.05577048394280337,0.7029877047530464,True,True,True,all agree,<0.10
2024,2024_R7_hawthorn_v_sydney_2024-04-28,2,False,False,False,0.12242696404676798,0.2716513789580491,False,False,False,2 vs 1,0.10-0.20
2024,2024_R7_north_melbourne_v_adelaide_2024-04-27,1,True,True,True,0.21031283860212358,0.7536534894777392,True,True,True,all agree,0.20-0.35
2024,2024_R7_port_adelaide_v_st_kilda_2024-04-26,2,True,True,False,0.032613908677631365,0.192823105652981,True,False,True,2 vs 1,<0.10
2024,2024_R7_richmond_v_melbourne_2024-04-24,1,True,True,True,0.09110585843482188,0.5244580079632161,True,True,True,all agree,<0.10
2024,2024_R8_adelaide_v_port_adelaide_2024-05-02,1,True,True,True,0.021197929099438906,0.33139520606498274,True,True,True,all agree,<0.10
2024,2024_R8_brisbane_lions_v_gold_coast_2024-05-05,1,True,True,True,0.07141637610201013,0.3762396630435876,True,True,True,all agree,<0.10
2024,2024_R8_carlton_v_collingwood_2024-05-03,1,True,True,True,0.07973937397168707,0.7924898191466828,True,True,True,all agree,<0.10
2024,2024_R8_melbourne_v_geelong_2024-05-04,1,False,False,False,0.04498637963194296,0.5407284226178085,False,False,False,all agree,<0.10
2024,2024_R8_richmond_v_fremantle_2024-05-05,2,False,False,False,0.19833487932030647,0.4134843503984103,False,False,False,2 vs 1,0.10-0.20
2024,2024_R8_st_kilda_v_north_melbourne_2024-05-04,1,True,True,True,0.10010429639693863,0.7707037929382395,True,True,True,all agree,0.10-0.20
2024,2024_R8_sydney_v_greater_western_sydney_2024-05-04,2,False,True,False,0.049987551291641646,0.27123026449283577,False,True,False,2 vs 1,<0.10
2024,2024_R8_west_coast_v_essendon_2024-05-04,1,False,False,False,0.08896750945958126,0.4723638340078902,False,False,False,all agree,<0.10
2024,2024_R8_western_bulldogs_v_hawthorn_2024-05-05,2,False,False,False,0.04010319817916211,0.23465306204437666,False,False,False,2 vs 1,<0.10
2024,2024_R9_adelaide_v_brisbane_lions_2024-05-12,1,False,False,False,0.06496252581929166,0.1855562951079809,False,False,False,all agree,<0.10
2024,2024_R9_carlton_v_melbourne_2024-05-09,2,False,True,False,0.4304909630189107,0.6299393083181499,False,True,False,2 vs 1,>0.35
2024,2024_R9_collingwood_v_west_coast_2024-05-12,1,True,True,True,0.05487787497632257,0.678838301301906,True,True,True,all agree,<0.10
2024,2024_R9_essendon_v_greater_western_sydney_2024-05-11,1,False,False,False,0.049602181232297315,0.282906885076269,False,False,False,all agree,<0.10
2024,2024_R9_fremantle_v_sydney_2024-05-10,2,True,True,False,0.1643501905728496,0.21676027837510561,True,False,True,2 vs 1,0.10-0.20
2024,2024_R9_geelong_v_port_adelaide_2024-05-10,2,False,False,False,0.05837896669798415,0.43990469703159946,False,False,False,2 vs 1,<0.10
2024,2024_R9_gold_coast_v_north_melbourne_2024-05-11,1,True,True,True,0.1555306859971885,0.4040971312259582,True,True,True,all agree,0.10-0.20
2024,2024_R9_hawthorn_v_st_kilda_2024-05-11,2,True,True,False,0.22832593923538852,0.3518844583233496,True,True,False,2 vs 1,0.20-0.35
2024,2024_R9_richmond_v_western_bulldogs_2024-05-11,2,False,False,False,0.1052245324860982,0.37291053314214295,False,False,False,2 vs 1,0.10-0.20
2025,2025_R0_brisbane_lions_v_geelong_2025-03-29,2,False,False,False,0.1312139423979277,0.3103099312522907,False,False,False,2 vs 1,0.10-0.20
2025,2025_R0_gold_coast_v_essendon_2025-08-27,1,True,True,True,0.27801525558317064,0.7268045380979333,True,True,True,all agree,0.20-0.35
2025,2025_R0_greater_western_sydney_v_collingwood_2025-03-09,1,True,True,True,0.19826833306530234,0.6840222518927792,True,True,True,all agree,0.10-0.20
2025,2025_R0_sydney_v_hawthorn_2025-03-07,1,True,True,True,0.08372241064072206,0.7100428226189454,True,True,True,all agree,<0.10
2025,2025_R10_brisbane_lions_v_melbourne_2025-05-18,1,True,True,True,0.13673305995578894,0.42837734071418837,True,True,True,all agree,0.10-0.20
2025,2025_R10_collingwood_v_adelaide_2025-05-17,2,False,False,False,0.12346895608371028,0.291214246034051,False,False,False,2 vs 1,0.10-0.20
2025,2025_R10_gold_coast_v_hawthorn_2025-05-15,1,False,False,False,0.06662596634125983,0.6781513619036245,False,False,False,all agree,<0.10
2025,2025_R10_greater_western_sydney_v_fremantle_2025-05-17,1,True,True,True,0.15586588452790406,0.5430546243558566,True,True,True,all agree,0.10-0.20
2025,2025_R10_port_adelaide_v_geelong_2025-05-17,1,True,True,True,0.020409927476733536,0.774162480270541,True,True,True,all agree,<0.10
2025,2025_R10_richmond_v_north_melbourne_2025-05-18,2,False,False,False,0.3185588220441694,0.38416806946143733,False,False,False,2 vs 1,0.20-0.35
2025,2025_R10_sydney_v_carlton_2025-05-16,1,True,True,True,0.12498344668978989,0.8086558392674535,True,True,True,all agree,0.10-0.20
2025,2025_R10_west_coast_v_st_kilda_2025-05-18,1,False,False,False,0.15075170581001102,0.3077691917768293,False,False,False,all agree,0.10-0.20
2025,2025_R10_western_bulldogs_v_essendon_2025-05-17,1,True,True,True,0.3578213623323229,0.5983484505604258,True,True,True,all agree,>0.35
2025,2025_R11_adelaide_v_west_coast_2025-05-25,1,True,True,True,0.17118051062480005,0.4891915013297648,True,True,True,all agree,0.10-0.20
2025,2025_R11_carlton_v_greater_western_sydney_2025-05-24,1,True,True,True,0.08952736236089875,0.8995144466750905,True,True,True,all agree,<0.10
2025,2025_R11_essendon_v_richmond_2025-05-23,1,True,True,True,0.022130808467143437,0.6441979994706246,True,True,True,all agree,<0.10
2025,2025_R11_fremantle_v_port_adelaide_2025-05-24,2,False,True,False,0.16516989162917695,0.4560384337580132,False,False,True,2 vs 1,0.10-0.20
2025,2025_R11_geelong_v_western_bulldogs_2025-05-22,2,True,True,False,0.061722610275865925,0.25731241649520675,True,False,True,2 vs 1,<0.10
2025,2025_R11_hawthorn_v_brisbane_lions_2025-05-24,2,False,True,False,0.18093940545968784,0.37001769711332133,False,True,False,2 vs 1,0.10-0.20
2025,2025_R11_melbourne_v_sydney_2025-05-25,1,True,True,True,0.2439115539459733,0.7324279060818865,True,True,True,all agree,0.20-0.35
2025,2025_R11_north_melbourne_v_collingwood_2025-05-24,1,False,False,False,0.1614747432164957,0.687211891953727,False,False,False,all agree,0.10-0.20
2025,2025_R11_st_kilda_v_gold_coast_2025-05-25,1,True,True,True,0.04966829881101853,0.5600899545808669,True,True,True,all agree,<0.10
2025,2025_R12_brisbane_lions_v_essendon_2025-05-29,1,True,True,True,0.10184622581965941,0.9076959906306538,True,True,True,all agree,0.10-0.20
2025,2025_R12_collingwood_v_hawthorn_2025-05-30,1,False,False,False,0.09022632956324816,0.45000338171766296,False,False,False,all agree,<0.10
2025,2025_R12_gold_coast_v_fremantle_2025-05-31,1,True,True,True,0.2567362351940875,0.5110364487643709,True,True,True,all agree,0.20-0.35
2025,2025_R12_greater_western_sydney_v_richmond_2025-05-31,2,True,True,False,0.06812756524619767,0.31939200187487043,True,True,False,2 vs 1,<0.10
2025,2025_R12_melbourne_v_st_kilda_2025-06-01,1,False,False,False,0.10103017680063603,0.517843280482518,False,False,False,all agree,0.10-0.20
2025,2025_R12_sydney_v_adelaide_2025-05-31,1,False,False,False,0.40466659045686104,0.4499287721293788,False,False,False,all agree,>0.35
2025,2025_R12_west_coast_v_geelong_2025-06-01,1,True,True,True,0.1116471654592327,0.5621296059578548,True,True,True,all agree,0.10-0.20
2025,2025_R13_adelaide_v_brisbane_lions_2025-06-06,1,False,False,False,0.0634251681018162,0.35752206795955105,False,False,False,all agree,<0.10
2025,2025_R13_carlton_v_essendon_2025-06-08,2,True,True,False,0.1169768977641232,0.24900571315886832,True,False,True,2 vs 1,0.10-0.20
2025,2025_R13_geelong_v_gold_coast_2025-06-07,1,True,True,True,0.1967356363326913,0.8698987025104977,True,True,True,all agree,0.10-0.20
2025,2025_R13_greater_western_sydney_v_port_adelaide_2025-06-07,1,True,True,True,0.13930263733055664,0.5538680890209425,True,True,True,all agree,0.10-0.20
2025,2025_R13_melbourne_v_collingwood_2025-06-09,2,True,True,False,0.13536210483633737,0.2597823955604749,True,False,True,2 vs 1,0.10-0.20
2025,2025_R13_north_melbourne_v_west_coast_2025-06-08,2,True,True,False,0.17259612792420123,0.284809240940252,False,False,True,2 vs 1,0.10-0.20
2025,2025_R13_richmond_v_sydney_2025-06-07,1,True,True,True,0.12165988435464004,0.4303840333118707,True,True,True,all agree,0.10-0.20
2025,2025_R13_western_bulldogs_v_hawthorn_2025-06-05,1,True,True,True,0.11630928027712961,0.47547157453859695,True,True,True,all agree,0.10-0.20
2025,2025_R14_brisbane_lions_v_greater_western_sydney_2025-06-14,1,False,False,False,0.16142132576691376,0.47909840375642393,False,False,False,all agree,0.10-0.20
2025,2025_R14_essendon_v_geelong_2025-06-14,1,False,False,False,0.15130219855288873,0.523227633072077,False,False,False,all agree,0.10-0.20
2025,2025_R14_hawthorn_v_adelaide_2025-06-13,1,False,False,False,0.11286360806216839,0.3417319612765127,False,False,False,all agree,0.10-0.20
2025,2025_R14_north_melbourne_v_fremantle_2025-06-14,1,True,True,True,0.10266276891140269,0.7095983420679118,True,True,True,all agree,0.10-0.20
2025,2025_R14_port_adelaide_v_melbourne_2025-06-15,1,True,True,True,0.22291225296556583,0.8840526885535468,True,True,True,all agree,0.20-0.35
2025,2025_R14_st_kilda_v_western_bulldogs_2025-06-12,1,False,False,False,0.012916913315543843,0.2748400668202969,False,False,False,all agree,<0.10
2025,2025_R14_west_coast_v_carlton_2025-06-15,1,False,False,False,0.10129409244634763,0.405237027721612,False,False,False,all agree,0.10-0.20
2025,2025_R15_carlton_v_north_melbourne_2025-06-21,1,False,False,False,0.08328123059572845,0.42836060485252275,False,False,False,all agree,<0.10
2025,2025_R15_collingwood_v_st_kilda_2025-06-21,1,True,True,True,0.21389705475353604,0.45552715878352207,True,True,True,all agree,0.20-0.35
2025,2025_R15_fremantle_v_essendon_2025-06-19,2,False,True,False,0.3329902057058163,0.4643039288054824,False,False,True,2 vs 1,0.20-0.35
2025,2025_R15_geelong_v_brisbane_lions_2025-06-20,2,True,True,False,0.03947832023699385,0.2339833633086715,False,False,True,2 vs 1,<0.10
2025,2025_R15_greater_western_sydney_v_gold_coast_2025-06-22,1,False,False,False,0.13310074884563605,0.5536666931344992,False,False,False,all agree,0.10-0.20
2025,2025_R15_port_adelaide_v_sydney_2025-06-21,1,True,True,True,0.1192659593041096,0.5429716885489356,True,True,True,all agree,0.10-0.20
2025,2025_R15_western_bulldogs_v_richmond_2025-06-22,1,True,True,True,0.056221967560946884,0.8652454021979175,True,True,True,all agree,<0.10
2025,2025_R16_collingwood_v_west_coast_2025-06-28,1,True,True,True,0.13921953828049694,0.7180561185661608,True,True,True,all agree,0.10-0.20
2025,2025_R16_fremantle_v_st_kilda_2025-06-29,1,False,False,False,0.010388514580917496,0.6266976897013694,False,False,False,all agree,<0.10
2025,2025_R16_gold_coast_v_melbourne_2025-06-28,2,False,False,False,0.11976019764062126,0.28419063532459393,False,False,False,2 vs 1,0.10-0.20
2025,2025_R16_hawthorn_v_north_melbourne_2025-06-28,1,False,False,False,0.11376499988136218,0.4567862848805966,False,False,False,all agree,0.10-0.20
2025,2025_R16_port_adelaide_v_carlton_2025-06-26,1,True,True,True,0.35282756793119824,0.523588510926236,True,True,True,all agree,>0.35
2025,2025_R16_richmond_v_adelaide_2025-06-29,1,False,False,False,0.10546406592778113,0.5961634200014361,False,False,False,all agree,0.10-0.20
2025,2025_R16_sydney_v_western_bulldogs_2025-06-27,2,False,True,False,0.20062674340723707,0.36140124131016105,False,True,False,2 vs 1,0.20-0.35
2025,2025_R17_adelaide_v_melbourne_2025-07-06,1,True,True,True,0.18350994259247166,0.7040455093543723,True,True,True,all agree,0.10-0.20
2025,2025_R17_brisbane_lions_v_port_adelaide_2025-07-05,1,True,True,True,0.1363811752802082,0.8199547826282721,True,True,True,all agree,0.10-0.20
2025,2025_R17_carlton_v_collingwood_2025-07-04,1,True,True,True,0.059991487731528514,0.8876355562782007,True,True,True,all agree,<0.10
2025,2025_R17_essendon_v_gold_coast_2025-07-05,1,True,True,True,0.14492116587031106,0.47855351853145883,True,True,True,all agree,0.10-0.20
2025,2025_R17_geelong_v_richmond_2025-07-05,1,True,True,True,0.129666318594015,0.7380990761284142,True,True,True,all agree,0.10-0.20
2025,2025_R17_north_melbourne_v_western_bulldogs_2025-07-03,1,True,True,True,0.11658988480028709,0.5621522666932659,True,True,True,all agree,0.10-0.20
2025,2025_R17_st_kilda_v_hawthorn_2025-07-05,2,False,True,False,0.3001713690186012,0.3922873347049263,False,True,False,2 vs 1,0.20-0.35
2025,2025_R17_sydney_v_fremantle_2025-07-06,2,False,False,False,0.33014507122996073,0.32136770445788776,False,False,False,2 vs 1,0.20-0.35
2025,2025_R17_west_coast_v_greater_western_sydney_2025-07-04,1,True,True,True,0.10744686037926243,0.6304400848071358,True,True,True,all agree,0.10-0.20
2025,2025_R18_carlton_v_brisbane_lions_2025-07-10,2,False,True,False,0.08920613448503756,0.28397359164335595,False,False,True,2 vs 1,<0.10
2025,2025_R18_fremantle_v_hawthorn_2025-07-12,2,True,True,False,0.017386461961093502,0.30725808673328925,True,False,True,2 vs 1,<0.10
2025,2025_R18_gold_coast_v_collingwood_2025-07-11,1,False,False,False,0.13965181176218144,0.7756743496297629,False,False,False,all agree,0.10-0.20
2025,2025_R18_greater_western_sydney_v_geelong_2025-07-12,1,True,True,True,0.08019996788639372,0.7269928178142145,True,True,True,all agree,<0.10
2025,2025_R18_melbourne_v_north_melbourne_2025-07-13,1,True,True,True,0.09889355918176657,0.5016754942800942,True,True,True,all agree,<0.10
2025,2025_R18_port_adelaide_v_west_coast_2025-07-13,1,True,True,True,0.12619634157947174,0.535305590678674,True,True,True,all agree,0.10-0.20
2025,2025_R18_richmond_v_essendon_2025-07-12,1,True,True,True,0.1260808209023896,0.6912569223802284,True,True,True,all agree,0.10-0.20
2025,2025_R18_st_kilda_v_sydney_2025-07-13,2,False,True,False,0.13138700657741914,0.30523861822761345,True,False,False,2 vs 1,0.10-0.20
2025,2025_R18_western_bulldogs_v_adelaide_2025-07-12,2,False,True,False,0.3896060555202734,0.434734680579058,False,True,False,2 vs 1,>0.35
2025,2025_R19_adelaide_v_gold_coast_2025-07-20,1,True,True,True,0.11871653665287518,0.845771841692519,True,True,True,all agree,0.10-0.20
2025,2025_R19_brisbane_lions_v_western_bulldogs_2025-07-18,1,True,True,True,0.05703769301048933,0.3249055183062739,True,True,True,all agree,<0.10
2025,2025_R19_carlton_v_melbourne_2025-07-19,2,True,True,False,0.5646002772713616,0.6541722422000639,True,False,True,2 vs 1,>0.35
2025,2025_R19_collingwood_v_fremantle_2025-07-20,1,False,False,False,0.202677305167082,0.5385654150817786,False,False,False,all agree,0.20-0.35
2025,2025_R19_essendon_v_greater_western_sydney_2025-07-17,1,False,False,False,0.1643374858890536,0.6023175392640979,False,False,False,all agree,0.10-0.20
2025,2025_R19_geelong_v_st_kilda_2025-07-20,2,True,True,False,0.0847046582304069,0.2957761883679031,True,True,False,2 vs 1,<0.10
2025,2025_R19_hawthorn_v_port_adelaide_2025-07-19,1,False,False,False,0.18251367900945326,0.5592158721997901,False,False,False,all agree,0.10-0.20
2025,2025_R19_sydney_v_north_melbourne_2025-07-19,1,True,True,True,0.05984558675595253,0.9748374303897572,True,True,True,all agree,<0.10
2025,2025_R19_west_coast_v_richmond_2025-07-19,1,True,True,True,0.1002386082379989,0.5961612534328311,True,True,True,all agree,0.10-0.20
2025,2025_R1_adelaide_v_st_kilda_2025-03-16,3,False,True,False,0.05136877238143264,0.2560312544650366,False,True,False,all differ,<0.10
2025,2025_R1_collingwood_v_port_adelaide_2025-03-15,1,False,False,False,0.03653742682056427,0.2867554650122031,False,False,False,all agree,<0.10
2025,2025_R1_geelong_v_fremantle_2025-03-15,1,True,True,True,0.10172130786741551,0.609789137672791,True,True,True,all agree,0.10-0.20
2025,2025_R1_hawthorn_v_essendon_2025-03-14,2,False,False,False,0.3998264762470685,0.4478548319969913,False,False,False,2 vs 1,>0.35
2025,2025_R1_melbourne_v_greater_western_sydney_2025-03-16,1,False,False,False,0.07231969207007316,0.4050545761889824,False,False,False,all agree,<0.10
2025,2025_R1_richmond_v_carlton_2025-03-13,2,False,False,False,0.18326197482067957,0.3833433226239711,False,False,False,2 vs 1,0.10-0.20
2025,2025_R1_sydney_v_brisbane_lions_2025-03-15,1,False,False,False,0.18568450517214063,0.47844972274444203,False,False,False,all agree,0.10-0.20
2025,2025_R1_west_coast_v_gold_coast_2025-03-16,1,False,False,False,0.31501604388756826,0.49771177760026086,False,False,False,all agree,0.20-0.35
2025,2025_R1_western_bulldogs_v_north_melbourne_2025-03-15,1,False,False,False,0.1111183060681391,0.4036779729445832,False,False,False,all agree,0.10-0.20
2025,2025_R20_adelaide_v_port_adelaide_2025-07-26,1,True,True,True,0.07367865472337665,0.7826426713532048,True,True,True,all agree,<0.10
2025,2025_R20_essendon_v_western_bulldogs_2025-07-25,1,False,False,False,0.14401118390818696,0.4762250845984237,False,False,False,all agree,0.10-0.20
2025,2025_R20_fremantle_v_west_coast_2025-07-26,1,False,False,False,0.23344499473623098,0.5359111392608811,False,False,False,all agree,0.20-0.35
2025,2025_R20_gold_coast_v_brisbane_lions_2025-07-26,1,True,True,True,0.09107553896893272,0.8664139058465506,True,True,True,all agree,<0.10
2025,2025_R20_greater_western_sydney_v_sydney_2025-07-25,1,True,True,True,0.04277104633284737,0.2525318256734214,True,True,True,all agree,<0.10
2025,2025_R20_hawthorn_v_carlton_2025-07-24,2,True,True,False,0.05948557757572914,0.26934251148028737,True,False,True,2 vs 1,<0.10
2025,2025_R20_north_melbourne_v_geelong_2025-07-26,1,True,True,True,0.19837017368289545,0.8858051840983929,True,True,True,all agree,0.10-0.20
2025,2025_R20_richmond_v_collingwood_2025-07-27,1,True,True,True,0.045052504439160534,0.9780401833072214,True,True,True,all agree,<0.10
2025,2025_R20_st_kilda_v_melbourne_2025-07-27,1,False,False,False,0.1654818249969544,0.9209862051137631,False,False,False,all agree,0.10-0.20
2025,2025_R21_adelaide_v_hawthorn_2025-08-01,1,False,False,False,0.07291103498981374,0.28001390817160543,False,False,False,all agree,<0.10
2025,2025_R21_collingwood_v_brisbane_lions_2025-08-02,1,True,True,True,0.08697302570533028,0.3911570060978871,True,True,True,all agree,<0.10
2025,2025_R21_fremantle_v_carlton_2025-08-03,1,False,False,False,0.19829875548835824,0.40640277466355684,False,False,False,all agree,0.10-0.20
2025,2025_R21_geelong_v_port_adelaide_2025-08-03,1,True,True,True,0.10362918306313817,0.8347589206994694,True,True,True,all agree,0.10-0.20
2025,2025_R21_gold_coast_v_richmond_2025-08-02,1,True,True,True,0.14344353792196496,0.7670703155205465,True,True,True,all agree,0.10-0.20
2025,2025_R21_melbourne_v_west_coast_2025-08-02,1,True,True,True,0.15621591636099638,0.27970335195871426,True,True,True,all agree,0.10-0.20
2025,2025_R21_st_kilda_v_north_melbourne_2025-08-03,2,True,True,False,0.29954235355748543,0.4660107648674121,True,False,True,2 vs 1,0.20-0.35
2025,2025_R21_sydney_v_essendon_2025-08-02,1,True,True,True,0.14256955229477086,0.8824700405963634,True,True,True,all agree,0.10-0.20
2025,2025_R21_western_bulldogs_v_greater_western_sydney_2025-07-31,1,False,False,False,0.14929627191009232,0.5652676959212359,False,False,False,all agree,0.10-0.20
2025,2025_R22_brisbane_lions_v_sydney_2025-08-09,1,True,True,True,0.16634648081790981,0.7039276459830465,True,True,True,all agree,0.10-0.20
2025,2025_R22_carlton_v_gold_coast_2025-08-09,1,False,False,False,0.33215751286936757,0.6019109929255623,False,False,False,all agree,0.20-0.35
2025,2025_R22_geelong_v_essendon_2025-08-08,1,False,False,False,0.08584042130922098,0.4677597912431109,False,False,False,all agree,<0.10
2025,2025_R22_greater_western_sydney_v_north_melbourne_2025-08-10,1,True,True,True,0.06506428941551284,0.33847398694053776,True,True,True,all agree,<0.10
2025,2025_R22_hawthorn_v_collingwood_2025-08-07,1,True,True,True,0.13999079718600776,0.45296833131327513,True,True,True,all agree,0.10-0.20
2025,2025_R22_melbourne_v_western_bulldogs_2025-08-10,1,False,False,False,0.08086696401430382,0.4377692168256246,False,False,False,all agree,<0.10
2025,2025_R22_port_adelaide_v_fremantle_2025-08-09,1,True,True,True,0.05232832494962619,0.40530183578466916,True,True,True,all agree,<0.10
2025,2025_R22_richmond_v_st_kilda_2025-08-09,1,False,False,False,0.21024130635461408,0.37325746573744095,False,False,False,all agree,0.20-0.35
2025,2025_R22_west_coast_v_adelaide_2025-08-10,1,False,False,False,0.056650828230506156,0.6316922729380449,False,False,False,all agree,<0.10
2025,2025_R23_adelaide_v_collingwood_2025-08-16,1,True,True,True,0.13278344961278266,0.39495119342426904,True,True,True,all agree,0.10-0.20
2025,2025_R23_carlton_v_port_adelaide_2025-08-16,1,True,True,True,0.16715177980313367,0.8898731580004601,True,True,True,all agree,0.10-0.20
2025,2025_R23_essendon_v_st_kilda_2025-08-15,1,True,True,True,0.16530904467020546,0.3591131971082692,True,True,True,all agree,0.10-0.20
2025,2025_R23_fremantle_v_brisbane_lions_2025-08-15,2,False,False,False,0.11419590953550363,0.28913763723256675,False,False,False,2 vs 1,0.10-0.20
2025,2025_R23_gold_coast_v_greater_western_sydney_2025-08-16,1,False,False,False,0.09479941017448557,0.37779748332883245,False,False,False,all agree,<0.10
2025,2025_R23_hawthorn_v_melbourne_2025-08-16,1,True,True,True,0.08646463775399049,0.8316186284972198,True,True,True,all agree,<0.10
2025,2025_R23_north_melbourne_v_richmond_2025-08-17,1,True,True,True,0.3339468539874251,0.8239153294066003,True,True,True,all agree,0.20-0.35
2025,2025_R23_sydney_v_geelong_2025-08-17,1,True,True,True,0.10470468027814317,0.4567744152294237,True,True,True,all agree,0.10-0.20
2025,2025_R23_western_bulldogs_v_west_coast_2025-08-17,1,True,True,True,0.15178363872533562,0.8517990925847948,True,True,True,all agree,0.10-0.20
2025,2025_R24_brisbane_lions_v_hawthorn_2025-08-24,1,True,True,True,0.11334397656049544,0.5491752559026714,True,True,True,all agree,0.10-0.20
2025,2025_R24_collingwood_v_melbourne_2025-08-22,2,False,False,False,0.1257250559698309,0.2150636823377642,False,False,False,2 vs 1,0.10-0.20
2025,2025_R24_essendon_v_carlton_2025-08-21,1,False,False,False,0.14262385211651607,0.7029633743616422,False,False,False,all agree,0.10-0.20
2025,2025_R24_greater_western_sydney_v_st_kilda_2025-08-24,1,False,False,False,0.08501468789906125,0.43854771706254536,False,False,False,all agree,<0.10
2025,2025_R24_north_melbourne_v_adelaide_2025-08-23,2,False,False,False,0.2729646424300203,0.26925902351275105,False,False,False,2 vs 1,0.20-0.35
2025,2025_R24_port_adelaide_v_gold_coast_2025-08-22,1,False,False,False,0.10832231090342204,0.5193367231796505,False,False,False,all agree,0.10-0.20
2025,2025_R24_richmond_v_geelong_2025-08-23,1,True,True,True,0.022581174999662612,0.5530732840685805,True,True,True,all agree,<0.10
2025,2025_R24_west_coast_v_sydney_2025-08-23,1,True,True,True,0.24299330428196597,0.6359557979905446,True,True,True,all agree,0.20-0.35
2025,2025_R24_western_bulldogs_v_fremantle_2025-08-24,1,True,True,True,0.17807352990655057,0.7711032363349855,True,True,True,all agree,0.10-0.20
2025,2025_R2_brisbane_lions_v_west_coast_2025-03-23,1,False,False,False,0.06924829118856413,0.776874563832238,False,False,False,all agree,<0.10
2025,2025_R2_carlton_v_hawthorn_2025-03-20,1,True,True,True,0.07753791817760891,0.8371463098150963,True,True,True,all agree,<0.10
2025,2025_R2_essendon_v_adelaide_2025-03-22,1,False,False,False,0.3841770957262587,0.4903186799511576,False,False,False,all agree,>0.35
2025,2025_R2_fremantle_v_sydney_2025-03-23,1,True,True,True,0.10278309482948667,0.5189520936995676,True,True,True,all agree,0.10-0.20
2025,2025_R2_north_melbourne_v_melbourne_2025-03-23,1,True,True,True,0.1753525807536986,0.2928113955942671,True,True,True,all agree,0.10-0.20
2025,2025_R2_port_adelaide_v_richmond_2025-03-22,1,True,True,True,0.06586658754654584,0.743356869151226,True,True,True,all agree,<0.10
2025,2025_R2_st_kilda_v_geelong_2025-03-22,1,True,True,True,0.12215292709805364,0.5306680196663456,True,True,True,all agree,0.10-0.20
2025,2025_R2_western_bulldogs_v_collingwood_2025-03-21,1,True,True,True,0.1860496826714224,0.7055768593123144,True,True,True,all agree,0.10-0.20
2025,2025_R3_adelaide_v_north_melbourne_2025-03-30,2,False,False,False,0.24647639980490954,0.3208866299875588,False,False,False,2 vs 1,0.20-0.35
2025,2025_R3_carlton_v_western_bulldogs_2025-03-28,1,False,False,False,0.14695876050188172,0.5226846349306411,False,False,False,all agree,0.10-0.20
2025,2025_R3_essendon_v_port_adelaide_2025-03-27,1,True,True,True,0.0743155927083124,0.30645089827804434,True,True,True,all agree,<0.10
2025,2025_R3_hawthorn_v_greater_western_sydney_2025-03-29,1,True,True,True,0.12683096890858137,0.2901526183014889,True,True,True,all agree,0.10-0.20
2025,2025_R3_melbourne_v_gold_coast_2025-03-29,1,True,True,True,0.12975080738539113,0.6795505226426596,True,True,True,all agree,0.10-0.20
2025,2025_R3_st_kilda_v_richmond_2025-03-29,1,True,True,True,0.06843247053860069,0.5890534191586523,True,True,True,all agree,<0.10
2025,2025_R3_west_coast_v_fremantle_2025-03-30,1,False,False,False,0.057065900135945924,0.5378541627631485,False,False,False,all agree,<0.10
2025,2025_R4_collingwood_v_carlton_2025-04-03,1,False,False,False,0.13231563161263676,0.3251420896605882,False,False,False,all agree,0.10-0.20
2025,2025_R4_fremantle_v_western_bulldogs_2025-04-06,1,False,False,False,0.10147198779722,0.7757326223002315,False,False,False,all agree,0.10-0.20
2025,2025_R4_geelong_v_melbourne_2025-04-04,1,True,True,True,0.13166465610991138,0.32060441729251227,True,True,True,all agree,0.10-0.20
2025,2025_R4_gold_coast_v_adelaide_2025-04-05,1,False,False,False,0.0396590539331477,0.26872754622928147,False,False,False,all agree,<0.10
2025,2025_R4_greater_western_sydney_v_west_coast_2025-04-06,1,True,True,True,0.18389730140415828,0.7122466133637902,True,True,True,all agree,0.10-0.20
2025,2025_R4_north_melbourne_v_sydney_2025-04-05,1,False,False,False,0.06389102809364622,0.3681719927019554,False,False,False,all agree,<0.10
2025,2025_R4_port_adelaide_v_st_kilda_2025-04-06,1,False,False,False,0.10072909222387177,0.42151280472578273,False,False,False,all agree,0.10-0.20
2025,2025_R4_richmond_v_brisbane_lions_2025-04-05,1,True,True,True,0.17549935951893247,0.6191355263461243,True,True,True,all agree,0.10-0.20
2025,2025_R5_adelaide_v_geelong_2025-04-10,1,True,True,True,0.023899324513537157,0.4405860230268828,True,True,True,all agree,<0.10
2025,2025_R5_carlton_v_west_coast_2025-04-12,1,False,False,False,0.13886633020690153,0.5861133624743124,False,False,False,all agree,0.10-0.20
2025,2025_R5_collingwood_v_sydney_2025-04-11,1,True,True,True,0.13378067374985936,0.6505505986970981,True,True,True,all agree,0.10-0.20
2025,2025_R5_melbourne_v_essendon_2025-04-12,1,True,True,True,0.06605856738058008,0.513895616635937,True,True,True,all agree,<0.10
2025,2025_R5_north_melbourne_v_gold_coast_2025-04-12,1,True,True,True,0.13571324478415525,0.5026402282613668,True,True,True,all agree,0.10-0.20
2025,2025_R5_port_adelaide_v_hawthorn_2025-04-13,1,False,False,False,0.08448108850096564,0.4285182473211699,False,False,False,all agree,<0.10
2025,2025_R5_richmond_v_fremantle_2025-04-13,1,True,True,True,0.03618353291604559,0.4148414810141246,True,True,True,all agree,<0.10
2025,2025_R5_st_kilda_v_greater_western_sydney_2025-04-13,1,True,True,True,0.23145324192710892,0.5869370783905232,True,True,True,all agree,0.20-0.35
2025,2025_R5_western_bulldogs_v_brisbane_lions_2025-04-12,1,False,False,False,0.03348903925922414,0.301005886810852,False,False,False,all agree,<0.10
2025,2025_R6_adelaide_v_greater_western_sydney_2025-04-19,1,False,False,False,0.10518084274379019,0.36091938090180314,False,False,False,all agree,0.10-0.20
2025,2025_R6_brisbane_lions_v_collingwood_2025-04-17,1,True,True,True,0.07222769298368481,0.9330580783250717,True,True,True,all agree,<0.10
2025,2025_R6_geelong_v_hawthorn_2025-04-21,1,False,False,False,0.14265426357836494,0.2418688516888302,False,False,False,all agree,0.10-0.20
2025,2025_R6_melbourne_v_fremantle_2025-04-19,1,True,True,True,0.3070545660569739,0.6522489773645417,True,True,True,all agree,0.20-0.35
2025,2025_R6_north_melbourne_v_carlton_2025-04-18,1,True,True,True,0.11921095325456044,0.8324720936150817,True,True,True,all agree,0.10-0.20
2025,2025_R6_richmond_v_gold_coast_2025-04-19,1,False,False,False,0.09713940849490288,0.5972203782468329,False,False,False,all agree,<0.10
2025,2025_R6_sydney_v_port_adelaide_2025-04-20,1,True,True,True,0.20623201331640498,0.328160972583282,True,True,True,all agree,0.20-0.35
2025,2025_R6_west_coast_v_essendon_2025-04-18,1,True,True,True,0.24584696252304605,0.7572999654830522,True,True,True,all agree,0.20-0.35
2025,2025_R6_western_bulldogs_v_st_kilda_2025-04-20,1,True,True,True,0.10627370311163736,0.3013131650032304,True,True,True,all agree,0.10-0.20
2025,2025_R7_carlton_v_geelong_2025-04-27,2,False,True,False,0.0887741140216573,0.24138233402787992,False,True,True,2 vs 1,<0.10
2025,2025_R7_collingwood_v_essendon_2025-04-25,3,True,True,False,0.13177311762100163,0.2944972451490675,False,False,True,all differ,0.10-0.20
2025,2025_R7_fremantle_v_adelaide_2025-04-25,1,True,True,True,0.03319495599914857,0.8400180308942867,True,True,True,all agree,<0.10
2025,2025_R7_gold_coast_v_sydney_2025-04-27,1,False,False,False,0.14311458262497034,0.5608190374230068,False,False,False,all agree,0.10-0.20
2025,2025_R7_greater_western_sydney_v_western_bulldogs_2025-04-26,1,False,False,False,0.04099333793875798,0.20799312693431174,False,False,False,all agree,<0.10
2025,2025_R7_hawthorn_v_west_coast_2025-04-27,1,True,True,True,0.06167003182449385,0.23466360867266345,True,True,True,all agree,<0.10
2025,2025_R7_melbourne_v_richmond_2025-04-24,1,False,False,False,0.13462838221652124,0.4954812317454971,False,False,False,all agree,0.10-0.20
2025,2025_R7_port_adelaide_v_north_melbourne_2025-04-26,2,True,True,False,0.057472877964363595,0.24424673488041404,True,False,True,2 vs 1,<0.10
2025,2025_R7_st_kilda_v_brisbane_lions_2025-04-26,1,False,False,False,0.13179030916125922,0.7253193795427171,False,False,False,all agree,0.10-0.20
2025,2025_R8_adelaide_v_carlton_2025-05-03,1,True,True,True,0.2582046346778043,0.5922528149718217,True,True,True,all agree,0.20-0.35
2025,2025_R8_brisbane_lions_v_gold_coast_2025-05-04,1,True,True,True,0.11468123215827059,0.3828484097606022,True,True,True,all agree,0.10-0.20
2025,2025_R8_collingwood_v_geelong_2025-05-03,1,False,False,False,0.08932683427082283,0.44322045995173753,False,False,False,all agree,<0.10
2025,2025_R8_essendon_v_north_melbourne_2025-05-01,1,True,True,True,0.10772749708704454,0.6051302730985477,True,True,True,all agree,0.10-0.20
2025,2025_R8_hawthorn_v_richmond_2025-05-04,2,True,True,False,0.20476126088174929,0.38359281238328036,False,True,False,2 vs 1,0.20-0.35
2025,2025_R8_st_kilda_v_fremantle_2025-05-02,1,True,True,True,0.2445083637336234,0.8509396688057143,True,True,True,all agree,0.20-0.35
2025,2025_R8_sydney_v_greater_western_sydney_2025-05-04,3,True,True,False,0.1764429042402625,0.31699377473329654,False,True,False,all differ,0.10-0.20
2025,2025_R8_west_coast_v_melbourne_2025-05-03,1,True,True,True,0.0877979711639385,0.9483035201111737,True,True,True,all agree,<0.10
2025,2025_R8_western_bulldogs_v_port_adelaide_2025-05-03,1,False,False,False,0.2646239158571687,0.5629504553983798,False,False,False,all agree,0.20-0.35
2025,2025_R9_essendon_v_sydney_2025-05-10,1,False,False,False,0.12174162545214562,0.3314721782378693,False,False,False,all agree,0.10-0.20
2025,2025_R9_fremantle_v_collingwood_2025-05-08,1,False,False,False,0.08942599662928163,0.5428622799985511,False,False,False,all agree,<0.10
2025,2025_R9_geelong_v_greater_western_sydney_2025-05-11,1,False,False,False,0.2205388604873305,0.7408341636468245,False,False,False,all agree,0.20-0.35
2025,2025_R9_gold_coast_v_western_bulldogs_2025-05-10,1,False,False,False,0.1624303914366121,0.5217217435519659,False,False,False,all agree,0.10-0.20
2025,2025_R9_melbourne_v_hawthorn_2025-05-10,1,False,False,False,0.05084622324343513,0.5451574286777326,False,False,False,all agree,<0.10
2025,2025_R9_north_melbourne_v_brisbane_lions_2025-05-11,2,False,False,False,0.15361813176861736,0.24139357152076937,False,False,False,2 vs 1,0.10-0.20
2025,2025_R9_port_adelaide_v_adelaide_2025-05-10,1,False,False,False,0.028195116592305225,0.2354205850981541,False,False,False,all agree,<0.10
2025,2025_R9_richmond_v_west_coast_2025-05-11,1,True,True,True,0.2344827570947901,0.36728653054870736,True,True,True,all agree,0.20-0.35
2025,2025_R9_st_kilda_v_carlton_2025-05-09,2,False,True,False,0.12502166780025792,0.26850226080414097,False,False,True,2 vs 1,0.10-0.20
2026,2026_R0_brisbane_lions_v_western_bulldogs_2026-03-07,1,True,True,True,0.1477368443045025,0.6284677448856842,True,True,True,all agree,0.10-0.20
2026,2026_R0_gold_coast_v_geelong_2026-03-06,1,True,True,True,0.03297030219161268,0.8869150007818359,True,True,True,all agree,<0.10
2026,2026_R0_greater_western_sydney_v_hawthorn_2026-03-07,2,True,True,False,0.18710340321059707,0.3241711330207098,True,False,True,2 vs 1,0.10-0.20
2026,2026_R0_st_kilda_v_collingwood_2026-03-08,1,True,True,True,0.19412157207838088,0.6856414179112112,True,True,True,all agree,0.10-0.20
2026,2026_R0_sydney_v_carlton_2026-03-05,1,True,True,True,0.13647407789980592,0.7276947054602424,True,True,True,all agree,0.10-0.20
2026,2026_R10_adelaide_v_north_melbourne_2026-05-16,1,True,True,True,0.027008300972045762,0.5872016422140781,True,True,True,all agree,<0.10
2026,2026_R10_brisbane_lions_v_geelong_2026-05-14,2,True,True,False,0.5082484879132747,0.6026923667450624,True,False,True,2 vs 1,>0.35
2026,2026_R10_carlton_v_western_bulldogs_2026-05-16,1,True,True,True,0.1532610424066192,0.7483000843624303,True,True,True,all agree,0.10-0.20
2026,2026_R10_essendon_v_fremantle_2026-05-17,2,False,True,False,0.18068377071571406,0.29197190104169896,True,False,True,2 vs 1,0.10-0.20
2026,2026_R10_gold_coast_v_port_adelaide_2026-05-15,1,True,True,True,0.09374606715717715,0.32503612648765284,True,True,True,all agree,<0.10
2026,2026_R10_melbourne_v_hawthorn_2026-05-16,1,False,False,False,0.0766628327444751,0.3287088962866678,False,False,False,all agree,<0.10
2026,2026_R10_st_kilda_v_richmond_2026-05-17,2,True,True,False,0.05736043843651642,0.26920468669523384,True,True,False,2 vs 1,<0.10
2026,2026_R10_sydney_v_collingwood_2026-05-15,1,True,True,True,0.33381413877204963,0.6443540618476375,True,True,True,all agree,0.20-0.35
2026,2026_R10_west_coast_v_greater_western_sydney_2026-05-17,1,True,True,True,0.05361879561632876,0.9311533439027188,True,True,True,all agree,<0.10
2026,2026_R11_collingwood_v_west_coast_2026-05-23,1,True,True,True,0.16457952798256303,0.8549131122526492,True,True,True,all agree,0.10-0.20
2026,2026_R11_fremantle_v_st_kilda_2026-05-22,1,True,True,True,0.12771976717586342,0.36804637829312864,True,True,True,all agree,0.10-0.20
2026,2026_R11_geelong_v_sydney_2026-05-23,1,True,True,True,0.13034826106263997,0.4877868720757467,True,True,True,all agree,0.10-0.20
2026,2026_R11_greater_western_sydney_v_brisbane_lions_2026-05-24,1,False,False,False,0.1036324295383797,0.5184309051101862,False,False,False,all agree,0.10-0.20
2026,2026_R11_hawthorn_v_adelaide_2026-05-21,1,True,True,True,0.08916308060842015,0.6563133703107922,True,True,True,all agree,<0.10
2026,2026_R11_north_melbourne_v_gold_coast_2026-05-23,2,False,False,False,0.12862058372827773,0.30441480553198563,False,False,False,2 vs 1,0.10-0.20
2026,2026_R11_port_adelaide_v_carlton_2026-05-23,1,True,True,True,0.15638318872585283,0.5377751429973373,True,True,True,all agree,0.10-0.20
2026,2026_R11_richmond_v_essendon_2026-05-22,1,False,False,False,0.12138950756525019,0.39084584226794444,False,False,False,all agree,0.10-0.20
2026,2026_R11_western_bulldogs_v_melbourne_2026-05-24,1,True,True,True,0.06386049742282096,0.7023399085967214,True,True,True,all agree,<0.10
2026,2026_R12_brisbane_lions_v_fremantle_2026-05-30,1,True,True,True,0.09084268210254415,0.29204854278999615,True,True,True,all agree,<0.10
2026,2026_R12_carlton_v_geelong_2026-05-29,2,False,True,False,0.1940132559497878,0.3461430672639822,False,True,False,2 vs 1,0.10-0.20
2026,2026_R12_melbourne_v_greater_western_sydney_2026-05-31,1,True,True,True,0.11889924766241466,0.7099841078444458,True,True,True,all agree,0.10-0.20
2026,2026_R12_st_kilda_v_hawthorn_2026-05-28,1,True,True,True,0.05708223631772652,0.5352327969141002,True,True,True,all agree,<0.10
2026,2026_R12_sydney_v_richmond_2026-05-30,1,True,True,True,0.15835211182518172,0.7053830713011146,True,True,True,all agree,0.10-0.20
2026,2026_R12_west_coast_v_essendon_2026-05-31,1,False,False,False,0.12989058120984948,0.2595735192266371,False,False,False,all agree,0.10-0.20
2026,2026_R12_western_bulldogs_v_collingwood_2026-05-30,3,False,True,False,0.10776394710269577,0.2226424997122024,False,False,True,all differ,0.10-0.20
2026,2026_R13_adelaide_v_geelong_2026-06-04,1,True,True,True,0.27745250012172407,0.48576408703223883,True,True,True,all agree,0.20-0.35
2026,2026_R13_collingwood_v_melbourne_2026-06-08,1,True,True,True,0.12554424190669122,0.4803928266905532,True,True,True,all agree,0.10-0.20
2026,2026_R13_essendon_v_carlton_2026-06-07,1,False,False,False,0.0399273368672417,0.24170705418840988,False,False,False,all agree,<0.10
2026,2026_R13_gold_coast_v_brisbane_lions_2026-06-06,1,True,True,True,0.126741682726485,0.7962268631534251,True,True,True,all agree,0.10-0.20
2026,2026_R13_hawthorn_v_western_bulldogs_2026-06-05,2,True,True,False,0.059406072592356585,0.29370471406762455,True,True,False,2 vs 1,<0.10
2026,2026_R13_north_melbourne_v_fremantle_2026-06-06,1,False,False,False,0.06295831481732805,0.3423764758846688,False,False,False,all agree,<0.10
2026,2026_R13_sydney_v_st_kilda_2026-06-07,1,True,True,True,0.0855281984183035,0.4213256787336388,True,True,True,all agree,<0.10
2026,2026_R13_west_coast_v_port_adelaide_2026-06-06,1,False,False,False,0.05545983597580406,0.2785745672355131,False,False,False,all agree,<0.10
2026,2026_R14_geelong_v_gold_coast_2026-06-12,1,False,False,False,0.1038153449326985,0.6029645074299311,False,False,False,all agree,0.10-0.20
2026,2026_R14_melbourne_v_essendon_2026-06-13,1,True,True,True,0.13483538932700823,0.7876604238954655,True,True,True,all agree,0.10-0.20
2026,2026_R14_north_melbourne_v_west_coast_2026-06-13,1,True,True,True,0.10127589507728962,0.7332944916842622,True,True,True,all agree,0.10-0.20
2026,2026_R14_port_adelaide_v_sydney_2026-06-13,2,False,True,False,0.08522078717104403,0.27514882287375714,False,True,False,2 vs 1,<0.10
2026,2026_R14_richmond_v_brisbane_lions_2026-06-14,1,True,True,True,0.16222368393528308,0.8999698421203689,True,True,True,all agree,0.10-0.20
2026,2026_R14_st_kilda_v_greater_western_sydney_2026-06-14,2,False,True,False,0.20567935688511818,0.3937202864412604,True,False,False,2 vs 1,0.20-0.35
2026,2026_R14_western_bulldogs_v_adelaide_2026-06-11,1,True,True,True,0.02191551659225499,0.889347354333396,True,True,True,all agree,<0.10
2026,2026_R15_adelaide_v_melbourne_2026-06-20,1,True,True,True,0.04683454856791677,0.2575863700306542,True,True,True,all agree,<0.10
2026,2026_R15_collingwood_v_port_adelaide_2026-06-20,1,True,True,True,0.19872219768655264,0.796502241943565,True,True,True,all agree,0.10-0.20
2026,2026_R15_fremantle_v_geelong_2026-06-18,1,True,True,True,0.10053636072346617,0.8511980695893208,True,True,True,all agree,0.10-0.20
2026,2026_R15_gold_coast_v_hawthorn_2026-06-19,1,True,True,True,0.12548123302195613,0.7086998670392157,True,True,True,all agree,0.10-0.20
2026,2026_R15_greater_western_sydney_v_carlton_2026-06-20,2,False,False,False,0.13965741515572508,0.2900566421147694,False,False,False,2 vs 1,0.10-0.20
2026,2026_R15_richmond_v_north_melbourne_2026-06-21,1,False,False,False,0.18577624078768556,0.5386081267411748,False,False,False,all agree,0.10-0.20
2026,2026_R15_st_kilda_v_western_bulldogs_2026-06-21,1,True,True,True,0.05959622710834733,0.7426662106534935,True,True,True,all agree,<0.10
2026,2026_R16_brisbane_lions_v_sydney_2026-06-25,2,True,True,False,0.38697335207951084,0.47145423001820114,True,False,True,2 vs 1,>0.35
2026,2026_R16_carlton_v_west_coast_2026-06-27,1,True,True,True,0.15058637357623927,0.5587247271636262,True,True,True,all agree,0.10-0.20
2026,2026_R16_collingwood_v_richmond_2026-06-27,1,True,True,True,0.12516420748342405,0.9200897411139807,True,True,True,all agree,0.10-0.20
2026,2026_R16_fremantle_v_gold_coast_2026-06-28,1,True,True,True,0.14430930999358937,0.6710255140643336,True,True,True,all agree,0.10-0.20
2026,2026_R16_hawthorn_v_greater_western_sydney_2026-06-26,1,False,False,False,0.1278599248869055,0.3804709961249692,False,False,False,all agree,0.10-0.20
2026,2026_R16_north_melbourne_v_essendon_2026-06-28,1,True,True,True,0.004994384826846221,0.8169053208062028,True,True,True,all agree,<0.10
2026,2026_R16_port_adelaide_v_adelaide_2026-06-27,1,True,True,True,0.17141390459293948,0.8610250335748836,True,True,True,all agree,0.10-0.20
2026,2026_R17_essendon_v_st_kilda_2026-07-05,1,True,True,True,0.15484962591263474,0.7889008461841129,True,True,True,all agree,0.10-0.20
2026,2026_R17_geelong_v_brisbane_lions_2026-07-02,1,True,True,True,0.033141146389881526,0.3251096770713456,True,True,True,all agree,<0.10
2026,2026_R17_gold_coast_v_collingwood_2026-07-04,1,True,True,True,0.2647373966898393,0.7265948770469249,True,True,True,all agree,0.20-0.35
2026,2026_R17_greater_western_sydney_v_fremantle_2026-07-04,1,True,True,True,0.04148839299407936,0.6511647344216175,True,True,True,all agree,<0.10
2026,2026_R17_hawthorn_v_melbourne_2026-07-04,1,True,True,True,0.1499027607529162,0.8022061240308568,True,True,True,all agree,0.10-0.20
2026,2026_R17_port_adelaide_v_north_melbourne_2026-07-05,1,False,False,False,0.07194985336829351,0.48048114085034266,False,False,False,all agree,<0.10
2026,2026_R17_richmond_v_carlton_2026-07-04,1,True,True,True,0.16729136500023079,0.3577415323729885,True,True,True,all agree,0.10-0.20
2026,2026_R17_sydney_v_western_bulldogs_2026-07-03,1,True,True,True,0.1800825634079165,0.8215865156061269,True,True,True,all agree,0.10-0.20
2026,2026_R17_west_coast_v_adelaide_2026-07-03,1,True,True,True,0.04351145547041402,0.5658758758546395,True,True,True,all agree,<0.10
2026,2026_R18_adelaide_v_gold_coast_2026-07-11,1,True,True,True,0.1732602611122513,0.4664431589841081,True,True,True,all agree,0.10-0.20
2026,2026_R18_brisbane_lions_v_essendon_2026-07-12,1,True,True,True,0.027594111977512548,0.5129235585552847,True,True,True,all agree,<0.10
2026,2026_R18_carlton_v_hawthorn_2026-07-11,1,False,False,False,0.11414938287794613,0.29140851113270033,False,False,False,all agree,0.10-0.20
2026,2026_R18_collingwood_v_north_melbourne_2026-07-10,3,False,True,False,0.1488039437826919,0.22155810891683828,True,False,False,all differ,0.10-0.20
2026,2026_R18_fremantle_v_sydney_2026-07-09,1,True,True,True,0.033439921495012626,0.2919936684983437,True,True,True,all agree,<0.10
2026,2026_R18_greater_western_sydney_v_geelong_2026-07-11,2,True,True,False,0.45681654874388333,0.4452421307484338,True,False,True,2 vs 1,>0.35
2026,2026_R18_melbourne_v_richmond_2026-07-12,1,True,True,True,0.06445670501125944,0.7267277868760114,True,True,True,all agree,<0.10
2026,2026_R18_st_kilda_v_port_adelaide_2026-07-11,2,True,True,False,0.0618434658214333,0.24531072652963534,False,True,True,2 vs 1,<0.10
2026,2026_R18_western_bulldogs_v_west_coast_2026-07-12,1,True,True,True,0.02640272720137299,0.3540111632880472,True,True,True,all agree,<0.10
2026,2026_R19_collingwood_v_carlton_2026-07-18,1,True,True,True,0.17174979484891528,0.5483309320183043,True,True,True,all agree,0.10-0.20
2026,2026_R19_essendon_v_greater_western_sydney_2026-07-19,1,True,True,True,0.016428466054794977,0.721391461897178,True,True,True,all agree,<0.10
2026,2026_R19_geelong_v_st_kilda_2026-07-16,2,False,True,False,0.30489488188068115,0.4717619783017359,True,True,False,2 vs 1,0.20-0.35
2026,2026_R19_gold_coast_v_western_bulldogs_2026-07-19,1,True,True,True,0.14267399895875765,0.699965503723759,True,True,True,all agree,0.10-0.20
2026,2026_R19_north_melbourne_v_melbourne_2026-07-18,1,True,True,True,0.07558730697206983,0.5370935552316836,True,True,True,all agree,<0.10
2026,2026_R19_port_adelaide_v_fremantle_2026-07-18,2,True,True,False,0.10988804785926604,0.4008972045426185,True,False,True,2 vs 1,0.10-0.20
2026,2026_R19_richmond_v_hawthorn_2026-07-19,2,True,True,False,0.1235732494238092,0.31616789413889695,True,False,True,2 vs 1,0.10-0.20
2026,2026_R19_sydney_v_adelaide_2026-07-17,2,False,False,False,0.323243432543198,0.35675089359803963,False,False,False,2 vs 1,0.20-0.35
2026,2026_R19_west_coast_v_brisbane_lions_2026-07-18,1,False,False,False,0.07407618816716158,0.2712053344005256,False,False,False,all agree,<0.10
2026,2026_R1_carlton_v_richmond_2026-03-12,1,False,False,False,0.04125366966936467,0.4922835841207889,False,False,False,all agree,<0.10
2026,2026_R1_collingwood_v_adelaide_2026-03-14,1,True,True,True,0.2150014196649308,0.5911989237401648,True,True,True,all agree,0.20-0.35
2026,2026_R1_essendon_v_hawthorn_2026-03-13,1,False,False,False,0.09591261351912925,0.2081721876429754,False,False,False,all agree,<0.10
2026,2026_R1_geelong_v_fremantle_2026-03-14,1,False,False,False,0.06860363143848847,0.42590270881562775,False,False,False,all agree,<0.10
2026,2026_R1_gold_coast_v_west_coast_2026-03-15,2,True,True,False,0.17984119309138413,0.44202371741419605,True,True,False,2 vs 1,0.10-0.20
2026,2026_R1_melbourne_v_st_kilda_2026-03-15,2,False,False,False,0.06705549441666903,0.33077389731290135,False,False,False,2 vs 1,<0.10
2026,2026_R1_north_melbourne_v_port_adelaide_2026-03-15,1,False,False,False,0.05970548894011296,0.3642507671861503,False,False,False,all agree,<0.10
2026,2026_R1_sydney_v_brisbane_lions_2026-03-14,1,False,False,False,0.040205532714312375,0.4417169526363324,False,False,False,all agree,<0.10
2026,2026_R1_western_bulldogs_v_greater_western_sydney_2026-03-14,1,True,True,True,0.09953679841867524,0.7481301015879533,True,True,True,all agree,<0.10
2026,2026_R20_adelaide_v_collingwood_2026-07-23,1,True,True,True,0.11740741817555478,0.8580250428484714,True,True,True,all agree,0.10-0.20
2026,2026_R20_brisbane_lions_v_port_adelaide_2026-07-26,1,False,False,False,0.12682144525432293,0.5571911041478416,False,False,False,all agree,0.10-0.20
2026,2026_R20_carlton_v_gold_coast_2026-07-25,1,True,True,True,0.21176235343335703,0.4640743817675847,True,True,True,all agree,0.20-0.35
2026,2026_R20_fremantle_v_west_coast_2026-07-24,1,False,False,False,0.16965822157608246,0.5421438811270692,False,False,False,all agree,0.10-0.20
2026,2026_R20_greater_western_sydney_v_sydney_2026-07-25,1,True,True,True,0.13491096220394716,0.6146204231342063,True,True,True,all agree,0.10-0.20
2026,2026_R20_hawthorn_v_essendon_2026-07-25,2,True,True,False,0.1331142938611925,0.44696793883871444,True,True,False,2 vs 1,0.10-0.20
2026,2026_R20_melbourne_v_geelong_2026-07-24,1,True,True,True,0.0473602769049315,0.3034534112785005,True,True,True,all agree,<0.10
2026,2026_R20_north_melbourne_v_st_kilda_2026-07-26,1,True,True,True,0.06553054364830813,0.9770766467254749,True,True,True,all agree,<0.10
2026,2026_R20_western_bulldogs_v_richmond_2026-07-25,1,True,True,True,0.14184135041719603,0.6745953212661417,True,True,True,all agree,0.10-0.20
2026,2026_R21_carlton_v_brisbane_lions_2026-08-01,1,False,False,False,0.07419171653107431,0.5243770987408458,False,False,False,all agree,<0.10
2026,2026_R21_collingwood_v_geelong_2026-07-30,1,True,True,True,0.01587385340276526,0.4756589521952917,True,True,True,all agree,<0.10
2026,2026_R21_essendon_v_adelaide_2026-08-02,2,False,False,False,0.2545595539543706,0.45135409097894374,False,False,False,2 vs 1,0.20-0.35
2026,2026_R21_fremantle_v_western_bulldogs_2026-07-31,1,False,False,False,0.053335073859429205,0.4098184422497866,False,False,False,all agree,<0.10
2026,2026_R21_gold_coast_v_melbourne_2026-08-02,1,True,True,True,0.11183350972813921,0.32687451247878,True,True,True,all agree,0.10-0.20
2026,2026_R21_hawthorn_v_north_melbourne_2026-08-01,1,True,True,True,0.15555728581097572,0.7945432364065653,True,True,True,all agree,0.10-0.20
2026,2026_R21_port_adelaide_v_greater_western_sydney_2026-08-01,1,False,False,False,0.08230755211758772,0.31072740467000187,False,False,False,all agree,<0.10
2026,2026_R21_richmond_v_west_coast_2026-08-02,1,True,True,True,0.06032879343986797,0.7259553906039357,True,True,True,all agree,<0.10
2026,2026_R21_st_kilda_v_sydney_2026-08-01,1,True,True,True,0.1229021658546553,0.644268372498915,True,True,True,all agree,0.10-0.20
2026,2026_R22_adelaide_v_richmond_2026-08-08,1,True,True,True,0.05074417949637622,0.7299793312835479,True,True,True,all agree,<0.10
2026,2026_R22_brisbane_lions_v_hawthorn_2026-08-07,2,False,False,False,0.03618563978027356,0.380555308249031,False,False,False,2 vs 1,<0.10
2026,2026_R22_geelong_v_essendon_2026-08-08,1,True,True,True,0.1439282059696878,0.8977297676804362,True,True,True,all agree,0.10-0.20
2026,2026_R22_greater_western_sydney_v_gold_coast_2026-08-09,1,True,True,True,0.20603817390896084,0.9151302979183992,True,True,True,all agree,0.20-0.35
2026,2026_R22_melbourne_v_fremantle_2026-08-08,1,True,True,True,0.049402061034505174,0.6727213477062491,True,True,True,all agree,<0.10
2026,2026_R22_st_kilda_v_carlton_2026-08-09,2,False,False,False,0.1164945744286393,0.18649495429362908,False,False,False,2 vs 1,0.10-0.20
2026,2026_R22_sydney_v_port_adelaide_2026-08-08,1,True,True,True,0.14952698081954197,0.7236746048572086,True,True,True,all agree,0.10-0.20
2026,2026_R22_west_coast_v_collingwood_2026-08-09,1,True,True,True,0.17099806700055986,0.7651082178398226,True,True,True,all agree,0.10-0.20
2026,2026_R22_western_bulldogs_v_north_melbourne_2026-08-06,1,True,True,True,0.030777168344582218,0.8237832113072638,True,True,True,all agree,<0.10
2026,2026_R23_brisbane_lions_v_gold_coast_2026-08-15,1,True,True,True,0.09659991272892055,0.7453368697888534,True,True,True,all agree,<0.10
2026,2026_R23_essendon_v_sydney_2026-08-16,2,True,True,False,0.49807795416410483,0.6126284952279996,True,False,True,2 vs 1,>0.35
2026,2026_R23_fremantle_v_adelaide_2026-08-14,2,True,True,False,0.17856526357338515,0.4545796654077357,True,False,True,2 vs 1,0.10-0.20
2026,2026_R23_greater_western_sydney_v_west_coast_2026-08-16,1,True,True,True,0.15019700913561135,0.5380304212514204,True,True,True,all agree,0.10-0.20
2026,2026_R23_hawthorn_v_collingwood_2026-08-15,1,True,True,True,0.18413876431885767,0.6949948649928475,True,True,True,all agree,0.10-0.20
2026,2026_R23_north_melbourne_v_geelong_2026-08-15,1,True,True,True,0.11800152410926529,0.4830078607232906,True,True,True,all agree,0.10-0.20
2026,2026_R23_port_adelaide_v_melbourne_2026-08-15,2,True,True,False,0.09426838149905628,0.27678456456310846,False,True,True,2 vs 1,<0.10
2026,2026_R23_richmond_v_st_kilda_2026-08-15,1,True,True,True,0.27531710133025256,0.5944725549864674,True,True,True,all agree,0.20-0.35
2026,2026_R23_western_bulldogs_v_carlton_2026-08-16,1,True,True,True,0.10869582633094155,0.5056678805589352,True,True,True,all agree,0.10-0.20
2026,2026_R24_adelaide_v_greater_western_sydney_2026-08-22,1,True,True,True,0.14673091323854126,0.9215876538776352,True,True,True,all agree,0.10-0.20
2026,2026_R24_carlton_v_fremantle_2026-08-22,1,False,False,False,0.050134400790751044,0.38149457651505553,False,False,False,all agree,<0.10
2026,2026_R24_collingwood_v_brisbane_lions_2026-08-21,2,True,True,False,0.1935924088825549,0.5203932580556798,False,True,True,2 vs 1,0.10-0.20
2026,2026_R24_essendon_v_port_adelaide_2026-08-23,1,True,True,True,0.06487135405158406,0.5787062278309726,True,True,True,all agree,<0.10
2026,2026_R24_geelong_v_richmond_2026-08-22,1,True,True,True,0.11230016563321121,0.8611267054251387,True,True,True,all agree,0.10-0.20
2026,2026_R24_melbourne_v_western_bulldogs_2026-08-22,2,False,False,False,0.4790865310895091,0.4643328454847435,False,False,False,2 vs 1,>0.35
2026,2026_R24_st_kilda_v_gold_coast_2026-08-20,3,False,True,False,0.022249642403030373,0.24868868633702088,True,False,False,all differ,<0.10
2026,2026_R24_sydney_v_north_melbourne_2026-08-23,1,True,True,True,0.11811636048288243,0.9078091168352191,True,True,True,all agree,0.10-0.20
2026,2026_R24_west_coast_v_hawthorn_2026-08-23,1,True,True,True,0.2051198661778545,0.33567080863013127,True,True,True,all agree,0.20-0.35
2026,2026_R2_adelaide_v_western_bulldogs_2026-03-20,2,False,True,False,0.09470709578367964,0.300933247498592,True,False,True,2 vs 1,<0.10
2026,2026_R2_fremantle_v_melbourne_2026-03-21,1,True,True,True,0.2007881196113831,0.5867363545803281,True,True,True,all agree,0.20-0.35
2026,2026_R2_greater_western_sydney_v_st_kilda_2026-03-21,2,False,True,False,0.1111129217522363,0.2995153508408085,False,True,False,2 vs 1,0.10-0.20
2026,2026_R2_hawthorn_v_sydney_2026-03-19,1,True,True,True,0.14378484631920618,0.598730122996473,True,True,True,all agree,0.10-0.20
2026,2026_R2_port_adelaide_v_essendon_2026-03-22,1,True,True,True,0.2432550849526991,0.7624625853757124,True,True,True,all agree,0.20-0.35
2026,2026_R2_richmond_v_gold_coast_2026-03-21,2,False,True,False,0.11799231661479775,0.3445669679610999,False,True,False,2 vs 1,0.10-0.20
2026,2026_R2_west_coast_v_north_melbourne_2026-03-22,2,False,False,False,0.15545967956961496,0.28423034269387387,False,False,False,2 vs 1,0.10-0.20
2026,2026_R3_carlton_v_melbourne_2026-03-29,1,True,True,True,0.060793399053827635,0.6347692653420619,True,True,True,all agree,<0.10
2026,2026_R3_collingwood_v_greater_western_sydney_2026-03-27,1,True,True,True,0.07042011287385996,0.8565396776529269,True,True,True,all agree,<0.10
2026,2026_R3_essendon_v_north_melbourne_2026-03-28,2,False,False,False,0.18889722096724498,0.27210636699530294,False,False,False,2 vs 1,0.10-0.20
2026,2026_R3_fremantle_v_richmond_2026-03-28,1,True,True,True,0.10800774262111135,0.7585660017718965,True,True,True,all agree,0.10-0.20
2026,2026_R3_geelong_v_adelaide_2026-03-26,1,True,True,True,0.08642916618682528,0.8213597686268933,True,True,True,all agree,<0.10
2026,2026_R3_port_adelaide_v_west_coast_2026-03-29,1,False,False,False,0.06464677323980944,0.3957038952438183,False,False,False,all agree,<0.10
2026,2026_R3_st_kilda_v_brisbane_lions_2026-03-28,2,True,True,False,0.06824026581018156,0.38211613289953045,True,False,True,2 vs 1,<0.10
2026,2026_R4_adelaide_v_fremantle_2026-04-03,1,True,True,True,0.1473729376668539,0.5489769004383082,True,True,True,all agree,0.10-0.20
2026,2026_R4_brisbane_lions_v_collingwood_2026-04-02,1,True,True,True,0.07847415516484757,0.6538137802496319,True,True,True,all agree,<0.10
2026,2026_R4_hawthorn_v_geelong_2026-04-06,1,True,True,True,0.06863742547208213,0.45730749618497746,True,True,True,all agree,<0.10
2026,2026_R4_melbourne_v_gold_coast_2026-04-05,3,True,True,False,0.15693553370680885,0.3395859422948248,True,False,False,all differ,0.10-0.20
2026,2026_R4_north_melbourne_v_carlton_2026-04-03,2,True,True,False,0.05928603248720024,0.22111938382830496,True,True,False,2 vs 1,<0.10
2026,2026_R4_richmond_v_port_adelaide_2026-04-04,1,True,True,True,0.20166572265342547,0.508560286766856,True,True,True,all agree,0.20-0.35
2026,2026_R4_west_coast_v_sydney_2026-04-04,2,True,True,False,0.3332994079511812,0.5226400257670862,True,False,True,2 vs 1,0.20-0.35
2026,2026_R4_western_bulldogs_v_essendon_2026-04-05,1,False,False,False,0.0359700070234758,0.47300030462139825,False,False,False,all agree,<0.10
2026,2026_R5_adelaide_v_carlton_2026-04-09,1,True,True,True,0.10943304480218463,0.7633880041436932,True,True,True,all agree,0.10-0.20
2026,2026_R5_collingwood_v_fremantle_2026-04-10,1,False,False,False,0.19444895296068476,0.45894827196247606,False,False,False,all agree,0.10-0.20
2026,2026_R5_essendon_v_melbourne_2026-04-11,1,False,False,False,0.06375293849489327,0.626147341820099,False,False,False,all agree,<0.10
2026,2026_R5_geelong_v_west_coast_2026-04-12,1,True,True,True,0.20824046391080597,0.6822412006664867,True,True,True,all agree,0.20-0.35
2026,2026_R5_greater_western_sydney_v_richmond_2026-04-12,1,True,True,True,0.022146365451581884,0.5988280602650619,True,True,True,all agree,<0.10
2026,2026_R5_hawthorn_v_western_bulldogs_2026-04-11,1,True,True,True,0.07653530613266729,0.3515195509998017,True,True,True,all agree,<0.10
2026,2026_R5_north_melbourne_v_brisbane_lions_2026-04-11,1,True,True,True,0.052171380296023195,0.7136156844036515,True,True,True,all agree,<0.10
2026,2026_R5_port_adelaide_v_st_kilda_2026-04-12,1,True,True,True,0.116221653171935,0.6610281173146622,True,True,True,all agree,0.10-0.20
2026,2026_R5_sydney_v_gold_coast_2026-04-11,1,True,True,True,0.08362423478734304,0.8803116327644802,True,True,True,all agree,<0.10
2026,2026_R6_adelaide_v_st_kilda_2026-04-18,2,False,False,False,0.0702066916758276,0.24573575209099374,False,False,False,2 vs 1,<0.10
2026,2026_R6_carlton_v_collingwood_2026-04-16,1,True,True,True,0.11088107777997946,0.8758082227845683,True,True,True,all agree,0.10-0.20
2026,2026_R6_geelong_v_western_bulldogs_2026-04-17,1,True,True,True,0.10777039433168933,0.8988416137861585,True,True,True,all agree,0.10-0.20
2026,2026_R6_gold_coast_v_essendon_2026-04-18,2,False,False,False,0.23276731265451311,0.3557649084106707,False,False,False,2 vs 1,0.20-0.35
2026,2026_R6_hawthorn_v_port_adelaide_2026-04-18,1,False,False,False,0.1566390565743151,0.5745890903455763,False,False,False,all agree,0.10-0.20
2026,2026_R6_melbourne_v_brisbane_lions_2026-04-19,1,True,True,True,0.0578094479924966,0.4749428837321939,True,True,True,all agree,<0.10
2026,2026_R6_north_melbourne_v_richmond_2026-04-19,1,True,True,True,0.22560670289783802,0.7234173430198273,True,True,True,all agree,0.20-0.35
2026,2026_R6_sydney_v_greater_western_sydney_2026-04-17,1,True,True,True,0.2983760194012704,0.5967285262634158,True,True,True,all agree,0.20-0.35
2026,2026_R6_west_coast_v_fremantle_2026-04-19,1,False,False,False,0.06575809727948706,0.40386591258676746,False,False,False,all agree,<0.10
2026,2026_R7_brisbane_lions_v_adelaide_2026-04-26,1,False,False,False,0.19251418272842524,0.5869909104393319,False,False,False,all agree,0.10-0.20
2026,2026_R7_essendon_v_collingwood_2026-04-25,1,True,True,True,0.16583911675352592,0.5934692928953326,True,True,True,all agree,0.10-0.20
2026,2026_R7_fremantle_v_carlton_2026-04-25,1,True,True,True,0.12343991164671075,0.7115629155583479,True,True,True,all agree,0.10-0.20
2026,2026_R7_greater_western_sydney_v_north_melbourne_2026-04-26,1,True,True,True,0.09908993869092853,0.36809088851297433,True,True,True,all agree,<0.10
2026,2026_R7_hawthorn_v_gold_coast_2026-04-25,1,False,False,False,0.09478308785997114,0.44347965818180685,False,False,False,all agree,<0.10
2026,2026_R7_port_adelaide_v_geelong_2026-04-25,1,True,True,True,0.05613856029010644,0.6040027280580424,True,True,True,all agree,<0.10
2026,2026_R7_richmond_v_melbourne_2026-04-24,1,True,True,True,0.12029641556236215,0.8613752316880624,True,True,True,all agree,0.10-0.20
2026,2026_R7_st_kilda_v_west_coast_2026-04-26,2,False,True,False,0.210995531830314,0.435929255155183,False,True,False,2 vs 1,0.20-0.35
2026,2026_R7_western_bulldogs_v_sydney_2026-04-23,1,True,True,True,0.06564098944013119,0.9003265361242884,True,True,True,all agree,<0.10
2026,2026_R8_adelaide_v_port_adelaide_2026-05-01,1,True,True,True,0.087775660347782,0.4935874594139003,True,True,True,all agree,<0.10
2026,2026_R8_carlton_v_st_kilda_2026-05-02,1,False,False,False,0.11437522044919868,0.6121040431441852,False,False,False,all agree,0.10-0.20
2026,2026_R8_collingwood_v_hawthorn_2026-04-30,2,False,True,False,0.1755531147829137,0.4050530567462745,False,True,False,2 vs 1,0.10-0.20
2026,2026_R8_essendon_v_brisbane_lions_2026-05-02,1,True,True,True,0.0544671498421358,0.37264235805303775,True,True,True,all agree,<0.10
2026,2026_R8_geelong_v_north_melbourne_2026-05-02,1,True,True,True,0.14071419880970204,0.5995108944059889,True,True,True,all agree,0.10-0.20
2026,2026_R8_gold_coast_v_greater_western_sydney_2026-05-03,1,True,True,True,0.0667466050616255,0.43444213244309654,True,True,True,all agree,<0.10
2026,2026_R8_sydney_v_melbourne_2026-05-03,2,False,True,False,0.14864168061841443,0.3233831836307719,True,True,False,2 vs 1,0.10-0.20
2026,2026_R8_west_coast_v_richmond_2026-05-02,1,False,False,False,0.21394277225993746,0.5023756261903087,False,False,False,all agree,0.20-0.35
2026,2026_R8_western_bulldogs_v_fremantle_2026-05-01,1,False,False,False,0.22823125953592616,0.4492206091227177,False,False,False,all agree,0.20-0.35
2026,2026_R9_brisbane_lions_v_carlton_2026-05-08,1,True,True,True,0.1269668110718991,0.618741698997869,True,True,True,all agree,0.10-0.20
2026,2026_R9_fremantle_v_hawthorn_2026-05-07,2,True,True,False,0.20101048864698592,0.27069515216272294,False,True,True,2 vs 1,0.20-0.35
2026,2026_R9_geelong_v_collingwood_2026-05-09,1,True,True,True,0.0690088842665133,0.9180523498096181,True,True,True,all agree,<0.10
2026,2026_R9_gold_coast_v_st_kilda_2026-05-09,2,False,True,False,0.0915118165044525,0.23843219480691671,False,True,False,2 vs 1,<0.10
2026,2026_R9_greater_western_sydney_v_essendon_2026-05-09,2,False,False,False,0.19266473680959378,0.30627502308267623,False,False,False,2 vs 1,0.10-0.20
2026,2026_R9_melbourne_v_west_coast_2026-05-10,1,False,False,False,0.12293610758595142,0.5827830378191873,False,False,False,all agree,0.10-0.20
2026,2026_R9_north_melbourne_v_sydney_2026-05-09,1,True,True,True,0.1233860246360462,0.4974895526437857,True,True,True,all agree,0.10-0.20
2026,2026_R9_port_adelaide_v_western_bulldogs_2026-05-08,1,True,True,True,0.08837187762688631,0.42913261983574597,True,True,True,all agree,<0.10
2026,2026_R9_richmond_v_adelaide_2026-05-10,1,True,True,True,0.06635087970805731,0.6136902154585694,True,True,True,all agree,<0.10
