player_id,player_name,team_id,A_historical,A_with_reputation,B_recent_era,C_stats_assisted,D_high,D_low,D_medium,FINAL_ENSEMBLE,structural_break_sensitivity,model_disagreement_range,reputation_effect
12943,Nick Daicos,collingwood,46.8329563623483,47.31985889554584,47.75624693102549,47.06613639766326,47.056193429176,47.04500758962783,47.04997907387146,47.23048644657416,0.2331800353149589,0.9232905686771886,0.4869025331975436
12692,Bailey Smith,geelong,35.218443656383684,38.0576031640675,35.80042690190038,35.48673721470248,35.417731421630364,35.340099904424214,35.37460280096028,35.49251355832686,0.26829355831879553,0.581983245516696,2.839159507683817
12269,Marcus Bontempelli,western_bulldogs,25.20636267794614,28.360733241944047,26.129087892653246,26.78441546915794,26.61661468131765,26.42783879499732,26.511739188917467,26.678840186627813,1.5780527912117996,1.5780527912117996,3.154370563997908
13034,Harry Sheezel,north_melbourne,22.637177833328852,23.061670292701706,23.605660049547467,24.898245692191118,25.385066797629435,25.93274054124754,25.68932998852838,25.928494074092484,2.2610678588622655,3.2955627079186876,0.4244924593728534
12698,Zak Butters,port_adelaide,19.466913082295257,19.560542367618,19.423609480139216,23.96576064765399,24.853678456087952,25.852585990576152,25.408627086359175,25.42700626638576,4.498847565358734,6.428976510436936,0.09362928532274495
12261,Patrick Cripps,carlton,23.855038126369678,24.722431020099954,25.08694247915119,23.963354819199846,24.58145356901105,25.276814662548656,24.967765287643054,25.18519518792053,0.10831669283016865,1.421776536178978,0.8673928937302762
13040,Will Ashcroft,brisbane_lions,24.97719230340668,23.60370930903764,25.317564121231047,24.352893150255273,24.65247219871851,24.98949862823965,24.839709104008033,24.90736737079576,0.6242991531514086,0.9646709709757744,-1.3734829943690414
12326,Isaac Heeney,sydney,22.534504382743265,21.634192243185545,23.991705655854354,23.89523821284868,23.774366628854565,23.638386096861183,23.69882188885824,23.99229585125221,1.360733830105417,1.4572012731110888,-0.9003121395577196
12055,Lachie Neale,brisbane_lions,23.598742871157462,24.13728427486235,23.82066441652731,23.18088114407555,23.431125779445164,23.71265099423599,23.58752867655118,23.635222631263012,0.41786172708191316,0.639783272451762,0.5385414037048868
12798,Izak Rankine,adelaide,21.05495661836898,21.3907454895841,20.828444354940697,20.630108113036492,20.82466793369778,21.043547731941715,20.946267821611077,20.9037355643879,0.42484850533248775,0.42484850533248775,0.3357888712151187
12516,Jordan Dawson,adelaide,20.293417999585326,21.762274856741264,20.579094755709708,20.938841587066943,20.74751619299644,20.53227512466712,20.627937821702375,20.68528508959712,0.6454235874816163,0.6454235874816163,1.468856857155938
11966,Max Gawn,melbourne,19.342370006285783,20.964663336827915,16.434528374417024,20.098360913055878,19.80289437827425,19.470494526644913,19.61822779403573,19.036683383783817,0.7559909067700943,3.6638325386388537,1.6222933305421314
12771,Kysaiah Pickett,melbourne,18.913010939880774,18.348197324807654,18.9943788759573,18.954132828376466,18.945366758727847,18.93550493037315,18.93988796519746,18.956532462928994,0.04112188849569165,0.08136793607652493,-0.5648136150731204
12915,Jai Newcombe,hawthorn,18.59464822405036,18.462077723979725,18.567637609641366,18.488937764047833,18.57529942893989,18.672456301943463,18.62927546949743,18.621086561397874,0.10571046000252693,0.18351853789562966,-0.13257050007063498
12605,Ed Richards,western_bulldogs,18.11512186656811,16.790004733856023,18.055364151070503,18.298901744342604,18.3855924381376,18.483119468656962,18.43977412175947,18.42561490755305,0.18377987777449434,0.4277553175864597,-1.3251171327120872
12797,Chad Warner,sydney,14.358265027991798,15.329139336709327,14.946832267464739,15.319044116177029,15.071045579768256,14.792047226308377,14.916046494512766,15.039248569589029,0.9607790881852303,0.9607790881852303,0.9708743087175282
12786,Caleb Serong,fremantle,14.20978261805958,15.651532093557266,14.919968037621675,14.657668856605504,14.483329142930044,14.287196965045153,14.374366821882884,14.516770260244293,0.4478862385459248,0.7101854195620962,1.4417494754976872
12410,Clayton Oliver,greater_western_sydney,13.745551578215036,10.578799704300257,15.286177280852895,14.09016094094567,14.143588444951483,14.203694386958032,14.176980634955122,14.490472879866394,0.344609362730635,1.5406257026378594,-3.1667518739147784
12862,Errol Gulden,sydney,14.361927803251378,14.601324264287857,14.395603033328879,14.424284098749002,14.428819139069278,14.433921059429592,14.431653539269451,14.439249011265025,0.062356295497624004,0.07199325617821373,0.23939646103647938
12881,Max Holmes,geelong,14.182598259944346,14.155145436100318,14.182140073690546,14.337574317137697,14.281031749346873,14.217421360582184,14.245692644477602,14.245969417499893,0.15497605719335183,0.15543424344715184,-0.027452823844027918
12535,Shai Bolton,fremantle,13.672733666225493,11.756237585761536,14.281487449548317,13.352087588449145,13.48074113647521,13.625476378004532,13.561149603991499,13.682996714436062,0.3206460777763489,0.9293998610991725,-1.9164960804639577
12217,Brodie Grundy,sydney,13.39125815279503,13.194819067240207,11.395021300991958,13.102716753868972,13.242882370772396,13.400568689788727,13.330485881337024,12.929970846569287,0.2885413989260588,2.005547388796769,-0.19643908555482348
12779,Luke Jackson,fremantle,12.330991831998695,13.800847370374457,11.800252567100529,13.707843485645672,13.15762427035167,12.538627653145921,12.813737260792921,12.707644978761763,1.3768516536469768,1.907590918545143,1.4698555383757625
12767,Noah Anderson,gold_coast,12.245182911301832,14.512849931235332,12.176604721099523,12.777877805710606,12.729835213732088,12.675787297756262,12.69980859374552,12.687149625853234,0.5326948944087739,0.6012730846110834,2.2676670199334996
11845,Jack Gunston,hawthorn,12.587341106096686,12.417133948289413,13.733708238377524,12.188144860722522,12.347954695601343,12.527740759840018,12.447835842400607,12.677124402924925,0.39919624537416354,1.545563377655002,-0.17020715780727258
12684,Sam Walsh,carlton,11.618386450107181,12.344853658329091,12.137380802821253,12.611960331454975,12.320745039440565,11.993127835924353,12.138735481931558,12.24438138135384,0.9935738813477943,0.9935738813477943,0.7264672082219104
13111,Harley Reid,west_coast,11.335917327514592,10.692326505521077,12.038522175516954,11.73032025705699,11.646941761927831,11.55314095490753,11.594830202472108,11.747900184811295,0.3944029295423981,0.7026048480023626,-0.6435908219935147
12430,Christian Petracca,gold_coast,11.27631069351183,10.679525359590412,12.198892571455152,11.309549365283582,11.354772218382935,11.405647928119713,11.383036501570034,11.569600640411423,0.03323867177175188,0.9225818779433226,-0.5967853339214173
13193,Max Hall,st_kilda,10.235993557025926,9.495213482199008,10.222888635672142,11.820890919483707,11.640358362160185,11.437259235171224,11.527525513832986,11.52601447574166,1.584897362457781,1.5980022838115655,-0.7407800748269189
12610,Zac Bailey,brisbane_lions,11.322778675797974,10.25847282040194,11.592686220756725,11.248844331767021,11.360961958564586,11.487094288711853,11.431035475313069,11.482412447937602,0.07393434403095256,0.34384188898970436,-1.064305855396034
13048,Jacob van Rooyen,melbourne,11.403920453820191,11.314389934269546,11.564721766572823,11.319305425532002,11.35562408002716,11.396482566334216,11.378323239086635,11.410660661648244,0.08461502828818901,0.245416341040821,-0.08953051955064595
12589,Andrew Brayshaw,fremantle,10.92585413624154,11.964977950244066,10.817725180405594,11.868602202112472,11.493565125189646,11.071648413651475,11.259166952112883,11.237732237665778,0.9427480658709317,1.050877021706878,1.0391238140025258
13125,Hugo Garcia,st_kilda,7.835303313411173,7.144775715751647,7.931225818825807,10.834081604650688,10.57647954519865,10.28667722831511,10.415478258041128,10.460121240570444,2.998778291239515,2.998778291239515,-0.6905275976595258
12411,George Hewett,carlton,10.291844764403113,11.142132042323126,10.470903013035768,10.248648604202074,10.342563300820881,10.44821733451704,10.401259986207638,10.43740595817653,0.043196160201038225,0.22225440883369352,0.8502872779200139
12421,Charlie Curnow,sydney,10.479263337863571,10.00006611977771,10.935897535789243,9.897138546545666,10.135896540065668,10.404499282775674,10.28512028601567,10.37701891619784,0.5821247913179057,1.0387589892435773,-0.47919721808586146
12025,Toby Greene,greater_western_sydney,10.109488854106432,10.980195836368297,10.784454945379721,9.316791721155381,9.648182973072238,10.020998131478706,9.855302505520276,9.99137444047949,0.7926971329510515,1.4676632242243404,0.8707069822618649
12693,Tom Sparrow,melbourne,9.545489421250863,8.835415576520191,10.042228111101629,9.831770861976297,9.72441520321329,9.6036400871049,9.657317916486408,9.756836717049367,0.2862814407254337,0.4967386898507655,-0.7100738447306725
12969,Finn Callaghan,greater_western_sydney,9.336480300964086,10.959198257481443,9.124993885200512,10.213046974699573,9.88208003922737,9.509742236821138,9.67522570455724,9.63284035217838,0.8765666737354874,1.088053089499061,1.6227179565173575
13104,Shaun Mannagh,geelong,9.503860563694777,9.419557791718828,9.54682081787961,9.327330982656184,9.401563542353463,9.485075172012904,9.447958892164264,9.45691013469193,0.17652958103859362,0.2194898352234258,-0.08430277197594904
12983,Jye Amiss,fremantle,9.4996552026021,9.273094337727336,9.536967898336425,9.167484417192403,9.301424293254192,9.452106653823703,9.385136715792811,9.392667150694455,0.332170785409696,0.3694834811440213,-0.226560864874763
12241,Zach Merrett,essendon,9.391452530681857,9.356758433447666,8.845379183199373,9.27257707156399,9.33155107700106,9.397896833117764,9.36840983039923,9.260425717958803,0.11887545911786646,0.552517649918391,-0.03469409723419048
12768,Matt Rowell,gold_coast,8.810999058399732,10.445165742265573,9.063825318894349,8.490023848082798,8.845142765630893,9.244651547872499,9.067092089098452,9.12326129899263,0.3209752103169343,0.754627699789701,1.6341666838658409
12887,Josh Treacy,fremantle,9.239851416380443,8.605126671755375,9.272208930131534,8.515652368659808,8.805727052598503,9.132061072029531,8.987023730060185,8.993572283846335,0.724199047720635,0.7565565614717258,-0.6347247446250677
12060,Bradley Hill,st_kilda,5.7275038887216,5.428123996914152,5.722092308170379,8.264108327438592,8.618339252373914,9.016849042926154,8.839733580458493,8.841078254592572,2.536604438716992,3.294756734755775,-0.2993798918074475
12782,Lachie Ash,greater_western_sydney,8.035889039051739,8.443513922656791,7.513244816329325,8.975663168517578,8.755570680090317,8.50796663060965,8.618012874823279,8.506765192456342,0.9397741294658388,1.4624183521882523,0.40762488360505245
12331,Touk Miller,gold_coast,8.622480188609517,8.163564193636704,8.479812114383993,8.252508637814907,8.40350933614157,8.57338512175907,8.497884772595738,8.469775315039238,0.3699715507946095,0.3699715507946095,-0.45891599497281277
12564,Rowan Marshall,st_kilda,6.086209563717264,5.87201008468294,5.960661765951229,7.54087179452823,7.789517416319242,8.069243740834132,7.9449209299386245,7.9370523456287,1.4546622308109658,2.1085819748829033,-0.21419947903432401
13137,Logan Morris,brisbane_lions,7.818974761311853,7.9371738761227615,7.827638433592439,7.648781551979724,7.718792726295364,7.797555297400464,7.7625497102426415,7.764438413876361,0.17019320933212967,0.17885688161271496,0.11819911481090806
12504,Tim Taranto,richmond,7.775120123920334,8.722797403920179,7.649901385427365,7.504578799083012,7.615213023103667,7.739676525126887,7.684359413116568,7.659728243176299,0.2705413248373221,0.2705413248373221,0.9476772799998452
12743,John Noble,gold_coast,7.255597375179789,6.948839320449645,6.607369700882671,7.752454069043143,7.5570096387033345,7.3371346545710665,7.434856869740964,7.305280572273871,0.4968566938633536,1.1450843681604717,-0.3067580547301443
13105,Nick Watson,hawthorn,6.631964580479555,5.944087431880628,7.150394432872379,7.243341200173017,7.179123615914456,7.106878833623574,7.138987625752855,7.236954062434321,0.6113766196934618,0.6113766196934618,-0.6878771485989272
12699,Nick Blakey,sydney,6.777423480999497,6.927571978042807,6.60233779374855,7.105463499454308,7.040028934229812,6.966415048352251,6.9991323309645,6.956777802078508,0.32804001845481157,0.5031257057057585,0.15014849704331024
12167,Jake Stringer,greater_western_sydney,6.6180789196738425,6.530971490825689,6.709365234567551,6.813370230099926,6.795324398113908,6.775022837129638,6.784045753122648,6.799916209661984,0.19529131042608316,0.19529131042608316,-0.08710742884815392
12849,Sam Berry,adelaide,6.483338888111643,5.846921733625289,6.436402621132664,7.073006630468009,6.866221275364749,6.633587750873573,6.736980428425208,6.729665022755142,0.5896677423563661,0.6366040093353451,-0.6364171544863533
12954,Connor Macdonald,hawthorn,6.854278491021145,6.313217407411181,6.671546499323133,6.169411554598075,6.444488546534577,6.753950162463144,6.616411666494892,6.57997736008725,0.6848669364230702,0.6848669364230702,-0.5410610836099643
12974,Oliver Dempsey,geelong,6.567876351939032,5.952791874131574,6.717743654167026,6.42425079677613,6.48375285186852,6.550692663847444,6.520941636301257,6.551226327249076,0.14362555516290154,0.2934928573908957,-0.615084477807458
12373,Caleb Daniel,north_melbourne,5.7492915108755005,5.74748041883642,5.486946366596414,6.491050779288012,6.5450282948128224,6.605752999778232,6.578764242015827,6.529319303724986,0.7417592684125118,1.1188066331818174,-0.0018110920390803642
13180,Murphy Reid,fremantle,6.617550429632119,5.846264023976381,6.643713183151118,6.050775247106784,6.2780437065157795,6.533720723350906,6.420086493646406,6.425344406328276,0.5667751825253351,0.5929379360443345,-0.7712864056557382
12455,Matthew Kennedy,western_bulldogs,5.914614511001413,5.2456496579009135,5.921933439686286,6.482066872401397,6.324352550447891,6.1469239382502,6.225781099226952,6.225413462459305,0.567452361399984,0.567452361399984,-0.6689648531004995
12953,Josh Rachele,adelaide,6.084909929913039,5.663866759185646,6.443751883954089,5.93971317260127,6.011785635776425,6.092867156848469,6.056830925260893,6.129624318077762,0.1451967573117683,0.5040387113528189,-0.4210431707273923
13129,Patrick Voss,fremantle,6.110553802329485,6.217975252906155,6.138905643629702,6.108248277743508,6.109387577589206,6.110669289915616,6.110099639992767,6.115784342843993,0.0023055245859771034,0.030657365886193944,0.10742145057666974
12573,Josh Daicos,collingwood,6.1205587898145275,6.448344137355177,6.0116902441483075,5.719978342168661,5.916069440598461,6.136671926331979,6.038626377117082,6.017669013095368,0.40058044764586676,0.41669358416331814,0.32778534754064914
12237,Jarman Impey,hawthorn,5.80769333485127,6.327016329228516,5.393546557754019,6.45466762353854,6.212842067095043,5.940788316096111,6.061701094317859,5.978193948860494,0.6469742886872698,1.061121065784521,0.5193229943772462
12968,Kai Lohmann,brisbane_lions,5.887287347301138,5.861784461714451,6.0012945936763264,6.024698831695975,5.973034654378688,5.91491245489674,5.940744543555383,5.963804569155818,0.1374114843948373,0.1374114843948373,-0.025502885586687007
12788,Tristan Xerri,north_melbourne,5.8339112796706605,5.492907261962518,4.3411690699829,5.946198687792333,6.031327627707494,6.127097685112051,6.08453321515447,5.784256251994008,0.1122874081216727,1.7859286151291505,-0.34100401770814237
13168,Archie Roberts,essendon,5.845907050266952,5.446520557040875,5.831653326409728,5.622438198613846,5.719662475650407,5.8290397873165345,5.780427648798255,5.777798418098388,0.22346885165310582,0.22346885165310582,-0.39938649322607667
12143,Lachie Whitfield,greater_western_sydney,5.046298060763569,4.730131410781299,5.076011501067473,5.629550203130461,5.709428458510505,5.7992914958130575,5.759352368123035,5.739448821292417,0.5832521423668924,0.7529934350494889,-0.31616664998226973
12368,Jack Steele,melbourne,5.655899090341415,4.916767455668639,5.644321607369135,5.65299246802248,5.654914148915662,5.657076039920491,5.6561151994739,5.6538716445040675,0.002906622318935348,0.012754432551355777,-0.7391316346727761
12766,Mitch Georgiades,port_adelaide,3.986828484479423,3.900055465458139,4.0135393187831765,5.439485549114062,5.576458635455863,5.730553357590387,5.662066814419488,5.645346237166752,1.4526570646346393,1.7437248731109642,-0.08677301902128365
13274,Jagga Smith,carlton,5.503814569277017,0.0,5.416996593034181,5.363064337017532,5.441202158020304,5.529107206648423,5.490038296147036,5.472613914927237,0.14075023225948513,0.16604286963089088,-5.503814569277017
12711,Justin McInerney,sydney,5.420910260833372,4.823930151633187,5.6545090433219904,5.376769492356327,5.40283450250427,5.432157638920698,5.41912513384673,5.465851646377148,0.04414076847704518,0.2777395509656637,-0.5969801092001852
12660,Darcy Cameron,collingwood,5.37332484365872,5.206108458077412,4.513697546092253,5.790648120421977,5.628182848882056,5.445409418399652,5.52664205416961,5.354933482862088,0.4173232767632573,1.2769505743297245,-0.16721638558130802
11713,Taylor Walker,adelaide,5.130817275042407,5.028488494914704,5.319631436246964,5.017683764353216,5.086065306349172,5.162994541094646,5.128803770096657,5.1688502505082745,0.11313351068919086,0.30194767189374794,-0.10232878012770286
11953,Luke Parker,north_melbourne,4.051938550939241,3.741559315668192,3.960793168916065,5.054162170014315,5.010660651429222,4.961721443020992,4.983472202313538,4.967640609734982,1.0022236190750746,1.0933690010982504,-0.3103792352710486
12017,Jeremy Cameron,geelong,4.78610251916131,4.858606753974621,5.032338816288551,4.828666581307322,4.813001793448681,4.7953789071077075,4.80321130103703,4.852572879491569,0.04256406214601238,0.2462362971272407,0.07250423481331136
12318,Jordan de Goey,collingwood,4.495464304297475,4.228863282504822,4.649954395004312,4.7901752777746855,4.759885418846603,4.725809327552501,4.740954257016546,4.7730003323953785,0.2947109734772102,0.2947109734772102,-0.26660102179265355
12405,Wayne Milera,adelaide,4.524834811642452,4.141077947213811,4.535036224173731,4.908043806529546,4.803730796738537,4.68637866072365,4.738535165619155,4.738501496586884,0.38320899488709426,0.38320899488709426,-0.38375686442864154
12975,Paul Curtis,north_melbourne,3.5294706566993943,3.5061669723219837,3.523461358856352,4.360926207718185,4.568535086061324,4.802095074197356,4.698290635025786,4.692295849050996,0.8314555510187907,1.2786337153410043,-0.023303684377410594
12892,Riley Thilthorpe,adelaide,4.3373596052617245,4.663866926927036,4.5062562409129665,4.392486555040349,4.402513898045224,4.413794658925715,4.408780987423275,4.444007565864405,0.0551269497786242,0.16889663565124202,0.3265073216653116
4182,Scott Pendlebury,collingwood,4.4478559177317605,4.324415761775222,4.383189321714954,4.067398647472537,4.220073424672112,4.3918325490216334,4.315495160421847,4.302673847706088,0.3804572702592237,0.3804572702592237,-0.12344015595653879
12354,Bailey Dale,western_bulldogs,4.020849760883188,4.015199654467008,3.809691683575561,4.513977833638751,4.350027371190511,4.165583100936241,4.247558332160362,4.20588847717967,0.4931280727555629,0.7042861500631896,-0.005650106416180023
12584,Darcy Fogarty,adelaide,3.489770713520403,3.4181399783570963,3.639762810363872,3.960736784391065,4.089990666338838,4.235401283530081,4.170774342556196,4.198550592323025,0.470966070870662,0.7456305700096779,-0.07163073516330654
12594,Aaron Naughton,western_bulldogs,4.208190766674766,4.30115319418991,4.2843055334883795,4.089608276726461,4.138573905766063,4.193660238435614,4.169177423915813,4.184567310550121,0.118582489948305,0.19469725676191807,0.09296242751514328
13007,Jase Burgoyne,port_adelaide,3.5043251018543353,3.4207000019566562,3.4083803361493326,4.529805826690629,4.307345739592133,4.057078141606324,4.168308185155571,4.150145612470423,1.025480724836294,1.1214254905412968,-0.08362509989767908
12927,Jack Ginnivan,hawthorn,4.0153097176323,3.6503468118409605,4.174143374615711,3.7939727427923438,3.890400837301882,3.9988824436251127,3.950668396370344,3.982857312161978,0.22133697483995585,0.3801706318233671,-0.36496290579133905
12955,Josh Ward,hawthorn,3.8424195841680677,3.815370609457225,3.9304461448654067,3.9781041818010023,3.92545143661763,3.8662170982863384,3.892543470878024,3.910304385321595,0.1356845976329346,0.1356845976329346,-0.027048974710842888
12992,Shannon Neale,geelong,3.7534241074425427,3.534952712643586,4.292924800539234,3.7039632378038014,3.7243652707585753,3.747317557832693,3.737116541355307,3.8450600045690306,0.0494608696387413,0.5889615627354328,-0.21847139479895672
12469,Blake Hardwick,hawthorn,3.639228380955922,3.617538665709667,3.782425050996781,3.779628688977767,3.7324001299416296,3.6792680010259753,3.702882280544044,3.731111290879337,0.140400308021845,0.1431966700408589,-0.02168971524625496
12325,Jack Sinclair,st_kilda,3.1649151286589827,3.1051405213856365,3.2904579353991306,3.601379877829602,3.6455186095655048,3.6951746827683953,3.673105316900444,3.708748727958831,0.4364647491706193,0.5302595541094126,-0.05977460727334627
12728,Ben King,gold_coast,3.627254115529237,3.6968208387720303,4.051421896241463,3.537078351786081,3.573184064583356,3.613802991480291,3.595750135081653,3.6805904223968056,0.09017576374315617,0.5143435444553819,0.06956672324279323
12796,Dylan Stephens,north_melbourne,3.0904241171711564,3.121497078639328,2.588770360356796,3.8439516435527357,3.7457847760997804,3.6353470502152043,3.684430483941682,3.579616360764506,0.7535275263815793,1.2551812831959395,0.031072961468171734
12600,Liam Ryan,st_kilda,2.3411303572154574,2.3693497180870517,2.38910366074104,3.0316383599092886,3.2784902919714476,3.556198715541376,3.4327727495102978,3.4510523963329374,0.6905080026938313,1.2150683583259188,0.02821936087159438
12703,Callum Wilkie,st_kilda,2.6666586899332647,2.563149181445877,2.374575936595896,3.952105192027277,3.673490784533176,3.360049576102312,3.499356779849363,3.440960532780149,1.2854465020940125,1.5775292554313811,-0.1035095084873876
12406,Darcy Parish,essendon,3.28412820229306,2.9027213738261604,3.4801757802170497,3.1037256228707992,3.1812277514347813,3.26841764606926,3.2296665817872694,3.269634119855908,0.1804025794222608,0.3764501573462504,-0.38140682846689966
12794,Will Day,hawthorn,3.164023868815582,3.330190085406272,3.324973160284725,3.355970245357482,3.279810954539954,3.1941317523702355,3.232211397778999,3.264401461096105,0.19194637654190005,0.19194637654190005,0.16616621659068986
12636,Mitch Lewis,hawthorn,3.1968779157830762,3.2253288578916024,3.202386374846375,3.089855750992033,3.1603234570207226,3.239599626302999,3.204365773288654,3.203971303523277,0.1070221647910432,0.1497438753109659,0.028450942108526167
12756,Kade Chandler,melbourne,3.225881380928185,3.1903796521157046,3.28337590278818,2.9016064459639144,3.0321168715618962,3.1789411003596255,3.1136858875606346,3.125250897499153,0.32427493496427084,0.3817694568242658,-0.03550172881248059
12934,James Peatling,adelaide,3.1904976078210416,2.908793791312196,3.064561828284243,2.9795446781037507,3.0765961323986737,3.185779018480461,3.137253291333,3.113169871438601,0.21095292971729096,0.21095292971729096,-0.2817038165088457
12332,James Sicily,hawthorn,3.032948222679717,3.429189819063551,2.7657945575297287,3.384471963873243,3.2454896236043336,3.0891344908018112,3.1586256609362655,3.1053710152022447,0.3515237411935259,0.6186774063435143,0.3962415963838337
12076,Dayne Zorko,brisbane_lions,2.940823481516244,3.0459892001730955,2.845749099278932,3.169005498356572,3.098648078752608,3.0194959816981513,3.0546746915001317,3.0347256021762505,0.22818201684032768,0.32325639907764003,0.10516571865685131
12601,Jake Waterman,west_coast,2.998219961750766,3.068067692241833,2.9569535261633595,2.752526935805753,2.9301841274951363,3.130048468145692,3.0412198723010007,3.028249320067019,0.24569302594501297,0.377521532339939,0.06984773049106696
12595,Tim Kelly,west_coast,2.84823536951922,2.7398811536741063,2.8145558410340947,3.097339676192944,3.058239005385085,3.0142507507262444,3.0338010861301736,3.028113896241173,0.24910430667372419,0.2827838351588494,-0.10835421584511362
12890,Jordon Sweet,port_adelaide,2.3940041666082235,2.3308223041211797,1.8421776255880862,3.2142637870604616,3.153475822194226,3.0850893617197093,3.115483344152828,2.975651736262525,0.8202596204522381,1.3720861614723754,-0.06318186248704372
13110,Darcy Wilson,st_kilda,2.124324395797962,1.9404234767473474,2.0934703456475963,3.023571293698101,2.945107468913687,2.8568356660312215,2.8960675784234287,2.885798029043171,0.8992468979001389,0.9301009480505047,-0.18390091905061468
12844,Joel Amartey,sydney,2.858199114915817,2.8692286092806163,2.882035263285731,2.7721045500221124,2.8068002975202284,2.845833013455607,2.8284851397065496,2.8332690642565415,0.08609456489370437,0.1099307132636187,0.011029494364799497
12688,Jordan Clark,fremantle,2.9264921774148585,2.8169387585193015,2.8771411106484073,2.686394037865335,2.782485310444099,2.8905879920952104,2.842542355805828,2.8326804423406764,0.24009813954952364,0.24009813954952364,-0.10955341889555692
12686,Noah Balta,richmond,2.8923023017131104,3.048964055338881,2.6571548554858797,2.8513983360318083,2.867881560381759,2.8864251877754543,2.878183575600479,2.8311595847721067,0.04090396568130217,0.23514744622723072,0.1566617536257704
13184,Harvey Langford,melbourne,2.7457194421672204,2.7504497087221287,2.6303163041572275,3.0134251841002127,2.9066836056873453,2.78659932997287,2.8399701191793034,2.816899032714389,0.26770574193299224,0.38310887994298515,0.004730266554908269
11700,Patrick Dangerfield,geelong,2.8502126171180278,2.893965141108356,2.6566938923402033,2.6992966715251807,2.761687130417411,2.8318763966711678,2.800681167225054,2.7620215999965274,0.15091594559284705,0.1935187247778245,0.04375252399032803
12563,Nick Larkey,north_melbourne,2.4841373785610648,2.4170200788856695,2.945033026356237,2.714416114536913,2.661832151919671,2.602675193975274,2.6289671752838952,2.733780068931342,0.23027873597584803,0.46089564779517245,-0.06711729967539526
12710,Dylan Moore,hawthorn,2.642150909717834,2.7537204410680443,2.507453597779928,2.577125884282884,2.6058259952658713,2.6381136201217323,2.623763564630239,2.5970030878330412,0.06502502543495003,0.1346973119379058,0.1115695313502103
12566,Harry McKay,carlton,2.455855944919924,3.3514762034233683,2.436849374035889,2.664888064295821,2.59707807445361,2.520791835881124,2.554696830802229,2.5510274775083492,0.20903211937589683,0.22803869025993206,0.8956202585034441
13140,Joel Freijah,western_bulldogs,2.5263933866165273,2.437608836135233,2.3848143396604176,2.605016993960538,2.5859148733341644,2.5644249876294953,2.573976047942682,2.545730940128672,0.07862360734401053,0.22020265430012032,-0.0887845504812943
12925,Sam Durham,essendon,2.488669255185687,2.409693409724537,2.2194079578070727,2.6378033381743418,2.6050431642878586,2.5681879686655655,2.584568055608807,2.531468613218004,0.14913408298865471,0.4183953803672691,-0.07897584546115022
13103,Ryley Sanders,western_bulldogs,2.619722656113589,2.2781660294975885,2.5685547704847465,2.287782800116903,2.4243477863595944,2.5779833958826233,2.509700902761277,2.4999360027935236,0.3319398559966862,0.3319398559966862,-0.3415566266160006
12519,Jarrod Berry,brisbane_lions,2.4310731175000466,2.4851668422162705,2.167645660705194,2.656595236204022,2.586614272366364,2.507885688049006,2.5428761699678315,2.4900097479093075,0.22552211870397532,0.488949575498828,0.05409372471622387
12931,Jake Bowey,melbourne,2.388283655851231,2.3348018913016935,2.3232396939557445,2.344739220480125,2.3636595678190955,2.384944958575439,2.375484784905953,2.3624775759302534,0.04354443537110608,0.06504396189548656,-0.05348176454953757
12502,Jy Simpkin,north_melbourne,1.9293337322877528,1.871088459433148,1.9080623023194432,2.5192587750867994,2.4194613541102377,2.3071892555116063,2.3570879659998867,2.350020416480649,0.5899250427990466,0.6111964727673562,-0.05824527285460479
13107,Colby McKercher,north_melbourne,1.7265006631968487,1.98693762676591,1.5971720815302726,2.3799754580651715,2.3803454914835553,2.3807617790792364,2.380576762370045,2.344403115248997,0.6534747948683228,0.7835896975489638,0.2604369635690613
12165,Rory Laird,adelaide,2.438145401404104,2.426066521599906,2.3427466640148586,2.151910287694887,2.277068549764857,2.417871594593571,2.3552924635585875,2.3365220234443864,0.28623511370921717,0.28623511370921717,-0.012078879804198195
13026,Darcy Wilmot,brisbane_lions,2.264741013623905,2.3594913420616592,2.1043159922709647,2.5237566763117742,2.421470267616363,2.3063980578340355,2.3575412621817367,2.325577893899632,0.25901566268786924,0.4194406840408096,0.09475032843775422
12412,Tom Papley,sydney,2.361688203367751,2.2445395535782966,2.0489290101860607,2.201811424755807,2.28924968734562,2.3876177327591557,2.343898601464251,2.2802057186771,0.15987677861194394,0.338688722573095,-0.1171486497894545
13240,Tom McCarthy,west_coast,1.9989104837626988,2.151075211094897,1.8330277586355779,2.3357580800902027,2.322521861345251,2.3076311152571827,2.3142492246296573,2.271703831756032,0.33684759632750394,0.5027303214546248,0.15216472733219844
13041,Bodhi Uwland,gold_coast,2.311381291319048,2.169124727046961,2.1336260066054122,2.28690238199069,2.298494626491638,2.3115359015552044,2.3057397793047305,2.2700884910718946,0.024478909328357723,0.17790989494979215,-0.142256564272087
11898,Tom Liberatore,western_bulldogs,2.3146811921890627,2.1617524254998055,2.260907500260239,2.167285403941051,2.2349171303668256,2.311002822595823,2.2771869593829352,2.2672291746674453,0.1473957882480117,0.1473957882480117,-0.15292876668925715
12497,Oliver Florent,carlton,2.1061884926237897,2.13254611306047,1.956231470406837,2.384875132976592,2.317595015657223,2.241904883672935,2.275544942332618,2.244255303055522,0.27868664035280233,0.42864366256975495,0.026357620436680218
13139,Joe Richards,port_adelaide,1.9503973231067984,1.9115404306313053,1.6423308462326984,2.2813512804266782,2.2824213123488164,2.2836250982612225,2.2830900823001534,2.2265597021530494,0.33095395731987987,0.6412942520285241,-0.038856892475493066
13075,Karl Worner,fremantle,2.0233080705012525,1.9905366867646042,1.7871849241039643,2.5673324827518966,2.3497665111681822,2.1050047931365046,2.2137877789283613,2.1665697744201298,0.5440244122506441,0.7801475586479323,-0.03277138373664834
12836,Bailey Williams,west_coast,2.2379484481833885,2.2720860087134542,1.9125792383259708,2.1526634271168943,2.1928613502019223,2.2380840136725926,2.217985052130073,2.152876821246346,0.08528502106649416,0.3255047753466218,0.03413756053006578
12433,Aliir Aliir,port_adelaide,1.4299940184771773,1.44070095776347,1.5081625867562864,2.3955054688757773,2.1887021874739685,1.9560484958969317,2.059450136597837,2.0847267842402895,0.9655114503986,0.9655114503986,0.010706939286292627
13160,Lawson Humphries,geelong,2.013618525056345,1.9157323328290874,1.7453225400647412,2.335095861633189,2.2071590955462224,2.063230233698376,2.1271986167418637,2.073574428481227,0.32147733657684396,0.589773321568448,-0.0978861922272578
12871,Tanner Bruhn,geelong,2.123364050740627,2.1821980414479545,1.8698770540010727,2.0547697906997757,2.085226070203185,2.119489384644518,2.1042612448928146,2.0535132478296907,0.06859426004085112,0.2534869967395541,0.058833990707327644
12903,Malcolm Rosas,sydney,2.0388969236350043,2.1866877776013887,2.192190972697636,1.9792637149193872,2.0041998373123926,2.0322529750045235,2.019784913808021,2.0505291648775095,0.05963320871561706,0.2129272577782486,0.14779085396638436
12028,Stephen Coniglio,greater_western_sydney,1.6937039667368996,1.749589226566067,1.6868540233129763,1.9444360836029522,1.9979765310410689,2.0582095344089506,2.0314393106898923,2.0255947192590114,0.25073211686605257,0.3713555110959743,0.05588525982916748
12873,Francis Evans,carlton,1.9397678862762997,2.3920215645628886,2.045219102264559,2.0220474201724183,1.9958803403402667,1.9664423755290967,1.9795259154451723,2.000905997409322,0.08227953389611864,0.10545121598825924,0.4522536782865889
12598,Bayley Fritsch,melbourne,2.015608168484199,1.9398756288220738,2.2940014438790364,1.7661214505578278,1.8662123658839795,1.9788146456259004,1.9287691879628246,1.9844948196067667,0.24948671792637112,0.5278799933212086,-0.07573253966212512
12495,Dan Houston,collingwood,1.8195715174097722,1.8006752399071124,1.6850016520018205,2.1707860757907387,2.0457113907023428,1.9050023699778902,1.967539712522091,1.93832960831658,0.3512145583809665,0.4857844237889182,-0.018896277502659764
12418,Jayden Short,richmond,1.946254829464114,1.8635250401548027,1.6161501369356945,2.0695846382947733,2.0240919437061606,1.9729126622939706,1.9956590095882774,1.9295393699325512,0.12332980883065936,0.4534345013590788,-0.0827297893093113
12609,Jack Higgins,st_kilda,1.443294506876352,1.4288395182558136,1.4508598288001375,1.8446024144623263,1.886012156241144,1.932598115742313,1.9118932448529047,1.9135317733544992,0.40130790758597423,0.489303608865961,-0.014454988620538511
12291,Daniel McStay,collingwood,1.8665713147287184,1.8310752878085452,1.695347329251418,1.9457779277388347,1.9150074395226657,1.8803906402794777,1.8957758843875614,1.8615630947508977,0.07920661301011633,0.25043059848741667,-0.035496026920173174
12150,Ollie Wines,port_adelaide,1.6532409195306041,1.6827732744742976,1.6555382816595619,1.8180847984968753,1.838322723918876,1.861090390018626,1.850971427307626,1.8509328000885803,0.16484387896627117,0.20784947048802183,0.02953235494369344
12948,Mitch Owens,st_kilda,1.5018424807770794,1.5445653284239333,1.558132030164897,1.9306281475245637,1.8669883081034209,1.7953934887546343,1.8272134084652059,1.8280165280863403,0.4287856667474843,0.4287856667474843,0.04272284764685397
12937,Brodie Kemp,carlton,1.8335765452038295,2.2777418291359077,1.8902022996806762,1.6519938073905724,1.739221461390353,1.8373525721401054,1.7937387451402156,1.804953448635242,0.18158273781325707,0.23820849229010377,0.4441652839320782
13047,Matthew Johnson,fremantle,1.8193171480083905,1.8059583899859595,1.6755942189676538,1.7604233616639902,1.7840604514307787,1.8106521774184152,1.7988336325350212,1.7700971891459802,0.058893786344400345,0.1437229290407367,-0.013358758022431028
12690,Tom Atkins,geelong,1.725429524456845,1.6405126767645386,1.7561521233890662,1.8176154935466577,1.7812358379935544,1.7403087254963112,1.7584985532728639,1.7647289187219348,0.0921859690898128,0.0921859690898128,-0.08491684769230634
12408,Josh Dunkley,brisbane_lions,1.7937079642265024,1.913416141487295,1.7977548611218273,1.675253818106584,1.7265540382514262,1.784266785914377,1.7586166758419546,1.7598940383481658,0.11845414611991845,0.12250104301524334,0.11970817726079264
12393,Ed Langdon,melbourne,1.6833222247256912,1.6484963619452782,1.5930075468837421,1.8880336545883434,1.806258892886077,1.7142622859710281,1.755149666822161,1.7370974313426,0.20471142986265223,0.29502610770460125,-0.034825862780413
13197,Levi Ashcroft,brisbane_lions,1.8874227195074533,1.8131258362632379,1.7226383167211334,1.4489179603191042,1.6293407224774672,1.8323163299056267,1.7421049488264448,1.7090609117876154,0.4385047591883491,0.4385047591883491,-0.07429688324421546
12653,Harry Petty,melbourne,1.6534475378002553,1.6228566005210066,1.9354564029378705,1.634296502461146,1.6419821481235295,1.6506284994937106,1.646785676662519,1.703193233291611,0.019151035339109335,0.3011599004767245,-0.030590937279248775
12061,Jack Crisp,collingwood,1.6115974163339577,1.515184124876249,1.647237217891568,1.79886331249832,1.7282340698462362,1.6487761718626406,1.684090793188683,1.6912180196817062,0.1872658961643623,0.1872658961643623,-0.09641329145770872
12300,Tim Membrey,collingwood,1.691494804103371,1.8921417091605697,1.5422817872629964,1.7222979923207014,1.7128785830736721,1.7022817476707628,1.706991452294278,1.677247686852984,0.030803188217330302,0.180016205057705,0.20064690505719862
12851,Oliver Henry,geelong,1.622016587452651,1.5810933775210472,1.6001021544200897,1.746256743175354,1.6966525358524698,1.6408478026142181,1.6656499062756631,1.6612787886777836,0.12424015572270286,0.14615458875526421,-0.04092320993160392
13031,Cam Mackenzie,hawthorn,1.737506075084406,1.7632884262359159,1.6480952543953364,1.5366674117634938,1.6190044984439491,1.7116337209594625,1.6704651776192343,1.652472425263856,0.20083866332091227,0.20083866332091227,0.02578235115150984
12417,Marc Pittonet,carlton,1.6936215362681515,1.7449930478759188,1.49754762459922,1.547046741258104,1.621386680561833,1.7050191122785285,1.6678491426266642,1.627295544668666,0.14657479501004755,0.20747148767930845,0.05137151160776732
12518,Hugh McCluggage,brisbane_lions,1.4467923670099685,2.1497864209295927,1.463663574416306,1.6845493020245526,1.603217306369313,1.5117188112571691,1.5523848090847887,1.554714553299173,0.23775693501458406,0.23775693501458406,0.7029940539196242
12505,Tom Stewart,geelong,1.4734998131322439,1.3277519706274674,1.3553336531914368,1.6999279057672871,1.6137664793567057,1.5168348746447973,1.5599155878500899,1.5358758347157286,0.22642809263504327,0.3445942525758503,-0.14574784250477646
12498,Ben Ainsworth,carlton,1.5383700547209616,1.674802914405245,1.2720425214588014,1.535094039608675,1.5460467265216702,1.55836849929879,1.5528921558422923,1.498537557738933,0.00327601511228659,0.2863259778399887,0.13643285968428343
12967,Marcus Windhager,st_kilda,1.0501907250909577,0.9862287639578619,1.0800027048417433,1.5547815098265467,1.486065609423078,1.4087602214691748,1.4431181716709096,1.4511291944682168,0.504590784735589,0.504590784735589,-0.06396196113309582
12485,Mabior Chol,hawthorn,1.384073081172381,1.3547776794908035,1.4166932444639344,1.509289915585884,1.460936860919909,1.4065396744206882,1.4307162017536752,1.4370965675850593,0.12521683441350318,0.12521683441350318,-0.029295401681577404
11905,Jack Darling,north_melbourne,1.2498079084792144,1.272056669901338,1.4016991353089632,1.4395280318486394,1.4113051803710819,1.379554472458829,1.3936658981976082,1.426410271292494,0.189720123369425,0.189720123369425,0.02224876142212362
13148,Nate Caddy,essendon,1.423544951948772,1.4789621937807318,1.4505537779368176,1.3205025098545744,1.369257974080722,1.4241078713351374,1.399730139222064,1.4057957335630402,0.10304244209419755,0.1300512680822432,0.05541724183195984
12509,Will Hayward,carlton,1.2681147890678168,1.3512952296020375,1.2541055810155803,1.472821176733014,1.419287302215457,1.3590616933832058,1.3858286306419842,1.3810241952722389,0.2047063876651971,0.2187155957174336,0.08318044053422069
12542,Luke Ryan,fremantle,1.3674313532350766,1.4157846297498247,1.2673199896885237,1.3607277775091486,1.3634498712243313,1.366512226653912,1.3651511797963207,1.3451330815526636,0.006703575725927946,0.10011136354655292,0.04835327651474808
12777,Hayden Young,fremantle,1.3466783821530826,1.4672841447377034,1.4675014678739828,1.2722268043487912,1.3020595900074343,1.3356214738734078,1.3207050810440863,1.3448714949575464,0.07445157780429135,0.19527466352519163,0.12060576258462086
12824,Sam Flanders,st_kilda,1.2626765681776937,1.1904952429091462,1.1441093434550142,1.3657971300698937,1.3563205045416489,1.3456593008223734,1.350397613586496,1.3284889090246277,0.10312056189219998,0.22168778661487942,-0.07218132526854748
12912,Josh Worrell,adelaide,1.1935773188783914,1.1349171834601102,1.2146411896077278,1.4665840334618296,1.3728342570086687,1.2673657584988616,1.3142406467254426,1.3182496804875412,0.2730067145834383,0.2730067145834383,-0.05866013541828119
12413,Callum Mills,sydney,1.1955242729239446,1.1606621412549087,1.1797373665600683,1.349827666220881,1.2990207404750371,1.24186294901096,1.2672664118838832,1.263828743817932,0.15430339329693643,0.17009029966081268,-0.034862131669035845
12558,Josh Battle,hawthorn,1.216229447057733,1.2242527456748014,1.2684953679295852,1.2904897459592353,1.2674377602726186,1.241504276375175,1.253030269218483,1.263348697566223,0.07426029890150221,0.07426029890150221,0.008023298617068297
12166,Jack Macrae,st_kilda,1.238519833005577,1.4712189781029485,1.2027850970175165,1.2316700278452979,1.2450570332135682,1.2601174142528724,1.2534239115687371,1.2457989976856014,0.006849805160279221,0.05733231723535592,0.23269914509737144
12403,Daniel Rioli,gold_coast,1.2524081773364788,1.2423978761144792,1.0435768886655301,1.2875908651713934,1.2739269669600821,1.258555081472358,1.265387030578013,1.2236411227361927,0.03518268783491463,0.24401397650586332,-0.01001030122199964
12441,Bailey Williams,western_bulldogs,1.2001117210171417,1.1551094195242555,1.0518653424713051,1.3360843192188132,1.282937882148229,1.2231481404438207,1.2497213589791132,1.2202809842261941,0.1359725982016715,0.28421897674750807,-0.0450023014928862
12929,Cooper Sharman,st_kilda,0.7463511329605435,0.7835876176134295,0.6914031253540378,1.4369939396732037,1.304289038315616,1.1549960242883306,1.2213484749671242,1.2030762476570627,0.6906428067126602,0.7455908143191659,0.03723648465288609
12567,Will Setterfield,essendon,1.1437814591511772,1.114743158163575,1.092914334766475,1.3256987712163746,1.2543808867336268,1.174148266690537,1.2098072089319103,1.1996306648064994,0.18191731206519735,0.23278443644989966,-0.029038300987602295
13101,Harvey Thomas,greater_western_sydney,1.1039642229638589,1.1081372533589002,1.1459043788310255,1.2260059937360792,1.1977028256571556,1.165861761568367,1.1800133456078288,1.188341473432579,0.12204177077222034,0.12204177077222034,0.004173030395041355
12357,Karl Amon,hawthorn,1.1552151086998952,1.157856201073767,1.1022271770733354,1.2134748907820305,1.1909716502052652,1.1656555045564048,1.176907124844787,1.166373838985786,0.058259782082135336,0.11124771370869513,0.0026410923738717784
12578,Patrick Lipinski,collingwood,1.1187401562976087,1.1372599829465067,1.0841344111564875,1.1188071495404688,1.1219312552317635,1.1254458741344662,1.1238838212888207,1.1170819493803177,6.699324286008057e-05,0.04131146297797872,0.018519826648897952
12434,Ben Keays,adelaide,1.092442346547656,1.1811088733457689,1.0906835309514302,1.0438289020846598,1.0683925861222603,1.0960267306645666,1.0837448886457637,1.0840440190085574,0.0486134444629962,0.052197828579906735,0.08866652679811282
11751,Steele Sidebottom,collingwood,1.03649273129838,1.185794248179227,0.9707939757624308,1.1688500801225266,1.121543744583272,1.0683241171016085,1.0919772848712368,1.0788393110392653,0.13235734882414651,0.1980561043600958,0.14930151688084692
13022,Jai Serong,sydney,1.0486331219505103,1.0645328813729333,0.9816508901196875,1.0770315274127678,1.0839431885405455,1.0917188073092934,1.0882629767454055,1.0738060617123188,0.02839840546225747,0.11006791718960585,0.015899759422423054
12998,Massimo DAmbrosio,hawthorn,1.0344036752262569,1.035731270768734,1.0123241049945957,1.1282776760119853,1.09266486676433,1.052600456360718,1.0704068609845456,1.066026434788007,0.09387400078572838,0.11595357101738957,0.001327595542477189
12801,Michael Frederick,fremantle,0.9878293729033321,0.9840640027337487,1.0218780575538966,1.1041424095505967,1.0576542909955642,1.0053551576211532,1.0285992168986693,1.0354129617628423,0.11631303664726467,0.11631303664726467,-0.0037653701695833375
12856,Lloyd Meek,hawthorn,1.0660268116694045,1.2382414243318707,0.7455314985328649,1.1381625457064837,1.109720323557131,1.0777228236391088,1.0919439347137854,1.0278387027299651,0.07213573403707918,0.39263104717361874,0.17221461266246618
12627,Tom McCartin,sydney,0.9886511501959911,0.9864255620447306,0.8805609078632378,1.1091797028826123,1.0615447309649964,1.0079553875576746,1.0317728735164844,1.010194335673208,0.1205285526866211,0.22861879501937443,-0.0022255881512605047
12664,Kane Farrell,port_adelaide,0.7611392209634329,0.7770527101951656,0.686256364525945,1.1827777661481476,1.084461690814701,0.9738561060645723,1.023014143731296,1.0095061095936837,0.42163854518471466,0.4965214016222026,0.015913489231732747
13292,Willem Duursma,west_coast,1.0001504876537648,0.0,0.9741093766431489,0.8881932826839467,0.9540795115595768,1.0282015190446612,0.995258404606846,0.9904895118425742,0.11195720496981809,0.14000823636071447,-1.0001504876537648
13195,Riley Bice,sydney,1.0077414399800735,1.0881363618297242,0.8462677899768789,1.0029792302385274,1.0127593166176068,1.0237619137940706,1.018871870604531,0.9862161295482995,0.004762209741546064,0.17749412381719165,0.08039492184965069
12714,James Rowbottom,sydney,0.9844709958806712,1.0145777438638284,1.0151994240619209,0.956110812170272,0.9694923615387716,0.984546604578334,0.977855829894084,0.9842082426506824,0.028360183710399167,0.05908861189164882,0.030106747983157156
12537,Tim English,western_bulldogs,0.9469209631458408,1.0585846506285186,0.6756632161171171,1.1772141377987788,1.0888675099738263,0.9894775536707547,1.033650867583231,0.979203477846389,0.23029317465293797,0.5015509216816617,0.11166368748267774
12695,Willem Drew,port_adelaide,0.6241070255195936,0.5585695992626181,0.6742653900998012,1.0681074548844536,0.9841195624435513,0.8896331834475353,0.9316271296679869,0.9498906948825117,0.44400042936485995,0.44400042936485995,-0.06553742625697556
12966,Neil Erasmus,fremantle,0.9251951929687617,0.8752475416438317,0.9890128467463518,0.9416486279045151,0.9353117422782448,0.9281827459486923,0.9313511887618267,0.944128244888327,0.016453434935753353,0.06381765377759008,-0.049947651324930065
12153,Mark Blicavs,geelong,0.9200465339004199,1.082419305377194,0.9553642799926002,0.9473451111279366,0.9378895181295213,0.9272519760063023,0.9319797725055107,0.939259550306085,0.027298577227516718,0.0353177460921803,0.1623727714767741
13187,Finn OSullivan,north_melbourne,0.7178463136317538,0.6897390510063073,0.6916716002644496,0.987345382612067,0.946709717158144,0.9009945935224806,0.921312426249442,0.914480975279014,0.2694990689803132,0.2956737823476173,-0.028107262625446494
12366,Peter Wright,essendon,0.8469474245886942,0.874961611778587,0.8382575826389491,0.9678661865686415,0.9278498575268165,0.8828314873547621,0.9028396518756752,0.9011571209997129,0.12091876197994733,0.12960860392969242,0.028014187189892792
12268,Jake Lloyd,sydney,0.8683288618838642,0.8729953983160799,0.8275139847887132,0.8642740284430245,0.8919395397188867,0.9230632399042307,0.9092304842663,0.8985927975228869,0.004054833440839678,0.09554925511551748,0.004666536432215707
13049,Bailey Humphrey,gold_coast,0.9067480436312167,0.8887984740720558,1.0207616895875027,0.8060209038479239,0.8468589336372784,0.8928017171503018,0.8723827022556246,0.8952089926863656,0.10072713978329284,0.21474078573957878,-0.01794956955916094
12674,Tom De Koning,st_kilda,0.6362577699441981,0.6803526736786121,0.6003823714659259,0.9114229549666276,0.8981061975265622,0.8831248454064886,0.8897832241265213,0.882734013367193,0.2751651850224295,0.31104058350070174,0.04409490373441394
12899,Nick Bryan,essendon,0.8500632672357815,1.0958664446557826,0.6509576143724571,0.9660551162810628,0.9207683792149665,0.8698208000156082,0.8924641685486564,0.8525416191250164,0.11599184904528126,0.31509750190860564,0.24580317742000113
12750,Connor Idun,greater_western_sydney,0.8076057667289075,0.8101759587060885,0.7622702995361361,0.8710645053438246,0.8528809515705679,0.8324244535756539,0.8415162304622823,0.8331464541596948,0.06345873861491713,0.1087942058076885,0.0025701919771810022
12810,Sam Draper,brisbane_lions,0.7216105259204334,0.7508192158595466,0.6889644015301909,0.849200477603419,0.8172000680405064,0.7811996072822327,0.7971998120636876,0.7905641459441979,0.1275899516829856,0.1602360760732281,0.029208689939113186
12177,Jarrod Witts,gold_coast,0.8926265401432977,0.9303196874869885,0.42375532310241104,0.8532351515390123,0.8692018198479958,0.8871643216956014,0.87918098754111,0.7853910843247306,0.03939138860428537,0.46887121704088663,0.03769314734369078
12276,Blake Acres,carlton,0.7439967640200568,0.7907696113890836,0.728853493230075,0.85131953435079,0.8084026188733037,0.760121088961132,0.781579546699875,0.7785532841122969,0.10732277033073323,0.12246604112071502,0.04677284736902687
12592,Cam Rayner,brisbane_lions,0.7404124266553497,0.7612077193326654,0.8360207193038504,0.7500699768546913,0.7556044572301958,0.7618307476526395,0.7590635074648867,0.7784626330295848,0.009657550199341669,0.09560829264850068,0.020795292677315724
12996,Daniel Turner,melbourne,0.7797084870262713,0.7871362973784719,0.67845683308145,0.8145492013701676,0.8007811956873001,0.785292189294074,0.7921761921355077,0.7719254104543103,0.03484071434389635,0.13609236828871762,0.007427810352200637
12087,Elliot Yeo,west_coast,0.7053415329067022,0.8564748845918052,0.8589037459209781,0.7189904510400311,0.723462993546986,0.7284946038673117,0.7262583326138337,0.7590179353839556,0.013648918133328913,0.15356221301427586,0.151133351685103
12778,Trent Rivers,melbourne,0.7357579064724081,0.7435205443245837,0.7380824930326412,0.795975074632939,0.772750052772393,0.7466219031792786,0.7582344141095517,0.7586469505861302,0.06021716816053091,0.06021716816053091,0.007762637852175569
13263,Cooper Trembath,north_melbourne,0.7413953145423953,0.0,0.5749735003852349,0.8535328595030846,0.8152063568009438,0.7720890412610351,0.7912522926121056,0.757352662962833,0.11213754496068928,0.2785593591178497,-0.7413953145423953
13122,Connor OSullivan,geelong,0.7162775738941198,0.6806122908231839,0.6263915454506365,0.826050081221185,0.7839849425747495,0.7366616615975095,0.7576942309207272,0.7395851959815122,0.10977250732706512,0.19965853577054848,-0.03566528307093597
12603,Adam Cerra,carlton,0.6780931420423977,0.7675910597464017,0.7077352508405317,0.7567009612022871,0.7377959553473172,0.7165278237604759,0.725980326687961,0.7328464865060232,0.07860781915988946,0.07860781915988946,0.08949791770400406
13065,Lachlan McAndrew,adelaide,0.7775149876518425,0.0,0.5451056224472525,0.7605865970566996,0.7711904596695952,0.7831198051091026,0.7778178738026549,0.7309736528724584,0.01692839059514284,0.23801418266185015,-0.7775149876518425
13117,Kane McAuliffe,richmond,0.6520651886610341,0.6845270336167121,0.6654268484698077,0.8458149137980029,0.7688236594162715,0.6822084982368237,0.7207041254276895,0.7233829132289694,0.19374972513696875,0.19374972513696875,0.03246184495567794
13036,Mattaes Phillipou,st_kilda,0.47413867039089996,0.4972329600457987,0.5114024382076979,0.7618053297423651,0.730803030101927,0.695925443006434,0.7114265928266531,0.7224449462695712,0.2876666593514652,0.2876666593514652,0.023094289654898736
12932,Brayden Cook,adelaide,0.6967243435128624,0.7153412246064663,0.703551697677857,0.7383825561103151,0.7275672315846439,0.7153999914932623,0.7208076537560986,0.722108406195966,0.041658212597452726,0.041658212597452726,0.018616881093603932
12619,James Worpel,geelong,0.7263501652563656,0.679847313205836,0.8021496237425338,0.6621179998946483,0.6883210622516458,0.7177995074032667,0.7046979762247685,0.7199586275247267,0.06423216536171739,0.1400316238478856,-0.04650285205052962
12458,Jack Silvagni,st_kilda,0.4257349898243668,0.4230438508706175,0.40295872429161406,0.8692696388101219,0.7793736901791724,0.6782407479693535,0.7231887222848286,0.718763908897341,0.44353464898575506,0.4663109145185078,-0.0026911389537492836
12374,Toby Nankervis,richmond,0.7622598473138203,0.779074102334918,0.594431341571352,0.7113813395774364,0.7321913657645835,0.7556026452251237,0.7451976321315503,0.7115932053399209,0.050878507736383916,0.16782850574246833,0.01681425502109768
12689,Gryan Miers,geelong,0.7174123036749752,0.7809534369625984,0.7316837565002472,0.6303574171564509,0.665679638528659,0.7054171375723932,0.6877560268862891,0.6907255684645152,0.08705488651852433,0.10132633934379631,0.06354113328762323
12700,Lachie Schultz,collingwood,0.6847552065185176,0.6774592077449952,0.7226699277428832,0.6570236013590197,0.6718831795213395,0.6886002049539441,0.6811704158727865,0.6890799147942969,0.027731605159497907,0.06564632638386347,-0.007295998773522383
12670,Conor Nash,hawthorn,0.6350282478417177,0.5673182860855129,0.6518859856887227,0.7475137565120927,0.7090032895118019,0.6656790141364746,0.68493424763662,0.6884752932238225,0.11248550867037499,0.11248550867037499,-0.0677099617562048
12656,Brent Daniels,greater_western_sydney,0.6116026937225614,0.591027274069381,0.6220594416851633,0.7025331933750268,0.6898499711155424,0.6755813460736222,0.6819229572033646,0.6820868566305354,0.09093049965246547,0.09093049965246547,-0.020575419653180327
12340,Harris Andrews,brisbane_lions,0.6542643598057861,0.7430246526427065,0.6213523846869234,0.7248502393296271,0.6995080165845833,0.6709980159964105,0.6836691273689317,0.6769835117394329,0.07058587952384099,0.10349785464270367,0.08876029283692033
12960,Nathan ODriscoll,fremantle,0.6548472870085483,0.6995151972982185,0.6384995412793387,0.7030870134177216,0.6837970815787077,0.662095908259817,0.6717408741793239,0.6684721641085585,0.04823972640917329,0.0645874721383829,0.04466791028967021
12394,Oscar McDonald,fremantle,0.7152099708871693,0.7106859226271757,0.5115574925721411,0.6602903524933071,0.6822587979008612,0.7069732989843593,0.6959890762805825,0.6552586090904439,0.05491961839386217,0.2036524783150282,-0.0045240482599936405
12952,Jake Soligo,adelaide,0.6502003338017613,0.7660977740941197,0.6954794158700421,0.5984992486205261,0.6221435197440012,0.6487433247579102,0.6369211891961728,0.6462103990844371,0.051701085181235285,0.09698016724951608,0.11589744029235838
13146,Edward Allan,collingwood,0.6102321808382397,0.6781882972074824,0.6231883372484283,0.6710394745939063,0.6481013290353143,0.6222959152818981,0.6337649880611943,0.6364253124155105,0.060807293755666625,0.060807293755666625,0.0679561163692427
13121,Ethan Read,gold_coast,0.6458236465075066,0.6912420379207121,0.6683489792749253,0.5788067406909677,0.6056192802607029,0.6357833872766545,0.6223771174917873,0.6268823381270298,0.06701690581653885,0.0895422385839576,0.04541839141320558
13278,Zeke Uwland,gold_coast,0.6412376572626406,0.0,0.5331626752358278,0.6258999960361123,0.6320351600693399,0.6389372196067202,0.6358696375901067,0.6142546577318564,0.015337661226528243,0.10807498202681276,-0.6412376572626406
12508,Nic Newman,carlton,0.5303810059878072,0.5489639114251662,0.5290551193067177,0.6429715209654466,0.6211132068684514,0.5965226035093317,0.6074517605578293,0.606116758497803,0.11259051497763939,0.11391640165872896,0.018582905437358965
12704,Jack Lukosius,port_adelaide,0.3526861925003327,0.3437199614385764,0.37948332764582826,0.7552799882451953,0.6535658410133247,0.5391374253774701,0.5899944989934055,0.5989401833867055,0.4025937957448626,0.4025937957448626,-0.008966231061756258
11967,Jeremy Howe,collingwood,0.5251629570344334,0.5473557721941462,0.5033536028430847,0.6450369430800378,0.6193522748140584,0.5904570230148283,0.6032993571478195,0.5970123642957219,0.1198739860456044,0.14168334023695306,0.02219281515971283
12951,Angus Sheldrick,sydney,0.5802515487784062,0.5519492006722081,0.5949723455192476,0.5712930242134223,0.5811071029035815,0.5921479414300095,0.5872409020849303,0.5900187085764625,0.008958524564983916,0.023679321305825285,-0.02830234810619814
13043,Tylar Young,west_coast,0.5904291899646561,0.7857257916241362,0.4794572715274732,0.5808212641489422,0.5864781953458273,0.5928422429423235,0.5900137773438806,0.5678927108501749,0.009607925815713902,0.11338497141485027,0.19529660165948015
12312,Mason Wood,st_kilda,0.39649959515617395,0.41026803413736856,0.38224020262431546,0.59987788142138,0.5759637365059892,0.5490603234761745,0.5610173959338699,0.5573186579462893,0.20337828626520604,0.21763767879706453,0.01376843898119462
13021,Sam Darcy,western_bulldogs,0.5935785822517679,0.5890892910164707,0.6306583845352224,0.45489773746957113,0.5103845967248175,0.57280731338697,0.5450638837593467,0.5524810046813666,0.13868084478219672,0.17576064706565125,-0.004489291235297177
12994,Matt Roberts,sydney,0.5223349854554563,0.5264573400909891,0.5062969413421424,0.5970351765580928,0.5679470126094789,0.5352228281672842,0.549766910141593,0.5465891022908734,0.07470019110263648,0.09073823521595037,0.004122354635532788
13054,Aaron Cadman,greater_western_sydney,0.5034807985483373,0.524022877356848,0.5406748111615598,0.5250719346103946,0.5254272422388714,0.525826963320908,0.5256493095066695,0.5328755979706228,0.021591136062057315,0.03719401261322253,0.020542078808510777
12861,Logan McDonald,sydney,0.4889252892723216,0.5019516309620772,0.49705535412689544,0.5656687980099878,0.541634553395552,0.5145960282043118,0.5266131505115297,0.5279973081262666,0.07674350873766622,0.07674350873766622,0.013026341689755583
12876,Beau McCreery,collingwood,0.5147263803171183,0.5827127214700097,0.5240342187194176,0.5440784641109153,0.5329551569277222,0.5204414363466301,0.5260030899382265,0.5279086882736951,0.029352083793797057,0.029352083793797057,0.06798634115289148
13099,Caleb Windsor,melbourne,0.5386965317376787,0.5719294373558335,0.5726152568033441,0.4661237217899526,0.49523003058308235,0.5279746279753517,0.5134214735787875,0.5202265772397588,0.07257280994772614,0.10649153501339154,0.03323290561815473
12933,Joel Jeffrey,gold_coast,0.48600177586750076,0.4904328033406305,0.4593550441364316,0.5605341681632228,0.5309152650810551,0.49759399911361657,0.5124034506547004,0.5070901303922466,0.074532392295722,0.10117912402679119,0.004431027473129734
12938,Charlie Comben,north_melbourne,0.36965776284272095,0.43035862173138,0.3489501030411564,0.6569114874164467,0.5670628608336187,0.4659831559279371,0.5109074692193512,0.5069318858036597,0.2872537245737257,0.30796138437529025,0.06070085888865906
13064,George Wardlaw,north_melbourne,0.39276939379488945,0.41464932178079017,0.4435554602475031,0.5207681882931853,0.5015104048259903,0.4798453984253962,0.4894742901589935,0.5017876136868272,0.12799879449829582,0.12799879449829582,0.021879927985900716
12863,Braeden Campbell,sydney,0.46417356473204663,0.4632371561070673,0.48019329541102007,0.5582764383578189,0.5209999802886358,0.47906396496080583,0.49770219399539695,0.5009476976310052,0.0941028736257723,0.0941028736257723,-0.0009364086249793457
13057,Josh Weddle,hawthorn,0.4595308401783793,0.5431459326005477,0.48474536964962395,0.5350680325438992,0.5083221524093513,0.478233037257985,0.49160597732525896,0.49662908192032074,0.07553719236551992,0.07553719236551992,0.08361509242216836
13072,Jaspa Fletcher,brisbane_lions,0.49105828969971005,0.543829669061587,0.46719574505676653,0.4940510023426655,0.4952630827041794,0.4966266731108831,0.4960206329301259,0.4912650524650066,0.002992712642955475,0.029430928054116567,0.05277137936187698
13100,Seth Campbell,richmond,0.5020711905972927,0.5466667155408531,0.5071333908669433,0.4599132715600617,0.4773120940278274,0.4968857693040629,0.4881863580701805,0.48921743214484104,0.042157919037230984,0.047220119306881636,0.04459552494356045
13212,Matt Carroll,carlton,0.4264245171808986,0.4320351052307504,0.4998036894183934,0.5538826142252912,0.5039316889094266,0.44773689792907956,0.47271236058701166,0.4874909930523259,0.1274580970443926,0.1274580970443926,0.005610588049851817
12910,Callum Brown,greater_western_sydney,0.4757791116232504,0.583252131616844,0.4886629093793637,0.4958724325855332,0.48872175621949,0.4806772453076914,0.484252583490713,0.48698923163271823,0.020093320962282835,0.020093320962282835,0.1074730199935936
12536,Harry Perryman,collingwood,0.4582220089788597,0.4738675086838888,0.4438442298768144,0.5251220038619402,0.4988313786776452,0.46925442534531026,0.4823997379374591,0.47956426381073375,0.06689999488308052,0.08127777398512581,0.015645499705029153
13123,Koltyn Tholstrup,melbourne,0.4597719675342626,0.4831776110812342,0.4378299213707879,0.5159286740775918,0.49389491735027163,0.46910694103203643,0.4801238193956965,0.47569237287708727,0.056156706543329216,0.07809875270680389,0.02340564354697161
12745,Hayden McLean,sydney,0.4464005808715853,0.4754118443796033,0.43304175546485124,0.44999747057972933,0.4638762044401083,0.47948978003303344,0.47255041310284457,0.46793620292564564,0.0035968897081440354,0.0464480245681822,0.029011263508018026
12351,Jake Lever,melbourne,0.4407980546012665,0.4579574159904138,0.42460682997384847,0.47326340218493945,0.46043561531993576,0.4460043550968067,0.4524182485293085,0.44918019326632014,0.03246534758367298,0.04865657221109099,0.01715936138914731
13132,Daniel Curtin,adelaide,0.4378847074929257,0.4767587160273305,0.39373147509362527,0.4708117175686729,0.4589278595670995,0.4455585193153299,0.45150044831611647,0.44271389529964933,0.03292701007574722,0.07708024247504763,0.038874008534404814
12404,Mitch McGovern,carlton,0.40637740022370583,0.4180503077643938,0.4703483938328658,0.4296294111482987,0.4288777939342003,0.42803222456833934,0.4284080331753886,0.4421522328334287,0.023252010924592892,0.06397099360915998,0.011672907540687949
12462,Harry Himmelberg,greater_western_sydney,0.4253680994755211,0.4304736231582738,0.40585906721408443,0.4269787178643264,0.43262006165749134,0.43896657342480216,0.4361459015282196,0.432359541144811,0.0016106183888052739,0.03310750621071773,0.005105523682752688
12521,Ben Long,gold_coast,0.49451339688756674,0.5032536778390194,0.42954477509872163,0.3449151340825242,0.4051468974249385,0.47290763118515505,0.4427917495139477,0.42982384356493575,0.14959826280504251,0.14959826280504251,0.008740280951452684
12371,Brayden Maynard,collingwood,0.3987953827721026,0.39897226443897316,0.42114818298758827,0.4645876822385138,0.43875666421033765,0.40969676892863904,0.4226122779427273,0.42716328654267677,0.06579229946641124,0.06579229946641124,0.00017688166687057638
13023,Ned Long,collingwood,0.40781710412866323,0.45905871769204226,0.46835073388576987,0.42084420849179976,0.41720446999079186,0.4131097641771575,0.41492963342766165,0.4270784444636527,0.013027104363136532,0.06053362975710663,0.05124161356337903
12652,Wil Powell,gold_coast,0.37809136324977594,0.3849499898715189,0.37363949550555875,0.5065042185147693,0.4556371451830228,0.3984116876848098,0.4238452243506822,0.42300698026829076,0.1284128552649934,0.1328647230092106,0.006858626621742969
13156,Logan Evans,port_adelaide,0.2962885056594538,0.3151845871653717,0.3056927450151314,0.43767787288275206,0.42400193533182734,0.4086165055870368,0.41545447436249927,0.4196079983972103,0.14138936722329826,0.14138936722329826,0.018896081505917872
12544,Brennan Cox,fremantle,0.4405377833070672,0.4792560280369089,0.39665409937547597,0.38671757893595166,0.40826191285016694,0.4324992885036593,0.42172712154655156,0.4129529565091715,0.053820204371115565,0.053820204371115565,0.0387182447298417
12889,Zach Reid,essendon,0.4039948657864338,0.43525153765907987,0.33739858950089524,0.46203132763828303,0.4398020959863867,0.4147942103780034,0.4259088262039515,0.41263104413730123,0.05803646185184924,0.12463273813738779,0.03125667187264608
12875,Heath Chapman,fremantle,0.4033854146454158,0.4084569345922461,0.39690170983967515,0.4325056813357069,0.4208993665635755,0.4078422624449279,0.4136454198309935,0.4123532315146371,0.029120266690291108,0.03560397149603173,0.005071519946830305
13190,Sam Lalor,richmond,0.3670528128089281,0.3632032692341406,0.4056067469436058,0.4395588395189245,0.41201269410416935,0.38102328051256984,0.3947963532199474,0.40271256342461337,0.0725060267099964,0.0725060267099964,-0.003849543574787506
13019,Mac Andrew,gold_coast,0.38057389959566956,0.38773034696363334,0.3812331841136938,0.42671499271945085,0.4085145522426406,0.3880390567062293,0.3971392769446343,0.3972983948804331,0.046141093123781285,0.046141093123781285,0.007156447367963781
12557,Cameron Zurhaar,north_melbourne,0.30357425938351823,0.33444069763637946,0.27696734380428234,0.45960089899132833,0.42291278264270626,0.38163865175050704,0.3999827099248178,0.3935851911198815,0.1560266396078101,0.182633555187046,0.030866438252861228
12661,Liam Baker,west_coast,0.35263996025242705,0.4118947629559871,0.3808624175698769,0.3926660732939784,0.38184323557059396,0.3696675431317867,0.37507896199347884,0.38113238448166126,0.04002611304155135,0.04002611304155135,0.05925480270356004
11894,Ryan Lester,brisbane_lions,0.34322274667349406,0.33724318886665594,0.3412745467825084,0.41284152379754985,0.386604911509418,0.3570887226852698,0.3702070288293356,0.36984542708591633,0.06961877712405579,0.07156697701504144,-0.0059795578068381205
12579,Harry Morrison,hawthorn,0.36926940733441904,0.3726092455424699,0.3884088958329145,0.3529551374307932,0.35949284272644644,0.36684776118405654,0.3635789085362298,0.367409534909717,0.016314269903625833,0.03545375840212128,0.003339838208050838
13033,Judd McVee,fremantle,0.3605485923737378,0.3756900402419559,0.34342394065781456,0.364188299307374,0.3628295416274495,0.3613009392375346,0.3619803180774968,0.3585621131467043,0.0036397069336361887,0.020764358649559445,0.015141447868218083
12091,Nick Haynes,carlton,0.32832491448854756,0.37988961343495853,0.33493551378663555,0.39350687022133857,0.37068290513725066,0.34500594441765176,0.3564179269596957,0.3578068317267078,0.06518195573279101,0.06518195573279101,0.05156469894641097
12597,Esava Ratugolea,port_adelaide,0.22295960951919716,0.27181777222247683,0.2225404042956194,0.4104578544054905,0.3760559212728746,0.3373537464986816,0.35455471306498965,0.355156471630175,0.18749824488629332,0.1879174501098711,0.04885816270327967
11820,Jake Melksham,melbourne,0.3254793865392494,0.3512087944142992,0.5058271014716955,0.29551883883094554,0.30750723562633164,0.32099418202114094,0.3149999836234479,0.35106997236092713,0.029960547708303864,0.21030826264074998,0.025729407875049792
12834,Jake Riccardi,greater_western_sydney,0.3433074129038796,0.35580952600242166,0.33145251804586373,0.3242446486738275,0.33193643969076714,0.3405897045848239,0.3367438090763542,0.33437823063251004,0.0190627642300521,0.0190627642300521,0.012502113098542045
13050,Ned Moyle,gold_coast,0.37318521320138875,0.41894205409124,0.24580538789473821,0.32484289062499094,0.3447340773530435,0.3671116624221039,0.357166069058077,0.3316552337110976,0.04834232257639781,0.12737982530665054,0.04575684088985127
12629,Isaac Cumming,adelaide,0.31532047561258963,0.31399448257747414,0.3456887677539564,0.3083030696080894,0.31827568113274085,0.32949486909797293,0.3245085633356476,0.33052864387437714,0.007017406004500237,0.03738569814586701,-0.0013259930351154914
12755,Jye Caldwell,essendon,0.27636799605036594,0.254041076231524,0.30828648424211497,0.2969639304620635,0.3087449037721293,0.3219984987459534,0.3161080120909205,0.3249542094522343,0.020595934411697547,0.04563050269558744,-0.02232691981884194
12551,Zach Guthrie,geelong,0.31727503905604915,0.33200222381618205,0.3233494045148331,0.3324821061724092,0.32665865992191373,0.3201072828901036,0.32301900601535255,0.32426982077154726,0.015207067116360051,0.015207067116360051,0.014727184760132905
12809,Mark Keane,adelaide,0.2953318007777174,0.3268575042142967,0.28223884540495714,0.37595596913503626,0.34477275944058494,0.30969164853432707,0.3252832533815528,0.3227159603097449,0.08062416835731884,0.09371712373007912,0.03152570343657929
13038,Reuben Ginbey,west_coast,0.28835560199806404,0.3586567380576807,0.28504019433223377,0.3812089345404979,0.34531271758838866,0.30492947351726635,0.32287758199332073,0.3223664986899072,0.09285333254243389,0.09616874020826416,0.07030113605961669
11948,Tom Lynch,richmond,0.34301847912888406,0.3677637061830562,0.3493695916057326,0.2731947376839371,0.3012640135485174,0.3328419488961703,0.3188073109638801,0.3200717062598192,0.06982374144494696,0.07617485392179552,0.024745227054172148
12864,Harry Sharp,melbourne,0.3282465954180824,0.33613706816763306,0.3589494972639027,0.28417074746084314,0.3018286888959305,0.3216938730104037,0.31286490229286007,0.31900979628793796,0.044075847957239234,0.07477874980305954,0.007890472749550681
13247,Jobe Shanahan,west_coast,0.29190906741503453,0.3190350093319012,0.3354032073100489,0.312737637977761,0.3072898912361119,0.3011611761517566,0.30388504952258116,0.31295917120103417,0.020828570562726467,0.04349413989501438,0.02712594191686668
12904,Kieren Briggs,greater_western_sydney,0.3225846139815883,0.3470527664914444,0.20423175833655094,0.3483303253589607,0.3403276240933774,0.33132458516959645,0.33532593580238795,0.3116107530005249,0.025745711377372416,0.14409856702240975,0.024468152509856123
13087,Elijah Tsatas,essendon,0.3344005039331097,0.33838000650276856,0.2954652188594242,0.28940750341927185,0.307455052859709,0.32775854598020077,0.3187347712599822,0.31094896881445705,0.044993000513837866,0.044993000513837866,0.003979502569658844
12891,Sam De Koning,geelong,0.31396862944483195,0.33851786647220816,0.3001734159948864,0.3052949857460528,0.30917003152983663,0.31352945803659266,0.3115919351447011,0.30885045329473315,0.008673643698779154,0.013795213449945554,0.024549237027376214
13299,Jacob Farrow,essendon,0.29627902984990995,0.0,0.3335967951882421,0.26677491818880383,0.28153627447393315,0.2981428002947037,0.29076212215213904,0.2980362486165072,0.029504111661106114,0.06682187699943826,-0.29627902984990995
12916,Lachlan Bramble,western_bulldogs,0.27311348536967467,0.2868245755623469,0.24522205708730196,0.34321575046591235,0.3180937243107434,0.2898314448861778,0.3023924579637625,0.2969370247974941,0.07010226509623768,0.09799369337861039,0.013711090192672248
12772,Toby Bedford,greater_western_sydney,0.24076979061733175,0.26831684221649,0.2557005184115555,0.3153889888476864,0.2995717978664817,0.28177745801262644,0.2896860535032288,0.29263904225147475,0.07461919823035465,0.07461919823035465,0.02754705159915824
13001,Ryan Angwin,greater_western_sydney,0.2552728186612975,0.27488194714692765,0.2809460361088831,0.2922120848075971,0.28870099662764226,0.28475102242519323,0.2865065665151706,0.291948563547764,0.03693926614629961,0.03693926614629961,0.01960912848563018
12391,Conor McKenna,brisbane_lions,0.284933336967499,0.3054648125699055,0.31798244415333027,0.285763833172196,0.28543783103473236,0.2850710786300861,0.2852340796988178,0.29184484000372835,0.0008304962046969955,0.03304910718583126,0.02053147560240648
12740,Isaac Quaynor,collingwood,0.263065467345004,0.27373065700532656,0.2627092032468923,0.3175710991895799,0.3015226674452639,0.28346818173290794,0.2914923976050662,0.2912771711775659,0.05450563184457585,0.05486189594268759,0.010665189660322538
12867,Miles Bergman,port_adelaide,0.21791214574875195,0.2612928588004722,0.20470192508377758,0.3031281697782381,0.2978271757854123,0.2918635575434832,0.2945140545398961,0.2903986483493919,0.08521602402948614,0.09842624469446051,0.043380713051720254
12453,Corey Wagner,fremantle,0.295568554078544,0.29123558886923095,0.2858350478870052,0.2811197487219247,0.2869313388201802,0.2934693776807176,0.2905635826315899,0.2886240382079898,0.014448805356619299,0.014448805356619299,-0.004332965209313033
13081,Luke Nankervis,adelaide,0.24497183832965153,0.27344743676157773,0.2618438927954907,0.3270660277418895,0.29496364584290996,0.25884846620655794,0.27489965715604775,0.27836697286501233,0.08209418941223795,0.08209418941223795,0.028475598431926208
13164,Joe Fonti,greater_western_sydney,0.2568151578334591,0.2910157113252826,0.23344465346653445,0.30457998183699575,0.2888320108731794,0.27111554353888606,0.2789895290207942,0.2741881601816109,0.047764824003536654,0.0711353283704613,0.03420055349182349
13032,Bailey Laurie,melbourne,0.2882663254982785,0.3262655774745249,0.30575023630644443,0.2371188797486696,0.25760965206184594,0.2806617709141692,0.2704163847575811,0.2739170834202128,0.051147445749608916,0.06863135655777483,0.03799925197624637
13066,Oisin Mullin,geelong,0.2613360278361269,0.2720423872429744,0.2687105042273419,0.28099521566980873,0.2735705064898799,0.2652177086624595,0.26893006325242413,0.27043052662041756,0.019659187833681813,0.019659187833681813,0.010706359406847499
12334,Liam Duggan,west_coast,0.2653100226695105,0.30372836661864505,0.27977526790183604,0.2585752623747188,0.26340802923216033,0.26884489194678274,0.26642850851806166,0.2695787538200316,0.006734760294791697,0.02120000552711726,0.03841834394913457
12499,Jack Bowes,geelong,0.2600991531578931,0.2398501388720713,0.2726777730049234,0.267664915840769,0.26522395262797105,0.2624778690135715,0.2636983506199713,0.266252539692572,0.007565762682875898,0.012578619847030292,-0.02024901428582182
12866,Tom Powell,north_melbourne,0.21672941235111992,0.2204731961616931,0.2421858665918731,0.2492693071250149,0.25501374627250445,0.26147624031343025,0.25860402073968547,0.26555561778459347,0.03253989477389499,0.04474682796231033,0.0037437838105731924
13279,Phoenix Gothard,greater_western_sydney,0.31594836736377196,0.0,0.206019378207244,0.2313041950145001,0.26545711419153983,0.30387914826570944,0.2868026886771896,0.26482365344886943,0.08464417234927185,0.10992898915652796,-0.31594836736377196
12083,Jamie Elliott,collingwood,0.24525714852338923,0.288344290489489,0.2715629758976269,0.28420629696670957,0.2686966605970923,0.25124831968127176,0.25900313786608087,0.2642727990547327,0.03894914844332034,0.03894914844332034,0.04308714196609978
12377,Jayden Laverde,greater_western_sydney,0.2510630830014287,0.267331750126913,0.2282441049328914,0.27453882677120195,0.2703546389398853,0.2656474276296541,0.2677395215453124,0.2633996501691957,0.02347574376977324,0.04629472183831054,0.016268667125484304
12902,Hugo Ralphsmith,richmond,0.2452312640435436,0.2919171928020924,0.2334312787643033,0.3007406363784766,0.27863564566116067,0.25376753110418027,0.2648200264628382,0.2624607860315388,0.055509372334933,0.06730935761417328,0.046685928758548795
13028,Lachlan Cowan,carlton,0.24773400266791315,0.27796466727414226,0.252238902681104,0.268002055358174,0.26247560783876206,0.2562583543794237,0.2590215781391296,0.2600608249019747,0.020268052690260857,0.020268052690260857,0.030230664606229113
13188,Joe Berry,port_adelaide,0.17283504100348468,0.18513657909879258,0.1651567368847005,0.2918128435805419,0.26844094586889006,0.24214756094328185,0.2538335097991077,0.25287297000126446,0.1189778025770572,0.12665610669584138,0.012301538095307901
12655,Oscar Allen,brisbane_lions,0.2252929429321915,0.24848209310112204,0.24058599536512018,0.2626352235690939,0.2542494724734189,0.24481550249078485,0.2490083780386222,0.25199365343380464,0.037342280636902425,0.037342280636902425,0.023189150168930556
13182,Matthew Jefferson,melbourne,0.23256354525396766,0.276488305554793,0.22892382934084243,0.2837142724914615,0.2643769192222193,0.24262239679432152,0.25229107342894275,0.25152417431869634,0.051150727237493865,0.054790443150619095,0.043924760300825316
12437,Mason Redman,essendon,0.23271198600590956,0.2528666234352619,0.21565060713164538,0.242923106795551,0.2505150448691794,0.2590559752020113,0.2552600061651971,0.25081686905101336,0.010211120789641454,0.04340536807036591,0.020154637429352334
13170,Cooper Lord,carlton,0.2584769249188025,0.279752397136458,0.2670018242061523,0.23050899746112327,0.2416962202432924,0.2542818458732326,0.24868823448214805,0.2503932498179361,0.027967927457679204,0.036492826745029044,0.021275472217655522
13138,Bruce Reville,brisbane_lions,0.24307409765555815,0.2415499838665514,0.22441803492260357,0.2605962527398549,0.2544800568063538,0.24759933638116602,0.25065743434791615,0.24695230580822303,0.01752215508429672,0.03617821781725131,-0.0015241137890067424
12246,Luke McDonald,north_melbourne,0.19996777777324,0.22664852503736124,0.20095731525898644,0.23679987500897498,0.23550302669129747,0.23404407233391047,0.23469249649274915,0.2353019304970522,0.03683209723573497,0.03683209723573497,0.02668074726412123
13248,Roan Steele,collingwood,0.23151741007298637,0.0,0.2252998759613466,0.24084180648670206,0.23728605673086642,0.23328583825555163,0.23506371313346933,0.23385219929790024,0.009324396413715685,0.015541930525355463,-0.23151741007298637
12838,Keidean Coleman,brisbane_lions,0.21893664745932487,0.2539356216288701,0.21372074611850067,0.2510743588912377,0.24081938800435676,0.22928254575661583,0.23441003120005624,0.23339921478448653,0.032137711431912824,0.03735361277273702,0.034998974169545255
12175,Zac Williams,carlton,0.22055030987835025,0.19977916100220497,0.22539466607929537,0.24952811238223696,0.2387516748332749,0.22662818259069173,0.23201640136517312,0.2329895102622309,0.028977802503886707,0.028977802503886707,-0.020771148876145284
12282,Rory Lobb,western_bulldogs,0.2468033121476426,0.2594123029058695,0.21432272028188948,0.1977147621746881,0.2177975966255536,0.2403907853827772,0.2303493681573445,0.2240508818332118,0.049088549972954476,0.049088549972954476,0.012608990758226885
12769,Connor Budarick,western_bulldogs,0.2203015311696923,0.22917468240696814,0.20276812356987522,0.22997513537473924,0.227372115015261,0.2244437171108481,0.22574522729058719,0.2223017654674747,0.009673604205046926,0.027207011804864012,0.008873151237275834
13062,Jhye Clark,geelong,0.22233772052809378,0.24678223665349058,0.19595735885486426,0.22895215525036014,0.2263751742708369,0.22347607066887248,0.22476456115863447,0.21949294983585596,0.00661443472226636,0.03299479639549588,0.024444516125396804
12976,Jack Carroll,st_kilda,0.1872156813902914,0.211465198289637,0.16443614922525757,0.22739677134406458,0.22436071111260478,0.22094514335221244,0.22246317346794237,0.2174375207237534,0.040181089953773175,0.06296062211880701,0.024249516899345597
12672,Sam Switkowski,fremantle,0.21460059608149995,0.233038734685667,0.21524074693314615,0.2044131831914845,0.2084957160754686,0.21308856556995082,0.21104729912795875,0.21117592521254896,0.010187412890015457,0.010827563741661661,0.018438138604167043
12385,Lachie Weller,gold_coast,0.20403838004197486,0.21856580474758347,0.20589562858813282,0.21591384461112179,0.21124676758216276,0.20599630592458376,0.2083298444390633,0.2087085461076355,0.011875464569146926,0.011875464569146926,0.01452742470560861
12349,Kyle Langford,essendon,0.1976656672690419,0.2229475778517142,0.190900247336455,0.206896247467899,0.20509947053591152,0.20307809648742553,0.2039764849534193,0.20274371352284992,0.009230580198857113,0.015996000131444005,0.025281910582672318
12444,Sam Collins,gold_coast,0.20719656610836565,0.23004664525685944,0.186205015395602,0.19326020572132407,0.1999796000144184,0.20753891859414952,0.20417922144760237,0.2000107005477472,0.013936360387041574,0.021333903198547527,0.022850079148493796
12236,Jack Martin,geelong,0.20485852968349286,0.20312435765081818,0.2335510420285531,0.1731171337339526,0.18597284364623715,0.2004355172975557,0.19400766234141414,0.19976870668484806,0.03174139594954026,0.06043390829460049,-0.0017341720326746746
12724,Darcy Fort,brisbane_lions,0.17964726414723733,0.18683125036494797,0.20638947850811684,0.20914353578257752,0.19781825376568618,0.18507731149668444,0.19073995250512965,0.1960968630429014,0.029496271635340188,0.029496271635340188,0.007183986217710631
12941,Ben Miller,richmond,0.200847363523255,0.21659510873508062,0.17300755698441092,0.1856304500066474,0.19529902701544452,0.2061761761503404,0.2013418876459422,0.19540116039847383,0.015216913516607589,0.033168619165929475,0.01574774521182562
13204,Isaiah Dudley,fremantle,0.18751020908599317,0.1906062745852381,0.20614258435962182,0.1884228839885761,0.18809455013566184,0.1877251745511333,0.18788934147759043,0.19161923601472,0.0009126749025829273,0.018632375273628654,0.003096065499244932
13150,Billy Dowling,adelaide,0.1802748456515103,0.1751644268637171,0.18401542120346084,0.1916373214961954,0.18732210629203133,0.18246748918734582,0.1846250967894283,0.1853788000722989,0.011362475844685083,0.011362475844685083,-0.005110418787793197
12872,Nick Murray,adelaide,0.18907376785074326,0.20176039782273164,0.16611040830536045,0.1755608696199717,0.1816060110443956,0.1884067951468725,0.18538422443466057,0.18082441876306435,0.013512898230771564,0.02296335954538281,0.012686629971988383
12821,Xavier OHalloran,greater_western_sydney,0.1422934255818494,0.15641003698232647,0.16147650457418194,0.18064188479677096,0.17806724218175637,0.17517076923986513,0.17645809054737233,0.18030315664936009,0.038348459214921554,0.038348459214921554,0.01411661140047707
12531,Mark OConnor,geelong,0.16910383590785288,0.1742008262221065,0.1871764973763745,0.18968688650256302,0.18163165707857779,0.1725695239765944,0.176597138688587,0.18022555941344934,0.020583050594710134,0.020583050594710134,0.005096990314253619
13086,James Borlase,adelaide,0.1821880629126617,0.19905924345002135,0.16736494877668293,0.1768881778321298,0.17994400437344954,0.18338180923243416,0.18185389596177434,0.17888861401780295,0.005299885080531919,0.016016860455751236,0.016871180537359642
12906,Ned Reeves,hawthorn,0.16958061219908505,0.19348073365295518,0.13704540636809967,0.20756911453317087,0.19303744166462727,0.17668930968751567,0.1839551461217875,0.17744816290971666,0.03798850233408582,0.0705237081650712,0.023900121453870132
13297,Talor Byrne,carlton,0.1853161816337098,0.0,0.18792697142847195,0.16054767047858629,0.1704551210538565,0.18160100295103548,0.1766472776634004,0.17716945766521355,0.024768511155123518,0.027379300949885665,-0.1853161816337098
13014,Tyler Sonsie,richmond,0.166593959252957,0.1807824920514269,0.1851392083970285,0.18296628797921421,0.17703677227926398,0.17036606711682,0.1733308249667951,0.1770444098523491,0.016372328726257213,0.01854524914407149,0.014188532798469905
12676,Billy Frampton,collingwood,0.1660951232683374,0.17241891035524887,0.17342300818189663,0.18253842663548464,0.17725731241538106,0.17131605891776408,0.1739566160278161,0.17550664054535273,0.01644330336714725,0.01644330336714725,0.006323787086911475
13220,Hugh Boxshall,st_kilda,0.10745990002610248,0.1289709318075368,0.10356385923404646,0.19064166000950653,0.17976152391067285,0.16752137079948498,0.1729614388489018,0.1718729537835878,0.08318175998340405,0.08707780077546007,0.02151103178143432
13213,Cooper Hynes,western_bulldogs,0.14793554378371246,0.159593064244408,0.15710148965736684,0.17754382566268478,0.17251991163323138,0.16686800835009644,0.16937996536482308,0.17159508032639828,0.029608281878972326,0.029608281878972326,0.011657520460695542
12696,Xavier Duursma,essendon,0.15015016283546662,0.1623838760637399,0.1715951641083459,0.1913125302743001,0.17563374772665158,0.15799511736054703,0.16583450863437127,0.17020957090862163,0.041162367438833475,0.041162367438833475,0.012233713228273296
13029,Oliver Hollands,carlton,0.154864924946566,0.1626305908317633,0.15724590876197314,0.16471043719680903,0.1674354273379831,0.17050104124680399,0.16913854617621693,0.1694971132298572,0.009845512250243021,0.01563611630023798,0.0077656658851972815
12352,Alex Pearce,fremantle,0.15311550021264608,0.17014640491058358,0.15570992622643007,0.18443642038497218,0.17192370152424835,0.1578468928059344,0.16410325223629613,0.16462504558844943,0.0313209201723261,0.0313209201723261,0.0170309046979375
12752,Changkuoth Jiath,melbourne,0.16172287486170778,0.18186926800431857,0.15427952311759985,0.16929669632767122,0.16631491156955364,0.16296040371667142,0.16445129609573017,0.1629719178096297,0.007573821465963443,0.015017173210071372,0.020146393142610797
12818,Sam Wicks,sydney,0.15207907611911017,0.1660323705596974,0.16379791208729813,0.1584968849702998,0.1588680034641775,0.1592855117697898,0.159099952522851,0.16151784315481715,0.006417808851189616,0.011718835968187957,0.013953294440587238
13098,Blake Howes,melbourne,0.15973753642960942,0.17905220395939545,0.17493540902916613,0.15379862137737751,0.1562250925698359,0.1589548726613515,0.15774163706512234,0.160784718304278,0.005938915052231902,0.021136787651788613,0.019314667529786028
12860,James Jordon,sydney,0.15201060482212422,0.17211679151270515,0.16795428877464594,0.1557467806926123,0.155857152843496,0.15598132151324004,0.15592613543779824,0.15916284752536805,0.0037361758704880788,0.015943683952521714,0.020106186690580924
12383,Tom Barrass,hawthorn,0.147770976492899,0.15742842599834708,0.1457692395706493,0.17179717601235142,0.163109583615407,0.1533360421688445,0.15767983836731675,0.1573220191886748,0.024026199519452424,0.02602793644170212,0.009657449505448085
12491,Andrew McGrath,essendon,0.13257493192130299,0.1626068545921518,0.13240366602710887,0.1679297759959733,0.1615087538913882,0.15428510402372994,0.1574956150760225,0.1573008594198149,0.03535484407467032,0.03552610996886443,0.03003192267084881
12454,Eric Hipwood,brisbane_lions,0.14942716779352172,0.16592038697514624,0.1445876347098436,0.17318736899877554,0.16373531451384396,0.1531017532182962,0.15782778046076187,0.1568647189404874,0.023760201205253823,0.02859973428893195,0.016493219181624524
12900,Buku Khamis,western_bulldogs,0.14356815249625451,0.1482791704020277,0.14057946567564475,0.15788522171140593,0.1551786444195159,0.15213374496613966,0.15348703361208466,0.15275087506158663,0.014317069215151412,0.017305756035761177,0.0047110179057731905
13027,Max Michalanney,adelaide,0.14804427805743586,0.1620300165580482,0.15733295571648276,0.1510906740620318,0.150844767305765,0.1505681222049647,0.1506910755830982,0.15262504915600117,0.0030463960045959415,0.009288677659046896,0.013985738500612327
12440,Jacob Hopper,richmond,0.1500056642253974,0.14050172629393326,0.18666034495629702,0.12299238111820793,0.13589708361555247,0.15041487392506503,0.14396252267639278,0.15160640030267006,0.02701328310718948,0.06366796383808909,-0.009503937931464146
12748,Rhylee West,western_bulldogs,0.1507573891947008,0.14745833381215984,0.15248248246588317,0.14346386233891104,0.14802901184299552,0.15316480503509053,0.15088223028304829,0.15115676920591878,0.007293526855789767,0.009700942696179493,-0.0032990553825409663
12874,Jaxon Prior,essendon,0.14000900540918693,0.15742750893901294,0.14225898522411556,0.14551857425561274,0.14548374937792247,0.14544457139052092,0.14546198382936604,0.14603653673446407,0.005509568846425811,0.005509568846425811,0.017418503529826018
12402,Jacob Weitering,carlton,0.1502953206893469,0.15871431304355738,0.13408493478176595,0.14184286338754548,0.14617911776358267,0.15105740393662412,0.1488892767486057,0.14571327038651527,0.008452457301801414,0.016972469154858172,0.00841899235421048
13216,Jedd Busslinger,western_bulldogs,0.16277617014284662,0.159457611883627,0.1529210320743767,0.11831306276174997,0.13609830571418866,0.156106704035682,0.14721408255946272,0.14524305494576883,0.044463107381096656,0.044463107381096656,-0.0033185582592196172
12267,Darcy Gardiner,brisbane_lions,0.15972616748838236,0.16793381695482462,0.12150677634301517,0.12276892716806671,0.13768079742398434,0.15445665146189178,0.14700071633393294,0.1393535315050568,0.03695724032031565,0.038219391145367196,0.008207649466442257
13061,James ODonnell,western_bulldogs,0.12625105514410753,0.1292911120345522,0.11789976486623206,0.14276914019208414,0.14117093034520553,0.13937294426746694,0.1401720491909063,0.138108441049698,0.01651808504797661,0.02486937532585208,0.0030400568904446756
12644,Sam Taylor,greater_western_sydney,0.11941082997928784,0.1339651933521084,0.12225752497239673,0.14690474287652722,0.1409230769698157,0.13419370282476534,0.13718453577812104,0.13786736396612947,0.027493912897239375,0.027493912897239375,0.014554363372820567
12090,Lincoln McCarthy,brisbane_lions,0.12619966522034842,0.1385162555656642,0.14127016626926953,0.13004316244172032,0.13179975071539266,0.13377591252327414,0.13289761838643793,0.13614281901593395,0.0038434972213718943,0.015070501048921103,0.012316590345315764
13096,Tom Brown,richmond,0.13277872660602452,0.17029924828562584,0.1339763409591039,0.12031721986293711,0.125527870399862,0.1313898522539023,0.12878452698543993,0.12904274107740057,0.012461506743087408,0.013659121096166793,0.03752052167960132
13046,Arthur Jones,western_bulldogs,0.1229100605354131,0.12839760402663178,0.12775206686697482,0.13322563203020965,0.12996561610031074,0.12629809817917445,0.12792810614412392,0.12888152976080847,0.010315571494796547,0.010315571494796547,0.005487543491218674
12843,Finn Maginness,hawthorn,0.12784806644824834,0.1647121444470529,0.11904638390805578,0.1321696013156173,0.13047149714123274,0.12856112994505015,0.1294101820322424,0.12765123768346803,0.00432153486736897,0.013123217407561533,0.03686407799880456
12272,Christian Salem,melbourne,0.1249322624166632,0.12718713063082815,0.18041101753453134,0.10038841139205655,0.1102341633731586,0.12131063435189836,0.11638775836134736,0.12749885882030873,0.024543851024606655,0.08002260614247479,0.002254868214164943
12607,Jack Henry,geelong,0.1407305178059456,0.1536448681711209,0.1299906735327908,0.10707729192717982,0.12078047876435606,0.1361965639561791,0.1293449705375911,0.12720282412822762,0.03365322587876576,0.03365322587876576,0.012914350365175326
12774,Deven Robertson,west_coast,0.12098176228159682,0.14327576260877528,0.11496706448507313,0.12958112270370195,0.12817598337053263,0.12659520162071713,0.1272977712873018,0.12626528477292073,0.008599360422105129,0.014614058218628823,0.02229400032717846
12942,Alex Davies,gold_coast,0.121843363007825,0.11576650086847004,0.1340634267464054,0.1136326334437191,0.11692589639649886,0.12063081721837596,0.11898418574198615,0.121431431894505,0.0082107295641059,0.020430793302686295,-0.0060768621393549604
13232,Leo Lombard,gold_coast,0.12209110124286116,0.0,0.12472369115934076,0.11759434606399677,0.11947507888632179,0.12159090331143821,0.12065053690027536,0.12117895762559298,0.004496755178864387,0.007129345095343992,-0.12209110124286116
13045,Harry Rowston,greater_western_sydney,0.10034289123959,0.11080335735846175,0.11743413251370288,0.12457140532875596,0.1198198200358748,0.11447428658138392,0.1168500792278243,0.12062099150210315,0.02422851408916596,0.02422851408916596,0.010460466118871747
13119,Sam Clohesy,gold_coast,0.10500263612195146,0.11020626210275802,0.10587646233359682,0.1482869199148709,0.13102221912242928,0.11159943073093255,0.12023178112715333,0.12041536902252434,0.04328428379291943,0.04328428379291943,0.005203625980806564
12829,Jordon Butts,adelaide,0.11110388861840033,0.12122151357534282,0.10508278874989904,0.13727753589042493,0.12741439194111995,0.11631835499815185,0.12124992697280434,0.12010896075924792,0.026173647272024606,0.03219474714052589,0.01011762495694249
12565,Jack Scrimshaw,hawthorn,0.1081710940861327,0.11254130014725763,0.10697380553200352,0.14012981076829564,0.12734675635758838,0.11296582014554268,0.11935734735089631,0.11911795256130173,0.03195871668216295,0.03315600523629213,0.00437020606112494
12936,Corey Durdin,port_adelaide,0.0751204918486538,0.08221057814026037,0.08153791842134943,0.12930474598699782,0.12150761386599636,0.11273584022986971,0.11663440629037045,0.11865024120362215,0.05418425413834402,0.05418425413834402,0.007090086291606568
12831,Liam Henry,st_kilda,0.06688146701985778,0.08212894887758274,0.06325362223203301,0.1431635375306216,0.1285110609580111,0.11202702481382432,0.11935326310012954,0.11796311834553752,0.07628207051076383,0.0799099152985886,0.015247481857724954
13285,Mitchell Edwards,geelong,0.11739754515571688,0.0,0.10946874346389945,0.12042947198709436,0.1192884343982926,0.11800476711089092,0.11857528590529168,0.1169990440856367,0.003031926831377485,0.010960728523194907,-0.11739754515571688
12559,Lewis Young,carlton,0.11563768551161435,0.17118264794202223,0.1008499709434132,0.11974097395458723,0.11832779174809671,0.11673796176579486,0.11744455286904013,0.11451923938696314,0.004103288442972877,0.018891003011174023,0.05554496243040788
13035,Anthony Caminiti,st_kilda,0.07576762976902021,0.09039881968487051,0.08101645694151371,0.09732074992940266,0.10618855221578953,0.11616482978797472,0.1117309286447813,0.11307734792760035,0.021553120160382452,0.04039720001895451,0.014631189915850301
13077,Cooper Harvey,north_melbourne,0.07829459666205296,0.09412878116124933,0.07229739765417638,0.12824133188737483,0.11797185333450737,0.10641868996253132,0.11155342923896512,0.10979265294457435,0.049946735225321864,0.05594393423319845,0.015834184499196366
13199,Christian Moraes,port_adelaide,0.07110073312640401,0.09181937304802057,0.06511802759544758,0.1191133992769531,0.11347064138491662,0.10712253875637558,0.10994391770239383,0.10814466006207678,0.04801266615054908,0.05399537168150552,0.020718639921616558
13159,Zac Taylor,adelaide,0.1062840655180232,0.1181770076543135,0.10416493406256412,0.10607000202964642,0.1067078157263745,0.10742535613519347,0.1071064492868295,0.10673799379891896,0.0002140634883767839,0.003260422072629346,0.011892942136290302
13145,Steely Green,richmond,0.10328726125238935,0.11581344519088327,0.10749718708285945,0.10119445835846604,0.1022533014232405,0.1034444998711117,0.10291507833872453,0.10375212910982949,0.002092802893923315,0.006302728724393414,0.012526183938493918
12140,Dane Rampe,sydney,0.09378572858392198,0.1016924513304472,0.09586848195650356,0.10024653797184088,0.10064212270171617,0.10108715552282563,0.10088936315788809,0.1010932316129604,0.006460809387918903,0.007301426938903649,0.007906722746525222
12622,Charlie Spargo,north_melbourne,0.08069533100254707,0.10286356884941988,0.08149261933204494,0.10186553767303891,0.10080772013516767,0.09961767540506249,0.10014658417399815,0.10059545791111729,0.02117020667049184,0.02117020667049184,0.022168237846872815
13016,Elijah Hollands,carlton,0.0825134310425961,0.07887784765009966,0.10652055624803736,0.09531972779142535,0.09409759377641361,0.09272269300952538,0.09333376001703125,0.09858645952737191,0.012806296748829243,0.02400712520544125,-0.00363558339249645
12174,Nick Vlastuin,richmond,0.09005697005466146,0.10372170063302197,0.09119007468588476,0.10446359745320317,0.09896017898884263,0.0927688332164363,0.0955205424486169,0.09574603020158898,0.014406627398541719,0.014406627398541719,0.013664730578360512
13273,Harry Dean,carlton,0.09406677489321566,0.0,0.09346942833108725,0.09470570989537054,0.0944535469802786,0.09416986370080017,0.09429594515834613,0.09417678854846027,0.0006389350021548806,0.0012362815642832925,-0.09406677489321566
12639,Brody Mihocek,melbourne,0.0977637898196744,0.09568522441368221,0.12310515613696482,0.07205377215038077,0.08243976068422278,0.09412399778479486,0.08893100351787392,0.09404218738394084,0.025710017669293636,0.051051383986584056,-0.0020785654059921888
12882,Lachie Jones,port_adelaide,0.063782160561164,0.07379230186021438,0.06285713249106128,0.11214877429182143,0.10088245780152952,0.08820785174995106,0.09384100999509705,0.09367678784754109,0.04836661373065744,0.04929164180076015,0.010010141299050382
12802,Ryan Byrnes,st_kilda,0.06372453571040994,0.07283019208983406,0.06662319575502773,0.10259424663902299,0.09617458514988306,0.08895246597460062,0.09216229671917059,0.09315632102580482,0.03886971092861305,0.03886971092861305,0.00910565637942412
13313,Patrick Retschko,richmond,0.0942671599133669,0.0,0.09329813543686803,0.089048019095868,0.09145526094454423,0.09416340802430449,0.09295978709996659,0.09274542967002619,0.005219140817498899,0.005219140817498899,-0.0942671599133669
11917,Dion Prestia,richmond,0.08820848895116028,0.0893013687206304,0.09114476152312392,0.08458903255197373,0.08883801809676248,0.09361812683464962,0.09149363406225534,0.09207952288972836,0.003619456399186552,0.009029094282675898,0.0010928797694701176
13157,Caiden Cleary,sydney,0.08880706166693092,0.1063391173664286,0.08669801938034764,0.08665000301703464,0.08799783067180056,0.08951413678341236,0.08884022295602934,0.08839872374612522,0.002157058649896279,0.002864133766377716,0.017532055699497687
13259,Jack Whitlock,port_adelaide,0.04538595119314292,0.0,0.044338826821821165,0.11414597114208275,0.0985001699947413,0.08089864370398202,0.08872154427765282,0.08823828226908205,0.06876001994893982,0.06980714432026158,-0.04538595119314292
12141,Jaeger OMeara,fremantle,0.0819216122230662,0.08651561810227945,0.08017451869639423,0.10092497019136541,0.09333118865032046,0.08478818441664487,0.08858507518716736,0.08823723949768109,0.019003357968299217,0.020750451494971178,0.004594005879213256
13307,Sullivan Robey,essendon,0.08347280758377043,0.0,0.10626637588159422,0.07527578147654877,0.07989448385401196,0.08509052402865808,0.08278117283992648,0.08736175766486169,0.008197026107221658,0.030990594405045452,-0.08347280758377043
13158,Max Gruzewski,greater_western_sydney,0.08142468392053856,0.0903269482951703,0.07842988117303261,0.09179291805865644,0.08830512268874782,0.08438135289760071,0.08612525058255499,0.08553821973612642,0.010368234138117882,0.013363036885623833,0.008902264374631735
13221,Bo Allan,west_coast,0.07831185401640157,0.10724062708056509,0.08308337905336238,0.0782365973611403,0.08002181540505415,0.08203018570445725,0.08113757668250031,0.08228799228302668,7.525665526127157e-05,0.00484678169222208,0.028928773064163513
13106,Zane Duursma,north_melbourne,0.06249983432762679,0.07803711327248931,0.06550271045488149,0.08922928035912386,0.08407645677390088,0.07827953024052497,0.08085594203313648,0.0818814150407197,0.026729446031497073,0.026729446031497073,0.015537278944862523
13177,Isaac Kako,essendon,0.08420485283544171,0.09067497968615594,0.0767862025882509,0.0742609744404898,0.07920008937993465,0.08475659368681011,0.08228703621708769,0.08103669813408548,0.009943878394951908,0.010495619246320309,0.006470126850714228
13217,Oliver Wiltshire,geelong,0.08342869314156216,0.0,0.0984573722281902,0.05950146866248143,0.06907398874997814,0.07984307384841192,0.07505681380466357,0.07806321916784069,0.02392722447908073,0.03895590356570877,-0.08342869314156216
12822,Matthew Cottrell,carlton,0.07893876502484835,0.09634148126903505,0.08375695460329459,0.06932027707628441,0.07326162748446771,0.07769564669367392,0.07572497148958227,0.07669597040235333,0.009618487948563945,0.01443667752701018,0.017402716244186697
13235,Ty Gallop,brisbane_lions,0.07695236508534607,0.0,0.07608537109148146,0.07418584497552526,0.07555036771441265,0.07708545579566119,0.0764031944262174,0.0762178407168763,0.0027665201098208136,0.0028996108201359283,-0.07695236508534607
13210,Hamish Davis,west_coast,0.07238270909842831,0.08758286659004846,0.08637017765312004,0.06959034867857211,0.07152479013476924,0.07370103677299122,0.07273381604489257,0.07569205105253353,0.002792360419856199,0.016779828974547925,0.015200157491620153
13303,Wade Derksen,carlton,0.07820376440781313,0.0,0.07309569320902498,0.06942524958139012,0.0729367443173692,0.07688717589534569,0.07513142852735613,0.07410986031096178,0.008778514826423,0.008778514826423,-0.07820376440781313
12991,Jacob Wehr,port_adelaide,0.05144732857232101,0.057448901512289555,0.05876207123273211,0.07540206666777584,0.07196528368815802,0.06809890283608794,0.06981729432589687,0.07191686818386193,0.023954738095454828,0.023954738095454828,0.006001572939968544
13078,Sam Banks,richmond,0.06963799594343684,0.07988930664991954,0.07159320942705871,0.06787586842342437,0.06991655553702669,0.07221232853982926,0.07119198498302812,0.07174516912140863,0.0017621275200124659,0.004336460116404886,0.010251310706482705
13276,Michael Sellwood,western_bulldogs,0.06293390844789726,0.0,0.07177866576444557,0.07919337086391154,0.0731804604082875,0.06641593614571038,0.06942239137352244,0.07125282741769798,0.01625946241601428,0.01625946241601428,-0.06293390844789726
13294,Milan Murdock,west_coast,0.0764664395901709,0.0,0.06417793481027083,0.06037969613044955,0.06685875406940345,0.07414769425072658,0.07090816528124963,0.06845720922912868,0.016086743459721345,0.016086743459721345,-0.0764664395901709
12446,Tom Cole,west_coast,0.05917553411723863,0.0727097493226263,0.06577828706802563,0.06423384901019326,0.06573264195606418,0.067418784020169,0.06666938754723353,0.06833810149502016,0.005058314892954628,0.00824324990293037,0.013534215205387674
12580,Ben McKay,essendon,0.06671454213562683,0.0860413671739605,0.0675915172797643,0.0691565343517052,0.06837420998877843,0.06749409508048583,0.0678852572619492,0.06808421407220971,0.0024419922160783675,0.0024419922160783675,0.019326825038333675
12456,Nathan Broad,richmond,0.06671869000798072,0.07389198986639367,0.06736896647708049,0.06801789360746763,0.06768544804546511,0.06731144678821203,0.0674776695692134,0.06760414359766358,0.0012992035994869033,0.0012992035994869033,0.007173299858412946
12697,Connor Rozee,port_adelaide,0.03967500627681202,0.04291104357765039,0.050171300240821115,0.08197974499087342,0.07068942952778803,0.05798782463181701,0.06363298236335968,0.0671327560246747,0.042304738714061395,0.042304738714061395,0.0032360373008383653
12800,Cody Weightman,western_bulldogs,0.07117145567010495,0.07578323412019221,0.09043667964940609,0.04764778822552029,0.05718955252464519,0.06792403736116062,0.06315315521159821,0.0670244961430094,0.02352366744458466,0.0427888914238858,0.004611778450087256
12721,Liam Stocker,st_kilda,0.04949346949695994,0.060669684990609936,0.050084177942993836,0.06995328858803548,0.06777392294496584,0.06532213659651248,0.0664118194180473,0.06669415196783482,0.020459819091075547,0.020459819091075547,0.011176215493649999
13070,Ryan Maric,west_coast,0.06141660551362956,0.06951756616664181,0.07554807420396166,0.06128016604143966,0.06216870307260524,0.06316830723266663,0.06272403871708379,0.06567768736509295,0.00013643947218990038,0.014267908162521999,0.008100960653012253
12957,Brady Hough,west_coast,0.05850400671969137,0.07377685313519661,0.064352423903132,0.06432950399545853,0.06290931279594536,0.06131159769649309,0.06202169329624965,0.06337476971954523,0.005825497275767158,0.005848417183440632,0.015272846415505234
12321,Jesse Hogan,greater_western_sydney,0.060548859503724684,0.06880097390884056,0.06492249379365224,0.06367560877486936,0.06286316078975762,0.061949156806506894,0.06235538079906278,0.0632633353415374,0.0031267492711446743,0.004373634289927555,0.008252114405115876
13186,Jacob Konstanty,north_melbourne,0.05326622677578873,0.0727976542287775,0.05210819687570279,0.06798593564946862,0.06490164540792683,0.06143181888619227,0.06297396400696317,0.06279794297938353,0.014719708873679883,0.015877738773765825,0.01953142745298877
12946,Jackson Mead,port_adelaide,0.03829584091935451,0.04488095471447713,0.04415455928449584,0.0657268356604784,0.06232325510266319,0.05849422697512104,0.060196017254028664,0.06207250174941306,0.0274309947411239,0.0274309947411239,0.006585113795122624
12511,Griffin Logue,north_melbourne,0.047055411052439156,0.05506996122975876,0.04782157051694525,0.06359516172843596,0.06240411951629333,0.06106419702763288,0.06165971813370419,0.06176503446890163,0.016539750675996806,0.016539750675996806,0.008014550177319606
13095,James Trezise,richmond,0.06227005149764181,0.07217251227948826,0.06415247756350667,0.05473115578569107,0.05777363897204132,0.06119643255668532,0.05967519096351021,0.060054929530984714,0.007538895711950738,0.0094213217778156,0.00990246078184645
13114,Jed Walter,gold_coast,0.06002431483260286,0.06149618696471013,0.06681665085691038,0.05024023404674563,0.05439437184599816,0.05906777687015729,0.056990707970531004,0.058385747990762696,0.009784080785857227,0.01657641681016475,0.0014718721321072756
12414,Callum Ah Chee,adelaide,0.05197567351858906,0.05770710236965117,0.06091891282879346,0.056343341825798435,0.054988260448030436,0.05346379389804076,0.05414133458692507,0.055978331180769815,0.004367668307209374,0.008943239310204402,0.005731428851062106
13178,Sam Davidson,western_bulldogs,0.050633510595049336,0.056211048623864786,0.05636532003379079,0.05653755003478192,0.055339242145149924,0.05399114576931392,0.054590299714129924,0.0557759394127266,0.0059040394397325835,0.0059040394397325835,0.00557753802881545
12806,Brad Close,geelong,0.057716237671188136,0.06327626985817124,0.056437452524001494,0.051900907321333345,0.05426948307364868,0.056934130795003396,0.05574984291884574,0.05549773600721764,0.0058153303498547915,0.0058153303498547915,0.005560032186983102
12631,Jordan Ridley,essendon,0.04778983374227702,0.05474668377140841,0.0497415462214125,0.061137027928814446,0.057016477108523894,0.05238085743569703,0.0544411328458423,0.05480909572295788,0.013347194186537424,0.013347194186537424,0.006956850029131385
12428,Mason Cox,fremantle,0.04675710713681272,0.05605884843379217,0.053432270973712864,0.0627447776347619,0.05635084876674475,0.049157678790225465,0.05235464322423404,0.05369005945061965,0.015987670497949177,0.015987670497949177,0.00930174129697945
12870,Matt Flynn,west_coast,0.05093724680588773,0.057603201456115784,0.04084384468346979,0.05845890678166805,0.05616920911910915,0.05359329924873039,0.05473814808000983,0.05274476047759227,0.007521659975780318,0.017615062098198256,0.006665954650228054
11847,Rhys Stanley,geelong,0.05344351020528726,0.05713994916139165,0.038345614203239495,0.05950111331240689,0.05707807206955902,0.05435215067135515,0.055563671292779095,0.05254409209236955,0.006057603107119634,0.0211554991091674,0.0036964389561043934
12490,Dan Butler,st_kilda,0.04507352029740057,0.062045406974675726,0.039793407268824126,0.060372100910368855,0.055778079245674406,0.05060980487289313,0.05290681570524036,0.05206348591895134,0.015298580612968286,0.02057869364154473,0.016971886677275158
13287,Tom Blamires,north_melbourne,0.040367361671822644,0.0,0.04209231031178545,0.05104707416394304,0.05004397825717185,0.048915495362054216,0.04941704331543983,0.049887167917880434,0.010679712492120394,0.010679712492120394,-0.040367361671822644
12473,Reilly OBrien,adelaide,0.045421475781589296,0.05714718863426177,0.022310779469196695,0.06576549926600793,0.05806742219104459,0.04940708548170962,0.05325612401919183,0.04851855414732977,0.020344023484418633,0.04345471979681123,0.011725712852672474
13000,Rhett Bazzo,west_coast,0.042738335265731224,0.05182509086635278,0.04529644917504186,0.05035027511159693,0.04852480044885025,0.046471141453260256,0.047383878784633585,0.04802979453550395,0.007611939845865709,0.007611939845865709,0.009086755600621554
13015,Jai Culley,melbourne,0.04943544324172816,0.05170273001793603,0.05679016061634202,0.03814929801068088,0.04267272830503875,0.047761587386191365,0.04549987223901242,0.04697609186088138,0.011286145231047283,0.01864086260566114,0.002267286776207869
12723,Oskar Baker,western_bulldogs,0.04334870537223197,0.04482979864498512,0.047921716996592846,0.05081538427188477,0.047833467405344596,0.04447881093048692,0.045969769363757,0.04688618314239178,0.007466678899652801,0.007466678899652801,0.0014810932727531492
12608,Nick Coffield,western_bulldogs,0.04384386436412735,0.04649832010772003,0.04465797974576212,0.043194830751747605,0.045083019866007386,0.04720723261954962,0.04626313806241974,0.046471928893072834,0.0006490336123797444,0.0040124018678020165,0.0026544557435926805
13238,Archie May,essendon,0.05051892808714055,0.05759780283886482,0.04474608765496779,0.041162566750245794,0.04490631981653656,0.04911804201611366,0.047246165482968276,0.04609163610215523,0.009356361336894756,0.009356361336894756,0.007078874751724272
12015,Harry Cunningham,sydney,0.04502153323810099,0.05354257180623615,0.04726176562543619,0.041739939583017124,0.04416108242954303,0.04688486813188461,0.045674296708621685,0.046015221110278226,0.0032815936550838684,0.005521826042419069,0.008521038568135159
13120,Will Graham,gold_coast,0.046381275781095445,0.05181885166856806,0.04638087460897568,0.04189018622262587,0.04368900825351376,0.0457126830382626,0.04481327202281867,0.04481340799626009,0.004491089558469573,0.004491089558469573,0.005437575887472616
13108,Toby Pink,north_melbourne,0.032877974372203314,0.04019122455566465,0.036116533946670124,0.04796416172827131,0.04524099619570029,0.042177434971557876,0.0435390177378434,0.044479761492433864,0.015086187356067995,0.015086187356067995,0.007313250183461337
12718,Noah Answerth,brisbane_lions,0.04159806326927276,0.04987823686093117,0.04580975373320197,0.0448557880190186,0.04358378784303552,0.042152787645054667,0.04278878773304616,0.04363686423798907,0.0032577247497458384,0.004211690463929212,0.008280173591658412
12009,Tom McDonald,melbourne,0.040337810836053256,0.0406813501573951,0.04968276284861264,0.04113990752260393,0.04082792890425636,0.040476952958615336,0.04063294226778912,0.04250236647045421,0.0008020966865506726,0.00934495201255938,0.00034353932134184584
12575,Todd Marshall,port_adelaide,0.02509357135236159,0.030206582765244655,0.025708673218232538,0.054319267973554325,0.04670617599117603,0.038141447511000445,0.0419479935021896,0.04214751625951366,0.029225696621192735,0.029225696621192735,0.005113011412883065
12854,Lachlan McNeil,western_bulldogs,0.03378193186728552,0.038269965234182045,0.032978496450712665,0.04526408047185817,0.04322471771749017,0.04093043461882623,0.0419501159960102,0.04149047946199598,0.011482148604572646,0.012285584021145504,0.0044880333668965225
13301,Josh Lai,port_adelaide,0.02016775954124012,0.0,0.01928115396860607,0.05737067541500093,0.047824690282985506,0.03708545700946811,0.041858449575475846,0.04142518649627234,0.03720291587376082,0.03808952144639487,-0.02016775954124012
12988,Sam Butler,hawthorn,0.04307035840644248,0.044732227790925415,0.040717679676837946,0.03413063524905484,0.03788988989027765,0.04211905136165332,0.040239424041041916,0.03979983655823627,0.008939723157387641,0.008939723157387641,0.001661869384482935
13135,Calsher Dear,hawthorn,0.032183392550411,0.038464641604558425,0.03215978621096345,0.037246818261521875,0.038748245124191685,0.040437350344695186,0.03968663691336029,0.0394146824595429,0.005063425711110875,0.008277564133731735,0.006281249054147425
12921,Luke Pedlar,adelaide,0.03954179475486252,0.04427563912684291,0.0422018852233848,0.03515456796636584,0.037168260863103236,0.0394336653719328,0.03842681892356411,0.038989478075153704,0.004387226788496679,0.007047317257018959,0.004733844371980392
13293,Josh Lindsay,west_coast,0.038049979782710575,0.0,0.04465572114360297,0.035712339663842435,0.03672751221263907,0.03786958133003529,0.03736199505563697,0.038689008729634045,0.0023376401188681395,0.008943381479760537,-0.038049979782710575
13113,Mykelti Lefau,richmond,0.03863579580905637,0.04772496696712911,0.040175901649000804,0.036520722156541854,0.037424935979108016,0.03844217652949487,0.03799006961821182,0.038302999670949495,0.0021150736525145167,0.00365517949245895,0.009089171158072736
12370,Jake Kolodjashnij,geelong,0.0378235483355684,0.03838126783717191,0.042917744838798545,0.03470176650270855,0.03597438350561138,0.037406077633876725,0.03676976913242546,0.03779152193218742,0.0031217818328598476,0.008215978336089995,0.0005577195016035139
13068,Harvey Harrison,collingwood,0.03694820119911012,0.05193861900865217,0.03285510254420994,0.03910239223821517,0.03830694659867965,0.03741207025420215,0.03780979307396993,0.03700052169346863,0.0021541910391050523,0.006247289694005231,0.01499041780954205
13237,Lachlan Blakiston,essendon,0.026149434325729724,0.03155389736135285,0.026297782165909406,0.043120710900433915,0.03924771477610297,0.034890594136230656,0.03682709219839613,0.03664779965834223,0.01697127657470419,0.01697127657470419,0.005404463035623124
12846,Jack Buckley,greater_western_sydney,0.03496326378231475,0.03726089789267586,0.03370844626867903,0.03481534453035262,0.03503055381917901,0.03527266426910868,0.035165059624695495,0.03492028643948664,0.00014791925196212807,0.0015642180004296485,0.002297634110361109
12054,Adam Treloar,western_bulldogs,0.036348342836145305,0.0338710543707528,0.03843538736285657,0.0297679709851115,0.03240015052522467,0.03536135250785198,0.0340452627377954,0.034462678929426976,0.006580371851033804,0.008667416377745072,-0.0024772884653925034
12883,Rhyan Mansell,richmond,0.03639935470458085,0.03677203971920034,0.0404836706481194,0.027297903490468928,0.030938483976113703,0.035034137022464,0.033213846779641655,0.03403070996834939,0.00910145121411192,0.01318576715765047,0.0003726850146194907
12886,Conor Stone,greater_western_sydney,0.03136319857649721,0.03696015412068779,0.03545348364158732,0.035960434899059805,0.034137505808132254,0.032086710580838756,0.032998175126302536,0.033818213159358894,0.004597236322562592,0.004597236322562592,0.005596955544190575
12420,Dougal Howard,st_kilda,0.0227844824659554,0.025017406528408167,0.023248539257897445,0.03679264788040538,0.034166561263417196,0.031212213819305477,0.03252525712779957,0.03262795671722584,0.014008165414449977,0.014008165414449977,0.002232924062452766
12879,Archie Perkins,essendon,0.03124079093932412,0.036511920907466494,0.030660697910065978,0.029376549131989716,0.031027445350467378,0.032884703596254734,0.03205925548701591,0.03201251261985971,0.0018642418073344033,0.0035081544642650182,0.005271129968142375
13179,Josh Dolan,western_bulldogs,0.02903131099066282,0.03313162569922214,0.02776289064238721,0.029977929642200175,0.029740209260205035,0.029472773830460458,0.029591634021458046,0.02933670271587416,0.0009466186515373551,0.002215038999812964,0.004100314708559323
12181,Aidan Corr,north_melbourne,0.02098155808103939,0.026484869849243056,0.025086988325568257,0.030377983099041383,0.028710819924549682,0.02683526135324652,0.02766884294049237,0.02858795243585269,0.009396425018001992,0.009396425018001992,0.005503311768203664
11937,Jamie Cripps,west_coast,0.026232701799610278,0.02863993497757143,0.037484137825165596,0.02276540106712054,0.02454228926673065,0.026541288491292028,0.025652844391486972,0.02809011489679033,0.0034673007324897386,0.014718736758045057,0.002407233177961151
13005,James Tunstill,brisbane_lions,0.026592483467727496,0.03218242953540448,0.02859763619793969,0.023732444390665287,0.024963043907847957,0.026347468364678595,0.0257321686060872,0.026135261642879257,0.002860039077062209,0.004865191807274405,0.005589946067676987
13306,Angus Anderson,collingwood,0.02498370712337941,0.0,0.030671907006801256,0.02411268554428119,0.024462331863861105,0.024855683973388523,0.02468086081359856,0.02581905933985358,0.0008710215790982204,0.006559221462520064,-0.02498370712337941
13069,Bailey Macdonald,hawthorn,0.026332136931210056,0.030465100459619022,0.03167061691895211,0.020514311384088196,0.02287207359409866,0.025524556080360437,0.024345674975355204,0.025413108009686942,0.00581782554712186,0.011156305534863912,0.004132963528408966
12359,Joel Hamling,sydney,0.02498957476947257,0.029487773097895763,0.02555857972732952,0.025428290859561796,0.025324375204653315,0.025207470092881254,0.025259427920335503,0.02537695563306707,0.00043871609008922646,0.0005690049578569514,0.004498198328423193
13185,Xavier Lindsay,melbourne,0.02422772000164563,0.026223821904716903,0.033986846651595196,0.021077998287763806,0.022347983836373625,0.023776717578559668,0.023141724804254762,0.025096409678539707,0.003149721713881823,0.01290884836383139,0.001996101903071274
13283,Dyson Sharp,essendon,0.02548946731883244,0.0,0.022787683006679736,0.022016271281981203,0.023423161190557838,0.025005912337706465,0.024302467383418187,0.02376205795086503,0.0034731960368512386,0.0034731960368512386,-0.02548946731883244
12591,Hunter Clark,st_kilda,0.01290105264210039,0.014449004167912711,0.015211751154402,0.02675878624216956,0.02417277482426322,0.02126351197911857,0.022556517688071747,0.02346951618229973,0.013857733600069169,0.013857733600069169,0.0015479515258123213
12526,Lewis Melican,sydney,0.02109157103072054,0.023965601797884255,0.02091057773301868,0.020865416442080075,0.021489193532384397,0.02219094275897676,0.0218790542138246,0.021810847099605388,0.00022615458864046548,0.0013255263168966865,0.002874030767163714
12541,Will Brodie,port_adelaide,0.01881929584493199,0.01905540073835925,0.024357582528756208,0.021298389079649364,0.020396276262393986,0.01938139934298168,0.01983245575160937,0.02095604513908998,0.0024790932347173757,0.005538286683824219,0.00023610489342726013
12547,Sean Darcy,fremantle,0.01887754520860435,0.02296104508764251,0.0183512301844296,0.02205237795620125,0.02078628449081147,0.019361929342247952,0.019994976074942848,0.01989048053130134,0.0031748327475969,0.003701147771771652,0.004083499879038159
13214,Jonty Faull,richmond,0.01758718026802877,0.021864314357950256,0.020075699092265017,0.02237656258063384,0.02047947115886524,0.018345243309375564,0.019293789020259865,0.019794018940601527,0.004789382312605069,0.004789382312605069,0.004277134089921485
13073,Dante Visentini,port_adelaide,0.012874014619722977,0.016070698408505307,0.012498354925239612,0.02390760286043163,0.02133433425649465,0.01843940707706554,0.019726041379034037,0.019500519130131212,0.011033588240708651,0.011409247935192017,0.00319668378878233
12729,Peter Ladhams,sydney,0.022577255431571987,0.021927096300768258,0.013685179620981914,0.018236043841892775,0.01997252847776442,0.021926073693120152,0.02105783137518427,0.019279416213066232,0.004341211589679213,0.008892075810590074,-0.0006501591308037298
13243,Alix Tauru,st_kilda,0.012725195908988145,0.015302848594855695,0.013904255727811843,0.01860023234279979,0.018432841014267794,0.01824452576966929,0.018328221433935293,0.018740146083746072,0.005875036433811645,0.005875036433811645,0.00257765268586755
13173,Tom Hanily,sydney,0.017248620073250502,0.02073519203295567,0.01767084971455463,0.015494631467490314,0.016205363132281644,0.017004936255171917,0.01664957042277624,0.01673529203497259,0.0017539886057601883,0.002176218247064316,0.003486571959705167
12307,Nick Holman,gold_coast,0.015155316609787204,0.018240165429347126,0.016585691843144148,0.015961916765270076,0.015653515309460176,0.015306563671674031,0.015460764399578983,0.01574864808086041,0.0008066001554828724,0.0014303752333569442,0.003084848819559923
13284,Will Lewis,western_bulldogs,0.00856766853791219,0.0,0.008410971666255455,0.021658855102069132,0.01800986224858786,0.013904745288421467,0.015729241715162084,0.015687456700859716,0.013091186564156943,0.013247883435813677,-0.00856766853791219
12668,Brandon Starcevich,west_coast,0.014611260004716665,0.01711441054270377,0.015131547268130348,0.01550180119057622,0.015504234206752284,0.015506971349950343,0.015505754841862318,0.015664974584802135,0.0008905411858595551,0.0008957113452336771,0.0025031505379871054
13165,Hugh Bond,adelaide,0.01406739683287014,0.016571714697760948,0.01592507039054202,0.015822276155511267,0.015420051090869262,0.014967547893147007,0.015168660425468009,0.015547752538434252,0.0017548793226411265,0.001857673557671878,0.0025043178648908072
12415,Jade Gresham,essendon,0.01318894318979755,0.013918248315907126,0.01579576096174075,0.014314955589008176,0.014409260576176582,0.014515353686741039,0.014468201193156838,0.01509039449359055,0.0011260123992106255,0.0026068177719431977,0.0007293051261095754
13191,Luke Trainor,richmond,0.0143435795692788,0.015902073602644118,0.016654438929772794,0.01133824056234151,0.012742662254463138,0.01432263665809996,0.01362042581203915,0.014095891687814109,0.0030053390069372903,0.0053161983674312845,0.001558494033365318
13025,Josh Goater,north_melbourne,0.009105606518857426,0.010836277757757211,0.009308524291330453,0.01573282680042101,0.014211355545529587,0.012499700383776725,0.01326043601122244,0.01332388136028372,0.006627220281563583,0.006627220281563583,0.001730671238899785
12625,Charlie Ballard,gold_coast,0.012741211920147502,0.01525527336481037,0.014109132715972124,0.013166347446319752,0.01299639191881771,0.012805191950377943,0.012890169714128952,0.013163778680945336,0.00042513552617224996,0.0013679207958246214,0.002514061444662867
13251,Oscar Adams,gold_coast,0.011874833461974387,0.014688540952113329,0.01164424879898099,0.014982673598795617,0.013768078620188712,0.012401659269255967,0.01300895675855941,0.012967350784396498,0.0031078401368212303,0.0033384247998146273,0.002813707490138942
13229,Angus Clarke,essendon,0.011690443481273911,0.014958342252865752,0.014034015173887401,0.013311852563771969,0.012682189272634743,0.01197381807010537,0.012288649715673982,0.012758621244078987,0.0016214090824980577,0.00234357169261349,0.0032678987715918408
12965,Jordan Boyd,carlton,0.010228266765885955,0.014359569477140328,0.008609339808559404,0.014291929258198685,0.013441424006487403,0.012484605598312206,0.01290985822416785,0.012558288992185885,0.00406366249231273,0.005682589449639281,0.004131302711254373
13236,Nick Madden,greater_western_sydney,0.013437774791149682,0.0,0.013079354000995502,0.009764373238460647,0.011234482267441613,0.012888354925045208,0.012153300410554723,0.012081610216744098,0.003673401552689035,0.003673401552689035,-0.013437774791149682
13088,Toby McMullin,greater_western_sydney,0.011361769924836587,0.01479701334494034,0.013629978469809147,0.010995757084697862,0.011154747408426875,0.011333611522622019,0.011254116360757512,0.01170944075825276,0.00036601284013872484,0.0026342213851112857,0.003435243420103753
13126,Jake Rogers,gold_coast,0.010876656442694756,0.01295246179726925,0.011540329284082163,0.010876031675444297,0.010876452295747211,0.010876925493587987,0.010876715183436532,0.0110094537109458,6.247672504587631e-07,0.0006642976086378653,0.0020758053545744948
13071,Jack Buller,collingwood,0.01029843610944333,0.011577773253770556,0.010977010713310016,0.010560379957586652,0.010682906219816355,0.010820748264824718,0.01075948513370989,0.010900904831301884,0.0002619438481433218,0.0006785746038666853,0.0012793371443272257
13039,Campbell Chesser,carlton,0.01079722990984005,0.010539543771205799,0.013870656131089464,0.009088703500311357,0.009772114064122834,0.010540950948410741,0.010199245666505005,0.010813930910754888,0.001708526409528694,0.004781952630778108,-0.0002576861386342517
12691,Chayce Jones,adelaide,0.010266819338034609,0.012758627113410729,0.008031873687865912,0.012174425991616203,0.011414793078281422,0.010560206050779793,0.010940022507447186,0.010493142819759564,0.0019076066535815943,0.004142552303750291,0.0024918077753761196
12841,Flynn Perez,hawthorn,0.008483055016700663,0.009757497210541852,0.009881592349860347,0.011545105722429467,0.010436433301062108,0.009189176827023825,0.009743513037707506,0.010030174183410191,0.0030620507057288037,0.0030620507057288037,0.0012744421938411885
13196,Archer Reid,west_coast,0.009402421699577902,0.011632092381290263,0.011159220559469855,0.007351592759718033,0.008340551197894132,0.009453129440842247,0.008958650221754197,0.009359133050326313,0.002050828939859869,0.003807627799751822,0.0022296706817123615
13269,Ewan Mackinlay,port_adelaide,0.007038637136013856,0.0,0.00857548012307137,0.00906321655667268,0.008901831401232688,0.008720273101362686,0.008800965679082687,0.009235855620408469,0.002024579420658825,0.002024579420658825,-0.007038637136013856
13206,Tobie Travaglia,st_kilda,0.004894360197284631,0.0063711388706623176,0.0056945595325819335,0.010571868117509637,0.009366557220971149,0.00801058246236535,0.008613237910634595,0.008887112778339158,0.0056775079202250065,0.0056775079202250065,0.0014767786733776867
12813,Harry Schoenberg,west_coast,0.008728216239225671,0.010036403069751742,0.010550018677839184,0.007392245260906342,0.007980288322687844,0.00864183676719203,0.008347815236301282,0.00872276649467236,0.0013359709783193289,0.0031577734169328416,0.001308186830526071
12820,Jeremy Sharp,fremantle,0.00796808520262841,0.008778684116284801,0.008711481679889626,0.009408774404094907,0.008832498723508305,0.008184188582848381,0.00847232642314168,0.008621005718593925,0.0014406892014664965,0.0014406892014664965,0.000810598913656391
13194,Liam OConnell,st_kilda,0.005689123786775788,0.007059835928524079,0.0068232586242256464,0.009073466514481248,0.008558148949688711,0.007978416689297102,0.008236075471693374,0.008603731407921783,0.0033843427277054604,0.0033843427277054604,0.0013707121417482915
13130,Riley Hardeman,north_melbourne,0.006992811097361787,0.008585416742237537,0.007447585571778604,0.008855020156624645,0.008382148005226377,0.007850166834903331,0.008086602910602463,0.008229085840421533,0.0018622090592628586,0.0018622090592628586,0.0015926056448757504
13231,Zak Johnson,essendon,0.005897280937240424,0.00670380098628425,0.005787057866502107,0.008409175239975312,0.0078513180414812,0.007223728693175324,0.007502657292422381,0.007495310085988835,0.002511894302734888,0.002622117373473205,0.0008065200490438261
12654,Darragh Joyce,brisbane_lions,0.00623144628430722,0.0069686668961537095,0.00680327565562488,0.0063048105430827915,0.006275464839572541,0.006242450923123586,0.006257123774878678,0.0063714896491422045,7.336425877557153e-05,0.00057182937131766,0.0007372206118464895
12839,Matthew Owies,west_coast,0.006930926928963836,0.008684098470260563,0.007860692251269175,0.004789722501501079,0.005646204272486182,0.006609746264844424,0.006181505379351871,0.006367458443812938,0.002141204427462757,0.0030709697497680955,0.0017531715412967266
13253,Taj Hotton,richmond,0.006196375631883118,0.006842738315236774,0.007640481245885547,0.005678454757154438,0.005916243562316085,0.006183755968122901,0.0060648615655420944,0.0063555454781092655,0.00051792087472868,0.001962026488731109,0.0006463626833536559
13020,Leek Aleer,greater_western_sydney,0.0058666388617470665,0.007083660804602461,0.006026846343152863,0.0064527044925422085,0.006227619183867528,0.005974398211608511,0.006086940865945851,0.0061211346913853555,0.000586065630795142,0.000586065630795142,0.0012170219428553949
13265,Jordan Croft,western_bulldogs,0.00491971907748676,0.0,0.0055197869316027486,0.005877765179158749,0.005803229288392566,0.005719376411280606,0.0057566443566636994,0.005874340079585094,0.0009580461016719883,0.0009580461016719883,-0.00491971907748676
13044,Elijah Hewett,west_coast,0.00589436143212954,0.007287802702371007,0.0052206402484898705,0.005934077783501988,0.005975875886341831,0.006022898752036651,0.006001999700616731,0.005863910922467496,3.9716351372448035e-05,0.0008022585035467808,0.0013934412702414668
13318,Will Edwards,sydney,0.005903586602619762,0.0,0.006274707486701171,0.00509696061429926,0.00544784908765427,0.005842598620178656,0.005667154383501152,0.005742721327882602,0.0008066259883205019,0.0011777468724019106,-0.005903586602619762
13286,Latrelle Pickett,melbourne,0.005780598801719839,0.0,0.006652104312566084,0.004715959486079735,0.005153802535779182,0.00564637596669106,0.005427454441841337,0.005603129495518319,0.0010646393156401035,0.0019361448264863489,-0.005780598801719839
13053,Corey Warner,sydney,0.005532485969826624,0.006617843127333127,0.0063419460613344135,0.004821939223617889,0.0051061579221013875,0.0054259039578953075,0.0052837946086535656,0.005445686626955126,0.0007105467462087348,0.0015200068377165246,0.001085357157506503
13116,Angus Hastie,st_kilda,0.003290143543458153,0.004376080455441128,0.0037649004886875607,0.005619366652511942,0.00512849257421321,0.004576259236127136,0.004821696275276502,0.00495683549607904,0.0023292231090537886,0.0023292231090537886,0.0010859369119829744
12852,Nik Cox,essendon,0.004640522098827868,0.0061962564299440906,0.004488013472812913,0.004667523017815054,0.004664621377636817,0.0046613570324363016,0.004662807852525419,0.004633614121136164,2.7000918987185943e-05,0.00017950954500214108,0.0015557343311162226
13151,Jack Hutchinson,west_coast,0.0038276143638207656,0.004950169236520488,0.005654002230027126,0.004978034842269276,0.00451825253908555,0.004000997448003899,0.004230888599595744,0.00459620459650585,0.0011504204784485105,0.0018263878662063602,0.0011225548726997224
13290,Sam Grlj,richmond,0.004475411969323694,0.0,0.00599123669406534,0.0038281211646302134,0.004097261453876508,0.00440004427927857,0.004265474134655432,0.004569581503188982,0.0006472908046934803,0.002163115529435127,-0.004475411969323694
12330,Adam Saad,carlton,0.0033015867452131017,0.003407288339451201,0.0034272690038282313,0.005061409971772619,0.0046896054910180625,0.0042713254501691895,0.004457227690546466,0.004479406277691435,0.0017598232265595174,0.0017598232265595174,0.00010570159423809941
13245,Flynn Young,carlton,0.0038901576151717933,0.004224358873126716,0.004564384082742437,0.004043133765679555,0.003982387195532066,0.003914047304116141,0.003944420589189886,0.004079365364670993,0.00015297615050776205,0.0006742264675706441,0.00033420125795492273
13091,Henry Hustwaite,hawthorn,0.003978657110534833,0.00475100425758839,0.004045243286382393,0.003997523224296596,0.0039899767787918905,0.003981487027599096,0.00398526025035145,0.003998577485520962,1.8866113761763226e-05,6.658617584756003e-05,0.0007723471470535573
13142,Shadeau Brain,brisbane_lions,0.003940863794230934,0.004365368761243966,0.0042227347917879,0.0036590599657312,0.003771781497131093,0.003898593219955971,0.0038422324542560257,0.0038986066537674197,0.00028180382849973384,0.0005636748260566997,0.0004245049670130322
13316,Sam Cumming,richmond,0.0035366893137445663,0.0,0.004749752870384098,0.0034911921788222523,0.0035094620018157477,0.003530015552683431,0.0035208806411866833,0.003763529977421406,4.549713492231402e-05,0.0012585606915618453,-0.0035366893137445663
13222,Josaia Delana,greater_western_sydney,0.0030669828906385722,0.0,0.003082962514263981,0.003813836451018763,0.0035154246117224857,0.0031797112925141765,0.0033289172121623144,0.0033320981337321633,0.0007468535603801906,0.0007468535603801906,-0.0030669828906385722
13256,Zac Banch,north_melbourne,0.0034200800935896966,0.0,0.003395401605585312,0.003053914914883768,0.003206678282188871,0.003378537070407115,0.003302155386754562,0.003297921335495985,0.0003661651787059284,0.0003661651787059284,-0.0034200800935896966
12918,Samson Ryan,richmond,0.002778903654812343,0.003393282277253691,0.0026764848512148822,0.0029298119524578045,0.0030639728691957586,0.0032149039005259583,0.003147823442156981,0.003098439513227201,0.0001509082976454616,0.0005384190493110761,0.0006143786224413481
12935,Maurice Rioli,richmond,0.002398246661532065,0.0028385539924273,0.002943902788113931,0.002564887024781144,0.00268710837918524,0.002824607402889846,0.002763496725687799,0.0029049352793863222,0.00016664036324907884,0.0005456561265818659,0.00044030733089523485
13133,Lachlan Sullivan,collingwood,0.002429837344686849,0.0028588776152390348,0.0030607958391256976,0.0028763442465360094,0.002698053347811923,0.0024974760867473326,0.0025866215361093725,0.0027128267868108034,0.0004465069018491602,0.0006309584944388484,0.0004290402705521856
13144,Wil Dawson,north_melbourne,0.001751928222768083,0.0023960385495088374,0.0018895608033340544,0.0026922046110704036,0.0025724831560657146,0.002437796519185438,0.0024976572466877834,0.0025358774801641382,0.0009402763883023205,0.0009402763883023205,0.0006441103267407543
12853,Harry Jones,essendon,0.0018681828439340194,0.0022980085155813144,0.002266389937462867,0.0027919941580161465,0.002459948022434459,0.0020863961199050606,0.0022524191876959047,0.0023322799675989424,0.0009238113140821271,0.0009238113140821271,0.00042982567164729507
13272,Lachlan Gulbin,gold_coast,0.0024264239636947282,0.0,0.002753047336526773,0.001767373091714639,0.0020309934405066746,0.0023275663328977147,0.002195756158501697,0.002261080833068106,0.0006590508719800893,0.0009856742448121339,-0.0024264239636947282
13147,Wil Parker,collingwood,0.001968541238220655,0.002433631891605058,0.002008342390966765,0.0021443714419909503,0.002074039360482832,0.0019949157687861995,0.002030081809540258,0.0020380420400894802,0.00017583020377029543,0.00017583020377029543,0.00046509065338440304
12997,Judson Clarke,richmond,0.0017084072081688926,0.00212003390808812,0.0017918531854203702,0.0022510693193559146,0.0020495441717934804,0.0018228283807857027,0.0019235909545669372,0.0019404633145076247,0.000542662111187022,0.000542662111187022,0.0004116266999192272
12481,Brayden Fiorini,essendon,0.0019171064247676412,0.0017701915718962053,0.0018042179538343608,0.0019030121733155107,0.0019311916417370095,0.001962893543711195,0.0019488038095004459,0.001936129155650945,1.409425145213047e-05,0.00015867558987683406,-0.00014691485287143596
12372,Darcy Moore,collingwood,0.0014849137293039365,0.0018974346815017044,0.0020146680622954876,0.00189450620470229,0.0017306692145429461,0.0015463526006136911,0.00162827109569336,0.001734221962291671,0.00040959247539835357,0.0005297543329915511,0.0004125209521977679
12701,Bailey Scott,north_melbourne,0.001490433570871585,0.0019409838559452358,0.0014634488617644968,0.0014094047043033307,0.0014840205889700593,0.0015679634592201271,0.0015306555168867638,0.00152937480374158,8.102886656825435e-05,0.00015855875491679644,0.00045055028507365075
13219,Finnbar Maley,adelaide,0.0013761857245912735,0.0016962351756155012,0.0014869024458765178,0.0015173320709600774,0.001473523974545826,0.001424239866079794,0.0014461439142869196,0.0014704651183542823,0.00014114634636880384,0.00014114634636880384,0.0003200494510242277
12947,Josh Gibcus,richmond,0.0013957348640139813,0.0015831818019182502,0.001462122797748763,0.0014945959199744183,0.0014550514975902437,0.0014105640224080463,0.001430336233600134,0.0014436138203470904,9.886105596043702e-05,9.886105596043702e-05,0.00018744693790426897
13102,Harvey Gallagher,western_bulldogs,0.0013978239283051926,0.0015841442025513422,0.0016625239070019056,0.0010686233154270312,0.0012012377964373188,0.0013504290875738924,0.0012841218470687487,0.001337483700694536,0.0003292006128781614,0.0005939005915748744,0.00018632027424614968
13136,Harvey Johnston,west_coast,0.0010456816415018795,0.0013248927113134706,0.001275079018509883,0.0011416612561270904,0.0011645549750983189,0.001190310408940951,0.0011788635494553367,0.0012343010007787377,9.597961462521091e-05,0.00022939737700800348,0.0002792110698115911
13289,Jack Watkins,port_adelaide,0.0008573140850469005,0.0,0.0011287960359139728,0.0010355318770669123,0.0011093494197388482,0.0011923941552447765,0.0011554853839088083,0.0012219228788656617,0.0001782177920200118,0.000335080070197876,-0.0008573140850469005
13242,Jasper Alger,richmond,0.0010965544624923762,0.0,0.0012621429314658116,0.0011686314906015143,0.0011398006793578587,0.0011073660167087466,0.0011217814223305742,0.0011548991161252613,7.20770281091381e-05,0.00016558846897343532,-0.0010965544624923762
12596,Lachie Fogarty,carlton,0.0010366885100639863,0.001077987255664307,0.0016270284098734583,0.0010045337559880406,0.001017395657618419,0.001031865296952594,0.0010254343461374052,0.0011435023260992995,3.215475407594573e-05,0.0006224946538854177,4.129874560032079e-05
13254,Max Heath,melbourne,0.0009876507014373946,0.0,0.0015117275804426892,0.0010771557120085905,0.0010495013777461503,0.0010183902517009028,0.0010322174188321241,0.0011387500671872297,8.950501057119597e-05,0.0005240768790052946,-0.0009876507014373946
12848,Jy Farrar,gold_coast,0.001125770461711325,0.001294222930250608,0.001438183226708638,0.0009305510133835237,0.0010086387927146442,0.0010964875444621543,0.0010574436547965943,0.0011199262077960562,0.00019521944832780137,0.0005076322133251142,0.00016845246853928282
13058,Max Ramsden,hawthorn,0.0008762017346544481,0.0011522053812535705,0.0009684426937413571,0.0008192545505369427,0.0008420334241839448,0.0008676596570368221,0.0008562702202133211,0.000874718412030703,5.694718411750543e-05,0.00014918814320441444,0.00027600364659912237
12612,Matt Guelfi,essendon,0.0006057374143699504,0.0007258000607940453,0.0008936295475532126,0.000745465473602183,0.0007732467224863474,0.0008045006274810323,0.0007906100030389501,0.0008707244404124825,0.0001397280592322326,0.00028789213318326215,0.0001200626464240949
12727,Mitch Hinge,adelaide,0.0006075495340714584,0.0006202429575633705,0.0008906211261945898,0.0010246507739050392,0.0008631746919499823,0.0006815140997505425,0.0007622521407280713,0.0008210234368442801,0.00041710123983358085,0.00041710123983358085,1.2693423491912147e-05
13280,Toby Murray,adelaide,0.0006239824537599039,0.0,0.0006708996479606384,0.0009861804372704953,0.0008423859296912904,0.0006806171086646844,0.0007525143624542873,0.0007619646305270121,0.0003621979835105914,0.0003621979835105914,-0.0006239824537599039
12776,Laitham Vandermeer,western_bulldogs,0.0007655944876417569,0.0009004527274968435,0.0008292139025410086,0.0006588970547134871,0.0007015760278847953,0.0007495898727025165,0.0007282503861168626,0.0007409742690967129,0.00010669743292826984,0.0001703168478275215,0.0001348582398550866
13209,Sandy Brock,west_coast,0.0006447445729049202,0.000789912893096255,0.0008636849552839597,0.0007652563687819016,0.0007183076715352064,0.0006654903871326745,0.0006889647357560221,0.0007329184318370369,0.00012051179587698141,0.0002189403823790395,0.0001451683201913348
13218,Campbell Gray,richmond,0.0007566796548959258,0.0,0.0007462890194315522,0.0006508605724491171,0.0006974630541973821,0.0007498908461641801,0.0007265896052900476,0.0007247589437342797,0.00010581908244680866,0.00010581908244680866,-0.0007566796548959258
12987,Luke Cleary,western_bulldogs,0.0005768986359423399,0.0006838840233255235,0.0008192376537879695,0.0005527017312346974,0.0005623804931177547,0.0005732691002361936,0.0005684297192946652,0.0006168975228637911,2.4196904707642444e-05,0.0002665359225532721,0.00010698538738318367
13171,Ashton Moir,carlton,0.0005217872979043177,0.0005437178961784045,0.0007344021575059964,0.00043179941608384903,0.0004677945688120363,0.0005082891156312471,0.0004902915392671534,0.0005328145111874892,8.998788182046862e-05,0.0003026027414221474,2.1930598274086822e-05
12986,Mitch Knevitt,geelong,0.000462745095924781,0.000535324917485444,0.0005212464149599176,0.0003775281287661497,0.00041161491562960245,0.0004499625508509866,0.0004329191574192603,0.0004446194212262875,8.521696715863133e-05,0.00014371828619376794,7.257982156066295e-05
12588,Bailey Banfield,fremantle,0.00045855718231207685,0.0007274167036958384,0.00042859866234848187,0.0004008731007576357,0.0004239467333794121,0.00044990457007891056,0.0004383677537680224,0.0004323760497753034,5.7684081554441164e-05,5.7684081554441164e-05,0.00026885952138376156
12773,Max King,st_kilda,0.00016342647156519669,0.00019031644375267843,0.0002481169241571693,0.00025521271713601566,0.000276818794894878,0.0003011256323735981,0.000290322593494167,0.00032247370728195895,9.178624557081897e-05,0.00013769916080840142,2.6889972187481742e-05
13201,Isaac Keeler,st_kilda,0.00031579767057164654,0.0003628883571239571,0.000356126284045958,0.0002194795772457807,0.0002583893161780093,0.00030216277247676655,0.00028270790301065224,0.00029088694708900994,9.631809332586583e-05,0.00013664670680017728,4.7090686552310565e-05
12732,Ryan Gardner,western_bulldogs,0.00024378680692364304,0.00031222258447432166,0.000298779877746732,0.00031717015542575986,0.00028781681602491304,0.0002547943091989603,0.0002694709788993837,0.0002804695930640016,7.338334850211681e-05,7.338334850211681e-05,6.843577755067862e-05
13282,Max Kondogiannis,essendon,0.00026010910225424816,0.0,0.0002833709432403789,0.0002902006310340766,0.00027858893100601883,0.0002655257684744543,0.000271331618488483,0.0002759786246301565,3.0091528779828457e-05,3.0091528779828457e-05,-0.00026010910225424816
13300,Paddy Cross,melbourne,0.00023003680163763716,0.0,0.00036187970464904014,0.00027778456703558515,0.00025868546087640603,0.0002371989664473295,0.0002467485195269191,0.00027311710012919966,4.7747765397947986e-05,0.00013184290301140297,-0.00023003680163763716
12914,Brandon Walker,fremantle,0.0002534250744111209,0.00022629103222034224,0.00029530351689262697,0.00020100182200435195,0.00022197112296705958,0.0002455615865501055,0.00023507693606875178,0.000243452624565053,5.242325240676897e-05,9.430169488827502e-05,-2.7134042190778677e-05
13338,Kye Annand,richmond,0.00020796924101013973,0.0,0.00017636743032984768,0.0001688938764175768,0.00018452402225460198,0.00020210793632125592,0.0001942928634027431,0.0001879725012666848,3.907536459256294e-05,3.907536459256294e-05,-0.00020796924101013973
13211,Tom Gross,west_coast,0.00016280874331446796,0.0002004793597443088,0.0001866590917981087,0.000163248037503343,0.00016307338067103215,0.00016287689173468252,0.00016296422015083794,0.000167734313554553,4.392941888750298e-07,2.3850348483640745e-05,3.767061642984083e-05
13056,Ollie Lord,port_adelaide,0.00013406199182661331,0.00016728547056580579,0.00012175910683621504,0.0001108686883401998,0.00012467752936547047,0.00014021247551889994,0.00013330805500626463,0.00013118226983392566,2.319330348641351e-05,2.9343787178700133e-05,3.322347873919247e-05
12811,Harry Edwards,west_coast,7.470355523892612e-05,9.991792790061951e-05,0.0001260245944507123,0.00013108145645788051,0.00010985083508978873,8.596638605068556e-05,9.658169673473142e-05,0.00010773460035577564,5.6377901218954395e-05,5.6377901218954395e-05,2.5214372661693394e-05
13228,Will Hayes,collingwood,2.9420640470179915e-05,0.0,2.3907472785289773e-05,2.7610814496140074e-05,2.83347448857559e-05,2.914916657407373e-05,2.878720137926581e-05,2.7684567842287824e-05,1.8098259740398415e-06,5.513167684890143e-06,-2.9420640470179915e-05
12520,Zac Fisher,north_melbourne,6.8992846576217754e-06,8.32606044278971e-06,8.663089014270266e-06,5.649446266372978e-06,6.149490887382367e-06,6.712041086017928e-06,6.462018775513234e-06,6.814804658543722e-06,1.2498383912487976e-06,3.013642747897288e-06,1.4267757851679338e-06
13189,Harry Armstrong,richmond,3.1542838245137397e-06,4.559868770479011e-06,3.8660845706073055e-06,2.2678653999990418e-06,2.6224327698049213e-06,3.0213210608365348e-06,2.8440373759335954e-06,2.986397525152309e-06,8.864184245146979e-07,1.5982191706082638e-06,1.4055849459652712e-06
12367,Alex Neal-Bullen,adelaide,0.8896430454082882,0.8876101897868992,0.902932173841869,0.0,0.0,0.0,0.0,0.0,0.8896430454082882,0.902932173841869,-0.002032855621388996
12956,Jason Horne-Francis,port_adelaide,17.19385920889466,16.952907328114577,17.23914501109839,0.0,0.0,0.0,0.0,0.0,17.19385920889466,17.23914501109839,-0.24095188078008434
12923,Jamarra Ugle-Hagan,gold_coast,0.01145533721186473,0.01312647091391172,0.014295347789708724,0.0,0.0,0.0,0.0,0.0,0.01145533721186473,0.014295347789708724,0.00167113370204699
12422,Darcy Byrne-Jones,port_adelaide,0.8340403034418014,0.8936112265963997,0.6819482896127844,0.0,0.0,0.0,0.0,0.0,0.8340403034418014,0.8340403034418014,0.05957092315459833
12757,Brandon Zerk-Thatcher,port_adelaide,0.0016589868521179716,0.0020112326034009914,0.002073298608472713,0.0,0.0,0.0,0.0,0.0,0.0016589868521179716,0.002073298608472713,0.0003522457512830199
12950,Nasiah Wanganeen-Milera,st_kilda,20.231400029272493,21.722578699235342,20.337691629034154,0.0,0.0,0.0,0.0,0.0,20.231400029272493,20.337691629034154,1.4911786699628493
12730,Callum Coleman-Jones,north_melbourne,0.011990846224349363,0.016452201977858703,0.014689423201334009,0.0,0.0,0.0,0.0,0.0,0.011990846224349363,0.014689423201334009,0.00446135575350934
13203,Saad El-Hawli,essendon,0.007851541067625721,0.00958180246948835,0.008113655897199559,0.0,0.0,0.0,0.0,0.0,0.007851541067625721,0.008113655897199559,0.0017302614018626285
13223,Archer Day-Wicks,essendon,0.022246582934049908,0.028606839577679587,0.025132812516452142,0.0,0.0,0.0,0.0,0.0,0.022246582934049908,0.025132812516452142,0.006360256643629679
12590,Luke Davies-Uniacke,north_melbourne,12.515058296104074,12.774437225087658,12.638565958978955,0.0,0.0,0.0,0.0,0.0,12.515058296104074,12.638565958978955,0.2593789289835833
13328,Hugo Hall-Kahan,adelaide,0.013735122415553967,0.0,0.012319412638302238,0.0,0.0,0.0,0.0,0.0,0.013735122415553967,0.013735122415553967,-0.013735122415553967
13291,Cooper Duff-Tytler,west_coast,0.0038937825168957386,0.0,0.0034915529543085755,0.0,0.0,0.0,0.0,0.0,0.0038937825168957386,0.0038937825168957386,-0.0038937825168957386
