match_id,season,round,player_id,player_name,team_id,predicted_votes,p3,p2,p1,expected_votes
2026_R0_brisbane_lions_v_western_bulldogs_2026-03-07,2026,0,12605,Ed Richards,western_bulldogs,3,0.681904602332593,0.23257404841758567,0.06584341118581492,2.576705315018765
2026_R0_brisbane_lions_v_western_bulldogs_2026-03-07,2026,0,12055,Lachie Neale,brisbane_lions,2,0.13352685471746703,0.2993978024420752,0.2368334243544492,1.2362095933910007
2026_R0_brisbane_lions_v_western_bulldogs_2026-03-07,2026,0,12269,Marcus Bontempelli,western_bulldogs,1,0.04096517706157907,0.10527691452578546,0.14826620797579468,0.4817155682121028
2026_R0_gold_coast_v_geelong_2026-03-06,2026,0,12430,Christian Petracca,gold_coast,3,0.8879813044341207,0.1015891502574423,0.00964596963311119,2.876768183450358
2026_R0_gold_coast_v_geelong_2026-03-06,2026,0,12767,Noah Anderson,gold_coast,2,0.03033208746492095,0.24372695258222332,0.23454566946181998,0.8129958370210295
2026_R0_gold_coast_v_geelong_2026-03-06,2026,0,12331,Touk Miller,gold_coast,1,0.025157534509224658,0.20192788769626013,0.21247923072048702,0.6918076096406813
2026_R0_greater_western_sydney_v_hawthorn_2026-03-07,2026,0,12167,Jake Stringer,greater_western_sydney,3,0.7500890061375047,0.19904264784957826,0.04225424147732996,2.690606555589001
2026_R0_greater_western_sydney_v_hawthorn_2026-03-07,2026,0,12410,Clayton Oliver,greater_western_sydney,2,0.10580341056908807,0.33297624749259497,0.25444317031424835,1.2378058970067025
2026_R0_greater_western_sydney_v_hawthorn_2026-03-07,2026,0,12969,Finn Callaghan,greater_western_sydney,1,0.03795149482181738,0.12199147525509402,0.17342499210243606,0.5312624270780762
2026_R0_st_kilda_v_collingwood_2026-03-08,2026,0,12943,Nick Daicos,collingwood,3,0.7081964472010256,0.2214630240247471,0.05563180708333015,2.623147196735901
2026_R0_st_kilda_v_collingwood_2026-03-08,2026,0,12573,Josh Daicos,collingwood,2,0.13257090571909724,0.33927857621625146,0.24378160274920335,1.320051472338998
2026_R0_st_kilda_v_collingwood_2026-03-08,2026,0,12660,Darcy Cameron,collingwood,1,0.03322654657468746,0.0921718565243998,0.1395042377390951,0.42352759051195704
2026_R0_sydney_v_carlton_2026-03-05,2026,0,12711,Justin McInerney,sydney,3,0.8460095003821921,0.1343167494732268,0.017625892223651702,2.8242878923166814
2026_R0_sydney_v_carlton_2026-03-05,2026,0,12862,Errol Gulden,sydney,2,0.04989515551549066,0.2794327166907181,0.2503465661933967,0.9588974661213049
2026_R0_sydney_v_carlton_2026-03-05,2026,0,12326,Isaac Heeney,sydney,1,0.029587166809302998,0.16574367903251805,0.19310571551330186,0.6133545740062469
2026_R10_adelaide_v_north_melbourne_2026-05-16,2026,10,12798,Izak Rankine,adelaide,3,0.6058698731201873,0.26649524906626665,0.09378014790867924,2.4443802654017746
2026_R10_adelaide_v_north_melbourne_2026-05-16,2026,10,12516,Jordan Dawson,adelaide,2,0.1726734202682273,0.30467137455005966,0.2459821009046186,1.37334511080942
2026_R10_adelaide_v_north_melbourne_2026-05-16,2026,10,12934,James Peatling,adelaide,1,0.08251418562879273,0.15606810289180645,0.21899725514186608,0.7786760178118571
2026_R10_brisbane_lions_v_geelong_2026-05-14,2026,10,13104,Shaun Mannagh,geelong,3,0.8108125411119326,0.18645432487652383,0.0027075650787567905,2.808053838167602
2026_R10_brisbane_lions_v_geelong_2026-05-14,2026,10,12692,Bailey Smith,geelong,2,0.1826388279355402,0.7831066785270476,0.03316859408556498,2.147298434946281
2026_R10_brisbane_lions_v_geelong_2026-05-14,2026,10,12505,Tom Stewart,geelong,1,0.0019935418077044733,0.009140465626161404,0.2941621086337525,0.3184236653091887
2026_R10_carlton_v_western_bulldogs_2026-05-16,2026,10,12261,Patrick Cripps,carlton,3,0.8350432629162752,0.14214404894985005,0.020181174969806103,2.8095990616183317
2026_R10_carlton_v_western_bulldogs_2026-05-16,2026,10,12497,Oliver Florent,carlton,2,0.055970121687457616,0.28790070223622133,0.24638029218089297,0.9900920617157084
2026_R10_carlton_v_western_bulldogs_2026-05-16,2026,10,12354,Bailey Dale,western_bulldogs,1,0.03405426161043795,0.1764343970010494,0.20213177052382247,0.6571633493572351
2026_R10_essendon_v_fremantle_2026-05-17,2026,10,13129,Patrick Voss,fremantle,3,0.40945068958270037,0.2952552326627297,0.170223037989022,1.9890855720625824
2026_R10_essendon_v_fremantle_2026-05-17,2026,10,13180,Murphy Reid,fremantle,2,0.2829371556047719,0.28658310817810273,0.20904275100444847,1.6310204341749697
2026_R10_essendon_v_fremantle_2026-05-17,2026,10,12535,Shai Bolton,fremantle,1,0.10098795183108795,0.1316910582309073,0.18386654239793654,0.7502125143530151
2026_R10_gold_coast_v_port_adelaide_2026-05-15,2026,10,12767,Noah Anderson,gold_coast,3,0.321108008645262,0.2529779825603403,0.18677331221769158,1.6560533032741582
2026_R10_gold_coast_v_port_adelaide_2026-05-15,2026,10,12743,John Noble,gold_coast,2,0.18768039293534466,0.19372207257260152,0.1887155226970313,1.1392008466482682
2026_R10_gold_coast_v_port_adelaide_2026-05-15,2026,10,13041,Bodhi Uwland,gold_coast,1,0.1500703896115302,0.16204892095709017,0.17192734335522103,0.946236354103992
2026_R10_melbourne_v_hawthorn_2026-05-16,2026,10,12693,Tom Sparrow,melbourne,3,0.2654521494378601,0.2103238193108331,0.16177673712874877,1.3787808240639954
2026_R10_melbourne_v_hawthorn_2026-05-16,2026,10,12368,Jack Steele,melbourne,2,0.14413309067425156,0.1421997496892804,0.1346762130243342,0.8514749844256497
2026_R10_melbourne_v_hawthorn_2026-05-16,2026,10,11966,Max Gawn,melbourne,1,0.12334008961210845,0.1252509838765128,0.12287562830124692,0.7433978648905978
2026_R10_st_kilda_v_richmond_2026-05-17,2026,10,13125,Hugo Garcia,st_kilda,3,0.37032477544315645,0.2787531858793545,0.17918664239600118,1.8476673404841795
2026_R10_st_kilda_v_richmond_2026-05-17,2026,10,13193,Max Hall,st_kilda,2,0.2697257334293402,0.2625562610765434,0.2039432923024,1.5382330147435075
2026_R10_st_kilda_v_richmond_2026-05-17,2026,10,12166,Jack Macrae,st_kilda,1,0.10034586169303356,0.12349477719238525,0.15768089724564163,0.7057080367095128
2026_R10_sydney_v_collingwood_2026-05-15,2026,10,12217,Brodie Grundy,sydney,3,0.650331757931417,0.27695707758398735,0.06454505587146786,2.569454484833693
2026_R10_sydney_v_collingwood_2026-05-15,2026,10,12699,Nick Blakey,sydney,2,0.23835401109846582,0.4770592736825926,0.22748506440474126,1.8966656450653239
2026_R10_sydney_v_collingwood_2026-05-15,2026,10,12326,Isaac Heeney,sydney,1,0.07377947859822594,0.16024598180339233,0.4490543930062034,0.9908847924076659
2026_R10_west_coast_v_greater_western_sydney_2026-05-17,2026,10,13111,Harley Reid,west_coast,3,0.9536100699573802,0.04501140790852784,0.0013558028107960604,2.9522088284999923
2026_R10_west_coast_v_greater_western_sydney_2026-05-17,2026,10,12410,Clayton Oliver,greater_western_sydney,2,0.0217272711131928,0.4431563234652569,0.3545684479302704,1.3060629082003627
2026_R10_west_coast_v_greater_western_sydney_2026-05-17,2026,10,12836,Bailey Williams,west_coast,1,0.017308069135635915,0.3604411719767495,0.38131863691517603,1.1541251882755827
2026_R11_collingwood_v_west_coast_2026-05-23,2026,11,12943,Nick Daicos,collingwood,3,0.946502817489002,0.05142391352028884,0.002012320658879866,2.9443686001664635
2026_R11_collingwood_v_west_coast_2026-05-23,2026,11,12660,Darcy Cameron,collingwood,2,0.02715794985358921,0.4819780077574287,0.27737374322792463,1.3228036083035497
2026_R11_collingwood_v_west_coast_2026-05-23,2026,11,12836,Bailey Williams,west_coast,1,0.010053562479070065,0.17286347786606704,0.24659740250806267,0.6224850456774069
2026_R11_fremantle_v_st_kilda_2026-05-22,2026,11,13180,Murphy Reid,fremantle,3,0.2880132429358016,0.23477530951854475,0.1776887031139287,1.511279050958423
2026_R11_fremantle_v_st_kilda_2026-05-22,2026,11,12535,Shai Bolton,fremantle,2,0.23611554156200398,0.21439587822599956,0.17835439197325323,1.3154927731112644
2026_R11_fremantle_v_st_kilda_2026-05-22,2026,11,12779,Luke Jackson,fremantle,1,0.10848076448852126,0.11947485404335634,0.1302950872060245,0.694687088758301
2026_R11_geelong_v_sydney_2026-05-23,2026,11,12881,Max Holmes,geelong,3,0.46224327646605357,0.3090398369706066,0.1611852330580053,2.1659947363973795
2026_R11_geelong_v_sydney_2026-05-23,2026,11,12692,Bailey Smith,geelong,2,0.25002451161881795,0.2941017210771208,0.2620803581327714,1.600357335143467
2026_R11_geelong_v_sydney_2026-05-23,2026,11,13160,Lawson Humphries,geelong,1,0.18132756204559383,0.23562958986579363,0.2937604556163276,1.3090023214846962
2026_R11_greater_western_sydney_v_brisbane_lions_2026-05-24,2026,11,12410,Clayton Oliver,greater_western_sydney,3,0.40932703440538276,0.3208451680027406,0.17435180336902398,2.0440232425906535
2026_R11_greater_western_sydney_v_brisbane_lions_2026-05-24,2026,11,12025,Toby Greene,greater_western_sydney,2,0.3415128023125552,0.32276105590661175,0.20099687117648823,1.8710573899273772
2026_R11_greater_western_sydney_v_brisbane_lions_2026-05-24,2026,11,12969,Finn Callaghan,greater_western_sydney,1,0.0892422146257176,0.12503541154430764,0.21274295885678957,0.7305404258225576
2026_R11_hawthorn_v_adelaide_2026-05-21,2026,11,12516,Jordan Dawson,adelaide,3,0.3445453421604173,0.2844870440681491,0.18586957341313665,1.7884796880306866
2026_R11_hawthorn_v_adelaide_2026-05-21,2026,11,12469,Blake Hardwick,hawthorn,2,0.3255017062349026,0.2822429876454644,0.19083412379724937,1.731825217792886
2026_R11_hawthorn_v_adelaide_2026-05-21,2026,11,12405,Wayne Milera,adelaide,1,0.10315919037898577,0.12858164451884047,0.17187900740982157,0.7385198675844598
2026_R11_north_melbourne_v_gold_coast_2026-05-23,2026,11,12590,Luke Davies-Uniacke,north_melbourne,3,0.31996006337037153,0.2601634761503852,0.1939998992541681,1.674207041666053
2026_R11_north_melbourne_v_gold_coast_2026-05-23,2026,11,12768,Matt Rowell,gold_coast,2,0.24219890153155732,0.23215595502164327,0.2034040737735796,1.3943126884115382
2026_R11_north_melbourne_v_gold_coast_2026-05-23,2026,11,12767,Noah Anderson,gold_coast,1,0.169965179255023,0.18381025095918752,0.19529353956270495,1.072809579246149
2026_R11_port_adelaide_v_carlton_2026-05-23,2026,11,12956,Jason Horne-Francis,port_adelaide,3,0.4496221897811308,0.3894599330128611,0.12619011655948456,2.253976551928599
2026_R11_port_adelaide_v_carlton_2026-05-23,2026,11,12261,Patrick Cripps,carlton,2,0.4255881748970459,0.4014276034929354,0.134585791383443,2.2142055230604516
2026_R11_port_adelaide_v_carlton_2026-05-23,2026,11,12684,Sam Walsh,carlton,1,0.03865860272829209,0.0641165999970669,0.22554477180578886,0.46975377998479895
2026_R11_richmond_v_essendon_2026-05-22,2026,11,12406,Darcy Parish,essendon,3,0.32539549374709753,0.26788083606486623,0.20411718202133128,1.7160653353923563
2026_R11_richmond_v_essendon_2026-05-22,2026,11,12504,Tim Taranto,richmond,2,0.22942642636119626,0.2312148758375303,0.22061063034157116,1.3713196611002205
2026_R11_richmond_v_essendon_2026-05-22,2026,11,12241,Zach Merrett,essendon,1,0.1855558162240612,0.2005670420220847,0.2148441329321642,1.1726456656485174
2026_R11_western_bulldogs_v_melbourne_2026-05-24,2026,11,12605,Ed Richards,western_bulldogs,3,0.7622707791768062,0.20641515949497496,0.028280883079211373,2.72792353959958
2026_R11_western_bulldogs_v_melbourne_2026-05-24,2026,11,12269,Marcus Bontempelli,western_bulldogs,2,0.1640841806030776,0.5381919849733254,0.21365662542938516,1.7822931371852688
2026_R11_western_bulldogs_v_melbourne_2026-05-24,2026,11,13103,Ryley Sanders,western_bulldogs,1,0.02375186248720282,0.08198162951847833,0.23876726798484013,0.4739861144834052
2026_R12_brisbane_lions_v_fremantle_2026-05-30,2026,12,12983,Jye Amiss,fremantle,3,0.29840226971083067,0.24797266087922978,0.19010265702340295,1.5812547879143546
2026_R12_brisbane_lions_v_fremantle_2026-05-30,2026,12,13129,Patrick Voss,fremantle,2,0.23863144892494256,0.22503456188599807,0.196186228636519,1.3621496991833428
2026_R12_brisbane_lions_v_fremantle_2026-05-30,2026,12,12610,Zac Bailey,brisbane_lions,1,0.19389503182610784,0.19734567012038384,0.19248841140732137,1.1688648471264125
2026_R12_carlton_v_geelong_2026-05-29,2026,12,12261,Patrick Cripps,carlton,3,0.46825610192825534,0.3040536440266213,0.15269642633842723,2.1655720201764357
2026_R12_carlton_v_geelong_2026-05-29,2026,12,12692,Bailey Smith,geelong,2,0.26492389555403584,0.30986471035096425,0.2356604664379887,1.6501615738020246
2026_R12_carlton_v_geelong_2026-05-29,2026,12,12684,Sam Walsh,carlton,1,0.13526599549603385,0.1861758813946008,0.26776643345797774,1.045916182735281
2026_R12_melbourne_v_greater_western_sydney_2026-05-31,2026,12,12969,Finn Callaghan,greater_western_sydney,3,0.7171664264392793,0.2155043775068589,0.05375148952170043,2.6362595238532567
2026_R12_melbourne_v_greater_western_sydney_2026-05-31,2026,12,12782,Lachie Ash,greater_western_sydney,2,0.11136672977771621,0.2987830640190806,0.24407971885671614,1.1757460362280259
2026_R12_melbourne_v_greater_western_sydney_2026-05-31,2026,12,12410,Clayton Oliver,greater_western_sydney,1,0.042631266375223076,0.11909769079661123,0.16231576418547033,0.528404944904362
2026_R12_st_kilda_v_hawthorn_2026-05-28,2026,12,12332,James Sicily,hawthorn,3,0.3276803378052562,0.2474842045393767,0.1757833114485225,1.6537927339430445
2026_R12_st_kilda_v_hawthorn_2026-05-28,2026,12,12469,Blake Hardwick,hawthorn,2,0.17745647367766837,0.18456790946001436,0.1766377133534659,1.0781429533064997
2026_R12_st_kilda_v_hawthorn_2026-05-28,2026,12,11845,Jack Gunston,hawthorn,1,0.1769198713929953,0.18119138618646283,0.173683381084282,1.0668257676361934
2026_R12_sydney_v_richmond_2026-05-30,2026,12,12326,Isaac Heeney,sydney,3,0.942246030539303,0.05629979474697676,0.0014497650428622788,2.940787446154725
2026_R12_sydney_v_richmond_2026-05-30,2026,12,12421,Charlie Curnow,sydney,2,0.04148107118565057,0.6824106867481514,0.2654291004421839,1.7546936874954384
2026_R12_sydney_v_richmond_2026-05-30,2026,12,12797,Chad Warner,sydney,1,0.0152926215076718,0.24525138511900846,0.6816757902596086,1.2180564250206407
2026_R12_west_coast_v_essendon_2026-05-31,2026,12,13111,Harley Reid,west_coast,3,0.19732300643390283,0.17432241154289235,0.15112461382179831,1.0917384562092916
2026_R12_west_coast_v_essendon_2026-05-31,2026,12,13292,Willem Duursma,west_coast,2,0.13255265253096196,0.12943475238165786,0.12478801353062643,0.781315475886828
2026_R12_west_coast_v_essendon_2026-05-31,2026,12,13240,Tom McCarthy,west_coast,1,0.131574252616722,0.12866512987267928,0.12424276743475823,0.7762957850302828
2026_R12_western_bulldogs_v_collingwood_2026-05-30,2026,12,12943,Nick Daicos,collingwood,3,0.3298674879783873,0.24637198010152883,0.17494384681520508,1.6572902709534245
2026_R12_western_bulldogs_v_collingwood_2026-05-30,2026,12,12605,Ed Richards,western_bulldogs,2,0.1618013904629807,0.16956798461953143,0.16609085257890127,0.9906309932069062
2026_R12_western_bulldogs_v_collingwood_2026-05-30,2026,12,12318,Jordan de Goey,collingwood,1,0.14540802599058233,0.15582228322296632,0.15819063984900877,0.9060592842666884
2026_R13_adelaide_v_geelong_2026-06-04,2026,13,12516,Jordan Dawson,adelaide,3,0.6145589832722644,0.2548038547425582,0.09151786221729671,2.444802521519206
2026_R13_adelaide_v_geelong_2026-06-04,2026,13,12692,Bailey Smith,geelong,2,0.1332414173598758,0.24790411345853697,0.22136947958726172,1.116901958583963
2026_R13_adelaide_v_geelong_2026-06-04,2026,13,11700,Patrick Dangerfield,geelong,1,0.07042665561805418,0.1359552287643629,0.16961678016117634,0.6528072045440647
2026_R13_collingwood_v_melbourne_2026-06-08,2026,13,12943,Nick Daicos,collingwood,3,0.47598790031646393,0.4105909091886524,0.09617861041003313,2.34532412973673
2026_R13_collingwood_v_melbourne_2026-06-08,2026,13,12771,Kysaiah Pickett,melbourne,2,0.43600942211392146,0.43515751761865384,0.10805863840602743,2.286401939985099
2026_R13_collingwood_v_melbourne_2026-06-08,2026,13,11966,Max Gawn,melbourne,1,0.033307738947337566,0.05776936158075355,0.29822917438831936,0.5136911143918391
2026_R13_essendon_v_carlton_2026-06-07,2026,13,12925,Sam Durham,essendon,3,0.2277203806214447,0.20153696375420577,0.17165965125679872,1.2578947206295443
2026_R13_essendon_v_carlton_2026-06-07,2026,13,12241,Zach Merrett,essendon,2,0.20243770222141172,0.18764323346717326,0.16774064702110278,1.1503402206196844
2026_R13_essendon_v_carlton_2026-06-07,2026,13,12411,George Hewett,carlton,1,0.17118600250460553,0.16715067856174987,0.15921271613192522,1.0070720807692415
2026_R13_gold_coast_v_brisbane_lions_2026-06-06,2026,13,13137,Logan Morris,brisbane_lions,3,0.8912382539611765,0.10728755906716085,0.0014612106403520094,2.8897510906582036
2026_R13_gold_coast_v_brisbane_lions_2026-06-06,2026,13,12055,Lachie Neale,brisbane_lions,2,0.10203405599166836,0.8359518797365664,0.05860887352293038,2.0366148009710683
2026_R13_gold_coast_v_brisbane_lions_2026-06-06,2026,13,12743,John Noble,gold_coast,1,0.002300946845410999,0.01942115034403053,0.31893292835234555,0.3646780695766396
2026_R13_hawthorn_v_western_bulldogs_2026-06-05,2026,13,12354,Bailey Dale,western_bulldogs,3,0.40518700874271774,0.29797321544136773,0.17928938445480969,1.990796841565698
2026_R13_hawthorn_v_western_bulldogs_2026-06-05,2026,13,12915,Jai Newcombe,hawthorn,2,0.28092511910649504,0.2900019345840794,0.2258495835608981,1.648628810048542
2026_R13_hawthorn_v_western_bulldogs_2026-06-05,2026,13,12269,Marcus Bontempelli,western_bulldogs,1,0.1331619688995969,0.16879209282115615,0.22970657168669417,0.9667766640277972
2026_R13_north_melbourne_v_fremantle_2026-06-06,2026,13,13129,Patrick Voss,fremantle,3,0.5183564819309207,0.2726325747887479,0.1285787749703172,2.228913370340575
2026_R13_north_melbourne_v_fremantle_2026-06-06,2026,13,12589,Andrew Brayshaw,fremantle,2,0.15020758089238073,0.21366888500129866,0.2042292542021643,1.0821897668819038
2026_R13_north_melbourne_v_fremantle_2026-06-06,2026,13,12779,Luke Jackson,fremantle,1,0.07416724225493179,0.11291314705728117,0.14130004385887557,0.5896280647382333
2026_R13_sydney_v_st_kilda_2026-06-07,2026,13,12326,Isaac Heeney,sydney,3,0.5996043506727672,0.2587532646838245,0.09778426244435535,2.414103843830306
2026_R13_sydney_v_st_kilda_2026-06-07,2026,13,12797,Chad Warner,sydney,2,0.1334049771981864,0.24024362901736743,0.23010808402295146,1.1108102736522456
2026_R13_sydney_v_st_kilda_2026-06-07,2026,13,12950,Nasiah Wanganeen-Milera,st_kilda,1,0.10404105875419882,0.18795942700973994,0.21416908691265446,0.9022111171947308
2026_R13_west_coast_v_port_adelaide_2026-06-06,2026,13,12956,Jason Horne-Francis,port_adelaide,3,0.38112735530987596,0.25533794690411693,0.16180552608431198,1.8158634858221738
2026_R13_west_coast_v_port_adelaide_2026-06-06,2026,13,12698,Zak Butters,port_adelaide,2,0.1527065639175372,0.16883175145126292,0.16148885131498358,0.957272045970121
2026_R13_west_coast_v_port_adelaide_2026-06-06,2026,13,13240,Tom McCarthy,west_coast,1,0.08833661152211807,0.10503916499322322,0.11583299549583229,0.5909211600486329
2026_R14_geelong_v_gold_coast_2026-06-12,2026,14,12881,Max Holmes,geelong,3,0.7006455604948383,0.23112565319840797,0.05558941413204057,2.6197774020133715
2026_R14_geelong_v_gold_coast_2026-06-12,2026,14,12692,Bailey Smith,geelong,2,0.15232878180819814,0.3789264874445918,0.2494791929738412,1.464318513287619
2026_R14_geelong_v_gold_coast_2026-06-12,2026,14,12974,Oliver Dempsey,geelong,1,0.038310499457438675,0.1009052783983769,0.17260935533077257,0.48935141049984243
2026_R14_melbourne_v_essendon_2026-06-13,2026,14,12771,Kysaiah Pickett,melbourne,3,0.8954431178217506,0.09874494713875329,0.005575165767740191,2.8893944135104985
2026_R14_melbourne_v_essendon_2026-06-13,2026,14,11966,Max Gawn,melbourne,2,0.07200168172337103,0.61964827910385,0.22308812057366137,1.6783897239514745
2026_R14_melbourne_v_essendon_2026-06-13,2026,14,12567,Will Setterfield,essendon,1,0.009301066671625358,0.08104729447563341,0.2189453405801714,0.4089431295463143
2026_R14_north_melbourne_v_west_coast_2026-06-13,2026,14,13034,Harry Sheezel,north_melbourne,3,0.8468377459689975,0.13297989824766054,0.017870710525048263,2.824343744927362
2026_R14_north_melbourne_v_west_coast_2026-06-13,2026,14,11905,Jack Darling,north_melbourne,2,0.05059135516455987,0.28394489529626915,0.2354636564996422,0.95512751258586
2026_R14_north_melbourne_v_west_coast_2026-06-13,2026,14,12563,Nick Larkey,north_melbourne,1,0.02514735555305303,0.14218982644845876,0.165158726353208,0.5249804459092846
2026_R14_port_adelaide_v_sydney_2026-06-13,2026,14,12326,Isaac Heeney,sydney,3,0.3084282659432438,0.23479313480525438,0.1718429728189698,1.5667140402592101
2026_R14_port_adelaide_v_sydney_2026-06-13,2026,14,12797,Chad Warner,sydney,2,0.1288372075459477,0.1374595201242604,0.1405218731158005,0.8019525360021644
2026_R14_port_adelaide_v_sydney_2026-06-13,2026,14,12217,Brodie Grundy,sydney,1,0.12795082094921426,0.1364679099056423,0.1398046459554501,0.7965929286143774
2026_R14_richmond_v_brisbane_lions_2026-06-14,2026,14,13040,Will Ashcroft,brisbane_lions,3,0.934587189744613,0.062003374060805264,0.0032731235167424086,2.9310414408721917
2026_R14_richmond_v_brisbane_lions_2026-06-14,2026,14,12055,Lachie Neale,brisbane_lions,2,0.01813481800629147,0.25948551918670976,0.25058052641119805,0.823956018803492
2026_R14_richmond_v_brisbane_lions_2026-06-14,2026,14,12610,Zac Bailey,brisbane_lions,1,0.016790176540576254,0.24083347970662167,0.23960946252489365,0.7716469515598657
2026_R14_st_kilda_v_greater_western_sydney_2026-06-14,2026,14,12950,Nasiah Wanganeen-Milera,st_kilda,3,0.4308507129664228,0.3433992388179915,0.155070547684396,2.1344211642196473
2026_R14_st_kilda_v_greater_western_sydney_2026-06-14,2026,14,12600,Liam Ryan,st_kilda,2,0.3722645155931992,0.357564480522798,0.1780173367657242,2.009939844590918
2026_R14_st_kilda_v_greater_western_sydney_2026-06-14,2026,14,12410,Clayton Oliver,greater_western_sydney,1,0.0565012120272818,0.08440156069861116,0.18538157680205547,0.5236883342811232
2026_R14_western_bulldogs_v_adelaide_2026-06-11,2026,14,12516,Jordan Dawson,adelaide,3,0.9525978086515676,0.045566243346999186,0.001779119022586238,2.9507050316712875
2026_R14_western_bulldogs_v_adelaide_2026-06-11,2026,14,12165,Rory Laird,adelaide,2,0.015403877112855142,0.3068461056433663,0.2606684600172576,0.9205723026425556
2026_R14_western_bulldogs_v_adelaide_2026-06-11,2026,14,12849,Sam Berry,adelaide,1,0.010959729393176418,0.2267054281078663,0.22926789871130088,0.7155579431065628
2026_R15_adelaide_v_melbourne_2026-06-20,2026,15,11966,Max Gawn,melbourne,3,0.3067547532958285,0.22459300541046745,0.16048913745362947,1.5299394081620499
2026_R15_adelaide_v_melbourne_2026-06-20,2026,15,12849,Sam Berry,adelaide,2,0.1091371697533873,0.11654391130397632,0.11772810236774484,0.6782274342358594
2026_R15_adelaide_v_melbourne_2026-06-20,2026,15,12516,Jordan Dawson,adelaide,1,0.0987587000801881,0.10638157756993698,0.10932130386057186,0.6183605592410101
2026_R15_collingwood_v_port_adelaide_2026-06-20,2026,15,12943,Nick Daicos,collingwood,3,0.9008805111874244,0.09526475976430701,0.0037485467109645313,2.8969195998018518
2026_R15_collingwood_v_port_adelaide_2026-06-20,2026,15,12318,Jordan de Goey,collingwood,2,0.07802895698943049,0.7107058362268777,0.17138771608765385,1.8268862595097006
2026_R15_collingwood_v_port_adelaide_2026-06-20,2026,15,12956,Jason Horne-Francis,port_adelaide,1,0.006164197084941999,0.05663833412172563,0.23745391669852212,0.36922317619679934
2026_R15_fremantle_v_geelong_2026-06-18,2026,15,12779,Luke Jackson,fremantle,3,0.8924640278682858,0.10302373894689074,0.004373651631946176,2.887813213130585
2026_R15_fremantle_v_geelong_2026-06-18,2026,15,12589,Andrew Brayshaw,fremantle,2,0.08444710997912008,0.7027417889544425,0.1707601829532514,1.8295850907994968
2026_R15_fremantle_v_geelong_2026-06-18,2026,15,13180,Murphy Reid,fremantle,1,0.007724787534273113,0.06496799315045085,0.27164556338739754,0.4247559122911186
2026_R15_gold_coast_v_hawthorn_2026-06-19,2026,15,12915,Jai Newcombe,hawthorn,3,0.7102967852296518,0.22810040914492044,0.05054340496327489,2.637634578942071
2026_R15_gold_coast_v_hawthorn_2026-06-19,2026,15,12767,Noah Anderson,gold_coast,2,0.17191209821297926,0.44168831296829036,0.23365555098492788,1.6327684715604465
2026_R15_gold_coast_v_hawthorn_2026-06-19,2026,15,12521,Ben Long,gold_coast,1,0.025241811704448017,0.06771745663059345,0.14463994590067517,0.3558002942752061
2026_R15_greater_western_sydney_v_carlton_2026-06-20,2026,15,12411,George Hewett,carlton,3,0.2999483004370156,0.2699647945596826,0.22285874468366693,1.662633235114079
2026_R15_greater_western_sydney_v_carlton_2026-06-20,2026,15,12684,Sam Walsh,carlton,2,0.28367889309991595,0.2649687299400713,0.22832572824964875,1.6092998674295391
2026_R15_greater_western_sydney_v_carlton_2026-06-20,2026,15,12261,Patrick Cripps,carlton,1,0.24849822007959904,0.24791783265701492,0.23804124810706762,1.4793715736598947
2026_R15_richmond_v_north_melbourne_2026-06-21,2026,15,12373,Caleb Daniel,north_melbourne,3,0.5258958653217501,0.2967108980209356,0.12448458910149204,2.2955939811086137
2026_R15_richmond_v_north_melbourne_2026-06-21,2026,15,13034,Harry Sheezel,north_melbourne,2,0.24802917708254546,0.33567848731393357,0.2320065256282588,1.6474510315037625
2026_R15_richmond_v_north_melbourne_2026-06-21,2026,15,13263,Cooper Trembath,north_melbourne,1,0.07821783559678361,0.12460019562985275,0.20851018476504737,0.6923640828151036
2026_R15_st_kilda_v_western_bulldogs_2026-06-21,2026,15,12269,Marcus Bontempelli,western_bulldogs,3,0.6555341947644313,0.2674321101936702,0.0643869967509147,2.565853801431549
2026_R15_st_kilda_v_western_bulldogs_2026-06-21,2026,15,12950,Nasiah Wanganeen-Milera,st_kilda,2,0.21649729810625673,0.4404250275024465,0.22803227735048542,1.7583742266741487
2026_R15_st_kilda_v_western_bulldogs_2026-06-21,2026,15,13125,Hugo Garcia,st_kilda,1,0.04724026282808559,0.10682416173587281,0.25097027701455926,0.6063393889705617
2026_R16_brisbane_lions_v_sydney_2026-06-25,2026,16,12797,Chad Warner,sydney,3,0.6607012724491362,0.2481412153416073,0.0706341826713954,2.549020430702019
2026_R16_brisbane_lions_v_sydney_2026-06-25,2026,16,13040,Will Ashcroft,brisbane_lions,2,0.1689985412728259,0.35905466096646377,0.24319544128522735,1.4683003870366325
2026_R16_brisbane_lions_v_sydney_2026-06-25,2026,16,12326,Isaac Heeney,sydney,1,0.03364626736566664,0.07741378648815611,0.1322989727874277,0.3880653478607398
2026_R16_carlton_v_west_coast_2026-06-27,2026,16,12261,Patrick Cripps,carlton,3,0.7055452872352548,0.21938474567571586,0.058840767488408996,2.6142461205456047
2026_R16_carlton_v_west_coast_2026-06-27,2026,16,12684,Sam Walsh,carlton,2,0.08767851397014076,0.2293143507447426,0.22649905514951285,0.9481632985494203
2026_R16_carlton_v_west_coast_2026-06-27,2026,16,12411,George Hewett,carlton,1,0.05802619037993563,0.1540368744295087,0.1840912090645041,0.6662435290633284
2026_R16_collingwood_v_richmond_2026-06-27,2026,16,12943,Nick Daicos,collingwood,3,0.969533645757539,0.029824785534664416,0.000631434676699739,2.9688819430186455
2026_R16_collingwood_v_richmond_2026-06-27,2026,16,12504,Tim Taranto,richmond,2,0.01609946581858457,0.5029054755158063,0.268503201162409,1.3226125496497754
2026_R16_collingwood_v_richmond_2026-06-27,2026,16,12318,Jordan de Goey,collingwood,1,0.003979044386931272,0.12975058328655575,0.19501603099302248,0.46645433072692777
2026_R16_fremantle_v_gold_coast_2026-06-28,2026,16,12589,Andrew Brayshaw,fremantle,3,0.6054752719504138,0.25021584394900004,0.09574824821879113,2.412605751968033
2026_R16_fremantle_v_gold_coast_2026-06-28,2026,16,12779,Luke Jackson,fremantle,2,0.0806225723352792,0.14944902524890286,0.1614277506044856,0.7021935181081289
2026_R16_fremantle_v_gold_coast_2026-06-28,2026,16,12535,Shai Bolton,fremantle,1,0.06947464131096757,0.13087196573685395,0.14737216784857693,0.6175400232551875
2026_R16_hawthorn_v_greater_western_sydney_2026-06-26,2026,16,12915,Jai Newcombe,hawthorn,3,0.3258920238381596,0.2588922436462596,0.186988082091933,1.682448640898931
2026_R16_hawthorn_v_greater_western_sydney_2026-06-26,2026,16,12410,Clayton Oliver,greater_western_sydney,2,0.23619792741700685,0.22831562126332375,0.1979401919200782,1.3631652166977464
2026_R16_hawthorn_v_greater_western_sydney_2026-06-26,2026,16,12969,Finn Callaghan,greater_western_sydney,1,0.16323031311491654,0.1748813097026666,0.18293286521769697,1.0223864239677798
2026_R16_north_melbourne_v_essendon_2026-06-28,2026,16,13034,Harry Sheezel,north_melbourne,3,0.8521995200577455,0.13145199883625777,0.01498094193038916,2.834483499776141
2026_R16_north_melbourne_v_essendon_2026-06-28,2026,16,12373,Caleb Daniel,north_melbourne,2,0.06965746754145034,0.40731905675907243,0.2821030423019048,1.3057135584444008
2026_R16_north_melbourne_v_essendon_2026-06-28,2026,16,12590,Luke Davies-Uniacke,north_melbourne,1,0.03403914772209774,0.1990122168665454,0.27161509199088557,0.7717569688902697
2026_R16_port_adelaide_v_adelaide_2026-06-27,2026,16,12698,Zak Butters,port_adelaide,3,0.8968029832143283,0.09804887001173218,0.005019040345741612,2.891525730012191
2026_R16_port_adelaide_v_adelaide_2026-06-27,2026,16,12956,Jason Horne-Francis,port_adelaide,2,0.07362236292952933,0.6450772949770482,0.23270416566404634,1.7437258444067307
2026_R16_port_adelaide_v_adelaide_2026-06-27,2026,16,12584,Darcy Fogarty,adelaide,1,0.019472017459514615,0.16792077634063873,0.482763684131787,0.8770212891916083
2026_R17_essendon_v_st_kilda_2026-07-05,2026,17,12950,Nasiah Wanganeen-Milera,st_kilda,3,0.9057957298044876,0.08836282779429214,0.00562146047807295,2.8997343054801203
2026_R17_essendon_v_st_kilda_2026-07-05,2026,17,12060,Bradley Hill,st_kilda,2,0.04911894457925835,0.4741495331279213,0.30892505852318564,1.4045809585168034
2026_R17_essendon_v_st_kilda_2026-07-05,2026,17,13193,Max Hall,st_kilda,1,0.025834078963068823,0.25018747798598195,0.3577178437158146,0.935595036576985
2026_R17_geelong_v_brisbane_lions_2026-07-02,2026,17,11700,Patrick Dangerfield,geelong,3,0.290071204265538,0.2453286924561221,0.18971689265983568,1.5505878903686938
2026_R17_geelong_v_brisbane_lions_2026-07-02,2026,17,13040,Will Ashcroft,brisbane_lions,2,0.26369673306811925,0.23696775552278468,0.19311207965325544,1.4581377899031827
2026_R17_geelong_v_brisbane_lions_2026-07-02,2026,17,12968,Kai Lohmann,brisbane_lions,1,0.1501026125851591,0.16195811611466313,0.17358241901331434,0.9478064889981179
2026_R17_gold_coast_v_collingwood_2026-07-04,2026,17,12943,Nick Daicos,collingwood,3,0.8517347812722793,0.12824033878121022,0.017568738015449774,2.829253759394708
2026_R17_gold_coast_v_collingwood_2026-07-04,2026,17,13278,Zeke Uwland,gold_coast,2,0.028275886456116145,0.16484321577034444,0.1666416235403158,0.5811557144493531
2026_R17_gold_coast_v_collingwood_2026-07-04,2026,17,12300,Tim Membrey,collingwood,1,0.027571646592386936,0.16074393138721893,0.16346337052722204,0.5676661730788207
2026_R17_greater_western_sydney_v_fremantle_2026-07-04,2026,17,12167,Jake Stringer,greater_western_sydney,3,0.6882176753096011,0.2427403007558565,0.05841062635969932,2.6085442538002157
2026_R17_greater_western_sydney_v_fremantle_2026-07-04,2026,17,12025,Toby Greene,greater_western_sydney,2,0.16984887315619773,0.4000591593767697,0.26639582242951376,1.5760607606516464
2026_R17_greater_western_sydney_v_fremantle_2026-07-04,2026,17,12410,Clayton Oliver,greater_western_sydney,1,0.06636256710353591,0.16471151464991876,0.29315331859441,0.8216640492048553
2026_R17_hawthorn_v_melbourne_2026-07-04,2026,17,13048,Jacob van Rooyen,melbourne,3,0.9376734354528602,0.059310792507105595,0.0029068050475483873,2.9345486964203404
2026_R17_hawthorn_v_melbourne_2026-07-04,2026,17,12485,Mabior Chol,hawthorn,2,0.022870803820431166,0.34407804320112323,0.27960469679275246,1.0363731946562924
2026_R17_hawthorn_v_melbourne_2026-07-04,2026,17,11966,Max Gawn,melbourne,1,0.014330406030061152,0.21625332461012003,0.2415320094026352,0.7170298767130587
2026_R17_port_adelaide_v_north_melbourne_2026-07-05,2026,17,13034,Harry Sheezel,north_melbourne,3,0.6976261520143288,0.22706375047078006,0.060533426462798134,2.607539383447344
2026_R17_port_adelaide_v_north_melbourne_2026-07-05,2026,17,12590,Luke Davies-Uniacke,north_melbourne,2,0.09653982106257818,0.24400822700211944,0.25471848687008003,1.0323544040620534
2026_R17_port_adelaide_v_north_melbourne_2026-07-05,2026,17,12956,Jason Horne-Francis,port_adelaide,1,0.09115528035053005,0.23074534941020153,0.25133354363334054,0.9862900835053339
2026_R17_richmond_v_carlton_2026-07-04,2026,17,12411,George Hewett,carlton,3,0.44212971402471724,0.2820988179485292,0.15711530747623553,2.0477020854474457
2026_R17_richmond_v_carlton_2026-07-04,2026,17,12261,Patrick Cripps,carlton,2,0.21063757680942888,0.24648772013114656,0.21723307948885062,1.3421212501794304
2026_R17_richmond_v_carlton_2026-07-04,2026,17,13274,Jagga Smith,carlton,1,0.1363353008942734,0.17366964201115434,0.2022822666993162,0.9586274534044452
2026_R17_sydney_v_western_bulldogs_2026-07-03,2026,17,12421,Charlie Curnow,sydney,3,0.9032576600871935,0.08882899374629483,0.007363426238613701,2.894794393992784
2026_R17_sydney_v_western_bulldogs_2026-07-03,2026,17,12326,Isaac Heeney,sydney,2,0.031850183082192236,0.30137851419565315,0.24197615152116905,0.940283729159052
2026_R17_sydney_v_western_bulldogs_2026-07-03,2026,17,12354,Bailey Dale,western_bulldogs,1,0.014936275357299019,0.13889049531111045,0.15901672626099345,0.4816065429551114
2026_R17_west_coast_v_adelaide_2026-07-03,2026,17,12516,Jordan Dawson,adelaide,3,0.7408501063999136,0.20453139629588607,0.04516332863309522,2.6767764404246077
2026_R17_west_coast_v_adelaide_2026-07-03,2026,17,12798,Izak Rankine,adelaide,2,0.10976262620715488,0.32952598944991884,0.2628129289540959,1.2511527864753982
2026_R17_west_coast_v_adelaide_2026-07-03,2026,17,12584,Darcy Fogarty,adelaide,1,0.05929245768169261,0.18424932170797165,0.23984349005608818,0.7862195065171094
2026_R18_adelaide_v_gold_coast_2026-07-11,2026,18,12798,Izak Rankine,adelaide,3,0.5344804158418279,0.2875967722339878,0.127871233610949,2.3065060256044085
2026_R18_adelaide_v_gold_coast_2026-07-11,2026,18,11713,Taylor Walker,adelaide,2,0.18219876197872026,0.26718624142638525,0.26505489173069435,1.3460236605196256
2026_R18_adelaide_v_gold_coast_2026-07-11,2026,18,12516,Jordan Dawson,adelaide,1,0.14105900838048016,0.21482862755578594,0.2631134917601491,1.1159477720131616
2026_R18_brisbane_lions_v_essendon_2026-07-12,2026,18,13040,Will Ashcroft,brisbane_lions,3,0.7814336660118248,0.2112279792310907,0.007178653837139955,2.773935610334796
2026_R18_brisbane_lions_v_essendon_2026-07-12,2026,18,12055,Lachie Neale,brisbane_lions,2,0.2029185433177384,0.7274298502941647,0.0651059430986987,2.1287212736402434
2026_R18_brisbane_lions_v_essendon_2026-07-12,2026,18,12610,Zac Bailey,brisbane_lions,1,0.004715345980030906,0.018563999107860767,0.27966813971157173,0.330942175867386
2026_R18_carlton_v_hawthorn_2026-07-11,2026,18,12954,Connor Macdonald,hawthorn,3,0.24951225979599267,0.2128880375860613,0.1730181459940915,1.3473310005541923
2026_R18_carlton_v_hawthorn_2026-07-11,2026,18,12927,Jack Ginnivan,hawthorn,2,0.21725058457971663,0.19825493748754047,0.17141506181557697,1.219676690529808
2026_R18_carlton_v_hawthorn_2026-07-11,2026,18,11845,Jack Gunston,hawthorn,1,0.12145122188268148,0.12774252506668068,0.13307380254967924,0.7529125183310851
2026_R18_collingwood_v_north_melbourne_2026-07-10,2026,18,12943,Nick Daicos,collingwood,3,0.34462041694495527,0.2620274623039245,0.18332820553389492,1.7412443809766096
2026_R18_collingwood_v_north_melbourne_2026-07-10,2026,18,12573,Josh Daicos,collingwood,2,0.20052031934988768,0.20992503599116577,0.19985692625302207,1.2212679562850166
2026_R18_collingwood_v_north_melbourne_2026-07-10,2026,18,12660,Darcy Cameron,collingwood,1,0.19560070263135232,0.20241654919287527,0.1954494061677498,1.1870846124475574
2026_R18_fremantle_v_sydney_2026-07-09,2026,18,12887,Josh Treacy,fremantle,3,0.5286561138595509,0.26699102347665027,0.12388626226227949,2.243836650794233
2026_R18_fremantle_v_sydney_2026-07-09,2026,18,12421,Charlie Curnow,sydney,2,0.11699416176767512,0.17681867340598872,0.1851618984852401,0.8897817306002429
2026_R18_fremantle_v_sydney_2026-07-09,2026,18,12786,Caleb Serong,fremantle,1,0.09092698362651111,0.1400413290605617,0.16080842666497097,0.7136720356656276
2026_R18_greater_western_sydney_v_geelong_2026-07-11,2026,18,13104,Shaun Mannagh,geelong,3,0.5543327314610538,0.2808939931888905,0.11596194265957,2.340748123420512
2026_R18_greater_western_sydney_v_geelong_2026-07-11,2026,18,12410,Clayton Oliver,greater_western_sydney,2,0.19397250772682484,0.2883052510720686,0.24202580971077287,1.4005538350353846
2026_R18_greater_western_sydney_v_geelong_2026-07-11,2026,18,12025,Toby Greene,greater_western_sydney,1,0.10659939827183221,0.17579198764234377,0.23620691696029106,0.9075890870604753
2026_R18_melbourne_v_richmond_2026-07-12,2026,18,13048,Jacob van Rooyen,melbourne,3,0.8559240553017675,0.1278047808859044,0.014885826580257545,2.838267554257369
2026_R18_melbourne_v_richmond_2026-07-12,2026,18,12931,Jake Bowey,melbourne,2,0.05483115632077906,0.331140169290933,0.27827756532311526,1.1050513728673184
2026_R18_melbourne_v_richmond_2026-07-12,2026,18,12693,Tom Sparrow,melbourne,1,0.0346295902336722,0.2091720745735817,0.24612223604901975,0.7683551558971997
2026_R18_st_kilda_v_port_adelaide_2026-07-11,2026,18,12564,Rowan Marshall,st_kilda,3,0.24410866343812504,0.22284507133072928,0.19419788628331963,1.3722140192591532
2026_R18_st_kilda_v_port_adelaide_2026-07-11,2026,18,12060,Bradley Hill,st_kilda,2,0.24090849495742517,0.22124194173099437,0.194146175084204,1.3593555434184683
2026_R18_st_kilda_v_port_adelaide_2026-07-11,2026,18,12950,Nasiah Wanganeen-Milera,st_kilda,1,0.20295506639572747,0.19884048233934604,0.18966633250813975,1.1962124963740142
2026_R18_western_bulldogs_v_west_coast_2026-07-12,2026,18,12269,Marcus Bontempelli,western_bulldogs,3,0.41716024581541106,0.30775129396059386,0.19231503572443542,2.059298361091856
2026_R18_western_bulldogs_v_west_coast_2026-07-12,2026,18,12594,Aaron Naughton,western_bulldogs,2,0.24734676923502658,0.2799452490003307,0.28317583339472624,1.5851066391004673
2026_R18_western_bulldogs_v_west_coast_2026-07-12,2026,18,12605,Ed Richards,western_bulldogs,1,0.23541409954578585,0.26972911178513637,0.2903231828222504,1.5360237050298806
2026_R19_collingwood_v_carlton_2026-07-18,2026,19,12943,Nick Daicos,collingwood,3,0.5270609980883446,0.3264737119317572,0.1104605831132952,2.3445910012418434
2026_R19_collingwood_v_carlton_2026-07-18,2026,19,12261,Patrick Cripps,carlton,2,0.3138433113471553,0.40090647057398177,0.1898847257596506,1.93322760094908
2026_R19_collingwood_v_carlton_2026-07-18,2026,19,12660,Darcy Cameron,collingwood,1,0.037329053672400456,0.06315475001690561,0.1605212451491194,0.398817906200132
2026_R19_essendon_v_greater_western_sydney_2026-07-19,2026,19,12241,Zach Merrett,essendon,3,0.7397647077118954,0.19993609300147971,0.047827784273524174,2.66699409341217
2026_R19_essendon_v_greater_western_sydney_2026-07-19,2026,19,12899,Nick Bryan,essendon,2,0.06842654548575591,0.2093169222960401,0.20785496726738534,0.8317684483167334
2026_R19_essendon_v_greater_western_sydney_2026-07-19,2026,19,12925,Sam Durham,essendon,1,0.06277975287737367,0.19187582156457633,0.2017281445111934,0.773819046272467
2026_R19_geelong_v_st_kilda_2026-07-16,2026,19,12564,Rowan Marshall,st_kilda,3,0.4703837280548516,0.41114769800430245,0.09866913418851606,2.332115714361676
2026_R19_geelong_v_st_kilda_2026-07-16,2026,19,12692,Bailey Smith,geelong,2,0.43908093703366996,0.43034535905981275,0.10788053911847921,2.285814068339115
2026_R19_geelong_v_st_kilda_2026-07-16,2026,19,12689,Gryan Miers,geelong,1,0.022102827880135754,0.038513409953263245,0.19423908799722095,0.3375743915441547
2026_R19_gold_coast_v_western_bulldogs_2026-07-19,2026,19,12269,Marcus Bontempelli,western_bulldogs,3,0.7286085553709345,0.20893441212547947,0.05032181891158223,2.654016309275345
2026_R19_gold_coast_v_western_bulldogs_2026-07-19,2026,19,12331,Touk Miller,gold_coast,2,0.09649067778270486,0.27509251750817654,0.24338808726858402,1.0830451556330516
2026_R19_gold_coast_v_western_bulldogs_2026-07-19,2026,19,12455,Matthew Kennedy,western_bulldogs,1,0.0552082991719698,0.16143538488915565,0.19860796127689312,0.6871036285711138
2026_R19_north_melbourne_v_melbourne_2026-07-18,2026,19,12693,Tom Sparrow,melbourne,3,0.6035432896389732,0.3117033766649078,0.07165975137527553,2.505696373622011
2026_R19_north_melbourne_v_melbourne_2026-07-18,2026,19,12771,Kysaiah Pickett,melbourne,2,0.28967218747954326,0.4701480064047627,0.17928793450962924,1.9886005097577844
2026_R19_north_melbourne_v_melbourne_2026-07-18,2026,19,13034,Harry Sheezel,north_melbourne,1,0.03967619353328525,0.0805349491491333,0.2717578955539801,0.5518563744521024
2026_R19_port_adelaide_v_fremantle_2026-07-18,2026,19,12786,Caleb Serong,fremantle,3,0.2941692465400535,0.2376744969980068,0.18038826756054469,1.5382450011767186
2026_R19_port_adelaide_v_fremantle_2026-07-18,2026,19,12589,Andrew Brayshaw,fremantle,2,0.2111199618599218,0.20166322848880686,0.17984170154910673,1.2165280441064859
2026_R19_port_adelaide_v_fremantle_2026-07-18,2026,19,13139,Joe Richards,port_adelaide,1,0.15375835037795568,0.1601223237827834,0.16139192194274704,0.9429116206421808
2026_R19_richmond_v_hawthorn_2026-07-19,2026,19,12237,Jarman Impey,hawthorn,3,0.2838937025169932,0.2513976916629358,0.2102471545456565,1.5647236454225077
2026_R19_richmond_v_hawthorn_2026-07-19,2026,19,12636,Mitch Lewis,hawthorn,2,0.2580446197597694,0.24192133454795478,0.2146814835828924,1.47265801195811
2026_R19_richmond_v_hawthorn_2026-07-19,2026,19,13105,Nick Watson,hawthorn,1,0.18626239084251006,0.19762782698883885,0.20934275075081313,1.163385577256021
2026_R19_sydney_v_adelaide_2026-07-17,2026,19,12584,Darcy Fogarty,adelaide,3,0.2911097434534001,0.2431061127402676,0.18805359208078332,1.5475950479215188
2026_R19_sydney_v_adelaide_2026-07-17,2026,19,12798,Izak Rankine,adelaide,2,0.2334209830225997,0.22030889760421934,0.19295989546246606,1.3338406397387037
2026_R19_sydney_v_adelaide_2026-07-17,2026,19,12412,Tom Papley,sydney,1,0.1919235832024606,0.19361915890711384,0.18771883333934158,1.150727900760951
2026_R19_west_coast_v_brisbane_lions_2026-07-18,2026,19,12055,Lachie Neale,brisbane_lions,3,0.30707719599998434,0.2649270460640508,0.20467656089480837,1.6557622410228632
2026_R19_west_coast_v_brisbane_lions_2026-07-18,2026,19,13040,Will Ashcroft,brisbane_lions,2,0.2827391619584221,0.2573096900563909,0.2098054614451661,1.5726423274332142
2026_R19_west_coast_v_brisbane_lions_2026-07-18,2026,19,12968,Kai Lohmann,brisbane_lions,1,0.1929081145918698,0.20514432161098584,0.21720828359111571,1.2062212705886968
2026_R1_carlton_v_richmond_2026-03-12,2026,1,12261,Patrick Cripps,carlton,3,0.45720209294520137,0.27848920737709876,0.14831305519063123,2.0768977487804325
2026_R1_carlton_v_richmond_2026-03-12,2026,1,12684,Sam Walsh,carlton,2,0.20833100012415823,0.2482396162676126,0.20674359427554986,1.3282158271832496
2026_R1_carlton_v_richmond_2026-03-12,2026,1,12418,Jayden Short,richmond,1,0.08326623654804965,0.11267231704045988,0.14266429858109456,0.6178076423061633
2026_R1_collingwood_v_adelaide_2026-03-14,2026,1,12943,Nick Daicos,collingwood,3,0.6480485116911914,0.23992573851354038,0.0799921445186745,2.5039891566193293
2026_R1_collingwood_v_adelaide_2026-03-14,2026,1,12405,Wayne Milera,adelaide,2,0.08666386503988524,0.1832430215378434,0.1898085943262089,0.8162862325215514
2026_R1_collingwood_v_adelaide_2026-03-14,2026,1,12892,Riley Thilthorpe,adelaide,1,0.07039201413940113,0.15032579112228506,0.16639052253134815,0.6782181471941217
2026_R1_essendon_v_hawthorn_2026-03-13,2026,1,13105,Nick Watson,hawthorn,3,0.34143132092267225,0.2730628449678665,0.1801560871648233,1.750575739868573
2026_R1_essendon_v_hawthorn_2026-03-13,2026,1,11845,Jack Gunston,hawthorn,2,0.2973635621531013,0.2648939703988895,0.1886134898888815,1.6104921171459643
2026_R1_essendon_v_hawthorn_2026-03-13,2026,1,12954,Connor Macdonald,hawthorn,1,0.06476210863139498,0.08092345100989562,0.10721929545115792,0.4633525233651341
2026_R1_geelong_v_fremantle_2026-03-14,2026,1,12881,Max Holmes,geelong,3,0.28095643857351216,0.23457227480358672,0.18698550554425786,1.4989993708719678
2026_R1_geelong_v_fremantle_2026-03-14,2026,1,12992,Shannon Neale,geelong,2,0.17973803662472398,0.17889889905624248,0.17359260966814083,1.0706045176547978
2026_R1_geelong_v_fremantle_2026-03-14,2026,1,12692,Bailey Smith,geelong,1,0.15810663732591987,0.1645022011555416,0.1680860995299694,0.9714104138188122
2026_R1_gold_coast_v_west_coast_2026-03-15,2026,1,12430,Christian Petracca,gold_coast,3,0.6747663686107452,0.25830235570081206,0.05765871048986076,2.59856252772372
2026_R1_gold_coast_v_west_coast_2026-03-15,2026,1,12767,Noah Anderson,gold_coast,2,0.21128363178005763,0.4628794013680094,0.23338954231851425,1.792999240394706
2026_R1_gold_coast_v_west_coast_2026-03-15,2026,1,12728,Ben King,gold_coast,1,0.04330955912544788,0.10635388936755702,0.26806898748325847,0.6107054435947161
2026_R1_melbourne_v_st_kilda_2026-03-15,2026,1,13048,Jacob van Rooyen,melbourne,3,0.6606157149484666,0.25617543909701235,0.07168447332753347,2.565882496366958
2026_R1_melbourne_v_st_kilda_2026-03-15,2026,1,11966,Max Gawn,melbourne,2,0.15213928937033427,0.3188772878275449,0.3373131654414373,1.43148560920753
2026_R1_melbourne_v_st_kilda_2026-03-15,2026,1,13193,Max Hall,st_kilda,1,0.13707168478989082,0.3058792184456469,0.3557101606184332,1.3786836518793995
2026_R1_north_melbourne_v_port_adelaide_2026-03-15,2026,1,13034,Harry Sheezel,north_melbourne,3,0.36384533451481194,0.2865595983879,0.18398023998737764,1.8486354403076135
2026_R1_north_melbourne_v_port_adelaide_2026-03-15,2026,1,12796,Dylan Stephens,north_melbourne,2,0.3047010527326767,0.27969414381419355,0.20051536179790083,1.674006807624318
2026_R1_north_melbourne_v_port_adelaide_2026-03-15,2026,1,11953,Luke Parker,north_melbourne,1,0.10905857225023302,0.13655521498812517,0.1815136465494683,0.7817997932764177
2026_R1_sydney_v_brisbane_lions_2026-03-14,2026,1,12844,Joel Amartey,sydney,3,0.7785862231369384,0.1757558594526354,0.0369525559905404,2.7242229443066264
2026_R1_sydney_v_brisbane_lions_2026-03-14,2026,1,12699,Nick Blakey,sydney,2,0.036534801411840234,0.13168296650915187,0.14169798909291184,0.5146683263467363
2026_R1_sydney_v_brisbane_lions_2026-03-14,2026,1,12627,Tom McCartin,sydney,1,0.03241926547408601,0.11801405927000821,0.13069297182846565,0.46397888679074006
2026_R1_western_bulldogs_v_greater_western_sydney_2026-03-14,2026,1,12269,Marcus Bontempelli,western_bulldogs,3,0.5384304800335623,0.4212108359458833,0.03826284240530232,2.495975954397756
2026_R1_western_bulldogs_v_greater_western_sydney_2026-03-14,2026,1,12594,Aaron Naughton,western_bulldogs,2,0.4287947213856498,0.5141439967591205,0.053664201389165375,2.3683363590643554
2026_R1_western_bulldogs_v_greater_western_sydney_2026-03-14,2026,1,11898,Tom Liberatore,western_bulldogs,1,0.012019585006001417,0.02377180587461386,0.3347598096873364,0.41836217645456836
2026_R20_adelaide_v_collingwood_2026-07-23,2026,20,12943,Nick Daicos,collingwood,3,0.9087440340339781,0.08490947149018799,0.006011554254067914,2.9020625993363782
2026_R20_adelaide_v_collingwood_2026-07-23,2026,20,12660,Darcy Cameron,collingwood,2,0.036177788219059766,0.3579678945073148,0.28306296787727003,1.107532121549079
2026_R20_adelaide_v_collingwood_2026-07-23,2026,20,4182,Scott Pendlebury,collingwood,1,0.02678171383260735,0.27003686037532776,0.28503806240285856,0.9054569246513361
2026_R20_brisbane_lions_v_port_adelaide_2026-07-26,2026,20,13040,Will Ashcroft,brisbane_lions,3,0.5875630696234017,0.2803836678741869,0.10023716344279787,2.4236937080613767
2026_R20_brisbane_lions_v_port_adelaide_2026-07-26,2026,20,12610,Zac Bailey,brisbane_lions,2,0.2026783668796353,0.33616301105373103,0.2544798388470574,1.5348409615934253
2026_R20_brisbane_lions_v_port_adelaide_2026-07-26,2026,20,12076,Dayne Zorko,brisbane_lions,1,0.09332294539644385,0.16634176906555087,0.25938194665475,0.8720343209751833
2026_R20_carlton_v_gold_coast_2026-07-25,2026,20,12261,Patrick Cripps,carlton,3,0.5695420925796255,0.26365631576196596,0.10966268749253544,2.345601596755344
2026_R20_carlton_v_gold_coast_2026-07-25,2026,20,13274,Jagga Smith,carlton,2,0.11298776668590897,0.1883895726670675,0.19533829076824105,0.911080736160103
2026_R20_carlton_v_gold_coast_2026-07-25,2026,20,12684,Sam Walsh,carlton,1,0.07428659778203478,0.12664596801316036,0.15342490873870598,0.6295766381111311
2026_R20_fremantle_v_west_coast_2026-07-24,2026,20,12983,Jye Amiss,fremantle,3,0.8478194907868213,0.13191788570966095,0.0179263204826886,2.8252205642624744
2026_R20_fremantle_v_west_coast_2026-07-24,2026,20,13047,Matthew Johnson,fremantle,2,0.038767625692442666,0.22191323333563534,0.2099716657793243,0.770101009527923
2026_R20_fremantle_v_west_coast_2026-07-24,2026,20,12779,Luke Jackson,fremantle,1,0.023724532647698207,0.1352158037810906,0.15295985639588225,0.4945650619011581
2026_R20_greater_western_sydney_v_sydney_2026-07-25,2026,20,12862,Errol Gulden,sydney,3,0.6325896350159241,0.2888421153165933,0.06662006962407493,2.5420732053050337
2026_R20_greater_western_sydney_v_sydney_2026-07-25,2026,20,12797,Chad Warner,sydney,2,0.25397700529417155,0.4668286837994009,0.2019800912617239,1.8975684747430401
2026_R20_greater_western_sydney_v_sydney_2026-07-25,2026,20,12714,James Rowbottom,sydney,1,0.03802310838836406,0.08137497101689344,0.2408163400389316,0.5176356072378107
2026_R20_hawthorn_v_essendon_2026-07-25,2026,20,11845,Jack Gunston,hawthorn,3,0.7763110139094102,0.1935254811812296,0.027199896693320784,2.7431839007840106
2026_R20_hawthorn_v_essendon_2026-07-25,2026,20,12237,Jarman Impey,hawthorn,2,0.1437627668843377,0.5029727050739518,0.23424808072560988,1.6714817915265265
2026_R20_hawthorn_v_essendon_2026-07-25,2026,20,12955,Josh Ward,hawthorn,1,0.028088133864042915,0.10562183591183817,0.25144280650284556,0.5469508799186507
2026_R20_melbourne_v_geelong_2026-07-24,2026,20,12992,Shannon Neale,geelong,3,0.4249597673285943,0.27311289861788507,0.1551988536057566,1.9763039528273096
2026_R20_melbourne_v_geelong_2026-07-24,2026,20,12692,Bailey Smith,geelong,2,0.21111183767333697,0.23554219826208844,0.19354430661929173,1.2979642161634795
2026_R20_melbourne_v_geelong_2026-07-24,2026,20,12505,Tom Stewart,geelong,1,0.052408026317059056,0.0694122114524772,0.08919442513404913,0.3852429269901807
2026_R20_north_melbourne_v_st_kilda_2026-07-26,2026,20,12950,Nasiah Wanganeen-Milera,st_kilda,3,0.9997716965273591,0.00022826257548806596,4.0891213655379895e-08,2.999771655624267
2026_R20_north_melbourne_v_st_kilda_2026-07-26,2026,20,12060,Bradley Hill,st_kilda,2,9.238335125313044e-05,0.406684255999187,0.26750535180000323,1.0811510138521365
2026_R20_north_melbourne_v_st_kilda_2026-07-26,2026,20,13110,Darcy Wilson,st_kilda,1,4.2063296462589355e-05,0.18290912493857256,0.2046992661254431,0.570643705891976
2026_R20_western_bulldogs_v_richmond_2026-07-25,2026,20,12605,Ed Richards,western_bulldogs,3,0.68894543335441,0.28948940762067654,0.020497630760156836,2.6663127460647402
2026_R20_western_bulldogs_v_richmond_2026-07-25,2026,20,12269,Marcus Bontempelli,western_bulldogs,2,0.28022495462761127,0.6272976680882751,0.0832252691518787,2.178495469211263
2026_R20_western_bulldogs_v_richmond_2026-07-25,2026,20,12441,Bailey Williams,western_bulldogs,1,0.005806691248026104,0.015727430897296443,0.16843011009123726,0.21730504562990846
2026_R21_carlton_v_brisbane_lions_2026-08-01,2026,21,12411,George Hewett,carlton,3,0.5347751931202285,0.28960256916541627,0.126050090665572,2.30958080835709
2026_R21_carlton_v_brisbane_lions_2026-08-01,2026,21,12937,Brodie Kemp,carlton,2,0.19547551015503808,0.2824657424073408,0.26430560857665414,1.41566362385645
2026_R21_carlton_v_brisbane_lions_2026-08-01,2026,21,13274,Jagga Smith,carlton,1,0.14743245666271163,0.22349123697693307,0.27281259581431716,1.1620924397563182
2026_R21_collingwood_v_geelong_2026-07-30,2026,21,12974,Oliver Dempsey,geelong,3,0.6893496917863383,0.2267961706043473,0.06431802578024678,2.5859594423479564
2026_R21_collingwood_v_geelong_2026-07-30,2026,21,12943,Nick Daicos,collingwood,2,0.10655214941173886,0.2599780196988523,0.23550313864083527,1.0751156262737565
2026_R21_collingwood_v_geelong_2026-07-30,2026,21,12692,Bailey Smith,geelong,1,0.05740939179305681,0.14037301596572851,0.17606107870679502,0.6290352860174224
2026_R21_essendon_v_adelaide_2026-08-02,2026,21,12892,Riley Thilthorpe,adelaide,3,0.855413209207607,0.13064730156247242,0.013184740751068534,2.840718971498834
2026_R21_essendon_v_adelaide_2026-08-02,2026,21,12798,Izak Rankine,adelaide,2,0.07515068548336636,0.45201618887342204,0.32916084660697764,1.4586452808039208
2026_R21_essendon_v_adelaide_2026-08-02,2026,21,12516,Jordan Dawson,adelaide,1,0.04682014945184139,0.2819333861277774,0.4014343432625047,1.1057615638735836
2026_R21_fremantle_v_western_bulldogs_2026-07-31,2026,21,12779,Luke Jackson,fremantle,3,0.2780266074420004,0.2274073514529446,0.17401478171624454,1.462909306948135
2026_R21_fremantle_v_western_bulldogs_2026-07-31,2026,21,13075,Karl Worner,fremantle,2,0.20963272812053357,0.1945301140919805,0.16702949263057937,1.1849879051761412
2026_R21_fremantle_v_western_bulldogs_2026-07-31,2026,21,12786,Caleb Serong,fremantle,1,0.1135689429721535,0.12064370287728071,0.12709091986398177,0.7090851545350038
2026_R21_gold_coast_v_melbourne_2026-08-02,2026,21,11966,Max Gawn,melbourne,3,0.4211805951709021,0.271859731688491,0.1605548038216457,1.9678160527113342
2026_R21_gold_coast_v_melbourne_2026-08-02,2026,21,12768,Matt Rowell,gold_coast,2,0.18135354535080248,0.20802643441570562,0.19786522850392807,1.1579787333877467
2026_R21_gold_coast_v_melbourne_2026-08-02,2026,21,12743,John Noble,gold_coast,1,0.12492610550659652,0.15660316243876743,0.17505178686672546,0.8630364282640499
2026_R21_hawthorn_v_north_melbourne_2026-08-01,2026,21,12915,Jai Newcombe,hawthorn,3,0.651931024165553,0.2605790262190254,0.0713804508653255,2.5483315758000358
2026_R21_hawthorn_v_north_melbourne_2026-08-01,2026,21,13105,Nick Watson,hawthorn,2,0.18964459348886376,0.384045981168164,0.2552676589872921,1.5922934017902115
2026_R21_hawthorn_v_north_melbourne_2026-08-01,2026,21,12237,Jarman Impey,hawthorn,1,0.07571519451088346,0.16704565358160503,0.2939801073205872,0.8552169980164477
2026_R21_port_adelaide_v_greater_western_sydney_2026-08-01,2026,21,12956,Jason Horne-Francis,port_adelaide,3,0.3251918281197713,0.276521404437328,0.19255372347267283,1.7211720167066427
2026_R21_port_adelaide_v_greater_western_sydney_2026-08-01,2026,21,12143,Lachie Whitfield,greater_western_sydney,2,0.31955627533796055,0.27351227434632963,0.19225904389967952,1.6979524186062203
2026_R21_port_adelaide_v_greater_western_sydney_2026-08-01,2026,21,12028,Stephen Coniglio,greater_western_sydney,1,0.12839480672768872,0.1525196764818648,0.19000755549336926,0.880231328640165
2026_R21_richmond_v_west_coast_2026-08-02,2026,21,12504,Tim Taranto,richmond,3,0.848453649961693,0.13745756059553865,0.013106615202905281,2.8333826862790614
2026_R21_richmond_v_west_coast_2026-08-02,2026,21,13111,Harley Reid,west_coast,2,0.09515287649705821,0.5375873645297211,0.24314449071395816,1.603777849264575
2026_R21_richmond_v_west_coast_2026-08-02,2026,21,12374,Toby Nankervis,richmond,1,0.01571452801238719,0.09007142890803692,0.20125413080978904,0.4285405726630245
2026_R21_st_kilda_v_sydney_2026-08-01,2026,21,12862,Errol Gulden,sydney,3,0.6080507267338215,0.26127867923876696,0.09449386049299699,2.4412033991719952
2026_R21_st_kilda_v_sydney_2026-08-01,2026,21,12797,Chad Warner,sydney,2,0.14504975189299923,0.26182446605177845,0.24131242587684412,1.2001106136593989
2026_R21_st_kilda_v_sydney_2026-08-01,2026,21,12326,Isaac Heeney,sydney,1,0.09485767597763423,0.1784867291661073,0.21956947034327637,0.8611159566083936
2026_R22_adelaide_v_richmond_2026-08-08,2026,22,12798,Izak Rankine,adelaide,3,0.7672743921088979,0.22588586472088001,0.0067071313682635515,2.760302037136717
2026_R22_adelaide_v_richmond_2026-08-08,2026,22,12516,Jordan Dawson,adelaide,2,0.21925070075170114,0.7251336542134983,0.05264564287973257,2.1606650535618326
2026_R22_adelaide_v_richmond_2026-08-08,2026,22,12849,Sam Berry,adelaide,1,0.004962104326701452,0.01802864955219805,0.3458605954562919,0.3968042075407923
2026_R22_brisbane_lions_v_hawthorn_2026-08-07,2026,22,12968,Kai Lohmann,brisbane_lions,3,0.6526596255447056,0.26521959999415534,0.07515105248473655,2.563569129107164
2026_R22_brisbane_lions_v_hawthorn_2026-08-07,2026,22,13040,Will Ashcroft,brisbane_lions,2,0.16354048940938465,0.34370088297108226,0.3882836326770339,1.5663068668473525
2026_R22_brisbane_lions_v_hawthorn_2026-08-07,2026,22,12055,Lachie Neale,brisbane_lions,1,0.15611583663243794,0.32700318519081695,0.4030881362399247,1.5254420165188725
2026_R22_geelong_v_essendon_2026-08-08,2026,22,12692,Bailey Smith,geelong,3,0.9013086922136853,0.09227548678387293,0.006135771566136765,2.8946128217749383
2026_R22_geelong_v_essendon_2026-08-08,2026,22,12974,Oliver Dempsey,geelong,2,0.05622466874111984,0.49884467501354385,0.2950380134136117,1.4614013696640589
2026_R22_geelong_v_essendon_2026-08-08,2026,22,12851,Oliver Henry,geelong,1,0.02411868348336091,0.23837324351356903,0.3616218260777882,0.9107243635550091
2026_R22_greater_western_sydney_v_gold_coast_2026-08-09,2026,22,12768,Matt Rowell,gold_coast,3,0.9800509825944961,0.0197691666707262,0.00017855569781635692,2.979869836822757
2026_R22_greater_western_sydney_v_gold_coast_2026-08-09,2026,22,12331,Touk Miller,gold_coast,2,0.015035941622051033,0.747505549049011,0.18450115381820786,1.724620076782383
2026_R22_greater_western_sydney_v_gold_coast_2026-08-09,2026,22,12767,Noah Anderson,gold_coast,1,0.0011384281067412306,0.054171024829109564,0.18931640791408041,0.30107374189252323
2026_R22_melbourne_v_fremantle_2026-08-08,2026,22,12771,Kysaiah Pickett,melbourne,3,0.6202917580993427,0.24667182233213036,0.08986216140842547,2.4440810803707143
2026_R22_melbourne_v_fremantle_2026-08-08,2026,22,12693,Tom Sparrow,melbourne,2,0.10587921100863677,0.2025390770829188,0.1927743572353595,0.9154901444271074
2026_R22_melbourne_v_fremantle_2026-08-08,2026,22,12983,Jye Amiss,fremantle,1,0.04803843615945376,0.09452962900319768,0.11550591314268059,0.44868047962743723
2026_R22_st_kilda_v_carlton_2026-08-09,2026,22,13193,Max Hall,st_kilda,3,0.3098217744953361,0.23764287319158175,0.17412222304759656,1.5788732929167684
2026_R22_st_kilda_v_carlton_2026-08-09,2026,22,12417,Marc Pittonet,carlton,2,0.15118583659209026,0.15778015695191905,0.15697969804636225,0.9260975217264711
2026_R22_st_kilda_v_carlton_2026-08-09,2026,22,12684,Sam Walsh,carlton,1,0.13961012065053752,0.14882794437048255,0.1509341729158074,0.8674204236083851
2026_R22_sydney_v_port_adelaide_2026-08-08,2026,22,12862,Errol Gulden,sydney,3,0.7089977294711443,0.23000599116927656,0.05169112826443577,2.638696299016422
2026_R22_sydney_v_port_adelaide_2026-08-08,2026,22,12797,Chad Warner,sydney,2,0.14722323982530183,0.37593972607704496,0.268786762578589,1.4623359342085847
2026_R22_sydney_v_port_adelaide_2026-08-08,2026,22,12421,Charlie Curnow,sydney,1,0.07194411098915335,0.194735717934454,0.2944473035975201,0.8997510724338882
2026_R22_west_coast_v_collingwood_2026-08-09,2026,22,12943,Nick Daicos,collingwood,3,0.8780256706259553,0.10947100644481883,0.011438998229595104,2.8644580229970984
2026_R22_west_coast_v_collingwood_2026-08-09,2026,22,12291,Daniel McStay,collingwood,2,0.035880940902056596,0.2626625505068054,0.2457446764107126,0.8787126001304932
2026_R22_west_coast_v_collingwood_2026-08-09,2026,22,12573,Josh Daicos,collingwood,1,0.03454193647507676,0.25148353002070206,0.24402525501726427,0.8506181244838986
2026_R22_western_bulldogs_v_north_melbourne_2026-08-06,2026,22,12590,Luke Davies-Uniacke,north_melbourne,3,0.8423737388815506,0.13706161179073834,0.018274521273577846,2.8195189614997065
2026_R22_western_bulldogs_v_north_melbourne_2026-08-06,2026,22,12975,Paul Curtis,north_melbourne,2,0.0673656078562201,0.3659859031971502,0.2590751214694238,1.1931437514323844
2026_R22_western_bulldogs_v_north_melbourne_2026-08-06,2026,22,12605,Ed Richards,western_bulldogs,1,0.019330747718346118,0.10330885286722466,0.14433013846079978,0.4089400873502875
2026_R23_brisbane_lions_v_gold_coast_2026-08-15,2026,23,13040,Will Ashcroft,brisbane_lions,3,0.8217377979438326,0.15054693399184055,0.024001708319127443,2.7903089701343067
2026_R23_brisbane_lions_v_gold_coast_2026-08-15,2026,23,13137,Logan Morris,brisbane_lions,2,0.04542442843994468,0.215902674086136,0.2118437039208296,0.7799223374129357
2026_R23_brisbane_lions_v_gold_coast_2026-08-15,2026,23,13197,Levi Ashcroft,brisbane_lions,1,0.038216399617166205,0.1817246119971574,0.19250364871368958,0.6706020715595029
2026_R23_essendon_v_sydney_2026-08-16,2026,23,12862,Errol Gulden,sydney,3,0.5001486963620114,0.4481520008184874,0.04899152585296171,2.4457416165759707
2026_R23_essendon_v_sydney_2026-08-16,2026,23,12326,Isaac Heeney,sydney,2,0.4612709246877069,0.4792713270996117,0.056083352312263995,2.398438780574608
2026_R23_essendon_v_sydney_2026-08-16,2026,23,12797,Chad Warner,sydney,1,0.023892964663346568,0.044737951985312455,0.5497598292147569,0.7109146271754214
2026_R23_fremantle_v_adelaide_2026-08-14,2026,23,12798,Izak Rankine,adelaide,3,0.5841327382706292,0.2935427811919509,0.09556206131066125,2.43504583850645
2026_R23_fremantle_v_adelaide_2026-08-14,2026,23,12786,Caleb Serong,fremantle,2,0.24744357775785697,0.3907740156528399,0.2297686410928471,1.7536474056720979
2026_R23_fremantle_v_adelaide_2026-08-14,2026,23,12535,Shai Bolton,fremantle,1,0.06266666855329597,0.11595752942561854,0.24104732933949058,0.6609623938506156
2026_R23_greater_western_sydney_v_west_coast_2026-08-16,2026,23,12782,Lachie Ash,greater_western_sydney,3,0.5516646810272243,0.2639173758069836,0.11558236767870197,2.298411162374342
2026_R23_greater_western_sydney_v_west_coast_2026-08-16,2026,23,12143,Lachie Whitfield,greater_western_sydney,2,0.1304681574309963,0.2054224956000463,0.20277250756581633,1.005021971058898
2026_R23_greater_western_sydney_v_west_coast_2026-08-16,2026,23,12410,Clayton Oliver,greater_western_sydney,1,0.08213747629901327,0.13517864779530367,0.1602463807073813,0.6770161051950284
2026_R23_hawthorn_v_collingwood_2026-08-15,2026,23,12943,Nick Daicos,collingwood,3,0.7827385224275065,0.174070992996469,0.03536054837812549,2.7317181016535828
2026_R23_hawthorn_v_collingwood_2026-08-15,2026,23,12915,Jai Newcombe,hawthorn,2,0.04388391595058351,0.16559015475615585,0.16960432808226544,0.6324363854463277
2026_R23_hawthorn_v_collingwood_2026-08-15,2026,23,12955,Josh Ward,hawthorn,1,0.03718023021932395,0.13986951118826385,0.15013736896356486,0.5414170819980644
2026_R23_north_melbourne_v_geelong_2026-08-15,2026,23,12692,Bailey Smith,geelong,3,0.5247170625751165,0.2641547008443794,0.12432473990068152,2.22678532931479
2026_R23_north_melbourne_v_geelong_2026-08-15,2026,23,12974,Oliver Dempsey,geelong,2,0.09032285999861159,0.13808454511716522,0.15200088456059627,0.6991385547907615
2026_R23_north_melbourne_v_geelong_2026-08-15,2026,23,13104,Shaun Mannagh,geelong,1,0.0861463468630478,0.12957820775708598,0.14508824146474814,0.6626836975680634
2026_R23_port_adelaide_v_melbourne_2026-08-15,2026,23,12756,Kade Chandler,melbourne,3,0.4073374259113627,0.27728963747560664,0.1699433569555473,1.9465349096408486
2026_R23_port_adelaide_v_melbourne_2026-08-15,2026,23,11966,Max Gawn,melbourne,2,0.19690072308574258,0.22109731720780346,0.21264522499798516,1.2455420286708196
2026_R23_port_adelaide_v_melbourne_2026-08-15,2026,23,12368,Jack Steele,melbourne,1,0.15979763565974137,0.19007787775090365,0.20498270913457667,1.064531371615608
2026_R23_richmond_v_st_kilda_2026-08-15,2026,23,13193,Max Hall,st_kilda,3,0.6733692165565808,0.238666217666263,0.06998804564700178,2.56742813064927
2026_R23_richmond_v_st_kilda_2026-08-15,2026,23,12948,Mitch Owens,st_kilda,2,0.10982856746583182,0.2518377748184403,0.2622214686619006,1.0953827206962767
2026_R23_richmond_v_st_kilda_2026-08-15,2026,23,12060,Bradley Hill,st_kilda,1,0.08589312132190047,0.19845093452156845,0.24201534574501538,0.8965965787538537
2026_R23_western_bulldogs_v_carlton_2026-08-16,2026,23,12605,Ed Richards,western_bulldogs,3,0.662386404529387,0.23469745957660273,0.07516210948652602,2.5317162422278923
2026_R23_western_bulldogs_v_carlton_2026-08-16,2026,23,12261,Patrick Cripps,carlton,2,0.09385905163253236,0.20672714927102204,0.21341440032812264,0.9084458537677638
2026_R23_western_bulldogs_v_carlton_2026-08-16,2026,23,11898,Tom Liberatore,western_bulldogs,1,0.08641262229446947,0.1904285110316947,0.20571179828231262,0.8458066872291106
2026_R24_adelaide_v_greater_western_sydney_2026-08-22,2026,24,12798,Izak Rankine,adelaide,3,0.9868500063366763,0.013029543381742214,0.00011964722996835579,2.9867287530034816
2026_R24_adelaide_v_greater_western_sydney_2026-08-22,2026,24,11713,Taylor Walker,adelaide,2,0.006856117944079764,0.5074221723546232,0.2801852888587603,1.315597987400246
2026_R24_adelaide_v_greater_western_sydney_2026-08-22,2026,24,12516,Jordan Dawson,adelaide,1,0.002383907308590178,0.17863217439373896,0.25394486043590686,0.6183609311491554
2026_R24_carlton_v_fremantle_2026-08-22,2026,24,12684,Sam Walsh,carlton,3,0.3999031312694044,0.278142105967446,0.17333461885260099,1.9293282245957062
2026_R24_carlton_v_fremantle_2026-08-22,2026,24,13274,Jagga Smith,carlton,2,0.19746446973353884,0.21947157649852367,0.21324315760573032,1.2445797198033943
2026_R24_carlton_v_fremantle_2026-08-22,2026,24,12873,Francis Evans,carlton,1,0.17682768623232054,0.20392291184138098,0.21043891464777936,1.148767797027503
2026_R24_collingwood_v_brisbane_lions_2026-08-21,2026,24,13137,Logan Morris,brisbane_lions,3,0.8769844416109431,0.1176373803278214,0.005210512234181892,2.871438597722654
2026_R24_collingwood_v_brisbane_lions_2026-08-21,2026,24,12055,Lachie Neale,brisbane_lions,2,0.09984316084510617,0.7135071679652207,0.15455527483044731,1.8810990932962073
2026_R24_collingwood_v_brisbane_lions_2026-08-21,2026,24,13040,Will Ashcroft,brisbane_lions,1,0.005402652711144649,0.03912898874461065,0.1943595476952231,0.28882548331787833
2026_R24_essendon_v_port_adelaide_2026-08-23,2026,24,13007,Jase Burgoyne,port_adelaide,3,0.5843164489470211,0.27996111768553394,0.1056167772298155,2.4184883594419464
2026_R24_essendon_v_port_adelaide_2026-08-23,2026,24,12766,Mitch Georgiades,port_adelaide,2,0.16421268918228968,0.27739546034459833,0.2985243098717737,1.3459532981078395
2026_R24_essendon_v_port_adelaide_2026-08-23,2026,24,13148,Nate Caddy,essendon,1,0.1592380544526598,0.26960838147188937,0.30054165200209293,1.317472578303851
2026_R24_geelong_v_richmond_2026-08-22,2026,24,12692,Bailey Smith,geelong,3,0.8965017516095328,0.10052345174641891,0.002919389993051774,2.8934715483144884
2026_R24_geelong_v_richmond_2026-08-22,2026,24,13104,Shaun Mannagh,geelong,2,0.08847549631550551,0.7674337366804019,0.1265080915951407,1.926802053902461
2026_R24_geelong_v_richmond_2026-08-22,2026,24,12504,Tim Taranto,richmond,1,0.0043231979611558675,0.03802414360509756,0.2495850102603911,0.3386028913540538
2026_R24_melbourne_v_western_bulldogs_2026-08-22,2026,24,11966,Max Gawn,melbourne,3,0.4101095009435295,0.2763872081565518,0.1675011905278984,1.9506041096715905
2026_R24_melbourne_v_western_bulldogs_2026-08-22,2026,24,12605,Ed Richards,western_bulldogs,2,0.21313114407563866,0.2389628482513759,0.22485351531804842,1.3421726440477162
2026_R24_melbourne_v_western_bulldogs_2026-08-22,2026,24,12269,Marcus Bontempelli,western_bulldogs,1,0.16902486414309353,0.2037951959271817,0.22035855403891352,1.1350235383225575
2026_R24_st_kilda_v_gold_coast_2026-08-20,2026,24,12331,Touk Miller,gold_coast,3,0.33504005079187626,0.2688931487796984,0.19377871857995388,1.7366851685149793
2026_R24_st_kilda_v_gold_coast_2026-08-20,2026,24,12767,Noah Anderson,gold_coast,2,0.26344039177146944,0.2512449462569137,0.20974394329429497,1.5025550111225308
2026_R24_st_kilda_v_gold_coast_2026-08-20,2026,24,13193,Max Hall,st_kilda,1,0.12725296811011172,0.1478127476297674,0.1761958169542095,0.8535802165440795
2026_R24_sydney_v_north_melbourne_2026-08-23,2026,24,12862,Errol Gulden,sydney,3,0.9558419753072485,0.04257326755176268,0.0015371948117999668,2.9542096558370705
2026_R24_sydney_v_north_melbourne_2026-08-23,2026,24,12217,Brodie Grundy,sydney,2,0.016776356718332795,0.3626101042573878,0.25415911126897944,1.0297083899387536
2026_R24_sydney_v_north_melbourne_2026-08-23,2026,24,12863,Braeden Campbell,sydney,1,0.005966384435685937,0.12913047706158307,0.1530605361348799,0.42922064356510387
2026_R24_west_coast_v_hawthorn_2026-08-23,2026,24,12794,Will Day,hawthorn,3,0.3388629372532208,0.25534532120803793,0.1753138782072297,1.702593332382968
2026_R24_west_coast_v_hawthorn_2026-08-23,2026,24,11845,Jack Gunston,hawthorn,2,0.22655050659156684,0.2196285394627666,0.18457648173997063,1.3034850804402043
2026_R24_west_coast_v_hawthorn_2026-08-23,2026,24,12915,Jai Newcombe,hawthorn,1,0.10026876875584165,0.1156789922501153,0.1319672671351094,0.6641315579028649
2026_R2_adelaide_v_western_bulldogs_2026-03-20,2026,2,12269,Marcus Bontempelli,western_bulldogs,3,0.43189121330016605,0.28134710326741347,0.1585132056906131,2.0168810521259384
2026_R2_adelaide_v_western_bulldogs_2026-03-20,2026,2,13140,Joel Freijah,western_bulldogs,2,0.22516536197993386,0.2520687899306297,0.2077060435146551,1.387339709315716
2026_R2_adelaide_v_western_bulldogs_2026-03-20,2026,2,12605,Ed Richards,western_bulldogs,1,0.08377904829795921,0.11071955428488042,0.14312030552444366,0.615896558988082
2026_R2_fremantle_v_melbourne_2026-03-21,2026,2,12535,Shai Bolton,fremantle,3,0.5869022856224039,0.29408217098824513,0.10344306590748739,2.4523142647511893
2026_R2_fremantle_v_melbourne_2026-03-21,2026,2,12887,Josh Treacy,fremantle,2,0.2051034146991878,0.3423475557690524,0.3363150211884975,1.6363203768241656
2026_R2_fremantle_v_melbourne_2026-03-21,2026,2,12589,Andrew Brayshaw,fremantle,1,0.1662656226349647,0.28386903724086604,0.3941038190520841,1.4606387614387102
2026_R2_greater_western_sydney_v_st_kilda_2026-03-21,2026,2,12782,Lachie Ash,greater_western_sydney,3,0.3103199613311697,0.23399717646558382,0.1696365986369867,1.5685908355616633
2026_R2_greater_western_sydney_v_st_kilda_2026-03-21,2026,2,12950,Nasiah Wanganeen-Milera,st_kilda,2,0.13159962063931885,0.13979026089613655,0.14179067291760183,0.8161700566278315
2026_R2_greater_western_sydney_v_st_kilda_2026-03-21,2026,2,12410,Clayton Oliver,greater_western_sydney,1,0.13191908903018226,0.1397877165304305,0.1415962896158996,0.8169289897673073
2026_R2_hawthorn_v_sydney_2026-03-19,2026,2,12915,Jai Newcombe,hawthorn,3,0.5872664226126862,0.2587242596457076,0.10224686070352478,2.381494647832999
2026_R2_hawthorn_v_sydney_2026-03-19,2026,2,11845,Jack Gunston,hawthorn,2,0.11228297287610059,0.1922515552646705,0.19329368968950206,0.9146457188471449
2026_R2_hawthorn_v_sydney_2026-03-19,2026,2,12710,Dylan Moore,hawthorn,1,0.09610038419287639,0.1698797610528939,0.1846885320250189,0.812749206709436
2026_R2_port_adelaide_v_essendon_2026-03-22,2026,2,12698,Zak Butters,port_adelaide,3,0.7194559243878736,0.2438662356090597,0.03306586086893065,2.679166105250671
2026_R2_port_adelaide_v_essendon_2026-03-22,2026,2,12956,Jason Horne-Francis,port_adelaide,2,0.21729346627864962,0.5717831876982806,0.16662708814659627,1.9620738623791065
2026_R2_port_adelaide_v_essendon_2026-03-22,2026,2,13139,Joe Richards,port_adelaide,1,0.01660395938487373,0.04733113941937317,0.2043826077984645,0.34885676479183203
2026_R2_richmond_v_gold_coast_2026-03-21,2026,2,12728,Ben King,gold_coast,3,0.714146291869219,0.22384974729782678,0.051437778731199035,2.6415761489345093
2026_R2_richmond_v_gold_coast_2026-03-21,2026,2,12331,Touk Miller,gold_coast,2,0.14373510932954786,0.3804226461445253,0.25857999769472395,1.450630617972418
2026_R2_richmond_v_gold_coast_2026-03-21,2026,2,13121,Ethan Read,gold_coast,1,0.04445437415006407,0.12350360645408215,0.2067694183618628,0.5871397537202193
2026_R2_west_coast_v_north_melbourne_2026-03-22,2026,2,13034,Harry Sheezel,north_melbourne,3,0.2858446149925337,0.24915200502836474,0.20413920460447255,1.5599770596388032
2026_R2_west_coast_v_north_melbourne_2026-03-22,2026,2,12788,Tristan Xerri,north_melbourne,2,0.24618429362804306,0.2269831186914122,0.1994937524665347,1.3920128707334882
2026_R2_west_coast_v_north_melbourne_2026-03-22,2026,2,13111,Harley Reid,west_coast,1,0.19973467578901222,0.20761574651504058,0.20952431329388105,1.223959833690999
2026_R3_carlton_v_melbourne_2026-03-29,2026,3,12771,Kysaiah Pickett,melbourne,3,0.8150947656179068,0.16364249149283122,0.01952238635352612,2.792091666192909
2026_R3_carlton_v_melbourne_2026-03-29,2026,3,11966,Max Gawn,melbourne,2,0.11237277606911415,0.4931946508240627,0.2467294578678058,1.5702370877232739
2026_R3_carlton_v_melbourne_2026-03-29,2026,3,12693,Tom Sparrow,melbourne,1,0.0313224332122799,0.14703188692586894,0.30186062861575835,0.6898917021043359
2026_R3_collingwood_v_greater_western_sydney_2026-03-27,2026,3,12943,Nick Daicos,collingwood,3,0.9315952717907253,0.06439259693570837,0.0038129231551221497,2.927383932398715
2026_R3_collingwood_v_greater_western_sydney_2026-03-27,2026,3,11751,Steele Sidebottom,collingwood,2,0.016773818307255224,0.22879922177458778,0.21083272701900324,0.7187526254899445
2026_R3_collingwood_v_greater_western_sydney_2026-03-27,2026,3,12300,Tim Membrey,collingwood,1,0.013700167063845662,0.18698497383594823,0.18733460562778043,0.6024050544912138
2026_R3_essendon_v_north_melbourne_2026-03-28,2026,3,12590,Luke Davies-Uniacke,north_melbourne,3,0.3353659055931073,0.26912123237503455,0.1952619161070624,1.7396020976364535
2026_R3_essendon_v_north_melbourne_2026-03-28,2026,3,13034,Harry Sheezel,north_melbourne,2,0.24914701957831886,0.24306089565148686,0.21299283280544967,1.44655568284338
2026_R3_essendon_v_north_melbourne_2026-03-28,2026,3,11953,Luke Parker,north_melbourne,1,0.1787534416297554,0.1947818168628594,0.2088159906742863,1.1346399492892714
2026_R3_fremantle_v_richmond_2026-03-28,2026,3,12786,Caleb Serong,fremantle,3,0.689763288641419,0.2616108795428833,0.045297392019186825,2.637809017029211
2026_R3_fremantle_v_richmond_2026-03-28,2026,3,12887,Josh Treacy,fremantle,2,0.22569032609493028,0.5206134139840092,0.21638251599965924,1.9346803222524684
2026_R3_fremantle_v_richmond_2026-03-28,2026,3,12535,Shai Bolton,fremantle,1,0.061803151796925374,0.15833327049804263,0.5273587245438796,1.029434720930741
2026_R3_geelong_v_adelaide_2026-03-26,2026,3,12692,Bailey Smith,geelong,3,0.8453877294430785,0.13450942725589699,0.017913709945819634,2.823095752786849
2026_R3_geelong_v_adelaide_2026-03-26,2026,3,12953,Josh Rachele,adelaide,2,0.046853449014572585,0.26213055171270394,0.24221758461509701,0.9070390350842227
2026_R3_geelong_v_adelaide_2026-03-26,2026,3,12881,Max Holmes,geelong,1,0.04130326636466483,0.22948414070824938,0.23115240351048005,0.8140304840209733
2026_R3_port_adelaide_v_west_coast_2026-03-29,2026,3,13111,Harley Reid,west_coast,3,0.31360518241528856,0.2707413184973982,0.20744274792311995,1.689740932163782
2026_R3_port_adelaide_v_west_coast_2026-03-29,2026,3,12698,Zak Butters,port_adelaide,2,0.27992170126929905,0.2599917549586942,0.2162377058126832,1.5759863195379686
2026_R3_port_adelaide_v_west_coast_2026-03-29,2026,3,12601,Jake Waterman,west_coast,1,0.21709829101516398,0.22388278103833908,0.22764097891795942,1.3267014140401294
2026_R3_st_kilda_v_brisbane_lions_2026-03-28,2026,3,12519,Jarrod Berry,brisbane_lions,3,0.3918940759248224,0.32980923737647994,0.1689780362488584,2.0042787387762853
2026_R3_st_kilda_v_brisbane_lions_2026-03-28,2026,3,13040,Will Ashcroft,brisbane_lions,2,0.3847274282793259,0.3363497980645309,0.17327693830866722,2.0001588192757067
2026_R3_st_kilda_v_brisbane_lions_2026-03-28,2026,3,12076,Dayne Zorko,brisbane_lions,1,0.060921285048205126,0.0889808191380646,0.17189070171262866,0.5326161951333732
2026_R4_adelaide_v_fremantle_2026-04-03,2026,4,12786,Caleb Serong,fremantle,3,0.5639597666037657,0.2584927822626433,0.11050403978840319,2.319368904124987
2026_R4_adelaide_v_fremantle_2026-04-03,2026,4,12589,Andrew Brayshaw,fremantle,2,0.08737147718132925,0.14604765259607969,0.15765185730402256,0.7118615940401697
2026_R4_adelaide_v_fremantle_2026-04-03,2026,4,12934,James Peatling,adelaide,1,0.08450770255810303,0.13798318944956328,0.1503535638784782,0.6798430504519138
2026_R4_brisbane_lions_v_collingwood_2026-04-02,2026,4,13040,Will Ashcroft,brisbane_lions,3,0.7171559682513717,0.2139290637346445,0.05457975765488832,2.633905789878293
2026_R4_brisbane_lions_v_collingwood_2026-04-02,2026,4,12055,Lachie Neale,brisbane_lions,2,0.09533251917217,0.2608171525642362,0.2355880055106005,1.0432198681555829
2026_R4_brisbane_lions_v_collingwood_2026-04-02,2026,4,12610,Zac Bailey,brisbane_lions,1,0.04692089197056368,0.13036104011533073,0.16516811262303405,0.5666528687653865
2026_R4_hawthorn_v_geelong_2026-04-06,2026,4,12692,Bailey Smith,geelong,3,0.5548513950697697,0.2578301123145318,0.11301861831379413,2.2932330281521667
2026_R4_hawthorn_v_geelong_2026-04-06,2026,4,12955,Josh Ward,hawthorn,2,0.09741670607269177,0.15605916908547982,0.15995930804538433,0.7643277644344193
2026_R4_hawthorn_v_geelong_2026-04-06,2026,4,12881,Max Holmes,geelong,1,0.04671212711688935,0.07739856490693398,0.09260921249626912,0.38754272366080517
2026_R4_melbourne_v_gold_coast_2026-04-05,2026,4,12771,Kysaiah Pickett,melbourne,3,0.34574255964315376,0.3052553678365674,0.22785684651801824,1.8755952611206144
2026_R4_melbourne_v_gold_coast_2026-04-05,2026,4,11966,Max Gawn,melbourne,2,0.32827303142634734,0.2986959852141113,0.2333480517471173,1.8155591164543818
2026_R4_melbourne_v_gold_coast_2026-04-05,2026,4,12368,Jack Steele,melbourne,1,0.21981486005824638,0.2486071432653362,0.2971383309087875,1.453797197614199
2026_R4_north_melbourne_v_carlton_2026-04-03,2026,4,12373,Caleb Daniel,north_melbourne,3,0.20252158705263637,0.18257976276457327,0.15956581377499396,1.1322901004620496
2026_R4_north_melbourne_v_carlton_2026-04-03,2026,4,12590,Luke Davies-Uniacke,north_melbourne,2,0.19736835686483006,0.17906782737208532,0.15740076912022782,1.1076414944588886
2026_R4_north_melbourne_v_carlton_2026-04-03,2026,4,13034,Harry Sheezel,north_melbourne,1,0.1592376204175245,0.15363107685650576,0.14509022640225921,0.9300652413678442
2026_R4_richmond_v_port_adelaide_2026-04-04,2026,4,12698,Zak Butters,port_adelaide,3,0.5553679054341085,0.2728157823936296,0.11540245782177883,2.327137738911363
2026_R4_richmond_v_port_adelaide_2026-04-04,2026,4,12433,Aliir Aliir,port_adelaide,2,0.14019644273292153,0.22349345708915325,0.22279777502338077,1.090374017400452
2026_R4_richmond_v_port_adelaide_2026-04-04,2026,4,12956,Jason Horne-Francis,port_adelaide,1,0.11927472630617747,0.18707471763973016,0.2069177894912955,0.9388914036892881
2026_R4_west_coast_v_sydney_2026-04-04,2026,4,12326,Isaac Heeney,sydney,3,0.6913759705677655,0.2600470753706535,0.043050532668859665,2.6372725951134632
2026_R4_west_coast_v_sydney_2026-04-04,2026,4,12217,Brodie Grundy,sydney,2,0.22568295294445861,0.5201840294553256,0.18857347407406722,1.9059903918180943
2026_R4_west_coast_v_sydney_2026-04-04,2026,4,12797,Chad Warner,sydney,1,0.024273447379692933,0.06444007284148474,0.22059994783188094,0.4223004356539293
2026_R4_western_bulldogs_v_essendon_2026-04-05,2026,4,12455,Matthew Kennedy,western_bulldogs,3,0.4773536624311929,0.39481705475646256,0.10580796846731017,2.327503065273814
2026_R4_western_bulldogs_v_essendon_2026-04-05,2026,4,12269,Marcus Bontempelli,western_bulldogs,2,0.4189920214405709,0.4257056672403119,0.12562031723220168,2.2340077160345384
2026_R4_western_bulldogs_v_essendon_2026-04-05,2026,4,13103,Ryley Sanders,western_bulldogs,1,0.039155118637474604,0.06704109076843133,0.28639044778651174,0.5379379852357982
2026_R5_adelaide_v_carlton_2026-04-09,2026,5,12953,Josh Rachele,adelaide,3,0.9451112670578183,0.05225967366625014,0.0025198019105086714,2.942372950416464
2026_R5_adelaide_v_carlton_2026-04-09,2026,5,12849,Sam Berry,adelaide,2,0.013508752105544686,0.2340830855994956,0.20941081155395144,0.7181032390695767
2026_R5_adelaide_v_carlton_2026-04-09,2026,5,12798,Izak Rankine,adelaide,1,0.009526573689353333,0.16388585486723803,0.16732464066066335,0.5236760714631994
2026_R5_collingwood_v_fremantle_2026-04-10,2026,5,12943,Nick Daicos,collingwood,3,0.42872489341506537,0.2593572825130696,0.1498776970017774,1.9547669422731129
2026_R5_collingwood_v_fremantle_2026-04-10,2026,5,12779,Luke Jackson,fremantle,2,0.10399489488656533,0.12810282528327796,0.13318636041896428,0.7013766956452161
2026_R5_collingwood_v_fremantle_2026-04-10,2026,5,12786,Caleb Serong,fremantle,1,0.0797141197587834,0.10152199007723506,0.11153172575681984,0.5537180651876401
2026_R5_essendon_v_melbourne_2026-04-11,2026,5,13168,Archie Roberts,essendon,3,0.7757398777866966,0.18317628092405713,0.035027706612013126,2.7285999018202176
2026_R5_essendon_v_melbourne_2026-04-11,2026,5,12241,Zach Merrett,essendon,2,0.0795223535263491,0.28708959950601237,0.2620479584469615,1.0747942180380337
2026_R5_essendon_v_melbourne_2026-04-11,2026,5,12406,Darcy Parish,essendon,1,0.06145042199806679,0.2227759972845329,0.24688839807084018,0.8767916586341064
2026_R5_geelong_v_west_coast_2026-04-12,2026,5,12692,Bailey Smith,geelong,3,0.8348088680338979,0.14498158524842517,0.018508289333045925,2.8128980639315895
2026_R5_geelong_v_west_coast_2026-04-12,2026,5,12881,Max Holmes,geelong,2,0.07094114737538824,0.3663004056612031,0.30124155025426685,1.2466658037028377
2026_R5_geelong_v_west_coast_2026-04-12,2026,5,12690,Tom Atkins,geelong,1,0.04685586175214511,0.24167560819832778,0.2970607453250214,0.9209795469781124
2026_R5_greater_western_sydney_v_richmond_2026-04-12,2026,5,12969,Finn Callaghan,greater_western_sydney,3,0.47562100728760964,0.2831828156370477,0.1483674384276142,2.1415960915645385
2026_R5_greater_western_sydney_v_richmond_2026-04-12,2026,5,12782,Lachie Ash,greater_western_sydney,2,0.16933257698840126,0.22112453378757857,0.22278430245582234,1.1730311009961831
2026_R5_greater_western_sydney_v_richmond_2026-04-12,2026,5,12025,Toby Greene,greater_western_sydney,1,0.13352101441627728,0.18009472365891255,0.2083958011455934,0.9691482917122504
2026_R5_hawthorn_v_western_bulldogs_2026-04-11,2026,5,12915,Jai Newcombe,hawthorn,3,0.398124446403796,0.2831613279206803,0.17116275518469695,1.9318587502374456
2026_R5_hawthorn_v_western_bulldogs_2026-04-11,2026,5,12927,Jack Ginnivan,hawthorn,2,0.25440795522343773,0.2623538821772786,0.20853466568315807,1.4964662957080286
2026_R5_hawthorn_v_western_bulldogs_2026-04-11,2026,5,12636,Mitch Lewis,hawthorn,1,0.12468454256563885,0.15340454562875405,0.1891203534324717,0.8699830723868963
2026_R5_north_melbourne_v_brisbane_lions_2026-04-11,2026,5,12055,Lachie Neale,brisbane_lions,3,0.7195417307490968,0.2112536525135163,0.05421835614654323,2.635350853420866
2026_R5_north_melbourne_v_brisbane_lions_2026-04-11,2026,5,12610,Zac Bailey,brisbane_lions,2,0.08333107602374475,0.23116972454058643,0.22011359843577272,0.9324462755881798
2026_R5_north_melbourne_v_brisbane_lions_2026-04-11,2026,5,12590,Luke Davies-Uniacke,north_melbourne,1,0.05635848048953799,0.15837498560670615,0.18191592365207704,0.6677413363341034
2026_R5_port_adelaide_v_st_kilda_2026-04-12,2026,5,12950,Nasiah Wanganeen-Milera,st_kilda,3,0.7646604251328508,0.19616975219145671,0.0343074083382134,2.7206281881196794
2026_R5_port_adelaide_v_st_kilda_2026-04-12,2026,5,12698,Zak Butters,port_adelaide,2,0.12811871425333365,0.4290046182629006,0.2628319361942147,1.505197315480017
2026_R5_port_adelaide_v_st_kilda_2026-04-12,2026,5,13125,Hugo Garcia,st_kilda,1,0.03600175456443375,0.12574299690753107,0.2259285758017081,0.5854198333100715
2026_R5_sydney_v_gold_coast_2026-04-11,2026,5,12326,Isaac Heeney,sydney,3,0.9529935323949512,0.04513187463897441,0.0018122095122882396,2.9510565559750903
2026_R5_sydney_v_gold_coast_2026-04-11,2026,5,12711,Justin McInerney,sydney,2,0.012375835749911041,0.2512520402263384,0.22622572383507916,0.7658573115374891
2026_R5_sydney_v_gold_coast_2026-04-11,2026,5,12217,Brodie Grundy,sydney,1,0.010533723788026972,0.21576903614883125,0.20784211063569888,0.6709813542974423
2026_R6_adelaide_v_st_kilda_2026-04-18,2026,6,11713,Taylor Walker,adelaide,3,0.5393407796303696,0.26037163431719823,0.11846462499865061,2.2572302325241558
2026_R6_adelaide_v_st_kilda_2026-04-18,2026,6,12703,Callum Wilkie,st_kilda,2,0.08116245565395075,0.12667473147546077,0.13771540496997667,0.6345522348827505
2026_R6_adelaide_v_st_kilda_2026-04-18,2026,6,12325,Jack Sinclair,st_kilda,1,0.08031007168024235,0.12590874055840906,0.13736243720658106,0.6301101333641262
2026_R6_carlton_v_collingwood_2026-04-16,2026,6,12943,Nick Daicos,collingwood,3,0.9473826411082853,0.05005407757797824,0.0024475949659459252,2.9447036734467584
2026_R6_carlton_v_collingwood_2026-04-16,2026,6,12578,Patrick Lipinski,collingwood,2,0.009623476166218906,0.172522045741905,0.1580272579014953,0.531941777883962
2026_R6_carlton_v_collingwood_2026-04-16,2026,6,12536,Harry Perryman,collingwood,1,0.0066003714792084315,0.11952386883966674,0.1193013037241683,0.3781501558411271
2026_R6_geelong_v_western_bulldogs_2026-04-17,2026,6,12017,Jeremy Cameron,geelong,3,0.9489294114923995,0.05091850805565201,0.0001517887693993291,2.948777039357902
2026_R6_geelong_v_western_bulldogs_2026-04-17,2026,6,12692,Bailey Smith,geelong,2,0.049580499039711276,0.9190270855055469,0.030487331746887805,2.0172829998771156
2026_R6_geelong_v_western_bulldogs_2026-04-17,2026,6,12881,Max Holmes,geelong,1,0.00045753653616020595,0.009265489017428097,0.29700112505712045,0.3169047127004573
2026_R6_gold_coast_v_essendon_2026-04-18,2026,6,12241,Zach Merrett,essendon,3,0.3828003752310696,0.28374250071423,0.18395446349234063,1.8998405906140095
2026_R6_gold_coast_v_essendon_2026-04-18,2026,6,12430,Christian Petracca,gold_coast,2,0.24891067210380055,0.2579605175595079,0.2247601571779379,1.4874132086083554
2026_R6_gold_coast_v_essendon_2026-04-18,2026,6,12768,Matt Rowell,gold_coast,1,0.17909859162540154,0.2063732527967561,0.2312153139871861,1.1812575944569028
2026_R6_hawthorn_v_port_adelaide_2026-04-18,2026,6,12698,Zak Butters,port_adelaide,3,0.5746016229229829,0.2823167851070375,0.1091390111011255,2.397577450084149
2026_R6_hawthorn_v_port_adelaide_2026-04-18,2026,6,13105,Nick Watson,hawthorn,2,0.18100342493143562,0.29145796927435075,0.28995778641420794,1.4158839997572163
2026_R6_hawthorn_v_port_adelaide_2026-04-18,2026,6,12956,Jason Horne-Francis,port_adelaide,1,0.15125906136733658,0.2552953780069308,0.30278002389266034,1.2671479640085317
2026_R6_melbourne_v_brisbane_lions_2026-04-19,2026,6,13184,Harvey Langford,melbourne,3,0.44546585264297595,0.2906602718208108,0.15103045727559575,2.068748558846145
2026_R6_melbourne_v_brisbane_lions_2026-04-19,2026,6,12055,Lachie Neale,brisbane_lions,2,0.2614334809843577,0.2904592165426368,0.20528772074338153,1.5705065967817284
2026_R6_melbourne_v_brisbane_lions_2026-04-19,2026,6,12756,Kade Chandler,melbourne,1,0.04932323744705221,0.06992049968421488,0.10610818583128516,0.39391889754087156
2026_R6_north_melbourne_v_richmond_2026-04-19,2026,6,13034,Harry Sheezel,north_melbourne,3,0.6397873970067887,0.3130067893159959,0.04299654915197999,2.5883723188043377
2026_R6_north_melbourne_v_richmond_2026-04-19,2026,6,12975,Paul Curtis,north_melbourne,2,0.29988023798628166,0.551057990325109,0.12649318494231027,2.1282498795513733
2026_R6_north_melbourne_v_richmond_2026-04-19,2026,6,12590,Luke Davies-Uniacke,north_melbourne,1,0.021373706230011447,0.04800216417869553,0.2933700336911762,0.4534954807386016
2026_R6_sydney_v_greater_western_sydney_2026-04-17,2026,6,12699,Nick Blakey,sydney,3,0.7563154534545538,0.19602299665785,0.03996871980944754,2.7009610734888088
2026_R6_sydney_v_greater_western_sydney_2026-04-17,2026,6,12217,Brodie Grundy,sydney,2,0.1076353276587941,0.34965435475541323,0.2577081397265047,1.2799228322137135
2026_R6_sydney_v_greater_western_sydney_2026-04-17,2026,6,12711,Justin McInerney,sydney,1,0.030737797504489454,0.10220367275998105,0.15428573541682836,0.4509064734502588
2026_R6_west_coast_v_fremantle_2026-04-19,2026,6,12983,Jye Amiss,fremantle,3,0.7178851341193611,0.2146920883381977,0.053766734877168904,2.6368063139116478
2026_R6_west_coast_v_fremantle_2026-04-19,2026,6,12688,Jordan Clark,fremantle,2,0.10171911940367762,0.2787118120830904,0.2416596057250543,1.104240588102268
2026_R6_west_coast_v_fremantle_2026-04-19,2026,6,12786,Caleb Serong,fremantle,1,0.05583072824002536,0.15467692966210955,0.19313352959033597,0.6699795736346312
2026_R7_brisbane_lions_v_adelaide_2026-04-26,2026,7,12055,Lachie Neale,brisbane_lions,3,0.5423277019366456,0.3201978968759681,0.12818218636127407,2.395561085923147
2026_R7_brisbane_lions_v_adelaide_2026-04-26,2026,7,12610,Zac Bailey,brisbane_lions,2,0.2658759898598953,0.3753968041540556,0.32079231886174414,1.869213896749541
2026_R7_brisbane_lions_v_adelaide_2026-04-26,2026,7,13040,Will Ashcroft,brisbane_lions,1,0.1738500813642908,0.2725983393749806,0.47764280802851067,1.5443897308713443
2026_R7_essendon_v_collingwood_2026-04-25,2026,7,4182,Scott Pendlebury,collingwood,3,0.5123276058831807,0.4510702866005838,0.03492948076222876,2.474052871612938
2026_R7_essendon_v_collingwood_2026-04-25,2026,7,12943,Nick Daicos,collingwood,2,0.4601864514075699,0.4949681103535776,0.04248858084330535,2.41298415577317
2026_R7_essendon_v_collingwood_2026-04-25,2026,7,12573,Josh Daicos,collingwood,1,0.011880148912465182,0.023251716979684582,0.40199857026647146,0.48414245096323616
2026_R7_fremantle_v_carlton_2026-04-25,2026,7,12535,Shai Bolton,fremantle,3,0.7684296197408738,0.18872333015430112,0.036759059797866804,2.71949457932909
2026_R7_fremantle_v_carlton_2026-04-25,2026,7,12779,Luke Jackson,fremantle,2,0.0792786718449207,0.2813471539957063,0.263394346880606,1.0639246704067806
2026_R7_fremantle_v_carlton_2026-04-25,2026,7,12684,Sam Walsh,carlton,1,0.06345296065964959,0.22066742056035413,0.26095850569338536,0.8926522287930423
2026_R7_greater_western_sydney_v_north_melbourne_2026-04-26,2026,7,12025,Toby Greene,greater_western_sydney,3,0.45969002100875844,0.2688171294315089,0.1458943159091052,2.0625986377983985
2026_R7_greater_western_sydney_v_north_melbourne_2026-04-26,2026,7,12788,Tristan Xerri,north_melbourne,2,0.13407172656821342,0.1712851162028355,0.17242113008797155,0.9172065421982828
2026_R7_greater_western_sydney_v_north_melbourne_2026-04-26,2026,7,13034,Harry Sheezel,north_melbourne,1,0.08833484071893823,0.11816695337100311,0.13422940179442377,0.6355678306932447
2026_R7_hawthorn_v_gold_coast_2026-04-25,2026,7,11845,Jack Gunston,hawthorn,3,0.5196779407055321,0.2833777639267454,0.127696919209739,2.2534862691798256
2026_R7_hawthorn_v_gold_coast_2026-04-25,2026,7,12915,Jai Newcombe,hawthorn,2,0.20224979565697257,0.2768001837785088,0.22351870655439793,1.3838684610823333
2026_R7_hawthorn_v_gold_coast_2026-04-25,2026,7,12237,Jarman Impey,hawthorn,1,0.07984445047802542,0.12317565685438675,0.1706192095426596,0.6565038746855094
2026_R7_port_adelaide_v_geelong_2026-04-25,2026,7,12956,Jason Horne-Francis,port_adelaide,3,0.7075279617368493,0.2330947333167177,0.051022784259262655,2.639796136103246
2026_R7_port_adelaide_v_geelong_2026-04-25,2026,7,12766,Mitch Georgiades,port_adelaide,2,0.16363946101737295,0.41866769894951084,0.2670304478772364,1.595284228828377
2026_R7_port_adelaide_v_geelong_2026-04-25,2026,7,12698,Zak Butters,port_adelaide,1,0.06597736844457833,0.1757913582336148,0.31805919624346496,0.8675740180444296
2026_R7_richmond_v_melbourne_2026-04-24,2026,7,12771,Kysaiah Pickett,melbourne,3,0.9779133905423343,0.021776125443416325,0.00030768205292808963,2.9776001045667635
2026_R7_richmond_v_melbourne_2026-04-24,2026,7,12693,Tom Sparrow,melbourne,2,0.012160831234494029,0.5383025467833996,0.29379361008796606,1.4068811973582473
2026_R7_richmond_v_melbourne_2026-04-24,2026,7,11966,Max Gawn,melbourne,1,0.005260315257574057,0.23304784219587224,0.34419709778634605,0.8260737279508127
2026_R7_st_kilda_v_west_coast_2026-04-26,2026,7,13125,Hugo Garcia,st_kilda,3,0.40541519314595675,0.29605400338448634,0.18509872593502558,1.9934523121418686
2026_R7_st_kilda_v_west_coast_2026-04-26,2026,7,12950,Nasiah Wanganeen-Milera,st_kilda,2,0.25413000261549556,0.2740402222413343,0.24783903797874388,1.5583094903078991
2026_R7_st_kilda_v_west_coast_2026-04-26,2026,7,12609,Jack Higgins,st_kilda,1,0.20140734806951344,0.23545757047316462,0.26469593460639107,1.3398331197612605
2026_R7_western_bulldogs_v_sydney_2026-04-23,2026,7,12421,Charlie Curnow,sydney,3,0.9725000747532963,0.026915923351698005,0.0005745440453773425,2.9719066150086624
2026_R7_western_bulldogs_v_sydney_2026-04-23,2026,7,12217,Brodie Grundy,sydney,2,0.009895971860205514,0.3506962231855225,0.28963638670035236,1.020716748652014
2026_R7_western_bulldogs_v_sydney_2026-04-23,2026,7,12797,Chad Warner,sydney,1,0.008910723952674934,0.3136980153224269,0.2871396516785447,0.9412678541814233
2026_R8_adelaide_v_port_adelaide_2026-05-01,2026,8,12849,Sam Berry,adelaide,3,0.516642404823833,0.273113402939514,0.12946101592134784,2.2256150362718747
2026_R8_adelaide_v_port_adelaide_2026-05-01,2026,8,12698,Zak Butters,port_adelaide,2,0.165491649191984,0.23248339301958315,0.21854340134951478,1.179985134964633
2026_R8_adelaide_v_port_adelaide_2026-05-01,2026,8,12150,Ollie Wines,port_adelaide,1,0.11810825350123305,0.17353322008678757,0.19956388885695428,0.9009550895342285
2026_R8_carlton_v_st_kilda_2026-05-02,2026,8,12950,Nasiah Wanganeen-Milera,st_kilda,3,0.6419519993306071,0.2677459090635349,0.0719895459432405,2.533337362062132
2026_R8_carlton_v_st_kilda_2026-05-02,2026,8,12564,Rowan Marshall,st_kilda,2,0.21068934803296657,0.4082929399414956,0.22842820053187587,1.6770821245137668
2026_R8_carlton_v_st_kilda_2026-05-02,2026,8,12325,Jack Sinclair,st_kilda,1,0.04029705967119116,0.08790720224787629,0.18318493044995465,0.47989051395928073
2026_R8_collingwood_v_hawthorn_2026-04-30,2026,8,12943,Nick Daicos,collingwood,3,0.46747020228640335,0.3032496260012325,0.15060596444343904,2.159515823305114
2026_R8_collingwood_v_hawthorn_2026-04-30,2026,8,12954,Connor Macdonald,hawthorn,2,0.26781864814653045,0.3099317850277045,0.22619380337684378,1.6495133178718442
2026_R8_collingwood_v_hawthorn_2026-04-30,2026,8,12915,Jai Newcombe,hawthorn,1,0.11724340391816647,0.16371720614012725,0.24340127858476135,0.9225659026195153
2026_R8_essendon_v_brisbane_lions_2026-05-02,2026,8,12610,Zac Bailey,brisbane_lions,3,0.45962465348243076,0.28319095329592164,0.150491556130245,2.0957474231693807
2026_R8_essendon_v_brisbane_lions_2026-05-02,2026,8,13026,Darcy Wilmot,brisbane_lions,2,0.21159711964750616,0.25188944187308154,0.21337214797518517,1.3519423906638668
2026_R8_essendon_v_brisbane_lions_2026-05-02,2026,8,12055,Lachie Neale,brisbane_lions,1,0.08884674612001861,0.12246798630335828,0.1575757239441258,0.6690519349108981
2026_R8_geelong_v_north_melbourne_2026-05-02,2026,8,12881,Max Holmes,geelong,3,0.6334705531288459,0.25612684908442807,0.08460443908066424,2.497269796636058
2026_R8_geelong_v_north_melbourne_2026-05-02,2026,8,12788,Tristan Xerri,north_melbourne,2,0.12770973497345953,0.2510937100155115,0.25961519413860706,1.1449318190900086
2026_R8_geelong_v_north_melbourne_2026-05-02,2026,8,13104,Shaun Mannagh,geelong,1,0.11768691665769754,0.23655034376565184,0.2618164533990509,1.0879778909034472
2026_R8_gold_coast_v_greater_western_sydney_2026-05-03,2026,8,12430,Christian Petracca,gold_coast,3,0.4618050132734408,0.3673959206875266,0.12909619734382638,2.249303078539202
2026_R8_gold_coast_v_greater_western_sydney_2026-05-03,2026,8,12743,John Noble,gold_coast,2,0.39386791752158734,0.3946114508882874,0.15436354433329008,2.125190198674627
2026_R8_gold_coast_v_greater_western_sydney_2026-05-03,2026,8,12767,Noah Anderson,gold_coast,1,0.03830986390785651,0.062464136245302865,0.18698081463598637,0.42683867885016163
2026_R8_sydney_v_melbourne_2026-05-03,2026,8,12903,Malcolm Rosas,sydney,3,0.41187852742976505,0.29605034098828437,0.17945769294630015,2.007193957212164
2026_R8_sydney_v_melbourne_2026-05-03,2026,8,12217,Brodie Grundy,sydney,2,0.25954425842805573,0.2765627781052772,0.23519806278000494,1.5669563942747267
2026_R8_sydney_v_melbourne_2026-05-03,2026,8,12326,Isaac Heeney,sydney,1,0.17339820998781993,0.21044539196501755,0.25285865806522123,1.193944071958716
2026_R8_west_coast_v_richmond_2026-05-02,2026,8,12686,Noah Balta,richmond,3,0.6043714250650792,0.263072657219006,0.09607178391587828,2.435331373549128
2026_R8_west_coast_v_richmond_2026-05-02,2026,8,13111,Harley Reid,west_coast,2,0.15890470328275635,0.27975068832189265,0.2483449541447257,1.28456044063678
2026_R8_west_coast_v_richmond_2026-05-02,2026,8,12595,Tim Kelly,west_coast,1,0.08204631961703338,0.15638540466863143,0.2093770874276481,0.7682868556160112
2026_R8_western_bulldogs_v_fremantle_2026-05-01,2026,8,12535,Shai Bolton,fremantle,3,0.3696433060815612,0.29198697516513217,0.17893113405371847,1.8718350026286665
2026_R8_western_bulldogs_v_fremantle_2026-05-01,2026,8,12269,Marcus Bontempelli,western_bulldogs,2,0.31665609557416474,0.28722439952548035,0.1930210540052556,1.7174381397787104
2026_R8_western_bulldogs_v_fremantle_2026-05-01,2026,8,12779,Luke Jackson,fremantle,1,0.0735599351779532,0.09580022588229009,0.13780692284397372,0.5500871801424134
2026_R9_brisbane_lions_v_carlton_2026-05-08,2026,9,12055,Lachie Neale,brisbane_lions,3,0.7876450039598327,0.17326621158770883,0.03280753338150948,2.7422749684364254
2026_R9_brisbane_lions_v_carlton_2026-05-08,2026,9,12261,Patrick Cripps,carlton,2,0.07066077547779308,0.27163722876590524,0.23220430598160735,0.987461089946797
2026_R9_brisbane_lions_v_carlton_2026-05-08,2026,9,12518,Hugh McCluggage,brisbane_lions,1,0.02780258724959691,0.10849712951581993,0.13612805832028352,0.43653007910071406
2026_R9_fremantle_v_hawthorn_2026-05-07,2026,9,11845,Jack Gunston,hawthorn,3,0.3509145300611593,0.2700587889817276,0.18685560836713885,1.7797167765140718
2026_R9_fremantle_v_hawthorn_2026-05-07,2026,9,12779,Luke Jackson,fremantle,2,0.22505612529299707,0.22951973221987343,0.21028047469799555,1.3444883150167337
2026_R9_fremantle_v_hawthorn_2026-05-07,2026,9,12786,Caleb Serong,fremantle,1,0.19991569276203588,0.21147754963743098,0.20976658088316988,1.2324687584441396
2026_R9_geelong_v_collingwood_2026-05-09,2026,9,12692,Bailey Smith,geelong,3,0.9023025762343511,0.09011938733554185,0.007074145648007571,2.8942206490221447
2026_R9_geelong_v_collingwood_2026-05-09,2026,9,12881,Max Holmes,geelong,2,0.04405137314491319,0.40735105345568967,0.25646994086580394,1.2033261672119229
2026_R9_geelong_v_collingwood_2026-05-09,2026,9,12851,Oliver Henry,geelong,1,0.009964340575060147,0.09087503988143979,0.1276055299822099,0.3392486314702699
2026_R9_gold_coast_v_st_kilda_2026-05-09,2026,9,12767,Noah Anderson,gold_coast,3,0.21287154947811424,0.19090003014329804,0.16706061964974342,1.1874753283706823
2026_R9_gold_coast_v_st_kilda_2026-05-09,2026,9,12331,Touk Miller,gold_coast,2,0.16835631726226868,0.1631903686489223,0.15523243190516114,0.9866821209898119
2026_R9_gold_coast_v_st_kilda_2026-05-09,2026,9,12403,Daniel Rioli,gold_coast,1,0.15206229402268626,0.15042437731212102,0.14704249532481706,0.9040781320171178
2026_R9_greater_western_sydney_v_essendon_2026-05-09,2026,9,13168,Archie Roberts,essendon,3,0.40295225721387007,0.2690248973238317,0.16554492652015118,1.9124514928094247
2026_R9_greater_western_sydney_v_essendon_2026-05-09,2026,9,12143,Lachie Whitfield,greater_western_sydney,2,0.15410516228213916,0.17873899308996594,0.18202302269485143,1.0018164957212008
2026_R9_greater_western_sydney_v_essendon_2026-05-09,2026,9,12025,Toby Greene,greater_western_sydney,1,0.14140652740396165,0.16598286607760512,0.1739497958530355,0.9301351102201306
2026_R9_melbourne_v_west_coast_2026-05-10,2026,9,13048,Jacob van Rooyen,melbourne,3,0.6855671352709413,0.2324169043379692,0.06404347688218012,2.585578691370942
2026_R9_melbourne_v_west_coast_2026-05-10,2026,9,11966,Max Gawn,melbourne,2,0.12573663752847591,0.2977579679454729,0.24579576420324079,1.2185216126796141
2026_R9_melbourne_v_west_coast_2026-05-10,2026,9,12393,Ed Langdon,melbourne,1,0.06354850016624597,0.1562287903460534,0.20144082738213376,0.7045439085729784
2026_R9_north_melbourne_v_sydney_2026-05-09,2026,9,12326,Isaac Heeney,sydney,3,0.41887038457609777,0.27845536159656037,0.16093283836920244,1.9744547152906164
2026_R9_north_melbourne_v_sydney_2026-05-09,2026,9,12590,Luke Davies-Uniacke,north_melbourne,2,0.231423485332083,0.25290576018465877,0.20629735587288728,1.406379332238454
2026_R9_north_melbourne_v_sydney_2026-05-09,2026,9,13034,Harry Sheezel,north_melbourne,1,0.11261239735423789,0.1426104342848803,0.17416063894260736,0.7972186995750816
2026_R9_port_adelaide_v_western_bulldogs_2026-05-08,2026,9,12269,Marcus Bontempelli,western_bulldogs,3,0.5804476365943267,0.2615876157594131,0.10574538871522807,2.3702635300170347
2026_R9_port_adelaide_v_western_bulldogs_2026-05-08,2026,9,12605,Ed Richards,western_bulldogs,2,0.11774472714542827,0.20195887336566765,0.2117944533824156,0.9689463815500357
2026_R9_port_adelaide_v_western_bulldogs_2026-05-08,2026,9,12698,Zak Butters,port_adelaide,1,0.10563651524161431,0.18343545251981225,0.20257536144058935,0.8863558122050568
2026_R9_richmond_v_adelaide_2026-05-10,2026,9,12798,Izak Rankine,adelaide,3,0.6917074758942217,0.2557994943482784,0.04721437183380828,2.63393578821303
2026_R9_richmond_v_adelaide_2026-05-10,2026,9,12516,Jordan Dawson,adelaide,2,0.21533288545738946,0.5041811553167941,0.2197949178738815,1.874155884879638
2026_R9_richmond_v_adelaide_2026-05-10,2026,9,12405,Wayne Milera,adelaide,1,0.055612536934991005,0.1426962461458855,0.4247703070859482,0.8770004101826923
