rank,player_id,player_name,team_id,A_historical,A_with_reputation,B_recent_era,C_stats_assisted,D_high,D_low,D_medium,FINAL_ENSEMBLE,structural_break_sensitivity,model_disagreement_range,reputation_effect,sim_mean_votes,sim_median_votes,sim_p10,sim_p90,sim_p2_5,sim_p97_5,prob_ge_10,prob_ge_15,prob_ge_20,prob_ge_25,prob_ge_30,prob_ge_35,prob_rank_1,prob_top3_rank,prob_top10_rank,projected_3_vote_games,projected_2_vote_games,projected_1_vote_games
1,12943,Nick Daicos,collingwood,46.83334565281508,47.32118052626432,47.75526375368466,46.9849792816447,46.92432583011285,46.85609069713952,46.886417422905446,47.07080104307936,0.1516336288296145,0.9219181008695756,0.4878348734492306,47.07045,47.0,43.0,51.0,41.0,53.0,1.0,1.0,1.0,1.0,1.0,0.99989,0.99028,1.0,1.0,17,2,0
2,12692,Bailey Smith,geelong,35.21822642989444,38.05896900041431,35.799387913317275,35.332540302801,35.286814753638374,35.23537351083042,35.25823628541173,35.374468582096306,0.114313872906564,0.5811614834228394,2.840742570519872,35.36536,35.0,31.0,40.0,28.0,43.0,1.0,1.0,1.0,0.99894,0.94605,0.58998,0.00971,0.98287,0.99998,7,8,2
3,12269,Marcus Bontempelli,western_bulldogs,25.206753361425985,28.360559736976825,26.12754247501806,26.420350622855317,25.934911718283583,25.388792950640383,25.631512402926248,25.815670225644663,1.213597261429328,1.213597261429328,3.15380637555084,25.80725,26.0,21.0,30.0,19.0,33.0,1.0,0.9996,0.96774,0.64635,0.14187,0.00643,0.0,0.29892,0.92801,6,4,3
4,13040,Will Ashcroft,brisbane_lions,24.976629317690684,23.603875902463805,25.31818259112321,24.25868138149162,24.545860555971245,24.868937127260825,24.72534754002101,24.79365819470752,0.7179479361990637,1.0595012096315948,-1.372753415226878,24.78326,25.0,21.0,29.0,19.0,31.0,1.0,0.9995,0.95148,0.53037,0.07431,0.00188,1e-05,0.1866,0.89225,5,5,2
5,12261,Patrick Cripps,carlton,23.85243215252213,24.722349357955636,25.088024634221515,23.363437128226764,23.559035137944907,23.779082898877824,23.68128389401875,23.928402390358627,0.4889950242953667,1.7245875059947515,0.8699172054335023,23.91563,24.0,19.0,29.0,17.0,31.0,0.99998,0.99473,0.88108,0.43276,0.07179,0.00319,0.0,0.14837,0.80152,5,5,1
6,12055,Lachie Neale,brisbane_lions,23.597030407669248,24.13813767856968,23.820751544356497,23.09268923257935,23.29442570261531,23.52137923140576,23.420510996387783,23.46525522372524,0.5043411750898983,0.7280623117771476,0.5411072709004294,23.47279,23.0,19.0,28.0,17.0,30.0,1.0,0.99763,0.88182,0.37622,0.03967,0.0008,0.0,0.11245,0.78946,4,7,2
7,12326,Isaac Heeney,sydney,22.53277364488169,21.63508911544847,23.99172108152062,23.40743176849877,23.05756851905194,22.663972363424254,22.838903988147667,23.130693475475454,0.8746581236170812,1.4589474366389297,-0.8976845294332207,23.11901,23.0,19.0,28.0,17.0,30.0,1.0,0.99653,0.85971,0.3339,0.03268,0.0009,0.0,0.0912,0.75707,6,2,5
8,13034,Harry Sheezel,north_melbourne,22.637685223062583,23.06135192107904,23.60644942006382,22.08332106016972,22.30506672532738,22.55453059862897,22.443657766050485,22.637410605450743,0.5543641628928668,1.523128359894102,0.4236666980164543,22.65337,23.0,18.0,27.0,16.0,30.0,0.99999,0.98978,0.79942,0.3042,0.03607,0.00115,0.0,0.08836,0.69315,6,2,4
9,12798,Izak Rankine,adelaide,21.054737686563435,21.391171715407182,20.826853463600237,20.583047299095224,20.771723454082505,20.9839841284432,20.88964605094956,20.84406920635692,0.471690387468211,0.471690387468211,0.336434028843751,20.84631,21.0,17.0,24.0,16.0,26.0,0.99995,0.99024,0.68548,0.09359,0.00117,0.0,0.0,0.01152,0.50882,6,3,1
10,12516,Jordan Dawson,adelaide,20.293067040565223,21.763063507023457,20.578742703304457,20.676423031057315,20.52308063486048,20.350570439139027,20.42724163723745,20.4843767697853,0.3833559904920918,0.3833559904920918,1.469996466458234,20.47242,20.0,16.0,25.0,14.0,27.0,0.99991,0.97242,0.60881,0.10856,0.0042,1e-05,0.0,0.01845,0.4553,4,3,4
11,12950,Nasiah Wanganeen-Milera,st_kilda,20.23323534136154,21.723758451508218,20.33708998389023,19.651783025124946,19.884363951619584,20.146017493926053,20.02972703067873,20.05049795918447,0.5814523162365965,0.6853069587652882,1.490523110146679,20.05354,20.0,16.0,24.0,15.0,26.0,0.99995,0.97609,0.56681,0.06559,0.0008,0.0,0.0,0.0088,0.3987,5,3,2
12,12698,Zak Butters,port_adelaide,19.463696490700325,19.56236396467536,19.42124860541809,20.397516750768464,20.02398864674121,19.60376952971055,19.790533581724176,19.78204400466773,0.9338202600681385,0.976268145350378,0.0986674739750341,19.78543,20.0,15.0,24.0,13.0,27.0,0.99924,0.94008,0.52194,0.09108,0.0036,2e-05,0.0,0.01675,0.38204,4,4,2
13,11966,Max Gawn,melbourne,19.339888808758968,20.964114479371105,16.433170233740032,20.08477652949592,19.786821441201145,19.45162196686952,19.600599511016902,19.01925579601312,0.7448877207369513,3.651606295755887,1.6242256706121374,19.02884,19.0,14.0,24.0,11.0,27.0,0.99432,0.87482,0.4477,0.08471,0.00529,9e-05,0.0,0.01712,0.32617,3,6,4
14,12771,Kysaiah Pickett,melbourne,18.913645223901884,18.348649778713792,18.99371688223987,18.94440594220192,18.932101654881905,18.91825933164689,18.924411475306893,18.94042580697449,0.0307607183000335,0.0800716583379852,-0.5649954451880923,18.94786,19.0,16.0,22.0,14.0,24.0,0.99997,0.96796,0.3967,0.01996,0.00015,0.0,0.0,0.00198,0.23067,5,2,0
15,12915,Jai Newcombe,hawthorn,18.59034645865007,18.46402121435874,18.56812290086055,18.286533656177077,18.40805877716627,18.54477453827912,18.48401197778452,18.479567266226617,0.3038128024729971,0.3038128024729971,-0.1263252442913298,18.48419,18.0,14.0,23.0,12.0,26.0,0.99559,0.86545,0.38124,0.05176,0.00214,3e-05,0.0,0.00844,0.25518,5,3,2
16,12605,Ed Richards,western_bulldogs,18.11295724381421,16.79117973993059,18.05476659867738,17.906620312477667,17.98915508501229,18.08200670411373,18.040739317846423,18.02910118881906,0.2063369313365477,0.2063369313365477,-1.3217775038836237,18.01656,18.0,14.0,22.0,12.0,25.0,0.99772,0.86089,0.31608,0.02771,0.00056,0.0,0.0,0.00452,0.20005,4,3,3
17,12956,Jason Horne-Francis,port_adelaide,17.193720156800175,16.952071139527295,17.239257192629296,16.521281773570962,16.790257126862652,17.092854399315804,16.958366722669957,16.96747412983578,0.6724383832292133,0.7179754190583338,-0.2416490172728806,16.95888,17.0,13.0,21.0,11.0,23.0,0.9917,0.77559,0.21377,0.01102,9e-05,0.0,0.0,0.00124,0.12337,4,2,4
18,12797,Chad Warner,sydney,14.357791175284628,15.3297309548708,14.94539961171803,14.95661532530938,14.717085665299496,14.447614797788368,14.567379627793311,14.684901315079989,0.5988241500247522,0.5988241500247522,0.9719397795861724,14.7038,15.0,10.0,19.0,8.0,22.0,0.94529,0.51087,0.0825,0.0032,4e-05,0.0,0.0,0.00042,0.0435,1,5,4
19,12786,Caleb Serong,fremantle,14.209205895600586,15.652020820834275,14.921462384441918,14.651032432699257,14.474301817859788,14.275479876165386,14.36384518358512,14.506296481353386,0.4418265370986685,0.7122564888413319,1.442814925233689,14.5165,14.0,10.0,19.0,8.0,22.0,0.92778,0.48957,0.08386,0.00378,0.00012,0.0,0.0,0.00052,0.04353,3,1,5
20,12862,Errol Gulden,sydney,14.362703491887457,14.601922152903384,14.395696538373178,14.399163982233109,14.384579786094848,14.368172565439306,14.375464663508437,14.382063272805578,0.036460490345652,0.036460490345652,0.2392186610159274,14.38574,14.0,12.0,17.0,11.0,18.0,0.99448,0.4763,0.00399,0.0,0.0,0.0,0.0,0.0,0.00168,5,1,0
21,12881,Max Holmes,geelong,14.182032390053443,14.155862815911744,14.180827046074649,14.325661506207467,14.268209859745864,14.203576757476556,14.232302580707358,14.232061511911612,0.1436291161540221,0.1448344601328184,-0.0261695741417007,14.23253,14.0,10.0,18.0,9.0,20.0,0.9463,0.45673,0.0436,0.00077,0.0,0.0,0.0,7e-05,0.01959,4,2,3
22,12410,Clayton Oliver,greater_western_sydney,13.745271977805672,10.578464869950588,15.288489711290527,13.416757589460255,13.548163344798422,13.69599481955386,13.630291941884776,13.938935488581745,0.3285143883454164,1.8717321218302736,-3.166807107855085,13.91517,14.0,9.0,19.0,7.0,22.0,0.87792,0.42495,0.07763,0.00498,0.00014,1e-05,0.0,0.00074,0.04348,1,4,5
23,12535,Shai Bolton,fremantle,13.673890166946938,11.756476300303506,14.281105160023095,13.35049535690386,13.479853280921091,13.625380945440476,13.56070198343186,13.682144982047094,0.3233948100430783,0.9306098031192356,-1.9174138666434324,13.67073,14.0,10.0,18.0,8.0,20.0,0.90473,0.38455,0.04514,0.00155,1e-05,0.0,0.0,0.00011,0.02086,3,1,4
24,12217,Brodie Grundy,sydney,13.389149879119948,13.19387044249608,11.394426198335378,13.04323948961196,13.181603645415152,13.337263320693753,13.268081242792157,12.86913650663524,0.3459103895079867,1.9947236807845703,-0.195279436623867,12.88034,13.0,9.0,17.0,7.0,19.0,0.86348,0.29299,0.02111,0.00029,0.0,0.0,0.0,3e-05,0.00966,1,5,2
25,12590,Luke Davies-Uniacke,north_melbourne,12.51467148931768,12.773854083063345,12.639536701634796,13.391770641138368,13.0409309804101,12.64623636209079,12.821656192454927,12.846629234918352,0.877099151820687,0.877099151820687,0.2591825937456615,12.84858,13.0,9.0,17.0,7.0,20.0,0.84399,0.30053,0.02612,0.00048,0.0,0.0,0.0,3e-05,0.01265,3,3,3
26,12779,Luke Jackson,fremantle,12.329721559125412,13.799260472185727,11.798454405175852,13.709288213930696,13.157461552008584,12.536656557346204,12.812569888307262,12.70631645751735,1.3795666548052845,1.9108338087548449,1.4695389130603154,12.71592,13.0,8.0,18.0,6.0,20.0,0.80499,0.30183,0.03956,0.00188,2e-05,0.0,0.0,0.00026,0.02003,2,4,4
27,11845,Jack Gunston,hawthorn,12.588820697305405,12.417475362572713,13.735788173920982,12.187196739296231,12.3478463224999,12.528577103604029,12.448252312002191,12.677645807325309,0.4016239580091696,1.548591434624749,-0.1713453347326918,12.67758,13.0,9.0,17.0,7.0,19.0,0.85191,0.27131,0.01342,7e-05,0.0,0.0,0.0,0.0,0.00526,3,3,2
28,12767,Noah Anderson,gold_coast,12.24586022055342,14.514970714628646,12.177503579454156,12.3751332619903,12.323424045415535,12.26525117676895,12.291105785056322,12.277434456836469,0.1292730414368819,0.1976296825361441,2.2691104940752265,12.27947,12.0,8.0,17.0,6.0,19.0,0.78763,0.25482,0.02115,0.00044,0.0,0.0,0.0,6e-05,0.00983,2,4,3
29,12684,Sam Walsh,carlton,11.618867215053626,12.34482556868088,12.1373055554816,12.084324175050472,11.898141391051732,11.688685759053152,11.781777151052522,11.885464819138116,0.4654569599968461,0.5184383404279735,0.7259583536272523,11.86309,12.0,7.0,17.0,5.0,19.0,0.73443,0.22893,0.02305,0.00076,2e-05,0.0,0.0,0.00013,0.01197,1,3,5
30,13111,Harley Reid,west_coast,11.33631546541644,10.690610077866074,12.038084309028925,11.510948745270657,11.441095433328972,11.362510457394574,11.397437113365418,11.537790882087911,0.1746332798542162,0.7017688436124843,-0.6457053875503664,11.54943,11.0,8.0,15.0,6.0,18.0,0.74729,0.16029,0.00579,1e-05,0.0,0.0,0.0,0.0,0.00277,3,2,1
31,12430,Christian Petracca,gold_coast,11.276392066409793,10.679335837999432,12.198140170875664,11.13231049452892,11.18994312328127,11.254779830627658,11.225963516251486,11.41031313714466,0.1440815718808696,1.065829676346743,-0.5970562284103575,11.40082,11.0,8.0,15.0,7.0,17.0,0.77171,0.11044,0.00189,1e-05,0.0,0.0,0.0,0.0,0.00081,3,1,0
32,13048,Jacob van Rooyen,melbourne,11.403620941927006,11.314178671970962,11.56475901683758,11.31655258183656,11.351379925872736,11.390560687913435,11.373147015895348,11.405374630877464,0.0870683600904449,0.2482064350010198,-0.0894422699560433,11.40479,11.0,10.0,13.0,9.0,15.0,0.91657,0.02963,1e-05,0.0,0.0,0.0,0.0,0.0,1e-05,4,0,0
33,12610,Zac Bailey,brisbane_lions,11.323794641279116,10.258762985954496,11.592542121435429,10.9803089617039,11.11770323353399,11.272271789342833,11.203574653427792,11.257324149459054,0.343485679575215,0.6122331597315291,-1.0650316553246189,11.26975,11.0,7.0,15.0,5.0,18.0,0.70016,0.1562,0.0084,0.0001,0.0,0.0,0.0,3e-05,0.00378,1,3,4
34,12589,Andrew Brayshaw,fremantle,10.92652720859797,11.965634832208474,10.818467790208627,11.8621131225852,11.487878756990307,11.066865095696052,11.2539822784935,11.232370394815632,0.9355859139872322,1.043645332376574,1.039107623610505,11.22225,11.0,7.0,15.0,5.0,18.0,0.69142,0.15452,0.00912,0.00016,0.0,0.0,0.0,1e-05,0.00403,1,4,1
35,12421,Charlie Curnow,sydney,10.47757696892297,10.000377194404818,10.936158234018016,9.883872188368027,10.121354100590017,10.388521251839746,10.269780295728756,10.36149654874776,0.5937047805549405,1.0522860456499874,-0.4771997745181515,10.3608,10.0,8.0,13.0,7.0,15.0,0.63805,0.02907,7e-05,0.0,0.0,0.0,0.0,0.0,1e-05,2,2,1
36,13193,Max Hall,st_kilda,10.235485029890082,9.49592181460749,10.222087899558591,10.489844117548556,10.388100482485378,10.273638893039,10.324510710570724,10.32183128450443,0.2543590876584751,0.2677562179899642,-0.7395632152825922,10.33106,10.0,7.0,14.0,5.0,16.0,0.60003,0.08049,0.00181,0.0,0.0,0.0,0.0,0.0,0.00079,2,1,3
37,12411,George Hewett,carlton,10.291629224470984,11.14238451375644,10.4715032480298,9.824548444031548,10.011380756207322,10.221567107405068,10.12815095131718,10.164125756028945,0.467080780439435,0.646954803998252,0.8507552892854573,10.17821,10.0,6.0,14.0,5.0,17.0,0.5708,0.08414,0.00279,1e-05,0.0,0.0,0.0,0.0,0.00129,3,0,2
38,12025,Toby Greene,greater_western_sydney,10.10795514988766,10.97983233633507,10.784430803219992,9.26935357579164,9.604794205430045,9.98216491377326,9.814444598954053,9.949739729620518,0.8386015740960193,1.5150772274283515,0.87187718644741,9.94672,10.0,6.0,14.0,4.0,16.0,0.54673,0.07051,0.00121,0.0,0.0,0.0,0.0,0.0,0.00048,1,2,3
39,12693,Tom Sparrow,melbourne,9.545877495995672,8.834477987900053,10.041779623913154,9.823659094669058,9.712546455199718,9.58754473579669,9.64310105553137,9.742281481114864,0.2777815986733856,0.495902127917482,-0.711399508095619,9.7407,10.0,6.0,14.0,4.0,16.0,0.51363,0.06031,0.00158,1e-05,0.0,0.0,0.0,0.0,0.00079,2,2,2
40,12969,Finn Callaghan,greater_western_sydney,9.337855606633193,10.95926803767606,9.125024470668963,10.149755459553576,9.82499551838542,9.459640584571249,9.622020555155324,9.57945432796248,0.8118998529203854,1.0247309888846132,1.62141243104287,9.58469,9.0,6.0,13.0,4.0,16.0,0.48884,0.05268,0.00117,1e-05,0.0,0.0,0.0,0.0,0.00048,2,0,3
41,13104,Shaun Mannagh,geelong,9.504308590253906,9.419781544470515,9.54757748812966,9.316540397357477,9.391647674516053,9.47614336131944,9.438589722740158,9.44724350231531,0.1877681928964296,0.2310370907721832,-0.0845270457833891,9.43782,9.0,7.0,12.0,6.0,14.0,0.46741,0.01226,1e-05,0.0,0.0,0.0,0.0,0.0,0.0,2,1,2
42,12983,Jye Amiss,fremantle,9.499782855776472,9.273822542844536,9.53910160408323,9.162914122868973,9.297661616031972,9.449252545840348,9.381878799258848,9.389742548920198,0.3368687329074991,0.3761874812142576,-0.2259603129319369,9.39269,9.0,6.0,13.0,5.0,15.0,0.4536,0.02587,0.0003,0.0,0.0,0.0,0.0,0.0,0.00012,3,0,1
43,12241,Zach Merrett,essendon,9.391868918738362,9.356243337715693,8.844914783850104,9.225925758440804,9.292303022559826,9.366977444693728,9.333788812634216,9.224397985656564,0.1659431602975587,0.5469541348882583,-0.0356255810226713,9.22421,9.0,6.0,13.0,4.0,15.0,0.44522,0.03277,0.00032,0.0,0.0,0.0,0.0,0.0,0.00013,2,2,1
44,12887,Josh Treacy,fremantle,9.239414228924169,8.605868070025862,9.272540405021203,8.514710330095225,8.804591889626803,9.130708644099824,8.985767864334036,8.992393099553444,0.7247038988289418,0.7578300749259785,-0.6335461588983051,8.98983,9.0,6.0,13.0,4.0,15.0,0.40277,0.0353,0.00075,0.0,0.0,0.0,0.0,0.0,0.00037,1,2,0
45,12768,Matt Rowell,gold_coast,8.809136463220314,10.446716373090233,9.064310355516914,8.076177387076829,8.36936101753422,8.699192601798792,8.552600786570094,8.603635565029414,0.7329590761434854,0.9881329684400856,1.6375799098699169,8.62037,8.0,5.0,12.0,4.0,14.0,0.35256,0.01923,0.00013,0.0,0.0,0.0,0.0,0.0,2e-05,1,2,1
46,12331,Touk Miller,gold_coast,8.622602747177943,8.162890907550214,8.480096301713427,8.241951960850061,8.39421227538119,8.565505129228765,8.489374971963176,8.460873682870268,0.3806507863278821,0.3806507863278821,-0.4597118396277295,8.45267,8.0,5.0,12.0,4.0,14.0,0.33768,0.01517,7e-05,0.0,0.0,0.0,0.0,0.0,4e-05,1,4,1
47,12782,Lachie Ash,greater_western_sydney,8.037964528845269,8.442825684079274,7.512031756233384,8.596780788447518,8.373254284606618,8.121786967785606,8.233550219706057,8.128363665183679,0.5588162596022492,1.084749032214134,0.4048611552340055,8.1251,8.0,5.0,12.0,3.0,14.0,0.30199,0.01732,0.00019,0.0,0.0,0.0,0.0,0.0,8e-05,2,2,0
48,13125,Hugo Garcia,st_kilda,7.83390940937215,7.144562161717006,7.932264846086334,8.0801339091184,7.981644109219959,7.8708430843341235,7.920087984283383,7.939759071626224,0.2462244997462503,0.2462244997462503,-0.6893472476551441,7.9483,8.0,4.0,12.0,3.0,14.0,0.27957,0.0157,0.00023,0.0,0.0,0.0,0.0,0.0,0.00012,2,0,2
49,13137,Logan Morris,brisbane_lions,7.817913122541697,7.937672077511028,7.827352939811215,7.643719648032077,7.713397037835925,7.791784101365254,7.75694540646333,7.758833369917234,0.1741934745096198,0.1836332917791381,0.1197589549693312,7.76322,8.0,6.0,10.0,5.0,12.0,0.16136,0.00176,0.0,0.0,0.0,0.0,0.0,0.0,0.0,2,1,0
50,12504,Tim Taranto,richmond,7.774647376601937,8.722294717357672,7.65015001545628,7.499228329477892,7.609395948327522,7.733334519533321,7.678250710108522,7.653351237879391,0.2754190471240454,0.2754190471240454,0.9476473407557346,7.6548,8.0,5.0,11.0,4.0,12.0,0.20124,0.00312,0.0,0.0,0.0,0.0,0.0,0.0,0.0,1,2,1
51,12743,John Noble,gold_coast,7.257533814686634,6.948157516845506,6.607469741156336,7.742488324244666,7.548506520421455,7.330276991120338,7.427267893031946,7.297255078325885,0.4849545095580314,1.13501858308833,-0.3093762978411281,7.28202,7.0,4.0,11.0,2.0,13.0,0.20785,0.00801,6e-05,0.0,0.0,0.0,0.0,0.0,2e-05,0,2,2
52,13105,Nick Watson,hawthorn,6.631035129258928,5.943794671846634,7.150436186731872,6.812019584573528,6.739625802447689,6.658182797556118,6.694379688619039,6.798259900113627,0.1809844553145998,0.519401057472944,-0.6872404574122939,6.79457,7.0,4.0,10.0,2.0,12.0,0.14233,0.00253,1e-05,0.0,0.0,0.0,0.0,0.0,0.0,1,2,1
53,12699,Nick Blakey,sydney,6.7795128823866975,6.926678077613492,6.601596786651504,6.90700922447932,6.856010687642272,6.798637333700591,6.824136602119116,6.788553382972077,0.1274963420926225,0.3054124378278162,0.1471651952267949,6.80258,7.0,4.0,10.0,3.0,12.0,0.11399,0.00205,0.0,0.0,0.0,0.0,0.0,0.0,0.0,1,2,0
54,12849,Sam Berry,adelaide,6.4816974065775295,5.847013868867976,6.436261681838538,6.997614847991317,6.791247871425801,6.559085022789595,6.662268511072353,6.653181366124556,0.5159174414137873,0.5613531661527791,-0.6346835377095532,6.64629,6.0,3.0,10.0,2.0,12.0,0.13986,0.00412,4e-05,0.0,0.0,0.0,0.0,0.0,1e-05,1,2,2
55,12167,Jake Stringer,greater_western_sydney,6.617752912385606,6.531413047621492,6.709577686252385,6.6415717675239545,6.632044225468618,6.621325740656356,6.626089511684028,6.644454466457384,0.0238188551383489,0.0918247738667794,-0.0863398647641133,6.64499,6.0,5.0,9.0,4.0,11.0,0.0582,0.0002,0.0,0.0,0.0,0.0,0.0,0.0,0.0,2,0,0
56,12954,Connor Macdonald,hawthorn,6.854235228633949,6.31332598073037,6.6716586150362485,6.16453033440816,6.440412292098476,6.7507794945000805,6.612838515654923,6.576323192935384,0.6897048942257893,0.6897048942257893,-0.5409092479035795,6.58309,6.0,3.0,10.0,1.0,13.0,0.156,0.00691,9e-05,0.0,0.0,0.0,0.0,0.0,4e-05,1,1,1
57,12974,Oliver Dempsey,geelong,6.568114150698365,5.952574130294347,6.717760891280035,6.4172310589577615,6.477584295654007,6.545481686937279,6.515305068589159,6.545234416705496,0.1508830917406038,0.3005298323222733,-0.6155400204040182,6.5557,6.0,4.0,9.0,3.0,11.0,0.09423,0.00109,0.0,0.0,0.0,0.0,0.0,0.0,0.0,1,2,1
58,13180,Murphy Reid,fremantle,6.617300004975819,5.846580203347667,6.643427173324022,6.050625805516637,6.27729548530031,6.532298875056941,6.4189640351651045,6.424189468834746,0.5666741994591824,0.5928013678073851,-0.770719801628152,6.41426,6.0,3.0,10.0,1.0,12.0,0.13821,0.00569,1e-05,0.0,0.0,0.0,0.0,0.0,0.0,1,1,1
59,13129,Patrick Voss,fremantle,6.10983532014074,6.217926869559531,6.139910071266765,6.106897993712901,6.108072924284037,6.109394721176565,6.108807255890997,6.114822206116202,0.0029373264278387,0.033012077553864,0.1080915494187912,6.11452,6.0,3.0,9.0,2.0,10.0,0.04775,0.00019,0.0,0.0,0.0,0.0,0.0,0.0,0.0,2,1,0
60,12953,Josh Rachele,adelaide,6.084789476857507,5.664083809799421,6.44433248218966,5.900713143827211,5.97434367703933,6.057178026902962,6.020362760296903,6.092271361363334,0.1840763330302959,0.5436193383624488,-0.420705667058086,6.09824,6.0,3.0,9.0,3.0,11.0,0.06951,0.00104,0.0,0.0,0.0,0.0,0.0,0.0,0.0,1,1,0
61,12564,Rowan Marshall,st_kilda,6.085400379239305,5.8711454337444,5.95993379998908,6.10739057105328,6.09859449432769,6.088698908011402,6.093096946374198,6.068003630524151,0.0219901918139751,0.1474567710642,-0.2142549454949049,6.05574,6.0,4.0,9.0,2.0,10.0,0.04771,0.00019,0.0,0.0,0.0,0.0,0.0,0.0,0.0,2,1,0
62,12455,Matthew Kennedy,western_bulldogs,5.913145428987924,5.2460035910354055,5.921719198403403,6.094617418567983,6.022028622735959,5.940366227424933,5.976660625340945,5.97837537922404,0.1814719895800598,0.1814719895800598,-0.667141837952518,5.98778,6.0,3.0,9.0,2.0,11.0,0.09048,0.00221,1e-05,0.0,0.0,0.0,0.0,0.0,0.0,1,0,1
63,12968,Kai Lohmann,brisbane_lions,5.886638524313119,5.862101743959856,6.001709922021426,6.012920835737953,5.96240791116802,5.905580871026844,5.9308373333118105,5.953851612853473,0.1262823114248341,0.1262823114248341,-0.0245367803532623,5.96025,6.0,3.0,9.0,2.0,11.0,0.06525,0.00036,0.0,0.0,0.0,0.0,0.0,0.0,0.0,1,0,2
64,12573,Josh Daicos,collingwood,6.121053301633108,6.448382453537521,6.012017913388342,5.6292716931555935,5.825984336546604,6.047286060361481,5.9489297386659805,5.927122661017026,0.4917816084775142,0.4917816084775142,0.3273291519044132,5.91878,6.0,3.0,9.0,1.0,11.0,0.08821,0.00135,1e-05,0.0,0.0,0.0,0.0,0.0,1e-05,0,2,2
65,12237,Jarman Impey,hawthorn,5.808557009176731,6.326725554138364,5.393302433643468,6.357460311117704,6.137898990341315,5.890892504467877,6.000673164856072,5.91762224974942,0.5489033019409728,0.9641578774742356,0.5181685449616333,5.91115,6.0,3.0,9.0,2.0,11.0,0.08101,0.00163,2e-05,0.0,0.0,0.0,0.0,0.0,1e-05,1,1,2
66,12060,Bradley Hill,st_kilda,5.730372086671108,5.428116467897527,5.723586079628385,5.804366243898075,5.774768581008457,5.741471210255954,5.756270041701511,5.754912840292993,0.0739941572269673,0.0807801642696901,-0.3022556187735805,5.76369,6.0,3.0,9.0,2.0,11.0,0.06605,0.00091,1e-05,0.0,0.0,0.0,0.0,0.0,0.0,0,3,1
67,13168,Archie Roberts,essendon,5.84687271401443,5.446590252287431,5.8315122860787545,5.588108905521466,5.69161442891865,5.808058142740486,5.7563053810418925,5.753233295454757,0.2587638084929642,0.2587638084929642,-0.4002824617269995,5.75906,6.0,3.0,8.0,3.0,10.0,0.03222,0.00017,0.0,0.0,0.0,0.0,0.0,0.0,0.0,2,0,0
68,12368,Jack Steele,melbourne,5.654908166094828,4.916721172348482,5.643415516837552,5.650245754326923,5.652110719034088,5.654208804329645,5.653276321976064,5.650977792124609,0.0046624117679057,0.0114926492572768,-0.7381869937463463,5.64451,5.0,2.0,9.0,1.0,11.0,0.08677,0.00216,1e-05,0.0,0.0,0.0,0.0,0.0,1e-05,0,1,2
69,12373,Caleb Daniel,north_melbourne,5.749868809232496,5.747754129473447,5.48698337377255,5.476944069824008,5.586113965587411,5.708930098321229,5.654345150439532,5.601768063347542,0.2729247394084888,0.2729247394084888,-0.0021146797590496,5.59576,5.0,3.0,8.0,2.0,10.0,0.03794,0.00014,0.0,0.0,0.0,0.0,0.0,0.0,0.0,2,1,0
70,12711,Justin McInerney,sydney,5.42123706241822,4.824079201327981,5.654550518977134,5.341495097347414,5.373391883375735,5.409275767657601,5.393327374643439,5.439990065955221,0.0797419650708057,0.3130554216297199,-0.5971578610902384,5.43454,5.0,3.0,8.0,2.0,10.0,0.03324,0.00017,0.0,0.0,0.0,0.0,0.0,0.0,0.0,1,1,1
71,12788,Tristan Xerri,north_melbourne,5.832772567964591,5.492242088864388,4.340363985225386,5.470677739265015,5.615515670744849,5.778458343659658,5.706039377919743,5.407557661371902,0.3620948286995764,1.4924085827392055,-0.3405304791002033,5.40726,5.0,2.0,9.0,1.0,11.0,0.07192,0.00148,1e-05,0.0,0.0,0.0,0.0,0.0,0.0,0,3,0
72,13274,Jagga Smith,carlton,5.502735945456323,0.0,5.416807289037557,5.193510856196116,5.317200891900198,5.456352182067292,5.39450716421525,5.377321432931497,0.3092250892602077,0.3092250892602077,-5.502735945456323,5.38112,5.0,2.0,9.0,1.0,11.0,0.06658,0.00115,0.0,0.0,0.0,0.0,0.0,0.0,0.0,0,2,2
73,12660,Darcy Cameron,collingwood,5.3725828725427816,5.205648831972881,4.513354412635805,5.777256952991479,5.615387320812003,5.433283984610085,5.514218800699827,5.342373108718432,0.4046740804486974,1.2639025403556738,-0.1669340405699007,5.34228,5.0,2.0,8.0,1.0,10.0,0.04889,0.00043,0.0,0.0,0.0,0.0,0.0,0.0,0.0,0,2,3
74,11713,Taylor Walker,adelaide,5.13094057352329,5.029140254887356,5.320228222097644,4.9734055723530926,5.036419572821187,5.107310323347747,5.07580332311372,5.113660852828591,0.1575350011701974,0.346822649744551,-0.1018003186359344,5.12107,5.0,3.0,7.0,2.0,8.0,0.00568,0.0,0.0,0.0,0.0,0.0,0.0,0.0,0.0,1,2,0
75,12143,Lachie Whitfield,greater_western_sydney,5.046797482213674,4.728982522931196,5.075428809365518,5.178368548081575,5.1257401217344105,5.066533142093861,5.092847355267439,5.098573620697807,0.1315710658679005,0.1315710658679005,-0.3178149592824777,5.09832,5.0,2.0,8.0,1.0,10.0,0.04707,0.00067,0.0,0.0,0.0,0.0,0.0,0.0,0.0,0,3,0
76,12017,Jeremy Cameron,geelong,4.787172771255816,4.857730415245782,5.032279985228418,4.823542787509095,4.808994781007783,4.792628273693807,4.799902276944464,4.848923719738984,0.0363700162532794,0.2451072139726022,0.0705576439899662,4.85245,5.0,3.0,7.0,3.0,9.0,0.01524,3e-05,0.0,0.0,0.0,0.0,0.0,0.0,0.0,1,0,0
77,12318,Jordan de Goey,collingwood,4.495798761414265,4.228856466870009,4.650196532800509,4.701841334451331,4.619424305236512,4.526705147369824,4.567913661977241,4.598793216254489,0.2060425730370658,0.2060425730370658,-0.2669422945442559,4.60562,4.0,2.0,7.0,1.0,9.0,0.02093,0.0001,0.0,0.0,0.0,0.0,0.0,0.0,0.0,0,1,2
78,12405,Wayne Milera,adelaide,4.524708089791162,4.1410768153763735,4.534858318751033,4.728614199667756,4.647051755717119,4.555294006272651,4.59607522824797,4.598105274039945,0.2039061098765948,0.2039061098765948,-0.383631274414788,4.58954,4.0,1.0,8.0,0.0,10.0,0.04214,0.00068,0.0,0.0,0.0,0.0,0.0,0.0,0.0,0,1,2
79,12892,Riley Thilthorpe,adelaide,4.337077014808981,4.663975064008311,4.506018387579663,4.2977393361759,4.31347440762914,4.331176363014016,4.323308827287405,4.35709710184154,0.0393376786330819,0.2082790514037631,0.3268980491993298,4.35515,4.0,3.0,6.0,2.0,8.0,0.00402,0.0,0.0,0.0,0.0,0.0,0.0,0.0,0.0,1,0,1
80,4182,Scott Pendlebury,collingwood,4.447547864094033,4.32428869418576,4.383517928430032,4.06525127611825,4.218169911308566,4.390203375897665,4.313744058302509,4.30093807116971,0.3822965879757829,0.3822965879757829,-0.1232591699082732,4.29028,4.0,2.0,7.0,2.0,8.0,0.00503,0.0,0.0,0.0,0.0,0.0,0.0,0.0,0.0,1,0,1
81,12594,Aaron Naughton,western_bulldogs,4.20856954251807,4.300825563622008,4.2851189412515485,4.083363793396046,4.133446093044856,4.189788680149767,4.164747530325362,4.180057410072058,0.1252057491220242,0.2017551478555024,0.092256021103938,4.17919,4.0,2.0,6.0,2.0,7.0,0.00068,0.0,0.0,0.0,0.0,0.0,0.0,0.0,0.0,0,2,0
82,12354,Bailey Dale,western_bulldogs,4.021357983085188,4.014757415766644,3.809011338701415,4.349988777120421,4.218536459506328,4.070652602190473,4.13637876099752,4.093909432120764,0.3286307940352326,0.5409774384190063,-0.0066005673185447,4.09298,4.0,2.0,7.0,0.0,9.0,0.01063,8e-05,0.0,0.0,0.0,0.0,0.0,0.0,0.0,1,0,2
83,11953,Luke Parker,north_melbourne,4.05227366316154,3.74138092336272,3.9608422313701066,3.986128370376752,4.012586487490682,4.042351869243831,4.029122810686876,4.010836524328589,0.066145292784788,0.0914314317914328,-0.3108927397988195,4.00659,4.0,1.0,7.0,0.0,9.0,0.0219,0.00024,0.0,0.0,0.0,0.0,0.0,0.0,0.0,0,0,2
84,12766,Mitch Georgiades,port_adelaide,3.987425853240025,3.9004398610651534,4.014147859061138,3.888943657552132,3.92833653582729,3.972653523886842,3.952957084749264,3.9583014859134864,0.0984821956878931,0.125204201509006,-0.0869859921748719,3.95848,4.0,2.0,6.0,1.0,8.0,0.00739,2e-05,0.0,0.0,0.0,0.0,0.0,0.0,0.0,0,2,0
85,12927,Jack Ginnivan,hawthorn,4.016049666180113,3.650055333175943,4.173942404708321,3.748765017758132,3.855678877126924,3.9759569689168153,3.9225000392324194,3.9540785869380617,0.2672846484219811,0.4251773869501898,-0.3659943330041697,3.95309,4.0,1.0,7.0,0.0,9.0,0.01328,8e-05,0.0,0.0,0.0,0.0,0.0,0.0,0.0,0,2,0
86,12955,Josh Ward,hawthorn,3.842498632868588,3.8147935682892737,3.9303827319886615,3.9710694184642334,3.919641104225975,3.8617842507079354,3.887498407827064,3.9050752276510794,0.1285707855956457,0.1285707855956457,-0.0277050645793139,3.90389,4.0,1.0,7.0,0.0,9.0,0.02305,0.00038,0.0,0.0,0.0,0.0,0.0,0.0,0.0,0,1,2
87,12992,Shannon Neale,geelong,3.753628971323006,3.5346107444285457,4.293267036731472,3.702284587904396,3.72282234127184,3.745927313810213,3.735658437126492,3.843586050208186,0.0513443834186104,0.5909824488270767,-0.2190182268944602,3.83901,4.0,1.0,6.0,0.0,8.0,0.00416,1e-05,0.0,0.0,0.0,0.0,0.0,0.0,0.0,1,1,0
88,12469,Blake Hardwick,hawthorn,3.6402579261837897,3.6173480403020415,3.7833427084755553,3.7501628872159216,3.706200902803069,3.6567436703386096,3.678724662545036,3.707341619003389,0.1099049610321318,0.1430847822917655,-0.0229098858817482,3.72029,3.0,1.0,6.0,0.0,8.0,0.00681,3e-05,0.0,0.0,0.0,0.0,0.0,0.0,0.0,0,2,0
89,12728,Ben King,gold_coast,3.626534079043399,3.697589915452808,4.051390106180384,3.536934259055544,3.572774187050687,3.613094106045221,3.5951741420476493,3.6801453474750474,0.0895998199878547,0.5144558471248399,0.0710558364094091,3.68524,3.0,2.0,6.0,1.0,7.0,0.0004,0.0,0.0,0.0,0.0,0.0,0.0,0.0,0.0,1,0,1
90,13007,Jase Burgoyne,port_adelaide,3.5042132916189903,3.420406694033955,3.408193543350392,3.628099425702187,3.578544972068909,3.52279621173147,3.5475734385481097,3.5283694888943904,0.1238861340831967,0.2199058823517949,-0.0838065975850352,3.53223,3.0,2.0,6.0,1.0,7.0,0.00293,0.0,0.0,0.0,0.0,0.0,0.0,0.0,0.0,1,0,0
91,12975,Paul Curtis,north_melbourne,3.528729395209367,3.506468368271677,3.5234890343377243,3.4674613752730834,3.4919685832476035,3.51953919221893,3.5072855882316736,3.506237516057346,0.0612680199362833,0.0612680199362833,-0.0222610269376892,3.50534,3.0,2.0,5.0,1.0,6.0,0.0003,0.0,0.0,0.0,0.0,0.0,0.0,0.0,0.0,0,2,0
92,12584,Darcy Fogarty,adelaide,3.4898343219162755,3.4182254385692628,3.641415841208477,3.2378404006582016,3.3386379691614314,3.4520352337275675,3.4016364494759515,3.4319527533343903,0.2519939212580739,0.4035754405502758,-0.0716088833470127,3.4339,3.0,1.0,6.0,0.0,7.0,0.0009,0.0,0.0,0.0,0.0,0.0,0.0,0.0,0.0,1,0,2
93,12794,Will Day,hawthorn,3.1630988078966595,3.3304168268331504,3.3247011444997145,3.3534341107691144,3.277299989620132,3.1916491033275283,3.229716163902019,3.26203663122263,0.1903353028724548,0.1903353028724548,0.1673180189364909,3.263,3.0,1.0,6.0,0.0,8.0,0.0034,0.0,0.0,0.0,0.0,0.0,0.0,0.0,0.0,1,0,0
94,12406,Darcy Parish,essendon,3.284329617002244,2.902578958704725,3.4806092376938462,3.080028847426167,3.161749155256598,3.253684501565832,3.212824347650617,3.252080271788937,0.2043007695760765,0.4005803902676792,-0.3817506582975181,3.25655,3.0,1.0,6.0,0.0,7.0,0.00139,0.0,0.0,0.0,0.0,0.0,0.0,0.0,0.0,1,0,1
95,12756,Kade Chandler,melbourne,3.22613397715587,3.190537518777845,3.2833298442362127,2.900024281687891,3.030468159875083,3.1772175228356736,3.111995583742078,3.1234347571581464,0.3261096954679789,0.3833055625483217,-0.0355964583780248,3.1225,3.0,1.0,6.0,0.0,7.0,0.00191,0.0,0.0,0.0,0.0,0.0,0.0,0.0,0.0,1,0,1
96,12636,Mitch Lewis,hawthorn,3.1968207664298367,3.2260098965492507,3.203285429501193,2.93373814185892,3.038971191687287,3.157358372744199,3.104741847830016,3.106034780444287,0.263082624570917,0.2695472876422737,0.029189130119414,3.09831,3.0,1.0,6.0,0.0,7.0,0.0031,0.0,0.0,0.0,0.0,0.0,0.0,0.0,0.0,0,1,1
97,12332,James Sicily,hawthorn,3.033728298648945,3.4285401897675003,2.7647842269500718,3.375487763084842,3.2387839773104834,3.084992218314329,3.153344111201509,3.0995552968617344,0.341759464435897,0.6107035361347708,0.3948118911185552,3.10065,3.0,0.0,6.0,0.0,8.0,0.00474,3e-05,0.0,0.0,0.0,0.0,0.0,0.0,0.0,1,0,0
98,12325,Jack Sinclair,st_kilda,3.1648410685485957,3.1044580681544,3.289975500636063,2.893794282249078,3.0022129967688853,3.124184050603668,3.0699746933437644,3.095001579761258,0.2710467862995172,0.3961812183869848,-0.0603830003941951,3.09807,3.0,0.0,6.0,0.0,8.0,0.00915,5e-05,0.0,0.0,0.0,0.0,0.0,0.0,0.0,0,0,2
99,12934,James Peatling,adelaide,3.189957741796964,2.908910521584218,3.064812850871046,2.939868483203102,3.0399041866406464,3.1524443530078843,3.102426501289112,3.077397523103929,0.2500892585938614,0.2500892585938614,-0.2810472202127454,3.08049,3.0,0.0,6.0,0.0,8.0,0.00716,7e-05,0.0,0.0,0.0,0.0,0.0,0.0,0.0,0,0,2
100,12796,Dylan Stephens,north_melbourne,3.0903800435962525,3.121603986105653,2.588878229712305,3.1809267921299127,3.144708092716455,3.1039620558763064,3.1220714055830388,3.0217710428062494,0.0905467485336601,0.5920485624176077,0.0312239425094005,3.02376,3.0,1.0,6.0,0.0,7.0,0.0011,0.0,0.0,0.0,0.0,0.0,0.0,0.0,0.0,0,1,0
101,12076,Dayne Zorko,brisbane_lions,2.941695533208228,3.045341324240043,2.845409791937515,3.084531821957932,3.0273973064580506,2.9631209765206825,2.991688234270624,2.9724310860164818,0.1428362887497036,0.2391220300204164,0.1036457910318149,2.9554,3.0,0.0,6.0,0.0,7.0,0.00338,3e-05,0.0,0.0,0.0,0.0,0.0,0.0,0.0,0,0,2
102,12595,Tim Kelly,west_coast,2.8478930509779943,2.739701564938576,2.814731127585507,2.9598031999433028,2.915039140357179,2.8646795733227903,2.887061603115852,2.8804292184373543,0.1119101489653084,0.1450720723577956,-0.1081914860394186,2.88434,3.0,0.0,6.0,0.0,8.0,0.00524,1e-05,0.0,0.0,0.0,0.0,0.0,0.0,0.0,0,0,1
103,12601,Jake Waterman,west_coast,2.998944017116669,3.067387677118511,2.957433580642558,2.591778504599759,2.754644709606523,2.937869190239133,2.85643608773575,2.848134000440928,0.4071655125169102,0.4071655125169102,0.0684436600018418,2.83996,3.0,0.0,6.0,0.0,7.0,0.00234,0.0,0.0,0.0,0.0,0.0,0.0,0.0,0.0,0,0,1
104,12688,Jordan Clark,fremantle,2.9273135628002214,2.8163884427909256,2.8766911692724086,2.6864666932826404,2.782805441089673,2.891186532372584,2.843017158469068,2.8328926797635057,0.2408468695175809,0.2408468695175809,-0.1109251200092957,2.83223,3.0,0.0,6.0,0.0,8.0,0.00457,2e-05,0.0,0.0,0.0,0.0,0.0,0.0,0.0,0,1,0
105,12844,Joel Amartey,sydney,2.8582457586719983,2.869283867525782,2.8820428417613813,2.771529047795481,2.806215732146089,2.845238252040521,2.8278949098652184,2.8326543264830946,0.0867167108765167,0.1105137939658997,0.0110381088537838,2.83013,3.0,2.0,3.0,1.0,5.0,0.0,0.0,0.0,0.0,0.0,0.0,0.0,0.0,0.0,1,0,0
106,12686,Noah Balta,richmond,2.892168318235432,3.0489838046862365,2.657715209646152,2.8508171662502058,2.8673576270442958,2.885965645437648,2.877695415040603,2.8308047933227467,0.0413511519852258,0.23445310858928,0.1568154864508049,2.83234,3.0,1.0,4.0,0.0,6.0,4e-05,0.0,0.0,0.0,0.0,0.0,0.0,0.0,0.0,1,0,0
107,13184,Harvey Langford,melbourne,2.7454221848817104,2.750418247135713,2.6300722609806746,3.0128462608622057,2.905876630470008,2.785535796278785,2.839020611474884,2.815950626694677,0.2674240759804953,0.3827739998815311,0.004996062254003,2.81511,3.0,1.0,5.0,0.0,6.0,0.00051,0.0,0.0,0.0,0.0,0.0,0.0,0.0,0.0,1,0,0
108,11700,Patrick Dangerfield,geelong,2.849853456231627,2.8942686238846407,2.656346596402724,2.6929924051896865,2.755736825606466,2.826324298575338,2.7949520883669505,2.7562507164011727,0.1568610510419406,0.1935068598289033,0.0444151676530135,2.75146,3.0,0.0,5.0,0.0,6.0,0.00027,0.0,0.0,0.0,0.0,0.0,0.0,0.0,0.0,1,0,1
109,12703,Callum Wilkie,st_kilda,2.6673183912686684,2.5631537688158046,2.374388976948056,2.972565648058997,2.8504667453428807,2.7131054797872265,2.774154931145295,2.7155690482811736,0.3052472567903286,0.5981766711109411,-0.1041646224528638,2.70728,2.0,0.0,6.0,0.0,7.0,0.00436,2e-05,0.0,0.0,0.0,0.0,0.0,0.0,0.0,0,1,0
110,12563,Nick Larkey,north_melbourne,2.483472579158801,2.418170368497973,2.9446888440981183,2.5683589464885417,2.534404399556647,2.4962055342582623,2.5131828077242115,2.6054260607120745,0.0848863673297408,0.4612162649393174,-0.0653022106608278,2.59933,2.0,0.0,5.0,0.0,7.0,0.00247,1e-05,0.0,0.0,0.0,0.0,0.0,0.0,0.0,0,0,1
111,12710,Dylan Moore,hawthorn,2.64252696513276,2.7536792176448293,2.5074762606360856,2.559945461386868,2.5929780628852246,2.6301397395708754,2.613623438821697,2.5866132979223626,0.0825815037458919,0.135050704496674,0.1111522525120696,2.58881,2.0,0.0,5.0,0.0,7.0,0.00398,1e-05,0.0,0.0,0.0,0.0,0.0,0.0,0.0,0,0,1
112,13140,Joel Freijah,western_bulldogs,2.526832446981792,2.437612906044951,2.3848620391101107,2.5526831913888164,2.542342893626007,2.5307100586428457,2.5358802075242504,2.507486125949914,0.0258507444070246,0.1678211522787056,-0.0892195409368405,2.50725,2.0,0.0,5.0,0.0,6.0,0.00096,0.0,0.0,0.0,0.0,0.0,0.0,0.0,0.0,0,1,0
113,13103,Ryley Sanders,western_bulldogs,2.61971497569313,2.277717346646281,2.569227225003958,2.2720214819807345,2.411098879465692,2.5675609516362714,2.498022252893792,2.487924702755957,0.3476934937123954,0.3476934937123954,-0.3419976290468489,2.49186,2.0,0.0,5.0,0.0,7.0,0.00207,1e-05,0.0,0.0,0.0,0.0,0.0,0.0,0.0,0,0,2
114,12566,Harry McKay,carlton,2.456514713420473,3.350107887543704,2.4365337331641013,2.54745970951088,2.511081711074717,2.470156462834034,2.4883454620521155,2.484349266000841,0.0909449960904069,0.1109259763467789,0.8935931741232306,2.49365,2.0,0.0,5.0,0.0,7.0,0.00236,0.0,0.0,0.0,0.0,0.0,0.0,0.0,0.0,0,0,0
115,12519,Jarrod Berry,brisbane_lions,2.431008584069185,2.4852052241513314,2.167878351738934,2.6156154240268363,2.541772688043776,2.4586996100628324,2.495620978054363,2.442994931588313,0.1846068399576514,0.4477370722879024,0.0541966400821465,2.43775,3.0,1.0,4.0,0.0,5.0,6e-05,0.0,0.0,0.0,0.0,0.0,0.0,0.0,0.0,1,0,0
116,12925,Sam Durham,essendon,2.488294325840141,2.4096629582431874,2.218894615383296,2.474854176877009,2.480230236462261,2.4862783034956704,2.483590273703044,2.429710331611675,0.0134401489631317,0.2693997104568448,-0.0786313675969534,2.42748,2.0,0.0,5.0,0.0,6.0,0.00025,0.0,0.0,0.0,0.0,0.0,0.0,0.0,0.0,1,0,1
117,12600,Liam Ryan,st_kilda,2.34013462003114,2.370072234847491,2.3890856653992616,2.3999511454202778,2.3760245352646283,2.3491070988395144,2.361070403917344,2.370860612990968,0.0598165253891376,0.0598165253891376,0.029937614816351,2.37242,2.0,1.0,4.0,0.0,5.0,0.0,0.0,0.0,0.0,0.0,0.0,0.0,0.0,0.0,0,1,0
118,12931,Jake Bowey,melbourne,2.3885931859944733,2.33447111677406,2.3234011038720053,2.3404233921568385,2.359691309691891,2.3813677169188248,2.3717337581512985,2.3586953417268064,0.0481697938376348,0.065192082122468,-0.0541220692204134,2.35974,2.0,0.0,5.0,0.0,6.0,0.00112,1e-05,0.0,0.0,0.0,0.0,0.0,0.0,0.0,0,1,0
119,13026,Darcy Wilmot,brisbane_lions,2.264991790318118,2.3594785125505946,2.1044760631337764,2.518105169944426,2.416859818093905,2.302958797262064,2.353581473187327,2.3214783277504583,0.2531133796263081,0.4136291068106494,0.0944867222324767,2.31832,2.0,0.0,5.0,0.0,6.0,0.00051,0.0,0.0,0.0,0.0,0.0,0.0,0.0,0.0,0,1,0
120,12165,Rory Laird,adelaide,2.438921834063148,2.4258048950876723,2.342520827469417,2.113426327873828,2.2436245303495577,2.39009750813475,2.324998406896887,2.3057182055781413,0.3254955061893203,0.3254955061893203,-0.0131169389754757,2.30228,2.0,0.0,5.0,0.0,6.0,0.00148,0.0,0.0,0.0,0.0,0.0,0.0,0.0,0.0,0,1,0
121,12890,Jordon Sweet,port_adelaide,2.3940904054669447,2.3304559701813514,1.8427281331300795,2.3784231848665387,2.3846900731067016,2.3917403223768843,2.388606878256803,2.2783344237894303,0.015667220600406,0.5513622723368654,-0.0636344352855933,2.28821,2.0,0.0,5.0,0.0,7.0,0.0012,0.0,0.0,0.0,0.0,0.0,0.0,0.0,0.0,0,0,0
122,13041,Bodhi Uwland,gold_coast,2.3119529361290225,2.16840370320671,2.1334115779854144,2.2813069771613623,2.293565360748423,2.3073560422838737,2.30122685049034,2.2655185788616183,0.0306459589676602,0.1785413581436081,-0.1435492329223127,2.27172,2.0,0.0,5.0,0.0,6.0,0.0009,0.0,0.0,0.0,0.0,0.0,0.0,0.0,0.0,0,0,1
123,11898,Tom Liberatore,western_bulldogs,2.3140389679841737,2.161758888840008,2.2605693936723577,2.136679048720993,2.207623016426264,2.2874349800946967,2.2519629962420606,2.2412690813796967,0.1773599192631807,0.1773599192631807,-0.152280079144166,2.23729,2.0,0.0,5.0,0.0,6.0,0.00059,0.0,0.0,0.0,0.0,0.0,0.0,0.0,0.0,0,0,2
124,12412,Tom Papley,sydney,2.361392402428577,2.244122441341001,2.0483076274655105,2.125786551540889,2.220028891895964,2.326051524795425,2.278930354617887,2.2163133996252733,0.2356058508876883,0.3130847749630669,-0.117269961087576,2.21321,2.0,0.0,5.0,0.0,6.0,0.00043,0.0,0.0,0.0,0.0,0.0,0.0,0.0,0.0,0,0,1
125,13075,Karl Worner,fremantle,2.023506248682636,1.990376583589896,1.7866019913613953,2.5673488333417804,2.3498117994781222,2.105082636381508,2.2138511533133363,2.1664703018490883,0.5438425846591444,0.7807468419803851,-0.0331296650927404,2.17602,2.0,0.0,5.0,0.0,6.0,0.00087,0.0,0.0,0.0,0.0,0.0,0.0,0.0,0.0,0,1,0
126,12836,Bailey Williams,west_coast,2.237326448788236,2.2720525225882797,1.91250557802292,2.134496784073173,2.1756286499591964,2.2219019990809765,2.2013360661379635,2.136371891984899,0.1028296647150628,0.3248208707653162,0.0347260738000434,2.1342,2.0,0.0,4.0,0.0,5.0,0.0001,0.0,0.0,0.0,0.0,0.0,0.0,0.0,0.0,0,0,2
127,13110,Darcy Wilson,st_kilda,2.124389552881593,1.940136037977927,2.093146999737729,2.158698252251357,2.144974772504204,2.1295358577875283,2.136397597661606,2.130149087032844,0.0343086993697641,0.0655512525136279,-0.1842535149036657,2.13353,2.0,0.0,5.0,0.0,6.0,0.00113,0.0,0.0,0.0,0.0,0.0,0.0,0.0,0.0,0,0,1
128,12497,Oliver Florent,carlton,2.1067162360831664,2.1324023686294,1.956169346880824,2.165716934116618,2.1421166549032367,2.115566340788185,2.127366480394875,2.097257102554406,0.0590006980334516,0.2095475872357941,0.0256861325462334,2.09019,2.0,0.0,4.0,0.0,6.0,0.00098,0.0,0.0,0.0,0.0,0.0,0.0,0.0,0.0,0,1,0
129,13160,Lawson Humphries,geelong,2.013919207106042,1.915600140850315,1.745543006593912,2.332367999386592,2.204988482474376,2.0616865259481307,2.1253762844042394,2.071701044301817,0.3184487922805497,0.5868249927926799,-0.0983190662557271,2.06635,2.0,0.0,4.0,0.0,5.0,0.00018,0.0,0.0,0.0,0.0,0.0,0.0,0.0,0.0,0,0,1
130,12903,Malcolm Rosas,sydney,2.039143156906548,2.1867403919872217,2.1930128937008724,1.9743908622329127,2.000291780102367,2.029430312705503,2.016479853770776,2.0472538011296404,0.0647522946736347,0.2186220314679592,0.1475972350806738,2.04376,2.0,0.0,3.0,0.0,3.0,0.0,0.0,0.0,0.0,0.0,0.0,0.0,0.0,0.0,1,0,0
131,12871,Tanner Bruhn,geelong,2.123335573517574,2.1822017087902927,1.8699056371184704,2.0439004539700663,2.075674501789068,2.111420305585444,2.0955332816759435,2.044847294396124,0.0794351195475076,0.2534299363991033,0.0588661352727188,2.04866,2.0,0.0,4.0,0.0,6.0,0.00075,0.0,0.0,0.0,0.0,0.0,0.0,0.0,0.0,0,0,0
132,13240,Tom McCarthy,west_coast,1.9988088226682827,2.151082817238824,1.8325918895276256,2.0729207469912345,2.043275977262053,2.009925611316725,2.0247479961813157,1.991504609553184,0.0741119243229517,0.2403288574636088,0.1522739945705411,1.99047,2.0,0.0,5.0,0.0,6.0,0.00057,0.0,0.0,0.0,0.0,0.0,0.0,0.0,0.0,0,0,2
133,12598,Bayley Fritsch,melbourne,2.0154223943577274,1.9403159220881077,2.29434910061024,1.7647513613689485,1.86501977456446,1.977821739409411,1.927687532811655,1.9834728740621568,0.2506710329887791,0.5295977392412914,-0.0751064722696199,1.98325,2.0,0.0,4.0,0.0,6.0,0.00029,0.0,0.0,0.0,0.0,0.0,0.0,0.0,0.0,0,0,0
134,12873,Francis Evans,carlton,1.9399285578715784,2.392077629469107,2.045400391454197,1.9809664037941048,1.9645512654250945,1.9460842347599576,1.9542918039444628,1.9753861706609863,0.0410378459225262,0.1054718335826183,0.4521490715975285,1.96776,2.0,0.0,4.0,0.0,6.0,0.00023,0.0,0.0,0.0,0.0,0.0,0.0,0.0,0.0,0,0,1
135,12502,Jy Simpkin,north_melbourne,1.9300909989586816,1.870910700908705,1.908511020112878,1.9703430547195384,1.954242232415344,1.9361288073228988,1.9441792184750968,1.9398632227059365,0.040252055760857,0.0618320346066605,-0.0591802980499767,1.9418,2.0,0.0,5.0,0.0,6.0,0.00165,1e-05,0.0,0.0,0.0,0.0,0.0,0.0,0.0,0,0,0
136,12418,Jayden Short,richmond,1.9465240333995508,1.8635382283113608,1.6161004076883152,2.059296267830004,2.0141873740578227,1.9634398685641197,1.985994315450209,1.9199095903079624,0.1127722344304529,0.4431958601416885,-0.0829858050881899,1.91778,2.0,0.0,4.0,0.0,6.0,4e-05,0.0,0.0,0.0,0.0,0.0,0.0,0.0,0.0,0,0,1
137,12495,Dan Houston,collingwood,1.8195723564262916,1.80002982022934,1.6845979229710215,2.098576590638978,1.986974896953908,1.861422991558192,1.9172238384007323,1.8902289517096784,0.2790042342126868,0.4139786676679564,-0.0195425361969512,1.89473,2.0,0.0,4.0,0.0,6.0,0.00067,0.0,0.0,0.0,0.0,0.0,0.0,0.0,0.0,0,0,0
138,12291,Daniel McStay,collingwood,1.8662382358591867,1.8303495019025624,1.6947313706555625,1.942819990100644,1.9121872884040627,1.8777254989954053,1.8930418498436976,1.8587404768029725,0.0765817542414575,0.2480886194450817,-0.035888733956624,1.86243,2.0,0.0,4.0,0.0,5.0,0.00014,0.0,0.0,0.0,0.0,0.0,0.0,0.0,0.0,0,1,0
139,13139,Joe Richards,port_adelaide,1.950042611981202,1.911263692236348,1.641658233737866,1.66902858578031,1.7814341962606672,1.9078905080510684,1.85168770281089,1.7900108271622228,0.281014026200892,0.308384378243336,-0.038778919744854,1.78924,2.0,0.0,4.0,0.0,6.0,0.00025,0.0,0.0,0.0,0.0,0.0,0.0,0.0,0.0,0,0,2
140,13047,Matthew Johnson,fremantle,1.8196367986227464,1.8059606257384648,1.675795943144849,1.7598541300515107,1.7837671974800056,1.8106693983370623,1.798712864622815,1.7699446935272354,0.0597826685712359,0.1438408554778976,-0.013676172884282,1.7701,2.0,0.0,4.0,0.0,6.0,0.00055,0.0,0.0,0.0,0.0,0.0,0.0,0.0,0.0,0,1,0
141,12690,Tom Atkins,geelong,1.72535651410909,1.6401690701971452,1.7562374696497849,1.8158557996336568,1.7796560854238297,1.7389314069377737,1.7570312640426875,1.7632074551508274,0.0904992855245669,0.0904992855245669,-0.0851874439119446,1.75873,2.0,0.0,4.0,0.0,5.0,0.00012,0.0,0.0,0.0,0.0,0.0,0.0,0.0,0.0,0,0,1
142,12937,Brodie Kemp,carlton,1.8339639239155956,2.2782787036904284,1.890823852431,1.591144471848138,1.6882722526751213,1.7975410061054768,1.7489771156919856,1.760349101395066,0.2428194520674573,0.2996793805828617,0.444314779774833,1.76329,2.0,0.0,3.0,0.0,5.0,0.0001,0.0,0.0,0.0,0.0,0.0,0.0,0.0,0.0,0,1,0
143,12408,Josh Dunkley,brisbane_lions,1.79418465243513,1.912842871561027,1.797896161401207,1.659882376153135,1.7136032866659334,1.7740393109928307,1.747178855736432,1.7479211575296474,0.1343022762819952,0.138013785248072,0.1186582191258969,1.74362,1.0,0.0,4.0,0.0,6.0,0.00063,1e-05,0.0,0.0,0.0,0.0,0.0,0.0,0.0,0,0,0
144,12393,Ed Langdon,melbourne,1.6841428175048132,1.6485226198519711,1.59331943934954,1.8872507013917408,1.8060075478369693,1.7146090000878524,1.755230576865238,1.7370659012341831,0.203107883886928,0.2939312620422012,-0.0356201976528418,1.73736,1.0,0.0,4.0,0.0,6.0,0.0003,0.0,0.0,0.0,0.0,0.0,0.0,0.0,0.0,0,0,1
145,12653,Harry Petty,melbourne,1.6524067055876717,1.6232090621428128,1.936252422082405,1.6341828213051937,1.6414723750181848,1.6496731229452997,1.646028346088804,1.702797489387751,0.018223884282478,0.302069600777211,-0.0291976434448588,1.70379,1.0,0.0,4.0,0.0,6.0,0.00045,0.0,0.0,0.0,0.0,0.0,0.0,0.0,0.0,0,0,0
146,13197,Levi Ashcroft,brisbane_lions,1.8876850983308624,1.8130269548926317,1.722673605479657,1.4365832778026053,1.617024006013908,1.8200198252516229,1.7297994611459715,1.696797162575731,0.4511018205282568,0.4511018205282568,-0.0746581434382307,1.69676,1.0,0.0,4.0,0.0,5.0,0.00032,0.0,0.0,0.0,0.0,0.0,0.0,0.0,0.0,0,0,1
147,12061,Jack Crisp,collingwood,1.6115455277555464,1.5148379543668011,1.646818641190856,1.7817866199705452,1.7136901830845477,1.6370816915877962,1.6711299100307968,1.6781845327178588,0.1702410922149988,0.1702410922149988,-0.0967075733887452,1.67917,1.0,0.0,4.0,0.0,6.0,0.00034,0.0,0.0,0.0,0.0,0.0,0.0,0.0,0.0,0,0,0
148,12300,Tim Membrey,collingwood,1.6909054118750393,1.8927550262222947,1.542354143501195,1.7090160859038992,1.701771816292356,1.6936220129793689,1.697244147785141,1.6675338941103723,0.0181106740288599,0.1666619424027042,0.2018496143472554,1.66437,2.0,0.0,4.0,0.0,5.0,4e-05,0.0,0.0,0.0,0.0,0.0,0.0,0.0,0.0,0,0,2
149,12851,Oliver Henry,geelong,1.621575534217861,1.5814695204970417,1.6003048068516177,1.7454506730243369,1.6959006175017457,1.6401568050388322,1.6649318328001272,1.6606776873268787,0.1238751388064756,0.1451458661727191,-0.0401060137208195,1.66074,1.0,0.0,4.0,0.0,5.0,9e-05,0.0,0.0,0.0,0.0,0.0,0.0,0.0,0.0,0,0,2
150,13031,Cam Mackenzie,hawthorn,1.7375380917451946,1.7632072697977712,1.6480218039548276,1.5287956428956366,1.6122926224354597,1.706226724417761,1.664478234647849,1.6465749770897755,0.2087424488495579,0.2087424488495579,0.0256691780525766,1.64293,1.0,0.0,4.0,0.0,6.0,0.00058,0.0,0.0,0.0,0.0,0.0,0.0,0.0,0.0,0,0,0
151,12028,Stephen Coniglio,greater_western_sydney,1.6934248613359073,1.749846473902778,1.6873751962048114,1.5252367817861945,1.592512013606079,1.668196649403451,1.6345590334935078,1.6333491004672889,0.1681880795497128,0.1681880795497128,0.0564216125668708,1.63858,1.0,0.0,4.0,0.0,5.0,6e-05,0.0,0.0,0.0,0.0,0.0,0.0,0.0,0.0,0,0,1
152,13107,Colby McKercher,north_melbourne,1.7275795582521716,1.9870223221450989,1.597093201156794,1.527774827439676,1.607696719764678,1.6976088486302996,1.6576479024678012,1.6315506310487256,0.1998047308124957,0.1998047308124957,0.2594427638929271,1.63462,1.0,0.0,4.0,0.0,5.0,0.00023,0.0,0.0,0.0,0.0,0.0,0.0,0.0,0.0,0,0,0
153,12417,Marc Pittonet,carlton,1.6932064597483891,1.7448978138914923,1.4972600344138138,1.495724164296504,1.5747170824772578,1.663584115430606,1.6240876563402291,1.5848983712733142,0.1974822954518851,0.1974822954518851,0.0516913541431032,1.58204,1.0,0.0,4.0,0.0,5.0,0.0002,0.0,0.0,0.0,0.0,0.0,0.0,0.0,0.0,0,1,0
154,12150,Ollie Wines,port_adelaide,1.6533249273048782,1.6823021342185052,1.6556255548882903,1.4290567968934258,1.5187640490580068,1.6196847077431606,1.57483108166087,1.5752912071775524,0.2242681304114524,0.2265687579948645,0.0289772069136269,1.57922,1.0,0.0,4.0,0.0,5.0,0.00017,0.0,0.0,0.0,0.0,0.0,0.0,0.0,0.0,0,0,1
155,12433,Aliir Aliir,port_adelaide,1.429771866022026,1.4412586013423694,1.5076967842543394,1.7872532713072578,1.6442607091931654,1.483394076814811,1.5548903578718574,1.57047534151832,0.3574814052852317,0.3574814052852317,0.0114867353203433,1.57313,1.0,0.0,3.0,0.0,5.0,2e-05,0.0,0.0,0.0,0.0,0.0,0.0,0.0,0.0,0,1,0
156,12948,Mitch Owens,st_kilda,1.501906068819702,1.5443791991084683,1.5577191609134913,1.5291743643336693,1.5182670461281471,1.5059963131468377,1.5114499722496424,1.522612590668401,0.0272682955139671,0.0558130920937891,0.0424731302887664,1.52529,1.0,0.0,3.0,0.0,5.0,3e-05,0.0,0.0,0.0,0.0,0.0,0.0,0.0,0.0,0,1,0
157,12505,Tom Stewart,geelong,1.473659940538129,1.3279752993279983,1.3549989946934051,1.6749024164039543,1.594405426057622,1.5038463119179974,1.5440948070911638,1.5203626179222198,0.2012424758658253,0.319903421710549,-0.1456846412101307,1.51113,1.0,0.0,4.0,0.0,5.0,0.00017,0.0,0.0,0.0,0.0,0.0,0.0,0.0,0.0,0,0,2
158,12518,Hugh McCluggage,brisbane_lions,1.4469125822552786,2.1495942342269845,1.463438075526746,1.6309154158175312,1.5573142823926305,1.4745130072896164,1.5113135740020671,1.5146186726563606,0.1840028335622525,0.1840028335622525,0.7026816519717058,1.51838,1.0,0.0,4.0,0.0,5.0,5e-05,0.0,0.0,0.0,0.0,0.0,0.0,0.0,0.0,0,0,1
159,12498,Ben Ainsworth,carlton,1.538682528479976,1.6749474900868375,1.2721603303773217,1.4973591830766146,1.5138885212379594,1.5324840266694724,1.5242193575888,1.4709149179682688,0.0413233454033614,0.2665221981026544,0.1362649616068616,1.47583,1.0,0.0,4.0,0.0,5.0,7e-05,0.0,0.0,0.0,0.0,0.0,0.0,0.0,0.0,0,0,0
160,12485,Mabior Chol,hawthorn,1.3840102317146747,1.35442065954472,1.4166491489951407,1.5032107170616005,1.4555305229228284,1.401890304516713,1.425730401586098,1.4322581850421907,0.1192004853469255,0.1192004853469255,-0.0295895721699546,1.43551,1.0,0.0,3.0,0.0,4.0,1e-05,0.0,0.0,0.0,0.0,0.0,0.0,0.0,0.0,0,1,0
161,12609,Jack Higgins,st_kilda,1.4427054610356054,1.429176384484392,1.4507671961308808,1.3843261810288316,1.4076778930315557,1.4339485690345983,1.422272713033246,1.423885060052302,0.0583792800067737,0.0664410151020491,-0.0135290765512134,1.42238,1.0,0.0,3.0,0.0,3.0,0.0,0.0,0.0,0.0,0.0,0.0,0.0,0.0,0.0,0,0,1
162,13148,Nate Caddy,essendon,1.4239080065993222,1.478889687692183,1.4502023846358978,1.2872128822515194,1.341890931990641,1.4034037379471522,1.3760647130775916,1.381323588684907,0.1366951243478027,0.1629895023843783,0.0549816810928609,1.3746,1.0,0.0,3.0,0.0,3.0,0.0,0.0,0.0,0.0,0.0,0.0,0.0,0.0,0.0,0,0,1
163,12542,Luke Ryan,fremantle,1.3679051110260054,1.4155104812216646,1.2671958841746278,1.360577146968343,1.363508332591408,1.366805916417356,1.3653403236058237,1.3451984782355482,0.0073279640576624,0.1007092268513776,0.0476053701956591,1.34565,1.0,0.0,3.0,0.0,5.0,0.00029,0.0,0.0,0.0,0.0,0.0,0.0,0.0,0.0,0,0,0
164,12777,Hayden Young,fremantle,1.346814003679789,1.4671607119968424,1.46763278047994,1.2717325842636278,1.301765152030092,1.3355517907673646,1.3205355068841325,1.3446992622441627,0.0750814194161613,0.1959001962163122,0.1203467083170533,1.34502,1.0,0.0,3.0,0.0,5.0,7e-05,0.0,0.0,0.0,0.0,0.0,0.0,0.0,0.0,0,0,0
165,11905,Jack Darling,north_melbourne,1.249500033392304,1.2720980186438795,1.4020717295502094,1.2733242430447855,1.2637945591838031,1.253073664840183,1.2578385067706808,1.2883528460022622,0.0238242096524816,0.1525716961579055,0.0225979852515756,1.28867,1.0,0.0,3.0,0.0,4.0,0.0,0.0,0.0,0.0,0.0,0.0,0.0,0.0,0.0,0,1,0
166,12912,Josh Worrell,adelaide,1.1940378353867835,1.134516666518364,1.2145815875697663,1.392573710181762,1.3131593602637706,1.2238182166060303,1.263525391565026,1.2676341420016226,0.1985358747949785,0.1985358747949785,-0.0595211688684194,1.26511,1.0,0.0,3.0,0.0,5.0,0.00024,0.0,0.0,0.0,0.0,0.0,0.0,0.0,0.0,0,0,0
167,12509,Will Hayward,carlton,1.2682880111768433,1.351557371078021,1.2542834426732152,1.2679724911707433,1.2680986991731833,1.2682406831759283,1.2681775791747083,1.2653766654739826,0.0003155200061,0.014004568503628,0.083269359901178,1.26849,1.0,0.0,3.0,0.0,5.0,0.0002,0.0,0.0,0.0,0.0,0.0,0.0,0.0,0.0,0,0,0
168,12558,Josh Battle,hawthorn,1.217290760619633,1.2238602603464,1.268661942743841,1.252819064099373,1.238607742707477,1.222620006141594,1.229725666837542,1.2399999032623836,0.03552830347974,0.0513711821242079,0.0065694997267669,1.23731,1.0,0.0,3.0,0.0,5.0,0.0002,0.0,0.0,0.0,0.0,0.0,0.0,0.0,0.0,0,0,0
169,12413,Callum Mills,sydney,1.1961951117190284,1.1602699349221597,1.1795071570298143,1.3113791435765378,1.265305530833534,1.2134727164976558,1.2365095228691574,1.233171931931314,0.1151840318575094,0.1318719865467235,-0.0359251767968686,1.23171,1.0,0.0,3.0,0.0,5.0,0.00018,0.0,0.0,0.0,0.0,0.0,0.0,0.0,0.0,0,0,0
170,12824,Sam Flanders,st_kilda,1.2628434690946562,1.190228616510861,1.1440626000637195,1.2215201872870256,1.238049500010078,1.2566449768235115,1.2483803204619854,1.2246241466557983,0.0413232818076305,0.1187808690309364,-0.072614852583795,1.22407,1.0,0.0,3.0,0.0,5.0,0.0001,0.0,0.0,0.0,0.0,0.0,0.0,0.0,0.0,0,0,0
171,12403,Daniel Rioli,gold_coast,1.2527180232558908,1.2425973947975468,1.0435145242973738,1.2862800139812265,1.2728552176910917,1.257752321864691,1.2644647200097583,1.2226240202180545,0.0335619907253357,0.2427654896838527,-0.0101206284583439,1.22471,1.0,0.0,3.0,0.0,4.0,0.0,0.0,0.0,0.0,0.0,0.0,0.0,0.0,0.0,0,0,1
172,12441,Bailey Williams,western_bulldogs,1.200552388789116,1.1549604730823084,1.0518145801698655,1.330746917263737,1.278669105873889,1.2200815680603097,1.2461204737552338,1.2163729120313835,0.1301945284746208,0.2789323370938712,-0.0455919157068076,1.21219,1.0,0.0,3.0,0.0,5.0,1e-05,0.0,0.0,0.0,0.0,0.0,0.0,0.0,0.0,0,0,1
173,12166,Jack Macrae,st_kilda,1.2378858475233765,1.471179460997471,1.2028545203279624,1.1767859025641256,1.201225880547826,1.2287208557794886,1.2165008667876387,1.209494601348556,0.0610999449592506,0.0610999449592506,0.2332936134740948,1.20873,1.0,0.0,3.0,0.0,4.0,0.0,0.0,0.0,0.0,0.0,0.0,0.0,0.0,0.0,0,0,1
174,12567,Will Setterfield,essendon,1.143856209535559,1.1148402417996155,1.0932439403108458,1.3204058111991863,1.249785970533734,1.170338649785103,1.2056485701178277,1.195526116272885,0.1765496016636274,0.2271618708883407,-0.0290159677359436,1.189,1.0,0.0,3.0,0.0,4.0,2e-05,0.0,0.0,0.0,0.0,0.0,0.0,0.0,0.0,0,0,1
175,12357,Karl Amon,hawthorn,1.1555968797506138,1.1578118590401942,1.102258269721463,1.2092387621746623,1.1877820092050426,1.1636431621142207,1.1743715385990303,1.1637038165932003,0.0536418824240485,0.1069804924531996,0.0022149792895804,1.15891,1.0,0.0,3.0,0.0,5.0,7e-05,0.0,0.0,0.0,0.0,0.0,0.0,0.0,0.0,0,0,0
176,13101,Harvey Thomas,greater_western_sydney,1.104136588859316,1.108264913630336,1.1458483584327597,1.1538490567120836,1.1339640695709752,1.1115934590372316,1.1215359526077844,1.129878306522473,0.0497124678527676,0.0497124678527676,0.0041283247710199,1.12666,1.0,0.0,3.0,0.0,5.0,5e-05,0.0,0.0,0.0,0.0,0.0,0.0,0.0,0.0,0,0,0
177,12578,Patrick Lipinski,collingwood,1.1186301881901153,1.1373055708264048,1.0842030962416611,1.1052093590752885,1.1105776907212186,1.1166170638228912,1.1139328979999257,1.1070474796102348,0.0134208291148267,0.0344270919484539,0.0186753826362895,1.10764,1.0,0.0,3.0,0.0,4.0,2e-05,0.0,0.0,0.0,0.0,0.0,0.0,0.0,0.0,0,1,0
178,12434,Ben Keays,adelaide,1.0923410203320882,1.181198865313987,1.090848264790045,1.0279932169416302,1.053732338297818,1.082688849823516,1.069819289145428,1.06952073803702,0.064347803390458,0.064347803390458,0.088857844981899,1.07387,1.0,0.0,3.0,0.0,4.0,7e-05,0.0,0.0,0.0,0.0,0.0,0.0,0.0,0.0,0,0,0
179,11751,Steele Sidebottom,collingwood,1.0366899463017365,1.1858318484760697,0.9709944990145046,1.1418300705341142,1.0997740208411653,1.0524609649365948,1.0734889897830704,1.0603499003256245,0.1051401242323777,0.1708355715196096,0.1491419021743332,1.06068,1.0,0.0,2.0,0.0,4.0,0.0,0.0,0.0,0.0,0.0,0.0,0.0,0.0,0.0,0,1,0
180,12998,Massimo DAmbrosio,hawthorn,1.0348722347552832,1.0356674445459548,1.0125853198295234,1.1120707191760768,1.0811913254077594,1.0464520074184025,1.061891704302561,1.057434321317409,0.0771984844207935,0.0994853993465534,0.0007952097906716,1.06055,0.0,0.0,3.0,0.0,5.0,0.00011,0.0,0.0,0.0,0.0,0.0,0.0,0.0,0.0,0,0,0
181,12967,Marcus Windhager,st_kilda,1.0503508492163716,0.9860704540804572,1.0798338986633478,0.9916457191764608,1.0151277711924729,1.0415450797104184,1.0298040537024429,1.0357006635918389,0.0587051300399106,0.0881881794868868,-0.0642803951359143,1.04063,0.0,0.0,3.0,0.0,5.0,6e-05,0.0,0.0,0.0,0.0,0.0,0.0,0.0,0.0,0,0,0
182,12801,Michael Frederick,fremantle,0.9875717131697468,0.9842760314513924,1.0220365240994989,1.1038728461980665,1.057352392986739,1.005016883123995,1.0282771097296588,1.0351700719156092,0.1163011330283195,0.1163011330283195,-0.0032956817183544,1.03614,0.0,0.0,3.0,0.0,5.0,6e-05,0.0,0.0,0.0,0.0,0.0,0.0,0.0,0.0,0,0,0
183,12856,Lloyd Meek,hawthorn,1.065551259277938,1.2381558094121854,0.7454065647509232,1.1364903974542804,1.1081147421837434,1.0761921300043895,1.090379957639658,1.026351018734255,0.0709391381763422,0.3910838327033572,0.1726045501342472,1.02308,0.0,0.0,3.0,0.0,5.0,9e-05,0.0,0.0,0.0,0.0,0.0,0.0,0.0,0.0,0,0,0
184,13022,Jai Serong,sydney,1.0490135987872131,1.0644166987539958,0.981888883465454,1.011679886512452,1.0266133714223566,1.043413541946,1.0359467994910474,1.0225218564266958,0.0373337122747612,0.0671247153217592,0.0154030999667824,1.01846,1.0,0.0,3.0,0.0,4.0,3e-05,0.0,0.0,0.0,0.0,0.0,0.0,0.0,0.0,0,0,0
185,12627,Tom McCartin,sydney,0.9889922731693384,0.9863464614425352,0.8806712607439853,1.1071336153689026,1.059877078489078,1.0067134744992747,1.0303417429391872,1.0086775404541166,0.1181413421995641,0.2264623546249173,-0.0026458117268031,1.00866,1.0,0.0,3.0,0.0,4.0,3e-05,0.0,0.0,0.0,0.0,0.0,0.0,0.0,0.0,0,0,1
186,12714,James Rowbottom,sydney,0.9842487168107183,1.0145205436378182,1.015199046972116,0.9510771418229652,0.964345771818066,0.9792729805625554,0.9726386655650048,0.978828731597284,0.0331715749877532,0.0641219051491508,0.0302718268270998,0.97544,1.0,0.0,3.0,0.0,4.0,1e-05,0.0,0.0,0.0,0.0,0.0,0.0,0.0,0.0,0,0,1
187,12537,Tim English,western_bulldogs,0.9467490790301386,1.0586984775627997,0.6755923418820544,1.1557571937880748,1.0721539478849,0.9781002962438292,1.0199019191954164,0.9656705717657994,0.2090081147579362,0.4801648519060204,0.111949398532661,0.96452,0.0,0.0,3.0,0.0,4.0,4e-05,0.0,0.0,0.0,0.0,0.0,0.0,0.0,0.0,0,0,0
188,13195,Riley Bice,sydney,1.0081894474909756,1.0879173829376567,0.8463241859592566,0.9779545621153072,0.9900485162655748,1.0036542146846257,0.997607237609492,0.965234185303148,0.0302348853756683,0.1618652615317189,0.0797279354466811,0.96448,0.0,0.0,3.0,0.0,4.0,4e-05,0.0,0.0,0.0,0.0,0.0,0.0,0.0,0.0,0,0,0
189,12966,Neil Erasmus,fremantle,0.9254328632991948,0.8749404734100942,0.9890320604278652,0.9409179890740398,0.9347239387641016,0.9277556321654208,0.93085265732039,0.9435724967461244,0.0154851257748449,0.0635991971286704,-0.0504923898891006,0.94384,0.0,0.0,3.0,0.0,4.0,5e-05,0.0,0.0,0.0,0.0,0.0,0.0,0.0,0.0,0,0,0
190,13292,Willem Duursma,west_coast,1.0005310970508932,0.0,0.974144595158298,0.8383524562260093,0.9032239125559623,0.9762043009271604,0.9437685727621836,0.9384912723836644,0.1621786408248838,0.1621786408248838,-1.0005310970508932,0.94276,0.0,0.0,3.0,0.0,3.0,0.0,0.0,0.0,0.0,0.0,0.0,0.0,0.0,0.0,0,1,0
191,12153,Mark Blicavs,geelong,0.9197661179497644,1.082229650812251,0.9548818221785624,0.9426256443726572,0.9334818338035008,0.9231950469131994,0.9277669521977776,0.9347900930435384,0.0228595264228925,0.035115704228798,0.1624635328624866,0.93953,0.0,0.0,3.0,0.0,4.0,0.0,0.0,0.0,0.0,0.0,0.0,0.0,0.0,0.0,0,0,0
192,12367,Alex Neal-Bullen,adelaide,0.8899017511795153,0.8874917918059979,0.9028133221724848,0.9089742542298422,0.9013452530097112,0.8927626266370641,0.8965771272471295,0.8991594414457235,0.0190725030503269,0.0190725030503269,-0.0024099593735174,0.89867,0.0,0.0,3.0,0.0,4.0,1e-05,0.0,0.0,0.0,0.0,0.0,0.0,0.0,0.0,0,0,0
193,13049,Bailey Humphrey,gold_coast,0.906430072066894,0.8888177554674158,1.0207914226548196,0.8041365455184629,0.845053956137832,0.8910860430846298,0.870627337774942,0.8934996078925262,0.1022935265484311,0.2166548771363566,-0.0176123165994782,0.8926,0.0,0.0,2.0,0.0,3.0,0.0,0.0,0.0,0.0,0.0,0.0,0.0,0.0,0.0,0,0,0
194,12366,Peter Wright,essendon,0.8467965131638212,0.8751595693165959,0.8381909607422376,0.927911109072274,0.8954652707088925,0.8589637025500888,0.8751866217317795,0.8734655112474626,0.0811145959084529,0.0897201483300365,0.0283630561527746,0.87514,0.0,0.0,3.0,0.0,4.0,0.0,0.0,0.0,0.0,0.0,0.0,0.0,0.0,0.0,0,0,0
195,12899,Nick Bryan,essendon,0.8497055623030519,1.0956983670797564,0.6512098935167647,0.9620037921882356,0.9170845002341618,0.8665502967858288,0.8890099427628657,0.8493108090056084,0.1122982298851836,0.3107938986714709,0.2459928047767045,0.84799,0.0,0.0,2.0,0.0,3.0,0.0,0.0,0.0,0.0,0.0,0.0,0.0,0.0,0.0,0,1,0
196,12268,Jake Lloyd,sydney,0.8686110763798567,0.8729067578536329,0.8275292339945846,0.7730881143940549,0.8112972991883755,0.8542826320819867,0.8351780396848262,0.8269616712077719,0.0955229619858017,0.0955229619858017,0.0042956814737762,0.8288,0.0,0.0,3.0,0.0,4.0,1e-05,0.0,0.0,0.0,0.0,0.0,0.0,0.0,0.0,0,0,0
197,12422,Darcy Byrne-Jones,port_adelaide,0.8341583628614478,0.8935672740322436,0.6818076721971761,0.869755460214021,0.8555166212729922,0.8394979274643346,0.8466173469348492,0.8161472088019944,0.0355970973525731,0.1879477880168448,0.0594089111707957,0.81624,0.0,0.0,3.0,0.0,4.0,3e-05,0.0,0.0,0.0,0.0,0.0,0.0,0.0,0.0,0,0,0
198,12750,Connor Idun,greater_western_sydney,0.808108169404389,0.810004316357443,0.762285498517031,0.8464283396767015,0.8311002715677764,0.8138561949452359,0.8215202289996983,0.8123556948222268,0.0383201702723124,0.0841428411596705,0.0018961469530539,0.81826,0.0,0.0,3.0,0.0,4.0,3e-05,0.0,0.0,0.0,0.0,0.0,0.0,0.0,0.0,0,0,0
199,12664,Kane Farrell,port_adelaide,0.7615190810416449,0.7769017035007597,0.6860726427680132,0.874437077343246,0.8292698788226057,0.7784567804868852,0.8010403797472054,0.785951092092479,0.1129179963016011,0.1883644345752329,0.0153826224591148,0.78661,0.0,0.0,3.0,0.0,4.0,1e-05,0.0,0.0,0.0,0.0,0.0,0.0,0.0,0.0,0,0,0
200,12177,Jarrod Witts,gold_coast,0.8927004399843762,0.9299626161011576,0.4240618525555526,0.8519868515657762,0.8682722869332163,0.8865934017215857,0.8784506840378661,0.7847229665521014,0.0407135884185999,0.4686385874288236,0.0372621761167814,0.78633,0.0,0.0,2.0,0.0,3.0,0.0,0.0,0.0,0.0,0.0,0.0,0.0,0.0,0.0,0,0,0
201,12276,Blake Acres,carlton,0.744510538616554,0.7906630435320273,0.7291183254057917,0.85122492383015,0.8085391697447115,0.7605176963985933,0.7818605734413127,0.77878213079916,0.106714385213596,0.1221065984243583,0.0461525049154732,0.78078,0.0,0.0,3.0,0.0,4.0,1e-05,0.0,0.0,0.0,0.0,0.0,0.0,0.0,0.0,0,0,0
202,12996,Daniel Turner,melbourne,0.7797544505298885,0.7876206446285473,0.6784356943828148,0.8139638431549386,0.8002800861049186,0.7848858594236462,0.7917277379486563,0.7714639867192414,0.0342093926250501,0.1355281487721238,0.0078661940986588,0.7706,0.0,0.0,3.0,0.0,4.0,2e-05,0.0,0.0,0.0,0.0,0.0,0.0,0.0,0.0,0,0,0
203,12778,Trent Rivers,melbourne,0.7359589003337387,0.743417376478758,0.7381225174752349,0.7923138175688053,0.769771850674778,0.7444121379189983,0.7556831213660116,0.7561158447943108,0.0563549172350665,0.0563549172350665,0.0074584761450193,0.76003,0.0,0.0,3.0,0.0,4.0,0.0,0.0,0.0,0.0,0.0,0.0,0.0,0.0,0.0,0,0,0
204,12592,Cam Rayner,brisbane_lions,0.7406421630296923,0.7609705928705844,0.8359775446731744,0.7139124231261376,0.7246043190875596,0.7366327020441589,0.7312867540634481,0.7503538303921445,0.0267297399035547,0.1220651215470368,0.0203284298408921,0.75555,0.0,0.0,2.0,0.0,4.0,1e-05,0.0,0.0,0.0,0.0,0.0,0.0,0.0,0.0,0,0,0
205,12929,Cooper Sharman,st_kilda,0.7465639416653203,0.783532521934424,0.6911166173101173,0.7804769103238816,0.7669117228604572,0.7516508869641044,0.758433480695817,0.7473440158247762,0.0339129686585613,0.0893602930137642,0.0369685802691037,0.75209,0.0,0.0,3.0,0.0,3.0,0.0,0.0,0.0,0.0,0.0,0.0,0.0,0.0,0.0,0,0,0
206,13263,Cooper Trembath,north_melbourne,0.7410446488319904,0.0,0.5746499518344343,0.8299346209899391,0.7943786321267706,0.7543781446556908,0.772156139087282,0.7388771996877703,0.0888899721579487,0.2552846691555047,-0.7410446488319904,0.74003,0.0,0.0,2.0,0.0,3.0,0.0,0.0,0.0,0.0,0.0,0.0,0.0,0.0,0.0,0,0,1
207,13122,Connor OSullivan,geelong,0.7163185971699995,0.6809087212072102,0.6263822721505979,0.8153691888762103,0.7757489521937261,0.7311761859259308,0.7509863042671732,0.732999039263293,0.0990505917062108,0.1889869167256124,-0.0354098759627892,0.73948,0.0,0.0,3.0,0.0,4.0,2e-05,0.0,0.0,0.0,0.0,0.0,0.0,0.0,0.0,0,0,0
208,12087,Elliot Yeo,west_coast,0.7053819325374876,0.8564103361236869,0.8587858953104989,0.6927417184919826,0.6977978041101847,0.703485900430662,0.7009578576215609,0.7316386501761631,0.0126402140455049,0.1660441768185162,0.1510284035861993,0.73111,0.0,0.0,2.0,0.0,4.0,1e-05,0.0,0.0,0.0,0.0,0.0,0.0,0.0,0.0,0,0,0
209,12810,Sam Draper,brisbane_lions,0.7213874006057746,0.7507085168473885,0.6889007037045913,0.7657606073223849,0.7480113246357414,0.7280433816132654,0.7369180229565881,0.7304206835763517,0.0443732067166103,0.0768599036177936,0.0293211162416139,0.72557,0.0,0.0,2.0,0.0,3.0,0.0,0.0,0.0,0.0,0.0,0.0,0.0,0.0,0.0,0,0,0
210,13117,Kane McAuliffe,richmond,0.6520368218760364,0.6843627205039359,0.6649621637519588,0.8441149900388843,0.7672837227737449,0.6808485471004634,0.7192641807330329,0.7218492491082175,0.1920781681628479,0.1920781681628479,0.0323258986278994,0.722,0.0,0.0,2.0,0.0,3.0,0.0,0.0,0.0,0.0,0.0,0.0,0.0,0.0,0.0,0,0,0
211,13065,Lachlan McAndrew,adelaide,0.7773489268669317,0.0,0.5451726168167924,0.7457805935904452,0.7584079269010403,0.7726136768754586,0.7663000102201616,0.7198647482101338,0.0315683332764864,0.2321763100501392,-0.7773489268669317,0.72266,0.0,0.0,2.0,0.0,4.0,3e-05,0.0,0.0,0.0,0.0,0.0,0.0,0.0,0.0,0,0,0
212,12619,James Worpel,geelong,0.7262423314237589,0.6798525951172018,0.8023129543987929,0.6601655804820906,0.6865962808587582,0.716330818782509,0.7031154685941754,0.7183295931891831,0.0660767509416683,0.1421473739167023,-0.0463897363065571,0.72002,0.0,0.0,2.0,0.0,3.0,0.0,0.0,0.0,0.0,0.0,0.0,0.0,0.0,0.0,0,0,0
213,13187,Finn OSullivan,north_melbourne,0.7180518363288784,0.689760932807131,0.691732335921101,0.7129394041881545,0.7149843770444522,0.7172849715077754,0.7162624850796317,0.7109985849980763,0.0051124321407238,0.0263195004077774,-0.0282909035217473,0.71493,0.0,0.0,3.0,0.0,4.0,2e-05,0.0,0.0,0.0,0.0,0.0,0.0,0.0,0.0,0,0,0
214,12374,Toby Nankervis,richmond,0.7621508717070631,0.7786694975252912,0.5942267097191011,0.7108001425508902,0.7313404342133605,0.7544482623336382,0.7441781165024037,0.7105932841048107,0.0513507291561728,0.167924161987962,0.0165186258182281,0.71275,0.0,0.0,2.0,0.0,3.0,0.0,0.0,0.0,0.0,0.0,0.0,0.0,0.0,0.0,0,0,1
215,12932,Brayden Cook,adelaide,0.6969689026107343,0.7153828561951608,0.7036227653267219,0.7173304393906953,0.7091858246787108,0.7000231331277287,0.7040954404837207,0.7054262130269182,0.0203615367799609,0.0203615367799609,0.0184139535844265,0.70819,0.0,0.0,2.0,0.0,4.0,6e-05,0.0,0.0,0.0,0.0,0.0,0.0,0.0,0.0,0,0,0
216,12603,Adam Cerra,carlton,0.6783585379953633,0.7674616124095631,0.7079644238917979,0.7053612904740956,0.6945601894826025,0.682408950867173,0.6878095013629194,0.6937306785422064,0.0270027524787322,0.0296058858964346,0.0891030744141998,0.69345,0.0,0.0,3.0,0.0,4.0,3e-05,0.0,0.0,0.0,0.0,0.0,0.0,0.0,0.0,0,0,0
217,12689,Gryan Miers,geelong,0.7175669057130057,0.7809165378743321,0.7316956468833716,0.6288899820400983,0.6643607515092614,0.7042653671620693,0.686529982427488,0.6893557306615612,0.0886769236729074,0.1028056648432733,0.0633496321613263,0.68576,0.0,0.0,2.0,0.0,3.0,0.0,0.0,0.0,0.0,0.0,0.0,0.0,0.0,0.0,0,0,1
218,12700,Lachie Schultz,collingwood,0.6844507324584514,0.6775144676737551,0.7225459613121388,0.6421709954330751,0.6590828902432286,0.6781087719046421,0.6696528244995694,0.6772718702703071,0.0422797370253763,0.0803749658790636,-0.0069362647846963,0.67981,0.0,0.0,2.0,0.0,3.0,0.0,0.0,0.0,0.0,0.0,0.0,0.0,0.0,0.0,0,0,0
219,12960,Nathan ODriscoll,fremantle,0.6550871408769725,0.6993590309384552,0.6385170889506986,0.7031722485346481,0.6839382054715781,0.6622999070256241,0.6719169285571592,0.6686029181719043,0.0480851076576755,0.0646551595839495,0.0442718900614826,0.67199,0.0,0.0,2.0,0.0,4.0,3e-05,0.0,0.0,0.0,0.0,0.0,0.0,0.0,0.0,0,0,0
220,12340,Harris Andrews,brisbane_lions,0.6546380823808765,0.7431864517138168,0.6215579646010246,0.7098341531537011,0.6877557248445716,0.6629174929968001,0.6739567071513652,0.6673406835953949,0.0551960707728246,0.0882761885526765,0.0885483693329403,0.67074,0.0,0.0,2.0,0.0,3.0,2e-05,0.0,0.0,0.0,0.0,0.0,0.0,0.0,0.0,0,0,0
221,12670,Conor Nash,hawthorn,0.6350152117082988,0.5672954461388506,0.6518189900712164,0.7123986374810239,0.6814452671719339,0.6466227255742074,0.6620994107287526,0.6654601664013361,0.0773834257727251,0.0773834257727251,-0.0677197655694481,0.66951,0.0,0.0,3.0,0.0,3.0,0.0,0.0,0.0,0.0,0.0,0.0,0.0,0.0,0.0,0,0,0
222,12394,Oscar McDonald,fremantle,0.7151768043599007,0.7110656599715931,0.5116386459177987,0.6602225117655031,0.682204228803262,0.7069336604707411,0.6959428019518614,0.655235170263441,0.0549542925943976,0.203538158442102,-0.0041111443883076,0.65489,0.0,0.0,3.0,0.0,3.0,0.0,0.0,0.0,0.0,0.0,0.0,0.0,0.0,0.0,0,0,0
223,12952,Jake Soligo,adelaide,0.6503731442633884,0.7660443068355997,0.6956210731786457,0.5881219866650214,0.613022449704368,0.6410354706236333,0.6285852391039599,0.6376348248870114,0.062251157598367,0.1074990865136243,0.1156711625722112,0.63591,0.0,0.0,2.0,0.0,3.0,0.0,0.0,0.0,0.0,0.0,0.0,0.0,0.0,0.0,0,0,0
224,13146,Edward Allan,collingwood,0.6101097720136583,0.6780066859984535,0.6231824640446801,0.6662568204753084,0.6437980010906487,0.6185318292829055,0.6297612389752357,0.6323757773814401,0.05614704846165,0.05614704846165,0.0678969139847951,0.63044,0.0,0.0,2.0,0.0,3.0,0.0,0.0,0.0,0.0,0.0,0.0,0.0,0.0,0.0,0,0,0
225,13121,Ethan Read,gold_coast,0.6457522112408858,0.6912296495648598,0.6683744865889799,0.5789417599977188,0.6056659404949857,0.6357306435544108,0.6223685533057773,0.6268930083753963,0.0668104512431669,0.0894327265912611,0.0454774383239739,0.62037,0.0,0.0,2.0,0.0,3.0,0.0,0.0,0.0,0.0,0.0,0.0,0.0,0.0,0.0,0,0,1
226,12695,Willem Drew,port_adelaide,0.6241496273605576,0.5584664428327777,0.6741714536077674,0.5688857093414552,0.5909912765490966,0.6158600396576926,0.6048072560538722,0.614811621303314,0.0552639180191023,0.1052857442663122,-0.0656831845277798,0.6161,0.0,0.0,2.0,0.0,3.0,0.0,0.0,0.0,0.0,0.0,0.0,0.0,0.0,0.0,0,0,0
227,13278,Zeke Uwland,gold_coast,0.641232466615019,0.0,0.5330451631029951,0.6257772488570624,0.6319593359602437,0.6389141839513244,0.6358231403997331,0.6141856796973284,0.0154552177579565,0.1081873035120238,-0.641232466615019,0.61207,0.0,0.0,2.0,0.0,3.0,0.0,0.0,0.0,0.0,0.0,0.0,0.0,0.0,0.0,0,1,0
228,12674,Tom De Koning,st_kilda,0.6359677869422561,0.6803698015848152,0.6002265440008756,0.5810430210460256,0.6030129274047232,0.6277290720579634,0.6167441188787456,0.609595870290475,0.0549247658962305,0.0549247658962305,0.0444020146425591,0.60842,0.0,0.0,2.0,0.0,3.0,0.0,0.0,0.0,0.0,0.0,0.0,0.0,0.0,0.0,0,0,0
229,12656,Brent Daniels,greater_western_sydney,0.611616734376135,0.5909264373798496,0.6218884121991004,0.5938099954728955,0.6009326910341913,0.608945723540649,0.6053843757600011,0.6074387113245943,0.0178067389032394,0.0280784167262049,-0.0206902969962853,0.60566,0.0,0.0,2.0,0.0,3.0,0.0,0.0,0.0,0.0,0.0,0.0,0.0,0.0,0.0,0,0,0
230,12951,Angus Sheldrick,sydney,0.5801191764646071,0.5518382070574342,0.5948049789923834,0.5476929174836879,0.5606634210760556,0.5752552376174692,0.5687699858212855,0.5717071463268406,0.0324262589809192,0.0471120615086955,-0.0282809694071728,0.56909,0.0,0.0,2.0,0.0,3.0,1e-05,0.0,0.0,0.0,0.0,0.0,0.0,0.0,0.0,0,0,0
231,13043,Tylar Young,west_coast,0.5902573636398815,0.7861471597127159,0.4794421031120729,0.5757746540777553,0.5815677379026054,0.5880849572055624,0.585188415293137,0.5630253631875755,0.0144827095621261,0.1108152605278085,0.1958897960728344,0.55959,0.0,0.0,2.0,0.0,3.0,0.0,0.0,0.0,0.0,0.0,0.0,0.0,0.0,0.0,0,0,0
232,13021,Sam Darcy,western_bulldogs,0.5933151507519734,0.5893101184930892,0.6304062364923194,0.4549259393230596,0.5102816238946247,0.5725567690376367,0.5448789267518537,0.5522971438999226,0.1383892114289137,0.1754802971692597,-0.0040050322588841,0.5503,0.0,0.0,2.0,0.0,3.0,0.0,0.0,0.0,0.0,0.0,0.0,0.0,0.0,0.0,0,0,0
233,12994,Matt Roberts,sydney,0.5227357054203386,0.5263970725206971,0.5064217400090094,0.5948183446147152,0.5659852889369644,0.5335481012994954,0.5479646291383705,0.5447018360561049,0.0720826391943765,0.0883966046057057,0.0036613671003584,0.5457,0.0,0.0,2.0,0.0,3.0,0.0,0.0,0.0,0.0,0.0,0.0,0.0,0.0,0.0,0,0,0
234,12508,Nic Newman,carlton,0.5307431638199753,0.5488498012410791,0.5292096958234445,0.544199360638184,0.5388168819109004,0.5327615933427067,0.5354528327063484,0.5351461391070421,0.0134561968182086,0.0149896648147395,0.0181066374211037,0.53964,0.0,0.0,2.0,0.0,3.0,1e-05,0.0,0.0,0.0,0.0,0.0,0.0,0.0,0.0,0,0,0
235,11967,Jeremy Howe,collingwood,0.5252188639348518,0.5476476326230526,0.5034447006152917,0.5535606116802342,0.5422239125820817,0.5294701260966599,0.5351384756457362,0.5307836429818238,0.0283417477453823,0.0501159110649425,0.0224287686882007,0.53008,0.0,0.0,2.0,0.0,3.0,0.0,0.0,0.0,0.0,0.0,0.0,0.0,0.0,0.0,0,0,0
236,12876,Beau McCreery,collingwood,0.5145868896027896,0.5827263468135744,0.5239018027485024,0.5419541846494361,0.5310072666307774,0.5186919838597867,0.5241654428691158,0.5260284254982583,0.0273672950466464,0.0273672950466464,0.0681394572107847,0.52186,0.0,0.0,2.0,0.0,3.0,0.0,0.0,0.0,0.0,0.0,0.0,0.0,0.0,0.0,0,0,0
237,13099,Caleb Windsor,melbourne,0.5387844408826842,0.5720006522111408,0.5726745253188861,0.4659187317003127,0.4950650153732649,0.527854584505332,0.5132814426688578,0.5200594595560974,0.0728657091823714,0.1067557936185733,0.0332162113284566,0.52147,0.0,0.0,2.0,0.0,3.0,0.0,0.0,0.0,0.0,0.0,0.0,0.0,0.0,0.0,0,0,0
238,12861,Logan McDonald,sydney,0.4889096766420913,0.5018635327184023,0.4969769451850343,0.539350883835093,0.5191744009578926,0.4964758577210421,0.5065640991596423,0.5081775528682307,0.0504412071930016,0.0504412071930016,0.0129538560763109,0.50266,0.0,0.0,2.0,0.0,3.0,0.0,0.0,0.0,0.0,0.0,0.0,0.0,0.0,0.0,0,0,0
239,12933,Joel Jeffrey,gold_coast,0.4861988589408916,0.4902536755967656,0.4593714291778112,0.5596567959402744,0.5302736211405212,0.4972175494907989,0.5119091368906755,0.5065436509380594,0.0734579369993828,0.1002853667624631,0.0040548166558739,0.50543,0.0,0.0,2.0,0.0,3.0,1e-05,0.0,0.0,0.0,0.0,0.0,0.0,0.0,0.0,0,0,0
240,13054,Aaron Cadman,greater_western_sydney,0.5033306915490496,0.5241351354534026,0.5405942995171716,0.4803791973591468,0.4895597950351078,0.4998879674205643,0.4952976685825837,0.502750390176208,0.0229514941899027,0.0602151021580247,0.0208044439043529,0.50876,0.0,0.0,2.0,0.0,3.0,0.0,0.0,0.0,0.0,0.0,0.0,0.0,0.0,0.0,0,0,0
241,12863,Braeden Campbell,sydney,0.4642622343134758,0.4632983601987535,0.4801818598047097,0.5571954213369623,0.5200221465275681,0.4782022123670005,0.4967888497716972,0.4999727748699434,0.0929331870234865,0.0929331870234865,-0.0009638741147222,0.49942,0.0,0.0,2.0,0.0,2.0,0.0,0.0,0.0,0.0,0.0,0.0,0.0,0.0,0.0,0,0,1
242,13100,Seth Campbell,richmond,0.5021694887531779,0.5467346750856639,0.5070894886077971,0.4586178290978378,0.4760384929599738,0.495636739804877,0.4869264078738088,0.4879104078447326,0.04355165965534,0.0484716595099593,0.0445651863324859,0.48685,0.0,0.0,2.0,0.0,3.0,0.0,0.0,0.0,0.0,0.0,0.0,0.0,0.0,0.0,0,0,0
243,13212,Matt Carroll,carlton,0.4264607954532067,0.4319165474916107,0.5000316804140271,0.5497301573945761,0.5004224126180281,0.4449511997444124,0.469605072132686,0.4843192491248499,0.1232693619413694,0.1232693619413694,0.005455752038404,0.48608,0.0,0.0,2.0,0.0,3.0,0.0,0.0,0.0,0.0,0.0,0.0,0.0,0.0,0.0,0,0,0
244,13072,Jaspa Fletcher,brisbane_lions,0.4912099406310827,0.5438429688178726,0.4672464350521003,0.4848695657421409,0.4874057156977179,0.4902588843977413,0.4889908094199531,0.4841981083041567,0.0063403748889417,0.0239635055789824,0.0526330281867898,0.48518,0.0,0.0,2.0,0.0,3.0,0.0,0.0,0.0,0.0,0.0,0.0,0.0,0.0,0.0,0,0,0
245,12910,Callum Brown,greater_western_sydney,0.475780510777418,0.5830860232673737,0.488589524991885,0.49205375495068,0.4855444572813751,0.4782214974034074,0.4814761462380597,0.4840379490809531,0.0162732441732619,0.0162732441732619,0.1073055124899556,0.48445,0.0,0.0,2.0,0.0,3.0,0.0,0.0,0.0,0.0,0.0,0.0,0.0,0.0,0.0,0,0,0
246,13057,Josh Weddle,hawthorn,0.4597807513346026,0.5430759487804949,0.4847498215722868,0.5128605709015325,0.4916286430747605,0.467742724269642,0.478358688183028,0.4833525022305649,0.0530798195669298,0.0530798195669298,0.0832951974458923,0.48758,0.0,0.0,2.0,0.0,3.0,2e-05,0.0,0.0,0.0,0.0,0.0,0.0,0.0,0.0,0,0,0
247,12536,Harry Perryman,collingwood,0.4582671430398435,0.4737861330516261,0.4437784015815676,0.5239525282562005,0.4976783741696572,0.4681199508222972,0.4812570278655683,0.478359279573913,0.0656853852163569,0.0801741266746329,0.0155189900117825,0.4808,0.0,0.0,2.0,0.0,2.0,0.0,0.0,0.0,0.0,0.0,0.0,0.0,0.0,0.0,0,0,1
248,13123,Koltyn Tholstrup,melbourne,0.4599275419532587,0.4831564501512531,0.4378671051272254,0.5145162657092176,0.492680776206834,0.4681158505166525,0.4790335952678443,0.4746215079026376,0.0545887237559589,0.0766491605819921,0.0232289081979943,0.46972,0.0,0.0,2.0,0.0,3.0,1e-05,0.0,0.0,0.0,0.0,0.0,0.0,0.0,0.0,0,0,0
249,13036,Mattaes Phillipou,st_kilda,0.474185485407945,0.4972004792608135,0.5114517927142148,0.4455395919377411,0.4569979493259424,0.4698886013875011,0.464159422693475,0.4716126841547337,0.0286458934702039,0.0659122007764737,0.0230149938528684,0.46739,0.0,0.0,2.0,0.0,3.0,0.0,0.0,0.0,0.0,0.0,0.0,0.0,0.0,0.0,0,0,0
250,12351,Jake Lever,melbourne,0.4410416484296771,0.4579508626149872,0.4247068240781411,0.4727891072350608,0.4600901237129074,0.4458037672504845,0.4521532590115613,0.4488862941412542,0.0317474588053837,0.0480822831569197,0.0169092141853101,0.45459,0.0,0.0,2.0,0.0,3.0,1e-05,0.0,0.0,0.0,0.0,0.0,0.0,0.0,0.0,0,0,0
251,13132,Daniel Curtin,adelaide,0.4381396514861211,0.4766878875045056,0.3938377265308491,0.466424903153725,0.4551108024866841,0.4423824392362612,0.4480394895697825,0.4391791045787281,0.0282852516676038,0.0725871766228759,0.0385482360183844,0.43959,0.0,0.0,2.0,0.0,3.0,0.0,0.0,0.0,0.0,0.0,0.0,0.0,0.0,0.0,0,0,0
252,12521,Ben Long,gold_coast,0.4942719314195105,0.5034465489422913,0.4294679533911315,0.3432455680823875,0.4036561134172368,0.4716179769189416,0.4414127042515173,0.4284519086458416,0.1510263633371229,0.1510263633371229,0.0091746175227808,0.42239,0.0,0.0,2.0,0.0,3.0,0.0,0.0,0.0,0.0,0.0,0.0,0.0,0.0,0.0,0,0,1
253,12371,Brayden Maynard,collingwood,0.398840737960125,0.3988795637974924,0.4210432797941338,0.4632146055264874,0.4374650584999424,0.4084968180950792,0.4213715916083517,0.4258120999751535,0.0643738675663623,0.0643738675663623,3.882583736736223e-05,0.42787,0.0,0.0,2.0,0.0,3.0,0.0,0.0,0.0,0.0,0.0,0.0,0.0,0.0,0.0,0,0,0
254,12745,Hayden McLean,sydney,0.4462354992095222,0.4756005731328624,0.4332263595723019,0.3939157481639221,0.414843648582162,0.4383875365526818,0.4279235863435619,0.4253217584161178,0.0523197510456,0.0523197510456,0.0293650739233402,0.42553,0.0,0.0,2.0,0.0,3.0,0.0,0.0,0.0,0.0,0.0,0.0,0.0,0.0,0.0,0,0,0
255,13023,Ned Long,collingwood,0.4078943148144544,0.4590132382081283,0.4683695073833003,0.4147874346533391,0.4120301867177852,0.4089282827902871,0.410306906758064,0.4224019452718331,0.0068931198388846,0.0604751925688458,0.0511189233936739,0.4196,0.0,0.0,2.0,0.0,3.0,0.0,0.0,0.0,0.0,0.0,0.0,0.0,0.0,0.0,0,0,0
256,12938,Charlie Comben,north_melbourne,0.3697392870015589,0.4304840504546469,0.3489432552090571,0.5300112085809874,0.4659024399492203,0.3937800752384759,0.4258344595543623,0.421675253195862,0.1602719215794284,0.1810679533719302,0.0607447634530879,0.4259,0.0,0.0,2.0,0.0,3.0,0.0,0.0,0.0,0.0,0.0,0.0,0.0,0.0,0.0,0,0,0
257,12652,Wil Powell,gold_coast,0.3781635512139125,0.3848951413564404,0.3736268043336585,0.504282558787106,0.4538349557578224,0.397081402349891,0.4223052038645272,0.421397854488476,0.1261190075731935,0.1306557544534475,0.0067315901425278,0.42223,0.0,0.0,2.0,0.0,3.0,0.0,0.0,0.0,0.0,0.0,0.0,0.0,0.0,0.0,0,0,0
258,12458,Jack Silvagni,st_kilda,0.4256519815315734,0.4232806230270627,0.4028772496486834,0.4131374014245259,0.4181432334673874,0.4237747945155455,0.4212718784941419,0.4167169321175653,0.0125145801070474,0.0227747318828899,-0.0023713585045106,0.41472,0.0,0.0,2.0,0.0,3.0,0.0,0.0,0.0,0.0,0.0,0.0,0.0,0.0,0.0,0,0,0
259,12462,Harry Himmelberg,greater_western_sydney,0.4254400336758851,0.4305887669755501,0.4058301559441296,0.4027473970740004,0.4118244517147542,0.4220361381856024,0.4174976108652254,0.4135756353188742,0.0226926366018846,0.0226926366018846,0.0051487332996649,0.41331,0.0,0.0,2.0,0.0,3.0,1e-05,0.0,0.0,0.0,0.0,0.0,0.0,0.0,0.0,0,0,0
260,12544,Brennan Cox,fremantle,0.440441573417942,0.4795047006726711,0.3967198677887402,0.3864322372813276,0.4080359717359734,0.4323401729974499,0.421538305770127,0.4127939646442867,0.0540093361366144,0.0540093361366144,0.0390631272547291,0.41136,0.0,0.0,2.0,0.0,3.0,0.0,0.0,0.0,0.0,0.0,0.0,0.0,0.0,0.0,0,0,0
261,12875,Heath Chapman,fremantle,0.4034392471095995,0.4084221115649625,0.3969034502213432,0.4323841823160426,0.4208062082334654,0.4077809873905659,0.4135699744318545,0.4122628150542033,0.028944935206443,0.0354807320946993,0.004982864455363,0.41187,0.0,0.0,2.0,0.0,3.0,0.0,0.0,0.0,0.0,0.0,0.0,0.0,0.0,0.0,0,0,0
262,12404,Mitch McGovern,carlton,0.4064369251998577,0.4180955826190242,0.4704002719363945,0.3818240840077443,0.3916692204845896,0.4027449990210407,0.397822430782618,0.4106151001299253,0.0246128411921133,0.0885761879286502,0.0116586574191664,0.40765,0.0,0.0,2.0,0.0,3.0,1e-05,0.0,0.0,0.0,0.0,0.0,0.0,0.0,0.0,0,0,0
263,12889,Zach Reid,essendon,0.4037641157166666,0.435688389621358,0.3373176868603716,0.4580999354920165,0.4363656075818764,0.4119144886829688,0.4227816526380389,0.40949236686678,0.0543358197753499,0.1207822486316448,0.0319242739046914,0.40997,0.0,0.0,2.0,0.0,3.0,0.0,0.0,0.0,0.0,0.0,0.0,0.0,0.0,0.0,0,0,0
264,13064,George Wardlaw,north_melbourne,0.3926863623737617,0.4145296267906559,0.4435571728421222,0.3843769560909247,0.3877007186040595,0.3914399514313361,0.3897780701747688,0.3999522322684409,0.0083094062828369,0.0591802167511975,0.0218432644168942,0.40562,0.0,0.0,2.0,0.0,3.0,0.0,0.0,0.0,0.0,0.0,0.0,0.0,0.0,0.0,0,0,0
265,13190,Sam Lalor,richmond,0.3668866823359554,0.3632975476534404,0.4055805125714522,0.434624871277371,0.4075295957008056,0.3770474106771684,0.3905950484654516,0.3983338145125506,0.0677381889414155,0.0677381889414155,-0.0035891346825149,0.39979,0.0,0.0,2.0,0.0,3.0,0.0,0.0,0.0,0.0,0.0,0.0,0.0,0.0,0.0,0,0,0
266,13019,Mac Andrew,gold_coast,0.3808065917158471,0.3875847700892948,0.3812214393054997,0.4256197005279442,0.4076944570031046,0.3875285580376615,0.3964911798000807,0.3965741493180111,0.0448131088120971,0.0448131088120971,0.0067781783734477,0.40066,0.0,0.0,2.0,0.0,3.0,0.0,0.0,0.0,0.0,0.0,0.0,0.0,0.0,0.0,0,0,0
267,12312,Mason Wood,st_kilda,0.3964628443771993,0.4103052942771002,0.3822109494112353,0.3689078301680642,0.3799298358517607,0.3923295922458548,0.3868185894040352,0.3839682104108432,0.0275550142091351,0.0275550142091351,0.0138424498999008,0.37872,0.0,0.0,2.0,0.0,3.0,0.0,0.0,0.0,0.0,0.0,0.0,0.0,0.0,0.0,0,0,0
268,12579,Harry Morrison,hawthorn,0.3693673153522379,0.3725499874765545,0.3884226223938983,0.3529207402192705,0.3594993702724575,0.3669003290822928,0.3636110140556993,0.3674220754640315,0.0164465751329674,0.0355018821746278,0.0031826721243165,0.36525,0.0,0.0,2.0,0.0,3.0,0.0,0.0,0.0,0.0,0.0,0.0,0.0,0.0,0.0,0,0,0
269,12704,Jack Lukosius,port_adelaide,0.3526899789113922,0.343720545106111,0.379578161345813,0.377771961922894,0.3677391687182935,0.3564522763631177,0.361468672965418,0.3668463094523022,0.0250819830115017,0.0268881824344208,-0.0089694338052812,0.36815,0.0,0.0,1.0,0.0,3.0,0.0,0.0,0.0,0.0,0.0,0.0,0.0,0.0,0.0,0,0,0
270,12661,Liam Baker,west_coast,0.3528072040852689,0.411889171409944,0.380826504855867,0.372458866871449,0.3645982017569769,0.3557549535031958,0.3596852860604318,0.3652891462145514,0.0196516627861801,0.0280193007705981,0.0590819673246751,0.36499,0.0,0.0,2.0,0.0,3.0,0.0,0.0,0.0,0.0,0.0,0.0,0.0,0.0,0.0,0,0,0
271,11894,Ryan Lester,brisbane_lions,0.3434568602415686,0.3371489114426771,0.3413308873353557,0.4052412343810206,0.3805274847252399,0.3527245163624863,0.3650813911903768,0.3646561966091343,0.061784374139452,0.0639103470456649,-0.0063079487988915,0.36661,0.0,0.0,2.0,0.0,3.0,0.0,0.0,0.0,0.0,0.0,0.0,0.0,0.0,0.0,0,0,0
272,13033,Judd McVee,fremantle,0.360677651513529,0.3756663560338075,0.3434166603713013,0.3638240969145162,0.3625655187541214,0.3611496183236772,0.3617789074038746,0.3583267091754291,0.0031464454009871,0.0204074365432149,0.0149887045202785,0.35996,0.0,0.0,2.0,0.0,3.0,0.0,0.0,0.0,0.0,0.0,0.0,0.0,0.0,0.0,0,0,0
273,11820,Jake Melksham,melbourne,0.3258757046674382,0.3510084858420533,0.5066284626378545,0.2953961411822807,0.3075879665763438,0.3213037701446647,0.3152078574476332,0.3513584090417164,0.0304795634851575,0.2112323214555738,0.025132781174615,0.34982,0.0,0.0,2.0,0.0,3.0,0.0,0.0,0.0,0.0,0.0,0.0,0.0,0.0,0.0,0,0,0
274,12091,Nick Haynes,carlton,0.3286542214832258,0.3797688888257577,0.3349985085077597,0.3733581896305273,0.3554766023716066,0.335359816705321,0.3443006103347813,0.3455694677396881,0.0447039681473014,0.0447039681473014,0.0511146673425319,0.34891,0.0,0.0,2.0,0.0,3.0,0.0,0.0,0.0,0.0,0.0,0.0,0.0,0.0,0.0,0,0,0
275,12834,Jake Riccardi,greater_western_sydney,0.3432836026168316,0.3557800423102388,0.3315025787006314,0.3240256932045936,0.3317288569694893,0.3403949162049963,0.3365433343225488,0.3341871295393086,0.0192579094122379,0.0192579094122379,0.0124964396934071,0.33069,0.0,0.0,1.0,0.0,3.0,0.0,0.0,0.0,0.0,0.0,0.0,0.0,0.0,0.0,0,0,0
276,13050,Ned Moyle,gold_coast,0.3730932523373851,0.4190176688160495,0.2458659866339247,0.3232710589744755,0.3431999363196353,0.3656199233329488,0.3556554846603651,0.3302100315196726,0.0498221933629096,0.1272272657034604,0.0459244164786643,0.33384,0.0,0.0,1.0,0.0,3.0,0.0,0.0,0.0,0.0,0.0,0.0,0.0,0.0,0.0,0,0,0
277,12551,Zach Guthrie,geelong,0.3174425631681327,0.331927802173229,0.323388255385669,0.3314660661017365,0.325856664928296,0.3195460886081751,0.3223507891948955,0.3235399276384042,0.0140235029336037,0.0140235029336037,0.0144852390050962,0.32314,0.0,0.0,1.0,0.0,3.0,0.0,0.0,0.0,0.0,0.0,0.0,0.0,0.0,0.0,0,0,0
278,11948,Tom Lynch,richmond,0.3431394083164557,0.3677070872217075,0.3492220683222427,0.2728206858841281,0.3009481748570596,0.332591599951607,0.3185278554651415,0.3197443874662987,0.0703187224323275,0.0764013824381145,0.0245676789052517,0.31927,0.0,0.0,1.0,0.0,3.0,0.0,0.0,0.0,0.0,0.0,0.0,0.0,0.0,0.0,0,0,0
279,12809,Mark Keane,adelaide,0.2954357622685333,0.3268538826948741,0.2823906814434214,0.37104472216535,0.3408011382066235,0.3067771062530557,0.3218988982324192,0.3192898820673968,0.0756089598968167,0.0886540407219286,0.0314181204263407,0.32026,0.0,0.0,1.0,0.0,3.0,0.0,0.0,0.0,0.0,0.0,0.0,0.0,0.0,0.0,0,0,0
280,12864,Harry Sharp,melbourne,0.3283210157538223,0.336121556691079,0.3590268214644445,0.2839351649262496,0.3016895052572788,0.3216631381296865,0.312785967964172,0.3189271291062964,0.0443858508275726,0.0750916565381948,0.0078005409372567,0.32294,0.0,0.0,1.0,0.0,3.0,0.0,0.0,0.0,0.0,0.0,0.0,0.0,0.0,0.0,0,0,0
281,13038,Reuben Ginbey,west_coast,0.2882992453336633,0.3589303522788756,0.2850048375834722,0.3769975037304285,0.3415182003717222,0.3016039840931779,0.3193436357725309,0.3186847542224927,0.0886982583967652,0.0919926661469562,0.0706311069452123,0.31867,0.0,0.0,2.0,0.0,3.0,0.0,0.0,0.0,0.0,0.0,0.0,0.0,0.0,0.0,0,0,0
282,12629,Isaac Cumming,adelaide,0.3154140985117374,0.3139937255240969,0.3458175235509234,0.2872869157590633,0.2985377888601326,0.3111950210988361,0.3055695845483012,0.3116502695561385,0.0281271827526741,0.05853060779186,-0.0014203729876405,0.30914,0.0,0.0,1.0,0.0,3.0,0.0,0.0,0.0,0.0,0.0,0.0,0.0,0.0,0.0,0,0,0
283,13087,Elijah Tsatas,essendon,0.3343828145856747,0.3382940311883378,0.2955642908343566,0.2893359863085885,0.307354717619423,0.3276257903441117,0.3186164246886945,0.3108527199384309,0.0450468282770862,0.0450468282770862,0.003911216602663,0.31361,0.0,0.0,1.0,0.0,3.0,0.0,0.0,0.0,0.0,0.0,0.0,0.0,0.0,0.0,0,0,0
284,12557,Cameron Zurhaar,north_melbourne,0.3037532503722565,0.3344519285134302,0.276993351158368,0.3310808179212434,0.3201497909016509,0.3078523855046062,0.3133178990144039,0.3079659191716262,0.0273275675489869,0.0540874667628754,0.0306986781411737,0.30858,0.0,0.0,1.0,0.0,3.0,0.0,0.0,0.0,0.0,0.0,0.0,0.0,0.0,0.0,0,0,0
285,12891,Sam De Koning,geelong,0.3140221679267325,0.3384021143797987,0.300165609112572,0.3042395588554138,0.3081526024839415,0.312554776566035,0.3105982547517712,0.3078269429889395,0.0097826090713186,0.0138565588141604,0.0243799464530662,0.30624,0.0,0.0,1.0,0.0,3.0,0.0,0.0,0.0,0.0,0.0,0.0,0.0,0.0,0.0,0,0,0
286,12904,Kieren Briggs,greater_western_sydney,0.3224164950748745,0.3470480440392965,0.2041943420091702,0.3396021670729803,0.3327278982737379,0.3249943458745904,0.3284314802742115,0.3047870496610706,0.0171856719981058,0.13540782506381,0.024631548964422,0.30517,0.0,0.0,1.0,0.0,3.0,0.0,0.0,0.0,0.0,0.0,0.0,0.0,0.0,0.0,0,0,0
287,13247,Jobe Shanahan,west_coast,0.2919845552596884,0.3190891777614232,0.3355323485059543,0.3028971705321147,0.2985321244231443,0.2936214475505522,0.2958039706050376,0.3045135292542907,0.0109126152724263,0.0435477932462659,0.0271046225017347,0.3048,0.0,0.0,1.0,0.0,3.0,0.0,0.0,0.0,0.0,0.0,0.0,0.0,0.0,0.0,0,0,0
288,12391,Conor McKenna,brisbane_lions,0.2849824653921418,0.3055523050780777,0.3179883242847942,0.2857326324992696,0.2854325656564186,0.285094990458211,0.2852450238796366,0.2918461956581671,0.0007501671071278,0.0330058588926524,0.0205698396859358,0.29148,0.0,0.0,1.0,0.0,2.0,0.0,0.0,0.0,0.0,0.0,0.0,0.0,0.0,0.0,0,0,0
289,13299,Jacob Farrow,essendon,0.2963223522292935,0.0,0.3335986120546805,0.2591508903945641,0.2740194751284557,0.2907466329540839,0.283312340587138,0.2907675925522154,0.0371714618347293,0.0744477216601163,-0.2963223522292935,0.29369,0.0,0.0,1.0,0.0,2.0,0.0,0.0,0.0,0.0,0.0,0.0,0.0,0.0,0.0,0,0,0
290,12453,Corey Wagner,fremantle,0.2956837848133229,0.2912143882536244,0.2858610337389468,0.2810208956552024,0.2868860513184507,0.2934843514396049,0.2905517736079808,0.2885872233931055,0.0146628891581205,0.0146628891581205,-0.0044693965596985,0.28751,0.0,0.0,1.0,0.0,3.0,0.0,0.0,0.0,0.0,0.0,0.0,0.0,0.0,0.0,0,0,0
291,12916,Lachlan Bramble,western_bulldogs,0.2731176059085632,0.2867980646096384,0.2451809865797522,0.3305101728173437,0.3075531460538318,0.2817264909448806,0.2932050043266367,0.2876176804608743,0.0573925669087804,0.0853291862375914,0.0136804587010752,0.28859,0.0,0.0,1.0,0.0,2.0,0.0,0.0,0.0,0.0,0.0,0.0,0.0,0.0,0.0,0,0,0
292,13156,Logan Evans,port_adelaide,0.2964375030302553,0.3151104362096086,0.305699570667776,0.2594838151951125,0.2742652903291697,0.290894449854984,0.2835037122879554,0.2853561258154595,0.0369536878351428,0.0462157554726635,0.0186729331793533,0.28281,0.0,0.0,1.0,0.0,3.0,0.0,0.0,0.0,0.0,0.0,0.0,0.0,0.0,0.0,0,0,0
293,13081,Luke Nankervis,adelaide,0.2450444866010463,0.2734630749356666,0.2619466072479963,0.3231926058929996,0.2919333581762182,0.2567667044948393,0.2723963283532299,0.2757767524826199,0.0781481192919532,0.0781481192919532,0.0284185883346202,0.27584,0.0,0.0,1.0,0.0,3.0,0.0,0.0,0.0,0.0,0.0,0.0,0.0,0.0,0.0,0,0,0
294,12740,Isaac Quaynor,collingwood,0.263142245876266,0.2737001744982713,0.2626576301012231,0.2944206779472448,0.2819093051188536,0.267834010686913,0.2740896971011088,0.2739927739461002,0.0312784320709787,0.0317630478460216,0.0105579286220052,0.27607,0.0,0.0,1.0,0.0,3.0,0.0,0.0,0.0,0.0,0.0,0.0,0.0,0.0,0.0,0,0,0
295,13032,Bailey Laurie,melbourne,0.2882729812237018,0.3262183052230007,0.3057981349285193,0.2370327095230084,0.2575288182032859,0.2805869404685979,0.2703388861284593,0.2738439168694228,0.0512402717006933,0.0687654254055109,0.0379453239992989,0.27351,0.0,0.0,1.0,0.0,3.0,0.0,0.0,0.0,0.0,0.0,0.0,0.0,0.0,0.0,0,0,0
296,13066,Oisin Mullin,geelong,0.261468237233087,0.2720197620919026,0.2687881992362435,0.2788021697309733,0.2718685967318188,0.2640683271077696,0.267535113607347,0.2689991060079786,0.0173339324978862,0.0173339324978862,0.0105515248588156,0.26514,0.0,0.0,1.0,0.0,2.0,0.0,0.0,0.0,0.0,0.0,0.0,0.0,0.0,0.0,0,0,0
297,12083,Jamie Elliott,collingwood,0.2451938032509183,0.2884547871253786,0.2716630236477489,0.2838955059300903,0.2684148248584211,0.2509990586527942,0.2587393991886284,0.2640332432679945,0.0387017026791719,0.0387017026791719,0.0432609838744602,0.26295,0.0,0.0,1.0,0.0,2.0,0.0,0.0,0.0,0.0,0.0,0.0,0.0,0.0,0.0,0,0,0
298,12499,Jack Bowes,geelong,0.2601197247541346,0.2398388574231944,0.2726294032750937,0.2641085315106043,0.2625130088080172,0.2607180457676062,0.2615158071189,0.264017742823093,0.0039888067564697,0.012509678520959,-0.0202808673309402,0.26618,0.0,0.0,1.0,0.0,2.0,0.0,0.0,0.0,0.0,0.0,0.0,0.0,0.0,0.0,0,0,0
299,13164,Joe Fonti,greater_western_sydney,0.2569765709388323,0.2909507564695239,0.2334775708214877,0.2903378356479313,0.2769933297642918,0.2619807606451973,0.2686530135870171,0.2639532135635481,0.033361264709099,0.0568602648264436,0.0339741855306915,0.26339,0.0,0.0,1.0,0.0,3.0,0.0,0.0,0.0,0.0,0.0,0.0,0.0,0.0,0.0,0,0,0
300,13279,Phoenix Gothard,greater_western_sydney,0.3159320468737331,0.0,0.2060834114871222,0.2298370876678615,0.2642750713502101,0.3030178029928522,0.285798811151678,0.2638290840743558,0.0860949592058716,0.1098486353866108,-0.3159320468737331,0.26157,0.0,0.0,1.0,0.0,3.0,0.0,0.0,0.0,0.0,0.0,0.0,0.0,0.0,0.0,0,0,0
301,12334,Liam Duggan,west_coast,0.2654864895935164,0.3036428568613334,0.2797112998561664,0.2517323286736478,0.2572339930415951,0.2634233654555361,0.2606725332715623,0.2635174953240922,0.0137541609198686,0.0279789711825185,0.0381563672678169,0.26226,0.0,0.0,1.0,0.0,3.0,0.0,0.0,0.0,0.0,0.0,0.0,0.0,0.0,0.0,0,0,0
302,12755,Jye Caldwell,essendon,0.2763670675809734,0.2540504045882348,0.3082430675189788,0.2213529792164719,0.2433586145622725,0.2681149543262981,0.2571121366533979,0.2634873366409989,0.0550140883645015,0.0868900883025068,-0.0223166629927386,0.25978,0.0,0.0,1.0,0.0,3.0,0.0,0.0,0.0,0.0,0.0,0.0,0.0,0.0,0.0,0,0,0
303,12902,Hugo Ralphsmith,richmond,0.2453060116544266,0.2919813847542908,0.2335318567445403,0.3005840316376489,0.2784728236443607,0.2535977146519105,0.2646533186485551,0.2622984876665775,0.0552780199832222,0.0670521748931086,0.0466753730998641,0.25637,0.0,0.0,1.0,0.0,2.0,0.0,0.0,0.0,0.0,0.0,0.0,0.0,0.0,0.0,0,0,0
304,13001,Ryan Angwin,greater_western_sydney,0.2553164148141608,0.2748490656396781,0.2809355097817358,0.2519956155668506,0.2533239352657744,0.2548182949270642,0.2541541350776021,0.2592779540711171,0.0033207992473102,0.0289398942148852,0.0195326508255172,0.25677,0.0,0.0,1.0,0.0,3.0,0.0,0.0,0.0,0.0,0.0,0.0,0.0,0.0,0.0,0,0,0
305,12772,Toby Bedford,greater_western_sydney,0.2408321283514749,0.2683315822568409,0.2557436446048049,0.2614703287993052,0.2532150486201731,0.2439278584186495,0.2480554985082155,0.2510378017588815,0.0206382004478302,0.0206382004478302,0.027499453905366,0.24887,0.0,0.0,1.0,0.0,3.0,0.0,0.0,0.0,0.0,0.0,0.0,0.0,0.0,0.0,0,0,0
306,13170,Cooper Lord,carlton,0.2586051358829371,0.2797415221940844,0.2670163373123815,0.230485570707098,0.2417333967774336,0.2543872011065612,0.2487632880713934,0.2504455283572823,0.028119565175839,0.0365307666052834,0.0211363863111472,0.25142,0.0,0.0,1.0,0.0,3.0,0.0,0.0,0.0,0.0,0.0,0.0,0.0,0.0,0.0,0,0,0
307,13028,Lachlan Cowan,carlton,0.247917678267929,0.2779189701044634,0.2522635927339763,0.249058457268356,0.2486021456681851,0.2480887951179931,0.2483169509180784,0.2491861338112879,0.001140779000427,0.0043459144660473,0.0300012918365344,0.24663,0.0,0.0,1.0,0.0,3.0,0.0,0.0,0.0,0.0,0.0,0.0,0.0,0.0,0.0,0,0,0
308,12377,Jayden Laverde,greater_western_sydney,0.2510851908726143,0.2674222605311934,0.2282323549809035,0.2581106828251679,0.2553004860441464,0.2521390146654974,0.2535441130560081,0.2489735458776659,0.0070254919525536,0.0298783278442644,0.016337069658579,0.24822,0.0,0.0,1.0,0.0,3.0,0.0,0.0,0.0,0.0,0.0,0.0,0.0,0.0,0.0,0,0,0
309,13182,Matthew Jefferson,melbourne,0.2324635228714256,0.2764979376574386,0.2288420422434139,0.2793769808545737,0.2606115976613144,0.2395005415688977,0.2488832331655273,0.2481589370399249,0.0469134579831481,0.0505349386111598,0.0440344147860129,0.24986,0.0,0.0,1.0,0.0,3.0,0.0,0.0,0.0,0.0,0.0,0.0,0.0,0.0,0.0,0,0,0
310,13138,Bruce Reville,brisbane_lions,0.2431514046538314,0.2415606881024339,0.2244644969589893,0.2558624830763912,0.2507780517073674,0.2450580664172152,0.2476002821017273,0.2438629005627589,0.0127110784225597,0.0313979861174018,-0.0015907165513975,0.2421,0.0,0.0,1.0,0.0,2.0,0.0,0.0,0.0,0.0,0.0,0.0,0.0,0.0,0.0,0,0,0
311,12597,Esava Ratugolea,port_adelaide,0.2229116839916235,0.2720049369247347,0.2225456052802583,0.2754890683374612,0.2544581145991262,0.2307982916434992,0.2413137685126667,0.2412405527703938,0.0525773843458377,0.0529434630572029,0.0490932529331112,0.23611,0.0,0.0,1.0,0.0,3.0,0.0,0.0,0.0,0.0,0.0,0.0,0.0,0.0,0.0,0,0,0
312,13248,Roan Steele,collingwood,0.2315633366506298,0.0,0.2253111344766305,0.2404157417316765,0.2368747796992577,0.2328911974127868,0.2346616784289961,0.2334112379941963,0.0088524050810467,0.015104607255046,-0.2315633366506298,0.23333,0.0,0.0,1.0,0.0,2.0,0.0,0.0,0.0,0.0,0.0,0.0,0.0,0.0,0.0,0,0,0
313,12175,Zac Williams,carlton,0.220528303208786,0.1997754890213417,0.2254196621814022,0.2465122667391522,0.2361186813270054,0.2244258977383409,0.2296226904444141,0.2306009622389372,0.0259839635303661,0.0259839635303661,-0.0207528141874442,0.22833,0.0,0.0,1.0,0.0,2.0,0.0,0.0,0.0,0.0,0.0,0.0,0.0,0.0,0.0,0,0,0
314,12655,Oscar Allen,brisbane_lions,0.2251744281246578,0.248572284824532,0.2405597253480976,0.2306880149767946,0.2284825802359398,0.2260014661524782,0.2271041835229056,0.2301812429675936,0.0055135868521367,0.0153852972234398,0.0233978566998741,0.23088,0.0,0.0,1.0,0.0,2.0,0.0,0.0,0.0,0.0,0.0,0.0,0.0,0.0,0.0,0,0,0
315,12838,Keidean Coleman,brisbane_lions,0.2190011149982845,0.2538870149255613,0.2137269970106811,0.2333895145948726,0.2276341547562373,0.2211593749377727,0.2240370548570903,0.2229822312595696,0.014388399596588,0.0196625175841914,0.0348858999272767,0.22303,0.0,0.0,1.0,0.0,2.0,0.0,0.0,0.0,0.0,0.0,0.0,0.0,0.0,0.0,0,0,0
316,12282,Rory Lobb,western_bulldogs,0.2467523885745342,0.2594145999115404,0.2142421815261509,0.1958365997988053,0.2162029153090969,0.2391150202581748,0.2289318625030291,0.2224298210933524,0.0509157887757288,0.0509157887757288,0.0126622113370062,0.22542,0.0,0.0,1.0,0.0,2.0,0.0,0.0,0.0,0.0,0.0,0.0,0.0,0.0,0.0,0,0,0
317,12437,Mason Redman,essendon,0.2327723840185001,0.2528620244014053,0.2155945508258189,0.2054775260279465,0.216395469224168,0.228678155319917,0.2232191837218064,0.2197836170832701,0.0272948579905535,0.0272948579905535,0.0200896403829052,0.21934,0.0,0.0,1.0,0.0,2.0,0.0,0.0,0.0,0.0,0.0,0.0,0.0,0.0,0.0,0,0,0
318,13062,Jhye Clark,geelong,0.2224595703339581,0.2467955533029556,0.1960126693224461,0.2286176345578821,0.2261544088683125,0.2233832799675468,0.2246148928123316,0.2193255126100291,0.006158064223924,0.0326049652354359,0.0243359829689975,0.22037,0.0,0.0,1.0,0.0,2.0,0.0,0.0,0.0,0.0,0.0,0.0,0.0,0.0,0.0,0,0,0
319,12769,Connor Budarick,western_bulldogs,0.2203709832097382,0.2290813054590962,0.2027769262255767,0.222041320650935,0.2213731856744563,0.2206215338259177,0.2209556013141571,0.2174367899173248,0.0016703374411968,0.0192643944253582,0.008710322249358,0.21716,0.0,0.0,1.0,0.0,2.0,0.0,0.0,0.0,0.0,0.0,0.0,0.0,0.0,0.0,0,0,0
320,12866,Tom Powell,north_melbourne,0.2167739919003412,0.2204588924142588,0.2422160970249562,0.1881518368951868,0.1996006988972486,0.2124806686495681,0.2067562376485372,0.2118446586734602,0.0286221550051543,0.0540642601297693,0.0036849005139175,0.2131,0.0,0.0,1.0,0.0,3.0,0.0,0.0,0.0,0.0,0.0,0.0,0.0,0.0,0.0,0,0,0
321,12672,Sam Switkowski,fremantle,0.2145792287205067,0.2330136800703151,0.215275038965907,0.2042605561144718,0.2083880251568858,0.2130314278296014,0.2109676933083945,0.2111068553574746,0.0103186726060349,0.0110144828514352,0.0184344513498083,0.2108,0.0,0.0,1.0,0.0,3.0,0.0,0.0,0.0,0.0,0.0,0.0,0.0,0.0,0.0,0,0,0
322,12385,Lachie Weller,gold_coast,0.2040262336128355,0.2186030346376157,0.2058563519902188,0.2155694838809804,0.2109521837737225,0.2057577211530572,0.2080663712066862,0.2084323948821629,0.0115432502681449,0.0115432502681449,0.0145768010247802,0.20683,0.0,0.0,1.0,0.0,2.0,0.0,0.0,0.0,0.0,0.0,0.0,0.0,0.0,0.0,0,0,0
323,12867,Miles Bergman,port_adelaide,0.2180086840724764,0.2612812392569784,0.2046975779140808,0.1966922086908032,0.2052187988434725,0.2148112127652255,0.2105479176888909,0.2078856964572117,0.0213164753816731,0.0213164753816731,0.0432725551845019,0.20837,0.0,0.0,1.0,0.0,3.0,0.0,0.0,0.0,0.0,0.0,0.0,0.0,0.0,0.0,0,0,0
324,12236,Jack Martin,geelong,0.2048175516058822,0.2031014106589993,0.2335681473816602,0.1725860017675488,0.1854786217028828,0.1999828191301333,0.1935365091624664,0.1992866283176228,0.0322315498383334,0.0609821456141114,-0.0017161409468828,0.20091,0.0,0.0,1.0,0.0,2.0,0.0,0.0,0.0,0.0,0.0,0.0,0.0,0.0,0.0,0,0,0
325,12349,Kyle Langford,essendon,0.1977516571933536,0.2229515531916654,0.1908843735193391,0.1988506665549603,0.1984110628103177,0.1979165085975946,0.1981363104699159,0.196762853735113,0.0010990093616067,0.0079662930356212,0.0251998959983118,0.19735,0.0,0.0,1.0,0.0,2.0,0.0,0.0,0.0,0.0,0.0,0.0,0.0,0.0,0.0,0,0,0
326,12444,Sam Collins,gold_coast,0.2071603260388502,0.2301655792697283,0.1861418492981857,0.1890332780512528,0.1962840972462918,0.2044412688407106,0.2008158592431911,0.1966121638950582,0.0181270479875974,0.0210184767406645,0.023005253230878,0.1948,0.0,0.0,1.0,0.0,2.0,0.0,0.0,0.0,0.0,0.0,0.0,0.0,0.0,0.0,0,0,0
327,12246,Luke McDonald,north_melbourne,0.2000446248846408,0.2266182459026955,0.2009712226459258,0.1860235323132902,0.1916319693418304,0.1979414609989382,0.1951372424846681,0.1953225620369251,0.0140210925713505,0.0149476903326356,0.0265736210180547,0.1983,0.0,0.0,1.0,0.0,2.0,0.0,0.0,0.0,0.0,0.0,0.0,0.0,0.0,0.0,0,0,0
328,12724,Darcy Fort,brisbane_lions,0.1795763302615675,0.1868092278903635,0.2062990952550114,0.2067493400312244,0.1958801361233618,0.183652281727016,0.1890868836809475,0.1944314366796362,0.0271730097696569,0.0271730097696569,0.007232897628796,0.19486,0.0,0.0,1.0,0.0,2.0,0.0,0.0,0.0,0.0,0.0,0.0,0.0,0.0,0.0,0,0,0
329,13204,Isaiah Dudley,fremantle,0.1875892284831281,0.1905943587953181,0.206207330017906,0.1882217059774411,0.1879687149797159,0.187684100107275,0.1878105956061377,0.1915342159130932,0.0006324774943129,0.0186181015347779,0.00300513031219,0.18801,0.0,0.0,1.0,0.0,2.0,0.0,0.0,0.0,0.0,0.0,0.0,0.0,0.0,0.0,0,0,0
330,12941,Ben Miller,richmond,0.2008198581077922,0.2167229748064634,0.1729464283776354,0.17753463419784,0.1868487237618209,0.1973270745212995,0.192670029739309,0.1870953437932776,0.0232852239099522,0.0278734297301568,0.0159031166986712,0.18815,0.0,0.0,1.0,0.0,2.0,0.0,0.0,0.0,0.0,0.0,0.0,0.0,0.0,0.0,0,0,0
331,13150,Billy Dowling,adelaide,0.1803572718168241,0.1750703240850829,0.1841474299288113,0.191100161073308,0.1868030053707141,0.1819687052052966,0.1841172830565933,0.1848753146789907,0.0107428892564838,0.0107428892564838,-0.0052869477317412,0.18298,0.0,0.0,1.0,0.0,2.0,0.0,0.0,0.0,0.0,0.0,0.0,0.0,0.0,0.0,0,0,0
332,12531,Mark OConnor,geelong,0.1691541479245666,0.1741782337098099,0.187211159194002,0.1885972393201765,0.1808200027619325,0.172070611633908,0.17595922991303,0.1795706321669171,0.0194430913956098,0.0194430913956098,0.0050240857852432,0.18041,0.0,0.0,1.0,0.0,2.0,0.0,0.0,0.0,0.0,0.0,0.0,0.0,0.0,0.0,0,0,0
333,12872,Nick Murray,adelaide,0.1891079799038048,0.2018515580236796,0.1661650003932715,0.17341353575544,0.179691313414786,0.1867538132815501,0.1836149244518772,0.1790263285497705,0.0156944441483647,0.0229429795105333,0.0127435781198747,0.17822,0.0,0.0,0.0,0.0,2.0,0.0,0.0,0.0,0.0,0.0,0.0,0.0,0.0,0.0,0,0,0
334,13297,Talor Byrne,carlton,0.185335407485896,0.0,0.1879695740210585,0.1604594263226034,0.1704098187879205,0.1816040103114022,0.1766288140787436,0.1771556473857762,0.0248759811632926,0.0275101476984551,-0.185335407485896,0.17896,0.0,0.0,1.0,0.0,2.0,0.0,0.0,0.0,0.0,0.0,0.0,0.0,0.0,0.0,0,0,0
335,12976,Jack Carroll,st_kilda,0.1872758776846669,0.2114555224140315,0.1644119683083333,0.1692936231178682,0.1764865249445877,0.1845785394996471,0.1809820885862874,0.1764093067110207,0.0179822545667986,0.0228639093763335,0.0241796447293646,0.17971,0.0,0.0,0.0,0.0,2.0,0.0,0.0,0.0,0.0,0.0,0.0,0.0,0.0,0.0,0,0,0
336,13086,James Borlase,adelaide,0.1822173115954018,0.1991650435861462,0.1674165247446424,0.1724604623998406,0.1763632020780651,0.1807537842160677,0.1788024143769554,0.1758422570068036,0.0097568491955612,0.0148007868507594,0.0169477319907444,0.17542,0.0,0.0,1.0,0.0,2.0,0.0,0.0,0.0,0.0,0.0,0.0,0.0,0.0,0.0,0,0,0
337,13014,Tyler Sonsie,richmond,0.1665997030844909,0.1808013079377947,0.1851201937562475,0.1812960941651846,0.1754175377329074,0.1688041617465952,0.1717434399627339,0.1754475380970851,0.0146963910806936,0.0185204906717565,0.0142016048533037,0.17705,0.0,0.0,1.0,0.0,2.0,0.0,0.0,0.0,0.0,0.0,0.0,0.0,0.0,0.0,0,0,0
338,12906,Ned Reeves,hawthorn,0.1695020450307361,0.1934613869855888,0.137042292302734,0.2034812994863282,0.1898895977040914,0.1745989331990749,0.1813947840901934,0.174902833544593,0.033979254455592,0.0664390071835942,0.0239593419548526,0.17381,0.0,0.0,0.0,0.0,2.0,0.0,0.0,0.0,0.0,0.0,0.0,0.0,0.0,0.0,0,0,0
339,12676,Billy Frampton,collingwood,0.1660923836099726,0.1725053040815099,0.1734234936545652,0.1766633197213951,0.1724349452768263,0.1676780240266859,0.1697922112489705,0.171258433257889,0.0105709361114224,0.0105709361114224,0.0064129204715372,0.17404,0.0,0.0,1.0,0.0,2.0,0.0,0.0,0.0,0.0,0.0,0.0,0.0,0.0,0.0,0,0,0
340,12696,Xavier Duursma,essendon,0.1501592446543113,0.1624009708956497,0.1715427656417161,0.1880990045366727,0.1729231005837282,0.1558502086366656,0.1634381606131379,0.1677148648106188,0.0379397598823613,0.0379397598823613,0.0122417262413383,0.17007,0.0,0.0,1.0,0.0,2.0,0.0,0.0,0.0,0.0,0.0,0.0,0.0,0.0,0.0,0,0,0
341,12352,Alex Pearce,fremantle,0.1530660465405226,0.1702334820420311,0.155736116845197,0.1843137847899855,0.1718146894902003,0.157753207277942,0.1640027549278346,0.1645367689887695,0.0312477382494628,0.0312477382494628,0.0171674355015085,0.16316,0.0,0.0,0.0,0.0,2.0,0.0,0.0,0.0,0.0,0.0,0.0,0.0,0.0,0.0,0,0,0
342,13188,Joe Berry,port_adelaide,0.1728221571088616,0.1851206103620944,0.1651650420703144,0.1534438850332418,0.1611951938634898,0.1699154162975187,0.1660397618823947,0.1645083388746853,0.0193782720756197,0.0193782720756197,0.0122984532532328,0.16757,0.0,0.0,1.0,0.0,2.0,0.0,0.0,0.0,0.0,0.0,0.0,0.0,0.0,0.0,0,0,0
343,12752,Changkuoth Jiath,melbourne,0.1617687119956727,0.1818180833820255,0.1542634094528,0.1691560226671346,0.1662010983985497,0.1628768085963919,0.1643542707306843,0.1628532102221097,0.0073873106714618,0.0148926132143345,0.0200493713863527,0.16747,0.0,0.0,1.0,0.0,2.0,0.0,0.0,0.0,0.0,0.0,0.0,0.0,0.0,0.0,0,0,0
344,13098,Blake Howes,melbourne,0.1597728958701828,0.1790432834118317,0.1749278522744523,0.1536423297500826,0.1560945561981228,0.1588533109521679,0.1576271977281479,0.1606581890090018,0.0061305661201002,0.0212855225243697,0.0192703875416488,0.16003,0.0,0.0,0.0,0.0,2.0,0.0,0.0,0.0,0.0,0.0,0.0,0.0,0.0,0.0,0,0,0
345,12454,Eric Hipwood,brisbane_lions,0.1493998704040013,0.1660033527916996,0.1445677481822919,0.1731369026770468,0.1636420897678287,0.152960425244958,0.1577078316995672,0.1567414072552253,0.0237370322730455,0.0285691544947549,0.0166034823876982,0.15424,0.0,0.0,1.0,0.0,2.0,0.0,0.0,0.0,0.0,0.0,0.0,0.0,0.0,0.0,0,0,0
346,12860,James Jordon,sydney,0.1520472082061408,0.172155257068211,0.1680121734157068,0.1503180485712672,0.1510097124252167,0.1517878342609098,0.1514420023339351,0.1546349953758483,0.0017291596348735,0.0176941248444396,0.0201080488620702,0.15482,0.0,0.0,0.0,0.0,2.0,0.0,0.0,0.0,0.0,0.0,0.0,0.0,0.0,0.0,0,0,0
347,12383,Tom Barrass,hawthorn,0.1477505304315947,0.1574885232151774,0.1457856789989519,0.1658342870840334,0.1586007844230579,0.1504630939294605,0.1540798452599483,0.1536868749734197,0.0180837566524387,0.0200486080850815,0.0097379927835827,0.15682,0.0,0.0,0.0,0.0,2.0,0.0,0.0,0.0,0.0,0.0,0.0,0.0,0.0,0.0,0,0,0
348,12818,Sam Wicks,sydney,0.1521474838875383,0.166051524012615,0.163798269868695,0.1476105447782128,0.149425320421943,0.1514669430211395,0.1505595551992744,0.1528897123955057,0.0045369391093255,0.0161877250904822,0.0139040401250767,0.1516,0.0,0.0,0.0,0.0,2.0,0.0,0.0,0.0,0.0,0.0,0.0,0.0,0.0,0.0,0,0,0
349,13029,Oliver Hollands,carlton,0.154945288643363,0.1625874941994215,0.1572421921977487,0.1407835163733637,0.1464482252813634,0.1528210228028631,0.1499886683488632,0.1504480490597404,0.0141617722699992,0.0164586758243849,0.0076422055560584,0.14929,0.0,0.0,0.0,0.0,2.0,0.0,0.0,0.0,0.0,0.0,0.0,0.0,0.0,0.0,0,0,0
350,13027,Max Michalanney,adelaide,0.1481149547926341,0.1620132813316186,0.1573614957628779,0.1474627090698273,0.14772360735895,0.1480171179342131,0.1478866687896518,0.1497359769837005,0.0006522457228068,0.0098987866930506,0.0138983265389844,0.15243,0.0,0.0,0.0,0.0,2.0,0.0,0.0,0.0,0.0,0.0,0.0,0.0,0.0,0.0,0,0,0
351,13213,Cooper Hynes,western_bulldogs,0.1479644505091933,0.1595983727403331,0.1571114607487008,0.1406938706142591,0.1436021025722328,0.1468738635249532,0.1454197475459663,0.1472491495938678,0.0072705798949342,0.0164175901344417,0.0116339222311397,0.14886,0.0,0.0,0.0,0.0,2.0,0.0,0.0,0.0,0.0,0.0,0.0,0.0,0.0,0.0,0,0,0
352,12748,Rhylee West,western_bulldogs,0.1507502796396841,0.1474420481345814,0.1524830336738485,0.1377746535346145,0.1429649039766424,0.1488039357239237,0.1462088105029098,0.1465553613097426,0.0129756261050696,0.014708380139234,-0.0033082315051027,0.1454,0.0,0.0,0.0,0.0,2.0,0.0,0.0,0.0,0.0,0.0,0.0,0.0,0.0,0.0,0,0,0
353,12440,Jacob Hopper,richmond,0.1499850891187374,0.140487018902013,0.1865690479193377,0.1171539079692015,0.1302863804290159,0.1450604119463071,0.1384941757163999,0.1458109674765199,0.0328311811495359,0.0694151399501362,-0.0094980702167244,0.1451,0.0,0.0,0.0,0.0,2.0,0.0,0.0,0.0,0.0,0.0,0.0,0.0,0.0,0.0,0,0,0
354,13216,Jedd Busslinger,western_bulldogs,0.162793495483964,0.1595189563692509,0.1529553239229512,0.1183323048152031,0.1361167810827075,0.15612431688365,0.1472320787498978,0.1452644444376951,0.0444611906687609,0.0444611906687609,-0.003274539114713,0.14604,0.0,0.0,1.0,0.0,2.0,0.0,0.0,0.0,0.0,0.0,0.0,0.0,0.0,0.0,0,0,0
355,12821,Xavier OHalloran,greater_western_sydney,0.1423255838449309,0.1564094723264642,0.1614973917143233,0.1342541419895312,0.1374827187316908,0.141114867566621,0.1395005791955409,0.1433349407694193,0.0080714418553996,0.027243249724792,0.0140838884815333,0.1461,0.0,0.0,0.0,0.0,2.0,0.0,0.0,0.0,0.0,0.0,0.0,0.0,0.0,0.0,0,0,0
356,12900,Buku Khamis,western_bulldogs,0.1435617781153726,0.1483504240628025,0.1405695485585926,0.143942837658099,0.1437904138410085,0.1436189370467816,0.1436951489553269,0.1430967030439709,0.0003810595427264,0.0033732890995064,0.0047886459474298,0.14485,0.0,0.0,0.0,0.0,2.0,0.0,0.0,0.0,0.0,0.0,0.0,0.0,0.0,0.0,0,0,0
357,12402,Jacob Weitering,carlton,0.1503025838004883,0.1587717017796211,0.1340845557339522,0.1383423071659097,0.143126417819741,0.1485085423053015,0.1461164869783857,0.1428728813650785,0.0119602766345785,0.016218028066536,0.0084691179791328,0.14399,0.0,0.0,0.0,0.0,2.0,0.0,0.0,0.0,0.0,0.0,0.0,0.0,0.0,0.0,0,0,0
358,12267,Darcy Gardiner,brisbane_lions,0.1597108393170673,0.1679837830017744,0.1215146809988328,0.1221034382288693,0.1371463986641487,0.1540697291538378,0.1465482489361982,0.1389090172725513,0.0376074010881979,0.0381961583182344,0.0082729436847071,0.13786,0.0,0.0,0.0,0.0,2.0,0.0,0.0,0.0,0.0,0.0,0.0,0.0,0.0,0.0,0,0,0
359,12874,Jaxon Prior,essendon,0.1400487133176303,0.1574118322991473,0.1422214269406185,0.13368479186199,0.1362303604442461,0.1390941250992843,0.1378213408081562,0.1382558835327538,0.0063639214556403,0.0085366350786284,0.0173631189815169,0.13791,0.0,0.0,0.0,0.0,2.0,0.0,0.0,0.0,0.0,0.0,0.0,0.0,0.0,0.0,0,0,0
360,12491,Andrew McGrath,essendon,0.1326038082605838,0.1626008219214816,0.1323802042380406,0.1358120346659159,0.1345287441037831,0.1330850422213836,0.13372668750245,0.1336819666979414,0.0032082264053321,0.0034318304278753,0.0299970136608977,0.13132,0.0,0.0,0.0,0.0,2.0,0.0,0.0,0.0,0.0,0.0,0.0,0.0,0.0,0.0,0,0,0
361,13096,Tom Brown,richmond,0.1328190152673166,0.1702740097707792,0.1339385707250866,0.1197890538329586,0.1250010384067019,0.130864521052163,0.1282585287652914,0.1284824398568454,0.0130299614343579,0.0141495168921279,0.0374549945034625,0.13008,0.0,0.0,0.0,0.0,2.0,0.0,0.0,0.0,0.0,0.0,0.0,0.0,0.0,0.0,0,0,0
362,12843,Finn Maginness,hawthorn,0.1278677925906021,0.164714170885266,0.1191021781194674,0.1320750660965624,0.1303921566941782,0.1284988836164961,0.1293403383176881,0.1275872154234612,0.0042072735059602,0.0129728879770949,0.0368463782946639,0.12861,0.0,0.0,0.0,0.0,2.0,0.0,0.0,0.0,0.0,0.0,0.0,0.0,0.0,0.0,0,0,0
363,12272,Christian Salem,melbourne,0.1250191314863753,0.1271199873871633,0.1804062971935077,0.1003279409028789,0.1102044171362775,0.1213154528988509,0.1163772147821516,0.127454647923578,0.0246911905834963,0.0800783562906287,0.0021008559007879,0.12724,0.0,0.0,0.0,0.0,2.0,0.0,0.0,0.0,0.0,0.0,0.0,0.0,0.0,0.0,0,0,0
364,12607,Jack Henry,geelong,0.1407399141645796,0.153700689481517,0.1300074219249495,0.1062476367388928,0.1200445477091675,0.1355660725507266,0.1286676170655892,0.1265211186176632,0.0344922774256867,0.0344922774256867,0.0129607753169374,0.12936,0.0,0.0,0.0,0.0,2.0,0.0,0.0,0.0,0.0,0.0,0.0,0.0,0.0,0.0,0,0,0
365,13046,Arthur Jones,western_bulldogs,0.1228938870770815,0.1284190389893227,0.1277359777073013,0.1288302139683242,0.1264556832118271,0.1237843361107679,0.1249716014890164,0.1259400196150604,0.0059363268912426,0.0059363268912426,0.0055251519122411,0.12515,0.0,0.0,0.0,0.0,2.0,0.0,0.0,0.0,0.0,0.0,0.0,0.0,0.0,0.0,0,0,0
366,12090,Lincoln McCarthy,brisbane_lions,0.126203784901497,0.1384903101917132,0.1412727791020044,0.116380972715969,0.1203100975901801,0.1247303630736678,0.1227658006365622,0.1257795994766637,0.009822812185528,0.0248918063860354,0.0122865252902161,0.12581,0.0,0.0,0.0,0.0,2.0,0.0,0.0,0.0,0.0,0.0,0.0,0.0,0.0,0.0,0,0,0
367,13061,James ODonnell,western_bulldogs,0.12625750528579,0.1293402709471072,0.1179150712708761,0.1194911241165791,0.1221976765842635,0.1252425481104085,0.1238892718765663,0.1222207850735834,0.0067663811692109,0.0083424340149139,0.0030827656613171,0.12126,0.0,0.0,0.0,0.0,1.0,0.0,0.0,0.0,0.0,0.0,0.0,0.0,0.0,0.0,0,0,0
368,12644,Sam Taylor,greater_western_sydney,0.119413804700213,0.1340152188402766,0.1222553919218214,0.1256850360988224,0.1231765435393786,0.1203544894100044,0.1216087356897263,0.1221770531340479,0.0062712313986093,0.0062712313986093,0.0146014141400636,0.1238,0.0,0.0,0.0,0.0,2.0,0.0,0.0,0.0,0.0,0.0,0.0,0.0,0.0,0.0,0,0,0
369,12942,Alex Davies,gold_coast,0.1219034857062497,0.1156837583035848,0.1340431321994652,0.1136367518272242,0.1169434453788344,0.1206634756243958,0.1190101288485907,0.1214380581472338,0.0082667338790255,0.020406380372241,-0.0062197274026648,0.11872,0.0,0.0,0.0,0.0,2.0,0.0,0.0,0.0,0.0,0.0,0.0,0.0,0.0,0.0,0,0,0
370,13232,Leo Lombard,gold_coast,0.1220543943218499,0.0,0.1246844445369888,0.1172845363958586,0.119192479566253,0.1213389156329512,0.120384944047752,0.1209109540907796,0.0047698579259913,0.0073999081411302,-0.1220543943218499,0.12066,0.0,0.0,0.0,0.0,2.0,0.0,0.0,0.0,0.0,0.0,0.0,0.0,0.0,0.0,0,0,0
371,12774,Deven Robertson,west_coast,0.1210695502401828,0.1431952894628395,0.1150190082115028,0.1227291659163658,0.1220653196458926,0.1213184925916103,0.1216504157268469,0.1204403073211109,0.0016596156761829,0.0077101577048629,0.0221257392226566,0.12072,0.0,0.0,0.0,0.0,2.0,0.0,0.0,0.0,0.0,0.0,0.0,0.0,0.0,0.0,0,0,0
372,13119,Sam Clohesy,gold_coast,0.1050176130569227,0.1102002173288461,0.105856747090506,0.1480931237076866,0.1308629194473804,0.1114789396545372,0.1200940417846897,0.1202618685914064,0.0430755106507639,0.0430755106507639,0.0051826042719234,0.12131,0.0,0.0,0.0,0.0,2.0,0.0,0.0,0.0,0.0,0.0,0.0,0.0,0.0,0.0,0,0,0
373,12565,Jack Scrimshaw,hawthorn,0.1082232253990349,0.1125068276223931,0.1069598427247479,0.1401274950870699,0.1273657872118559,0.1130088658522401,0.1193897197898471,0.1191370432549897,0.031904269688035,0.033167652362322,0.0042836022233582,0.11934,0.0,0.0,0.0,0.0,2.0,0.0,0.0,0.0,0.0,0.0,0.0,0.0,0.0,0.0,0,0,0
374,12829,Jordon Butts,adelaide,0.1111683071724121,0.1212428296890323,0.1051233949411195,0.1351809121792078,0.1255758701764895,0.1147701979234314,0.1195727189247906,0.1183637364785321,0.0240126050067956,0.0300575172380883,0.0100745225166201,0.11684,0.0,0.0,0.0,0.0,2.0,0.0,0.0,0.0,0.0,0.0,0.0,0.0,0.0,0.0,0,0,0
375,13285,Mitchell Edwards,geelong,0.1173629116728929,0.0,0.1094477966327892,0.1202885998016776,0.1191183245501641,0.1178017648922104,0.1183869025179676,0.1168038795099469,0.0029256881287846,0.0108408031688883,-0.1173629116728929,0.11903,0.0,0.0,0.0,0.0,2.0,0.0,0.0,0.0,0.0,0.0,0.0,0.0,0.0,0.0,0,0,0
376,12559,Lewis Young,carlton,0.1156348380362505,0.1712557670445315,0.1008605767459343,0.1191290293298051,0.1177313528123832,0.1161589667302837,0.1168578049889946,0.1139029527309313,0.0034941912935546,0.0182684525838707,0.055620929008281,0.11415,0.0,0.0,0.0,0.0,2.0,0.0,0.0,0.0,0.0,0.0,0.0,0.0,0.0,0.0,0,0,0
377,13220,Hugh Boxshall,st_kilda,0.1073772198490403,0.1290029735920658,0.1034970540658045,0.1104921960108522,0.1092462055462071,0.1078444662733632,0.1084674615057383,0.1076914283490926,0.0031149761618118,0.0069951419450477,0.0216257537430254,0.10833,0.0,0.0,0.0,0.0,2.0,0.0,0.0,0.0,0.0,0.0,0.0,0.0,0.0,0.0,0,0,0
378,13045,Harry Rowston,greater_western_sydney,0.1003650858630839,0.1108026045694236,0.1174643986061363,0.1060320857539236,0.1037652857975864,0.1012151358467098,0.1023485358248772,0.1057683983734876,0.0056669998908397,0.0170993127430523,0.0104375187063396,0.1054,0.0,0.0,0.0,0.0,2.0,0.0,0.0,0.0,0.0,0.0,0.0,0.0,0.0,0.0,0,0,0
379,13159,Zac Taylor,adelaide,0.1062963876614532,0.1181862878565358,0.1041768937003689,0.102886541840217,0.1042504801687115,0.1057849107882678,0.1051029416240205,0.1046790428318037,0.0034098458212362,0.0034098458212362,0.0118899001950826,0.10711,0.0,0.0,0.0,0.0,2.0,0.0,0.0,0.0,0.0,0.0,0.0,0.0,0.0,0.0,0,0,0
380,13145,Steely Green,richmond,0.1032105007608516,0.1158868534311686,0.1074387049710604,0.1008924683551641,0.1018196813174391,0.1028627958999985,0.102399189418861,0.1032448302609027,0.0023180324056875,0.0065462366158963,0.012676352670317,0.10302,0.0,0.0,0.0,0.0,2.0,0.0,0.0,0.0,0.0,0.0,0.0,0.0,0.0,0.0,0,0,0
381,12174,Nick Vlastuin,richmond,0.0900725751457618,0.1037205665125549,0.091153744836199,0.1036117125083974,0.0981960575633432,0.0921034457501572,0.0948112732226843,0.0950275071607717,0.0135391373626355,0.0135391373626355,0.013647991366793,0.09523,0.0,0.0,0.0,0.0,1.0,0.0,0.0,0.0,0.0,0.0,0.0,0.0,0.0,0.0,0,0,0
382,13273,Harry Dean,carlton,0.094078072169244,0.0,0.0934793299638127,0.0946727267110715,0.0944348648943405,0.0941672703505181,0.0942862012588836,0.0941664528177973,0.0005946545418275,0.0011933967472587,-0.094078072169244,0.09384,0.0,0.0,0.0,0.0,2.0,0.0,0.0,0.0,0.0,0.0,0.0,0.0,0.0,0.0,0,0,0
383,12639,Brody Mihocek,melbourne,0.0977644744958494,0.0957057984482177,0.1231159951580505,0.0719005762117871,0.0822461355254124,0.0938848897532405,0.088712110096428,0.0937824142288682,0.0258638982840622,0.0512154189462633,-0.0020586760476316,0.09198,0.0,0.0,0.0,0.0,2.0,0.0,0.0,0.0,0.0,0.0,0.0,0.0,0.0,0.0,0,0,0
384,12140,Dane Rampe,sydney,0.0938076365541449,0.101708442475371,0.0958806974850935,0.0898292763729421,0.0914206204454232,0.0932108825269645,0.092415210490724,0.0928298226769137,0.0039783601812027,0.0060514211121513,0.0079008059212261,0.09262,0.0,0.0,0.0,0.0,2.0,0.0,0.0,0.0,0.0,0.0,0.0,0.0,0.0,0.0,0,0,0
385,13313,Patrick Retschko,richmond,0.0943183203626958,0.0,0.093301746010379,0.0885595945625638,0.0908630848826167,0.0934545114926762,0.0923027663326498,0.0920994514621863,0.0057587258001319,0.0057587258001319,-0.0943183203626958,0.09102,0.0,0.0,0.0,0.0,1.0,0.0,0.0,0.0,0.0,0.0,0.0,0.0,0.0,0.0,0,0,0
386,12141,Jaeger OMeara,fremantle,0.0819448466929304,0.0864921420187372,0.0802012999171505,0.1009058662660924,0.0933214584368276,0.0847889996289047,0.0885812035435371,0.0882324941883811,0.0189610195731619,0.0207045663489419,0.0045472953258068,0.0882,0.0,0.0,0.0,0.0,2.0,0.0,0.0,0.0,0.0,0.0,0.0,0.0,0.0,0.0,0,0,0
387,13157,Caiden Cleary,sydney,0.0888175372606902,0.1063357238955701,0.0867127661951759,0.0851246569695385,0.0866018090859992,0.0882636052170177,0.0875250291587872,0.0871040749456843,0.0036928802911517,0.0036928802911517,0.0175181866348799,0.08713,0.0,0.0,0.0,0.0,2.0,0.0,0.0,0.0,0.0,0.0,0.0,0.0,0.0,0.0,0,0,0
388,13016,Elijah Hollands,carlton,0.0825782163577597,0.0788576934890702,0.1065284446895849,0.0799321407872195,0.0809905710154355,0.0821813050221786,0.0816520899080706,0.0864421355744356,0.0026460755705401,0.0265963039023653,-0.0037205228686894,0.08649,0.0,0.0,0.0,0.0,2.0,0.0,0.0,0.0,0.0,0.0,0.0,0.0,0.0,0.0,0,0,0
389,11917,Dion Prestia,richmond,0.0882442012188953,0.0892714313174188,0.0911542385309273,0.0789707949524535,0.0826801574590304,0.0868531902789293,0.0849985090256409,0.0855805164880473,0.0092734062664418,0.0121834435784738,0.0010272300985234,0.08647,0.0,0.0,0.0,0.0,1.0,0.0,0.0,0.0,0.0,0.0,0.0,0.0,0.0,0.0,0,0,0
390,13158,Max Gruzewski,greater_western_sydney,0.0814093979821558,0.0903697173314647,0.0784625263375962,0.0896384087683037,0.0863468044538444,0.0826437496000781,0.0842895517573075,0.0837001774283956,0.0082290107861478,0.0111758824307075,0.0089603193493088,0.08578,0.0,0.0,0.0,0.0,2.0,0.0,0.0,0.0,0.0,0.0,0.0,0.0,0.0,0.0,0,0,0
391,13307,Sullivan Robey,essendon,0.0834761839188794,0.0,0.1062952680357307,0.0692035298497625,0.0749125914774092,0.0813352858085118,0.0784807549946884,0.0830445718180587,0.0142726540691169,0.0370917381859682,-0.0834761839188794,0.08491,0.0,0.0,0.0,0.0,2.0,0.0,0.0,0.0,0.0,0.0,0.0,0.0,0.0,0.0,0,0,0
392,13177,Isaac Kako,essendon,0.0841946093296285,0.0906848362570205,0.0767687256565153,0.0711456410531067,0.0763652283637155,0.0822372640881503,0.0796274704328459,0.0781422936982233,0.0130489682765217,0.0130489682765217,0.006490226927392,0.07722,0.0,0.0,0.0,0.0,1.0,0.0,0.0,0.0,0.0,0.0,0.0,0.0,0.0,0.0,0,0,0
393,13217,Oliver Wiltshire,geelong,0.0833983073104475,0.0,0.098480049317722,0.059488509778495,0.069052428791276,0.0798118376806547,0.0750298781742641,0.078046226575719,0.0239097975319525,0.0389915395392269,-0.0833983073104475,0.0785,0.0,0.0,0.0,0.0,1.0,0.0,0.0,0.0,0.0,0.0,0.0,0.0,0.0,0.0,0,0,0
394,12622,Charlie Spargo,north_melbourne,0.0806754450859013,0.1028808303199746,0.0814772291914397,0.0719907319490762,0.075464617203807,0.0793727381153781,0.0776357954880131,0.0777961523091208,0.0086847131368251,0.0094864972423635,0.0222053852340732,0.07607,0.0,0.0,0.0,0.0,1.0,0.0,0.0,0.0,0.0,0.0,0.0,0.0,0.0,0.0,0,0,0
395,13077,Cooper Harvey,north_melbourne,0.0783043423724122,0.0941072230183047,0.0723255732376833,0.0794296071644514,0.0789795012476372,0.0784731320912192,0.0786981850496272,0.0775024312226815,0.0011252647920391,0.007104033926768,0.0158028806458925,0.07699,0.0,0.0,0.0,0.0,1.0,0.0,0.0,0.0,0.0,0.0,0.0,0.0,0.0,0.0,0,0,0
396,13221,Bo Allan,west_coast,0.0783360217348406,0.1072385046175171,0.0831040189617725,0.0731100259385082,0.0752004242570411,0.0775521223653907,0.0765069232061242,0.0774605226515106,0.0052259957963324,0.0099939930232642,0.0289024828826765,0.07861,0.0,0.0,0.0,0.0,2.0,0.0,0.0,0.0,0.0,0.0,0.0,0.0,0.0,0.0,0,0,0
397,12822,Matthew Cottrell,carlton,0.078969579859597,0.0963458415630679,0.0837783368869848,0.0688685329980289,0.0729089517426562,0.0774544228303618,0.0754342134580482,0.0763959648635258,0.010101046861568,0.0149098038889558,0.0173762617034708,0.077,0.0,0.0,0.0,0.0,1.0,0.0,0.0,0.0,0.0,0.0,0.0,0.0,0.0,0.0,0,0,0
398,13235,Ty Gallop,brisbane_lions,0.0769581391326895,0.0,0.0760992207890021,0.0736119399287083,0.0749504196103008,0.0764562092520923,0.0757869694112961,0.0756151857425586,0.0033461992039812,0.0033461992039812,-0.0769581391326895,0.0762,0.0,0.0,0.0,0.0,1.0,0.0,0.0,0.0,0.0,0.0,0.0,0.0,0.0,0.0,0,0,0
399,13303,Wade Derksen,carlton,0.0782230553245894,0.0,0.0731110452781691,0.0694024475589349,0.0729306906651967,0.0768999641597412,0.0751358426066103,0.0741134405973263,0.0088206077656544,0.0088206077656544,-0.0782230553245894,0.07367,0.0,0.0,0.0,0.0,1.0,0.0,0.0,0.0,0.0,0.0,0.0,0.0,0.0,0.0,0,0,0
400,12936,Corey Durdin,port_adelaide,0.0751243514840897,0.0822259592591581,0.0815390900532814,0.0681914178369059,0.0709645912957794,0.0740844114370122,0.0726978247075754,0.0739807724214137,0.0069329336471838,0.0133476722163755,0.0071016077750684,0.07209,0.0,0.0,0.0,0.0,1.0,0.0,0.0,0.0,0.0,0.0,0.0,0.0,0.0,0.0,0,0,0
401,13210,Hamish Davis,west_coast,0.0724222701707741,0.0875618725552063,0.0863908874692416,0.0671224241478284,0.0692423625570066,0.0716272932673322,0.0705673240627431,0.0733610475224366,0.0052998460229456,0.0192684633214131,0.0151396023844322,0.07206,0.0,0.0,0.0,0.0,1.0,0.0,0.0,0.0,0.0,0.0,0.0,0.0,0.0,0.0,0,0,0
402,13276,Michael Sellwood,western_bulldogs,0.062958103834347,0.0,0.0717735545338022,0.0770452203642507,0.0714103737522893,0.0650711713138326,0.0678885946198134,0.0696516847597044,0.0140871165299037,0.0140871165299037,-0.062958103834347,0.06921,0.0,0.0,0.0,0.0,1.0,0.0,0.0,0.0,0.0,0.0,0.0,0.0,0.0,0.0,0,0,0
403,13078,Sam Banks,richmond,0.0696700142541006,0.0798631783528196,0.0715744968406292,0.0653068461047835,0.0670521133645104,0.0690155390317031,0.0681429054018396,0.0685238019191454,0.004363168149317,0.0062676507358457,0.010193164098719,0.06897,0.0,0.0,0.0,0.0,1.0,0.0,0.0,0.0,0.0,0.0,0.0,0.0,0.0,0.0,0,0,0
404,13294,Milan Murdock,west_coast,0.0764155632774525,0.0,0.0641388401341482,0.060300804818599,0.0667467082021404,0.0739983495086245,0.0707753978168538,0.0683200531881929,0.0161147584588534,0.0161147584588534,-0.0764155632774525,0.06817,0.0,0.0,0.0,0.0,1.0,0.0,0.0,0.0,0.0,0.0,0.0,0.0,0.0,0.0,0,0,0
405,12580,Ben McKay,essendon,0.0667150098800709,0.086036628855656,0.0675709757957347,0.0682528598613664,0.0676377198688482,0.0669456873772652,0.0672532573735243,0.067424450556657,0.0015378499812954,0.0015378499812954,0.0193216189755851,0.06546,0.0,0.0,0.0,0.0,1.0,0.0,0.0,0.0,0.0,0.0,0.0,0.0,0.0,0.0,0,0,0
406,12456,Nathan Broad,richmond,0.066691267332835,0.0739323618671365,0.0673321627301243,0.0675074270713003,0.0671809631759142,0.0668136912936048,0.0669769232412979,0.0671051023207557,0.0008161597384653,0.0008161597384653,0.0072410945343015,0.06666,0.0,0.0,0.0,0.0,1.0,0.0,0.0,0.0,0.0,0.0,0.0,0.0,0.0,0.0,0,0,0
407,13035,Anthony Caminiti,st_kilda,0.07568141065193,0.0904988642094976,0.0809684347686976,0.0480236402435535,0.0590867484069226,0.0715327450906891,0.0660011910090151,0.0670585958323694,0.0276577704083765,0.0329447945251441,0.0148174535575675,0.06893,0.0,0.0,0.0,0.0,1.0,0.0,0.0,0.0,0.0,0.0,0.0,0.0,0.0,0.0,0,0,0
408,12831,Liam Henry,st_kilda,0.0668409967808901,0.0821061494909598,0.0632971962378996,0.0692419707339127,0.0682815811527037,0.0672011428738436,0.0676813376644481,0.06697257755585,0.0024009739530225,0.0059447744960131,0.0152651527100697,0.06774,0.0,0.0,0.0,0.0,1.0,0.0,0.0,0.0,0.0,0.0,0.0,0.0,0.0,0.0,0,0,0
409,12800,Cody Weightman,western_bulldogs,0.0711734592761276,0.0757867150007405,0.0904535304751637,0.0473394510609344,0.0568730543470117,0.0675983580438487,0.06283155640081,0.0666875706406172,0.0238340082151932,0.0431140794142293,0.0046132557246128,0.06667,0.0,0.0,0.0,0.0,1.0,0.0,0.0,0.0,0.0,0.0,0.0,0.0,0.0,0.0,0,0,0
410,13199,Christian Moraes,port_adelaide,0.0711116957751752,0.0917901281578247,0.0651436769827068,0.0607184725980279,0.0648757618688869,0.0695527122986031,0.0674740676631737,0.06628046390468,0.0103932231771473,0.0103932231771473,0.0206784323826494,0.06436,0.0,0.0,0.0,0.0,1.0,0.0,0.0,0.0,0.0,0.0,0.0,0.0,0.0,0.0,0,0,0
411,12802,Ryan Byrnes,st_kilda,0.0637273284014206,0.0728246228158561,0.0666239562090194,0.0657243143968991,0.0649255199987373,0.0640268763007604,0.0644262734998612,0.0650055990613819,0.0019969859954785,0.0028966278075987,0.0090972944144355,0.06372,0.0,0.0,0.0,0.0,1.0,0.0,0.0,0.0,0.0,0.0,0.0,0.0,0.0,0.0,0,0,0
412,13106,Zane Duursma,north_melbourne,0.0624829914696345,0.0780626561917733,0.0655164643536306,0.0645994126569244,0.0637528441820084,0.0628004546477279,0.0632237388851859,0.0638304334619852,0.0021164211872898,0.0030334728839961,0.0155796647221388,0.06479,0.0,0.0,0.0,0.0,1.0,0.0,0.0,0.0,0.0,0.0,0.0,0.0,0.0,0.0,0,0,0
413,13070,Ryan Maric,west_coast,0.0614440179445256,0.0695072083340604,0.0755447845303386,0.059228792227307,0.0601148825141944,0.0611117340869428,0.0606686889434991,0.0634888422606617,0.0022152257172186,0.0163159923030315,0.0080631903895347,0.06397,0.0,0.0,0.0,0.0,1.0,0.0,0.0,0.0,0.0,0.0,0.0,0.0,0.0,0.0,0,0,0
414,12321,Jesse Hogan,greater_western_sydney,0.0605431153416697,0.0688194497050844,0.0649245983245494,0.0623893462040196,0.0616508538590797,0.0608200499710222,0.0611892961434922,0.0620655927400681,0.0018462308623498,0.0043814829828797,0.0082763343634147,0.06446,0.0,0.0,0.0,0.0,1.0,0.0,0.0,0.0,0.0,0.0,0.0,0.0,0.0,0.0,0,0,0
415,12882,Lachie Jones,port_adelaide,0.0638022217340642,0.0737863419435321,0.0628527947179432,0.0577557776293481,0.0601743552712345,0.0628952551183568,0.0616859662974136,0.0614960808941894,0.0060464441047161,0.0060464441047161,0.0099841202094678,0.06161,0.0,0.0,0.0,0.0,1.0,0.0,0.0,0.0,0.0,0.0,0.0,0.0,0.0,0.0,0,0,0
416,12957,Brady Hough,west_coast,0.058522948774542,0.0737655149070176,0.0643503657329492,0.0615467503738157,0.0603372297341062,0.0589765190144331,0.0595812793342878,0.0607467627259692,0.0030238015992737,0.0058274169584072,0.0152425661324756,0.0594,0.0,0.0,0.0,0.0,1.0,0.0,0.0,0.0,0.0,0.0,0.0,0.0,0.0,0.0,0,0,0
417,13095,James Trezise,richmond,0.0622770180475656,0.0721732463957191,0.0641215666233452,0.0546540144141256,0.0577032158675016,0.0611335675025496,0.0596089667758616,0.0599778764910175,0.00762300363344,0.0094675522092195,0.0098962283481534,0.06248,0.0,0.0,0.0,0.0,1.0,0.0,0.0,0.0,0.0,0.0,0.0,0.0,0.0,0.0,0,0,0
418,12446,Tom Cole,west_coast,0.0592007715345411,0.0726902516500631,0.0657906057369483,0.0564720503329944,0.0575635388136131,0.0587914633543091,0.0582457191139997,0.0595636859544812,0.0027287212015466,0.0093185554039538,0.0134894801155219,0.05901,0.0,0.0,0.0,0.0,1.0,0.0,0.0,0.0,0.0,0.0,0.0,0.0,0.0,0.0,0,0,0
419,13114,Jed Walter,gold_coast,0.0600241050810682,0.0614735889230737,0.0667780873037078,0.0494476144377732,0.0536782106950911,0.058437631484574,0.0563223333559149,0.0576731298004428,0.010576490643295,0.0173304728659345,0.0014494838420054,0.05634,0.0,0.0,0.0,0.0,1.0,0.0,0.0,0.0,0.0,0.0,0.0,0.0,0.0,0.0,0,0,0
420,12806,Brad Close,geelong,0.0577141076134811,0.063284916464541,0.0564545068774323,0.0516943967935068,0.0541022811214965,0.0568111509904849,0.0556072088264901,0.0553552886792803,0.0060197108199743,0.0060197108199743,0.0055708088510599,0.05251,0.0,0.0,0.0,0.0,1.0,0.0,0.0,0.0,0.0,0.0,0.0,0.0,0.0,0.0,0,0,0
421,12414,Callum Ah Chee,adelaide,0.0519827298333649,0.0576967374099845,0.0609398434036903,0.0553681888777665,0.0540140052600058,0.0524905486900252,0.0531676404989054,0.0549590632129705,0.0033854590444016,0.0089571135703254,0.0057140075766195,0.05442,0.0,0.0,0.0,0.0,1.0,0.0,0.0,0.0,0.0,0.0,0.0,0.0,0.0,0.0,0,0,0
422,12428,Mason Cox,fremantle,0.0467462804325557,0.0560463199927199,0.0534299151335109,0.0627382407330805,0.0563414566128705,0.0491450744776344,0.0523434665377394,0.0536801934779304,0.0159919603005247,0.0159919603005247,0.0093000395601641,0.05311,0.0,0.0,0.0,0.0,1.0,0.0,0.0,0.0,0.0,0.0,0.0,0.0,0.0,0.0,0,0,0
423,13186,Jacob Konstanty,north_melbourne,0.0532592227630311,0.0728084443263977,0.0521054360460024,0.0545227725376166,0.0540173526277824,0.0534487552292189,0.053701465184136,0.0534707078407303,0.0012635497745855,0.0024173364916142,0.0195492215633666,0.05403,0.0,0.0,0.0,0.0,1.0,0.0,0.0,0.0,0.0,0.0,0.0,0.0,0.0,0.0,0,0,0
424,11847,Rhys Stanley,geelong,0.053461800043277,0.057120564168722,0.0383743990112982,0.0595133679430687,0.057092740783152,0.0543695352282456,0.055579848808204,0.0525623686018083,0.0060515678997917,0.0211389689317705,0.003658764125445,0.05164,0.0,0.0,0.0,0.0,1.0,0.0,0.0,0.0,0.0,0.0,0.0,0.0,0.0,0.0,0,0,0
425,13178,Sam Davidson,western_bulldogs,0.0506538869455948,0.0562151868295635,0.0563546150666412,0.0515408334500655,0.0511860548482772,0.0507869289212654,0.0509643182221596,0.0521044638463688,0.0008869465044706,0.0057007281210463,0.0055612998839687,0.0514,0.0,0.0,0.0,0.0,1.0,0.0,0.0,0.0,0.0,0.0,0.0,0.0,0.0,0.0,0,0,0
426,12991,Jacob Wehr,port_adelaide,0.0514709691598724,0.0574372335985044,0.0587836657608417,0.0489231817370607,0.0499422967061854,0.0510888010464506,0.0505792435618883,0.0520417828820822,0.0025477874228116,0.009860484023781,0.005966264438632,0.05236,0.0,0.0,0.0,0.0,1.0,0.0,0.0,0.0,0.0,0.0,0.0,0.0,0.0,0.0,0,0,0
427,12631,Jordan Ridley,essendon,0.0478052733097079,0.0547237541312677,0.049737549896748,0.0562497107014641,0.0528719357447616,0.0490719389184713,0.0507608263968226,0.0511472817142306,0.0084444373917561,0.0084444373917561,0.0069184808215598,0.05203,0.0,0.0,0.0,0.0,1.0,0.0,0.0,0.0,0.0,0.0,0.0,0.0,0.0,0.0,0,0,0
428,12870,Matt Flynn,west_coast,0.0509210367785602,0.057579628576688,0.0408483206164713,0.0560144879850274,0.0539771075024405,0.0516850544595303,0.0527037447008237,0.0506892014684059,0.0050934512064672,0.0151661673685561,0.0066585917981278,0.05118,0.0,0.0,0.0,0.0,1.0,0.0,0.0,0.0,0.0,0.0,0.0,0.0,0.0,0.0,0,0,0
429,12721,Liam Stocker,st_kilda,0.0494926206117363,0.0606672335942491,0.0500794118905416,0.0492645757326388,0.0493557936842939,0.0494584138798826,0.0494128049040654,0.0495301631598269,0.0002280448790975,0.0008148361579028,0.0111746129825128,0.04893,0.0,0.0,0.0,0.0,1.0,0.0,0.0,0.0,0.0,0.0,0.0,0.0,0.0,0.0,0,0,0
430,12473,Reilly OBrien,adelaide,0.0454106266831492,0.0571430075635231,0.0223315177697185,0.0646391852619945,0.0569477618304562,0.0482949104699761,0.052140622185745,0.0475248004030589,0.0192285585788453,0.042307667492276,0.0117323808803739,0.04708,0.0,0.0,0.0,0.0,1.0,0.0,0.0,0.0,0.0,0.0,0.0,0.0,0.0,0.0,0,0,0
431,12490,Dan Butler,st_kilda,0.0450597382445988,0.0620661118293897,0.0397928501255761,0.053900366875627,0.0503641154232167,0.0463858325392537,0.0481539582654595,0.047100580641655,0.0088406286310281,0.0141075167500509,0.0170063735847908,0.04689,0.0,0.0,0.0,0.0,1.0,0.0,0.0,0.0,0.0,0.0,0.0,0.0,0.0,0.0,0,0,0
432,13015,Jai Culley,melbourne,0.0494535931797993,0.0516842611294131,0.056793460895388,0.0381230365579099,0.0426552592066657,0.047754009686516,0.0454878983621381,0.0469558719052558,0.0113305566218894,0.0186704243374781,0.0022306679496137,0.04679,0.0,0.0,0.0,0.0,1.0,0.0,0.0,0.0,0.0,0.0,0.0,0.0,0.0,0.0,0,0,0
433,12723,Oskar Baker,western_bulldogs,0.0433589566717228,0.0448264484872006,0.0479188258567244,0.0507907425478297,0.047818028197387,0.0444737245531388,0.0459600817283602,0.0468720555653605,0.0074317858761069,0.0074317858761069,0.0014674918154778,0.04709,0.0,0.0,0.0,0.0,1.0,0.0,0.0,0.0,0.0,0.0,0.0,0.0,0.0,0.0,0,0,0
434,13259,Jack Whitlock,port_adelaide,0.045373333429162,0.0,0.04430252503423,0.0482535062105463,0.0471014370979926,0.0458053593463697,0.0463813939026465,0.0461672322236601,0.0028801727813843,0.0039509811763163,-0.045373333429162,0.04682,0.0,0.0,0.0,0.0,1.0,0.0,0.0,0.0,0.0,0.0,0.0,0.0,0.0,0.0,0,0,0
435,12511,Griffin Logue,north_melbourne,0.0470710934733014,0.0550753696200179,0.0478310771456564,0.0438050252034266,0.0451114525113787,0.0465811832328218,0.0459279695788471,0.0460799663133181,0.0032660682698748,0.0040260519422297,0.0080042761467164,0.0458,0.0,0.0,0.0,0.0,1.0,0.0,0.0,0.0,0.0,0.0,0.0,0.0,0.0,0.0,0,0,0
436,13238,Archie May,essendon,0.0504890809334855,0.0575910850799309,0.0446816954254167,0.0411988045988548,0.0449149151327071,0.0490955394832909,0.0472374842163648,0.046076007114751,0.0092902763346307,0.0092902763346307,0.0071020041464453,0.04603,0.0,0.0,0.0,0.0,1.0,0.0,0.0,0.0,0.0,0.0,0.0,0.0,0.0,0.0,0,0,0
437,13000,Rhett Bazzo,west_coast,0.0427627679478555,0.0518222714222638,0.0453116497607017,0.047654044001255,0.0456975335798952,0.0434964593558654,0.0444747145665453,0.0449844909291145,0.0048912760533995,0.0048912760533995,0.0090595034744083,0.0453,0.0,0.0,0.0,0.0,1.0,0.0,0.0,0.0,0.0,0.0,0.0,0.0,0.0,0.0,0,0,0
438,13120,Will Graham,gold_coast,0.0463757793470956,0.0518136176574042,0.0463672271762228,0.0418732277810476,0.0436742484074668,0.0457003966121884,0.0447998862989788,0.0447981758648043,0.0045025515660479,0.0045025515660479,0.0054378383103086,0.04557,0.0,0.0,0.0,0.0,1.0,0.0,0.0,0.0,0.0,0.0,0.0,0.0,0.0,0.0,0,0,0
439,12718,Noah Answerth,brisbane_lions,0.0416246047964412,0.0498679347925041,0.045817601808662,0.0447663754612684,0.0435096671953376,0.0420958703961653,0.0427242245291308,0.0435628239315749,0.0031417706648272,0.0041929970122207,0.0082433299960629,0.04558,0.0,0.0,0.0,0.0,1.0,0.0,0.0,0.0,0.0,0.0,0.0,0.0,0.0,0.0,0,0,0
440,12015,Harry Cunningham,sydney,0.0450433837414861,0.0535400080852975,0.0472700653711731,0.0377074143316645,0.0406418020955932,0.043942988330013,0.0424757944480487,0.042921130773986,0.0073359694098216,0.0095626510395086,0.0084966243438113,0.04402,0.0,0.0,0.0,0.0,1.0,0.0,0.0,0.0,0.0,0.0,0.0,0.0,0.0,0.0,0,0,0
441,12009,Tom McDonald,melbourne,0.0403617391659543,0.0406815887947453,0.049701103077763,0.0411140153755308,0.0408131048917002,0.0404745805973907,0.040625035839306,0.0424929086216678,0.0007522762095765,0.0093393639118086,0.000319849628791,0.04162,0.0,0.0,0.0,0.0,1.0,0.0,0.0,0.0,0.0,0.0,0.0,0.0,0.0,0.0,0,0,0
442,12697,Connor Rozee,port_adelaide,0.039709752518263,0.0428678042552294,0.0501543925781087,0.0408088843214929,0.0403692316002009,0.0398746222887475,0.0400944486493935,0.0421833766613626,0.0010991318032298,0.0104446400598456,0.0031580517369663,0.04247,0.0,0.0,0.0,0.0,1.0,0.0,0.0,0.0,0.0,0.0,0.0,0.0,0.0,0.0,0,0,0
443,12608,Nick Coffield,western_bulldogs,0.0438570040104526,0.0464832938073768,0.0446533172134724,0.0362994435998609,0.0393224677640976,0.0427233699488639,0.0412118578667455,0.0413711205073495,0.0075575604105917,0.0083538736136115,0.0026262897969242,0.04184,0.0,0.0,0.0,0.0,1.0,0.0,0.0,0.0,0.0,0.0,0.0,0.0,0.0,0.0,0,0,0
444,13287,Tom Blamires,north_melbourne,0.0403691038235656,0.0,0.0420804641756204,0.0360076400013756,0.0377522255302516,0.0397148842502371,0.0388425914857991,0.03918486355621,0.00436146382219,0.0060728241742448,-0.0403691038235656,0.039,0.0,0.0,0.0,0.0,0.0,0.0,0.0,0.0,0.0,0.0,0.0,0.0,0.0,0.0,0,0,0
445,12988,Sam Butler,hawthorn,0.0430699680063428,0.0447201923340156,0.0407239610558279,0.0332495497196346,0.0371777170343179,0.0415969052633366,0.039632821605995,0.039163620215892,0.0098204182867082,0.0098204182867082,0.0016502243276727,0.0394,0.0,0.0,0.0,0.0,0.0,0.0,0.0,0.0,0.0,0.0,0.0,0.0,0.0,0.0,0,0,0
446,13293,Josh Lindsay,west_coast,0.0380612552344596,0.0,0.044655875462998,0.0354621257310626,0.0365017775324214,0.0376713858089501,0.0371515599082706,0.0384704839539783,0.002599129503397,0.0091937497319354,-0.0380612552344596,0.0378,0.0,0.0,0.0,0.0,0.0,0.0,0.0,0.0,0.0,0.0,0.0,0.0,0.0,0.0,0,0,0
447,12921,Luke Pedlar,adelaide,0.0395382918011431,0.0442750538515334,0.0422027920070781,0.0343820256995385,0.0364445321401804,0.0387648518859025,0.0377335986655815,0.0382664987067685,0.0051562661016046,0.0078207663075395,0.0047367620503902,0.03692,0.0,0.0,0.0,0.0,0.0,0.0,0.0,0.0,0.0,0.0,0.0,0.0,0.0,0.0,0,0,0
448,13113,Mykelti Lefau,richmond,0.0386581727329584,0.0476898564892927,0.0401631134849146,0.0363743497508488,0.0372878789436927,0.038315599285642,0.0378588346892201,0.0381598228396113,0.0022838229821096,0.0037887637340657,0.0090316837563342,0.03793,0.0,0.0,0.0,0.0,0.0,0.0,0.0,0.0,0.0,0.0,0.0,0.0,0.0,0.0,0,0,0
449,12370,Jake Kolodjashnij,geelong,0.0378265760268622,0.0383850567402957,0.0429214174614331,0.0346352819167184,0.035911799560776,0.0373478819103408,0.036709623088312,0.0377285913752265,0.0031912941101437,0.0082861355447146,0.0005584807134335,0.03881,0.0,0.0,0.0,0.0,1.0,0.0,0.0,0.0,0.0,0.0,0.0,0.0,0.0,0.0,0,0,0
450,12946,Jackson Mead,port_adelaide,0.0382986898479927,0.0448677106362635,0.0441601037683689,0.0326239164843154,0.0348938258297864,0.0374474738434412,0.0363125191707057,0.0374848019547809,0.0056747733636772,0.0115361872840534,0.0065690207882707,0.03641,0.0,0.0,0.0,0.0,0.0,0.0,0.0,0.0,0.0,0.0,0.0,0.0,0.0,0.0,0,0,0
451,13068,Harvey Harrison,collingwood,0.0369467079810957,0.0519453446895301,0.0328607963781462,0.0388778592834347,0.038105398762499,0.0372363806764465,0.0376226109369143,0.0368054286163244,0.0019311513023389,0.0060170629052884,0.0149986367084344,0.03592,0.0,0.0,0.0,0.0,0.0,0.0,0.0,0.0,0.0,0.0,0.0,0.0,0.0,0.0,0,0,0
452,12054,Adam Treloar,western_bulldogs,0.0363479151346426,0.0338602394290309,0.0384458546964533,0.0297654696486122,0.0323984478430244,0.0353605483117381,0.034044059214532,0.0344636471268941,0.0065824454860303,0.008680385047841,-0.0024876757056116,0.03386,0.0,0.0,0.0,0.0,0.0,0.0,0.0,0.0,0.0,0.0,0.0,0.0,0.0,0.0,0,0,0
453,12846,Jack Buckley,greater_western_sydney,0.0349566140443771,0.0372752371292623,0.0337030485190801,0.0342207048760178,0.0345150685433615,0.0348462276691232,0.0346990458354513,0.0344483327303919,0.0007359091683592,0.0012535655252969,0.0023186230848851,0.03429,0.0,0.0,0.0,0.0,0.0,0.0,0.0,0.0,0.0,0.0,0.0,0.0,0.0,0.0,0,0,0
454,13108,Toby Pink,north_melbourne,0.0328950461527197,0.0401903851729773,0.0361317517198558,0.0350068721118633,0.0341621417282058,0.0332118200465912,0.0336341852384199,0.0342815263518472,0.0021118259591435,0.0032367055671361,0.0072953390202576,0.0337,0.0,0.0,0.0,0.0,0.0,0.0,0.0,0.0,0.0,0.0,0.0,0.0,0.0,0.0,0,0,0
455,12883,Rhyan Mansell,richmond,0.0364013833667534,0.036770354310183,0.0404693461197359,0.0273093157381867,0.0309461427896134,0.0350375732224684,0.0332191596967551,0.0340327522473516,0.0090920676285666,0.0131600303815491,0.0003689709434296,0.03288,0.0,0.0,0.0,0.0,0.0,0.0,0.0,0.0,0.0,0.0,0.0,0.0,0.0,0.0,0,0,0
456,12886,Conor Stone,greater_western_sydney,0.0313746072257381,0.0369498140457247,0.0354588744688558,0.0358618743539021,0.0340669675026365,0.0320476972949627,0.0329451507205955,0.033762004169219,0.004487267128164,0.004487267128164,0.0055752068199866,0.03369,0.0,0.0,0.0,0.0,0.0,0.0,0.0,0.0,0.0,0.0,0.0,0.0,0.0,0.0,0,0,0
457,12854,Lachlan McNeil,western_bulldogs,0.0337704849874523,0.0382761050454918,0.0329726489785923,0.0313415118849248,0.0323131011259358,0.0334061390220732,0.0329203444015677,0.0327607771997957,0.0024289731025274,0.0024289731025274,0.0045056200580395,0.03235,0.0,0.0,0.0,0.0,0.0,0.0,0.0,0.0,0.0,0.0,0.0,0.0,0.0,0.0,0,0,0
458,12879,Archie Perkins,essendon,0.0312395299786139,0.0365143496062861,0.0306533515274238,0.0266239587988121,0.0284701872707328,0.0305471943016437,0.0296240800656833,0.0295068443754453,0.0046155711798018,0.0046155711798018,0.0052748196276721,0.03059,0.0,0.0,0.0,0.0,0.0,0.0,0.0,0.0,0.0,0.0,0.0,0.0,0.0,0.0,0,0,0
459,13179,Josh Dolan,western_bulldogs,0.0290289482932514,0.033132881879446,0.027758841197571,0.0295846140388826,0.0293623477406301,0.0291122981550961,0.0292234313042223,0.0289694098850863,0.0005556657456311,0.0018257728413115,0.0041039335861946,0.02848,0.0,0.0,0.0,0.0,0.0,0.0,0.0,0.0,0.0,0.0,0.0,0.0,0.0,0.0,0,0,0
460,13135,Calsher Dear,hawthorn,0.0322011898725592,0.0384623113289274,0.0321784107908846,0.0225688360287172,0.026421777566254,0.0307563367959829,0.0288298660272145,0.0288253102108796,0.0096323538438419,0.0096323538438419,0.0062611214563681,0.0295,0.0,0.0,0.0,0.0,0.0,0.0,0.0,0.0,0.0,0.0,0.0,0.0,0.0,0.0,0,0,0
461,13237,Lachlan Blakiston,essendon,0.0261432284840378,0.0315643941717927,0.0262970579886921,0.0302950832632304,0.0286343413515533,0.0267660067009167,0.0275963776567552,0.0276271435576861,0.0041518547791926,0.0041518547791926,0.0054211656877549,0.02766,0.0,0.0,0.0,0.0,0.0,0.0,0.0,0.0,0.0,0.0,0.0,0.0,0.0,0.0,0,0,0
462,11937,Jamie Cripps,west_coast,0.0262196020954932,0.0286337271635704,0.0374658438420362,0.0215825704529457,0.0234373831099647,0.0255240473491111,0.0245966410206016,0.0268458893699102,0.0046370316425474,0.0158832733890904,0.0024141250680772,0.02692,0.0,0.0,0.0,0.0,0.0,0.0,0.0,0.0,0.0,0.0,0.0,0.0,0.0,0.0,0,0,0
463,12575,Todd Marshall,port_adelaide,0.0251050908245155,0.0301942078784611,0.0257106690631285,0.0271315851526618,0.0263209874214033,0.0254090649737375,0.0258143638393667,0.0259354794870893,0.0020264943281463,0.0020264943281463,0.0050891170539456,0.02588,0.0,0.0,0.0,0.0,0.0,0.0,0.0,0.0,0.0,0.0,0.0,0.0,0.0,0.0,0,0,0
464,13005,James Tunstill,brisbane_lions,0.0266024602218103,0.0321774384963557,0.0286021496080925,0.0234742438657667,0.0247255304081841,0.0261332277684037,0.025507584497195,0.0259075223744515,0.0031282163560435,0.0051279057423257,0.0055749782745454,0.02634,0.0,0.0,0.0,0.0,0.0,0.0,0.0,0.0,0.0,0.0,0.0,0.0,0.0,0.0,0,0,0
465,13306,Angus Anderson,collingwood,0.0249866043312689,0.0,0.0306693809536857,0.0241068574093304,0.0244587561781059,0.0248546422929781,0.0246786929085905,0.0258152482330738,0.0008797469219384,0.0065625235443552,-0.0249866043312689,0.02569,0.0,0.0,0.0,0.0,0.0,0.0,0.0,0.0,0.0,0.0,0.0,0.0,0.0,0.0,0,0,0
466,13069,Bailey Macdonald,hawthorn,0.0263417588744895,0.0304562606761046,0.0316721956571845,0.0204322991164665,0.0227960830196757,0.025455339910786,0.0242734479591814,0.0253395353157204,0.005909459758023,0.011239896540718,0.0041145018016151,0.02544,0.0,0.0,0.0,0.0,0.0,0.0,0.0,0.0,0.0,0.0,0.0,0.0,0.0,0.0,0,0,0
467,12359,Joel Hamling,sydney,0.0249995337339067,0.0294931138923273,0.025569410233437,0.0252177027751384,0.0251304351586457,0.0250322590900915,0.0250758928983378,0.0251898681982439,0.0002181690412316,0.0005698764995302,0.0044935801584206,0.02611,0.0,0.0,0.0,0.0,0.0,0.0,0.0,0.0,0.0,0.0,0.0,0.0,0.0,0.0,0,0,0
468,13185,Xavier Lindsay,melbourne,0.0242446404757208,0.0262082829251466,0.0340026718805323,0.0210457100347206,0.0223252822111207,0.0237648009095708,0.0231250148213708,0.025076621102333,0.0031989304410001,0.0129569618458116,0.0019636424494257,0.02361,0.0,0.0,0.0,0.0,0.0,0.0,0.0,0.0,0.0,0.0,0.0,0.0,0.0,0.0,0,0,0
469,13283,Dyson Sharp,essendon,0.0254947162465392,0.0,0.0227847288616417,0.0219673469718678,0.0233782946817363,0.0249656108553385,0.0242601370004042,0.0237181395234247,0.0035273692746713,0.0035273692746713,-0.0254947162465392,0.02365,0.0,0.0,0.0,0.0,0.0,0.0,0.0,0.0,0.0,0.0,0.0,0.0,0.0,0.0,0,0,0
470,12420,Dougal Howard,st_kilda,0.0227901106853224,0.025017909572415,0.0232599346388464,0.0220240730068916,0.0223304880782639,0.0226752050335578,0.0225219974978717,0.0226159622885764,0.0007660376784308,0.0012358616319548,0.0022277988870925,0.0223,0.0,0.0,0.0,0.0,0.0,0.0,0.0,0.0,0.0,0.0,0.0,0.0,0.0,0.0,0,0,0
471,13223,Archer Day-Wicks,essendon,0.0222506766979046,0.0286069856623226,0.0251295604834654,0.0202375279893588,0.0210427874727771,0.0219487043916227,0.0215460746499136,0.0221218514070258,0.0020131487085458,0.0048920324941066,0.0063563089644179,0.023,0.0,0.0,0.0,0.0,0.0,0.0,0.0,0.0,0.0,0.0,0.0,0.0,0.0,0.0,0,0,0
472,12181,Aidan Corr,north_melbourne,0.0209850350110282,0.026484315726582,0.0250858039342992,0.0215921324684446,0.0213492934854813,0.0210760996296429,0.0211975191211266,0.0220176729057809,0.0006070974574163,0.0041007689232709,0.0054992807155537,0.02241,0.0,0.0,0.0,0.0,0.0,0.0,0.0,0.0,0.0,0.0,0.0,0.0,0.0,0.0,0,0,0
473,13301,Josh Lai,port_adelaide,0.0201649511984082,0.0,0.0192714493980625,0.0236660049125434,0.0222655834268893,0.0206901092555285,0.0213903199983555,0.0212116196382864,0.0035010537141352,0.0043945555144809,-0.0201649511984082,0.02222,0.0,0.0,0.0,0.0,0.0,0.0,0.0,0.0,0.0,0.0,0.0,0.0,0.0,0.0,0,0,0
474,12541,Will Brodie,port_adelaide,0.0188248086199308,0.0190409607869176,0.024357923131594,0.0210684593601864,0.0201709990640842,0.0191613562309691,0.0196100863790203,0.0207167092813529,0.0022436507402556,0.0055331145116632,0.0002161521669868,0.02027,0.0,0.0,0.0,0.0,0.0,0.0,0.0,0.0,0.0,0.0,0.0,0.0,0.0,0.0,0,0,0
475,12526,Lewis Melican,sydney,0.021091871619364,0.0239707333770179,0.0209112679314064,0.0186929343738,0.0196525092720256,0.0207320310325294,0.0202522435834166,0.0202161228458251,0.0023989372455639,0.0023989372455639,0.0028788617576539,0.01896,0.0,0.0,0.0,0.0,0.0,0.0,0.0,0.0,0.0,0.0,0.0,0.0,0.0,0.0,0,0,0
476,12547,Sean Darcy,fremantle,0.0188668256570259,0.0229537220612672,0.0183472260273405,0.0220299061116841,0.0207646739298209,0.0193412877252247,0.0199739038161563,0.0198699838902192,0.0031630804546582,0.0036826800843436,0.0040868964042412,0.01981,0.0,0.0,0.0,0.0,0.0,0.0,0.0,0.0,0.0,0.0,0.0,0.0,0.0,0.0,0,0,0
477,13214,Jonty Faull,richmond,0.017585632859099,0.0218562088329184,0.0200633756349943,0.0223304812344543,0.0204325418843122,0.0182973601154023,0.0192463297904734,0.0197418783456524,0.0047448483753552,0.0047448483753552,0.0042705759738193,0.01944,0.0,0.0,0.0,0.0,0.0,0.0,0.0,0.0,0.0,0.0,0.0,0.0,0.0,0.0,0,0,0
478,12729,Peter Ladhams,sydney,0.0226077619649057,0.0219011365973926,0.013707932401294,0.018238565895272,0.0199862443231258,0.0219523825544611,0.0210785433405343,0.0192985774278118,0.0043691960696336,0.0088998295636117,-0.000706625367513,0.01975,0.0,0.0,0.0,0.0,0.0,0.0,0.0,0.0,0.0,0.0,0.0,0.0,0.0,0.0,0,0,0
479,13173,Tom Hanily,sydney,0.0172474042347494,0.0207422133444661,0.017674807909239,0.0154601907159222,0.0161750761234531,0.0169793222069254,0.0166218795031599,0.0167073602380578,0.0017872135188271,0.0022146171933168,0.0034948091097167,0.01678,0.0,0.0,0.0,0.0,0.0,0.0,0.0,0.0,0.0,0.0,0.0,0.0,0.0,0.0,0,0,0
480,12307,Nick Holman,gold_coast,0.0151446107962904,0.0182503472747286,0.0165773056684445,0.0159229502857296,0.0156116144899539,0.0152613617197063,0.0154170296175941,0.0157035685920249,0.0007783394894392,0.0014326948721541,0.0031057364784382,0.0165,0.0,0.0,0.0,0.0,0.0,0.0,0.0,0.0,0.0,0.0,0.0,0.0,0.0,0.0,0,0,0
481,13165,Hugh Bond,adelaide,0.0140675195843527,0.0165758533755621,0.0159276101407207,0.0146975176849836,0.0144455184447313,0.0141620192994474,0.0142880189195735,0.0146600370308471,0.0006299981006308,0.0018600905563679,0.0025083337912093,0.01456,0.0,0.0,0.0,0.0,0.0,0.0,0.0,0.0,0.0,0.0,0.0,0.0,0.0,0.0,0,0,0
482,12668,Brandon Starcevich,west_coast,0.0146212471925937,0.0171043261354587,0.0151315949037129,0.0143837806678998,0.0144787672777774,0.0145856272138896,0.0145381339089508,0.0146402034511747,0.0002374665246938,0.0007478142358131,0.002483078942865,0.01477,0.0,0.0,0.0,0.0,0.0,0.0,0.0,0.0,0.0,0.0,0.0,0.0,0.0,0.0,0,0,0
483,13328,Hugo Hall-Kahan,adelaide,0.0137465693856344,0.0,0.0123198028801139,0.0151463314139819,0.0145864266026431,0.0139565336898863,0.014236486095556,0.0139511327944519,0.0013997620283475,0.002826528533868,-0.0137465693856344,0.01489,0.0,0.0,0.0,0.0,0.0,0.0,0.0,0.0,0.0,0.0,0.0,0.0,0.0,0.0,0,0,0
484,13191,Luke Trainor,richmond,0.0143431637087408,0.015899937424352,0.016647260507202,0.0107471765471822,0.0121855714118057,0.0138037656345071,0.0130845682021953,0.0135453875618876,0.0035959871615586,0.0059000839600197,0.0015567737156111,0.01378,0.0,0.0,0.0,0.0,0.0,0.0,0.0,0.0,0.0,0.0,0.0,0.0,0.0,0.0,0,0,0
485,12591,Hunter Clark,st_kilda,0.0128962365294249,0.0144493579686089,0.0152095042967432,0.0133496071203917,0.0131682588840079,0.0129642421180721,0.0130549162362658,0.0135175697897296,0.0004533705909667,0.0023132677673183,0.0015531214391839,0.0143,0.0,0.0,0.0,0.0,0.0,0.0,0.0,0.0,0.0,0.0,0.0,0.0,0.0,0.0,0,0,0
486,12415,Jade Gresham,essendon,0.0131863511053484,0.0139235034108475,0.0157935357183073,0.0120491041549366,0.0125040029351013,0.0130157640627866,0.0127883146727043,0.013309751595296,0.0011372469504118,0.0037444315633707,0.000737152305499,0.01226,0.0,0.0,0.0,0.0,0.0,0.0,0.0,0.0,0.0,0.0,0.0,0.0,0.0,0.0,0,0,0
487,12625,Charlie Ballard,gold_coast,0.0127458971195957,0.0152546833691007,0.0141087279041944,0.013168186661045,0.0129992708444652,0.0128092405508131,0.0128936984591029,0.0131662646160226,0.0004222895414493,0.0013628307845987,0.002508786249505,0.01351,0.0,0.0,0.0,0.0,0.0,0.0,0.0,0.0,0.0,0.0,0.0,0.0,0.0,0.0,0,0,0
488,13073,Dante Visentini,port_adelaide,0.0128711363252697,0.0160659213069513,0.0124940464895503,0.0136741527277451,0.013352946166755,0.012991588785641,0.0131521920661361,0.0130767740989922,0.0008030164024753,0.0011801062381948,0.0031947849816815,0.01256,0.0,0.0,0.0,0.0,0.0,0.0,0.0,0.0,0.0,0.0,0.0,0.0,0.0,0.0,0,0,0
489,13251,Oscar Adams,gold_coast,0.011871657224135,0.0146867067723099,0.0116418311499585,0.0148437103780458,0.0136548891164815,0.0123174651972216,0.0129118758280038,0.0128659106131685,0.0029720531539107,0.0032018792280872,0.0028150495481749,0.01291,0.0,0.0,0.0,0.0,0.0,0.0,0.0,0.0,0.0,0.0,0.0,0.0,0.0,0.0,0,0,0
490,13229,Angus Clarke,essendon,0.0116921568768494,0.0149569762685778,0.0140403433248622,0.0132335678875638,0.0126170034832781,0.0119233685284566,0.0122316507305995,0.012701288020202,0.0015414110107144,0.0023481864480128,0.0032648193917283,0.01314,0.0,0.0,0.0,0.0,0.0,0.0,0.0,0.0,0.0,0.0,0.0,0.0,0.0,0.0,0,0,0
491,12730,Callum Coleman-Jones,north_melbourne,0.011987923383598,0.0164459331605382,0.0146868948993221,0.0107376864425774,0.0112377812189857,0.011800387842445,0.0115503404542408,0.0120901347573856,0.0012502369410206,0.0039492084567446,0.0044580097769401,0.01202,0.0,0.0,0.0,0.0,0.0,0.0,0.0,0.0,0.0,0.0,0.0,0.0,0.0,0.0,0,0,0
492,13236,Nick Madden,greater_western_sydney,0.0134317871292758,0.0,0.0130728709575168,0.0097598413641411,0.011228619670195,0.0128809952645056,0.0121466061114787,0.0120748228771269,0.0036719457651346,0.0036719457651346,-0.0134317871292758,0.01176,0.0,0.0,0.0,0.0,0.0,0.0,0.0,0.0,0.0,0.0,0.0,0.0,0.0,0.0,0,0,0
493,13243,Alix Tauru,st_kilda,0.0127132756191995,0.015307084945255,0.0138986914592364,0.0099199040582803,0.011037252682648,0.0122942698850616,0.0117355955728778,0.0119726787408852,0.0027933715609191,0.003978787400956,0.0025938093260555,0.01166,0.0,0.0,0.0,0.0,0.0,0.0,0.0,0.0,0.0,0.0,0.0,0.0,0.0,0.0,0,0,0
494,12923,Jamarra Ugle-Hagan,gold_coast,0.0114380693114369,0.0131311720716185,0.0142910601427067,0.0111781194564565,0.0112820993984487,0.0113990768331898,0.0113470868621938,0.0119176850284477,0.0002599498549803,0.0031129406862501,0.0016931027601815,0.01275,0.0,0.0,0.0,0.0,0.0,0.0,0.0,0.0,0.0,0.0,0.0,0.0,0.0,0.0,0,0,0
495,13088,Toby McMullin,greater_western_sydney,0.011364542812481,0.0147986026934918,0.0136317805360089,0.0109321557320919,0.0111051105642476,0.0112996847504226,0.0112132073343448,0.0116666548790504,0.000432387080389,0.0026996248039169,0.0034340598810108,0.01128,0.0,0.0,0.0,0.0,0.0,0.0,0.0,0.0,0.0,0.0,0.0,0.0,0.0,0.0,0,0,0
496,13126,Jake Rogers,gold_coast,0.0108765078358987,0.012951197044434,0.0115379727224042,0.0108722740916516,0.0108739675893504,0.0108758727742617,0.0108750260254122,0.0110073190027133,4.233744247171892e-06,0.0006656986307525,0.0020746892085352,0.01012,0.0,0.0,0.0,0.0,0.0,0.0,0.0,0.0,0.0,0.0,0.0,0.0,0.0,0.0,0,0,0
497,13039,Campbell Chesser,carlton,0.0108008447118975,0.010539678310001,0.0138658754886337,0.0090884384448774,0.0097734009516854,0.0105439837718445,0.0102015025184405,0.0108145086737877,0.0017124062670201,0.0047774370437563,-0.0002611664018964,0.01055,0.0,0.0,0.0,0.0,0.0,0.0,0.0,0.0,0.0,0.0,0.0,0.0,0.0,0.0,0,0,0
498,12691,Chayce Jones,adelaide,0.0102779192321796,0.0127523011069686,0.0080352238304948,0.0121587447712085,0.011406414555597,0.010560043063034,0.0109362081708397,0.0104876690905028,0.0018808255390288,0.0041235209407137,0.0024743818747889,0.01071,0.0,0.0,0.0,0.0,0.0,0.0,0.0,0.0,0.0,0.0,0.0,0.0,0.0,0.0,0,0,0
499,13071,Jack Buller,collingwood,0.0102945064474839,0.0115777108731635,0.0109740326286321,0.0099496482393888,0.0100875915226269,0.0102427777162696,0.0101738060746506,0.0103097113108803,0.0003448582080951,0.0010243843892433,0.0012832044256795,0.01063,0.0,0.0,0.0,0.0,0.0,0.0,0.0,0.0,0.0,0.0,0.0,0.0,0.0,0.0,0,0,0
500,12965,Jordan Boyd,carlton,0.010234454907142,0.0143491948015472,0.0086131815984025,0.0109688829268414,0.0106751117189616,0.0103446191100969,0.0104915047140368,0.0101672500522889,0.0007344280196994,0.0023557013284389,0.0041147398944051,0.01002,0.0,0.0,0.0,0.0,0.0,0.0,0.0,0.0,0.0,0.0,0.0,0.0,0.0,0.0,0,0,0
501,12841,Flynn Perez,hawthorn,0.0084884706436513,0.0097524001221269,0.0098884462537569,0.0104161621611237,0.0096450855541347,0.0087776243712722,0.0091631626747666,0.0094431577967878,0.0019276915174723,0.0019276915174723,0.0012639294784756,0.01004,0.0,0.0,0.0,0.0,0.0,0.0,0.0,0.0,0.0,0.0,0.0,0.0,0.0,0.0,0,0,0
502,13025,Josh Goater,north_melbourne,0.0091058618810897,0.0108335652789211,0.0093064048516164,0.0098799777915375,0.0095703314273589,0.0092219792676572,0.0093768024497468,0.0094169110438522,0.0007741159104477,0.0007741159104477,0.0017277033978314,0.0089,0.0,0.0,0.0,0.0,0.0,0.0,0.0,0.0,0.0,0.0,0.0,0.0,0.0,0.0,0,0,0
503,13284,Will Lewis,western_bulldogs,0.0085628288414397,0.0,0.0083991012735835,0.0109847917256055,0.0100160065719392,0.0089261232740646,0.0094105158508977,0.0093777703373265,0.0024219628841657,0.0025856904520219,-0.0085628288414397,0.00969,0.0,0.0,0.0,0.0,0.0,0.0,0.0,0.0,0.0,0.0,0.0,0.0,0.0,0.0,0,0,0
504,13196,Archer Reid,west_coast,0.0093966631184367,0.0116319346224182,0.0111515323837469,0.0069534946408652,0.0079307620318938,0.009030187846801,0.0085415541512867,0.0088925280043487,0.0024431684775715,0.0041980377428817,0.0022352715039815,0.00886,0.0,0.0,0.0,0.0,0.0,0.0,0.0,0.0,0.0,0.0,0.0,0.0,0.0,0.0,0,0,0
505,12820,Jeremy Sharp,fremantle,0.007968223403352,0.0087778741347019,0.0087119016449397,0.0094074398113695,0.0088317532481625,0.0081841058645547,0.0084719491461581,0.0086206847944757,0.0014392164080174,0.0014392164080174,0.0008096507313498,0.00895,0.0,0.0,0.0,0.0,0.0,0.0,0.0,0.0,0.0,0.0,0.0,0.0,0.0,0.0,0,0,0
506,12813,Harry Schoenberg,west_coast,0.0087361039907833,0.0100332683044771,0.010556537004284,0.0073008319375642,0.0078749407588518,0.0085208131828004,0.0082337587721566,0.0085978453748567,0.001435272053219,0.0032557050667197,0.0012971643136938,0.00926,0.0,0.0,0.0,0.0,0.0,0.0,0.0,0.0,0.0,0.0,0.0,0.0,0.0,0.0,0,0,0
507,13203,Saad El-Hawli,essendon,0.0078525376829028,0.0095784510834714,0.0081101922265445,0.0064635971471682,0.0070191733614621,0.0076441966025426,0.0073664084953957,0.0074179394041241,0.0013889405357345,0.0016465950793762,0.0017259134005685,0.00735,0.0,0.0,0.0,0.0,0.0,0.0,0.0,0.0,0.0,0.0,0.0,0.0,0.0,0.0,0,0,0
508,13269,Ewan Mackinlay,port_adelaide,0.0070382258441782,0.0,0.0085737151276659,0.0069388156779922,0.0069785797444666,0.0070233143192503,0.0070034322860131,0.0073105301427106,9.941016618596892e-05,0.0016348994496736,-0.0070382258441782,0.00787,0.0,0.0,0.0,0.0,0.0,0.0,0.0,0.0,0.0,0.0,0.0,0.0,0.0,0.0,0,0,0
509,13130,Riley Hardeman,north_melbourne,0.0069969596345878,0.0085842623720273,0.0074513856973929,0.0074907758505295,0.0072932493641528,0.0070710320669791,0.0071697953101674,0.0072606805227284,0.0004938162159417,0.0004938162159417,0.0015873027374395,0.00754,0.0,0.0,0.0,0.0,0.0,0.0,0.0,0.0,0.0,0.0,0.0,0.0,0.0,0.0,0,0,0
510,12654,Darragh Joyce,brisbane_lions,0.00623171183794,0.0069690243982517,0.006806647002152,0.0063040608858897,0.0062751212667098,0.0062425641951324,0.0062570340047224,0.0063720210375648,7.234904794972599e-05,0.000574935164212,0.0007373125603117,0.00619,0.0,0.0,0.0,0.0,0.0,0.0,0.0,0.0,0.0,0.0,0.0,0.0,0.0,0.0,0,0,0
511,12839,Matthew Owies,west_coast,0.0069358250302978,0.0086830121947447,0.00786645116549,0.0047880404687464,0.005647154293367,0.0066136573460651,0.0061841004337548,0.0063702256607933,0.0021477845615514,0.0030784106967436,0.0017471871644468,0.0073,0.0,0.0,0.0,0.0,0.0,0.0,0.0,0.0,0.0,0.0,0.0,0.0,0.0,0.0,0,0,0
512,13253,Taj Hotton,richmond,0.0061955816776891,0.0068420725215972,0.0076391025331323,0.005640146704756,0.0058623206939293,0.0061122664317492,0.0060011794371625,0.0062898836082512,0.000555434972933,0.0019989558283763,0.000646490843908,0.00641,0.0,0.0,0.0,0.0,0.0,0.0,0.0,0.0,0.0,0.0,0.0,0.0,0.0,0.0,0,0,0
513,13020,Leek Aleer,greater_western_sydney,0.0058659350350727,0.0070816641777993,0.0060246900993541,0.0064253409980934,0.0062015786128851,0.0059498459295258,0.00606172712213,0.0060934781349862,0.0005594059630206,0.0005594059630206,0.0012157291427265,0.00556,0.0,0.0,0.0,0.0,0.0,0.0,0.0,0.0,0.0,0.0,0.0,0.0,0.0,0.0,0,0,0
514,13194,Liam OConnell,st_kilda,0.0056858091603344,0.0070614372101199,0.0068190890655321,0.005743509284419,0.0057204292347867,0.0056944641789482,0.0057060042037653,0.005932660184805,5.7700124084592366e-05,0.0011332799051977,0.0013756280497855,0.0053,0.0,0.0,0.0,0.0,0.0,0.0,0.0,0.0,0.0,0.0,0.0,0.0,0.0,0.0,0,0,0
515,13231,Zak Johnson,essendon,0.0058984573705181,0.0067030650142681,0.0057865209387899,0.0055415643060771,0.0056843215318535,0.0058449234108519,0.0057735447979637,0.0057511575116181,0.000356893064441,0.000356893064441,0.00080460764375,0.00549,0.0,0.0,0.0,0.0,0.0,0.0,0.0,0.0,0.0,0.0,0.0,0.0,0.0,0.0,0,0,0
516,13044,Elijah Hewett,west_coast,0.0058967232619665,0.0072847887704079,0.0052205579908852,0.0057252603617194,0.0057938455218182,0.0058710038269294,0.00583671124688,0.0057014781926637,0.0001714629002471,0.0006761652710813,0.0013880655084414,0.00552,0.0,0.0,0.0,0.0,0.0,0.0,0.0,0.0,0.0,0.0,0.0,0.0,0.0,0.0,0,0,0
517,13318,Will Edwards,sydney,0.0059016748859852,0.0,0.0062733597424773,0.0050152794954226,0.0053698376516477,0.0057687155774008,0.0055914364992883,0.0056657734705867,0.0008863953905625,0.0012580802470546,-0.0059016748859852,0.00575,0.0,0.0,0.0,0.0,0.0,0.0,0.0,0.0,0.0,0.0,0.0,0.0,0.0,0.0,0,0,0
518,13286,Latrelle Pickett,melbourne,0.0057778643983709,0.0,0.0066515058989308,0.0046727126798271,0.0051147733672446,0.0056120916405893,0.0053910612968806,0.0055657895969926,0.0011051517185438,0.0019787932191037,-0.0057778643983709,0.00532,0.0,0.0,0.0,0.0,0.0,0.0,0.0,0.0,0.0,0.0,0.0,0.0,0.0,0.0,0,0,0
519,13053,Corey Warner,sydney,0.0055337426066,0.006616824291623,0.0063426947922118,0.004822578230215,0.005107043980769,0.0054270679501423,0.0052848350748653,0.0054466255119876,0.0007111643763849,0.0015201165619967,0.001083081685023,0.00491,0.0,0.0,0.0,0.0,0.0,0.0,0.0,0.0,0.0,0.0,0.0,0.0,0.0,0.0,0,0,0
520,13206,Tobie Travaglia,st_kilda,0.0048901900698636,0.006372622374602,0.0056909009002558,0.0060099382235396,0.0055620389620729,0.0050581522929173,0.0052821019236531,0.0054422440897317,0.0011197481536759,0.0011197481536759,0.0014824323047384,0.00575,0.0,0.0,0.0,0.0,0.0,0.0,0.0,0.0,0.0,0.0,0.0,0.0,0.0,0.0,0,0,0
521,13265,Jordan Croft,western_bulldogs,0.0049211012906444,0.0,0.0055172264319583,0.0047391902033301,0.0048119546382558,0.0048938146275472,0.0048574324100844,0.0049766574383472,0.0001819110873142,0.0007780362286282,-0.0049211012906444,0.00505,0.0,0.0,0.0,0.0,0.0,0.0,0.0,0.0,0.0,0.0,0.0,0.0,0.0,0.0,0,0,0
522,12852,Nik Cox,essendon,0.0046427823885675,0.0061912440667952,0.004485596910886,0.004633795694896,0.0046373903723646,0.0046414343845168,0.0046396370457825,0.0046081999502462,8.986693671478654e-06,0.0001571854776815,0.0015484616782276,0.00422,0.0,0.0,0.0,0.0,0.0,0.0,0.0,0.0,0.0,0.0,0.0,0.0,0.0,0.0,0,0,0
523,13151,Jack Hutchinson,west_coast,0.0038286832296203,0.0049509763033362,0.0056543189989913,0.0049758566415959,0.0045169872768057,0.0040007592414166,0.0042301939238118,0.004595321077686,0.0011471734119756,0.001825635769371,0.0011222930737159,0.0045,0.0,0.0,0.0,0.0,0.0,0.0,0.0,0.0,0.0,0.0,0.0,0.0,0.0,0.0,0,0,0
524,13290,Sam Grlj,richmond,0.0044753755025442,0.0,0.0059889476965463,0.0038142018649328,0.0040786713199773,0.0043761994569025,0.0042439647293802,0.0045466791681806,0.0006611736376114,0.0021747458316135,-0.0044753755025442,0.00466,0.0,0.0,0.0,0.0,0.0,0.0,0.0,0.0,0.0,0.0,0.0,0.0,0.0,0.0,0,0,0
525,13245,Flynn Young,carlton,0.0038908813674101,0.0042235671170483,0.0045676386827774,0.0040415826094786,0.0039813021126512,0.0039134865537203,0.0039436268021341,0.0040789782652075,0.0001507012420685,0.0006767573153673,0.0003326857496382,0.00401,0.0,0.0,0.0,0.0,0.0,0.0,0.0,0.0,0.0,0.0,0.0,0.0,0.0,0.0,0,0,0
526,13091,Henry Hustwaite,hawthorn,0.0039798197691947,0.0047490521311609,0.0040480224488694,0.0039955584458269,0.003989262975174,0.0039821805706895,0.0039853283060159,0.0039989688419509,1.5738676632210714e-05,6.820267967467663e-05,0.0007692323619662,0.00382,0.0,0.0,0.0,0.0,0.0,0.0,0.0,0.0,0.0,0.0,0.0,0.0,0.0,0.0,0,0,0
527,13142,Shadeau Brain,brisbane_lions,0.0039423535387251,0.004363221004022,0.0042265904604603,0.0036589066254815,0.0037722853907789,0.0038998365017386,0.0038431471190899,0.0038999945034369,0.0002834469132436,0.0005676838349788,0.0004208674652968,0.00415,0.0,0.0,0.0,0.0,0.0,0.0,0.0,0.0,0.0,0.0,0.0,0.0,0.0,0.0,0,0,0
528,13291,Cooper Duff-Tytler,west_coast,0.0038960603929384,0.0,0.0034903571440607,0.0038211691270591,0.0038511256334108,0.0038848267030565,0.0038698484498807,0.0037887078001051,7.489126587933602e-05,0.0004057032488777,-0.0038960603929384,0.00357,0.0,0.0,0.0,0.0,0.0,0.0,0.0,0.0,0.0,0.0,0.0,0.0,0.0,0.0,0,0,0
529,13316,Sam Cumming,richmond,0.0035371622809602,0.0,0.0047481229985831,0.0034907198322233,0.003509296811718,0.0035301959136497,0.0035209074239023,0.0037630995674269,4.6442448736936336e-05,0.0012574031663598,-0.0035371622809602,0.00351,0.0,0.0,0.0,0.0,0.0,0.0,0.0,0.0,0.0,0.0,0.0,0.0,0.0,0.0,0,0,0
530,13116,Angus Hastie,st_kilda,0.0032896528581821,0.0043763301402286,0.0037640167740553,0.003398381107971,0.0033548898080555,0.0033059620956505,0.0033277077456083,0.0034225805287829,0.0001087282497888,0.0004743639158731,0.0010866772820464,0.00324,0.0,0.0,0.0,0.0,0.0,0.0,0.0,0.0,0.0,0.0,0.0,0.0,0.0,0.0,0,0,0
531,12330,Adam Saad,carlton,0.003305056648652,0.0034051742086754,0.0034290927511105,0.003396309183016,0.0033598081692704,0.0033187445288066,0.0033369950356794,0.0033618022561711,9.12525343640582e-05,0.0001240361024585,0.0001001175600234,0.00328,0.0,0.0,0.0,0.0,0.0,0.0,0.0,0.0,0.0,0.0,0.0,0.0,0.0,0.0,0,0,0
532,13222,Josaia Delana,greater_western_sydney,0.0030664473155083,0.0,0.0030833988601392,0.0038094873253183,0.0035122713213943,0.0031779033169798,0.0033265113189418,0.003329901627868,0.00074304000981,0.00074304000981,-0.0030664473155083,0.00345,0.0,0.0,0.0,0.0,0.0,0.0,0.0,0.0,0.0,0.0,0.0,0.0,0.0,0.0,0,0,0
533,13256,Zac Banch,north_melbourne,0.0034208913094852,0.0,0.0033982998037374,0.0030320403756062,0.0031875807491578,0.0033625636694034,0.0032847934826275,0.003280275181478,0.000388850933879,0.000388850933879,-0.0034208913094852,0.003,0.0,0.0,0.0,0.0,0.0,0.0,0.0,0.0,0.0,0.0,0.0,0.0,0.0,0.0,0,0,0
534,13133,Lachlan Sullivan,collingwood,0.0024299803472537,0.0028585813494954,0.003061462632369,0.0028743485788171,0.0026966012861917,0.0024966355819882,0.0025855092283009,0.0027118056853239,0.0004443682315633,0.0006314822851152,0.0004286010022417,0.00278,0.0,0.0,0.0,0.0,0.0,0.0,0.0,0.0,0.0,0.0,0.0,0.0,0.0,0.0,0,0,0
535,12918,Samson Ryan,richmond,0.0027781310442662,0.0033922340420666,0.0026754664793136,0.0022127818203613,0.0024389215099233,0.0026933286606805,0.0025802588158995,0.002559725902909,0.0005653492239049,0.0005653492239049,0.0006141029978004,0.00254,0.0,0.0,0.0,0.0,0.0,0.0,0.0,0.0,0.0,0.0,0.0,0.0,0.0,0.0,0,0,0
536,12935,Maurice Rioli,richmond,0.0023984603451382,0.002837646835327,0.0029433198778734,0.0021146566200364,0.0022281781100771,0.0023558897863729,0.0022991290413526,0.0024081009478996,0.0002838037251018,0.000828663257837,0.0004391864901887,0.00213,0.0,0.0,0.0,0.0,0.0,0.0,0.0,0.0,0.0,0.0,0.0,0.0,0.0,0.0,0,0,0
537,13272,Lachlan Gulbin,gold_coast,0.0024236328694841,0.0,0.0027494570902441,0.0017693357467698,0.0020310545958555,0.002325488301077,0.0021946288765341,0.0022597937206861,0.0006542971227142,0.0009801213434743,-0.0024236328694841,0.00228,0.0,0.0,0.0,0.0,0.0,0.0,0.0,0.0,0.0,0.0,0.0,0.0,0.0,0.0,0,0,0
538,12853,Harry Jones,essendon,0.0018680130556567,0.0022980196384202,0.0022667557111849,0.0026134660602295,0.0023152848584004,0.0019798310063426,0.0021289216072572,0.0022086701383628,0.0007454530045727,0.0007454530045727,0.0004300065827635,0.00205,0.0,0.0,0.0,0.0,0.0,0.0,0.0,0.0,0.0,0.0,0.0,0.0,0.0,0.0,0,0,0
539,13147,Wil Parker,collingwood,0.0019689578635266,0.0024330266924082,0.0020080090636403,0.0021441778043112,0.0020740898279974,0.0019952408546443,0.0020302848428012,0.002038095082824,0.0001752199407846,0.0001752199407846,0.0004640688288815,0.00197,0.0,0.0,0.0,0.0,0.0,0.0,0.0,0.0,0.0,0.0,0.0,0.0,0.0,0.0,0,0,0
540,12997,Judson Clarke,richmond,0.0017085012358072,0.0021194036559349,0.0017923620453543,0.0022146972251979,0.0020122188294416,0.0017844306342158,0.0018856698320939,0.0019024419940034,0.0005061959893906,0.0005061959893906,0.0004109024201277,0.00194,0.0,0.0,0.0,0.0,0.0,0.0,0.0,0.0,0.0,0.0,0.0,0.0,0.0,0.0,0,0,0
541,12481,Brayden Fiorini,essendon,0.0019181554515963,0.0017687895517196,0.0018036181104613,0.0017245656284569,0.0018020015577126,0.0018891169781254,0.0018503990134975,0.0018274915452705,0.0001935898231393,0.0001935898231393,-0.0001493658998766,0.00205,0.0,0.0,0.0,0.0,0.0,0.0,0.0,0.0,0.0,0.0,0.0,0.0,0.0,0.0,0,0,0
542,13144,Wil Dawson,north_melbourne,0.0017510085647593,0.0023951771181702,0.0018878275727854,0.0016243082241009,0.0016749883603643,0.0017320035136606,0.0017066634455289,0.0017340272471341,0.0001267003406583,0.0002635193486844,0.0006441685534109,0.00176,0.0,0.0,0.0,0.0,0.0,0.0,0.0,0.0,0.0,0.0,0.0,0.0,0.0,0.0,0,0,0
543,12372,Darcy Moore,collingwood,0.0014837841659632,0.0018976834019928,0.0020132429339414,0.0018939955407023,0.0017299109908067,0.0015453158721741,0.0016273581471219,0.0017332499007175,0.0004102113747391,0.0005294587679782,0.0004138992360296,0.00178,0.0,0.0,0.0,0.0,0.0,0.0,0.0,0.0,0.0,0.0,0.0,0.0,0.0,0.0,0,0,0
544,12757,Brandon Zerk-Thatcher,port_adelaide,0.0016589649766531,0.0020108396523773,0.0020732349826202,0.0016047278649569,0.0016264227096354,0.0016508294098987,0.0016399819875595,0.0017228359887529,5.42371116962054e-05,0.0004685071176633,0.0003518746757242,0.00162,0.0,0.0,0.0,0.0,0.0,0.0,0.0,0.0,0.0,0.0,0.0,0.0,0.0,0.0,0,0,0
545,12947,Josh Gibcus,richmond,0.0013966519495362,0.0015820594231184,0.0014609812274231,0.0014950998026659,0.001455720661414,0.0014114191275056,0.0014311086981316,0.001443974553709,9.844785312977928e-05,9.844785312977928e-05,0.0001854074735822,0.00165,0.0,0.0,0.0,0.0,0.0,0.0,0.0,0.0,0.0,0.0,0.0,0.0,0.0,0.0,0,0,0
546,13219,Finnbar Maley,adelaide,0.0013754174124606,0.0016955139984706,0.0014857947359532,0.0014622499113236,0.0014275169117784,0.0013884422872901,0.0014058087870626,0.0014278842517612,8.683249886294532e-05,0.0001103773234925,0.00032009658601,0.00124,0.0,0.0,0.0,0.0,0.0,0.0,0.0,0.0,0.0,0.0,0.0,0.0,0.0,0.0,0,0,0
547,12701,Bailey Scott,north_melbourne,0.0014909410442607,0.0019399300707501,0.0014637282162201,0.001267806307942,0.0013570602024696,0.001457470833813,0.0014128438865493,0.0014074013209412,0.0002231347363187,0.0002231347363187,0.0004489890264893,0.00154,0.0,0.0,0.0,0.0,0.0,0.0,0.0,0.0,0.0,0.0,0.0,0.0,0.0,0.0,0,0,0
548,13102,Harvey Gallagher,western_bulldogs,0.0013992094062242,0.0015830378159354,0.0016634602843554,0.0010669789794306,0.0011998711501481,0.0013493748422052,0.0012829287568465,0.0013357789324727,0.0003322304267936,0.0005964813049248,0.0001838284097111,0.0014,0.0,0.0,0.0,0.0,0.0,0.0,0.0,0.0,0.0,0.0,0.0,0.0,0.0,0.0,0,0,0
549,13242,Jasper Alger,richmond,0.0010975614617545,0.0,0.001262752200862,0.0011678905131314,0.0011397588925806,0.0011081108194611,0.0011221766297364,0.0011552147775579,7.032905137685269e-05,0.0001651907391075,-0.0010975614617545,0.00119,0.0,0.0,0.0,0.0,0.0,0.0,0.0,0.0,0.0,0.0,0.0,0.0,0.0,0.0,0,0,0
550,12596,Lachie Fogarty,carlton,0.0010366364420039,0.0010781217481175,0.0016265282857682,0.0010043318810134,0.0010172537054096,0.0010317907578554,0.0010253298456572,0.0011433082144101,3.2304560990533034e-05,0.0006221964047547,4.148530611359776e-05,0.00107,0.0,0.0,0.0,0.0,0.0,0.0,0.0,0.0,0.0,0.0,0.0,0.0,0.0,0.0,0,0,0
551,12848,Jy Farrar,gold_coast,0.0011253971626062,0.0012937347858291,0.0014380220671253,0.0009302700448247,0.0010083208919373,0.001096128094939,0.0010571026713827,0.0011196276522865,0.0001951271177814,0.0005077520223005,0.0001683376232228,0.00101,0.0,0.0,0.0,0.0,0.0,0.0,0.0,0.0,0.0,0.0,0.0,0.0,0.0,0.0,0,0,0
552,13254,Max Heath,melbourne,0.000986288666438,0.0,0.0015097844628405,0.0010503444096794,0.0010247221123828,0.0009958970279242,0.0010087081765725,0.001113407335853,6.405574324141517e-05,0.0005234957964025,-0.000986288666438,0.00117,0.0,0.0,0.0,0.0,0.0,0.0,0.0,0.0,0.0,0.0,0.0,0.0,0.0,0.0,0,0,0
553,13136,Harvey Johnston,west_coast,0.0010457874462295,0.0013248553447182,0.0012751093830675,0.0009570522884728,0.0009925463515755,0.001032477172566,0.0010147301410146,0.0010605945283822,8.873515775674077e-05,0.0003180570945947,0.0002790678984886,0.00087,0.0,0.0,0.0,0.0,0.0,0.0,0.0,0.0,0.0,0.0,0.0,0.0,0.0,0.0,0,0,0
554,13058,Max Ramsden,hawthorn,0.0008761254017303,0.0011517477867231,0.0009692678444027,0.0008191928622194,0.0008419658780237,0.0008675855208037,0.0008561990129015,0.000874827501436,5.6932539510919e-05,0.0001500749821833,0.0002756223849928,0.00085,0.0,0.0,0.0,0.0,0.0,0.0,0.0,0.0,0.0,0.0,0.0,0.0,0.0,0.0,0,0,0
555,13289,Jack Watkins,port_adelaide,0.0008572191929892,0.0,0.0011286088102705,0.0006277856899697,0.0007195590911775,0.0008228041675363,0.0007769174669324,0.0008311953903886,0.0002294335030194,0.0005008231203007,-0.0008572191929892,0.00065,0.0,0.0,0.0,0.0,0.0,0.0,0.0,0.0,0.0,0.0,0.0,0.0,0.0,0.0,0,0,0
556,12727,Mitch Hinge,adelaide,0.0006075658933551,0.0006197681550119,0.0008908213485409,0.0009923654789958,0.0008384456447395,0.0006652858312012,0.0007422457483293,0.0007988968393665,0.0003847995856406,0.0003847995856406,1.2202261656791614e-05,0.00067,0.0,0.0,0.0,0.0,0.0,0.0,0.0,0.0,0.0,0.0,0.0,0.0,0.0,0.0,0,0,0
557,13280,Toby Murray,adelaide,0.0006238458140078,0.0,0.0006704157260989,0.0009803253066079,0.0008377335095679,0.0006773177378978,0.0007486136364178,0.0007579276188361,0.0003564794926001,0.0003564794926001,-0.0006238458140078,0.00081,0.0,0.0,0.0,0.0,0.0,0.0,0.0,0.0,0.0,0.0,0.0,0.0,0.0,0.0,0,0,0
558,12776,Laitham Vandermeer,western_bulldogs,0.0007660597493923,0.0008996239524001,0.0008294642976717,0.0006590691787257,0.0007018654069923,0.0007500111637923,0.000728613049659,0.0007412939593149,0.0001069905706665,0.000170395118946,0.0001335642030078,0.00087,0.0,0.0,0.0,0.0,0.0,0.0,0.0,0.0,0.0,0.0,0.0,0.0,0.0,0.0,0,0,0
559,13209,Sandy Brock,west_coast,0.0006450079696069,0.0007897713637614,0.0008636340423059,0.0007598856940053,0.000713934604246,0.0006622396282667,0.0006852151731464,0.0007289403876862,0.0001148777243983,0.000218626072699,0.0001447633941545,0.00069,0.0,0.0,0.0,0.0,0.0,0.0,0.0,0.0,0.0,0.0,0.0,0.0,0.0,0.0,0,0,0
560,13218,Campbell Gray,richmond,0.0007562944744043,0.0,0.0007458750515511,0.0006370720443089,0.0006847610163471,0.00073841110989,0.0007145666238709,0.0007124827393003,0.0001192224300954,0.0001192224300954,-0.0007562944744043,0.00077,0.0,0.0,0.0,0.0,0.0,0.0,0.0,0.0,0.0,0.0,0.0,0.0,0.0,0.0,0,0,0
561,12612,Matt Guelfi,essendon,0.0006053802199863,0.00072620568073,0.0008934244003396,0.0004863825469734,0.0005339816161785,0.0005875305690343,0.0005637310344317,0.0006213398705024,0.0001189976730128,0.0004070418533662,0.0001208254607437,0.00066,0.0,0.0,0.0,0.0,0.0,0.0,0.0,0.0,0.0,0.0,0.0,0.0,0.0,0.0,0,0,0
562,12987,Luke Cleary,western_bulldogs,0.0005773411726701,0.000683393577177,0.0008198441766683,0.0005523537723878,0.0005623487325007,0.0005735930626278,0.0005685955825713,0.0006170961833709,2.49874002823669e-05,0.0002674904042805,0.0001060524045068,0.00083,0.0,0.0,0.0,0.0,0.0,0.0,0.0,0.0,0.0,0.0,0.0,0.0,0.0,0.0,0,0,0
563,13171,Ashton Moir,carlton,0.0005216113489911,0.0005437537410681,0.0007345996626768,0.0004317521341184,0.0004676958200675,0.0005081324667602,0.0004901606237857,0.0005327582865228,8.985921487272895e-05,0.0003028475285584,2.214239207697804e-05,0.00062,0.0,0.0,0.0,0.0,0.0,0.0,0.0,0.0,0.0,0.0,0.0,0.0,0.0,0.0,0,0,0
564,12986,Mitch Knevitt,geelong,0.0004627998257468,0.0005352736086183,0.0005210891661871,0.0003777177743562,0.0004117505949124,0.0004500375180382,0.0004330211077601,0.0004446789758481,8.508205139059707e-05,0.0001433713918309,7.247378287156308e-05,0.00058,0.0,0.0,0.0,0.0,0.0,0.0,0.0,0.0,0.0,0.0,0.0,0.0,0.0,0.0,0,0,0
565,12588,Bailey Banfield,fremantle,0.0004591358656658,0.0007271651515035,0.0004287684813359,0.0004010385950454,0.0004242775032936,0.0004504212750727,0.0004388018209487,0.0004327283440827,5.809727062035513e-05,5.809727062035513e-05,0.0002680292858376,0.00053,0.0,0.0,0.0,0.0,0.0,0.0,0.0,0.0,0.0,0.0,0.0,0.0,0.0,0.0,0,0,0
566,13201,Isaac Keeler,st_kilda,0.0003158273970975,0.0003626451610892,0.0003560628985677,0.0002187404154958,0.0002575752081365,0.0003012643498572,0.0002818469535369,0.000289894053831,9.708698160161992e-05,0.0001373224830719,4.681776399175213e-05,0.00031,0.0,0.0,0.0,0.0,0.0,0.0,0.0,0.0,0.0,0.0,0.0,0.0,0.0,0.0,0,0,0
567,12732,Ryan Gardner,western_bulldogs,0.0002437461441431,0.0003120691080615,0.0002986480109422,0.0003170173246991,0.0002877088524767,0.0002547368212265,0.0002693910573377,0.0002803714306975,7.327118055600046e-05,7.327118055600046e-05,6.832296391842831e-05,0.0002,0.0,0.0,0.0,0.0,0.0,0.0,0.0,0.0,0.0,0.0,0.0,0.0,0.0,0.0,0,0,0
568,13282,Max Kondogiannis,essendon,0.0002602173657961,0.0,0.0002834272798996,0.0002885342850203,0.0002772075173306,0.0002644649036797,0.0002701282875245,0.0002747702703452,2.831691922419385e-05,2.831691922419385e-05,-0.0002602173657961,0.00039,0.0,0.0,0.0,0.0,0.0,0.0,0.0,0.0,0.0,0.0,0.0,0.0,0.0,0.0,0,0,0
569,13300,Paddy Cross,melbourne,0.0002299029169102,0.0,0.0003617270235669,0.000277570930097,0.0002585037248223,0.0002370531188882,0.0002465867215256,0.0002729515428569,4.7668013186852873e-05,0.0001318241066567,-0.0002299029169102,0.00022,0.0,0.0,0.0,0.0,0.0,0.0,0.0,0.0,0.0,0.0,0.0,0.0,0.0,0.0,0,0,0
570,12914,Brandon Walker,fremantle,0.0002536838983448,0.0002262140891313,0.0002953902958539,0.0002011298781013,0.0002221514861987,0.0002458007953083,0.0002352899912596,0.0002436312707614,5.255402024355126e-05,9.4260417752666e-05,-2.746980921350186e-05,0.00028,0.0,0.0,0.0,0.0,0.0,0.0,0.0,0.0,0.0,0.0,0.0,0.0,0.0,0.0,0,0,0
571,13338,Kye Annand,richmond,0.0002077337534852,0.0,0.0001761968499887,0.0001690190361378,0.0001845049230767,0.0002019265458831,0.0001941836024136,0.0001878762217143,3.871471734737293e-05,3.871471734737293e-05,-0.0002077337534852,0.00017,0.0,0.0,0.0,0.0,0.0,0.0,0.0,0.0,0.0,0.0,0.0,0.0,0.0,0.0,0,0,0
572,13211,Tom Gross,west_coast,0.0001628798673176,0.0002004542575242,0.0001867899208204,0.0001631720590086,0.0001630551823322,0.0001629236960713,0.0001629821344095,0.00016776414511,2.9219169097444413e-07,2.3910053502775703e-05,3.757439020661354e-05,0.00023,0.0,0.0,0.0,0.0,0.0,0.0,0.0,0.0,0.0,0.0,0.0,0.0,0.0,0.0,0,0,0
573,12773,Max King,st_kilda,0.0001630863906871,0.0001903207136648,0.0002478283595136,0.0001148381585635,0.0001341374514131,0.0001558491558687,0.000146199509444,0.0001631479032093,4.8248232123585926e-05,0.00013299020095,2.723432297772443e-05,0.00021,0.0,0.0,0.0,0.0,0.0,0.0,0.0,0.0,0.0,0.0,0.0,0.0,0.0,0.0,0,0,0
574,13056,Ollie Lord,port_adelaide,0.0001341026625613,0.0001671513191125,0.0001217262166023,9.740870934425169e-05,0.000112086290631,0.0001285985695787,0.0001212597789353,0.0001187844897435,3.669395321709149e-05,3.669395321709149e-05,3.3048656551255406e-05,0.00011,0.0,0.0,0.0,0.0,0.0,0.0,0.0,0.0,0.0,0.0,0.0,0.0,0.0,0.0,0,0,0
575,12811,Harry Edwards,west_coast,7.457273586098973e-05,9.98875786694908e-05,0.000125812481639,0.0001227335727002,0.0001034692379645,8.179686138688236e-05,9.142902875473924e-05,0.0001016769779103,4.816083683928428e-05,5.123974577810248e-05,2.5314842808501085e-05,0.00013,0.0,0.0,0.0,0.0,0.0,0.0,0.0,0.0,0.0,0.0,0.0,0.0,0.0,0.0,0,0,0
576,13228,Will Hayes,collingwood,2.9428971481031352e-05,0.0,2.389875627644662e-05,2.7607914263887144e-05,2.8336337150744824e-05,2.91558128984597e-05,2.8791601455030863e-05,2.768555841411392e-05,1.8210572171442088e-06,5.530215204584733e-06,-2.9428971481031352e-05,1e-05,0.0,0.0,0.0,0.0,0.0,0.0,0.0,0.0,0.0,0.0,0.0,0.0,0.0,0.0,0,0,0
577,12520,Zac Fisher,north_melbourne,6.903077808493742e-06,8.322035660055166e-06,8.67165965196e-06,5.650632085625214e-06,6.151610374772624e-06,6.71521095006346e-06,6.464721805489756e-06,6.818438174183008e-06,1.2524457228685286e-06,3.021027566334787e-06,1.4189578515614236e-06,0.0,0.0,0.0,0.0,0.0,0.0,0.0,0.0,0.0,0.0,0.0,0.0,0.0,0.0,0.0,0,0,0
578,13189,Harry Armstrong,richmond,3.15194902238412e-06,4.559284030329663e-06,3.86303427449661e-06,2.266850631782669e-06,2.6208899880232496e-06,3.019184263793903e-06,2.8421645856736125e-06,2.9843816360961108e-06,8.850983906014511e-07,1.596183642713941e-06,1.407335007945543e-06,0.0,0.0,0.0,0.0,0.0,0.0,0.0,0.0,0.0,0.0,0.0,0.0,0.0,0.0,0.0,0,0,0
