match_id,season,actual_3,actual_2,actual_1,predicted_3,predicted_2,predicted_1,correct_3,correct_2,correct_1,exact_321,top3_precision,rank_corr,p3_of_actual_3
2015_R10_carlton_v_adelaide_2015-06-06,2015,4148,12074,1456,12074,11700,4148,False,False,False,False,0.6666666666666666,0.38271018214184077,0.1280565622841318
2015_R10_essendon_v_geelong_2015-06-06,2015,11643,11538,1141,11538,11643,11818,False,False,False,False,0.6666666666666666,0.4329369096102063,0.3080881374857843
2015_R10_fremantle_v_richmond_2015-06-05,2015,11794,4165,11666,11794,11834,11666,True,False,True,False,0.6666666666666666,0.4041218909209458,0.714851526334889
2015_R10_gold_coast_v_sydney_2015-06-06,2015,11783,12196,11804,11783,12196,3950,True,True,False,False,0.6666666666666666,0.4471645891765002,0.40772851694261836
2015_R10_greater_western_sydney_v_brisbane_lions_2015-06-07,2015,11677,11728,12054,11677,11728,11656,True,True,False,False,0.6666666666666666,0.4592662840431831,0.6176707220229405
2015_R10_melbourne_v_collingwood_2015-06-08,2015,4086,4151,2447,4086,2447,1460,True,False,False,False,0.6666666666666666,0.4583304383293915,0.5223167582761231
2015_R10_north_melbourne_v_west_coast_2015-06-07,2015,11654,4180,4186,4180,11724,4186,False,False,True,False,0.6666666666666666,0.3988322291342334,0.024397903775577403
2015_R10_port_adelaide_v_western_bulldogs_2015-06-06,2015,12150,11639,12166,12150,12047,11639,True,False,False,False,0.6666666666666666,0.44666384495569783,0.7343249596113339
2015_R10_st_kilda_v_hawthorn_2015-06-07,2015,1135,11791,1134,1135,1134,11791,True,False,False,False,1.0,0.46169046623556514,0.5685180664200623
2015_R11_collingwood_v_greater_western_sydney_2015-06-14,2015,12061,1460,4086,12066,4182,4086,False,False,True,False,0.3333333333333333,0.39658121975783367,0.09393386546151224
2015_R11_north_melbourne_v_sydney_2015-06-13,2015,11953,4065,11686,11953,4065,11672,True,True,False,False,0.6666666666666666,0.4247862305958995,0.4797694151472128
2015_R11_port_adelaide_v_geelong_2015-06-12,2015,621,12010,12047,12047,12010,621,False,True,False,False,1.0,0.4451091942126192,0.05827048295712276
2015_R11_west_coast_v_essendon_2015-06-13,2015,4186,11904,4114,4186,11904,4114,True,True,True,True,1.0,0.4676888954673067,0.42199927936969983
2015_R12_adelaide_v_hawthorn_2015-06-18,2015,11700,11760,11792,11700,11760,1134,True,True,False,False,0.6666666666666666,0.4102698280125283,0.16000416342760349
2015_R12_carlton_v_port_adelaide_2015-06-20,2015,12261,4148,11583,12261,4148,11583,True,True,True,True,1.0,0.4515748671340975,0.3919217329406243
2015_R12_geelong_v_melbourne_2015-06-21,2015,11966,4151,11818,4151,11966,2447,False,False,False,False,0.6666666666666666,0.4407412751534643,0.07033952591883183
2015_R12_greater_western_sydney_v_north_melbourne_2015-06-20,2015,11686,11862,1132,11862,11686,1132,False,False,True,False,1.0,0.45635000623998023,0.12442851862464624
2015_R12_richmond_v_west_coast_2015-06-19,2015,11904,11794,12087,11794,11904,4186,False,False,False,False,0.6666666666666666,0.43893972311468643,0.142988188509191
2015_R12_western_bulldogs_v_brisbane_lions_2015-06-20,2015,12166,11934,12167,12166,12167,11934,True,False,False,False,1.0,0.4729529165478214,0.40610123246169927
2015_R13_brisbane_lions_v_adelaide_2015-06-27,2015,755,11684,12076,755,11728,11684,True,False,False,False,0.6666666666666666,0.4251325440669483,0.6084427804381471
2015_R13_carlton_v_gold_coast_2015-06-28,2015,12115,4148,4047,4148,12115,4056,False,False,False,False,0.6666666666666666,0.3953905153645728,0.2738651704497615
2015_R13_fremantle_v_collingwood_2015-06-25,2015,11834,1421,4182,11834,12055,12066,True,False,False,False,0.3333333333333333,0.387769404008303,0.634813621638007
2015_R13_hawthorn_v_essendon_2015-06-27,2015,4078,1135,11760,4078,1135,11760,True,True,True,True,1.0,0.4515748671340975,0.4584082044638003
2015_R13_st_kilda_v_western_bulldogs_2015-06-27,2015,11788,981,12122,1137,1450,12166,False,False,False,False,0.0,0.28098767556590054,0.033114406703859685
2015_R13_sydney_v_richmond_2015-06-26,2015,11576,11666,11672,12059,11576,11666,False,False,False,False,0.6666666666666666,0.42032534621324147,0.2547627299473161
2015_R14_collingwood_v_hawthorn_2015-07-03,2015,4182,11632,4077,4182,4077,1135,True,False,False,False,0.6666666666666666,0.43170464136653397,0.32780490355439906
2015_R14_essendon_v_st_kilda_2015-07-05,2015,11570,11839,12065,11570,1137,981,True,False,False,False,0.3333333333333333,0.42032534621324147,0.8711780155832675
2015_R14_fremantle_v_brisbane_lions_2015-07-05,2015,11834,11763,11728,4088,11834,12055,False,False,False,False,0.3333333333333333,0.4156851541987939,0.2731308136502402
2015_R14_gold_coast_v_north_melbourne_2015-07-04,2015,11914,1105,12041,11914,1105,4047,True,True,False,False,0.6666666666666666,0.4255433001481724,0.4382467872723945
2015_R14_melbourne_v_west_coast_2015-07-04,2015,11905,11638,11904,11905,11904,11638,True,False,False,False,1.0,0.446197924406372,0.46808893596783274
2015_R14_richmond_v_greater_western_sydney_2015-07-04,2015,11666,11733,11677,11666,11794,11557,True,False,False,False,0.3333333333333333,0.31056787529508123,0.738008422266925
2015_R14_sydney_v_port_adelaide_2015-07-02,2015,11672,11953,11783,11672,11783,11578,True,False,False,False,0.6666666666666666,0.44328024121066034,0.6770753400850049
2015_R14_western_bulldogs_v_carlton_2015-07-04,2015,1450,12166,11731,11731,1450,12166,False,False,False,False,1.0,0.47195142810621665,0.24581806837571352
2015_R15_brisbane_lions_v_sydney_2015-07-12,2015,11672,11783,12076,11672,11783,11728,True,True,False,False,0.6666666666666666,0.4440518343198173,0.7706431701344442
2015_R15_essendon_v_melbourne_2015-07-11,2015,3939,12199,4151,4151,11966,12199,False,False,False,False,0.6666666666666666,0.4574233748275305,0.1405497842255403
2015_R15_greater_western_sydney_v_st_kilda_2015-07-12,2015,12017,11677,12028,11677,12054,12017,False,False,False,False,0.6666666666666666,0.42784837902752165,0.11101630694799484
2015_R15_hawthorn_v_fremantle_2015-07-12,2015,1134,1135,11954,1135,1134,11954,False,False,True,False,1.0,0.44136754716152005,0.3036842709298025
2015_R15_north_melbourne_v_geelong_2015-07-11,2015,4176,11686,4180,11686,4176,11835,False,False,False,False,0.6666666666666666,0.43614300495095876,0.18451062018323258
2015_R15_port_adelaide_v_collingwood_2015-07-09,2015,12150,12066,11782,12066,12150,1460,False,False,False,False,0.6666666666666666,0.4082626926415458,0.28670541052734116
2015_R15_richmond_v_carlton_2015-07-10,2015,11733,11666,4056,11666,11594,12034,False,False,False,False,0.3333333333333333,0.37666332648250395,0.1014878724442881
2015_R15_west_coast_v_adelaide_2015-07-11,2015,11805,11904,11768,11904,4186,11805,False,False,False,False,0.6666666666666666,0.40918109781877543,0.07658902854100197
2015_R15_western_bulldogs_v_gold_coast_2015-07-11,2015,12269,12166,1105,12166,11731,12269,False,False,False,False,0.6666666666666666,0.4353714118418017,0.15752112953918393
2015_R16_collingwood_v_west_coast_2015-07-18,2015,11751,11904,11638,4186,11904,4114,False,True,False,False,0.3333333333333333,0.41164492373522593,0.10232332234994299
2015_R16_fremantle_v_carlton_2015-07-18,2015,4088,11642,12055,4088,11716,12055,True,False,True,False,0.6666666666666666,0.44504507940733795,0.48088479076634827
2015_R16_geelong_v_western_bulldogs_2015-07-18,2015,12010,11934,11974,12010,11974,1141,True,False,False,False,0.6666666666666666,0.42276830120531417,0.8479388811030835
2015_R16_gold_coast_v_greater_western_sydney_2015-07-18,2015,12029,1105,11677,11677,1105,12029,False,True,False,False,1.0,0.46037635674912614,0.2638058087748913
2015_R16_melbourne_v_brisbane_lions_2015-07-19,2015,11967,12076,12321,12321,1153,12076,False,False,False,False,0.6666666666666666,0.3840604700828654,0.03302033295669006
2015_R16_north_melbourne_v_essendon_2015-07-17,2015,11686,11724,12289,11686,11724,788,True,True,False,False,0.6666666666666666,0.3918853926501944,0.7848093843463395
2015_R16_port_adelaide_v_adelaide_2015-07-19,2015,755,11583,11708,755,11583,11700,True,True,False,False,0.6666666666666666,0.43781747723192344,0.7094265447326368
2015_R16_st_kilda_v_richmond_2015-07-19,2015,4068,11794,11791,4068,11794,12059,True,True,False,False,0.6666666666666666,0.40873061549844153,0.5047496888206683
2015_R16_sydney_v_hawthorn_2015-07-18,2015,1134,11632,4078,4078,1134,1135,False,False,False,False,0.6666666666666666,0.4378509929209336,0.22042046162936485
2015_R17_adelaide_v_gold_coast_2015-07-25,2015,11700,11916,755,11700,755,11916,True,False,False,False,1.0,0.4672209726104109,0.698949239925422
2015_R17_brisbane_lions_v_north_melbourne_2015-07-25,2015,806,788,12289,806,788,11686,True,True,False,False,0.6666666666666666,0.4064366702484166,0.23759135235955126
2015_R17_carlton_v_hawthorn_2015-07-24,2015,11845,4077,1134,11845,4077,1134,True,True,True,True,1.0,0.4567607623212043,0.8632404220523218
2015_R17_essendon_v_port_adelaide_2015-07-25,2015,11583,12047,12241,11583,1443,12150,True,False,False,False,0.3333333333333333,0.3380742641071826,0.3786477344692083
2015_R17_greater_western_sydney_v_geelong_2015-07-25,2015,11818,11548,11884,11818,11548,11538,True,True,False,False,0.6666666666666666,0.38919542623368086,0.3375790723749538
2015_R17_melbourne_v_st_kilda_2015-07-26,2015,981,4073,12147,981,12147,11839,True,False,False,False,0.6666666666666666,0.4481348846154981,0.18657765573177496
2015_R17_richmond_v_fremantle_2015-07-25,2015,4088,11834,12034,11834,4088,11809,False,False,False,False,0.6666666666666666,0.44366603776523883,0.25754207145623537
2015_R17_west_coast_v_sydney_2015-07-26,2015,11768,4186,12087,4186,12158,11768,False,False,False,False,0.6666666666666666,0.40408866707998936,0.06669613917575618
2015_R17_western_bulldogs_v_collingwood_2015-07-26,2015,1450,11751,12269,1450,11731,12203,True,False,False,False,0.3333333333333333,0.3755581656017639,0.20004972260557968
2015_R18_carlton_v_north_melbourne_2015-08-01,2015,11724,4180,11686,11724,4180,11686,True,True,True,True,1.0,0.4515748671340975,0.3853206314273155
2015_R18_collingwood_v_melbourne_2015-08-01,2015,4151,1460,11966,4151,1460,2447,True,True,False,False,0.6666666666666666,0.4459211523982972,0.690523411998313
2015_R18_essendon_v_western_bulldogs_2015-08-02,2015,11872,12122,11788,11872,12203,11974,True,False,False,False,0.3333333333333333,0.37865576788956007,0.8122521253321965
2015_R18_fremantle_v_greater_western_sydney_2015-08-02,2015,1421,11716,11763,12055,4088,11716,False,False,False,False,0.3333333333333333,0.3783156298002175,0.04800930899214465
2015_R18_geelong_v_brisbane_lions_2015-08-01,2015,11884,11538,12109,11538,12109,12010,False,False,False,False,0.6666666666666666,0.4469026163718259,0.11529320671493574
2015_R18_gold_coast_v_west_coast_2015-08-01,2015,11916,4186,11940,4186,11916,11805,False,False,False,False,0.6666666666666666,0.35184130761445925,0.213742100252375
2015_R18_hawthorn_v_richmond_2015-07-31,2015,12059,11794,4165,12059,4068,4077,True,False,False,False,0.3333333333333333,0.40881818775419115,0.35970083205990755
2015_R18_port_adelaide_v_st_kilda_2015-08-02,2015,11578,11583,12047,11578,11583,11579,True,True,False,False,0.6666666666666666,0.4411520312346884,0.7769735694901951
2015_R18_sydney_v_adelaide_2015-08-01,2015,11783,3950,11672,11783,11672,11953,True,False,False,False,0.6666666666666666,0.4481348846154981,0.5093388971249879
2015_R19_adelaide_v_richmond_2015-08-07,2015,11700,11794,11713,11700,755,11792,True,False,False,False,0.3333333333333333,0.416095910280018,0.6423741138768019
2015_R19_brisbane_lions_v_gold_coast_2015-08-08,2015,12041,11948,12076,11948,12041,11684,False,False,False,False,0.6666666666666666,0.43737944073644375,0.11445302060992117
2015_R19_collingwood_v_carlton_2015-08-08,2015,1460,4148,12261,1460,4148,4182,True,True,False,False,0.6666666666666666,0.4703085403156299,0.8594180144481129
2015_R19_geelong_v_sydney_2015-08-08,2015,11538,11643,11548,11538,11818,12010,True,False,False,False,0.3333333333333333,0.36948378393709597,0.6096015958056273
2015_R19_greater_western_sydney_v_essendon_2015-08-09,2015,12025,12028,11938,12025,12028,4132,True,True,False,False,0.6666666666666666,0.3834627812260708,0.48659007336732246
2015_R19_melbourne_v_north_melbourne_2015-08-09,2015,4180,11686,1132,11835,11686,4180,False,True,False,False,0.6666666666666666,0.4048934840301027,0.1287203416488604
2015_R19_st_kilda_v_fremantle_2015-08-09,2015,1421,4088,11716,12055,4088,11716,False,True,True,False,0.6666666666666666,0.4441601238516862,0.11910206020366612
2015_R19_west_coast_v_hawthorn_2015-08-08,2015,1135,4186,11904,1135,4077,11904,True,False,True,False,0.6666666666666666,0.422821287372533,0.6290275015644454
2015_R19_western_bulldogs_v_port_adelaide_2015-08-08,2015,12166,1450,11934,1450,11934,12166,False,False,False,False,1.0,0.47195142810621665,0.08614753899629657
2015_R20_brisbane_lions_v_carlton_2015-08-15,2015,11710,11787,11780,11787,11710,11780,False,False,True,False,1.0,0.4788986506410295,0.28733282726791876
2015_R20_essendon_v_adelaide_2015-08-15,2015,11700,4060,11708,11700,11708,11792,True,False,False,False,0.6666666666666666,0.4636891484629778,0.7175429202520254
2015_R20_fremantle_v_west_coast_2015-08-16,2015,11602,11716,4169,11602,4088,11834,True,False,False,False,0.3333333333333333,0.3957297632388238,0.22452986070798445
2015_R20_geelong_v_hawthorn_2015-08-15,2015,11632,1134,1135,1134,11632,11884,False,False,False,False,0.6666666666666666,0.44366603776523883,0.1529666006793632
2015_R20_north_melbourne_v_st_kilda_2015-08-15,2015,806,1137,4176,806,11835,4176,True,False,True,False,0.6666666666666666,0.42796165608363096,0.37449600918972414
2015_R20_richmond_v_gold_coast_2015-08-16,2015,11794,11666,11767,11794,11666,12034,True,True,False,False,0.6666666666666666,0.4333476656914304,0.5938147824542899
2015_R20_sydney_v_collingwood_2015-08-14,2015,12196,11672,1460,11672,12196,1460,False,False,True,False,1.0,0.4511890705795189,0.3028706736501286
2015_R20_western_bulldogs_v_melbourne_2015-08-16,2015,11974,468,12203,11974,11934,12203,True,False,True,False,0.6666666666666666,0.35962796278880355,0.579453476693125
2015_R21_adelaide_v_brisbane_lions_2015-08-22,2015,11713,11865,11792,11713,11792,11708,True,False,False,False,0.6666666666666666,0.4531487545737117,0.49225942454749944
2015_R21_carlton_v_melbourne_2015-08-23,2015,11645,12261,3969,12261,11645,12170,False,False,False,False,0.6666666666666666,0.44548311590281753,0.1707438104715986
2015_R21_collingwood_v_richmond_2015-08-22,2015,11767,12034,11794,11767,12034,11794,True,True,True,True,1.0,0.4567607623212043,0.7430188199167802
2015_R21_gold_coast_v_essendon_2015-08-22,2015,11948,11896,12041,12041,11774,11896,False,False,False,False,0.6666666666666666,0.412399105549001,0.01017745352432882
2015_R21_greater_western_sydney_v_sydney_2015-08-22,2015,11672,11633,3950,11633,11672,3950,False,False,True,False,1.0,0.4511890705795189,0.25304598098593234
2015_R21_hawthorn_v_port_adelaide_2015-08-21,2015,11578,12047,12262,11578,12262,11583,True,False,False,False,0.6666666666666666,0.43401711938152576,0.3465846282108401
2015_R21_north_melbourne_v_fremantle_2015-08-23,2015,1421,11686,788,1421,11686,11835,True,True,False,False,0.6666666666666666,0.42346632366143083,0.22076648959728137
2015_R21_st_kilda_v_geelong_2015-08-22,2015,11818,11884,4178,11818,11884,1140,True,True,False,False,0.6666666666666666,0.4559276130405414,0.4706650533489933
2015_R21_west_coast_v_western_bulldogs_2015-08-23,2015,4169,4186,11805,4169,4186,11805,True,True,True,True,1.0,0.4676888954673067,0.7087570164492221
2015_R22_adelaide_v_west_coast_2015-08-30,2015,11891,11700,12074,12074,11700,755,False,True,False,False,0.6666666666666666,0.4464918602906017,0.08051599670854832
2015_R22_essendon_v_richmond_2015-08-29,2015,12059,12317,4068,12059,4068,11733,True,False,False,False,0.6666666666666666,0.44328024121066034,0.2691026191544005
2015_R22_fremantle_v_melbourne_2015-08-30,2015,4088,12055,4137,4088,12055,11716,True,True,False,False,0.6666666666666666,0.4411520312346884,0.3646274332139548
2015_R22_geelong_v_collingwood_2015-08-28,2015,12066,4182,12061,12066,4182,12061,True,True,True,True,1.0,0.4734536607686237,0.6719963285521042
2015_R22_gold_coast_v_port_adelaide_2015-08-29,2015,11740,12262,11915,12262,11740,11578,False,False,False,False,0.6666666666666666,0.44366603776523883,0.20693306593933145
2015_R22_greater_western_sydney_v_carlton_2015-08-29,2015,12017,12054,12016,12017,12054,12029,True,True,False,False,0.6666666666666666,0.4508436726190595,0.7742959741577569
2015_R22_hawthorn_v_brisbane_lions_2015-08-29,2015,11845,11760,11787,4078,11787,11760,False,False,False,False,0.6666666666666666,0.4391456011966656,0.12553324719247466
2015_R22_north_melbourne_v_western_bulldogs_2015-08-29,2015,12269,11974,12203,11934,12203,12166,False,False,False,False,0.3333333333333333,0.40582700824941537,0.12237859188497012
2015_R22_st_kilda_v_sydney_2015-08-30,2015,11672,11783,12326,11672,12196,11783,True,False,False,False,0.6666666666666666,0.4286199721366786,0.3598826623594125
2015_R23_brisbane_lions_v_western_bulldogs_2015-09-05,2015,11704,11684,11787,11684,11787,11704,False,False,False,False,1.0,0.47195142810621665,0.0952971790612216
2015_R23_collingwood_v_essendon_2015-09-06,2015,3939,12066,11896,12066,3939,11774,False,False,False,False,0.6666666666666666,0.4606446661995553,0.24339823169265484
2015_R23_geelong_v_adelaide_2015-09-05,2015,3958,11538,621,11538,11884,3958,False,False,False,False,0.6666666666666666,0.42431103190450004,0.12322571857031998
2015_R23_hawthorn_v_carlton_2015-09-05,2015,1135,12060,4145,1135,4078,4077,True,False,False,False,0.3333333333333333,0.4121923422463632,0.3260172465527276
2015_R23_melbourne_v_greater_western_sydney_2015-09-06,2015,4151,2447,11677,4151,2447,11677,True,True,True,True,1.0,0.4734536607686237,0.40932679249739073
2015_R23_port_adelaide_v_fremantle_2015-09-05,2015,11579,12262,11809,12262,11578,11740,False,False,False,False,0.3333333333333333,0.4351801627915812,0.048611654754904844
2015_R23_richmond_v_north_melbourne_2015-09-04,2015,4068,11794,11666,11666,4068,11794,False,False,False,False,1.0,0.46081439324460577,0.1501887269876088
2015_R23_sydney_v_gold_coast_2015-09-05,2015,11672,12196,11880,11672,12196,11783,True,True,False,False,0.6666666666666666,0.43470088010524616,0.3940506438727627
2015_R23_west_coast_v_st_kilda_2015-09-05,2015,11768,11904,4186,11904,4186,11768,False,False,False,False,1.0,0.44547210427720346,0.10509039946148639
2015_R2_collingwood_v_adelaide_2015-04-11,2015,11891,11708,11700,11700,11792,11891,False,False,False,False,0.6666666666666666,0.4529231477157273,0.05656183734190086
2015_R2_essendon_v_hawthorn_2015-04-12,2015,1461,11715,11896,11896,4077,1461,False,False,False,False,0.6666666666666666,0.39734053920666623,0.13798606290965323
2015_R2_geelong_v_fremantle_2015-04-12,2015,11834,4088,11809,11834,4088,11809,True,True,True,True,1.0,0.479435532536367,0.8335517610341516
2015_R2_gold_coast_v_st_kilda_2015-04-11,2015,11791,11570,12065,12065,11570,4047,False,True,False,False,0.6666666666666666,0.4451613831709129,0.00760945860488381
2015_R2_greater_western_sydney_v_melbourne_2015-04-11,2015,11677,11656,12028,12022,11677,12028,False,False,True,False,0.6666666666666666,0.44990702829280577,0.1316906069283351
2015_R2_north_melbourne_v_brisbane_lions_2015-04-12,2015,1418,11835,11686,1418,11686,11724,True,False,False,False,0.6666666666666666,0.46488430909213313,0.8916812601594507
2015_R2_port_adelaide_v_sydney_2015-04-11,2015,11672,11783,11546,11672,11546,11953,True,False,False,False,0.6666666666666666,0.4481348846154981,0.5422535183055817
2015_R2_richmond_v_western_bulldogs_2015-04-11,2015,12269,11733,12043,12269,11934,11666,True,False,False,False,0.3333333333333333,0.432594681200125,0.2099575393100509
2015_R2_west_coast_v_carlton_2015-04-10,2015,4169,4186,11904,4169,4186,11805,True,True,False,False,0.6666666666666666,0.4666146477115828,0.9531854519051852
2015_R3_brisbane_lions_v_richmond_2015-04-18,2015,11666,11557,11851,11666,11794,11566,True,False,False,False,0.3333333333333333,0.36679514173772276,0.7799214646072595
2015_R3_carlton_v_essendon_2015-04-18,2015,1461,11896,1122,1461,11797,4148,True,False,False,False,0.3333333333333333,0.38021567807634776,0.8251390548869786
2015_R3_collingwood_v_st_kilda_2015-04-17,2015,1460,4182,12083,1460,4086,4182,True,False,False,False,0.6666666666666666,0.4616804767826717,0.8517473211049035
2015_R3_geelong_v_gold_coast_2015-04-19,2015,11538,4047,1141,11538,4047,11917,True,True,False,False,0.6666666666666666,0.4732202133076309,0.9221964836120784
2015_R3_hawthorn_v_western_bulldogs_2015-04-19,2015,1134,4078,1135,4078,1134,4077,False,False,False,False,0.6666666666666666,0.44666384495569783,0.20558960014671815
2015_R3_north_melbourne_v_port_adelaide_2015-04-18,2015,11639,4176,11782,4176,1451,11740,False,False,False,False,0.3333333333333333,0.4311161619559941,0.07874797721953848
2015_R3_west_coast_v_fremantle_2015-04-19,2015,12055,1421,11716,12055,11716,11834,True,False,False,False,0.6666666666666666,0.3988441548686056,0.8645637035350868
2015_R4_brisbane_lions_v_west_coast_2015-04-26,2015,3983,4186,11904,3983,4186,11904,True,True,True,True,1.0,0.4734536607686237,0.24189958206551218
2015_R4_essendon_v_collingwood_2015-04-25,2015,12035,11896,12145,12035,4182,12066,True,False,False,False,0.3333333333333333,0.21770413825339263,0.31073834172489956
2015_R4_fremantle_v_sydney_2015-04-25,2015,11834,11783,11880,11834,11783,4088,True,True,False,False,0.6666666666666666,0.39575342542915715,0.7032563447130428
2015_R4_geelong_v_north_melbourne_2015-04-26,2015,11686,4176,11755,11686,11755,4176,True,False,False,False,1.0,0.4729529165478214,0.4144379422848033
2015_R4_port_adelaide_v_hawthorn_2015-04-25,2015,11583,4200,11941,11583,4077,11941,True,False,True,False,0.6666666666666666,0.26176296228149093,0.26419495831614487
2015_R4_richmond_v_melbourne_2015-04-24,2015,2447,4151,11557,2447,11557,4151,True,False,False,False,1.0,0.4850715929857121,0.33130927726494047
2015_R4_st_kilda_v_carlton_2015-04-25,2015,4148,11973,11637,4148,11637,4085,True,False,False,False,0.6666666666666666,0.4402431541767312,0.5098320393936595
2015_R4_western_bulldogs_v_adelaide_2015-04-26,2015,468,12167,12125,12167,755,11731,False,False,False,False,0.3333333333333333,0.3574377803114053,0.014983167265858396
2015_R5_adelaide_v_port_adelaide_2015-05-03,2015,11700,11583,1451,11578,11583,11700,False,True,False,False,0.6666666666666666,0.4160763890458768,0.1657218199397133
2015_R5_melbourne_v_fremantle_2015-05-03,2015,11834,4088,11642,11834,4088,12055,True,True,False,False,0.6666666666666666,0.4703085403156299,0.5707745989020745
2015_R5_north_melbourne_v_hawthorn_2015-05-02,2015,1135,4077,11845,1135,11845,4077,True,False,False,False,1.0,0.46169046623556514,0.45212823766113497
2015_R5_richmond_v_geelong_2015-05-02,2015,11798,11566,11643,11798,11566,11666,True,True,False,False,0.6666666666666666,0.4646906369045825,0.3143992659811502
2015_R5_st_kilda_v_essendon_2015-05-03,2015,11791,12065,1461,11570,1461,11791,False,False,False,False,0.6666666666666666,0.4536371080657106,0.13248625418416382
2015_R5_sydney_v_western_bulldogs_2015-05-02,2015,11783,11731,11974,11783,11731,12269,True,True,False,False,0.6666666666666666,0.45402482756467094,0.5189692728279941
2015_R5_west_coast_v_greater_western_sydney_2015-05-02,2015,4169,12087,11904,11904,4169,11638,False,False,False,False,0.6666666666666666,0.43072298977254203,0.2144901946125306
2015_R6_carlton_v_brisbane_lions_2015-05-10,2015,12115,11684,11728,11728,11684,12115,False,True,False,False,1.0,0.4714506838854143,0.14289146540846953
2015_R6_collingwood_v_geelong_2015-05-08,2015,11798,12153,11538,11798,11538,11818,True,False,False,False,0.6666666666666666,0.45442538037813435,0.4557942462795204
2015_R6_fremantle_v_essendon_2015-05-09,2015,12055,11834,544,12055,11834,4088,True,True,False,False,0.6666666666666666,0.4440518343198173,0.5269480693256013
2015_R6_gold_coast_v_adelaide_2015-05-09,2015,11713,12165,4060,12165,11708,11713,False,False,False,False,0.6666666666666666,0.47604821014028076,0.13062489158931445
2015_R6_greater_western_sydney_v_hawthorn_2015-05-09,2015,11677,12017,11941,12017,11677,1135,False,False,False,False,0.6666666666666666,0.4587983611862873,0.1814605024656178
2015_R6_melbourne_v_sydney_2015-05-09,2015,12196,11672,11633,11672,11633,11953,False,False,False,False,0.6666666666666666,0.4524224034949249,0.021496562711171358
2015_R6_north_melbourne_v_richmond_2015-05-09,2015,12059,11540,788,12059,11540,788,True,True,True,True,1.0,0.4515748671340975,0.31280647603902556
2015_R6_port_adelaide_v_west_coast_2015-05-10,2015,4186,11578,4114,4186,11578,4114,True,True,True,True,1.0,0.4567607623212043,0.5235277082929924
2015_R6_western_bulldogs_v_st_kilda_2015-05-09,2015,11570,12249,11731,11570,12249,11791,True,True,False,False,0.6666666666666666,0.4646906369045825,0.8662403088694371
2015_R7_adelaide_v_st_kilda_2015-05-16,2015,4060,755,11570,755,4060,11700,False,False,False,False,0.6666666666666666,0.44666384495569783,0.35769669283991373
2015_R7_brisbane_lions_v_port_adelaide_2015-05-17,2015,11728,11578,11684,11728,11684,11725,True,False,False,False,0.6666666666666666,0.4353714118418017,0.6176636616145509
2015_R7_carlton_v_greater_western_sydney_2015-05-16,2015,11677,12017,12054,12054,12028,12022,False,False,False,False,0.3333333333333333,0.42184649541715546,0.059623686697331535
2015_R7_essendon_v_north_melbourne_2015-05-15,2015,11724,11896,806,11724,11896,11835,True,True,False,False,0.6666666666666666,0.429005768691257,0.6044120223449642
2015_R7_hawthorn_v_melbourne_2015-05-16,2015,4078,1126,1135,4078,1135,12214,True,False,False,False,0.6666666666666666,0.4346033832517647,0.806818718674943
2015_R7_richmond_v_collingwood_2015-05-17,2015,11666,1460,4068,11666,1460,4068,True,True,True,True,1.0,0.4734536607686237,0.571525313139348
2015_R7_sydney_v_geelong_2015-05-16,2015,11953,12196,11672,11953,12196,11672,True,True,True,True,1.0,0.4515748671340975,0.9517298929251325
2015_R7_west_coast_v_gold_coast_2015-05-16,2015,4186,11638,12087,4186,12087,11638,True,False,False,False,1.0,0.4850715929857121,0.6510908911727593
2015_R7_western_bulldogs_v_fremantle_2015-05-17,2015,11834,4088,12043,11834,12043,544,True,False,False,False,0.6666666666666666,0.3906290332441235,0.8027680473768966
2015_R8_essendon_v_brisbane_lions_2015-05-24,2015,12199,1443,11938,12199,11702,11938,True,False,True,False,0.6666666666666666,0.40845527768960693,0.7511388114019472
2015_R8_fremantle_v_north_melbourne_2015-05-23,2015,11834,11809,12055,11834,12055,4088,True,False,False,False,0.6666666666666666,0.43857681305010215,0.4833014359375798
2015_R8_geelong_v_carlton_2015-05-22,2015,12099,12153,12010,12099,12153,12010,True,True,True,True,1.0,0.4515748671340975,0.4574720087341821
2015_R8_gold_coast_v_collingwood_2015-05-23,2015,4182,11751,1460,4182,1460,12084,True,False,False,False,0.6666666666666666,0.44943990404837214,0.6346918667989581
2015_R8_hawthorn_v_sydney_2015-05-23,2015,1135,11783,11953,11783,11953,4077,False,False,False,False,0.6666666666666666,0.4286266139726136,0.09875621929939349
2015_R8_port_adelaide_v_richmond_2015-05-24,2015,11794,11583,11733,12034,11794,11576,False,False,False,False,0.3333333333333333,0.22405566743784777,0.1507156592252825
2015_R8_st_kilda_v_west_coast_2015-05-23,2015,11805,4186,11791,4186,11904,11791,False,False,True,False,0.6666666666666666,0.4584971386182054,0.09395989134536165
2015_R9_adelaide_v_fremantle_2015-05-30,2015,11834,11700,11809,11834,11700,4088,True,True,False,False,0.6666666666666666,0.4333476656914304,0.8127352307693106
2015_R9_brisbane_lions_v_st_kilda_2015-05-31,2015,11570,11728,981,11570,11728,11684,True,True,False,False,0.6666666666666666,0.4703085403156299,0.6120427992492377
2015_R9_collingwood_v_north_melbourne_2015-05-31,2015,1460,12083,11835,1460,12083,11751,True,True,False,False,0.6666666666666666,0.4139597030626968,0.45434345007060684
2015_R9_hawthorn_v_gold_coast_2015-05-30,2015,1135,12060,11941,1135,1134,11941,True,False,True,False,0.6666666666666666,0.4499078269052679,0.30315991145743487
2015_R9_melbourne_v_port_adelaide_2015-05-30,2015,11578,11639,11583,11583,11639,11578,False,True,False,False,1.0,0.4714506838854143,0.21481916817980914
2015_R9_richmond_v_essendon_2015-05-30,2015,11557,12034,11794,11666,12034,11794,False,True,True,False,0.6666666666666666,0.4308831292040857,0.08904254562302787
2015_R9_sydney_v_carlton_2015-05-29,2015,4065,11783,1012,4065,11546,11783,True,False,False,False,0.6666666666666666,0.39852784087955806,0.8646459419678648
2015_R9_west_coast_v_geelong_2015-05-31,2015,4186,4169,11904,4169,11768,11904,False,False,True,False,0.6666666666666666,0.4485040583345807,0.06442257367145107
2015_R9_western_bulldogs_v_greater_western_sydney_2015-05-30,2015,11934,11788,12122,11934,1450,11974,True,False,False,False,0.3333333333333333,0.32871580696926755,0.6491208609384238
2016_R10_adelaide_v_greater_western_sydney_2016-05-28,2016,11713,4060,12255,4060,11713,12381,False,False,False,False,0.6666666666666666,0.4210969393223984,0.2300559410927795
2016_R10_brisbane_lions_v_hawthorn_2016-05-28,2016,4077,11632,4145,4077,11632,11954,True,True,False,False,0.6666666666666666,0.4177389346049144,0.929450666620699
2016_R10_carlton_v_geelong_2016-05-29,2016,11535,11591,11883,11535,12261,11883,True,False,True,False,0.6666666666666666,0.42369750040214665,0.5592760319873682
2016_R10_collingwood_v_western_bulldogs_2016-05-29,2016,11974,11788,4182,11974,11898,4182,True,False,True,False,0.6666666666666666,0.41941994442177755,0.5327475168610368
2016_R10_essendon_v_richmond_2016-05-28,2016,11794,11666,12034,11794,11666,11594,True,True,False,False,0.6666666666666666,0.43399844977081226,0.5207210154367267
2016_R10_melbourne_v_port_adelaide_2016-05-28,2016,12047,11914,11578,11578,12047,11966,False,False,False,False,0.6666666666666666,0.4485040583345807,0.19378378920423212
2016_R10_st_kilda_v_fremantle_2016-05-28,2016,11791,11570,981,11791,11570,12055,True,True,False,False,0.6666666666666666,0.4592662840431831,0.48497794668904526
2016_R10_sydney_v_north_melbourne_2016-05-27,2016,12196,11672,11783,12196,11672,11783,True,True,True,True,1.0,0.4567607623212043,0.5130197857390406
2016_R10_west_coast_v_gold_coast_2016-05-29,2016,4169,11805,11843,4169,11805,4186,True,True,False,False,0.6666666666666666,0.4099345690616564,0.35109136092829824
2016_R11_adelaide_v_st_kilda_2016-06-05,2016,12074,11792,12258,12074,12258,11792,True,False,False,False,1.0,0.4511890705795189,0.851983610463251
2016_R11_carlton_v_brisbane_lions_2016-06-04,2016,11787,12052,11883,11787,12052,11883,True,True,True,True,1.0,0.4621285027310447,0.6698412521862734
2016_R11_collingwood_v_port_adelaide_2016-06-05,2016,12237,12068,11579,12068,11578,11579,False,False,True,False,0.6666666666666666,0.4046013304083004,0.027774666696231336
2016_R11_fremantle_v_essendon_2016-06-04,2016,12055,4088,12137,12055,4088,11763,True,True,False,False,0.6666666666666666,0.44242106119493585,0.7423736944635267
2016_R11_geelong_v_greater_western_sydney_2016-06-04,2016,12143,11538,11637,11700,11538,12022,False,True,False,False,0.3333333333333333,0.35002675729153787,0.051419729853725164
2016_R11_gold_coast_v_sydney_2016-06-04,2016,12196,11783,11672,11783,11672,12196,False,False,False,False,1.0,0.47782488685035457,0.1694315936426111
2016_R11_hawthorn_v_melbourne_2016-06-04,2016,4151,4145,2447,4151,12032,4077,True,False,False,False,0.3333333333333333,0.37577187019047736,0.2872200102063843
2016_R11_north_melbourne_v_richmond_2016-06-03,2016,1427,4176,11724,1427,1132,11724,True,False,True,False,0.6666666666666666,0.42700857196339165,0.3802926407790485
2016_R11_western_bulldogs_v_west_coast_2016-06-05,2016,12203,12269,12166,12203,12269,12166,True,True,True,True,1.0,0.4567607623212043,0.489302565263014
2016_R12_essendon_v_hawthorn_2016-06-10,2016,4077,4149,11845,4077,11845,4149,True,False,False,False,1.0,0.4511890705795189,0.566255365392825
2016_R12_geelong_v_north_melbourne_2016-06-11,2016,11700,11538,1427,11700,11538,11873,True,True,False,False,0.6666666666666666,0.427692332687112,0.991681372937749
2016_R12_greater_western_sydney_v_sydney_2016-06-12,2016,11677,12255,12025,12025,1140,11677,False,False,False,False,0.6666666666666666,0.43868749474734375,0.09932114138612837
2016_R12_melbourne_v_collingwood_2016-06-13,2016,4151,11966,2447,11966,4151,2447,False,False,True,False,1.0,0.49148634481975073,0.36346342858260017
2016_R12_port_adelaide_v_western_bulldogs_2016-06-11,2016,12269,11578,12150,11578,12269,11898,False,False,False,False,0.6666666666666666,0.4503757497621637,0.22184517840359724
2016_R12_richmond_v_gold_coast_2016-06-12,2016,11794,11666,1105,11794,11666,11594,True,True,False,False,0.6666666666666666,0.4459211523982972,0.9224033978174171
2016_R12_st_kilda_v_carlton_2016-06-12,2016,11791,12300,12132,11791,12132,12300,True,False,False,False,1.0,0.4672209726104109,0.47046964510193273
2016_R12_west_coast_v_adelaide_2016-06-11,2016,11792,12165,4060,11792,4060,4186,True,False,False,False,0.6666666666666666,0.4266666916015314,0.3909799286915138
2016_R13_brisbane_lions_v_west_coast_2016-06-18,2016,11904,11710,12087,11710,11805,11704,False,False,False,False,0.3333333333333333,0.3951608526484647,0.049585075411459005
2016_R13_essendon_v_greater_western_sydney_2016-06-19,2016,3940,12028,12302,12028,4132,12025,False,False,False,False,0.3333333333333333,0.3071913555520629,0.0070941975964073315
2016_R13_fremantle_v_port_adelaide_2016-06-18,2016,11809,544,12055,11809,12055,544,True,False,False,False,1.0,0.4672209726104109,0.8417939459476067
2016_R13_north_melbourne_v_hawthorn_2016-06-17,2016,12332,1427,4077,4077,12332,1427,False,False,False,False,1.0,0.44547210427720346,0.134416507661264
2016_R13_sydney_v_melbourne_2016-06-19,2016,11953,4065,3950,11672,12297,11953,False,False,False,False,0.3333333333333333,0.39984426031067793,0.0895493069184224
2016_R13_western_bulldogs_v_geelong_2016-06-18,2016,11700,1106,11538,11700,11538,11818,True,False,False,False,0.6666666666666666,0.4481348846154981,0.9583604578619412
2016_R14_adelaide_v_north_melbourne_2016-06-23,2016,12258,11792,11724,12258,11792,11708,True,True,False,False,0.6666666666666666,0.39965814301457553,0.6364443603009938
2016_R14_collingwood_v_fremantle_2016-06-24,2016,12054,11589,4182,12054,12217,12061,True,False,False,False,0.3333333333333333,0.43689933265005204,0.6416062487215497
2016_R14_greater_western_sydney_v_carlton_2016-06-25,2016,12022,1140,12028,12022,11677,12028,True,False,True,False,0.6666666666666666,0.4313186117584165,0.4307036637975158
2016_R14_hawthorn_v_gold_coast_2016-06-26,2016,1105,1135,11948,1105,1135,4077,True,True,False,False,0.6666666666666666,0.4064366702484166,0.6115470220084723
2016_R14_richmond_v_brisbane_lions_2016-06-25,2016,11794,11576,12059,11794,11576,12059,True,True,True,True,1.0,0.4734536607686237,0.5727946944642172
2016_R14_st_kilda_v_geelong_2016-06-25,2016,12132,981,11538,12132,11700,11538,True,False,True,False,0.6666666666666666,0.42369750040214665,0.3691504945568686
2016_R15_carlton_v_collingwood_2016-07-02,2016,4182,1456,12217,4182,12217,11535,True,False,False,False,0.6666666666666666,0.43991976299101604,0.8124419556321777
2016_R15_gold_coast_v_st_kilda_2016-07-02,2016,4047,12041,11948,4047,12041,4117,True,True,False,False,0.6666666666666666,0.4030116267208427,0.2912376134733539
2016_R15_melbourne_v_adelaide_2016-07-03,2016,12165,2447,11792,2447,12067,11792,False,False,True,False,0.6666666666666666,0.4062778173021012,0.03421311841277988
2016_R15_port_adelaide_v_richmond_2016-07-01,2016,11583,12034,12150,11583,12150,11578,True,False,False,False,0.6666666666666666,0.43606533125000485,0.42496755604295167
2016_R15_sydney_v_western_bulldogs_2016-07-02,2016,4065,11953,12269,11953,12269,12203,False,False,False,False,0.6666666666666666,0.4518346450872726,0.05795885519035457
2016_R16_carlton_v_adelaide_2016-07-10,2016,11792,11708,12165,11792,12165,12156,True,False,False,False,0.6666666666666666,0.4193162638215371,0.42177834389817886
2016_R16_essendon_v_st_kilda_2016-07-10,2016,11791,12241,12003,11791,12241,12132,True,True,False,False,0.6666666666666666,0.4333476656914304,0.8860291339652702
2016_R16_geelong_v_sydney_2016-07-08,2016,11546,12140,11700,11700,12196,11546,False,False,False,False,0.6666666666666666,0.4091260867780055,0.09751640544825399
2016_R16_gold_coast_v_brisbane_lions_2016-07-09,2016,12366,11555,12331,12366,11917,12041,True,False,False,False,0.3333333333333333,0.418371796480365,0.5984414576620256
2016_R16_greater_western_sydney_v_collingwood_2016-07-09,2016,12217,12066,4086,4086,12066,12217,False,True,False,False,1.0,0.4403419060759395,0.14756815380154176
2016_R16_melbourne_v_fremantle_2016-07-09,2016,2447,12147,12321,2447,12055,12009,True,False,False,False,0.3333333333333333,0.4374000768708544,0.28163483645284476
2016_R16_port_adelaide_v_hawthorn_2016-07-07,2016,1134,11632,11578,11578,1135,1134,False,False,False,False,0.6666666666666666,0.42224586014380955,0.15820557119005302
2016_R16_west_coast_v_north_melbourne_2016-07-10,2016,11805,4186,4169,11805,4186,11904,True,True,False,False,0.6666666666666666,0.4440518343198173,0.3716897571689169
2016_R16_western_bulldogs_v_richmond_2016-07-09,2016,12269,11794,1450,11794,12269,11666,False,False,False,False,0.6666666666666666,0.4485456406967223,0.23917624143227628
2016_R17_adelaide_v_collingwood_2016-07-16,2016,12217,12156,12054,11792,12156,12054,False,True,True,False,0.6666666666666666,0.3955555786722531,0.06098059176471172
2016_R17_brisbane_lions_v_greater_western_sydney_2016-07-17,2016,12255,11677,12017,11677,12028,12022,False,False,False,False,0.3333333333333333,0.39984426031067793,0.022285434453453483
2016_R17_carlton_v_west_coast_2016-07-17,2016,11904,12261,11937,12261,12170,11904,False,False,False,False,0.6666666666666666,0.41650666636124206,0.10928974582803926
2016_R17_fremantle_v_geelong_2016-07-15,2016,11700,11716,621,11700,11716,11538,True,True,False,False,0.6666666666666666,0.4393026331792707,0.938657034007839
2016_R17_north_melbourne_v_port_adelaide_2016-07-16,2016,11578,11583,12068,11578,11583,11579,True,True,False,False,0.6666666666666666,0.4214827358769769,0.7723843565064983
2016_R17_richmond_v_essendon_2016-07-16,2016,11794,12241,11850,11794,12241,11666,True,True,False,False,0.6666666666666666,0.45402482756467094,0.9729175012748703
2016_R17_st_kilda_v_melbourne_2016-07-17,2016,12300,11922,12147,12147,12003,1137,False,False,False,False,0.3333333333333333,0.388547031254119,0.08526262601010469
2016_R17_sydney_v_hawthorn_2016-07-14,2016,1126,1135,11672,1135,11672,11953,False,False,False,False,0.6666666666666666,0.4518346450872726,0.10635277224215682
2016_R17_western_bulldogs_v_gold_coast_2016-07-16,2016,11934,11852,11788,11852,11934,12269,False,False,False,False,0.6666666666666666,0.3834817752509977,0.15093882813268517
2016_R18_collingwood_v_north_melbourne_2016-07-22,2016,12093,1427,11540,12093,11540,1427,True,False,False,False,1.0,0.446197924406372,0.3858127628552451
2016_R18_essendon_v_brisbane_lions_2016-07-24,2016,11787,12241,11710,11787,11684,11704,True,False,False,False,0.3333333333333333,0.33947803267786986,0.6553501438855576
2016_R18_geelong_v_adelaide_2016-07-23,2016,621,11538,11700,11700,11538,1106,False,True,False,False,0.6666666666666666,0.43712517279176505,0.03651879016492858
2016_R18_gold_coast_v_fremantle_2016-07-23,2016,12055,11940,11947,12055,11948,12080,True,False,False,False,0.3333333333333333,0.40321259408903004,0.6019834572248336
2016_R18_hawthorn_v_richmond_2016-07-24,2016,4145,1135,11794,1135,11794,4077,False,False,False,False,0.6666666666666666,0.4518346450872726,0.09421136577836302
2016_R18_port_adelaide_v_greater_western_sydney_2016-07-24,2016,12022,12028,11802,12022,12028,11802,True,True,True,True,1.0,0.4515748671340975,0.16303028783520632
2016_R18_sydney_v_carlton_2016-07-23,2016,11672,12261,4065,11672,12261,11953,True,True,False,False,0.6666666666666666,0.44242106119493585,0.620412694313912
2016_R18_west_coast_v_melbourne_2016-07-23,2016,4186,12032,12184,4186,2447,11805,True,False,False,False,0.3333333333333333,0.3776068596745925,0.35447216812856597
2016_R18_western_bulldogs_v_st_kilda_2016-07-23,2016,981,4073,11791,11791,981,12269,False,False,False,False,0.6666666666666666,0.425982930877811,0.06432663909682577
2016_R19_adelaide_v_essendon_2016-07-31,2016,11792,12165,4060,11792,4060,12165,True,False,False,False,1.0,0.4511890705795189,0.5603270414515209
2016_R19_brisbane_lions_v_port_adelaide_2016-07-30,2016,12150,12068,11578,11812,11578,12150,False,False,False,False,0.6666666666666666,0.3862703183674453,0.14872317663931992
2016_R19_collingwood_v_west_coast_2016-07-30,2016,12066,4182,11751,12066,4182,4186,True,True,False,False,0.6666666666666666,0.43781747723192344,0.3299351637879236
2016_R19_fremantle_v_sydney_2016-07-31,2016,11672,11783,12196,11672,11783,11953,True,True,False,False,0.6666666666666666,0.4611815480948928,0.8602905451370209
2016_R19_geelong_v_western_bulldogs_2016-07-29,2016,11700,11847,621,11700,11847,1106,True,True,False,False,0.6666666666666666,0.4333476656914304,0.8289755724282419
2016_R19_greater_western_sydney_v_richmond_2016-07-30,2016,12028,11802,4132,11802,12028,4132,False,False,True,False,1.0,0.45635000623998023,0.2526654653366046
2016_R19_hawthorn_v_carlton_2016-07-30,2016,1126,12261,4077,12261,1126,4077,False,False,True,False,1.0,0.4511890705795189,0.15805883245888563
2016_R19_melbourne_v_gold_coast_2016-07-31,2016,11966,11765,12032,12032,11765,12323,False,True,False,False,0.6666666666666666,0.4211571299500567,0.029506279924160238
2016_R19_north_melbourne_v_st_kilda_2016-07-30,2016,806,11835,1427,11862,12093,11835,False,False,False,False,0.3333333333333333,0.3825641249215655,0.05479975881514137
2016_R20_adelaide_v_brisbane_lions_2016-08-06,2016,11792,12156,11989,11792,12156,12258,True,True,False,False,0.6666666666666666,0.4592662840431831,0.38222217916710605
2016_R20_carlton_v_st_kilda_2016-08-07,2016,12300,981,12415,12050,1137,12261,False,False,False,False,0.0,0.30341882115092883,0.06241689544948008
2016_R20_fremantle_v_west_coast_2016-08-07,2016,4169,4186,11805,4186,4169,11638,False,False,False,False,0.6666666666666666,0.4641898926837802,0.389157436580773
2016_R20_geelong_v_essendon_2016-08-07,2016,621,11643,11700,11700,621,11884,False,False,False,False,0.6666666666666666,0.45227268158275236,0.18563359692788728
2016_R20_gold_coast_v_greater_western_sydney_2016-08-06,2016,11940,12028,11948,12028,11948,11940,False,False,False,False,1.0,0.450417477470362,0.08693442789077095
2016_R20_melbourne_v_hawthorn_2016-08-06,2016,12147,11966,11632,12147,11966,12032,True,True,False,False,0.6666666666666666,0.429005768691257,0.3837102132590979
2016_R20_richmond_v_collingwood_2016-08-05,2016,11733,11794,12250,11794,11733,11566,False,False,False,False,0.6666666666666666,0.4049647400709487,0.05745247153342257
2016_R20_sydney_v_port_adelaide_2016-08-06,2016,11953,12326,11783,11953,11783,11672,True,False,False,False,0.6666666666666666,0.44460704291185826,0.4933225099811706
2016_R20_western_bulldogs_v_north_melbourne_2016-08-06,2016,12269,12122,1427,12269,12122,11686,True,True,False,False,0.6666666666666666,0.4411520312346884,0.18530677636978685
2016_R21_brisbane_lions_v_carlton_2016-08-13,2016,11787,12076,11883,11787,12076,12261,True,True,False,False,0.6666666666666666,0.4646906369045825,0.8801578566826757
2016_R21_essendon_v_gold_coast_2016-08-14,2016,12241,11729,12331,12331,11729,12241,False,True,False,False,1.0,0.46037635674912614,0.13995245441709028
2016_R21_fremantle_v_adelaide_2016-08-14,2016,12165,4060,11763,4060,12074,755,False,False,False,False,0.3333333333333333,0.3302795175916661,0.10087772016413261
2016_R21_greater_western_sydney_v_west_coast_2016-08-13,2016,11805,12282,12028,11805,11768,4186,True,False,False,False,0.3333333333333333,0.41680220917504535,0.9305020823582806
2016_R21_hawthorn_v_north_melbourne_2016-08-13,2016,1135,11941,4176,1135,11941,1134,True,True,False,False,0.6666666666666666,0.429005768691257,0.4910112034944496
2016_R21_port_adelaide_v_melbourne_2016-08-13,2016,11966,12032,4729,4151,12032,11966,False,True,False,False,0.6666666666666666,0.38704358387913435,0.1787992019680988
2016_R21_richmond_v_geelong_2016-08-14,2016,11794,11733,11700,11794,11538,11700,True,False,True,False,0.6666666666666666,0.3746095460763834,0.416934907792806
2016_R21_st_kilda_v_sydney_2016-08-13,2016,11953,4065,11783,4065,11953,11783,False,False,True,False,1.0,0.4511890705795189,0.29528675992693865
2016_R21_western_bulldogs_v_collingwood_2016-08-12,2016,12269,12054,11974,12054,12269,11974,False,False,True,False,1.0,0.4511890705795189,0.22782344994276785
2016_R22_carlton_v_melbourne_2016-08-21,2016,12261,11535,1456,12261,11535,12032,True,True,False,False,0.6666666666666666,0.4175280293042139,0.7207238556448431
2016_R22_collingwood_v_gold_coast_2016-08-20,2016,12054,4182,11967,12054,4182,12427,True,True,False,False,0.6666666666666666,0.45402482756467094,0.5517294481081234
2016_R22_essendon_v_western_bulldogs_2016-08-21,2016,11731,12122,12203,11731,12241,12122,True,False,False,False,0.6666666666666666,0.43614300495095876,0.406782173325365
2016_R22_greater_western_sydney_v_fremantle_2016-08-20,2016,4080,12096,12055,4080,12096,12055,True,True,True,True,1.0,0.4515748671340975,0.4359629571665546
2016_R22_north_melbourne_v_sydney_2016-08-20,2016,11783,11672,788,11783,11953,11672,True,False,False,False,0.6666666666666666,0.43614300495095876,0.31892060472307643
2016_R22_port_adelaide_v_adelaide_2016-08-20,2016,12258,12150,4060,4060,12258,12150,False,False,False,False,1.0,0.4406837864377997,0.25850816438415347
2016_R22_richmond_v_st_kilda_2016-08-20,2016,12132,1137,12276,12132,1137,11794,True,True,False,False,0.6666666666666666,0.4489563967779464,0.5011309929784895
2016_R22_west_coast_v_hawthorn_2016-08-19,2016,11904,4169,12273,11904,4186,11638,True,False,False,False,0.3333333333333333,0.3849572874545868,0.4099525021808441
2016_R23_adelaide_v_west_coast_2016-08-26,2016,11904,4169,12383,11904,11805,4186,True,False,False,False,0.3333333333333333,0.34831959600483264,0.306070255767798
2016_R23_essendon_v_carlton_2016-08-27,2016,12199,12241,12407,12241,12199,12261,False,False,False,False,0.6666666666666666,0.3759587424367176,0.1469279508657944
2016_R23_fremantle_v_western_bulldogs_2016-08-28,2016,12055,11580,1450,12055,11716,4137,True,False,False,False,0.3333333333333333,0.4087023008179841,0.5875627648353764
2016_R23_hawthorn_v_collingwood_2016-08-28,2016,12054,1126,11632,12054,1135,4182,True,False,False,False,0.3333333333333333,0.37363640123125996,0.7558251981669826
2016_R23_north_melbourne_v_greater_western_sydney_2016-08-27,2016,12096,1140,11802,12096,12022,11802,True,False,True,False,0.6666666666666666,0.4196581441833973,0.48276657262012146
2016_R23_st_kilda_v_brisbane_lions_2016-08-28,2016,981,11570,11791,981,11570,11791,True,True,True,True,1.0,0.4621285027310447,0.9933602240224587
2016_R23_sydney_v_richmond_2016-08-27,2016,4065,11672,4184,11672,4065,12196,False,False,False,False,0.6666666666666666,0.4697716584202925,0.35554442649915735
2016_R2_adelaide_v_port_adelaide_2016-04-02,2016,11865,4060,11578,11865,11578,12165,True,False,False,False,0.6666666666666666,0.4636891484629778,0.4936136466907735
2016_R2_brisbane_lions_v_north_melbourne_2016-04-02,2016,1418,1427,788,1418,788,11724,True,False,False,False,0.6666666666666666,0.4583304383293915,0.9045538300841378
2016_R2_carlton_v_sydney_2016-04-03,2016,11953,12196,4065,12196,11633,11672,False,False,False,False,0.3333333333333333,0.4402431541767312,0.12540381298673717
2016_R2_collingwood_v_richmond_2016-04-01,2016,11977,12054,11666,11977,12054,11666,True,True,True,True,1.0,0.4988288422933695,0.6167160123622959
2016_R2_essendon_v_melbourne_2016-04-02,2016,12241,11729,12199,12241,11729,12199,True,True,True,True,1.0,0.49210730040385664,0.46803458507230383
2016_R2_fremantle_v_gold_coast_2016-04-02,2016,12041,11948,11834,11834,12041,11948,False,False,False,False,1.0,0.47782488685035457,0.09610152715759832
2016_R2_greater_western_sydney_v_geelong_2016-04-03,2016,4080,11656,11802,4080,11802,12025,True,False,False,False,0.6666666666666666,0.41898190792629786,0.4108168403099368
2016_R2_hawthorn_v_west_coast_2016-04-03,2016,4145,1135,11632,4145,1135,11632,True,True,True,True,1.0,0.4567607623212043,0.8067499859019881
2016_R2_st_kilda_v_western_bulldogs_2016-04-02,2016,12122,12203,11731,12203,11731,11898,False,False,False,False,0.6666666666666666,0.4569266697587043,0.06385806239180129
2016_R3_geelong_v_brisbane_lions_2016-04-10,2016,11700,11538,11798,11538,11700,11818,False,False,False,False,0.6666666666666666,0.4587983611862873,0.3773390967578569
2016_R3_gold_coast_v_carlton_2016-04-09,2016,12041,11948,1105,12041,11948,1105,True,True,True,True,1.0,0.4567607623212043,0.6723495152340463
2016_R3_north_melbourne_v_melbourne_2016-04-10,2016,11686,788,12147,11686,788,11966,True,True,False,False,0.6666666666666666,0.4411520312346884,0.878767592632677
2016_R3_port_adelaide_v_essendon_2016-04-08,2016,11578,11927,11885,11578,12150,12149,True,False,False,False,0.3333333333333333,0.4091080283955215,0.7930996610984931
2016_R3_richmond_v_adelaide_2016-04-09,2016,755,11891,11666,755,11666,12034,True,False,False,False,0.6666666666666666,0.4871035169204562,0.47043345433101075
2016_R3_st_kilda_v_collingwood_2016-04-09,2016,1137,11791,12249,11791,1137,12050,False,False,False,False,0.6666666666666666,0.45358679106919136,0.29091576259547236
2016_R3_sydney_v_greater_western_sydney_2016-04-09,2016,11783,11953,4065,11953,11783,11672,False,False,False,False,0.6666666666666666,0.4641898926837802,0.28761364663531747
2016_R3_west_coast_v_fremantle_2016-04-09,2016,4186,11904,11905,11805,4186,11904,False,False,False,False,0.6666666666666666,0.41650666636124206,0.3177584163227961
2016_R4_adelaide_v_sydney_2016-04-16,2016,11783,11792,12381,11783,11792,4060,True,True,False,False,0.6666666666666666,0.42087551758437675,0.5711630254406797
2016_R4_brisbane_lions_v_gold_coast_2016-04-16,2016,11704,11948,12076,11704,11948,11811,True,True,False,False,0.6666666666666666,0.4489563967779464,0.6003206484118898
2016_R4_carlton_v_western_bulldogs_2016-04-16,2016,12203,12228,11852,12203,11852,12228,True,False,False,False,1.0,0.4788986506410295,0.5834976111682023
2016_R4_collingwood_v_melbourne_2016-04-17,2016,11765,2447,12147,12147,12016,12032,False,False,False,False,0.3333333333333333,0.411538152639816,0.03895995423686901
2016_R4_essendon_v_geelong_2016-04-16,2016,12241,11729,11798,11538,11700,11729,False,False,False,False,0.3333333333333333,0.3876740869381326,0.09947436155555628
2016_R4_greater_western_sydney_v_port_adelaide_2016-04-17,2016,12028,11656,11677,12022,12028,11677,False,False,True,False,0.6666666666666666,0.38791843562865014,0.27826176801240926
2016_R4_hawthorn_v_st_kilda_2016-04-16,2016,1135,11570,981,1135,11570,4077,True,True,False,False,0.6666666666666666,0.4459211523982972,0.879097461981777
2016_R4_north_melbourne_v_fremantle_2016-04-17,2016,11834,11724,1418,11834,12055,11724,True,False,False,False,0.6666666666666666,0.4329369096102063,0.6138532906993674
2016_R4_west_coast_v_richmond_2016-04-15,2016,11904,12087,11666,12087,11904,11805,False,False,False,False,0.6666666666666666,0.42117209040369624,0.2962818226339616
2016_R5_collingwood_v_essendon_2016-04-25,2016,11751,4182,12054,11751,12066,4182,True,False,False,False,0.6666666666666666,0.4606446661995553,0.7247234552132034
2016_R5_fremantle_v_carlton_2016-04-24,2016,12055,12261,4148,12055,11809,12261,True,False,False,False,0.6666666666666666,0.4291377972276155,0.33111321196360016
2016_R5_gold_coast_v_north_melbourne_2016-04-23,2016,1132,11686,4180,12289,1132,11686,False,False,False,False,0.6666666666666666,0.41574945835187793,0.1944801376293753
2016_R5_hawthorn_v_adelaide_2016-04-22,2016,11942,755,11632,11942,1135,755,True,False,False,False,0.6666666666666666,0.44548311590281753,0.5837519112564187
2016_R5_melbourne_v_richmond_2016-04-24,2016,11966,12147,12032,12147,11966,12032,False,False,True,False,1.0,0.4672209726104109,0.14742177603677736
2016_R5_port_adelaide_v_geelong_2016-04-23,2016,11538,11700,12150,11700,11538,11798,False,False,False,False,0.6666666666666666,0.4049647400709487,0.2842281187469598
2016_R5_st_kilda_v_greater_western_sydney_2016-04-24,2016,12025,11802,981,12025,12028,4132,True,False,False,False,0.3333333333333333,0.4056650771392597,0.8407163360382319
2016_R5_sydney_v_west_coast_2016-04-23,2016,1119,11953,12273,11672,1119,11953,False,False,False,False,0.6666666666666666,0.35679117838301283,0.1569961073409424
2016_R5_western_bulldogs_v_brisbane_lions_2016-04-23,2016,11852,11934,12167,11934,11852,1450,False,False,False,False,0.6666666666666666,0.4335305269139165,0.30489553990303414
2016_R6_adelaide_v_fremantle_2016-04-30,2016,11792,11763,4060,11792,12055,11763,True,False,False,False,0.6666666666666666,0.43737944073644375,0.3159755149435298
2016_R6_brisbane_lions_v_sydney_2016-05-01,2016,11953,12076,4065,11953,11783,12076,True,False,False,False,0.6666666666666666,0.4419531383380401,0.3218928784641766
2016_R6_carlton_v_essendon_2016-05-01,2016,11535,4152,3940,11535,4152,11883,True,True,False,False,0.6666666666666666,0.4520545558741557,0.5480693191298385
2016_R6_geelong_v_gold_coast_2016-04-30,2016,11700,11548,11538,11700,11538,11548,True,False,False,False,1.0,0.4729529165478214,0.40936009966592973
2016_R6_greater_western_sydney_v_hawthorn_2016-04-30,2016,12282,11677,1140,1140,12022,12282,False,False,False,False,0.6666666666666666,0.44329293342541926,0.13741849017304325
2016_R6_north_melbourne_v_western_bulldogs_2016-04-29,2016,1418,12203,11636,12203,1418,1427,False,False,False,False,0.6666666666666666,0.44366603776523883,0.13816267270913812
2016_R6_richmond_v_port_adelaide_2016-04-30,2016,11782,11583,11594,11594,11782,11583,False,False,False,False,1.0,0.4662851268966194,0.13024589752304774
2016_R6_west_coast_v_collingwood_2016-05-01,2016,4114,12054,11805,4114,11768,11805,True,False,True,False,0.6666666666666666,0.4041218909209458,0.5893081138746301
2016_R7_collingwood_v_carlton_2016-05-07,2016,11535,4182,12261,11535,12261,4182,True,False,False,False,1.0,0.45635000623998023,0.43807157440208905
2016_R7_fremantle_v_greater_western_sydney_2016-05-07,2016,12028,12055,11677,12028,11677,12055,True,False,False,False,1.0,0.4511890705795189,0.5142088365523154
2016_R7_geelong_v_west_coast_2016-05-07,2016,11700,11818,12153,11538,11818,11700,False,True,False,False,0.6666666666666666,0.37978538258744876,0.07092168404016091
2016_R7_gold_coast_v_melbourne_2016-05-07,2016,11966,2447,12147,2447,11966,12379,False,False,False,False,0.6666666666666666,0.46603786817176623,0.1897732594766069
2016_R7_port_adelaide_v_brisbane_lions_2016-05-08,2016,11812,11885,12150,12150,11914,11812,False,False,False,False,0.6666666666666666,0.43047237312286163,0.14625981259756288
2016_R7_richmond_v_hawthorn_2016-05-06,2016,4077,11845,11954,11954,4077,11845,False,False,False,False,1.0,0.47782488685035457,0.24209407440930267
2016_R7_st_kilda_v_north_melbourne_2016-05-08,2016,981,1137,11724,11724,11835,981,False,False,False,False,0.6666666666666666,0.43868749474734375,0.16348193260558963
2016_R7_sydney_v_essendon_2016-05-07,2016,12326,4065,12196,11672,4065,12326,False,True,False,False,0.6666666666666666,0.44516161229329076,0.1638788992926457
2016_R7_western_bulldogs_v_adelaide_2016-05-07,2016,12074,12269,12167,12074,12269,11974,True,True,False,False,0.6666666666666666,0.4177389346049144,0.39543307867686256
2016_R8_adelaide_v_geelong_2016-05-13,2016,11884,11792,11818,11884,11700,11818,True,False,True,False,0.6666666666666666,0.4357572083963802,0.333065227647322
2016_R8_carlton_v_port_adelaide_2016-05-15,2016,12261,11535,12170,12170,11535,12261,False,True,False,False,1.0,0.4451091942126192,0.17710901973185003
2016_R8_greater_western_sydney_v_gold_coast_2016-05-14,2016,12017,12175,12022,12017,12022,12255,True,False,False,False,0.6666666666666666,0.45442538037813435,0.512635072685383
2016_R8_hawthorn_v_fremantle_2016-05-14,2016,12055,11941,4145,12055,4077,11941,True,False,False,False,0.6666666666666666,0.425107915489793,0.41089140981207345
2016_R8_melbourne_v_western_bulldogs_2016-05-15,2016,12269,12203,11898,12203,12269,11731,False,False,False,False,0.6666666666666666,0.44548311590281753,0.2006147779493483
2016_R8_richmond_v_sydney_2016-05-14,2016,11850,11783,11794,11783,11850,4065,False,False,False,False,0.6666666666666666,0.4503757497621637,0.17692420788580054
2016_R8_west_coast_v_st_kilda_2016-05-15,2016,4186,4114,11904,4114,11805,11904,False,False,True,False,0.6666666666666666,0.425982930877811,0.10599298215514488
2016_R9_collingwood_v_geelong_2016-05-21,2016,11751,4182,12054,4182,11751,12054,False,False,True,False,1.0,0.46169046623556514,0.2511847138504552
2016_R9_fremantle_v_richmond_2016-05-21,2016,11794,11666,12055,11666,12055,11794,False,False,False,False,1.0,0.455528494077532,0.05642962816758599
2016_R9_gold_coast_v_adelaide_2016-05-21,2016,11713,11865,11989,11713,11792,11865,True,False,False,False,0.6666666666666666,0.4606446661995553,0.5028792769035599
2016_R9_greater_western_sydney_v_western_bulldogs_2016-05-22,2016,11677,12025,4132,4132,12028,11677,False,False,False,False,0.6666666666666666,0.4183963634403491,0.05209710577533338
2016_R9_hawthorn_v_sydney_2016-05-20,2016,11783,11953,11845,11783,11633,11953,True,False,False,False,0.6666666666666666,0.44548311590281753,0.3327757265771634
2016_R9_north_melbourne_v_carlton_2016-05-21,2016,11686,11724,11859,11686,11724,1132,True,True,False,False,0.6666666666666666,0.4459211523982972,0.8242280066305456
2016_R9_port_adelaide_v_west_coast_2016-05-21,2016,4169,4186,11578,4169,4186,11578,True,True,True,True,1.0,0.44170942752338027,0.44159761081867993
2016_R9_st_kilda_v_essendon_2016-05-22,2016,11791,12132,12065,11791,12132,12065,True,True,True,True,1.0,0.4734536607686237,0.6507908222742569
2017_R10_adelaide_v_fremantle_2017-05-27,2017,12381,11792,11678,11792,12381,12258,False,False,False,False,0.6666666666666666,0.4203419049071177,0.15780986385671883
2017_R10_carlton_v_north_melbourne_2017-05-28,2017,11535,4180,11645,11535,4180,11724,True,True,False,False,0.6666666666666666,0.42963854144841795,0.41429833783210357
2017_R10_collingwood_v_brisbane_lions_2017-05-28,2017,4182,11751,11728,12054,4182,11751,False,False,False,False,0.6666666666666666,0.432594681200125,0.21802989806722592
2017_R10_geelong_v_port_adelaide_2017-05-25,2017,11700,11927,11538,11700,11538,12150,True,False,False,False,0.6666666666666666,0.4481348846154981,0.44851134841387985
2017_R10_melbourne_v_gold_coast_2017-05-27,2017,2447,11711,12041,11711,12410,2447,False,False,False,False,0.6666666666666666,0.41650666636124206,0.07958208741953597
2017_R10_richmond_v_essendon_2017-05-27,2017,11794,11729,12034,11794,12034,11666,True,False,False,False,0.6666666666666666,0.44328024121066034,0.2945740407337289
2017_R10_sydney_v_hawthorn_2017-05-26,2017,1126,4065,11783,11672,12196,11760,False,False,False,False,0.0,0.3900797480050322,0.10367274549783856
2017_R10_west_coast_v_greater_western_sydney_2017-05-28,2017,11677,12175,12022,11677,12022,12255,True,False,False,False,0.6666666666666666,0.4636891484629778,0.19361331388563258
2017_R10_western_bulldogs_v_st_kilda_2017-05-27,2017,12167,12122,12050,12167,12050,12122,True,False,False,False,1.0,0.446197924406372,0.27875386454139933
2017_R11_fremantle_v_collingwood_2017-06-04,2017,4182,11751,12397,12054,4182,11751,False,False,False,False,0.6666666666666666,0.39775624777040103,0.15031661962073078
2017_R11_geelong_v_adelaide_2017-06-02,2017,11538,11700,11644,11700,11538,12258,False,False,False,False,0.6666666666666666,0.43614300495095876,0.23187835043692714
2017_R11_gold_coast_v_west_coast_2017-06-03,2017,12067,11704,12253,1105,12067,1135,False,False,False,False,0.3333333333333333,0.40529916898526885,0.14657392354390567
2017_R11_greater_western_sydney_v_essendon_2017-06-03,2017,12255,12025,12175,12255,12022,12143,True,False,False,False,0.3333333333333333,0.42370414691910574,0.8990294301939519
2017_R11_north_melbourne_v_richmond_2017-06-03,2017,11794,11666,11566,11794,11666,11917,True,True,False,False,0.6666666666666666,0.4440518343198173,0.8941579061289675
2017_R11_port_adelaide_v_hawthorn_2017-06-01,2017,11639,11914,12150,11639,11914,12150,True,True,True,True,1.0,0.4621285027310447,0.40527528252893674
2017_R12_adelaide_v_st_kilda_2017-06-09,2017,11708,12165,11865,12165,11708,11865,False,False,True,False,1.0,0.446197924406372,0.16607925523312905
2017_R12_brisbane_lions_v_fremantle_2017-06-10,2017,12076,11728,12252,11728,12076,11787,False,False,False,False,0.6666666666666666,0.4641898926837802,0.24586098285256483
2017_R12_carlton_v_greater_western_sydney_2017-06-11,2017,11645,12022,12143,12022,11645,12170,False,False,False,False,0.6666666666666666,0.4641898926837802,0.204885419405757
2017_R12_essendon_v_port_adelaide_2017-06-10,2017,11702,11896,12391,12241,11896,11702,False,True,False,False,0.6666666666666666,0.37476608384964405,0.10646421390788775
2017_R12_hawthorn_v_gold_coast_2017-06-10,2017,1105,11940,11845,1105,12196,12067,True,False,False,False,0.3333333333333333,0.40277455759355035,0.7838610070860246
2017_R12_melbourne_v_collingwood_2017-06-12,2017,11751,12430,12217,11751,12054,12217,True,False,True,False,0.6666666666666666,0.43211539744775807,0.33522727855575335
2017_R12_sydney_v_western_bulldogs_2017-06-08,2017,12326,11880,1401,11672,12326,12268,False,False,False,False,0.3333333333333333,0.3450351082282479,0.06049052447565238
2017_R13_gold_coast_v_carlton_2017-06-17,2017,11535,12170,1456,11535,1456,12170,True,False,False,False,1.0,0.4672209726104109,0.9811570592644818
2017_R13_north_melbourne_v_st_kilda_2017-06-16,2017,12132,11839,12093,12132,11835,1137,True,False,False,False,0.3333333333333333,0.383589766007146,0.5876905500184498
2017_R13_port_adelaide_v_brisbane_lions_2017-06-17,2017,12150,4144,12076,12150,12076,4144,True,False,False,False,1.0,0.4672209726104109,0.44419534716104997
2017_R13_richmond_v_sydney_2017-06-17,2017,11672,12268,11733,11666,11953,11794,False,False,False,False,0.0,0.31230231093127025,0.10568650505501861
2017_R13_west_coast_v_geelong_2017-06-15,2017,1135,11700,11805,11700,11805,11904,False,False,False,False,0.6666666666666666,0.43748808285634927,0.07498161558680076
2017_R13_western_bulldogs_v_melbourne_2017-06-18,2017,11938,12009,12394,12410,12009,4077,False,True,False,False,0.3333333333333333,0.38923079197783933,0.040686702899157455
2017_R14_adelaide_v_hawthorn_2017-06-22,2017,11832,1126,12196,12196,1126,11832,False,True,False,False,1.0,0.4451091942126192,0.06148187290044223
2017_R14_brisbane_lions_v_greater_western_sydney_2017-06-24,2017,12022,12096,12017,12022,12096,11677,True,True,False,False,0.6666666666666666,0.4459211523982972,0.46087552869519693
2017_R14_collingwood_v_port_adelaide_2017-06-24,2017,11578,12150,4182,11578,12150,11751,True,True,False,False,0.6666666666666666,0.4393026331792707,0.7817574762799806
2017_R14_geelong_v_fremantle_2017-06-25,2017,11700,11763,12153,11700,11763,11798,True,True,False,False,0.6666666666666666,0.4471645891765002,0.7144359587188052
2017_R14_richmond_v_carlton_2017-06-25,2017,12261,11733,11794,11794,12261,12333,False,False,False,False,0.6666666666666666,0.3921243247833143,0.11414326303350594
2017_R14_st_kilda_v_gold_coast_2017-06-25,2017,12249,11555,12050,12249,11791,12325,True,False,False,False,0.3333333333333333,0.38984741840154247,0.3996726887365217
2017_R14_sydney_v_essendon_2017-06-23,2017,11715,11672,12326,11672,12241,11715,False,False,False,False,0.6666666666666666,0.42784837902752165,0.0786978040904638
2017_R14_west_coast_v_melbourne_2017-06-24,2017,12147,12009,12032,12147,12009,806,True,True,False,False,0.6666666666666666,0.4393026331792707,0.46673712827802716
2017_R14_western_bulldogs_v_north_melbourne_2017-06-24,2017,12269,12166,11835,12269,11835,12166,True,False,False,False,1.0,0.44136754716152005,0.35581003590757876
2017_R15_carlton_v_adelaide_2017-07-01,2017,11866,12156,11535,11535,12261,12156,False,False,False,False,0.6666666666666666,0.37101691167127476,0.013949867995735459
2017_R15_essendon_v_brisbane_lions_2017-07-02,2017,12076,12454,11715,12076,1443,11787,True,False,False,False,0.3333333333333333,0.38668067381455007,0.5333075407523792
2017_R15_fremantle_v_st_kilda_2017-07-02,2017,11763,12132,12060,11763,12132,12249,True,True,False,False,0.6666666666666666,0.4099345690616564,0.9770309003405689
2017_R15_gold_coast_v_north_melbourne_2017-07-01,2017,12067,1105,11948,12067,1105,11948,True,True,True,True,1.0,0.4676888954673067,0.6135823482476771
2017_R15_greater_western_sydney_v_geelong_2017-07-01,2017,11700,12143,12096,11700,11677,12464,True,False,False,False,0.3333333333333333,0.41574945835187793,0.9643416836228703
2017_R15_hawthorn_v_collingwood_2017-07-02,2017,12196,12318,12477,12196,12360,12477,True,False,True,False,0.6666666666666666,0.400834166333337,0.8266590208906428
2017_R15_melbourne_v_sydney_2017-06-30,2017,11953,4065,11672,11953,4065,11672,True,True,True,True,1.0,0.4515748671340975,0.847128170286629
2017_R15_port_adelaide_v_richmond_2017-07-01,2017,11794,12333,12047,11794,12047,12333,True,False,False,False,1.0,0.446197924406372,0.6450011523373043
2017_R15_western_bulldogs_v_west_coast_2017-07-01,2017,11904,11905,12273,11904,12253,12273,True,False,True,False,0.6666666666666666,0.4160763890458768,0.6906221707953323
2017_R16_adelaide_v_western_bulldogs_2017-07-07,2017,11713,12074,12351,12258,12165,12074,False,False,False,False,0.3333333333333333,0.36786326936157676,0.048451592454562376
2017_R16_brisbane_lions_v_geelong_2017-07-08,2017,11700,11798,12076,11700,11798,12076,True,True,True,True,1.0,0.4621285027310447,0.8917114638019147
2017_R16_carlton_v_melbourne_2017-07-09,2017,1456,12410,4148,12410,4148,12009,False,False,False,False,0.6666666666666666,0.44285489692993957,0.07240033516712274
2017_R16_collingwood_v_essendon_2017-07-08,2017,12302,1141,12199,11729,11896,11715,False,False,False,False,0.0,0.33179489118532546,0.04731911624211398
2017_R16_hawthorn_v_greater_western_sydney_2017-07-08,2017,12196,12255,12096,12196,11677,12255,True,False,False,False,0.6666666666666666,0.4407412751534643,0.6645242973567146
2017_R16_north_melbourne_v_fremantle_2017-07-09,2017,11834,12289,12397,11834,12397,11724,True,False,False,False,0.6666666666666666,0.4387051201707567,0.6712469984177398
2017_R16_st_kilda_v_richmond_2017-07-08,2017,12132,12300,1137,11791,12132,12300,False,False,False,False,0.6666666666666666,0.41643929911046107,0.275498569639546
2017_R16_sydney_v_gold_coast_2017-07-08,2017,11842,11953,12140,11842,11953,12268,True,True,False,False,0.6666666666666666,0.4592662840431831,0.5885193978103547
2017_R16_west_coast_v_port_adelaide_2017-07-09,2017,11639,4144,11914,12150,11639,4144,False,False,False,False,0.6666666666666666,0.42784837902752165,0.22530990582386198
2017_R17_carlton_v_western_bulldogs_2017-07-16,2017,12269,12166,11535,12269,12166,12363,True,True,False,False,0.6666666666666666,0.43652880150553713,0.6923010569158988
2017_R17_fremantle_v_west_coast_2017-07-16,2017,4162,12334,12397,4162,11834,12334,True,False,False,False,0.6666666666666666,0.44548311590281753,0.1995730225064032
2017_R17_geelong_v_hawthorn_2017-07-15,2017,11700,12196,11760,11700,12196,11538,True,True,False,False,0.6666666666666666,0.45402482756467094,0.5245616070267644
2017_R17_gold_coast_v_collingwood_2017-07-15,2017,11751,1105,12066,1105,12066,11751,False,False,False,False,1.0,0.455528494077532,0.05892104714222677
2017_R17_greater_western_sydney_v_sydney_2017-07-15,2017,4065,11672,12022,11672,4065,11677,False,False,False,False,0.6666666666666666,0.4273504523252518,0.1861943863692385
2017_R17_melbourne_v_adelaide_2017-07-15,2017,11865,12165,12156,11865,11713,12165,True,False,False,False,0.6666666666666666,0.42442332053131526,0.2082612793406527
2017_R17_port_adelaide_v_north_melbourne_2017-07-15,2017,12047,11639,4144,12047,11639,12150,True,True,False,False,0.6666666666666666,0.4338005714326815,0.7009557120648362
2017_R17_richmond_v_brisbane_lions_2017-07-16,2017,11794,11576,11666,11794,11666,11576,True,False,False,False,1.0,0.45635000623998023,0.9619860253337428
2017_R17_st_kilda_v_essendon_2017-07-14,2017,11729,1141,12241,12241,11729,12199,False,False,False,False,0.6666666666666666,0.4425086481015034,0.21436586298503624
2017_R18_adelaide_v_geelong_2017-07-21,2017,11792,11708,11643,11792,12258,2381,True,False,False,False,0.3333333333333333,0.39023321495612096,0.6289127005560882
2017_R18_brisbane_lions_v_carlton_2017-07-23,2017,12076,11728,11894,11728,12076,11894,False,False,True,False,1.0,0.46169046623556514,0.37284179172429954
2017_R18_collingwood_v_west_coast_2017-07-23,2017,12318,4169,12054,12054,12318,12061,False,False,False,False,0.6666666666666666,0.4226087702083938,0.14016343991094132
2017_R18_essendon_v_north_melbourne_2017-07-22,2017,11896,12289,11702,11702,12289,11896,False,True,False,False,1.0,0.47728800495501705,0.1532411883764149
2017_R18_fremantle_v_hawthorn_2017-07-22,2017,12196,11845,11760,12196,11845,12332,True,True,False,False,0.6666666666666666,0.43781747723192344,0.5707846299916733
2017_R18_melbourne_v_port_adelaide_2017-07-22,2017,11938,11583,12410,11938,12410,11583,True,False,False,False,1.0,0.446197924406372,0.4894587178385674
2017_R18_richmond_v_greater_western_sydney_2017-07-23,2017,11794,11733,11677,11794,11677,11666,True,False,False,False,0.6666666666666666,0.3906290332441235,0.7207691559416899
2017_R18_sydney_v_st_kilda_2017-07-22,2017,12158,11672,1401,12158,11672,12132,True,True,False,False,0.6666666666666666,0.33658121625136833,0.9609962471691804
2017_R18_western_bulldogs_v_gold_coast_2017-07-22,2017,11731,12203,11974,11731,12203,12228,True,True,False,False,0.6666666666666666,0.43781747723192344,0.48021208149907146
2017_R19_carlton_v_geelong_2017-07-29,2017,11548,12099,11909,11548,11909,11798,True,False,False,False,0.6666666666666666,0.42746258247294316,0.9407406506740498
2017_R19_collingwood_v_adelaide_2017-07-30,2017,1427,12066,12258,12066,12258,1427,False,False,False,False,1.0,0.455528494077532,0.15082214010247091
2017_R19_gold_coast_v_richmond_2017-07-29,2017,11794,12041,11733,11794,12041,11666,True,True,False,False,0.6666666666666666,0.39458644599225334,0.8536094209641638
2017_R19_greater_western_sydney_v_fremantle_2017-07-29,2017,11834,12055,12028,11834,12255,12055,True,False,False,False,0.6666666666666666,0.44666384495569783,0.6278488057047232
2017_R19_hawthorn_v_sydney_2017-07-28,2017,4078,11760,11953,11760,4078,11682,False,False,False,False,0.6666666666666666,0.4171651192396296,0.0857148293949197
2017_R19_north_melbourne_v_melbourne_2017-07-29,2017,12410,12289,4180,12410,4180,4176,True,False,False,False,0.6666666666666666,0.4531487545737117,0.46273245711781724
2017_R19_port_adelaide_v_st_kilda_2017-07-29,2017,11578,11927,11871,11927,11578,4144,False,False,False,False,0.6666666666666666,0.31521369363510576,0.1987821702408441
2017_R19_west_coast_v_brisbane_lions_2017-07-30,2017,4169,11728,12253,4169,12253,1135,True,False,False,False,0.6666666666666666,0.4636891484629778,0.298242486795872
2017_R19_western_bulldogs_v_essendon_2017-07-30,2017,12122,12199,12228,12199,12269,12122,False,False,False,False,0.6666666666666666,0.4266666916015314,0.09844119695721028
2017_R20_adelaide_v_port_adelaide_2017-08-06,2017,11708,4060,11792,11792,12258,12156,False,False,False,False,0.3333333333333333,0.404594740005743,0.034371655132951685
2017_R20_brisbane_lions_v_western_bulldogs_2017-08-05,2017,12269,11725,12166,12166,12269,12363,False,False,False,False,0.6666666666666666,0.4308831292040857,0.18259439340630332
2017_R20_essendon_v_carlton_2017-08-05,2017,11896,11866,11729,11896,11729,4148,True,False,False,False,0.6666666666666666,0.35316241380158814,0.6404489416605945
2017_R20_geelong_v_sydney_2017-08-04,2017,11953,11783,12464,11953,11783,12158,True,True,False,False,0.6666666666666666,0.4255433001481724,0.3808375758703086
2017_R20_greater_western_sydney_v_melbourne_2017-08-05,2017,12255,11966,11677,12255,11677,11966,True,False,False,False,1.0,0.446197924406372,0.32981805447098306
2017_R20_north_melbourne_v_collingwood_2017-08-05,2017,12054,12066,11724,12054,12066,11724,True,True,True,True,1.0,0.4676888954673067,0.33729519420841714
2017_R20_richmond_v_hawthorn_2017-08-06,2017,12010,11917,12332,12010,11794,11917,True,False,False,False,0.6666666666666666,0.41732817852369036,0.5523449954553887
2017_R20_st_kilda_v_west_coast_2017-08-06,2017,12368,4162,11839,12368,12276,12249,True,False,False,False,0.3333333333333333,0.2042792756492991,0.29840941513399327
2017_R21_brisbane_lions_v_gold_coast_2017-08-12,2017,11728,11787,11684,11728,11684,11787,True,False,False,False,1.0,0.4729529165478214,0.9324058259304285
2017_R21_essendon_v_adelaide_2017-08-12,2017,12258,12381,11891,12258,12074,11891,True,False,True,False,0.6666666666666666,0.42700857196339165,0.4946870214333179
2017_R21_geelong_v_richmond_2017-08-12,2017,11700,11643,11917,11700,11643,11917,True,True,True,True,1.0,0.4567607623212043,0.6932543526612642
2017_R21_hawthorn_v_north_melbourne_2017-08-13,2017,11845,11941,12196,12196,11941,11954,False,True,False,False,0.6666666666666666,0.45192165927412253,0.06310230323422587
2017_R21_melbourne_v_st_kilda_2017-08-13,2017,11903,2447,12249,12410,2447,11903,False,True,False,False,0.6666666666666666,0.4160763890458768,0.12979244813558932
2017_R21_port_adelaide_v_collingwood_2017-08-13,2017,12150,11639,11589,12047,12150,11639,False,False,False,False,0.6666666666666666,0.39775624777040103,0.1983033752082911
2017_R21_sydney_v_fremantle_2017-08-12,2017,4065,11953,12140,4065,11953,11783,True,True,False,False,0.6666666666666666,0.4333476656914304,0.48118189240029063
2017_R21_west_coast_v_carlton_2017-08-12,2017,4148,4169,11645,4148,4169,11780,True,True,False,False,0.6666666666666666,0.4247862305958995,0.3636261582364352
2017_R21_western_bulldogs_v_greater_western_sydney_2017-08-11,2017,12022,12028,12175,12022,12255,12096,True,False,False,False,0.3333333333333333,0.41264959676526314,0.3417466765048322
2017_R22_adelaide_v_sydney_2017-08-18,2017,11672,11792,4065,11672,11792,11953,True,True,False,False,0.6666666666666666,0.42068378526897793,0.34815895236947564
2017_R22_carlton_v_hawthorn_2017-08-19,2017,12196,4148,12170,12196,4148,12170,True,True,True,True,1.0,0.4465608344709563,0.7829398654884258
2017_R22_collingwood_v_geelong_2017-08-19,2017,11798,12464,12066,11700,12464,11798,False,True,False,False,0.6666666666666666,0.43606533125000485,0.050351791551149966
2017_R22_gold_coast_v_essendon_2017-08-19,2017,11729,11675,11896,11729,11675,11896,True,True,True,True,1.0,0.4515748671340975,0.7739589683782976
2017_R22_greater_western_sydney_v_west_coast_2017-08-19,2017,12255,12143,4186,12255,12143,4186,True,True,True,True,1.0,0.44170942752338027,0.790930419867067
2017_R22_melbourne_v_brisbane_lions_2017-08-20,2017,12321,11728,11903,11728,12321,12410,False,False,False,False,0.6666666666666666,0.4316815218230008,0.12493137567713697
2017_R22_st_kilda_v_north_melbourne_2017-08-20,2017,11791,12132,12247,11791,11835,12132,True,False,False,False,0.6666666666666666,0.4407412751534643,0.5269854470926472
2017_R22_western_bulldogs_v_port_adelaide_2017-08-19,2017,11583,11914,12166,12166,11583,11914,False,False,False,False,1.0,0.46081439324460577,0.2346534294862716
2017_R23_brisbane_lions_v_north_melbourne_2017-08-26,2017,12289,4180,11725,12289,4180,12246,True,True,False,False,0.6666666666666666,0.38919542623368086,0.4900667830345687
2017_R23_collingwood_v_melbourne_2017-08-26,2017,12026,12066,12083,12066,12217,12026,False,False,False,False,0.6666666666666666,0.42784837902752165,0.08184793221499141
2017_R23_essendon_v_fremantle_2017-08-27,2017,12241,11896,11834,12241,11896,1443,True,True,False,False,0.6666666666666666,0.4393026331792707,0.8643755155566796
2017_R23_geelong_v_greater_western_sydney_2017-08-26,2017,12464,11700,11677,12464,11700,11677,True,True,True,True,1.0,0.44170942752338027,0.5284172280265025
2017_R23_hawthorn_v_western_bulldogs_2017-08-25,2017,4078,12166,12141,4078,12196,1450,True,False,False,False,0.3333333333333333,0.3856999602694342,0.40522295727509733
2017_R23_port_adelaide_v_gold_coast_2017-08-26,2017,12262,12150,12422,12262,12150,4144,True,True,False,False,0.6666666666666666,0.4471645891765002,0.7167969913414086
2017_R23_richmond_v_st_kilda_2017-08-27,2017,11794,11594,11666,11794,11594,11666,True,True,True,True,1.0,0.4465608344709563,0.7306518617180667
2017_R23_sydney_v_carlton_2017-08-26,2017,4065,11672,11953,4065,11672,11953,True,True,True,True,1.0,0.44170942752338027,0.9962864968108391
2017_R23_west_coast_v_adelaide_2017-08-27,2017,11805,12258,1135,12258,11792,12156,False,False,False,False,0.3333333333333333,0.4070036374312698,0.06334434888133106
2017_R2_brisbane_lions_v_essendon_2017-04-01,2017,12241,12302,11684,12241,1461,11728,True,False,False,False,0.3333333333333333,0.42431103190450004,0.36061986633058074
2017_R2_greater_western_sydney_v_gold_coast_2017-04-01,2017,12025,12255,12017,12025,11677,12022,True,False,False,False,0.3333333333333333,0.44131691796740613,0.5049969089321394
2017_R2_hawthorn_v_adelaide_2017-04-01,2017,11792,11708,11865,11792,12196,11708,True,False,False,False,0.6666666666666666,0.4503757497621637,0.3483388719099504
2017_R2_richmond_v_collingwood_2017-03-30,2017,12054,11666,12026,11666,12054,12217,False,False,False,False,0.6666666666666666,0.4241366973166068,0.24350397019400719
2017_R2_west_coast_v_st_kilda_2017-04-01,2017,11805,11904,12132,11805,4186,11904,True,False,False,False,0.6666666666666666,0.4335305269139165,0.5400375481806043
2017_R2_western_bulldogs_v_sydney_2017-03-31,2017,12269,4065,11880,12269,11880,4065,True,False,False,False,1.0,0.4850715929857121,0.5289810750004853
2017_R3_carlton_v_essendon_2017-04-09,2017,11535,4148,12157,4148,11535,11645,False,False,False,False,0.6666666666666666,0.38392065363881894,0.24688080768120263
2017_R3_fremantle_v_western_bulldogs_2017-04-08,2017,11834,4088,11716,4088,11834,11716,False,False,True,False,1.0,0.4729529165478214,0.186540410575477
2017_R3_geelong_v_melbourne_2017-04-08,2017,11538,11700,11765,11700,11538,11548,False,False,False,False,0.6666666666666666,0.4120040300542067,0.33353228992818124
2017_R3_north_melbourne_v_greater_western_sydney_2017-04-08,2017,12255,11677,12022,12255,11677,11656,True,True,False,False,0.6666666666666666,0.4592662840431831,0.36613968943937286
2017_R3_port_adelaide_v_adelaide_2017-04-08,2017,11792,12150,11713,11792,12150,12258,True,True,False,False,0.6666666666666666,0.4489563967779464,0.5179837626809547
2017_R3_richmond_v_west_coast_2017-04-08,2017,11794,11666,11733,11794,11666,11904,True,True,False,False,0.6666666666666666,0.4064366702484166,0.9382198836247323
2017_R3_st_kilda_v_brisbane_lions_2017-04-09,2017,981,1137,11725,981,1137,11684,True,True,False,False,0.6666666666666666,0.4489563967779464,0.5845084205965301
2017_R3_sydney_v_collingwood_2017-04-07,2017,12066,11751,12054,12066,12054,11672,True,False,False,False,0.6666666666666666,0.41759263031115906,0.2292995634924691
2017_R4_adelaide_v_essendon_2017-04-15,2017,4060,11713,11792,11792,4060,11713,False,False,False,False,1.0,0.44547210427720346,0.21472161422307418
2017_R4_brisbane_lions_v_richmond_2017-04-16,2017,11594,11684,11576,11594,11787,11576,True,False,True,False,0.6666666666666666,0.4214522878399195,0.4024583270482886
2017_R4_carlton_v_gold_coast_2017-04-15,2017,11948,11915,1105,11948,1105,11915,True,False,False,False,1.0,0.4850715929857121,0.7629754288674677
2017_R4_collingwood_v_st_kilda_2017-04-16,2017,12249,11839,12217,12132,12066,11839,False,False,False,False,0.3333333333333333,0.39321305497706716,0.1139534099229253
2017_R4_greater_western_sydney_v_port_adelaide_2017-04-15,2017,12025,12096,11802,11802,12096,12022,False,True,False,False,0.6666666666666666,0.4377418326259784,0.04841743716280054
2017_R4_hawthorn_v_geelong_2017-04-17,2017,11818,11798,11973,11818,11798,11700,True,True,False,False,0.6666666666666666,0.39458644599225334,0.6166240632111457
2017_R4_melbourne_v_fremantle_2017-04-15,2017,12055,11834,4088,12055,11834,4088,True,True,True,True,1.0,0.4856483725255287,0.5471422283638622
2017_R4_north_melbourne_v_western_bulldogs_2017-04-14,2017,11974,11835,12269,11974,11835,12269,True,True,True,True,1.0,0.4567607623212043,0.367601044442441
2017_R4_west_coast_v_sydney_2017-04-13,2017,11805,11672,11937,11805,4186,12087,True,False,False,False,0.3333333333333333,0.4107621188859951,0.47362722491332004
2017_R5_essendon_v_collingwood_2017-04-25,2017,12054,12241,12199,12054,12241,11967,True,True,False,False,0.6666666666666666,0.42971380206554965,0.5597861311426302
2017_R5_fremantle_v_north_melbourne_2017-04-22,2017,11835,11834,1421,11835,11834,4088,True,True,False,False,0.6666666666666666,0.43399844977081226,0.2383960253851762
2017_R5_gold_coast_v_adelaide_2017-04-22,2017,12258,11792,12381,12258,11792,12165,True,True,False,False,0.6666666666666666,0.4489563967779464,0.39109759295024554
2017_R5_hawthorn_v_west_coast_2017-04-23,2017,11682,12196,11760,12196,11805,11682,False,False,False,False,0.6666666666666666,0.4353714118418017,0.09752048062097785
2017_R5_port_adelaide_v_carlton_2017-04-21,2017,11578,12150,11639,11578,12150,11639,True,True,True,True,1.0,0.4988288422933695,0.664911709540572
2017_R5_richmond_v_melbourne_2017-04-24,2017,11576,12374,11794,11794,11576,12374,False,False,False,False,1.0,0.47195142810621665,0.22081434297466979
2017_R5_st_kilda_v_geelong_2017-04-23,2017,11538,11791,11798,11538,11700,11798,True,False,True,False,0.6666666666666666,0.3965646212191519,0.9433799758985382
2017_R5_sydney_v_greater_western_sydney_2017-04-22,2017,11677,11656,12017,11677,12017,12025,True,False,False,False,0.6666666666666666,0.4636891484629778,0.26325670132154716
2017_R5_western_bulldogs_v_brisbane_lions_2017-04-22,2017,12076,11728,12363,12076,11974,12166,True,False,False,False,0.3333333333333333,0.4013086913559502,0.27707333469328377
2017_R6_adelaide_v_richmond_2017-04-30,2017,11792,12258,11713,11792,11708,12258,True,False,False,False,0.6666666666666666,0.43614300495095876,0.396910060561483
2017_R6_brisbane_lions_v_port_adelaide_2017-04-29,2017,11914,11639,11885,11914,12047,11639,True,False,False,False,0.6666666666666666,0.39391508189391633,0.5359150209118231
2017_R6_carlton_v_sydney_2017-04-29,2017,1456,12170,11929,12170,1456,12261,False,False,False,False,0.6666666666666666,0.4716157661283648,0.24768335862765975
2017_R6_essendon_v_melbourne_2017-04-30,2017,12009,4077,12410,12410,12009,2447,False,False,False,False,0.6666666666666666,0.4485040583345807,0.10698099559614252
2017_R6_geelong_v_collingwood_2017-04-30,2017,4182,12066,11973,4182,12066,12026,True,True,False,False,0.6666666666666666,0.43781747723192344,0.5212024038280882
2017_R6_greater_western_sydney_v_western_bulldogs_2017-04-28,2017,12269,12175,12373,12269,12022,11677,True,False,False,False,0.3333333333333333,0.4013086913559502,0.1880236809376716
2017_R6_hawthorn_v_st_kilda_2017-04-29,2017,11791,12132,981,11791,11839,12132,True,False,False,False,0.6666666666666666,0.4251325440669483,0.3286365070824657
2017_R6_north_melbourne_v_gold_coast_2017-04-29,2017,1105,12289,4180,1105,12289,4180,True,True,True,True,1.0,0.479435532536367,0.9578368673936308
2017_R6_west_coast_v_fremantle_2017-04-29,2017,4169,12273,12087,4169,12087,4186,True,False,False,False,0.6666666666666666,0.41044019626444445,0.35400148578911966
2017_R7_fremantle_v_essendon_2017-05-07,2017,12055,12060,12397,12055,12060,11834,True,True,False,False,0.6666666666666666,0.45402482756467094,0.7504659434523052
2017_R7_gold_coast_v_geelong_2017-05-06,2017,12041,11809,12177,1105,12041,11700,False,False,False,False,0.3333333333333333,0.39659885810666573,0.1768043157476466
2017_R7_melbourne_v_hawthorn_2017-05-07,2017,12147,11682,12196,12196,11682,12147,False,True,False,False,1.0,0.4551177379963079,0.1424312297381176
2017_R7_north_melbourne_v_adelaide_2017-05-06,2017,1418,11835,12312,1418,11835,11636,True,True,False,False,0.6666666666666666,0.4440518343198173,0.8360365335646168
2017_R7_port_adelaide_v_west_coast_2017-05-06,2017,12087,4186,4144,4144,12047,12087,False,False,False,False,0.6666666666666666,0.4104875340714905,0.09111503015704218
2017_R7_st_kilda_v_greater_western_sydney_2017-05-05,2017,11791,11802,12249,11791,12132,12188,True,False,False,False,0.3333333333333333,0.416095910280018,0.4191279124947667
2017_R7_sydney_v_brisbane_lions_2017-05-07,2017,4065,12288,11953,4065,11787,11953,True,False,True,False,0.6666666666666666,0.4654610886319497,0.8401467842305349
2017_R7_western_bulldogs_v_richmond_2017-05-06,2017,12269,11974,11794,12269,11974,11794,True,True,True,True,1.0,0.4676888954673067,0.16704886021951235
2017_R8_adelaide_v_melbourne_2017-05-13,2017,12147,12009,12410,12147,12410,11938,True,False,False,False,0.6666666666666666,0.3928501449124829,0.3265395524945447
2017_R8_essendon_v_geelong_2017-05-13,2017,12199,12241,11729,11700,12241,12199,False,True,False,False,0.6666666666666666,0.4321267583432293,0.12716965617673034
2017_R8_gold_coast_v_port_adelaide_2017-05-14,2017,11583,11639,12002,11583,11639,11927,True,True,False,False,0.6666666666666666,0.34977233552957654,0.5276647228395612
2017_R8_greater_western_sydney_v_collingwood_2017-05-13,2017,12255,12017,11751,12255,12017,12217,True,True,False,False,0.6666666666666666,0.4333476656914304,0.7688652390142974
2017_R8_north_melbourne_v_sydney_2017-05-14,2017,11672,11953,11783,11953,11672,11783,False,False,True,False,1.0,0.4729529165478214,0.2736032569795634
2017_R8_richmond_v_fremantle_2017-05-14,2017,11763,4088,12060,11763,12060,11594,True,False,False,False,0.6666666666666666,0.38241391161964144,0.6482610788637007
2017_R8_st_kilda_v_carlton_2017-05-13,2017,12249,12261,12132,12249,12261,12132,True,True,True,True,1.0,0.4515748671340975,0.7542585842538474
2017_R8_west_coast_v_western_bulldogs_2017-05-12,2017,11904,4162,1135,11904,1135,12087,True,False,False,False,0.6666666666666666,0.4275236195881513,0.4413937725983534
2017_R9_brisbane_lions_v_adelaide_2017-05-20,2017,12165,11865,12381,11792,12165,12258,False,False,False,False,0.3333333333333333,0.3712967869467812,0.25750429346206305
2017_R9_collingwood_v_hawthorn_2017-05-20,2017,12196,4182,12066,12196,4182,12054,True,True,False,False,0.6666666666666666,0.4393026331792707,0.7333406781274984
2017_R9_essendon_v_west_coast_2017-05-21,2017,12241,12199,11729,12241,12199,1461,True,True,False,False,0.6666666666666666,0.4393026331792707,0.44808315840209145
2017_R9_fremantle_v_carlton_2017-05-21,2017,12055,11763,12397,12055,11763,12397,True,True,True,True,1.0,0.4621285027310447,0.46782063256642625
2017_R9_geelong_v_western_bulldogs_2017-05-19,2017,11700,11798,11643,11700,11538,11909,True,False,False,False,0.3333333333333333,0.4374000768708544,0.9603749486404204
2017_R9_greater_western_sydney_v_richmond_2017-05-20,2017,11794,12255,11733,11794,12255,11666,True,True,False,False,0.6666666666666666,0.42557583834668866,0.5866595829953839
2017_R9_melbourne_v_north_melbourne_2017-05-21,2017,12289,11835,11938,11686,12289,11835,False,False,False,False,0.6666666666666666,0.43211539744775807,0.19046418204585544
2017_R9_st_kilda_v_sydney_2017-05-20,2017,11672,11783,11953,11672,11783,12268,True,True,False,False,0.6666666666666666,0.4333476656914304,0.42215579305533113
2018_R10_brisbane_lions_v_sydney_2018-05-26,2018,11728,11672,12411,11728,11672,11710,True,True,False,False,0.6666666666666666,0.4646906369045825,0.28408190974308073
2018_R10_collingwood_v_western_bulldogs_2018-05-25,2018,12054,12217,4182,12054,12217,12452,True,True,False,False,0.6666666666666666,0.47613151011855565,0.6299559038169239
2018_R10_fremantle_v_north_melbourne_2018-05-27,2018,11952,11763,1418,11834,11952,12304,False,False,False,False,0.3333333333333333,0.3996656670310538,0.18358724395086656
2018_R10_geelong_v_carlton_2018-05-26,2018,12464,11700,11883,11700,12505,12261,False,False,False,False,0.3333333333333333,0.4082782965495719,0.030309130221787682
2018_R10_greater_western_sydney_v_essendon_2018-05-26,2018,11729,12028,12029,11729,11896,4132,True,False,False,False,0.3333333333333333,0.4091130568992081,0.6770672257756265
2018_R10_hawthorn_v_west_coast_2018-05-27,2018,11904,12141,11941,11904,12087,12196,True,False,False,False,0.3333333333333333,0.3647458669502406,0.7525424877452194
2018_R10_melbourne_v_adelaide_2018-05-27,2018,12367,12322,12147,12322,12321,12410,False,False,False,False,0.3333333333333333,0.42513184346119676,0.006609781199286459
2018_R10_richmond_v_st_kilda_2018-05-26,2018,11666,12010,11791,12010,11666,11794,False,False,False,False,0.6666666666666666,0.4755547305787392,0.16338924382815148
2018_R11_adelaide_v_greater_western_sydney_2018-06-03,2018,12022,11535,4080,11535,12258,12255,False,False,False,False,0.3333333333333333,0.40705927649308765,0.07854543096547639
2018_R11_collingwood_v_fremantle_2018-06-03,2018,11751,12026,12217,12452,11751,12054,False,False,False,False,0.3333333333333333,0.4311161619559941,0.11279361724547736
2018_R11_essendon_v_richmond_2018-06-02,2018,11557,11794,12010,11557,11794,12010,True,True,True,True,1.0,0.4567607623212043,0.6780176273218502
2018_R11_gold_coast_v_geelong_2018-06-02,2018,1105,11538,12464,1105,11538,11798,True,True,False,False,0.6666666666666666,0.47613151011855565,0.7538135648059135
2018_R11_hawthorn_v_port_adelaide_2018-06-02,2018,12196,11760,12332,12196,1126,11682,True,False,False,False,0.3333333333333333,0.39094019378714034,0.7121562459576181
2018_R11_north_melbourne_v_brisbane_lions_2018-06-03,2018,11835,4180,11724,11728,4180,12246,False,True,False,False,0.3333333333333333,0.41898190792629786,0.03382982713459183
2018_R11_sydney_v_carlton_2018-06-01,2018,12158,12326,11953,12158,11953,12326,True,False,False,False,1.0,0.45635000623998023,0.6045512717105632
2018_R11_west_coast_v_st_kilda_2018-06-02,2018,12300,4169,12273,4169,12300,12132,False,False,False,False,0.6666666666666666,0.425107915489793,0.21547582074901073
2018_R11_western_bulldogs_v_melbourne_2018-06-02,2018,12009,12322,11966,12009,12322,12410,True,True,False,False,0.6666666666666666,0.4646906369045825,0.43580558154255283
2018_R12_brisbane_lions_v_essendon_2018-06-10,2018,12241,12340,12167,12167,12241,12340,False,False,False,False,1.0,0.455528494077532,0.11728410451741894
2018_R12_fremantle_v_adelaide_2018-06-10,2018,12603,12359,12544,12055,12603,12544,False,False,True,False,0.6666666666666666,0.41737030803876024,0.21814773689590292
2018_R12_geelong_v_north_melbourne_2018-06-09,2018,1105,4180,11548,1105,4180,11548,True,True,True,True,1.0,0.4734536607686237,0.7179490247943118
2018_R12_greater_western_sydney_v_gold_coast_2018-06-09,2018,12017,12255,12143,12017,12255,11677,True,True,False,False,0.6666666666666666,0.4508436726190595,0.40834372197165403
2018_R12_melbourne_v_collingwood_2018-06-11,2018,12428,12318,11751,12428,11751,12054,True,False,False,False,0.6666666666666666,0.4481348846154981,0.26969922597721513
2018_R12_port_adelaide_v_richmond_2018-06-08,2018,12150,12422,11666,12150,11579,12047,True,False,False,False,0.3333333333333333,0.2762303330781835,0.5157600170339972
2018_R12_st_kilda_v_sydney_2018-06-09,2018,4065,12158,12326,11672,12326,11953,False,False,False,False,0.3333333333333333,0.4246310992403944,0.08783405033085902
2018_R13_carlton_v_fremantle_2018-06-16,2018,12055,11834,12261,12055,11834,12261,True,True,True,True,1.0,0.4621285027310447,0.559471057501587
2018_R13_geelong_v_richmond_2018-06-17,2018,11538,12174,12333,11538,11794,12333,True,False,True,False,0.6666666666666666,0.4074700325743118,0.5035451380109469
2018_R13_gold_coast_v_st_kilda_2018-06-16,2018,12132,11948,11791,12132,11791,12415,True,False,False,False,0.6666666666666666,0.4049872326432755,0.4808480911622538
2018_R13_hawthorn_v_adelaide_2018-06-16,2018,12332,12196,12141,12196,12332,12141,False,False,True,False,1.0,0.45635000623998023,0.057392297125941016
2018_R13_port_adelaide_v_western_bulldogs_2018-06-14,2018,12150,11578,11787,12150,11787,11578,True,False,False,False,1.0,0.4511890705795189,0.6919338514115982
2018_R13_sydney_v_west_coast_2018-06-15,2018,12497,12087,12140,12087,11672,12497,False,False,False,False,0.6666666666666666,0.24481062440956636,0.031258664226772204
2018_R14_brisbane_lions_v_greater_western_sydney_2018-06-23,2018,12022,12143,12255,12255,1134,12143,False,False,False,False,0.6666666666666666,0.4382767386661196,0.03344568776921813
2018_R14_collingwood_v_carlton_2018-06-24,2018,4182,12261,12026,12261,11751,4182,False,False,False,False,0.6666666666666666,0.3797776415808681,0.06225997476845833
2018_R14_hawthorn_v_gold_coast_2018-06-23,2018,11760,12141,12196,11760,12196,12141,True,False,False,False,1.0,0.45635000623998023,0.5479097266874166
2018_R14_port_adelaide_v_melbourne_2018-06-22,2018,12147,12002,12150,12150,12147,12410,False,False,False,False,0.6666666666666666,0.4425086481015034,0.1285105671578764
2018_R14_west_coast_v_essendon_2018-06-21,2018,12330,12029,12241,12029,12241,11896,False,False,False,False,0.6666666666666666,0.4172389737766138,0.034701395669002
2018_R14_western_bulldogs_v_north_melbourne_2018-06-23,2018,4180,12593,12289,4180,11835,11686,True,False,False,False,0.3333333333333333,0.42370414691910574,0.4964254593681175
2018_R15_adelaide_v_west_coast_2018-06-30,2018,11713,12165,11904,11904,12258,11713,False,False,False,False,0.6666666666666666,0.4262095101017124,0.109573149647497
2018_R15_carlton_v_port_adelaide_2018-06-30,2018,1456,12261,12047,12261,11579,11787,False,False,False,False,0.3333333333333333,0.4226680075796036,0.09812217584030233
2018_R15_essendon_v_north_melbourne_2018-07-01,2018,11896,11774,12241,11896,12241,4180,True,False,False,False,0.6666666666666666,0.4481348846154981,0.3245345882466842
2018_R15_fremantle_v_brisbane_lions_2018-07-01,2018,11728,11684,12519,11728,11684,12519,True,True,True,True,1.0,0.4567607623212043,0.42855485359536427
2018_R15_gold_coast_v_collingwood_2018-06-30,2018,12217,12144,12066,12217,12066,12144,True,False,False,False,1.0,0.4788986506410295,0.4874774622151764
2018_R15_greater_western_sydney_v_hawthorn_2018-06-30,2018,11677,12196,12091,12196,11677,12028,False,False,False,False,0.6666666666666666,0.3953905153645728,0.03718592722543905
2018_R15_melbourne_v_st_kilda_2018-07-01,2018,11791,12322,12300,11966,12325,11791,False,False,False,False,0.3333333333333333,0.34429668544701536,0.05478610421679473
2018_R15_richmond_v_sydney_2018-06-28,2018,11576,12333,11672,11576,11672,12333,True,False,False,False,1.0,0.45635000623998023,0.41507468813784115
2018_R15_western_bulldogs_v_geelong_2018-06-29,2018,12408,11700,11538,12408,11538,12269,True,False,False,False,0.6666666666666666,0.43170464136653397,0.15075758007185736
2018_R16_brisbane_lions_v_carlton_2018-07-07,2018,12454,11728,12265,11728,12454,12076,False,False,False,False,0.6666666666666666,0.43893972311468643,0.15350595271864967
2018_R16_essendon_v_collingwood_2018-07-08,2018,11751,12318,12029,4182,12217,11751,False,False,False,False,0.3333333333333333,0.39158198066743916,0.13001900651066572
2018_R16_melbourne_v_fremantle_2018-07-07,2018,12322,11966,12410,12410,12322,11966,False,False,False,False,1.0,0.455528494077532,0.06300386554385723
2018_R16_north_melbourne_v_gold_coast_2018-07-08,2018,11636,4180,11686,11835,11636,11686,False,False,True,False,0.6666666666666666,0.44054936976735287,0.26387662259165673
2018_R16_port_adelaide_v_st_kilda_2018-07-07,2018,12047,11818,11570,12047,11787,11914,True,False,False,False,0.3333333333333333,0.41680220917504535,0.2767083043398224
2018_R16_richmond_v_adelaide_2018-07-06,2018,12333,11794,11557,11794,11557,12333,False,False,False,False,1.0,0.455528494077532,0.07251158398168608
2018_R16_sydney_v_geelong_2018-07-05,2018,11538,11798,11953,11798,11538,12268,False,False,False,False,0.6666666666666666,0.44548311590281753,0.24940593876870779
2018_R16_west_coast_v_greater_western_sydney_2018-07-08,2018,11904,11780,4162,11904,11780,12087,True,True,False,False,0.6666666666666666,0.3918853926501944,0.5693508463132981
2018_R16_western_bulldogs_v_hawthorn_2018-07-07,2018,11954,11845,12141,11954,11845,12332,True,True,False,False,0.6666666666666666,0.4333476656914304,0.876116334234123
2018_R17_adelaide_v_geelong_2018-07-12,2018,11792,11700,12165,11700,12165,11792,False,False,False,False,1.0,0.4662851268966194,0.09051472135580267
2018_R17_collingwood_v_west_coast_2018-07-15,2018,12273,11904,11780,11780,11805,11904,False,False,False,False,0.6666666666666666,0.4382767386661196,0.07770788698948632
2018_R17_fremantle_v_port_adelaide_2018-07-15,2018,4088,12055,12150,4088,12055,12150,True,True,True,True,1.0,0.4567607623212043,0.3822798137765405
2018_R17_gold_coast_v_essendon_2018-07-14,2018,12241,11896,11663,12241,11896,12349,True,True,False,False,0.6666666666666666,0.4592662840431831,0.3977015859631802
2018_R17_greater_western_sydney_v_richmond_2018-07-14,2018,11677,12143,12028,11677,12143,12028,True,True,True,True,1.0,0.4621285027310447,0.40837488913224984
2018_R17_hawthorn_v_brisbane_lions_2018-07-14,2018,12592,11728,12141,12196,11728,12141,False,True,True,False,0.6666666666666666,0.35709403796298045,0.00891430346252124
2018_R17_melbourne_v_western_bulldogs_2018-07-14,2018,11966,12322,12410,12410,12322,12321,False,True,False,False,0.6666666666666666,0.4464918602906017,0.0358196222126415
2018_R17_north_melbourne_v_sydney_2018-07-15,2018,11724,12616,4180,11724,4180,12326,True,False,False,False,0.6666666666666666,0.44943990404837214,0.4543819946752388
2018_R17_st_kilda_v_carlton_2018-07-13,2018,11791,12249,12261,11791,12368,12249,True,False,False,False,0.6666666666666666,0.4503757497621637,0.4065256504917167
2018_R18_brisbane_lions_v_adelaide_2018-07-21,2018,12258,12533,12165,12258,12533,12165,True,True,True,True,1.0,0.4465608344709563,0.5945172946456658
2018_R18_carlton_v_hawthorn_2018-07-22,2018,12196,11954,11942,12196,11942,11954,True,False,False,False,1.0,0.46169046623556514,0.9945602801950846
2018_R18_collingwood_v_north_melbourne_2018-07-21,2018,4182,12318,12217,12066,4182,12318,False,False,False,False,0.6666666666666666,0.4456623565140932,0.21349658262808324
2018_R18_essendon_v_fremantle_2018-07-21,2018,12302,12029,12241,12302,12241,12029,True,False,False,False,1.0,0.45635000623998023,0.4292303936912933
2018_R18_geelong_v_melbourne_2018-07-21,2018,11548,11966,2447,11548,12410,12595,True,False,False,False,0.3333333333333333,0.26194582429683866,0.5021098310549696
2018_R18_port_adelaide_v_greater_western_sydney_2018-07-22,2018,12143,12255,12150,12440,11677,12255,False,False,False,False,0.3333333333333333,0.36345442968115627,0.08166720954810083
2018_R18_st_kilda_v_richmond_2018-07-20,2018,11917,11794,12418,11794,11917,11576,False,False,False,False,0.6666666666666666,0.44548311590281753,0.31071634691421623
2018_R18_sydney_v_gold_coast_2018-07-21,2018,12385,12068,11940,11672,12068,12331,False,True,False,False,0.3333333333333333,0.3999770120264204,0.05943634477922666
2018_R18_west_coast_v_western_bulldogs_2018-07-22,2018,11904,11905,12087,12087,11904,11805,False,False,False,False,0.6666666666666666,0.4425086481015034,0.1518268140829304
2018_R19_adelaide_v_melbourne_2018-07-28,2018,12410,11966,12405,12410,12258,11966,True,False,False,False,0.6666666666666666,0.3759587424367176,0.4606393297518774
2018_R19_essendon_v_sydney_2018-07-27,2018,11715,12433,11896,11896,11663,12241,False,False,False,False,0.3333333333333333,0.0357357790664971,0.0017246754391305051
2018_R19_fremantle_v_hawthorn_2018-07-29,2018,12196,12141,11954,12196,12141,11954,True,True,True,True,1.0,0.4621285027310447,0.964497598977642
2018_R19_geelong_v_brisbane_lions_2018-07-28,2018,11548,1105,11728,11548,1105,11728,True,True,True,True,1.0,0.44170942752338027,0.5679401176519476
2018_R19_gold_coast_v_carlton_2018-07-28,2018,12261,4148,12487,12261,4148,12286,True,True,False,False,0.6666666666666666,0.40213020351839845,0.8266300606403946
2018_R19_greater_western_sydney_v_st_kilda_2018-07-28,2018,12143,11791,12255,12255,12143,12028,False,False,False,False,0.6666666666666666,0.45227268158275236,0.1891732992653894
2018_R19_richmond_v_collingwood_2018-07-28,2018,4182,11557,12217,11794,4182,12374,False,False,False,False,0.3333333333333333,0.38595485368538157,0.13118742816069567
2018_R19_western_bulldogs_v_port_adelaide_2018-07-29,2018,11914,11927,12166,11914,11927,12047,True,True,False,False,0.6666666666666666,0.4411520312346884,0.6168736261311442
2018_R20_adelaide_v_port_adelaide_2018-08-04,2018,12258,11578,11792,12258,11535,11578,True,False,False,False,0.6666666666666666,0.44548311590281753,0.5711247583872086
2018_R20_brisbane_lions_v_north_melbourne_2018-08-04,2018,12076,11724,12518,12076,11724,12518,True,True,True,True,1.0,0.4515748671340975,0.6146023481917808
2018_R20_carlton_v_greater_western_sydney_2018-08-05,2018,12255,12028,11677,12255,12028,11677,True,True,True,True,1.0,0.4567607623212043,0.6932979092448678
2018_R20_hawthorn_v_essendon_2018-08-04,2018,11845,12196,12241,12196,11845,12241,False,False,True,False,1.0,0.45635000623998023,0.11304979179809475
2018_R20_melbourne_v_gold_coast_2018-08-05,2018,12410,12322,12379,12410,12322,12321,True,True,False,False,0.6666666666666666,0.4646906369045825,0.6594788647659742
2018_R20_richmond_v_geelong_2018-08-03,2018,12595,11700,12333,11538,11700,12333,False,True,True,False,0.6666666666666666,0.42669098936378624,0.10335028557377003
2018_R20_st_kilda_v_western_bulldogs_2018-08-04,2018,12122,12269,12132,12132,12122,12166,False,False,False,False,0.6666666666666666,0.45227268158275236,0.285217931344029
2018_R20_sydney_v_collingwood_2018-08-04,2018,4065,12217,12233,4065,12217,12066,True,True,False,False,0.6666666666666666,0.42971380206554965,0.5382637409041524
2018_R20_west_coast_v_fremantle_2018-08-05,2018,12087,11780,4088,11780,11904,12087,False,False,False,False,0.6666666666666666,0.3774848386449521,0.1302353313821442
2018_R21_collingwood_v_brisbane_lions_2018-08-11,2018,12066,12587,12318,12066,11728,12061,True,False,False,False,0.3333333333333333,0.38744328025176217,0.4230704380393967
2018_R21_essendon_v_st_kilda_2018-08-10,2018,12407,11663,12349,11663,11896,12132,False,False,False,False,0.3333333333333333,0.38860993265192406,0.11891735666378664
2018_R21_fremantle_v_carlton_2018-08-12,2018,4088,12055,12261,12055,4088,12261,False,False,True,False,1.0,0.4511890705795189,0.09753625237703212
2018_R21_gold_coast_v_richmond_2018-08-11,2018,11576,11594,12403,11576,12010,11794,True,False,False,False,0.3333333333333333,0.42071114276781996,0.9989302457294273
2018_R21_greater_western_sydney_v_adelaide_2018-08-11,2018,12143,11677,11891,12143,12282,11677,True,False,False,False,0.6666666666666666,0.3953905153645728,0.31871823100509866
2018_R21_hawthorn_v_geelong_2018-08-11,2018,11700,1105,12196,11700,1105,12196,True,True,True,True,1.0,0.4676888954673067,0.3807451346945433
2018_R21_melbourne_v_sydney_2018-08-12,2018,12326,12410,12433,11672,12268,12410,False,False,False,False,0.3333333333333333,0.2767521529258331,0.04489573409402182
2018_R21_north_melbourne_v_western_bulldogs_2018-08-12,2018,12203,12269,12373,12203,12166,12269,True,False,False,False,0.6666666666666666,0.4407412751534643,0.3308621224805913
2018_R21_port_adelaide_v_west_coast_2018-08-11,2018,11805,12087,12002,12087,11805,11994,False,False,False,False,0.6666666666666666,0.45358679106919136,0.21711169903163416
2018_R22_adelaide_v_north_melbourne_2018-08-19,2018,12165,12258,12343,12258,12165,11792,False,False,False,False,0.6666666666666666,0.434358999743386,0.1317713414563044
2018_R22_carlton_v_western_bulldogs_2018-08-19,2018,1456,12269,12408,12269,12408,12166,False,False,False,False,0.6666666666666666,0.44212285154692493,0.14664038956057607
2018_R22_collingwood_v_port_adelaide_2018-08-18,2018,12217,12066,11751,12217,12066,11751,True,True,True,True,1.0,0.4676888954673067,0.46908600946942614
2018_R22_geelong_v_fremantle_2018-08-18,2018,12595,11548,12506,11548,12595,12506,False,False,True,False,1.0,0.45635000623998023,0.1636810700330019
2018_R22_gold_coast_v_brisbane_lions_2018-08-18,2018,11728,12481,12080,11728,12481,11684,True,True,False,False,0.6666666666666666,0.4489563967779464,0.8376756998905247
2018_R22_greater_western_sydney_v_sydney_2018-08-18,2018,4065,11953,12268,11953,4065,12022,False,False,False,False,0.6666666666666666,0.4316815218230008,0.4423314498930859
2018_R22_richmond_v_essendon_2018-08-17,2018,11794,12029,12010,11794,12010,12029,True,False,False,False,1.0,0.4511890705795189,0.8502246227878433
2018_R22_st_kilda_v_hawthorn_2018-08-18,2018,11845,11682,12324,11845,12196,12368,True,False,False,False,0.3333333333333333,0.384944318956971,0.45836128661901
2018_R22_west_coast_v_melbourne_2018-08-19,2018,12322,11966,11820,12322,11966,12379,True,True,False,False,0.6666666666666666,0.43470088010524616,0.2672484551547446
2018_R23_brisbane_lions_v_west_coast_2018-08-26,2018,11937,11905,11728,11805,11728,11905,False,False,False,False,0.6666666666666666,0.42630519280920776,0.057333199279958044
2018_R23_carlton_v_adelaide_2018-08-25,2018,12074,12261,12381,12074,12165,12534,True,False,False,False,0.3333333333333333,0.3939388751062357,0.7037226298541189
2018_R23_fremantle_v_collingwood_2018-08-25,2018,11751,4182,12060,12217,12055,4182,False,False,False,False,0.3333333333333333,0.41044019626444445,0.10914440965273642
2018_R23_geelong_v_gold_coast_2018-08-25,2018,11700,12595,12505,11700,11798,1105,True,False,False,False,0.3333333333333333,0.39642302840909527,0.9931754273841144
2018_R23_melbourne_v_greater_western_sydney_2018-08-26,2018,12322,11966,12028,12322,12379,12028,True,False,True,False,0.6666666666666666,0.4196581441833973,0.27253776151783743
2018_R23_port_adelaide_v_essendon_2018-08-24,2018,12029,11927,1443,11579,12029,11729,False,False,False,False,0.3333333333333333,0.32819410889805956,0.08544198630077944
2018_R23_richmond_v_western_bulldogs_2018-08-25,2018,12166,11794,11576,12166,11794,11576,True,True,True,True,1.0,0.4465608344709563,0.7892820646294574
2018_R23_st_kilda_v_north_melbourne_2018-08-26,2018,11791,11686,12368,12343,11791,12368,False,False,True,False,0.6666666666666666,0.4157134789812925,0.3136455357367859
2018_R23_sydney_v_hawthorn_2018-08-25,2018,11682,12411,12326,11682,12268,12196,True,False,False,False,0.3333333333333333,0.3852892041882101,0.2982538554138194
2018_R2_adelaide_v_richmond_2018-03-29,2018,12165,11792,11794,11794,12165,12074,False,False,False,False,0.6666666666666666,0.4584971386182054,0.3266958686959368
2018_R2_brisbane_lions_v_melbourne_2018-03-31,2018,12321,2447,11711,12410,12321,11711,False,False,True,False,0.6666666666666666,0.44516161229329076,0.3832147227412066
2018_R2_carlton_v_gold_coast_2018-03-31,2018,11948,12067,11883,11948,12067,11883,True,True,True,True,1.0,0.4621285027310447,0.8047379034200302
2018_R2_collingwood_v_greater_western_sydney_2018-03-31,2018,12028,4182,12255,12028,12217,11677,True,False,False,False,0.3333333333333333,0.388172630296533,0.5307421541051656
2018_R2_fremantle_v_essendon_2018-03-31,2018,11834,11763,12397,11834,12205,11763,True,False,False,False,0.6666666666666666,0.44666384495569783,0.5480622065004115
2018_R2_geelong_v_hawthorn_2018-04-02,2018,12196,11682,1105,12196,1105,11682,True,False,False,False,1.0,0.4850715929857121,0.945185725906729
2018_R2_north_melbourne_v_st_kilda_2018-03-30,2018,12084,1418,11871,12289,1418,11686,False,True,False,False,0.3333333333333333,0.046004681097099716,0.0011575878543509466
2018_R2_sydney_v_port_adelaide_2018-04-01,2018,12150,11579,11953,12150,11672,11579,True,False,False,False,0.6666666666666666,0.45542686881973904,0.8478979057634127
2018_R2_western_bulldogs_v_west_coast_2018-04-01,2018,4162,11905,12166,12166,11905,4162,False,True,False,False,1.0,0.4961487679224179,0.13512920793471792
2018_R3_carlton_v_collingwood_2018-04-06,2018,11751,12217,12144,11751,12217,12061,True,True,False,False,0.6666666666666666,0.45402482756467094,0.5249961565319065
2018_R3_gold_coast_v_fremantle_2018-04-07,2018,11834,11763,12236,11834,12067,12055,True,False,False,False,0.3333333333333333,0.36568171266403215,0.9494323391196559
2018_R3_melbourne_v_north_melbourne_2018-04-07,2018,11966,12430,12321,11966,12430,12321,True,True,True,True,1.0,0.4676888954673067,0.17228128154466352
2018_R3_port_adelaide_v_brisbane_lions_2018-04-07,2018,11684,12262,11710,11684,11927,12262,True,False,False,False,0.6666666666666666,0.4166853040656694,0.9092700169021591
2018_R3_richmond_v_hawthorn_2018-04-08,2018,12196,11576,11666,12196,11666,11576,True,False,False,False,1.0,0.46169046623556514,0.9372120133917762
2018_R3_st_kilda_v_adelaide_2018-04-07,2018,11708,11535,12035,12035,11535,11708,False,True,False,False,1.0,0.4833412543662626,0.1730570182954598
2018_R3_sydney_v_greater_western_sydney_2018-04-07,2018,12413,12091,4065,12158,11672,4065,False,False,True,False,0.3333333333333333,0.3574377803114053,0.02882129249324611
2018_R3_west_coast_v_geelong_2018-04-08,2018,12253,11700,11805,12253,11805,11904,True,False,False,False,0.6666666666666666,0.4871035169204562,0.39520787931153334
2018_R3_western_bulldogs_v_essendon_2018-04-08,2018,12203,12363,12441,12203,12166,12363,True,False,False,False,0.6666666666666666,0.45661767095088157,0.5996502667455389
2018_R4_adelaide_v_collingwood_2018-04-13,2018,11751,12054,12217,12217,11751,12054,False,False,False,False,1.0,0.4662851268966194,0.33218386438813996
2018_R4_essendon_v_port_adelaide_2018-04-15,2018,11715,11896,11578,11578,11896,11663,False,True,False,False,0.6666666666666666,0.45645874690180854,0.06112287014879952
2018_R4_geelong_v_st_kilda_2018-04-15,2018,11873,12506,12505,12506,11873,12464,False,False,False,False,0.6666666666666666,0.4290143434580667,0.17488949805625242
2018_R4_greater_western_sydney_v_fremantle_2018-04-14,2018,11677,12091,4088,11677,4088,12028,True,False,False,False,0.6666666666666666,0.4636891484629778,0.3131841207859211
2018_R4_hawthorn_v_melbourne_2018-04-15,2018,11760,12141,11954,12141,11760,11954,False,False,True,False,1.0,0.46169046623556514,0.28931746607982906
2018_R4_north_melbourne_v_carlton_2018-04-14,2018,12289,4180,11835,4180,12289,11724,False,False,False,False,0.6666666666666666,0.4251325440669483,0.28029967827186875
2018_R4_richmond_v_brisbane_lions_2018-04-14,2018,11794,11666,11888,11794,11666,12333,True,True,False,False,0.6666666666666666,0.4489563967779464,0.915160684256133
2018_R4_west_coast_v_gold_coast_2018-04-14,2018,12087,12273,11638,12087,11638,11904,True,False,False,False,0.6666666666666666,0.43991976299101604,0.6685866354173261
2018_R4_western_bulldogs_v_sydney_2018-04-14,2018,11953,4065,12166,12166,11953,12158,False,False,False,False,0.6666666666666666,0.45227268158275236,0.18827501056556076
2018_R5_brisbane_lions_v_gold_coast_2018-04-22,2018,12481,12331,12546,12481,12067,12177,True,False,False,False,0.3333333333333333,0.39554695541813595,0.34133972465924006
2018_R5_carlton_v_west_coast_2018-04-21,2018,11904,12261,12087,12261,11904,1456,False,False,False,False,0.6666666666666666,0.4755547305787392,0.2583121503514701
2018_R5_collingwood_v_essendon_2018-04-25,2018,11751,12054,12217,12054,12217,11751,False,False,False,False,1.0,0.4662851268966194,0.05960582226329034
2018_R5_fremantle_v_western_bulldogs_2018-04-21,2018,11834,11763,1421,11834,11763,12055,True,True,False,False,0.6666666666666666,0.4469024013561819,0.9613618866569785
2018_R5_melbourne_v_richmond_2018-04-24,2018,12333,11794,11557,12333,12410,11557,True,False,True,False,0.6666666666666666,0.4403305190722401,0.47594349866464325
2018_R5_north_melbourne_v_hawthorn_2018-04-22,2018,11835,11859,1418,11835,11954,11859,True,False,False,False,0.6666666666666666,0.44548311590281753,0.5376436841471887
2018_R5_port_adelaide_v_geelong_2018-04-21,2018,11538,12150,11700,11700,11538,11578,False,False,False,False,0.6666666666666666,0.474708172954805,0.25444440220385856
2018_R5_st_kilda_v_greater_western_sydney_2018-04-21,2018,4068,11791,12022,4068,12132,11791,True,False,False,False,0.6666666666666666,0.4082626926415458,0.3370280748622434
2018_R5_sydney_v_adelaide_2018-04-20,2018,12165,11713,12035,12381,12165,11713,False,False,False,False,0.6666666666666666,0.44101729262424866,0.1516788665565298
2018_R6_adelaide_v_gold_coast_2018-04-28,2018,12165,11919,12405,11919,12283,12405,False,False,True,False,0.6666666666666666,0.44373096992089883,0.10970784360403193
2018_R6_collingwood_v_richmond_2018-04-29,2018,12374,11794,12054,12374,12054,12010,True,False,False,False,0.6666666666666666,0.469234776524955,0.36831770398287766
2018_R6_essendon_v_melbourne_2018-04-29,2018,11966,2447,11938,11966,12272,12492,True,False,False,False,0.3333333333333333,0.4464273638180038,0.6192240577278817
2018_R6_fremantle_v_west_coast_2018-04-29,2018,12055,11805,4162,11780,12055,11805,False,False,False,False,0.6666666666666666,0.44585058427818725,0.29410947431855516
2018_R6_greater_western_sydney_v_brisbane_lions_2018-04-28,2018,12022,12143,11728,11746,12143,12022,False,True,False,False,0.6666666666666666,0.43639858842924967,0.09170287367618739
2018_R6_hawthorn_v_st_kilda_2018-04-28,2018,11941,12196,11682,12196,11941,11682,False,False,True,False,1.0,0.4729529165478214,0.0495002367286918
2018_R6_north_melbourne_v_port_adelaide_2018-04-28,2018,11927,12262,11639,11927,11639,12262,True,False,False,False,1.0,0.46169046623556514,0.44362549622281655
2018_R6_western_bulldogs_v_carlton_2018-04-27,2018,12269,12166,12261,12166,12261,12269,False,False,False,False,1.0,0.47782488685035457,0.19155064978938882
2018_R7_adelaide_v_carlton_2018-05-05,2018,2381,12404,12165,12404,2381,12165,False,False,True,False,1.0,0.4672209726104109,0.22804497300117402
2018_R7_brisbane_lions_v_collingwood_2018-05-06,2018,12318,12076,11751,12076,12318,11751,False,False,True,False,1.0,0.4788986506410295,0.0848053708795549
2018_R7_essendon_v_hawthorn_2018-05-05,2018,12332,11941,4078,12196,12332,11675,False,False,False,False,0.3333333333333333,0.4054551555001713,0.3917570053662074
2018_R7_richmond_v_fremantle_2018-05-06,2018,11834,12333,11828,11834,12333,11794,True,True,False,False,0.6666666666666666,0.43806406049066393,0.4213148135200601
2018_R7_st_kilda_v_melbourne_2018-05-06,2018,12410,12322,12321,12410,12322,12321,True,True,True,True,1.0,0.4621285027310447,0.6147742079887634
2018_R7_west_coast_v_port_adelaide_2018-05-05,2018,11780,4169,4162,11780,11905,11904,True,False,False,False,0.3333333333333333,0.33716183027193564,0.5081261674244459
2018_R7_western_bulldogs_v_gold_coast_2018-05-05,2018,12166,12203,12177,12166,12203,12363,True,True,False,False,0.6666666666666666,0.48844355410593193,0.9189234084120976
2018_R8_carlton_v_essendon_2018-05-12,2018,12261,11883,11645,11645,12261,11883,False,False,False,False,1.0,0.47195142810621665,0.2239134337497977
2018_R8_collingwood_v_geelong_2018-05-13,2018,12464,12384,12505,1105,12464,11700,False,False,False,False,0.3333333333333333,0.3736697991548841,0.2386176055543355
2018_R8_fremantle_v_st_kilda_2018-05-12,2018,1421,11834,12055,11834,12055,12397,False,False,False,False,0.6666666666666666,0.46789003262372997,0.009185430340479696
2018_R8_gold_coast_v_melbourne_2018-05-12,2018,12379,12272,12009,12410,12379,12009,False,False,True,False,0.6666666666666666,0.44054936976735287,0.22066761042236077
2018_R8_greater_western_sydney_v_west_coast_2018-05-12,2018,11905,11780,11677,11905,11780,11677,True,True,True,True,1.0,0.4856483725255287,0.4668152876034281
2018_R8_north_melbourne_v_richmond_2018-05-13,2018,11666,12010,11835,11835,11666,12010,False,False,False,False,1.0,0.44547210427720346,0.20033114072604327
2018_R8_port_adelaide_v_adelaide_2018-05-12,2018,11578,12381,11787,11578,12381,11787,True,True,True,True,1.0,0.4515748671340975,0.7388549515188069
2018_R8_western_bulldogs_v_brisbane_lions_2018-05-12,2018,12166,11718,12203,12166,12269,12076,True,False,False,False,0.3333333333333333,0.40662957557066237,0.8658632062697709
2018_R9_adelaide_v_western_bulldogs_2018-05-18,2018,11535,12165,4060,12166,4060,12165,False,False,False,False,0.6666666666666666,0.442389907039288,0.06632248849811172
2018_R9_brisbane_lions_v_hawthorn_2018-05-20,2018,12454,11728,12076,12196,12076,11728,False,False,False,False,0.6666666666666666,0.4210490640660759,0.012294874605915723
2018_R9_carlton_v_melbourne_2018-05-20,2018,11820,2447,12351,11820,2447,12009,True,True,False,False,0.6666666666666666,0.4703085403156299,0.5227171170834871
2018_R9_essendon_v_geelong_2018-05-19,2018,11729,11896,11774,11774,11896,11729,False,True,False,False,1.0,0.4658172040397236,0.14533446372992248
2018_R9_gold_coast_v_port_adelaide_2018-05-19,2018,12494,11583,12177,12494,11583,12177,True,True,True,True,1.0,0.4567607623212043,0.33519470240657173
2018_R9_north_melbourne_v_greater_western_sydney_2018-05-19,2018,1418,12289,11686,1418,12289,12154,True,True,False,False,0.6666666666666666,0.45402482756467094,0.3589935460600111
2018_R9_st_kilda_v_collingwood_2018-05-19,2018,11751,12318,4182,12217,11751,12318,False,False,False,False,0.6666666666666666,0.4268168594642414,0.19533167839990076
2018_R9_sydney_v_fremantle_2018-05-19,2018,12268,3950,4065,12268,3950,4065,True,True,True,True,1.0,0.4734536607686237,0.8514712370224932
2018_R9_west_coast_v_richmond_2018-05-20,2018,12087,11905,11904,11905,12087,11780,False,False,False,False,0.6666666666666666,0.44366603776523883,0.03710550415952424
2019_R10_adelaide_v_west_coast_2019-05-25,2019,12087,12283,11805,11805,11792,12253,False,False,False,False,0.3333333333333333,0.41280986163022515,0.06328713515001985
2019_R10_fremantle_v_brisbane_lions_2019-05-26,2019,11834,12518,12060,11834,12542,12060,True,False,True,False,0.6666666666666666,0.4156851541987939,0.4415530285498275
2019_R10_gold_coast_v_geelong_2019-05-25,2019,12595,11919,11798,12595,11798,11548,True,False,False,False,0.6666666666666666,0.4749779510389226,0.6230139702330605
2019_R10_hawthorn_v_port_adelaide_2019-05-25,2019,11845,11832,12494,11845,11832,12619,True,True,False,False,0.6666666666666666,0.3157192312158829,0.7631036681592159
2019_R10_melbourne_v_greater_western_sydney_2019-05-26,2019,12255,11966,12462,12255,12462,11966,True,False,False,False,1.0,0.4672209726104109,0.3270677156944554
2019_R10_richmond_v_essendon_2019-05-25,2019,11566,11675,11794,11566,11794,11917,True,False,False,False,0.6666666666666666,0.4636891484629778,0.4008040568548408
2019_R10_st_kilda_v_carlton_2019-05-26,2019,12415,12261,12368,12415,12261,12368,True,True,True,True,1.0,0.479435532536367,0.3818071390458588
2019_R10_sydney_v_collingwood_2019-05-24,2019,12217,11880,4182,11880,12217,12054,False,False,False,False,0.6666666666666666,0.45358679106919136,0.23361766842244422
2019_R10_western_bulldogs_v_north_melbourne_2019-05-25,2019,11686,4180,12373,11686,4180,11835,True,True,False,False,0.6666666666666666,0.4216101268991759,0.7652813344391007
2019_R11_brisbane_lions_v_hawthorn_2019-06-01,2019,12067,12340,12055,12067,12055,12252,True,False,False,False,0.6666666666666666,0.4531487545737117,0.6019564481172033
2019_R11_collingwood_v_fremantle_2019-06-01,2019,11834,4182,12060,11834,4182,12060,True,True,True,True,1.0,0.4465608344709563,0.5375022534762103
2019_R11_essendon_v_carlton_2019-06-02,2019,11896,12406,11715,11896,12406,11702,True,True,False,False,0.6666666666666666,0.4459211523982972,0.5385970017828547
2019_R11_geelong_v_sydney_2019-06-01,2019,12595,11700,11548,11700,12595,11953,False,False,False,False,0.6666666666666666,0.4587983611862873,0.06673070325609463
2019_R11_greater_western_sydney_v_gold_coast_2019-06-01,2019,12028,12017,12255,12028,12255,12017,True,False,False,False,1.0,0.4672209726104109,0.7651932330579524
2019_R11_melbourne_v_adelaide_2019-06-01,2019,12156,11966,12410,12156,12410,11966,True,False,False,False,1.0,0.45635000623998023,0.44659383210314224
2019_R11_north_melbourne_v_richmond_2019-05-31,2019,11835,12289,12312,12289,11835,11566,False,False,False,False,0.6666666666666666,0.4419531383380401,0.20329787740622307
2019_R11_st_kilda_v_port_adelaide_2019-06-02,2019,11583,11578,11994,11583,11578,12659,True,True,False,False,0.6666666666666666,0.3972991014000546,0.5284948326148826
2019_R11_west_coast_v_western_bulldogs_2019-06-02,2019,11904,11905,12373,11905,11904,11805,False,False,False,False,0.6666666666666666,0.4026487166562584,0.20365611912256165
2019_R12_adelaide_v_greater_western_sydney_2019-06-08,2019,12504,12255,12156,12258,12504,12156,False,False,True,False,0.6666666666666666,0.4193162638215371,0.21374283260543764
2019_R12_carlton_v_brisbane_lions_2019-06-08,2019,12261,12684,12402,12261,12684,12055,True,True,False,False,0.6666666666666666,0.4214827358769769,0.9915464800715235
2019_R12_collingwood_v_melbourne_2019-06-10,2019,11966,12054,12587,11966,12054,11751,True,True,False,False,0.6666666666666666,0.4489563967779464,0.47065930791570915
2019_R12_gold_coast_v_north_melbourne_2019-06-08,2019,11724,11927,11835,11724,11835,11927,True,False,False,False,1.0,0.46169046623556514,0.5068504499258409
2019_R12_richmond_v_geelong_2019-06-07,2019,11700,1105,11798,11700,12595,11798,True,False,True,False,0.6666666666666666,0.4403305190722401,0.8104354583559705
2019_R12_sydney_v_west_coast_2019-06-09,2019,12412,4065,11953,12412,12268,12140,True,False,False,False,0.3333333333333333,0.42071114276781996,0.6887928003509302
2019_R13_adelaide_v_richmond_2019-06-13,2019,12156,12473,11794,12156,12473,11792,True,True,False,False,0.6666666666666666,0.4440518343198173,0.6124682951457799
2019_R13_carlton_v_western_bulldogs_2019-06-15,2019,12421,12408,12166,12408,12421,12166,False,False,True,False,1.0,0.44136754716152005,0.39395529273801916
2019_R13_essendon_v_hawthorn_2019-06-14,2019,12241,11715,11832,12241,11896,12619,True,False,False,False,0.3333333333333333,0.3939388751062357,0.24465993521501558
2019_R13_fremantle_v_port_adelaide_2019-06-15,2019,11763,11834,11583,11763,11834,11583,True,True,True,True,1.0,0.4621285027310447,0.8768415881898541
2019_R13_gold_coast_v_st_kilda_2019-06-15,2019,12249,11919,12132,12249,12132,11919,True,False,False,False,1.0,0.4729529165478214,0.7691677059878533
2019_R13_north_melbourne_v_greater_western_sydney_2019-06-16,2019,12504,12028,12440,12255,12504,12440,False,False,True,False,0.6666666666666666,0.4233345903375624,0.15722677223613088
2019_R14_melbourne_v_fremantle_2019-06-22,2019,12009,12147,11834,12009,11966,12410,True,False,False,False,0.3333333333333333,0.42839969257911076,0.43098275908139116
2019_R14_port_adelaide_v_geelong_2019-06-22,2019,11578,11994,11700,11578,11994,11583,True,True,False,False,0.6666666666666666,0.4440518343198173,0.34482787639986673
2019_R14_st_kilda_v_brisbane_lions_2019-06-22,2019,12277,12076,12518,12076,11684,12067,False,False,False,False,0.3333333333333333,0.40321259408903004,0.12284629324093237
2019_R14_sydney_v_hawthorn_2019-06-21,2019,11953,12141,4065,11953,12158,12141,True,False,False,False,0.6666666666666666,0.3533896439938772,0.7029938406282892
2019_R14_west_coast_v_essendon_2019-06-20,2019,12253,12087,11904,12253,12087,11780,True,True,False,False,0.6666666666666666,0.4393026331792707,0.6446804841070682
2019_R14_western_bulldogs_v_collingwood_2019-06-23,2019,12217,12166,12373,12217,12166,12054,True,True,False,False,0.6666666666666666,0.4175280293042139,0.8040691505702123
2019_R15_brisbane_lions_v_melbourne_2019-06-30,2019,12454,12076,12055,12076,12055,12067,False,False,False,False,0.6666666666666666,0.4518346450872726,0.041526970245624586
2019_R15_collingwood_v_north_melbourne_2019-06-29,2019,11835,11724,11859,11835,11724,12054,True,True,False,False,0.6666666666666666,0.4064366702484166,0.42433437643013433
2019_R15_essendon_v_greater_western_sydney_2019-06-27,2019,12028,12241,12255,12241,12028,11774,False,False,False,False,0.6666666666666666,0.4286199721366786,0.13717131686157566
2019_R15_fremantle_v_carlton_2019-06-30,2019,4148,11883,11834,11834,4148,11883,False,False,False,False,1.0,0.4406837864377997,0.3165400940253089
2019_R15_geelong_v_adelaide_2019-06-28,2019,12595,11538,11884,12595,11538,11700,True,True,False,False,0.6666666666666666,0.4099345690616564,0.705190655059041
2019_R15_hawthorn_v_west_coast_2019-06-29,2019,11805,11905,12141,11805,11905,12141,True,True,True,True,1.0,0.4621285027310447,0.7258483609213962
2019_R15_port_adelaide_v_western_bulldogs_2019-06-29,2019,12269,12408,12166,12166,12408,12269,False,True,False,False,1.0,0.4500316809157836,0.09616836359909267
2019_R15_sydney_v_gold_coast_2019-06-29,2019,11953,12326,12516,11953,12326,11672,True,True,False,False,0.6666666666666666,0.43652880150553713,0.3534742816839212
2019_R16_adelaide_v_port_adelaide_2019-07-06,2019,11578,12483,11787,11787,11578,12150,False,False,False,False,0.6666666666666666,0.40766293458343383,0.3069125416626293
2019_R16_carlton_v_melbourne_2019-07-07,2019,12009,12598,12410,12009,12410,12379,True,False,False,False,0.6666666666666666,0.44328024121066034,0.8166333023675497
2019_R16_essendon_v_sydney_2019-07-06,2019,12022,11672,11729,12022,11729,11672,True,False,False,False,1.0,0.446197924406372,0.2512394121843418
2019_R16_fremantle_v_west_coast_2019-07-06,2019,11805,11904,11843,11904,11805,12253,False,False,False,False,0.6666666666666666,0.4407412751534643,0.32427325116092265
2019_R16_gold_coast_v_richmond_2019-07-06,2019,11666,12431,12333,12431,11917,11666,False,False,False,False,0.6666666666666666,0.44460704291185826,0.15206169950784792
2019_R16_greater_western_sydney_v_brisbane_lions_2019-07-07,2019,12055,12090,12028,12055,12028,12090,True,False,False,False,1.0,0.4511890705795189,0.6770764075558776
2019_R16_hawthorn_v_collingwood_2019-07-05,2019,12332,12054,12237,12332,12054,12619,True,True,False,False,0.6666666666666666,0.4177389346049144,0.3660724557199518
2019_R16_north_melbourne_v_st_kilda_2019-07-07,2019,12557,12065,12502,12502,12065,11686,False,True,False,False,0.6666666666666666,0.432649597934085,0.06919067524784685
2019_R16_western_bulldogs_v_geelong_2019-07-06,2019,12594,12166,12269,12269,12166,12203,False,True,False,False,0.6666666666666666,0.4134682611835144,0.05513450686993493
2019_R17_essendon_v_north_melbourne_2019-07-13,2019,12407,12289,11859,12289,12241,12391,False,False,False,False,0.3333333333333333,0.40845527768960693,0.027979534402956842
2019_R17_geelong_v_st_kilda_2019-07-13,2019,11700,12564,11798,11700,11798,12564,True,False,False,False,1.0,0.44136754716152005,0.7347456844552296
2019_R17_gold_coast_v_adelaide_2019-07-13,2019,4060,12258,12381,4060,12258,12381,True,True,True,True,1.0,0.4621285027310447,0.39882428363605954
2019_R17_hawthorn_v_fremantle_2019-07-13,2019,11834,11832,12619,12619,11834,12060,False,False,False,False,0.6666666666666666,0.4425086481015034,0.17806752180494978
2019_R17_port_adelaide_v_brisbane_lions_2019-07-14,2019,12067,12076,12277,12067,12076,12055,True,True,False,False,0.6666666666666666,0.43470088010524616,0.8095023944906855
2019_R17_richmond_v_greater_western_sydney_2019-07-14,2019,12535,12025,12333,12025,12535,12034,False,False,False,False,0.6666666666666666,0.4135739065081183,0.16963395265845524
2019_R17_sydney_v_carlton_2019-07-13,2019,12508,11645,12684,12508,12684,4148,True,False,False,False,0.6666666666666666,0.43095570169383224,0.1671420001639691
2019_R17_west_coast_v_collingwood_2019-07-12,2019,11751,4182,12054,12054,12639,12217,False,False,False,False,0.3333333333333333,0.4136313737926734,0.08686505876291972
2019_R17_western_bulldogs_v_melbourne_2019-07-14,2019,12408,12203,12147,12408,12203,12163,True,True,False,False,0.6666666666666666,0.4393026331792707,0.9612799370116646
2019_R18_adelaide_v_essendon_2019-07-19,2019,12241,12156,12473,12241,11891,12473,True,False,True,False,0.6666666666666666,0.42784837902752165,0.6033193165588983
2019_R18_brisbane_lions_v_north_melbourne_2019-07-20,2019,12067,4180,12076,12067,12055,4180,True,False,False,False,0.6666666666666666,0.42314380551698194,0.912108318822532
2019_R18_carlton_v_gold_coast_2019-07-20,2019,11883,12331,12455,11883,12684,12481,True,False,False,False,0.3333333333333333,0.4087023008179841,0.5797815760437272
2019_R18_fremantle_v_sydney_2019-07-20,2019,12268,12542,11953,12268,11953,11888,True,False,False,False,0.6666666666666666,0.38241391161964144,0.4088082151879241
2019_R18_geelong_v_hawthorn_2019-07-21,2019,11760,11798,11682,11760,12141,12619,True,False,False,False,0.3333333333333333,0.39059831342528023,0.6762794531049446
2019_R18_greater_western_sydney_v_collingwood_2019-07-20,2019,12217,12017,12504,12217,12017,12504,True,True,True,True,1.0,0.4567607623212043,0.5455237384605816
2019_R18_melbourne_v_west_coast_2019-07-21,2019,12253,12598,12410,12253,12410,12598,True,False,False,False,1.0,0.4511890705795189,0.3736144658879584
2019_R18_richmond_v_port_adelaide_2019-07-20,2019,11794,11917,12357,11917,11794,11948,False,False,False,False,0.6666666666666666,0.4273504523252518,0.22009731494576718
2019_R18_st_kilda_v_western_bulldogs_2019-07-21,2019,12324,12564,12354,12408,12564,12249,False,True,False,False,0.3333333333333333,0.3493009371623693,0.09381189761767848
2019_R19_carlton_v_adelaide_2019-07-27,2019,12261,1456,12567,12261,1456,4148,True,True,False,False,0.6666666666666666,0.4099345690616564,0.8782423444634425
2019_R19_collingwood_v_richmond_2019-07-26,2019,11794,11948,11917,11794,11948,11917,True,True,True,True,1.0,0.4465608344709563,0.4685432702644989
2019_R19_gold_coast_v_essendon_2019-07-28,2019,11774,12167,12331,12331,12177,11774,False,False,False,False,0.6666666666666666,0.43475122176356584,0.1746396478993028
2019_R19_hawthorn_v_brisbane_lions_2019-07-27,2019,12055,12076,12141,12055,12076,11710,True,True,False,False,0.6666666666666666,0.42068378526897793,0.5319798957394878
2019_R19_port_adelaide_v_greater_western_sydney_2019-07-27,2019,11825,11583,12025,11583,12440,12504,False,False,False,False,0.3333333333333333,0.3192466489136827,0.0042207473283206115
2019_R19_st_kilda_v_melbourne_2019-07-27,2019,12132,12065,12379,12132,12415,11966,True,False,False,False,0.3333333333333333,0.3680374487767977,0.6570239202079485
2019_R19_sydney_v_geelong_2019-07-28,2019,12595,11548,11798,11548,12595,11700,False,False,False,False,0.6666666666666666,0.4485456406967223,0.1324497931245097
2019_R19_west_coast_v_north_melbourne_2019-07-27,2019,4169,12253,11905,4169,11904,12087,True,False,False,False,0.3333333333333333,0.40954400788335976,0.3758273353446582
2019_R19_western_bulldogs_v_fremantle_2019-07-28,2019,12269,12166,12589,12166,12269,11834,False,False,False,False,0.6666666666666666,0.40171944743717436,0.2294466332542685
2019_R20_adelaide_v_st_kilda_2019-08-03,2019,12258,12165,11713,12258,12165,12156,True,True,False,False,0.6666666666666666,0.4139597030626968,0.4941763441728388
2019_R20_brisbane_lions_v_western_bulldogs_2019-08-04,2019,12269,11710,12166,12166,12269,11710,False,False,False,False,1.0,0.4360445312949387,0.12014645501594177
2019_R20_carlton_v_west_coast_2019-08-04,2019,11805,12684,12087,12087,11805,12508,False,False,False,False,0.6666666666666666,0.42669098936378624,0.1460163449244964
2019_R20_collingwood_v_gold_coast_2019-08-04,2019,12054,11751,12217,12054,12217,12061,True,False,False,False,0.6666666666666666,0.43857681305010215,0.6231533431279116
2019_R20_essendon_v_port_adelaide_2019-08-03,2019,12495,11578,12241,12495,11578,11787,True,True,False,False,0.6666666666666666,0.4214827358769769,0.5184170558015869
2019_R20_fremantle_v_geelong_2019-08-03,2019,11834,11763,12060,11834,11763,12393,True,True,False,False,0.6666666666666666,0.4393026331792707,0.5807945394477807
2019_R20_greater_western_sydney_v_sydney_2019-08-03,2019,12175,12025,12326,12025,12175,12440,False,False,False,False,0.6666666666666666,0.4641898926837802,0.14494044453571292
2019_R20_melbourne_v_richmond_2019-08-03,2019,11794,11966,12174,11794,11917,11566,True,False,False,False,0.3333333333333333,0.37707408256372804,0.6672817049585434
2019_R20_north_melbourne_v_hawthorn_2019-08-02,2019,4180,11724,12619,12619,4180,12289,False,False,False,False,0.6666666666666666,0.425982930877811,0.2492487203512603
2019_R21_brisbane_lions_v_gold_coast_2019-08-10,2019,12277,12067,12076,12067,12076,11710,False,False,False,False,0.6666666666666666,0.43748808285634927,0.019813849854960344
2019_R21_essendon_v_western_bulldogs_2019-08-10,2019,12408,12166,12203,12166,12408,12203,False,False,True,False,1.0,0.44136754716152005,0.3679008140546419
2019_R21_geelong_v_north_melbourne_2019-08-10,2019,11700,11548,1105,11700,12689,11798,True,False,False,False,0.3333333333333333,0.39829062156713474,0.8323749669082029
2019_R21_greater_western_sydney_v_hawthorn_2019-08-09,2019,12619,12332,12025,12619,12332,11760,True,True,False,False,0.6666666666666666,0.4646906369045825,0.3011246369735733
2019_R21_melbourne_v_collingwood_2019-08-10,2019,12054,12410,12639,12054,11751,4182,True,False,False,False,0.3333333333333333,0.4052792805846812,0.24744168088011087
2019_R21_port_adelaide_v_sydney_2019-08-10,2019,12697,12422,12497,12422,12697,12002,False,False,False,False,0.6666666666666666,0.38611071635065836,0.12286787718537505
2019_R21_richmond_v_carlton_2019-08-11,2019,11917,12261,12576,12576,11917,11557,False,False,False,False,0.6666666666666666,0.4425086481015034,0.24610634428762587
2019_R21_st_kilda_v_fremantle_2019-08-11,2019,11834,11791,12132,11834,11791,12132,True,True,True,True,1.0,0.4515748671340975,0.9162056864474488
2019_R21_west_coast_v_adelaide_2019-08-11,2019,11905,12087,12584,12258,12156,11904,False,False,False,False,0.0,0.32896850733789756,0.007629596115474464
2019_R22_adelaide_v_collingwood_2019-08-17,2019,12083,4182,12371,12083,12371,4182,True,False,False,False,1.0,0.4511890705795189,0.350937997227834
2019_R22_brisbane_lions_v_geelong_2019-08-17,2019,12277,11700,12067,11700,12067,12277,False,False,False,False,1.0,0.4406837864377997,0.10365543503674533
2019_R22_carlton_v_st_kilda_2019-08-17,2019,4148,12132,11645,11645,4148,11883,False,False,False,False,0.6666666666666666,0.4302298815646637,0.22015695979403335
2019_R22_fremantle_v_essendon_2019-08-17,2019,11763,12022,12393,11763,12022,12241,True,True,False,False,0.6666666666666666,0.43652880150553713,0.2766400540106057
2019_R22_greater_western_sydney_v_western_bulldogs_2019-08-18,2019,12166,12408,12122,12408,12166,12578,False,False,False,False,0.6666666666666666,0.42927576557006997,0.24193968292555737
2019_R22_hawthorn_v_gold_coast_2019-08-18,2019,12619,4078,12047,12619,4078,12047,True,True,True,True,1.0,0.4567607623212043,0.8169037325395383
2019_R22_melbourne_v_sydney_2019-08-16,2019,12497,11880,12410,12497,11953,11672,True,False,False,False,0.3333333333333333,0.41318810995353983,0.30166336621258155
2019_R22_north_melbourne_v_port_adelaide_2019-08-17,2019,12289,11686,4180,12289,11686,4180,True,True,True,True,1.0,0.44170942752338027,0.5142636714922171
2019_R22_richmond_v_west_coast_2019-08-18,2019,11794,11566,11904,11794,11566,11557,True,True,False,False,0.6666666666666666,0.429005768691257,0.660431514133053
2019_R23_collingwood_v_essendon_2019-08-23,2019,12217,12083,12407,12217,12054,12391,True,False,False,False,0.3333333333333333,0.3359984744413176,0.7594936106776948
2019_R23_geelong_v_carlton_2019-08-24,2019,11700,1105,12684,11700,1105,12261,True,True,False,False,0.6666666666666666,0.3304296138039867,0.9719647133018652
2019_R23_gold_coast_v_greater_western_sydney_2019-08-24,2019,12017,12255,12143,12017,12504,12255,True,False,False,False,0.6666666666666666,0.4407412751534643,0.9536893834116288
2019_R23_north_melbourne_v_melbourne_2019-08-24,2019,11966,4180,11927,11966,4180,11927,True,True,True,True,1.0,0.43701208572828554,0.8090451220815946
2019_R23_port_adelaide_v_fremantle_2019-08-25,2019,12150,11579,12393,12150,11994,11914,True,False,False,False,0.3333333333333333,0.35407174201517816,0.5818917475183317
2019_R23_richmond_v_brisbane_lions_2019-08-25,2019,12055,11566,12076,12055,11917,12076,True,False,True,False,0.6666666666666666,0.4196581441833973,0.9191549017756027
2019_R23_sydney_v_st_kilda_2019-08-24,2019,11672,11953,11783,11672,11953,4065,True,True,False,False,0.6666666666666666,0.39965814301457553,0.8212761259233443
2019_R23_west_coast_v_hawthorn_2019-08-24,2019,12047,12242,11904,11904,12047,12141,False,False,False,False,0.6666666666666666,0.4186325030978167,0.1328430479658565
2019_R23_western_bulldogs_v_adelaide_2019-08-25,2019,12166,12269,12354,12258,12166,12269,False,False,False,False,0.6666666666666666,0.42032534621324147,0.28669353095918015
2019_R2_essendon_v_st_kilda_2019-03-30,2019,12249,12415,12050,12415,12241,11896,False,False,False,False,0.3333333333333333,0.41737030803876024,0.06409451523806654
2019_R2_geelong_v_melbourne_2019-03-30,2019,11700,12595,12505,11700,12595,12410,True,True,False,False,0.6666666666666666,0.48217201105816354,0.9064760475513626
2019_R2_gold_coast_v_fremantle_2019-03-31,2019,12236,11834,11919,11919,11834,12060,False,True,False,False,0.6666666666666666,0.4421571469684767,0.05698893722379908
2019_R2_hawthorn_v_western_bulldogs_2019-03-31,2019,12166,12141,12416,12166,11832,12203,True,False,False,False,0.3333333333333333,0.3993721583605265,0.4648916401909336
2019_R2_north_melbourne_v_brisbane_lions_2019-03-31,2019,12055,11835,12519,12055,11835,11684,True,True,False,False,0.6666666666666666,0.4592662840431831,0.8713628195836154
2019_R2_port_adelaide_v_carlton_2019-03-30,2019,12261,11583,11787,11787,11994,11583,False,False,False,False,0.6666666666666666,0.4574233748275305,0.10733999228194761
2019_R2_richmond_v_collingwood_2019-03-28,2019,12318,11728,12054,12054,11728,4182,False,True,False,False,0.6666666666666666,0.4206142271734831,0.021745221051417307
2019_R2_sydney_v_adelaide_2019-03-29,2019,11792,11672,12156,11672,11792,12156,False,False,True,False,1.0,0.4672209726104109,0.15183931500555095
2019_R2_west_coast_v_greater_western_sydney_2019-03-30,2019,11805,12143,12253,11805,12253,12003,True,False,False,False,0.6666666666666666,0.44990702829280577,0.4318386280257709
2019_R3_adelaide_v_geelong_2019-04-04,2019,11700,12156,12505,11700,12156,12464,True,True,False,False,0.6666666666666666,0.4064195947704701,0.8743451532660731
2019_R3_carlton_v_sydney_2019-04-06,2019,12326,12261,11672,12326,12261,11672,True,True,True,True,1.0,0.4988288422933695,0.4942662927244757
2019_R3_fremantle_v_st_kilda_2019-04-07,2019,12542,12249,4088,12249,12542,11763,False,False,False,False,0.6666666666666666,0.4335305269139165,0.25164347814184135
2019_R3_greater_western_sydney_v_richmond_2019-04-06,2019,12017,12143,12091,12017,12143,12504,True,True,False,False,0.6666666666666666,0.39458644599225334,0.913002374635009
2019_R3_hawthorn_v_north_melbourne_2019-04-07,2019,4180,11954,12141,12141,4180,11954,False,False,False,False,1.0,0.4902444336515392,0.1730622959894023
2019_R3_melbourne_v_essendon_2019-04-05,2019,12022,11729,12407,12322,11729,12022,False,True,False,False,0.6666666666666666,0.3900137012226114,0.09278605802270554
2019_R3_western_bulldogs_v_gold_coast_2019-04-07,2019,12269,12236,12166,12269,11898,12166,True,False,True,False,0.6666666666666666,0.4403305190722401,0.22293404195588362
2019_R4_collingwood_v_western_bulldogs_2019-04-12,2019,12217,12269,12318,12217,12452,12269,True,False,False,False,0.6666666666666666,0.38087411278120165,0.6221258718983732
2019_R4_essendon_v_brisbane_lions_2019-04-13,2019,12407,12055,11987,12407,12241,12055,True,False,False,False,0.6666666666666666,0.42927576557006997,0.7583159754646825
2019_R4_geelong_v_greater_western_sydney_2019-04-13,2019,12028,12506,12143,12028,12440,12143,True,False,True,False,0.6666666666666666,0.4054551555001713,0.23646487657063306
2019_R4_gold_coast_v_carlton_2019-04-14,2019,12261,12331,12177,12261,12331,11919,True,True,False,False,0.6666666666666666,0.43781747723192344,0.8907078612231354
2019_R4_north_melbourne_v_adelaide_2019-04-13,2019,4180,11927,12289,4180,12289,11686,True,False,False,False,0.6666666666666666,0.4595709024088804,0.41672162942130964
2019_R4_port_adelaide_v_richmond_2019-04-13,2019,11879,11787,11948,11787,11583,11948,False,False,True,False,0.6666666666666666,0.3809055699714984,0.007891636994242725
2019_R4_st_kilda_v_hawthorn_2019-04-14,2019,12132,11802,12564,12132,12249,12332,True,False,False,False,0.3333333333333333,0.35652988521127454,0.6893444839761635
2019_R4_sydney_v_melbourne_2019-04-11,2019,12410,11966,12497,12410,11966,2447,True,True,False,False,0.6666666666666666,0.4471645891765002,0.41152175995314555
2019_R4_west_coast_v_fremantle_2019-04-13,2019,4162,4088,12282,4088,11780,4162,False,False,False,False,0.6666666666666666,0.40408866707998936,0.11221893465651266
2019_R5_adelaide_v_gold_coast_2019-04-21,2019,11792,4060,11891,11792,12156,4060,True,False,False,False,0.6666666666666666,0.4503757497621637,0.34291302245230715
2019_R5_brisbane_lions_v_collingwood_2019-04-18,2019,12054,12639,12061,12054,12639,11728,True,True,False,False,0.6666666666666666,0.43023920469485816,0.5581260904376764
2019_R5_greater_western_sydney_v_fremantle_2019-04-20,2019,11763,12205,12028,11834,12028,11763,False,False,False,False,0.6666666666666666,0.42669098936378624,0.19531397098619063
2019_R5_hawthorn_v_geelong_2019-04-22,2019,12595,11832,11538,11700,11832,12595,False,True,False,False,0.6666666666666666,0.4547906671453436,0.22556886884168678
2019_R5_melbourne_v_st_kilda_2019-04-20,2019,12249,12300,11630,12249,12300,12184,True,True,False,False,0.6666666666666666,0.34134972410545295,0.26748234985407354
2019_R5_north_melbourne_v_essendon_2019-04-19,2019,12022,12241,12302,12241,12022,11896,False,False,False,False,0.6666666666666666,0.4587983611862873,0.3683078277036033
2019_R5_richmond_v_sydney_2019-04-20,2019,11794,11917,11953,11794,11917,12268,True,True,False,False,0.6666666666666666,0.4592662840431831,0.4043640264875628
2019_R5_western_bulldogs_v_carlton_2019-04-21,2019,12261,12487,12566,12566,12261,12487,False,False,False,False,1.0,0.47195142810621665,0.22392187645403477
2019_R6_essendon_v_collingwood_2019-04-25,2019,4182,12022,12217,4182,12022,12217,True,True,True,True,1.0,0.4515748671340975,0.5734280613583157
2019_R6_fremantle_v_western_bulldogs_2019-04-27,2019,11834,4088,12537,11834,4088,12203,True,True,False,False,0.6666666666666666,0.33292711268132935,0.41648978285951876
2019_R6_geelong_v_west_coast_2019-04-28,2019,1105,11700,11842,11700,1105,11847,False,False,False,False,0.6666666666666666,0.45542686881973904,0.14395950233208119
2019_R6_gold_coast_v_brisbane_lions_2019-04-27,2019,11710,12055,12067,12055,11710,12067,False,False,True,False,1.0,0.4672209726104109,0.2583781656800414
2019_R6_hawthorn_v_carlton_2019-04-28,2019,12141,11760,12261,12141,11760,12261,True,True,True,True,1.0,0.4621285027310447,0.8821522854147804
2019_R6_port_adelaide_v_north_melbourne_2019-04-26,2019,11583,12262,11835,11583,12262,11835,True,True,True,True,1.0,0.479435532536367,0.47778721525216344
2019_R6_richmond_v_melbourne_2019-04-24,2019,12174,12333,11566,12174,11917,11566,True,False,True,False,0.6666666666666666,0.4601077843042178,0.29900863458888327
2019_R6_st_kilda_v_adelaide_2019-04-27,2019,12560,11713,12258,12258,11713,12156,False,True,False,False,0.6666666666666666,0.42262812235718505,0.03190452255424937
2019_R6_sydney_v_greater_western_sydney_2019-04-27,2019,12091,12028,12504,12028,12504,12440,False,False,False,False,0.6666666666666666,0.3520179616090577,0.004915517997399923
2019_R7_adelaide_v_fremantle_2019-05-05,2019,11834,12258,4088,12258,11792,4088,False,False,True,False,0.6666666666666666,0.42630519280920776,0.09598666969261317
2019_R7_brisbane_lions_v_sydney_2019-05-04,2019,12076,12411,12055,12076,12055,11684,True,False,False,False,0.6666666666666666,0.42746258247294316,0.5468334412651851
2019_R7_carlton_v_north_melbourne_2019-05-05,2019,12557,12343,4180,12343,12557,4180,False,False,True,False,1.0,0.4729529165478214,0.18694404547574464
2019_R7_collingwood_v_port_adelaide_2019-05-03,2019,4182,12054,12372,4182,12054,12217,True,True,False,False,0.6666666666666666,0.3834627812260708,0.3768636108848168
2019_R7_geelong_v_essendon_2019-05-05,2019,1105,11798,12595,12595,11798,12464,False,True,False,False,0.6666666666666666,0.45645874690180854,0.07537715066487233
2019_R7_greater_western_sydney_v_st_kilda_2019-05-04,2019,12017,12175,12091,12017,12175,12504,True,True,False,False,0.6666666666666666,0.4646906369045825,0.6825255154093792
2019_R7_melbourne_v_hawthorn_2019-05-04,2019,12379,11845,11966,12379,12410,11966,True,False,True,False,0.6666666666666666,0.42796165608363096,0.4111750509453356
2019_R7_west_coast_v_gold_coast_2019-05-04,2019,12087,11904,11805,11805,12253,11904,False,False,False,False,0.6666666666666666,0.4382767386661196,0.14216515476889907
2019_R7_western_bulldogs_v_richmond_2019-05-04,2019,12594,12269,12166,12594,12269,12408,True,True,False,False,0.6666666666666666,0.4559276130405414,0.6814609618253944
2019_R8_carlton_v_collingwood_2019-05-11,2019,12217,12261,4182,12217,12261,12452,True,True,False,False,0.6666666666666666,0.42971380206554965,0.5389458692077902
2019_R8_fremantle_v_richmond_2019-05-12,2019,11834,12535,11566,11834,12535,12282,True,True,False,False,0.6666666666666666,0.4592662840431831,0.7241232885709268
2019_R8_hawthorn_v_greater_western_sydney_2019-05-12,2019,11832,12332,11575,11832,12332,12539,True,True,False,False,0.6666666666666666,0.3688215061770159,0.65725909029023
2019_R8_north_melbourne_v_geelong_2019-05-12,2019,12595,1105,4180,12595,11798,11700,True,False,False,False,0.3333333333333333,0.44131691796740613,0.9187676364256251
2019_R8_port_adelaide_v_adelaide_2019-05-11,2019,12560,11787,11792,11787,11792,12165,False,False,False,False,0.6666666666666666,0.44553563159592063,0.01396194338841154
2019_R8_st_kilda_v_west_coast_2019-05-11,2019,12087,12247,11805,11904,11805,12253,False,False,False,False,0.3333333333333333,0.3659794919732587,0.04533551388109891
2019_R8_sydney_v_essendon_2019-05-10,2019,11953,12241,11672,11953,12241,11896,True,True,False,False,0.6666666666666666,0.4489563967779464,0.4236857130370772
2019_R8_western_bulldogs_v_brisbane_lions_2019-05-11,2019,12408,12076,12055,12408,12203,12166,True,False,False,False,0.3333333333333333,0.42073405390821655,0.4900479924276428
2019_R9_brisbane_lions_v_adelaide_2019-05-18,2019,12055,12156,12277,12055,12156,11792,True,True,False,False,0.6666666666666666,0.4216101268991759,0.7498107115010989
2019_R9_collingwood_v_st_kilda_2019-05-18,2019,12217,11751,12639,12217,12054,11751,True,False,False,False,0.6666666666666666,0.4419531383380401,0.6480468386628672
2019_R9_essendon_v_fremantle_2019-05-18,2019,12241,4088,12022,4088,12241,11729,False,False,False,False,0.6666666666666666,0.4485456406967223,0.17037282201088755
2019_R9_geelong_v_western_bulldogs_2019-05-18,2019,11798,11934,12505,11798,11700,11934,True,False,False,False,0.6666666666666666,0.4058827128751326,0.6439158292154639
2019_R9_greater_western_sydney_v_carlton_2019-05-19,2019,12143,12255,12504,12143,12504,12255,True,False,False,False,1.0,0.46169046623556514,0.610629654701524
2019_R9_north_melbourne_v_sydney_2019-05-18,2019,11724,11953,12412,11724,12411,11953,True,False,False,False,0.6666666666666666,0.44548311590281753,0.19209360494837285
2019_R9_port_adelaide_v_gold_coast_2019-05-19,2019,11583,12262,12481,11583,12481,11787,True,False,False,False,0.6666666666666666,0.47604821014028076,0.5131509537164272
2019_R9_richmond_v_hawthorn_2019-05-19,2019,11794,11566,12141,11794,12034,11566,True,False,False,False,0.6666666666666666,0.433263689537344,0.8707600158110529
2019_R9_west_coast_v_melbourne_2019-05-17,2019,12087,11966,12253,12253,4162,12087,False,False,False,False,0.6666666666666666,0.4480361354776849,0.14436149754200586
2020_R10_adelaide_v_melbourne_2020-08-05,2020,12410,12147,11940,12410,12147,12430,True,True,False,False,0.6666666666666666,0.4559276130405414,0.9572824861818919
2020_R10_collingwood_v_sydney_2020-08-06,2020,12066,12573,12061,12066,12573,12054,True,True,False,False,0.6666666666666666,0.3809628860488262,0.6560982461906084
2020_R10_essendon_v_greater_western_sydney_2020-08-07,2020,12504,12241,12028,12241,12504,12028,False,False,True,False,1.0,0.46169046623556514,0.2533609980933527
2020_R10_geelong_v_north_melbourne_2020-08-05,2020,11884,12689,12502,11884,12464,11548,True,False,False,False,0.3333333333333333,0.42863705300681315,0.4038503424112889
2020_R10_gold_coast_v_st_kilda_2020-08-06,2020,12368,12490,12331,12368,12249,12564,True,False,False,False,0.3333333333333333,0.432594681200125,0.24460785836570736
2020_R10_richmond_v_brisbane_lions_2020-08-04,2020,11794,12661,12055,11794,12535,12661,True,False,False,False,0.6666666666666666,0.4166853040656694,0.22254462170597017
2020_R11_adelaide_v_collingwood_2020-08-11,2020,12066,12061,11751,12165,12066,12061,False,False,False,False,0.6666666666666666,0.4656629219528432,0.1976349513048816
2020_R11_brisbane_lions_v_western_bulldogs_2020-08-08,2020,12055,12166,12454,12055,12166,12454,True,True,True,True,1.0,0.4515748671340975,0.6042691502315382
2020_R11_fremantle_v_hawthorn_2020-08-10,2020,12589,11834,12196,12589,11834,12196,True,True,True,True,1.0,0.4567607623212043,0.4090788517976824
2020_R11_gold_coast_v_essendon_2020-08-12,2020,12533,11729,12385,12241,12022,12631,False,False,False,False,0.0,0.31648136798405674,0.075493505181686
2020_R11_melbourne_v_north_melbourne_2020-08-09,2020,12430,12410,12322,12410,12430,12322,False,False,True,False,1.0,0.4729529165478214,0.20425836961417912
2020_R11_port_adelaide_v_richmond_2020-08-08,2020,12150,11583,11578,12150,11583,11578,True,True,True,True,1.0,0.4676888954673067,0.6397097326316967
2020_R11_st_kilda_v_geelong_2020-08-10,2020,11842,11700,11548,12464,11842,11548,False,False,True,False,0.6666666666666666,0.4233345903375624,0.21768028692236327
2020_R11_west_coast_v_carlton_2020-08-09,2020,12087,12595,11866,12253,12087,12595,False,False,False,False,0.6666666666666666,0.27738772274191886,0.05981177988225407
2020_R12_fremantle_v_carlton_2020-08-15,2020,12261,11834,12050,11883,12684,12261,False,False,False,False,0.3333333333333333,0.3208617329388533,0.059374995265094994
2020_R12_geelong_v_port_adelaide_2020-08-14,2020,11548,11700,12278,11548,11700,11884,True,True,False,False,0.6666666666666666,0.36672062026241475,0.9622798423976737
2020_R12_melbourne_v_collingwood_2020-08-15,2020,12430,12410,12598,12430,12410,12393,True,True,False,False,0.6666666666666666,0.40540277656642837,0.22300673243276056
2020_R12_north_melbourne_v_brisbane_lions_2020-08-15,2020,12055,12067,12590,12154,12067,12076,False,True,False,False,0.3333333333333333,0.29185044714717046,0.09868921327693828
2020_R12_richmond_v_gold_coast_2020-08-17,2020,12704,11666,12174,11666,12704,12317,False,False,False,False,0.6666666666666666,0.42117209040369624,0.09453299417635393
2020_R12_st_kilda_v_essendon_2020-08-16,2020,12564,12288,12060,12288,12022,12564,False,False,False,False,0.6666666666666666,0.36357029124812057,0.06861847680597288
2020_R12_sydney_v_greater_western_sydney_2020-08-13,2020,11953,12268,12140,11953,12714,12268,True,False,False,False,0.6666666666666666,0.433263689537344,0.40709636696472196
2020_R12_western_bulldogs_v_adelaide_2020-08-16,2020,12594,12269,12441,12269,12692,12594,False,False,False,False,0.6666666666666666,0.4230629335259319,0.05056307932337835
2020_R13_adelaide_v_geelong_2020-08-23,2020,11884,11798,11700,11884,11700,11798,True,False,False,False,1.0,0.46169046623556514,0.46855345961087674
2020_R13_brisbane_lions_v_st_kilda_2020-08-23,2020,12519,12368,12518,12368,12519,12076,False,False,False,False,0.6666666666666666,0.40990691794794404,0.2254488466740164
2020_R13_collingwood_v_north_melbourne_2020-08-24,2020,12372,4182,12066,12066,4182,11751,False,True,False,False,0.6666666666666666,0.41608346888654474,0.009781475189812936
2020_R13_essendon_v_richmond_2020-08-22,2020,12535,12241,11794,11794,12241,12535,False,True,False,False,1.0,0.4500316809157836,0.17326389284466007
2020_R13_fremantle_v_sydney_2020-08-22,2020,12542,12282,12205,12542,4088,12589,True,False,False,False,0.3333333333333333,0.39058049222583446,0.37190957031234867
2020_R13_gold_coast_v_carlton_2020-08-21,2020,12685,4148,12520,4148,12261,12685,False,False,False,False,0.6666666666666666,0.3959849919136156,0.14824270389925034
2020_R13_port_adelaide_v_hawthorn_2020-08-22,2020,11583,12196,12238,11583,11787,12196,True,False,False,False,0.6666666666666666,0.4116117494995333,0.7820075388292307
2020_R13_west_coast_v_greater_western_sydney_2020-08-23,2020,12255,12273,11904,11768,12255,12273,False,False,False,False,0.6666666666666666,0.4456623565140932,0.1748611945357744
2020_R13_western_bulldogs_v_melbourne_2020-08-22,2020,12692,11934,12166,12269,12166,11934,False,False,False,False,0.6666666666666666,0.43047237312286163,0.14521275747413367
2020_R14_carlton_v_collingwood_2020-08-30,2020,12066,12372,4182,12061,12066,12372,False,False,False,False,0.6666666666666666,0.3959849919136156,0.10158246852255243
2020_R14_fremantle_v_greater_western_sydney_2020-08-29,2020,12017,12143,12440,12143,12017,12504,False,False,False,False,0.6666666666666666,0.44548311590281753,0.3804544569208325
2020_R14_gold_coast_v_north_melbourne_2020-08-30,2020,12533,12498,12080,12498,12767,12533,False,False,False,False,0.6666666666666666,0.4121923422463632,0.12554173165997
2020_R14_melbourne_v_st_kilda_2020-08-29,2020,12430,11940,12368,12430,12368,12410,True,False,False,False,0.6666666666666666,0.43857681305010215,0.4983464281446807
2020_R14_port_adelaide_v_sydney_2020-08-29,2020,11914,11578,11953,11914,11578,12150,True,True,False,False,0.6666666666666666,0.2860681452199344,0.3282553956112618
2020_R14_richmond_v_west_coast_2020-08-27,2020,11666,11805,11566,11666,12686,11794,True,False,False,False,0.3333333333333333,0.4123252956191824,0.26750848798060994
2020_R14_western_bulldogs_v_geelong_2020-08-28,2020,11700,12203,11884,11700,12203,12505,True,True,False,False,0.6666666666666666,0.4411520312346884,0.853658406906771
2020_R15_brisbane_lions_v_collingwood_2020-09-04,2020,12519,12061,12067,12067,4182,12519,False,False,False,False,0.6666666666666666,0.43047237312286163,0.14997317924566317
2020_R15_greater_western_sydney_v_carlton_2020-09-03,2020,12025,12684,12402,12684,12025,12091,False,False,False,False,0.6666666666666666,0.35184130761445925,0.20044829354994967
2020_R15_hawthorn_v_adelaide_2020-09-01,2020,11792,12473,12258,12258,12473,12156,False,True,False,False,0.6666666666666666,0.4292401048791894,0.0166329538086314
2020_R15_richmond_v_fremantle_2020-09-02,2020,12576,12418,12790,12576,12418,11834,True,True,False,False,0.6666666666666666,0.36672062026241475,0.15066618419819808
2020_R15_sydney_v_melbourne_2020-09-03,2020,11953,11966,12461,11953,12268,12410,True,False,False,False,0.3333333333333333,0.42431103190450004,0.5157655307564024
2020_R15_west_coast_v_essendon_2020-09-01,2020,12383,12407,12595,12600,12022,12241,False,False,False,False,0.0,0.08979748157333096,0.018948275373079117
2020_R16_adelaide_v_greater_western_sydney_2020-09-08,2020,12165,12258,12156,12258,12165,12156,False,False,True,False,1.0,0.46169046623556514,0.27542334474791297
2020_R16_brisbane_lions_v_gold_coast_2020-09-09,2020,12055,12592,11710,12055,12076,12518,True,False,False,False,0.3333333333333333,0.38788131674724186,0.4321757785918677
2020_R16_carlton_v_sydney_2020-09-08,2020,12684,12261,12497,12684,12261,12402,True,True,False,False,0.6666666666666666,0.43399844977081226,0.6273791525941035
2020_R16_geelong_v_essendon_2020-09-06,2020,12464,11548,11884,12464,11548,11700,True,True,False,False,0.6666666666666666,0.45402482756467094,0.765076670515033
2020_R16_north_melbourne_v_port_adelaide_2020-09-05,2020,12150,11583,12357,11583,12150,11787,False,False,False,False,0.6666666666666666,0.43893972311468643,0.34822998490300633
2020_R16_st_kilda_v_hawthorn_2020-09-06,2020,12196,12368,12060,12288,12368,12196,False,True,False,False,0.6666666666666666,0.398436312646735,0.12355537065553322
2020_R16_western_bulldogs_v_west_coast_2020-09-06,2020,12408,12166,12269,12166,12408,12269,False,False,True,False,1.0,0.45635000623998023,0.16695703352284755
2020_R17_collingwood_v_gold_coast_2020-09-14,2020,4182,12318,12743,12061,12054,12318,False,False,False,False,0.3333333333333333,0.3641802498103248,0.04807870869124391
2020_R17_geelong_v_richmond_2020-09-11,2020,12535,11576,11794,11576,11794,12505,False,False,False,False,0.6666666666666666,0.43748808285634927,0.08789574989758694
2020_R17_greater_western_sydney_v_melbourne_2020-09-12,2020,12410,12656,12147,11966,12430,12255,False,False,False,False,0.0,0.2957443784813553,0.10976926388100969
2020_R17_hawthorn_v_western_bulldogs_2020-09-13,2020,12269,12373,12692,12269,12373,11898,True,True,False,False,0.6666666666666666,0.4508436726190595,0.6052033067403206
2020_R17_north_melbourne_v_fremantle_2020-09-12,2020,11763,12276,11834,11834,12276,11763,False,True,False,False,1.0,0.4551177379963079,0.07528893081099058
2020_R17_port_adelaide_v_essendon_2020-09-12,2020,11583,12150,11639,11787,12150,11583,False,True,False,False,0.6666666666666666,0.4048934840301027,0.08843126195751434
2020_R17_st_kilda_v_west_coast_2020-09-10,2020,12595,11768,11904,12595,11904,11768,True,False,False,False,1.0,0.4511890705795189,0.691528575947574
2020_R17_sydney_v_brisbane_lions_2020-09-13,2020,12067,11953,11672,11953,12067,11725,False,False,False,False,0.6666666666666666,0.4606446661995553,0.1526341657734517
2020_R18_adelaide_v_richmond_2020-09-19,2020,11794,12473,11557,11794,11557,12333,True,False,False,False,0.6666666666666666,0.41164492373522593,0.7714881533095918
2020_R18_brisbane_lions_v_carlton_2020-09-19,2020,12055,11725,12684,12055,11725,12684,True,True,True,True,1.0,0.4515748671340975,0.5937320969662877
2020_R18_collingwood_v_port_adelaide_2020-09-21,2020,11787,11578,12066,11787,12495,12150,True,False,False,False,0.3333333333333333,0.41643929911046107,0.7123573938824672
2020_R18_essendon_v_melbourne_2020-09-19,2020,12430,11987,11940,12430,11966,11940,True,False,True,False,0.6666666666666666,0.3703497209082575,0.22215850127727507
2020_R18_fremantle_v_western_bulldogs_2020-09-20,2020,12203,11834,12269,12203,11898,12537,True,False,False,False,0.3333333333333333,0.41680220917504535,0.8148024521922107
2020_R18_north_melbourne_v_west_coast_2020-09-17,2020,12253,12655,12590,12154,11904,12502,False,False,False,False,0.0,0.2485074291405833,0.05923139151608277
2020_R18_st_kilda_v_greater_western_sydney_2020-09-18,2020,12564,12368,12132,12368,12564,12143,False,False,False,False,0.6666666666666666,0.45358679106919136,0.23168124649820848
2020_R18_sydney_v_geelong_2020-09-20,2020,11700,11672,12464,11700,12464,11672,True,False,False,False,1.0,0.4511890705795189,0.2489709275876635
2020_R2_brisbane_lions_v_fremantle_2020-06-13,2020,12055,11834,11763,12055,11834,11763,True,True,True,True,1.0,0.49210730040385664,0.7146546230778544
2020_R2_carlton_v_melbourne_2020-06-13,2020,12430,11966,12170,12430,11966,12410,True,True,False,False,0.6666666666666666,0.4365171131687444,0.3098545573199515
2020_R2_collingwood_v_richmond_2020-06-11,2020,4182,12452,11751,4182,12066,11751,True,False,True,False,0.6666666666666666,0.4456623565140932,0.32821318545536055
2020_R2_greater_western_sydney_v_north_melbourne_2020-06-14,2020,11686,4180,12028,11686,4180,11927,True,True,False,False,0.6666666666666666,0.4064195947704701,0.8921660019720916
2020_R2_st_kilda_v_western_bulldogs_2020-06-14,2020,12288,12249,12408,12249,12288,12368,False,False,False,False,0.6666666666666666,0.4517451874369788,0.3066520636680364
2020_R2_sydney_v_essendon_2020-06-14,2020,12241,11953,12412,12241,12497,12349,True,False,False,False,0.3333333333333333,0.29568946238378885,0.4710245063886008
2020_R3_brisbane_lions_v_west_coast_2020-06-20,2020,12055,12518,11904,12055,12518,12067,True,True,False,False,0.6666666666666666,0.4646906369045825,0.9179881889819368
2020_R3_collingwood_v_st_kilda_2020-06-20,2020,11751,4182,12217,11751,12217,12066,True,False,False,False,0.6666666666666666,0.4636891484629778,0.7076392206056079
2020_R3_geelong_v_carlton_2020-06-20,2020,12261,11798,4060,12261,12170,12114,True,False,False,False,0.3333333333333333,0.3906190115106994,0.7794377105031377
2020_R3_north_melbourne_v_sydney_2020-06-20,2020,12502,12326,12497,12502,11686,11953,True,False,False,False,0.3333333333333333,0.4121923422463632,0.30692061062984766
2020_R3_richmond_v_hawthorn_2020-06-18,2020,11941,12210,12141,11941,12141,12047,True,False,False,False,0.6666666666666666,0.44328024121066034,0.4120312112467654
2020_R3_western_bulldogs_v_greater_western_sydney_2020-06-19,2020,12166,12536,12373,12536,12166,12269,False,False,False,False,0.6666666666666666,0.4419531383380401,0.2388411229822404
2020_R4_brisbane_lions_v_adelaide_2020-06-28,2020,12055,12519,12518,12055,12518,12067,True,False,False,False,0.6666666666666666,0.469234776524955,0.8029076913721992
2020_R4_essendon_v_carlton_2020-06-27,2020,12476,12114,12685,12170,12114,12476,False,True,False,False,0.6666666666666666,0.43606533125000485,0.11034655534636495
2020_R4_greater_western_sydney_v_collingwood_2020-06-26,2020,12025,4182,12091,12217,12025,4182,False,False,False,False,0.6666666666666666,0.3904816240795072,0.14789934279531947
2020_R4_hawthorn_v_north_melbourne_2020-06-28,2020,12047,12502,11686,12047,11686,4180,True,False,False,False,0.6666666666666666,0.44943990404837214,0.3439141800453675
2020_R4_melbourne_v_geelong_2020-06-28,2020,11884,11966,12464,11700,11884,12464,False,False,True,False,0.6666666666666666,0.44054936976735287,0.23996298919876938
2020_R4_port_adelaide_v_west_coast_2020-06-27,2020,11914,11579,11740,11914,11740,11583,True,False,False,False,0.6666666666666666,0.43991976299101604,0.9618956180675187
2020_R4_st_kilda_v_richmond_2020-06-27,2020,12490,12521,11871,12564,12249,12374,False,False,False,False,0.0,0.17539284668269267,0.054594466944221945
2020_R4_sydney_v_western_bulldogs_2020-06-25,2020,12269,12412,12537,12537,12269,12166,False,False,False,False,0.6666666666666666,0.44373096992089883,0.25739071199189095
2020_R5_adelaide_v_fremantle_2020-07-05,2020,4088,12589,12426,12589,4088,12426,False,False,True,False,1.0,0.4788986506410295,0.20063654849682605
2020_R5_brisbane_lions_v_port_adelaide_2020-07-04,2020,12055,12067,12340,12055,12067,12518,True,True,False,False,0.6666666666666666,0.34494601638735795,0.7181367553658357
2020_R5_carlton_v_st_kilda_2020-07-02,2020,12368,12564,12490,12564,12261,12368,False,False,False,False,0.6666666666666666,0.40192289652708985,0.12608979166854323
2020_R5_geelong_v_gold_coast_2020-07-04,2020,11548,12533,11700,11548,11798,12464,True,False,False,False,0.3333333333333333,0.3996656670310538,0.21740733140687396
2020_R5_greater_western_sydney_v_hawthorn_2020-07-05,2020,12091,12255,12462,12255,12536,12553,False,False,False,False,0.3333333333333333,0.4054551555001713,0.08189781023295388
2020_R5_melbourne_v_richmond_2020-07-05,2020,12333,11966,12410,12333,11966,11794,True,True,False,False,0.6666666666666666,0.43781747723192344,0.6892345785610032
2020_R5_west_coast_v_sydney_2020-07-04,2020,12087,12655,11768,12253,12087,12655,False,False,False,False,0.6666666666666666,0.44101729262424866,0.11592605037785401
2020_R5_western_bulldogs_v_north_melbourne_2020-07-04,2020,12065,11898,11788,12065,12537,12166,True,False,False,False,0.3333333333333333,0.37455667716015917,0.6893219326750931
2020_R6_carlton_v_western_bulldogs_2020-07-12,2020,11883,4060,12692,4060,11883,12236,False,False,False,False,0.6666666666666666,0.40171944743717436,0.16390983995231964
2020_R6_collingwood_v_hawthorn_2020-07-10,2020,12639,12054,12372,12054,12639,12196,False,False,False,False,0.6666666666666666,0.44548311590281753,0.05878570261467799
2020_R6_essendon_v_north_melbourne_2020-07-11,2020,12491,11729,11686,11686,11729,12491,False,True,False,False,1.0,0.4833412543662626,0.10959559181760592
2020_R6_fremantle_v_st_kilda_2020-07-11,2020,11763,12589,12415,11763,11834,12589,True,False,False,False,0.6666666666666666,0.41732817852369036,0.4259210958377769
2020_R6_geelong_v_brisbane_lions_2020-07-09,2020,11700,11548,1105,11700,12464,11548,True,False,False,False,0.6666666666666666,0.39852784087955806,0.39907056131857843
2020_R6_port_adelaide_v_greater_western_sydney_2020-07-12,2020,12494,12143,12664,12494,12143,12664,True,True,True,True,1.0,0.4515748671340975,0.2379708676270899
2020_R6_richmond_v_sydney_2020-07-12,2020,12333,12413,12661,12413,12418,12333,False,False,False,False,0.6666666666666666,0.4281363087860109,0.0787379532904051
2020_R6_west_coast_v_adelaide_2020-07-11,2020,12595,12253,12434,12253,11891,12595,False,False,False,False,0.6666666666666666,0.202121042626442,0.13367249411294277
2020_R7_essendon_v_western_bulldogs_2020-07-17,2020,12537,12166,12203,12537,12166,12269,True,True,False,False,0.6666666666666666,0.4646906369045825,0.6746467270761013
2020_R7_fremantle_v_west_coast_2020-07-19,2020,4169,12087,11904,4169,11904,12087,True,False,False,False,1.0,0.45635000623998023,0.2877782367246718
2020_R7_geelong_v_collingwood_2020-07-16,2020,12318,12217,12054,12318,12054,12217,True,False,False,False,1.0,0.46169046623556514,0.5668664643052633
2020_R7_greater_western_sydney_v_brisbane_lions_2020-07-18,2020,12340,12028,12610,12028,12055,12610,False,False,True,False,0.6666666666666666,0.42577147360623274,0.06878884505254995
2020_R7_hawthorn_v_melbourne_2020-07-19,2020,11966,12430,12410,11966,12430,12410,True,True,True,True,1.0,0.4621285027310447,0.40754807640256335
2020_R7_sydney_v_gold_coast_2020-07-18,2020,12533,11953,11919,12533,11919,11953,True,False,False,False,1.0,0.4729529165478214,0.3683259649066161
2020_R8_adelaide_v_essendon_2020-07-26,2020,12241,12491,11891,12241,12491,11891,True,True,True,True,1.0,0.4856483725255287,0.7114515223179142
2020_R8_fremantle_v_geelong_2020-07-27,2020,11884,12589,11798,11884,12464,12153,True,False,False,False,0.3333333333333333,0.421989169735257,0.26395575560122947
2020_R8_gold_coast_v_western_bulldogs_2020-07-23,2020,12166,12692,11919,12166,12331,12269,True,False,False,False,0.3333333333333333,0.41987402914277205,0.39167997752004796
2020_R8_greater_western_sydney_v_richmond_2020-07-24,2020,12025,11794,12255,12025,12255,11794,True,False,False,False,1.0,0.4672209726104109,0.749428438984586
2020_R8_melbourne_v_brisbane_lions_2020-07-26,2020,12055,12410,12067,12055,12410,12067,True,True,True,True,1.0,0.4515748671340975,0.6649137516639184
2020_R8_north_melbourne_v_carlton_2020-07-25,2020,12236,11883,11927,11883,11927,12684,False,False,False,False,0.6666666666666666,0.4035998419666957,0.028749432319267593
2020_R8_port_adelaide_v_st_kilda_2020-07-25,2020,12368,12288,4144,12564,12415,12591,False,False,False,False,0.0,0.38525309777436384,0.07581446161215147
2020_R8_sydney_v_hawthorn_2020-07-25,2020,12412,12141,12268,12268,12141,12332,False,True,False,False,0.6666666666666666,0.45688649293219297,0.07429391965600932
2020_R8_west_coast_v_collingwood_2020-07-26,2020,4169,12595,12655,4169,12595,11904,True,True,False,False,0.6666666666666666,0.4559276130405414,0.5299284325103448
2020_R9_carlton_v_hawthorn_2020-07-31,2020,11845,12261,12196,12196,12261,11845,False,True,False,False,1.0,0.4500316809157836,0.07459570537385664
2020_R9_essendon_v_brisbane_lions_2020-07-31,2020,12055,12546,12277,12055,12067,12546,True,False,False,False,0.6666666666666666,0.45542686881973904,0.948771003578595
2020_R9_gold_coast_v_greater_western_sydney_2020-08-02,2020,12440,12255,12175,12255,12440,12143,False,False,False,False,0.6666666666666666,0.43737944073644375,0.3162975921920586
2020_R9_north_melbourne_v_adelaide_2020-08-01,2020,12154,12246,12041,12246,12154,12041,False,False,True,False,1.0,0.5051064145105953,0.29822967379676735
2020_R9_st_kilda_v_sydney_2020-08-01,2020,12415,12734,12368,12415,12368,12734,True,False,False,False,1.0,0.46169046623556514,0.3740353592099494
2020_R9_west_coast_v_geelong_2020-08-01,2020,12253,11768,12505,12253,11805,12595,True,False,False,False,0.3333333333333333,0.34561079493345437,0.44475443264318076
2020_R9_western_bulldogs_v_richmond_2020-07-29,2020,11794,12166,12686,11794,12166,11879,True,True,False,False,0.6666666666666666,0.4471645891765002,0.7850215478739385
2021_R10_adelaide_v_melbourne_2021-05-22,2021,12410,12351,12434,12410,12035,12434,True,False,True,False,0.6666666666666666,0.40233652109807067,0.9265684512021856
2021_R10_brisbane_lions_v_richmond_2021-05-21,2021,12067,12076,12454,12076,12067,12518,False,False,False,False,0.6666666666666666,0.45542686881973904,0.2643188844183805
2021_R10_carlton_v_hawthorn_2021-05-22,2021,12684,12196,12402,12196,12684,11883,False,False,False,False,0.6666666666666666,0.37457224694505153,0.27686215402869124
2021_R10_collingwood_v_port_adelaide_2021-05-23,2021,12217,11583,12066,12217,12150,11583,True,False,False,False,0.6666666666666666,0.43737944073644375,0.6000952836972427
2021_R10_essendon_v_north_melbourne_2021-05-23,2021,12406,12241,12491,12406,12241,11835,True,True,False,False,0.6666666666666666,0.4592662840431831,0.7111901484310075
2021_R10_fremantle_v_sydney_2021-05-22,2021,4065,12282,11834,12282,4065,11834,False,False,True,False,1.0,0.44136754716152005,0.31111326603208045
2021_R10_geelong_v_gold_coast_2021-05-22,2021,11538,12651,4180,11538,12153,12651,True,False,False,False,0.6666666666666666,0.39605228138327275,0.5792557304137316
2021_R10_greater_western_sydney_v_west_coast_2021-05-23,2021,12770,11677,12440,12770,12143,12440,True,False,True,False,0.6666666666666666,0.44504507940733795,0.3011761274827296
2021_R10_western_bulldogs_v_st_kilda_2021-05-22,2021,12269,12166,12354,12269,12166,11898,True,True,False,False,0.6666666666666666,0.45402482756467094,0.3911786507540369
2021_R11_brisbane_lions_v_greater_western_sydney_2021-05-29,2021,11710,12076,12504,11710,12076,12617,True,True,False,False,0.6666666666666666,0.43399844977081226,0.7910277610531411
2021_R11_collingwood_v_geelong_2021-05-29,2021,12506,11548,12318,12506,11548,11538,True,True,False,False,0.6666666666666666,0.43781747723192344,0.21567122355892654
2021_R11_gold_coast_v_hawthorn_2021-05-29,2021,12331,12704,12034,12331,12798,12034,True,False,True,False,0.6666666666666666,0.44504507940733795,0.7577330294651744
2021_R11_port_adelaide_v_fremantle_2021-05-30,2021,12150,11914,11834,12150,11914,11583,True,True,False,False,0.6666666666666666,0.39891363743413644,0.5579515982619861
2021_R11_st_kilda_v_north_melbourne_2021-05-29,2021,12247,12156,12368,12247,12156,12368,True,True,True,True,1.0,0.4515748671340975,0.28469364795702085
2021_R11_sydney_v_carlton_2021-05-30,2021,12326,12261,11672,12261,12326,11953,False,False,False,False,0.6666666666666666,0.4028251624167,0.21845955544253934
2021_R11_west_coast_v_essendon_2021-05-29,2021,12406,12253,12241,12253,12406,12241,False,False,True,False,1.0,0.4511890705795189,0.35994167284866013
2021_R11_western_bulldogs_v_melbourne_2021-05-28,2021,12410,11966,12351,12410,11966,12166,True,True,False,False,0.6666666666666666,0.4102698280125283,0.39092711306513234
2021_R12_adelaide_v_collingwood_2021-06-05,2021,12083,12165,12035,12083,12165,12061,True,True,False,False,0.6666666666666666,0.44242106119493585,0.4428836325786929
2021_R12_carlton_v_west_coast_2021-06-06,2021,12253,12600,12261,12253,12600,11904,True,True,False,False,0.6666666666666666,0.3787171068886244,0.4088276931328058
2021_R12_essendon_v_richmond_2021-06-05,2021,12406,11794,12535,12406,11794,12535,True,True,True,True,1.0,0.4515748671340975,0.7294495613945573
2021_R12_fremantle_v_western_bulldogs_2021-06-06,2021,12269,4088,11898,12269,12166,11898,True,False,True,False,0.6666666666666666,0.4160763890458768,0.5554972766881441
2021_R12_melbourne_v_brisbane_lions_2021-06-04,2021,12430,11966,12610,12430,11966,12410,True,True,False,False,0.6666666666666666,0.427692332687112,0.6091837765414135
2021_R12_sydney_v_st_kilda_2021-06-05,2021,11953,12368,12156,12156,12368,11953,False,True,False,False,1.0,0.4551177379963079,0.12264439584261876
2021_R13_fremantle_v_gold_coast_2021-06-12,2021,12547,12589,4088,12547,12331,12250,True,False,False,False,0.3333333333333333,0.4246399926328972,0.4331778373979374
2021_R13_melbourne_v_collingwood_2021-06-14,2021,4182,11966,12318,4182,12371,12318,True,False,True,False,0.6666666666666666,0.44504507940733795,0.31813574959013086
2021_R13_north_melbourne_v_greater_western_sydney_2021-06-13,2021,12255,11835,12041,12255,12041,11835,True,False,False,False,1.0,0.46169046623556514,0.852591130596345
2021_R13_port_adelaide_v_geelong_2021-06-10,2021,12017,12150,11941,12017,11548,12150,True,False,False,False,0.6666666666666666,0.3502564307257764,0.534551358134862
2021_R13_st_kilda_v_adelaide_2021-06-12,2021,12165,12247,11792,12368,12165,12156,False,False,False,False,0.3333333333333333,0.36762669269557363,0.25360748878494915
2021_R13_sydney_v_hawthorn_2021-06-11,2021,12196,12752,12141,12196,12210,12752,True,False,False,False,0.6666666666666666,0.4316815218230008,0.5539492415869587
2021_R13_west_coast_v_richmond_2021-06-13,2021,12333,4169,11768,11780,11768,4169,False,False,False,False,0.6666666666666666,0.42184649541715546,0.0467295881498891
2021_R14_geelong_v_western_bulldogs_2021-06-18,2021,12269,12505,11538,12269,11538,12464,True,False,False,False,0.6666666666666666,0.40830797087233167,0.2964319767068082
2021_R14_gold_coast_v_port_adelaide_2021-06-19,2021,12150,12357,12495,12150,11818,12357,True,False,False,False,0.6666666666666666,0.38087411278120165,0.8986178427716933
2021_R14_greater_western_sydney_v_carlton_2021-06-19,2021,12025,12553,12440,12025,12440,12553,True,False,False,False,1.0,0.4511890705795189,0.31298786833528486
2021_R14_hawthorn_v_essendon_2021-06-20,2021,12167,12196,12241,12167,12196,12734,True,True,False,False,0.6666666666666666,0.4214827358769769,0.9246049716907022
2021_R14_north_melbourne_v_brisbane_lions_2021-06-19,2021,12067,12055,12518,12067,12055,12518,True,True,True,True,1.0,0.4465608344709563,0.5332751149657193
2021_R15_brisbane_lions_v_geelong_2021-06-24,2021,12076,12199,11973,12617,12199,12076,False,True,False,False,0.6666666666666666,0.34349437612902084,0.12523555677455117
2021_R15_carlton_v_adelaide_2021-06-27,2021,12684,12434,11866,12684,12434,12165,True,True,False,False,0.6666666666666666,0.37863250076017313,0.5365284779319764
2021_R15_collingwood_v_fremantle_2021-06-26,2021,12282,4088,12061,12066,12217,12282,False,False,False,False,0.3333333333333333,0.3996656670310538,0.09622001049797706
2021_R15_essendon_v_melbourne_2021-06-26,2021,12410,12241,12430,12241,12410,12430,False,False,True,False,1.0,0.44136754716152005,0.177089970382509
2021_R15_greater_western_sydney_v_hawthorn_2021-06-27,2021,12196,12143,12794,12196,12710,12794,True,False,True,False,0.6666666666666666,0.4074700325743118,0.4076319309850873
2021_R15_north_melbourne_v_gold_coast_2021-06-26,2021,11835,11686,12590,12502,11835,11686,False,False,False,False,0.6666666666666666,0.42431103190450004,0.2715012591039105
2021_R15_port_adelaide_v_sydney_2021-06-26,2021,11583,4065,12150,11583,11953,12150,True,False,True,False,0.6666666666666666,0.4120307202898044,0.3847593803417837
2021_R15_richmond_v_st_kilda_2021-06-25,2021,12247,4144,12368,12247,12368,12156,True,False,False,False,0.6666666666666666,0.42348951974205185,0.8464490327577788
2021_R15_west_coast_v_western_bulldogs_2021-06-27,2021,12269,12692,12373,12269,12692,12166,True,True,False,False,0.6666666666666666,0.4139597030626968,0.6476862787535023
2021_R16_adelaide_v_brisbane_lions_2021-07-03,2021,12610,12067,12090,12067,12610,12165,False,False,False,False,0.6666666666666666,0.44366603776523883,0.21587444624621366
2021_R16_collingwood_v_st_kilda_2021-07-04,2021,12368,12060,12247,12368,12066,12247,True,False,True,False,0.6666666666666666,0.4365033677454845,0.7484604681121744
2021_R16_fremantle_v_carlton_2021-07-03,2021,12547,12684,12582,12547,12589,12684,True,False,False,False,0.6666666666666666,0.40605087369383813,0.3067127859315795
2021_R16_geelong_v_essendon_2021-07-02,2021,12406,11548,11700,11700,12406,11548,False,False,False,False,1.0,0.4406837864377997,0.31362453446814265
2021_R16_gold_coast_v_richmond_2021-07-01,2021,12331,12625,12728,12331,11948,12034,True,False,False,False,0.3333333333333333,0.39145054540657165,0.7436871299940938
2021_R16_hawthorn_v_port_adelaide_2021-07-03,2021,12150,11583,12357,12150,11914,11583,True,False,False,False,0.6666666666666666,0.4286199721366786,0.9353315478541016
2021_R16_melbourne_v_greater_western_sydney_2021-07-03,2021,12255,12430,12504,12255,12430,12504,True,True,True,True,1.0,0.43246086284421514,0.29295529531107734
2021_R16_sydney_v_west_coast_2021-07-04,2021,12413,11953,12253,12413,11953,12003,True,True,False,False,0.6666666666666666,0.4064366702484166,0.5413457025157343
2021_R17_brisbane_lions_v_st_kilda_2021-07-10,2021,12368,12247,12288,12368,12247,12055,True,True,False,False,0.6666666666666666,0.4489563967779464,0.827217053277357
2021_R17_carlton_v_geelong_2021-07-10,2021,12684,11973,12505,12684,11973,11884,True,True,False,False,0.6666666666666666,0.43470088010524616,0.6982336432861613
2021_R17_essendon_v_adelaide_2021-07-09,2021,12241,12879,12437,12241,12879,12167,True,True,False,False,0.6666666666666666,0.4393026331792707,0.5611439669570989
2021_R17_greater_western_sydney_v_gold_coast_2021-07-11,2021,12331,12440,12625,12331,12440,12034,True,True,False,False,0.6666666666666666,0.3997102163096938,0.5697367356976375
2021_R17_hawthorn_v_fremantle_2021-07-10,2021,4088,12282,12603,12547,4088,11834,False,False,False,False,0.3333333333333333,0.4013464929730851,0.2079621617204129
2021_R17_port_adelaide_v_melbourne_2021-07-08,2021,12430,12009,12410,12430,12410,12150,True,False,False,False,0.6666666666666666,0.4224987692280841,0.8672445331305261
2021_R17_richmond_v_collingwood_2021-07-11,2021,12066,12217,12318,12066,12061,12217,True,False,False,False,0.6666666666666666,0.46603786817176623,0.43076598933232185
2021_R17_west_coast_v_north_melbourne_2021-07-12,2021,12587,11724,11835,12587,12502,11835,True,False,True,False,0.6666666666666666,0.40845527768960693,0.5926509787500256
2021_R17_western_bulldogs_v_sydney_2021-07-11,2021,12516,12413,11953,12516,12413,11953,True,True,True,True,1.0,0.4515748671340975,0.5432078791351171
2021_R18_adelaide_v_west_coast_2021-07-18,2021,11937,11904,12087,11937,11904,12087,True,True,True,True,1.0,0.4515748671340975,0.856660199739015
2021_R18_collingwood_v_carlton_2021-07-18,2021,12684,12318,12566,12684,12455,12566,True,False,True,False,0.6666666666666666,0.42784837902752165,0.9162102406680587
2021_R18_fremantle_v_geelong_2021-07-15,2021,11884,11700,11548,12464,11884,11700,False,False,False,False,0.6666666666666666,0.4157258881946568,0.2360079824825093
2021_R18_greater_western_sydney_v_sydney_2021-07-18,2021,11953,11672,12504,11953,12411,11672,True,False,False,False,0.6666666666666666,0.40990691794794404,0.5316391471981621
2021_R18_melbourne_v_hawthorn_2021-07-17,2021,12196,12410,12147,12196,12410,12430,True,True,False,False,0.6666666666666666,0.4592662840431831,0.6861066323280782
2021_R18_north_melbourne_v_essendon_2021-07-18,2021,12241,12167,12406,12406,12241,12167,False,False,False,False,1.0,0.450417477470362,0.31865396018801
2021_R18_richmond_v_brisbane_lions_2021-07-16,2021,11576,12518,12485,11576,12374,12518,True,False,False,False,0.6666666666666666,0.4286199721366786,0.6217974140681358
2021_R18_st_kilda_v_port_adelaide_2021-07-17,2021,12150,12368,12766,12150,12368,12156,True,True,False,False,0.6666666666666666,0.4247862305958995,0.7225358875903555
2021_R19_adelaide_v_hawthorn_2021-07-24,2021,12165,12473,12196,12165,12473,12434,True,True,False,False,0.6666666666666666,0.4247862305958995,0.9543537977477965
2021_R19_brisbane_lions_v_gold_coast_2021-07-24,2021,12067,12481,12617,12067,12617,11725,True,False,False,False,0.6666666666666666,0.43095570169383224,0.5181636299809481
2021_R19_carlton_v_north_melbourne_2021-07-24,2021,12563,12707,12502,12563,12707,12502,True,True,True,True,1.0,0.43246086284421514,0.7310003788482385
2021_R19_essendon_v_greater_western_sydney_2021-07-25,2021,12143,12770,12631,12143,12770,12644,True,True,False,False,0.6666666666666666,0.4175280293042139,0.5952582124576217
2021_R19_geelong_v_richmond_2021-07-25,2021,11700,11884,11548,11700,11884,12505,True,True,False,False,0.6666666666666666,0.43023920469485816,0.49939145893837245
2021_R19_melbourne_v_western_bulldogs_2021-07-24,2021,12269,12166,12410,12269,12166,12373,True,True,False,False,0.6666666666666666,0.43470088010524616,0.31999301015380605
2021_R19_port_adelaide_v_collingwood_2021-07-23,2021,12150,12061,11583,12150,11583,12695,True,False,False,False,0.6666666666666666,0.44460704291185826,0.44694333478572557
2021_R19_sydney_v_fremantle_2021-07-25,2021,12326,11953,11672,12326,11953,11672,True,True,True,True,1.0,0.4465608344709563,0.48627582730359387
2021_R19_west_coast_v_st_kilda_2021-07-24,2021,12595,12253,12773,12773,12253,12288,False,True,False,False,0.6666666666666666,0.45139660859179304,0.043749632291970396
2021_R20_collingwood_v_west_coast_2021-07-31,2021,12061,12217,12318,12066,12061,12318,False,False,True,False,0.6666666666666666,0.43165883548633355,0.21270128496798787
2021_R20_essendon_v_sydney_2021-08-01,2021,12413,12241,12412,12241,12413,12406,False,False,False,False,0.6666666666666666,0.4273504523252518,0.3114364990634034
2021_R20_fremantle_v_richmond_2021-08-01,2021,12589,12603,11666,12589,12603,11666,True,True,True,True,1.0,0.4515748671340975,0.6331013327370065
2021_R20_gold_coast_v_melbourne_2021-08-01,2021,12430,11966,12410,12410,12430,12779,False,False,False,False,0.6666666666666666,0.4425086481015034,0.29272210231595946
2021_R20_greater_western_sydney_v_port_adelaide_2021-08-01,2021,12357,12150,11914,12357,12150,11914,True,True,True,True,1.0,0.44170942752338027,0.36033425903220345
2021_R20_hawthorn_v_brisbane_lions_2021-08-01,2021,12141,12047,12067,12141,12047,12067,True,True,True,True,1.0,0.4676888954673067,0.4293419636010834
2021_R20_north_melbourne_v_geelong_2021-07-31,2021,11884,12505,11973,11884,12551,12041,True,False,False,False,0.3333333333333333,0.3668925234041236,0.6943175781458967
2021_R20_st_kilda_v_carlton_2021-07-30,2021,12684,12566,12368,12368,12684,12566,False,False,False,False,1.0,0.450417477470362,0.13242065489877516
2021_R20_western_bulldogs_v_adelaide_2021-07-31,2021,12373,12354,12692,12373,12166,12354,True,False,False,False,0.6666666666666666,0.4273504523252518,0.4317437985941912
2021_R21_adelaide_v_port_adelaide_2021-08-07,2021,12433,12165,12150,12150,12433,12165,False,False,False,False,1.0,0.4406837864377997,0.1697576503823206
2021_R21_carlton_v_gold_coast_2021-08-07,2021,12331,12444,12767,12331,12652,12767,True,False,True,False,0.6666666666666666,0.30888857308052664,0.8520327761099279
2021_R21_fremantle_v_brisbane_lions_2021-08-08,2021,12076,12067,12199,12076,12067,12617,True,True,False,False,0.6666666666666666,0.4320444318875851,0.6839052731964569
2021_R21_geelong_v_greater_western_sydney_2021-08-06,2021,12504,12629,12143,12504,12629,12143,True,True,True,True,1.0,0.4734536607686237,0.3987141492834705
2021_R21_hawthorn_v_collingwood_2021-08-08,2021,12196,12047,12565,12196,12066,12565,True,False,True,False,0.6666666666666666,0.4403305190722401,0.9407063184252863
2021_R21_richmond_v_north_melbourne_2021-08-07,2021,12590,12576,12661,12576,11917,12661,False,False,True,False,0.6666666666666666,0.43475122176356584,0.05579383778064814
2021_R21_st_kilda_v_sydney_2021-08-07,2021,12368,12564,12609,12368,12564,11953,True,True,False,False,0.6666666666666666,0.4393026331792707,0.7669977636274804
2021_R21_west_coast_v_melbourne_2021-08-09,2021,12779,12087,12430,12087,11780,12430,False,False,True,False,0.6666666666666666,0.3743417316186846,0.014051616898867468
2021_R21_western_bulldogs_v_essendon_2021-08-08,2021,12366,12166,12241,12366,12166,12269,True,True,False,False,0.6666666666666666,0.4440518343198173,0.6829444868818993
2021_R22_brisbane_lions_v_collingwood_2021-08-14,2021,12055,12067,12277,12067,12055,12277,False,False,True,False,1.0,0.446197924406372,0.19402181110895447
2021_R22_fremantle_v_west_coast_2021-08-15,2021,12786,4088,12542,12786,4088,12547,True,True,False,False,0.6666666666666666,0.4393026331792707,0.6837645151769611
2021_R22_geelong_v_st_kilda_2021-08-14,2021,12464,11884,12156,11700,12464,11884,False,False,False,False,0.6666666666666666,0.39775624777040103,0.22468092899191874
2021_R22_gold_coast_v_essendon_2021-08-15,2021,12167,12406,12810,12167,12406,12734,True,True,False,False,0.6666666666666666,0.39891363743413644,0.7445637676908923
2021_R22_greater_western_sydney_v_richmond_2021-08-13,2021,12255,12504,12440,12255,12504,12440,True,True,True,True,1.0,0.479435532536367,0.41610816338710116
2021_R22_hawthorn_v_western_bulldogs_2021-08-14,2021,12196,12210,12047,12360,12196,12047,False,False,True,False,0.6666666666666666,0.43606533125000485,0.11846810667691648
2021_R22_melbourne_v_adelaide_2021-08-15,2021,12035,12434,12598,12598,12410,12430,False,False,False,False,0.3333333333333333,0.37173425350781464,0.01606643520011879
2021_R22_north_melbourne_v_sydney_2021-08-14,2021,11953,12509,12411,11953,12411,12041,True,False,False,False,0.6666666666666666,0.43857681305010215,0.3559929104134796
2021_R22_port_adelaide_v_carlton_2021-08-14,2021,11583,12357,12150,12150,11583,12357,False,False,False,False,1.0,0.44547210427720346,0.2665951799227532
2021_R23_adelaide_v_north_melbourne_2021-08-22,2021,12434,12165,12041,12434,12165,12813,True,True,False,False,0.6666666666666666,0.43781747723192344,0.7948719546647595
2021_R23_brisbane_lions_v_west_coast_2021-08-21,2021,12076,11725,12087,12055,11725,11768,False,True,False,False,0.3333333333333333,0.39059831342528023,0.09823660640457853
2021_R23_carlton_v_greater_western_sydney_2021-08-21,2021,11677,11883,12255,11677,11883,12255,True,True,True,True,1.0,0.4567607623212043,0.41632156410387205
2021_R23_essendon_v_collingwood_2021-08-22,2021,12029,12366,12878,12167,12066,12366,False,False,False,False,0.3333333333333333,0.39145054540657165,0.11643158920085302
2021_R23_geelong_v_melbourne_2021-08-21,2021,12410,11538,11966,12410,11966,11538,True,False,False,False,1.0,0.446197924406372,0.8903004751745407
2021_R23_richmond_v_hawthorn_2021-08-21,2021,12047,12196,12141,12141,12047,12196,False,False,False,False,1.0,0.46081439324460577,0.2057625444954735
2021_R23_sydney_v_gold_coast_2021-08-21,2021,12516,12268,4065,12516,4065,12268,True,False,False,False,1.0,0.44136754716152005,0.4828334369642027
2021_R23_western_bulldogs_v_port_adelaide_2021-08-20,2021,11583,12150,11578,11583,12150,11578,True,True,True,True,1.0,0.43246086284421514,0.5703026871297532
2021_R2_carlton_v_collingwood_2021-03-25,2021,12061,12372,12066,12061,12066,4182,True,False,False,False,0.6666666666666666,0.42746258247294316,0.5785414618702969
2021_R2_fremantle_v_greater_western_sydney_2021-03-28,2021,4088,12589,12672,12589,4088,12603,False,False,False,False,0.6666666666666666,0.4716157661283648,0.3019375683231334
2021_R2_geelong_v_brisbane_lions_2021-03-26,2021,11538,11884,12518,11538,11884,11847,True,True,False,False,0.6666666666666666,0.3790386181082588,0.4630730184857339
2021_R2_gold_coast_v_north_melbourne_2021-03-27,2021,12767,12034,12331,12767,12331,12034,True,False,False,False,1.0,0.45635000623998023,0.4410478415049476
2021_R2_hawthorn_v_richmond_2021-03-28,2021,11794,11917,11576,11794,12196,11917,True,False,False,False,0.6666666666666666,0.40952381298043233,0.32074719266698487
2021_R2_port_adelaide_v_essendon_2021-03-27,2021,12150,12495,12698,12698,12150,11583,False,False,False,False,0.6666666666666666,0.4626876600213732,0.3211132101874783
2021_R2_st_kilda_v_melbourne_2021-03-27,2021,12410,12430,12771,12410,12430,12368,True,True,False,False,0.6666666666666666,0.3790386181082588,0.6990182407596854
2021_R2_sydney_v_adelaide_2021-03-27,2021,11672,12003,11713,11713,11672,11953,False,False,False,False,0.6666666666666666,0.4518710365752937,0.15800911359194603
2021_R2_western_bulldogs_v_west_coast_2021-03-28,2021,12269,12166,11768,12269,12166,11768,True,True,True,True,1.0,0.4515748671340975,0.5257332463857362
2021_R3_adelaide_v_gold_coast_2021-04-02,2021,11713,11891,11792,11713,11792,12165,True,False,False,False,0.6666666666666666,0.42348951974205185,0.9226248634705866
2021_R3_carlton_v_fremantle_2021-04-04,2021,12566,12261,12684,12566,12261,12684,True,True,True,True,1.0,0.4734536607686237,0.5397617346062504
2021_R3_collingwood_v_brisbane_lions_2021-04-01,2021,4182,12217,11725,12217,12067,11725,False,False,True,False,0.6666666666666666,0.4436593796308838,0.02948195743941495
2021_R3_essendon_v_st_kilda_2021-04-03,2021,12406,12631,11702,12631,12406,12241,False,False,False,False,0.6666666666666666,0.4641898926837802,0.25482547270187145
2021_R3_geelong_v_hawthorn_2021-04-05,2021,11884,12141,12531,11884,12141,12531,True,True,True,True,1.0,0.4734536607686237,0.8050960468236024
2021_R3_greater_western_sydney_v_melbourne_2021-04-04,2021,11966,12430,12025,11966,12430,12025,True,True,True,True,1.0,0.4856483725255287,0.7556158973436626
2021_R3_north_melbourne_v_western_bulldogs_2021-04-02,2021,12065,12054,12408,12065,12408,12166,True,False,False,False,0.6666666666666666,0.4583304383293915,0.9810756510783922
2021_R3_richmond_v_sydney_2021-04-03,2021,12413,12412,12003,11953,12413,12412,False,False,False,False,0.6666666666666666,0.40408866707998936,0.25495843453220485
2021_R3_west_coast_v_port_adelaide_2021-04-03,2021,11768,11904,12595,11904,11780,12595,False,False,True,False,0.6666666666666666,0.3599481854217112,0.006525893696954041
2021_R4_collingwood_v_greater_western_sydney_2021-04-10,2021,11677,12025,12504,12025,11677,12440,False,False,False,False,0.6666666666666666,0.4755547305787392,0.2877202040821002
2021_R4_fremantle_v_hawthorn_2021-04-11,2021,12196,4088,12547,11834,12196,12547,False,False,True,False,0.6666666666666666,0.44516161229329076,0.22945669825979334
2021_R4_gold_coast_v_carlton_2021-04-10,2021,12684,12170,12767,11883,12533,12261,False,False,False,False,0.0,0.3223330213503105,0.016039171180024757
2021_R4_melbourne_v_geelong_2021-04-11,2021,12430,12147,11966,12430,12410,11966,True,False,True,False,0.6666666666666666,0.4357572083963802,0.6503738787377499
2021_R4_north_melbourne_v_adelaide_2021-04-11,2021,12473,12814,12165,12473,12814,12165,True,True,True,True,1.0,0.479435532536367,0.3317248468749415
2021_R4_port_adelaide_v_richmond_2021-04-09,2021,12433,11666,11583,11583,12418,12150,False,False,False,False,0.3333333333333333,0.3318126453258449,0.08660922854886462
2021_R4_st_kilda_v_west_coast_2021-04-10,2021,12368,12773,12156,12368,12773,12156,True,True,True,True,1.0,0.4515748671340975,0.689104538639706
2021_R4_western_bulldogs_v_brisbane_lions_2021-04-10,2021,12537,12166,12054,12166,12537,12054,False,False,True,False,1.0,0.4729529165478214,0.19292061875615954
2021_R5_adelaide_v_fremantle_2021-04-18,2021,12589,12542,12205,4088,12589,12205,False,False,True,False,0.6666666666666666,0.44516161229329076,0.22987499756003651
2021_R5_brisbane_lions_v_essendon_2021-04-17,2021,12055,12067,12199,12055,12067,12518,True,True,False,False,0.6666666666666666,0.4592662840431831,0.6570049374882512
2021_R5_carlton_v_port_adelaide_2021-04-17,2021,12150,11583,12357,12150,12357,11583,True,False,False,False,1.0,0.45635000623998023,0.34165897871029977
2021_R5_geelong_v_north_melbourne_2021-04-18,2021,12506,11835,12505,12464,12506,11724,False,False,False,False,0.3333333333333333,0.41941994442177755,0.2040726883217691
2021_R5_hawthorn_v_melbourne_2021-04-18,2021,11966,12410,12141,11966,12410,12430,True,True,False,False,0.6666666666666666,0.42557583834668866,0.8475810952856725
2021_R5_st_kilda_v_richmond_2021-04-15,2021,12374,12535,11576,11576,11794,12535,False,False,False,False,0.6666666666666666,0.42553359970005084,0.08479728374143601
2021_R5_west_coast_v_collingwood_2021-04-16,2021,12655,11905,11780,11780,11904,12253,False,False,False,False,0.3333333333333333,0.4082500137870462,0.09843271918766115
2021_R5_western_bulldogs_v_gold_coast_2021-04-17,2021,12269,12408,12054,12269,12408,12166,True,True,False,False,0.6666666666666666,0.4592662840431831,0.4669538019566124
2021_R6_carlton_v_brisbane_lions_2021-04-24,2021,12684,12518,12566,12518,12684,12566,False,False,True,False,1.0,0.45635000623998023,0.16295660455485303
2021_R6_collingwood_v_essendon_2021-04-25,2021,12406,12407,12241,12406,12241,12407,True,False,False,False,1.0,0.4850715929857121,0.9245449975257404
2021_R6_fremantle_v_north_melbourne_2021-04-24,2021,4088,12786,11834,11834,12786,4088,False,True,False,False,1.0,0.4551177379963079,0.22183511222950242
2021_R6_geelong_v_west_coast_2021-04-24,2021,11637,11798,12607,11798,11884,11538,False,False,False,False,0.3333333333333333,0.41128207531782235,0.023433386096602376
2021_R6_gold_coast_v_sydney_2021-04-24,2021,12767,12728,11672,12331,12767,11672,False,False,True,False,0.6666666666666666,0.44054936976735287,0.22855094642839838
2021_R6_greater_western_sydney_v_western_bulldogs_2021-04-23,2021,12054,12269,12440,12166,11898,12054,False,False,False,False,0.3333333333333333,0.37692542927011036,0.08434732140133147
2021_R6_melbourne_v_richmond_2021-04-24,2021,12430,12351,12272,12430,12272,12410,True,False,False,False,0.6666666666666666,0.3752136971415711,0.4201410278745372
2021_R6_port_adelaide_v_st_kilda_2021-04-25,2021,12150,11583,12495,12150,12495,12357,True,False,False,False,0.6666666666666666,0.43991976299101604,0.4659729283325097
2021_R7_adelaide_v_greater_western_sydney_2021-05-01,2021,12504,12440,12255,12504,12440,12255,True,True,True,True,1.0,0.4856483725255287,0.5686017566734853
2021_R7_brisbane_lions_v_port_adelaide_2021-05-01,2021,12518,12090,12433,12518,12067,12150,True,False,False,False,0.3333333333333333,0.28753859556244116,0.4453519266853668
2021_R7_collingwood_v_gold_coast_2021-05-01,2021,12331,12034,12719,12034,12331,12533,False,False,False,False,0.6666666666666666,0.4641898926837802,0.1633982311182358
2021_R7_essendon_v_carlton_2021-05-02,2021,12684,11883,12491,12684,11883,12261,True,True,False,False,0.6666666666666666,0.4338005714326815,0.7571241567927572
2021_R7_north_melbourne_v_melbourne_2021-05-02,2021,11835,12598,12771,11835,12598,12410,True,True,False,False,0.6666666666666666,0.40213020351839845,0.34888706059588603
2021_R7_richmond_v_western_bulldogs_2021-04-30,2021,11566,12535,11828,12535,11566,12456,False,False,False,False,0.6666666666666666,0.36614963552092794,0.3118297486153648
2021_R7_sydney_v_geelong_2021-05-01,2021,12497,12607,12745,11884,12497,12003,False,False,False,False,0.3333333333333333,0.381166995923527,0.19642901249994932
2021_R7_west_coast_v_fremantle_2021-05-02,2021,12595,11904,12253,12595,11904,12253,True,True,True,True,1.0,0.4567607623212043,0.8375989446098363
2021_R8_brisbane_lions_v_fremantle_2021-05-09,2021,11725,12067,12518,12067,11725,12518,False,False,True,False,1.0,0.4511890705795189,0.1443788301957177
2021_R8_gold_coast_v_st_kilda_2021-05-08,2021,12368,12249,12331,12368,12288,12156,True,False,False,False,0.3333333333333333,0.42883772907459033,0.36692069351980117
2021_R8_greater_western_sydney_v_essendon_2021-05-08,2021,12504,12406,12241,12241,12255,12406,False,False,False,False,0.6666666666666666,0.4574233748275305,0.08333109266858417
2021_R8_hawthorn_v_west_coast_2021-05-09,2021,11904,12253,12338,11904,12253,12338,True,True,True,True,1.0,0.4567607623212043,0.5372074678751504
2021_R8_melbourne_v_sydney_2021-05-08,2021,12410,12009,12413,12410,12413,11953,True,False,False,False,0.6666666666666666,0.43991976299101604,0.3302754616462967
2021_R8_north_melbourne_v_collingwood_2021-05-08,2021,12318,12061,12041,12318,12041,12061,True,False,False,False,1.0,0.4672209726104109,0.5400631960095037
2021_R8_port_adelaide_v_adelaide_2021-05-08,2021,11583,12357,12697,11994,11583,12165,False,False,False,False,0.3333333333333333,0.416095910280018,0.12057033252810964
2021_R8_richmond_v_geelong_2021-05-07,2021,12017,12505,11842,12017,11884,11798,True,False,False,False,0.3333333333333333,0.38907582529238555,0.5477665870441274
2021_R8_western_bulldogs_v_carlton_2021-05-09,2021,12269,12065,12566,12269,12166,12065,True,False,False,False,0.6666666666666666,0.3324591898244336,0.5993923478421271
2021_R9_essendon_v_fremantle_2021-05-16,2021,12406,4088,12205,12406,12734,12589,True,False,False,False,0.3333333333333333,0.34339208390335146,0.797242051248488
2021_R9_gold_coast_v_brisbane_lions_2021-05-15,2021,12067,12291,12076,12076,12067,12291,False,False,False,False,1.0,0.455528494077532,0.4408504539307068
2021_R9_hawthorn_v_north_melbourne_2021-05-15,2021,12707,11835,12557,12502,11835,11686,False,True,False,False,0.3333333333333333,0.26347895203101745,0.0016965487922168438
2021_R9_melbourne_v_carlton_2021-05-16,2021,12410,12009,12684,12410,12430,11966,True,False,False,False,0.3333333333333333,0.432594681200125,0.53154731818457
2021_R9_richmond_v_greater_western_sydney_2021-05-15,2021,11794,12440,11879,11794,12440,12661,True,True,False,False,0.6666666666666666,0.4064195947704701,0.5986476155416409
2021_R9_st_kilda_v_geelong_2021-05-14,2021,11884,11798,12368,11884,11798,11973,True,True,False,False,0.6666666666666666,0.4320444318875851,0.8201734122802921
2021_R9_sydney_v_collingwood_2021-05-15,2021,12413,12326,12412,12003,12413,12326,False,False,False,False,0.6666666666666666,0.32305191541625167,0.16625181266183764
2021_R9_west_coast_v_adelaide_2021-05-16,2021,12595,11905,12165,11905,12165,12595,False,False,False,False,1.0,0.46081439324460577,0.17877686147600558
2022_R10_adelaide_v_st_kilda_2022-05-21,2022,12773,12060,12516,12156,12773,12060,False,False,False,False,0.6666666666666666,0.3959849919136156,0.19802012817256248
2022_R10_carlton_v_sydney_2022-05-20,2022,12421,11953,12411,12411,12684,12421,False,False,False,False,0.6666666666666666,0.42564105051595086,0.20982507250522284
2022_R10_fremantle_v_collingwood_2022-05-22,2022,12061,12541,12851,12061,12541,12851,True,True,True,True,1.0,0.44170942752338027,0.22192912623228656
2022_R10_geelong_v_port_adelaide_2022-05-21,2022,11884,12017,12150,11884,12017,12495,True,True,False,False,0.6666666666666666,0.4255433001481724,0.5402242343620985
2022_R10_hawthorn_v_brisbane_lions_2022-05-22,2022,12196,12915,12332,12196,12915,12067,True,True,False,False,0.6666666666666666,0.43470088010524616,0.6948659727103901
2022_R10_north_melbourne_v_melbourne_2022-05-21,2022,12410,12430,12701,12410,12430,11966,True,True,False,False,0.6666666666666666,0.33658121625136833,0.9809265853460976
2022_R10_richmond_v_essendon_2022-05-21,2022,11917,12661,11576,12406,11917,12661,False,False,False,False,0.6666666666666666,0.4365033677454845,0.34913120249568014
2022_R10_western_bulldogs_v_gold_coast_2022-05-21,2022,12269,12166,12594,12692,12166,12269,False,True,False,False,0.6666666666666666,0.41175430575088345,0.25943846656685865
2022_R11_brisbane_lions_v_greater_western_sydney_2022-05-28,2022,12055,12255,12519,12055,12519,12255,True,False,False,False,1.0,0.44136754716152005,0.882573910932238
2022_R11_collingwood_v_carlton_2022-05-29,2022,12684,12061,12261,12684,12603,12061,True,False,False,False,0.6666666666666666,0.4133333574889836,0.20014383924320847
2022_R11_geelong_v_adelaide_2022-05-28,2022,12505,12165,11884,12505,12473,11884,True,False,True,False,0.6666666666666666,0.42784837902752165,0.5720479158338432
2022_R11_gold_coast_v_hawthorn_2022-05-28,2022,12034,12385,12331,12385,12331,12034,False,False,False,False,1.0,0.450417477470362,0.2280713907130727
2022_R11_melbourne_v_fremantle_2022-05-28,2022,12700,12589,12282,12410,12541,12700,False,False,False,False,0.3333333333333333,0.3753167312193945,0.11874251655741457
2022_R11_port_adelaide_v_essendon_2022-05-29,2022,12494,12406,12150,12406,12150,12697,False,False,False,False,0.6666666666666666,0.3840708173554039,0.011557544751178905
2022_R11_st_kilda_v_north_melbourne_2022-05-29,2022,12325,12415,12060,12415,12060,12325,False,False,False,False,1.0,0.4662851268966194,0.13990626418325564
2022_R11_sydney_v_richmond_2022-05-27,2022,4065,11666,12797,11953,12797,4065,False,False,False,False,0.6666666666666666,0.4029645012572104,0.10207816806875485
2022_R11_west_coast_v_western_bulldogs_2022-05-28,2022,12537,12054,12408,12537,12054,12166,True,True,False,False,0.6666666666666666,0.4592662840431831,0.47454916356962046
2022_R12_adelaide_v_west_coast_2022-06-04,2022,11713,12165,11904,12165,11713,12434,False,False,False,False,0.6666666666666666,0.4485456406967223,0.09288134751928309
2022_R12_fremantle_v_brisbane_lions_2022-06-05,2022,12589,12786,12610,12589,12786,12250,True,True,False,False,0.6666666666666666,0.41669344262800356,0.6549199148694284
2022_R12_gold_coast_v_north_melbourne_2022-06-04,2022,12331,12769,12768,12331,12768,11919,True,False,False,False,0.6666666666666666,0.4046154082615484,0.8027883859975542
2022_R12_hawthorn_v_collingwood_2022-06-05,2022,12660,12915,12943,12660,12943,12578,True,False,False,False,0.6666666666666666,0.3825641249215655,0.34965525900241057
2022_R12_melbourne_v_sydney_2022-06-04,2022,11966,12413,11880,11966,11880,12413,True,False,False,False,1.0,0.44136754716152005,0.9450723369790359
2022_R12_western_bulldogs_v_geelong_2022-06-03,2022,12017,11898,11798,12017,11898,11798,True,True,True,True,1.0,0.4465608344709563,0.6064532828922631
2022_R13_brisbane_lions_v_st_kilda_2022-06-11,2022,12518,12055,12067,12055,12518,12067,False,False,True,False,1.0,0.43668956758383654,0.22307637791770524
2022_R13_collingwood_v_melbourne_2022-06-13,2022,12639,12410,12428,12410,12639,12943,False,False,False,False,0.6666666666666666,0.42442332053131526,0.11560367676198248
2022_R13_essendon_v_carlton_2022-06-10,2022,12170,12508,12261,12261,12170,12411,False,False,False,False,0.6666666666666666,0.4226087702083938,0.22556315611449573
2022_R13_fremantle_v_hawthorn_2022-06-11,2022,12589,12777,12141,12589,12141,12786,True,False,False,False,0.6666666666666666,0.43857681305010215,0.46942053407368123
2022_R13_north_melbourne_v_greater_western_sydney_2022-06-12,2022,12462,12028,12871,12028,12462,12590,False,False,False,False,0.6666666666666666,0.42442332053131526,0.26006021512232264
2022_R13_richmond_v_port_adelaide_2022-06-09,2022,12357,12661,11583,12661,12357,11917,False,False,False,False,0.6666666666666666,0.4133333574889836,0.1175927320056215
2022_R14_gold_coast_v_adelaide_2022-06-19,2022,12767,12165,12498,12767,12165,12331,True,True,False,False,0.6666666666666666,0.4102698280125283,0.2858305987486786
2022_R14_greater_western_sydney_v_western_bulldogs_2022-06-18,2022,12025,12166,12594,12025,12166,12537,True,True,False,False,0.6666666666666666,0.429005768691257,0.547823293198135
2022_R14_port_adelaide_v_sydney_2022-06-18,2022,12357,12697,12150,12150,12357,12697,False,False,False,False,1.0,0.4406837864377997,0.1245872467832394
2022_R14_richmond_v_carlton_2022-06-16,2022,11917,12261,12170,11917,12261,12418,True,True,False,False,0.6666666666666666,0.4320444318875851,0.38817802961193143
2022_R14_st_kilda_v_essendon_2022-06-17,2022,12437,12366,12022,12415,12437,12366,False,False,False,False,0.6666666666666666,0.42784837902752165,0.1806678037459658
2022_R15_carlton_v_fremantle_2022-06-25,2022,12684,12421,12541,12684,12541,12411,True,False,False,False,0.6666666666666666,0.4195537531040845,0.7282725280317393
2022_R15_collingwood_v_greater_western_sydney_2022-06-26,2022,11751,12462,12660,12660,12462,12028,False,True,False,False,0.6666666666666666,0.43712517279176505,0.0905794732340715
2022_R15_geelong_v_richmond_2022-06-25,2022,12552,12661,12535,12505,11884,12661,False,False,False,False,0.3333333333333333,0.3244444634053312,0.03761870890899261
2022_R15_melbourne_v_brisbane_lions_2022-06-23,2022,12147,12779,12351,12410,12147,12430,False,False,False,False,0.3333333333333333,0.3815389648830714,0.3040281721308902
2022_R15_north_melbourne_v_adelaide_2022-06-26,2022,11713,12516,12584,12165,11713,12434,False,False,False,False,0.3333333333333333,0.40845527768960693,0.3181916309195457
2022_R15_port_adelaide_v_gold_coast_2022-06-26,2022,12357,12331,12697,12331,12177,12495,False,False,False,False,0.3333333333333333,0.39282709993878356,0.03632603311691034
2022_R15_sydney_v_st_kilda_2022-06-25,2022,12412,12627,12268,12268,12003,12699,False,False,False,False,0.3333333333333333,0.3220513008723098,0.03225920530270651
2022_R15_west_coast_v_essendon_2022-06-24,2022,4169,12022,12606,4169,12241,12606,True,False,True,False,0.6666666666666666,0.4499078269052679,0.1744879750127912
2022_R15_western_bulldogs_v_hawthorn_2022-06-24,2022,11898,12408,12166,11898,12269,12166,True,False,True,False,0.6666666666666666,0.4357572083963802,0.33752571270462955
2022_R16_adelaide_v_melbourne_2022-07-02,2022,12430,12410,12393,12430,12410,12393,True,True,True,True,1.0,0.4465608344709563,0.713540118385895
2022_R16_brisbane_lions_v_western_bulldogs_2022-06-30,2022,12055,12277,12519,12055,11898,12518,True,False,False,False,0.3333333333333333,0.42071114276781996,0.6716202987239426
2022_R16_carlton_v_st_kilda_2022-07-01,2022,12325,4144,12300,12325,12261,12415,True,False,False,False,0.3333333333333333,0.35146066122098485,0.6979250327112966
2022_R16_essendon_v_sydney_2022-07-02,2022,12241,12797,12734,12241,12797,12734,True,True,True,True,1.0,0.44170942752338027,0.43764814663659496
2022_R16_fremantle_v_port_adelaide_2022-07-03,2022,12250,12282,12150,12150,12282,12250,False,True,False,False,1.0,0.4403419060759395,0.12504777571633885
2022_R16_geelong_v_north_melbourne_2022-07-02,2022,12017,11548,11884,11548,12017,11884,False,False,True,False,1.0,0.43668956758383654,0.4315740582372823
2022_R16_gold_coast_v_collingwood_2022-07-02,2022,12943,12331,12798,12943,12331,12767,True,True,False,False,0.6666666666666666,0.4393026331792707,0.37044855583162456
2022_R16_richmond_v_west_coast_2022-07-03,2022,12595,12761,12456,12595,12403,12761,True,False,False,False,0.6666666666666666,0.4316815218230008,0.7293956878095657
2022_R17_brisbane_lions_v_essendon_2022-07-10,2022,12366,12241,12631,12366,12241,12755,True,True,False,False,0.6666666666666666,0.4214827358769769,0.27389206438842395
2022_R17_collingwood_v_north_melbourne_2022-07-09,2022,12590,12573,12563,12590,12563,12154,True,False,False,False,0.6666666666666666,0.4266666916015314,0.4717136928809993
2022_R17_geelong_v_melbourne_2022-07-07,2022,11798,11884,12147,11798,11700,11884,True,False,False,False,0.6666666666666666,0.4163709244835546,0.4121833297195018
2022_R17_gold_coast_v_richmond_2022-07-09,2022,12767,12535,12331,12535,12767,12331,False,False,True,False,1.0,0.44136754716152005,0.18935003178424534
2022_R17_hawthorn_v_adelaide_2022-07-10,2022,12752,12165,12636,12165,12636,12469,False,False,False,False,0.6666666666666666,0.3778955947261763,0.017637179118076045
2022_R17_port_adelaide_v_greater_western_sydney_2022-07-09,2022,12494,12697,11914,12697,12494,12553,False,False,False,False,0.6666666666666666,0.4251325440669483,0.028960814953336765
2022_R17_st_kilda_v_fremantle_2022-07-09,2022,12589,12541,12688,12589,12541,11834,True,True,False,False,0.6666666666666666,0.42346632366143083,0.7343660907988036
2022_R17_sydney_v_western_bulldogs_2022-07-08,2022,12413,12326,12412,12797,12412,12413,False,False,False,False,0.6666666666666666,0.40766293458343383,0.14258944420314
2022_R17_west_coast_v_carlton_2022-07-10,2022,12566,12455,12261,12421,12566,12170,False,False,False,False,0.3333333333333333,0.40277455759355035,0.25493190232671054
2022_R18_adelaide_v_collingwood_2022-07-16,2022,12943,4182,11713,12943,12165,4182,True,False,False,False,0.6666666666666666,0.43614300495095876,0.8398219858212082
2022_R18_carlton_v_geelong_2022-07-16,2022,11973,11538,12684,11538,12684,12017,False,False,False,False,0.6666666666666666,0.4137907793279632,0.04817494980568032
2022_R18_essendon_v_gold_coast_2022-07-17,2022,12241,12437,12022,12241,12437,12022,True,True,True,True,1.0,0.44170942752338027,0.3162097616021267
2022_R18_fremantle_v_sydney_2022-07-16,2022,12797,12413,12862,12797,12862,12413,True,False,False,False,1.0,0.43668956758383654,0.8740899181893763
2022_R18_greater_western_sydney_v_brisbane_lions_2022-07-16,2022,12518,12443,12592,12518,12055,12592,True,False,True,False,0.6666666666666666,0.4160763890458768,0.9063871455905145
2022_R18_hawthorn_v_west_coast_2022-07-17,2022,11954,12915,12710,11954,12196,12383,True,False,False,False,0.3333333333333333,0.42431103190450004,0.7063162612386995
2022_R18_melbourne_v_port_adelaide_2022-07-17,2022,12771,12697,12430,12771,12430,11583,True,False,False,False,0.6666666666666666,0.43401711938152576,0.3810034736887298
2022_R18_north_melbourne_v_richmond_2022-07-16,2022,12557,12502,12590,12502,12557,12590,False,False,True,False,1.0,0.446197924406372,0.10553768734256995
2022_R18_western_bulldogs_v_st_kilda_2022-07-15,2022,12269,11898,12692,12269,12325,11898,True,False,False,False,0.6666666666666666,0.4133333574889836,0.8282430520629741
2022_R19_brisbane_lions_v_gold_coast_2022-07-23,2022,12331,12034,12518,12055,12331,12767,False,False,False,False,0.3333333333333333,0.39133214394039756,0.21939420930342837
2022_R19_carlton_v_greater_western_sydney_2022-07-24,2022,12330,12261,12421,12261,12421,12684,False,False,False,False,0.6666666666666666,0.4469026163718259,0.04654487327795325
2022_R19_collingwood_v_essendon_2022-07-24,2022,12241,12066,12810,12241,12022,12066,True,False,False,False,0.6666666666666666,0.4028251624167,0.614303921297438
2022_R19_north_melbourne_v_hawthorn_2022-07-23,2022,11845,12196,12590,12915,11845,12196,False,False,False,False,0.6666666666666666,0.42032534621324147,0.32127439392237767
2022_R19_port_adelaide_v_geelong_2022-07-23,2022,12357,11548,12494,11548,11914,11973,False,False,False,False,0.3333333333333333,0.35384617452530853,0.03535053641593724
2022_R19_richmond_v_fremantle_2022-07-22,2022,12777,11917,12589,11917,12777,12541,False,False,False,False,0.6666666666666666,0.4203419049071177,0.25253327785401897
2022_R19_sydney_v_adelaide_2022-07-23,2022,11953,12849,12797,12165,11953,12797,False,False,True,False,0.6666666666666666,0.40830797087233167,0.04967759136218617
2022_R19_west_coast_v_st_kilda_2022-07-24,2022,12368,12156,12490,12368,12156,12490,True,True,True,True,1.0,0.44170942752338027,0.638618644377354
2022_R19_western_bulldogs_v_melbourne_2022-07-23,2022,12269,12923,11966,12269,11966,12537,True,False,False,False,0.6666666666666666,0.4224987692280841,0.4851535943773486
2022_R20_adelaide_v_carlton_2022-07-30,2022,12261,12434,11891,11891,12261,12165,False,False,False,False,0.6666666666666666,0.4378509929209336,0.2541678829906442
2022_R20_collingwood_v_port_adelaide_2022-07-30,2022,12318,12697,12573,12318,12573,12697,True,False,False,False,1.0,0.4511890705795189,0.2213055309690145
2022_R20_essendon_v_north_melbourne_2022-07-31,2022,12241,12167,12502,12241,12437,12167,True,False,False,False,0.6666666666666666,0.4407412751534643,0.8262775155617215
2022_R20_fremantle_v_melbourne_2022-07-29,2022,12147,12430,12589,12147,12430,12322,True,True,False,False,0.6666666666666666,0.3896019184942943,0.4535646225033668
2022_R20_geelong_v_western_bulldogs_2022-07-30,2022,11700,11884,12408,11884,11700,11941,False,False,False,False,0.6666666666666666,0.434358999743386,0.21576228220366278
2022_R20_gold_coast_v_west_coast_2022-07-31,2022,12331,11905,12767,12331,11905,12767,True,True,True,True,1.0,0.4515748671340975,0.6650427974716242
2022_R20_richmond_v_brisbane_lions_2022-07-31,2022,12535,11948,12838,12535,11948,12055,True,True,False,False,0.6666666666666666,0.40666669043270964,0.3711512762939341
2022_R20_st_kilda_v_hawthorn_2022-07-30,2022,12564,12156,12196,12564,12156,12368,True,True,False,False,0.6666666666666666,0.4411520312346884,0.6877548987797305
2022_R20_sydney_v_greater_western_sydney_2022-07-30,2022,11953,12862,11880,12862,11953,11880,False,False,True,False,1.0,0.4511890705795189,0.22760711585714427
2022_R21_brisbane_lions_v_carlton_2022-08-07,2022,12055,12610,12291,12055,12610,12291,True,True,True,True,1.0,0.43246086284421514,0.7281785471311705
2022_R21_geelong_v_st_kilda_2022-08-06,2022,11941,12881,12156,11941,12506,12464,True,False,False,False,0.3333333333333333,0.3754111201385419,0.16921148078074785
2022_R21_greater_western_sydney_v_essendon_2022-08-06,2022,12321,12143,11677,12143,12321,11677,False,False,True,False,1.0,0.44136754716152005,0.2957269658179065
2022_R21_hawthorn_v_gold_coast_2022-08-06,2022,12177,12915,12141,11845,11919,12141,False,False,True,False,0.3333333333333333,0.38350095179244514,0.06055600447517465
2022_R21_melbourne_v_collingwood_2022-08-05,2022,12410,12083,12943,12410,11966,12430,True,False,False,False,0.3333333333333333,0.3979487412052745,0.4155827699650068
2022_R21_north_melbourne_v_sydney_2022-08-07,2022,12797,11953,12563,11953,12003,12797,False,False,False,False,0.6666666666666666,0.4266666916015314,0.10619831040928217
2022_R21_port_adelaide_v_richmond_2022-08-06,2022,12374,12535,11666,12374,11917,11666,True,False,True,False,0.6666666666666666,0.44504507940733795,0.6482619729633503
2022_R21_west_coast_v_adelaide_2022-08-07,2022,4169,12165,12584,12165,4169,12473,False,False,False,False,0.6666666666666666,0.43893972311468643,0.09687952783015392
2022_R21_western_bulldogs_v_fremantle_2022-08-06,2022,12542,12282,12408,12542,12408,12511,True,False,False,False,0.6666666666666666,0.4046154082615484,0.38820708576827845
2022_R22_adelaide_v_north_melbourne_2022-08-13,2022,12590,12502,12516,12590,12516,12165,True,False,False,False,0.6666666666666666,0.4481348846154981,0.45321648774288836
2022_R22_essendon_v_port_adelaide_2022-08-14,2022,12698,12494,12553,12495,12150,12494,False,False,False,False,0.3333333333333333,0.40623776433063946,0.1012288510694909
2022_R22_fremantle_v_west_coast_2022-08-13,2022,12547,12276,12541,12547,12276,12334,True,True,False,False,0.6666666666666666,0.4393026331792707,0.6146922841228954
2022_R22_gold_coast_v_geelong_2022-08-13,2022,12017,12331,12153,11884,12153,12506,False,False,False,False,0.3333333333333333,0.3999224991166597,0.08317887955192323
2022_R22_melbourne_v_carlton_2022-08-13,2022,12322,12170,11820,12322,11966,11820,True,False,True,False,0.6666666666666666,0.3873442914831519,0.39321359142045903
2022_R22_richmond_v_hawthorn_2022-08-14,2022,11948,11917,11666,11948,11917,11666,True,True,True,True,1.0,0.4621285027310447,0.9611910942561885
2022_R22_st_kilda_v_brisbane_lions_2022-08-12,2022,12592,12312,12518,12592,12132,12518,True,False,True,False,0.6666666666666666,0.39443969066102813,0.30268633130520023
2022_R22_sydney_v_collingwood_2022-08-14,2022,12413,11953,4065,12413,12714,11953,True,False,False,False,0.6666666666666666,0.4133333574889836,0.40136175008481156
2022_R22_western_bulldogs_v_greater_western_sydney_2022-08-13,2022,12354,12166,12255,12255,12166,12692,False,True,False,False,0.6666666666666666,0.4002639253751611,0.045089315049537664
2022_R23_brisbane_lions_v_melbourne_2022-08-19,2022,12430,12410,12055,12410,12430,12322,False,False,False,False,0.6666666666666666,0.42142089781832204,0.11525381861298727
2022_R23_carlton_v_collingwood_2022-08-21,2022,12261,12603,12573,12261,12170,12603,True,False,False,False,0.6666666666666666,0.4273504523252518,0.4397054168013542
2022_R23_essendon_v_richmond_2022-08-20,2022,11917,11948,11666,11948,11917,12241,False,False,False,False,0.6666666666666666,0.4485456406967223,0.23175921005686467
2022_R23_geelong_v_west_coast_2022-08-20,2022,12153,11538,12552,11548,11538,12210,False,True,False,False,0.3333333333333333,0.40393164753782806,0.052690011998411966
2022_R23_greater_western_sydney_v_fremantle_2022-08-20,2022,12786,4088,12644,12786,12541,4088,True,False,False,False,0.6666666666666666,0.4407412751534643,0.3973889315753917
2022_R23_hawthorn_v_western_bulldogs_2022-08-21,2022,12408,12332,12054,12408,12332,12269,True,True,False,False,0.6666666666666666,0.45402482756467094,0.3180848993138762
2022_R23_north_melbourne_v_gold_coast_2022-08-20,2022,11919,12767,12080,11919,12767,12080,True,True,True,True,1.0,0.4621285027310447,0.5721937957334542
2022_R23_port_adelaide_v_adelaide_2022-08-20,2022,12697,12357,12575,12150,12697,12357,False,False,False,False,0.6666666666666666,0.4056410493471291,0.38202043747524916
2022_R23_st_kilda_v_sydney_2022-08-21,2022,11783,12521,12368,12714,12326,12368,False,False,True,False,0.3333333333333333,0.3901135152321363,0.07316071319181441
2022_R2_collingwood_v_adelaide_2022-03-26,2022,12061,12434,12318,12434,4182,12061,False,False,False,False,0.6666666666666666,0.46488430909213313,0.15604277660838534
2022_R2_essendon_v_brisbane_lions_2022-03-26,2022,12055,12518,12241,12055,12076,12406,True,False,False,False,0.3333333333333333,0.42883772907459033,0.9839880045416168
2022_R2_fremantle_v_st_kilda_2022-03-27,2022,12589,12773,12609,12589,12609,12542,True,False,False,False,0.6666666666666666,0.43057928006065666,0.8251429220431653
2022_R2_gold_coast_v_melbourne_2022-03-26,2022,12430,12331,12410,12430,12410,12331,True,False,False,False,1.0,0.46169046623556514,0.48654849823587515
2022_R2_north_melbourne_v_west_coast_2022-03-27,2022,12563,12533,11724,12563,12533,11724,True,True,True,True,1.0,0.5458244204176814,0.672332605513702
2022_R2_port_adelaide_v_hawthorn_2022-03-26,2022,11583,12636,12196,12636,11583,12196,False,False,True,False,1.0,0.49148634481975073,0.26438759878672446
2022_R2_richmond_v_greater_western_sydney_2022-03-27,2022,12418,12686,12504,12418,12686,12770,True,True,False,False,0.6666666666666666,0.4171532269225651,0.31714896591417724
2022_R2_sydney_v_geelong_2022-03-25,2022,12326,12413,4065,12326,12413,12806,True,True,False,False,0.6666666666666666,0.4171532269225651,0.5878987651361015
2022_R2_western_bulldogs_v_carlton_2022-03-24,2022,12261,12566,12421,12261,12166,12455,True,False,False,False,0.3333333333333333,0.42839969257911076,0.6026742756507308
2022_R3_adelaide_v_port_adelaide_2022-04-01,2022,12516,11583,12575,11583,12150,12675,False,False,False,False,0.3333333333333333,0.42611559789416087,0.10921310490513159
2022_R3_brisbane_lions_v_north_melbourne_2022-04-02,2022,12067,12076,12090,12067,12090,12610,True,False,False,False,0.6666666666666666,0.4193162638215371,0.4956641313564853
2022_R3_carlton_v_hawthorn_2022-04-03,2022,12261,12411,12170,12261,12170,12752,True,False,False,False,0.6666666666666666,0.4749779510389226,0.4702152854394885
2022_R3_collingwood_v_geelong_2022-04-02,2022,12017,12505,12083,12017,11700,12066,True,False,False,False,0.3333333333333333,0.41691742244246616,0.493969315811564
2022_R3_greater_western_sydney_v_gold_coast_2022-04-02,2022,12770,12504,12255,12504,12770,12028,False,False,False,False,0.6666666666666666,0.4251325440669483,0.34003728841662434
2022_R3_melbourne_v_essendon_2022-04-01,2022,12322,12410,12393,12410,12322,11966,False,False,False,False,0.6666666666666666,0.4587983611862873,0.0746149023164928
2022_R3_st_kilda_v_richmond_2022-04-03,2022,12415,12368,12773,12368,12156,12415,False,False,False,False,0.6666666666666666,0.44460704291185826,0.14730204235439937
2022_R3_west_coast_v_fremantle_2022-04-03,2022,12700,12589,12541,12276,12589,12700,False,True,False,False,0.6666666666666666,0.44990702829280577,0.1617947114189012
2022_R3_western_bulldogs_v_sydney_2022-03-31,2022,12537,12408,12692,12537,12408,12692,True,True,True,True,1.0,0.4465608344709563,0.48319496697417114
2022_R4_fremantle_v_greater_western_sydney_2022-04-09,2022,12541,4088,12504,12541,4088,12589,True,True,False,False,0.6666666666666666,0.4489563967779464,0.8030473721368574
2022_R4_geelong_v_brisbane_lions_2022-04-08,2022,11548,11941,12291,11548,12055,11941,True,False,False,False,0.6666666666666666,0.40605087369383813,0.608536081752611
2022_R4_gold_coast_v_carlton_2022-04-10,2022,12767,12385,12175,12767,12385,12331,True,True,False,False,0.6666666666666666,0.4393026331792707,0.636941840552188
2022_R4_hawthorn_v_st_kilda_2022-04-10,2022,12368,12325,12060,12368,12325,12415,True,True,False,False,0.6666666666666666,0.4646906369045825,0.3791450509729575
2022_R4_port_adelaide_v_melbourne_2022-04-07,2022,11966,12379,12393,11966,11583,11940,True,False,False,False,0.3333333333333333,0.43689933265005204,0.8536834526038912
2022_R4_richmond_v_western_bulldogs_2022-04-09,2022,11917,12418,12535,12418,11917,12166,False,False,False,False,0.6666666666666666,0.44666384495569783,0.16197603123495813
2022_R4_sydney_v_north_melbourne_2022-04-09,2022,11724,12711,12502,12711,12502,12413,False,False,False,False,0.6666666666666666,0.4296508609604135,0.02744361365938726
2022_R5_adelaide_v_richmond_2022-04-16,2022,11713,12434,12516,11713,12434,12165,True,True,False,False,0.6666666666666666,0.4216101268991759,0.44351837840800734
2022_R5_brisbane_lions_v_collingwood_2022-04-14,2022,12055,12318,12061,12055,12061,12318,True,False,False,False,1.0,0.46169046623556514,0.3458072270144138
2022_R5_carlton_v_port_adelaide_2022-04-17,2022,12684,12421,12411,12421,12684,12698,False,False,False,False,0.6666666666666666,0.4587983611862873,0.25689539799298466
2022_R5_essendon_v_fremantle_2022-04-17,2022,12205,12589,12547,12589,12205,12786,False,False,False,False,0.6666666666666666,0.44366603776523883,0.3371833973829687
2022_R5_hawthorn_v_geelong_2022-04-18,2022,12332,12915,12505,12196,12915,12332,False,True,False,False,0.6666666666666666,0.416095910280018,0.07538545585241138
2022_R5_melbourne_v_greater_western_sydney_2022-04-16,2022,12430,11966,12410,11966,12430,12410,False,False,True,False,1.0,0.4511890705795189,0.2671062978573449
2022_R5_north_melbourne_v_western_bulldogs_2022-04-15,2022,12692,12594,12269,12692,12166,12594,True,False,False,False,0.6666666666666666,0.4135739065081183,0.6909742570888866
2022_R5_st_kilda_v_gold_coast_2022-04-16,2022,12609,12368,12331,12609,12331,12368,True,False,False,False,1.0,0.46169046623556514,0.3857254400519421
2022_R5_west_coast_v_sydney_2022-04-15,2022,12413,12729,11953,11953,12729,12413,False,True,False,False,1.0,0.4551177379963079,0.1329641988197421
2022_R6_fremantle_v_carlton_2022-04-23,2022,12261,12282,12352,12261,12282,12541,True,True,False,False,0.6666666666666666,0.2651058021788164,0.23159056677572087
2022_R6_gold_coast_v_brisbane_lions_2022-04-24,2022,12067,12610,12767,12067,12610,12277,True,True,False,False,0.6666666666666666,0.4411520312346884,0.49176095987031965
2022_R6_greater_western_sydney_v_st_kilda_2022-04-22,2022,12609,12156,12255,12609,12368,12156,True,False,False,False,0.6666666666666666,0.4251325440669483,0.2793348534500703
2022_R6_hawthorn_v_sydney_2022-04-25,2022,12413,12729,4065,12413,12797,12729,True,False,False,False,0.6666666666666666,0.4286199721366786,0.9606343597310995
2022_R6_north_melbourne_v_geelong_2022-04-24,2022,12017,11973,11884,12017,11973,11884,True,True,True,True,1.0,0.4621285027310447,0.7469911537465946
2022_R6_port_adelaide_v_west_coast_2022-04-23,2022,12150,12697,12575,12553,12495,11583,False,False,False,False,0.0,0.3768821020707746,0.15527049720686115
2022_R6_richmond_v_melbourne_2022-04-24,2022,12410,12393,12430,12410,12393,11966,True,True,False,False,0.6666666666666666,0.4411520312346884,0.9165253753453498
2022_R6_western_bulldogs_v_adelaide_2022-04-23,2022,11713,12473,12692,12434,11898,12408,False,False,False,False,0.0,0.3249724241141015,0.03461761604437717
2022_R7_adelaide_v_greater_western_sydney_2022-04-30,2022,12255,12321,12629,12255,12629,12028,True,False,False,False,0.6666666666666666,0.43170464136653397,0.7627649801557503
2022_R7_carlton_v_north_melbourne_2022-04-30,2022,12261,12566,12684,12261,12566,12170,True,True,False,False,0.6666666666666666,0.45402482756467094,0.7500582866767644
2022_R7_collingwood_v_gold_coast_2022-05-01,2022,12331,12061,12578,12331,12061,12767,True,True,False,False,0.6666666666666666,0.429005768691257,0.6427980472249263
2022_R7_geelong_v_fremantle_2022-04-30,2022,12505,12153,12276,12505,11884,12276,True,False,True,False,0.6666666666666666,0.4313186117584165,0.6843563199204282
2022_R7_melbourne_v_hawthorn_2022-04-30,2022,11966,12410,12332,11966,12410,12430,True,True,False,False,0.6666666666666666,0.4508436726190595,0.7424003845714838
2022_R7_st_kilda_v_port_adelaide_2022-04-30,2022,12150,12368,12132,12132,12150,12368,False,False,False,False,1.0,0.450417477470362,0.20179225560664024
2022_R7_sydney_v_brisbane_lions_2022-05-01,2022,12055,4065,12076,12055,11953,4065,True,False,False,False,0.6666666666666666,0.40959804345012735,0.8957850664670522
2022_R7_west_coast_v_richmond_2022-04-29,2022,11948,12535,12418,11948,12535,12418,True,True,True,True,1.0,0.4676888954673067,0.9230834418897368
2022_R7_western_bulldogs_v_essendon_2022-05-01,2022,12408,12692,12166,12408,12373,12166,True,False,True,False,0.6666666666666666,0.4357572083963802,0.7204519090755236
2022_R8_brisbane_lions_v_west_coast_2022-05-07,2022,12518,12055,12277,12518,12055,12076,True,True,False,False,0.6666666666666666,0.4216101268991759,0.8967845690440661
2022_R8_carlton_v_adelaide_2022-05-08,2022,12261,12421,12170,12421,12261,12170,False,False,True,False,1.0,0.46169046623556514,0.25379301460221987
2022_R8_essendon_v_hawthorn_2022-05-07,2022,12366,12241,12915,12366,12406,12241,True,False,False,False,0.6666666666666666,0.4318746087455928,0.44196084892963705
2022_R8_fremantle_v_north_melbourne_2022-05-06,2022,12589,12547,12541,12541,12589,12547,False,False,False,False,1.0,0.46081439324460577,0.29927689861272416
2022_R8_greater_western_sydney_v_geelong_2022-05-07,2022,12153,12017,12552,12153,11798,12017,True,False,False,False,0.6666666666666666,0.44548311590281753,0.2367705160174971
2022_R8_melbourne_v_st_kilda_2022-05-08,2022,12410,12393,12322,12410,12393,12430,True,True,False,False,0.6666666666666666,0.4393026331792707,0.3691136018685382
2022_R8_port_adelaide_v_western_bulldogs_2022-05-06,2022,11583,12594,12166,11583,12166,12553,True,False,False,False,0.6666666666666666,0.43401711938152576,0.5685594138365287
2022_R8_richmond_v_collingwood_2022-05-07,2022,11948,12576,12535,11948,11666,12576,True,False,False,False,0.6666666666666666,0.4329369096102063,0.9505727804271386
2022_R8_sydney_v_gold_coast_2022-05-07,2022,12481,11919,12177,12481,11919,12177,True,True,True,True,1.0,0.4465608344709563,0.22389178379680053
2022_R9_adelaide_v_brisbane_lions_2022-05-14,2022,12055,12076,12518,12055,12076,12165,True,True,False,False,0.6666666666666666,0.42971380206554965,0.7223906479390287
2022_R9_collingwood_v_western_bulldogs_2022-05-13,2022,12054,12692,12408,12054,12692,12166,True,True,False,False,0.6666666666666666,0.4559276130405414,0.4827984330328958
2022_R9_gold_coast_v_fremantle_2022-05-15,2022,12485,12331,12767,12331,12485,12767,False,False,True,False,1.0,0.446197924406372,0.06131568682672752
2022_R9_greater_western_sydney_v_carlton_2022-05-15,2022,12684,12255,12170,12684,12255,12411,True,True,False,False,0.6666666666666666,0.45402482756467094,0.3425134024651717
2022_R9_hawthorn_v_richmond_2022-05-14,2022,11917,11794,11948,11917,12374,11948,True,False,True,False,0.6666666666666666,0.42784837902752165,0.1820521861539732
2022_R9_north_melbourne_v_port_adelaide_2022-05-14,2022,12150,12494,12357,12150,12697,12494,True,False,False,False,0.6666666666666666,0.43737944073644375,0.9265673974775892
2022_R9_st_kilda_v_geelong_2022-05-14,2022,12156,4144,12325,12156,12325,12415,True,False,False,False,0.6666666666666666,0.4152743981175698,0.5691979125281761
2022_R9_sydney_v_essendon_2022-05-14,2022,12413,12797,12412,12413,12797,12862,True,True,False,False,0.6666666666666666,0.43652880150553713,0.47642218118633073
2022_R9_west_coast_v_melbourne_2022-05-15,2022,12430,12009,12771,12430,12410,12147,True,False,False,False,0.3333333333333333,0.41318810995353983,0.5212326247959347
2023_R10_carlton_v_collingwood_2023-05-21,2023,12196,12372,12639,12372,12573,12196,False,False,False,False,0.6666666666666666,0.4224987692280841,0.08104800354233517
2023_R10_essendon_v_richmond_2023-05-20,2023,12241,12535,12755,12241,12504,12535,True,False,False,False,0.6666666666666666,0.42442332053131526,0.49962301234022727
2023_R10_fremantle_v_geelong_2023-05-20,2023,12786,12589,12141,12589,12786,12141,False,False,True,False,1.0,0.4511890705795189,0.298767574811457
2023_R10_port_adelaide_v_melbourne_2023-05-19,2023,12698,12697,12430,12698,12495,12697,True,False,False,False,0.6666666666666666,0.4210969393223984,0.9321672249670805
2023_R10_western_bulldogs_v_adelaide_2023-05-20,2023,11898,12354,12692,12692,11898,12269,False,False,False,False,0.6666666666666666,0.43333335865780537,0.17097866741621479
2023_R11_adelaide_v_brisbane_lions_2023-05-28,2023,12165,12610,11792,12516,12165,12408,False,False,False,False,0.3333333333333333,0.2694017251458387,0.134096392504612
2023_R11_collingwood_v_north_melbourne_2023-05-28,2023,12318,12563,12943,12318,12943,12196,True,False,False,False,0.6666666666666666,0.43095570169383224,0.7964152976348746
2023_R11_geelong_v_greater_western_sydney_2023-05-27,2023,12025,11677,12750,12025,12505,12904,True,False,False,False,0.3333333333333333,0.25549028252139305,0.31306548157930764
2023_R11_gold_coast_v_western_bulldogs_2023-05-27,2023,12768,12704,12354,12768,12166,12704,True,False,False,False,0.6666666666666666,0.3953905153645728,0.7520960816809754
2023_R11_melbourne_v_fremantle_2023-05-27,2023,12779,12589,12322,12430,12786,12589,False,False,False,False,0.3333333333333333,0.3482051485546152,0.08719185883881736
2023_R11_richmond_v_port_adelaide_2023-05-28,2023,12504,12956,12433,12504,12698,12697,True,False,False,False,0.3333333333333333,0.34991455036391617,0.9159182856541337
2023_R11_st_kilda_v_hawthorn_2023-05-27,2023,12332,12915,12710,12332,12710,12915,True,False,False,False,1.0,0.446197924406372,0.9244302566433403
2023_R11_sydney_v_carlton_2023-05-26,2023,12797,12699,12402,12797,12268,12684,True,False,False,False,0.3333333333333333,0.34667813255314434,0.4610226810487196
2023_R11_west_coast_v_essendon_2023-05-27,2023,12241,12945,12437,12437,12241,12945,False,False,False,False,1.0,0.4360445312949387,0.20309441209832854
2023_R12_gold_coast_v_adelaide_2023-06-03,2023,12767,12434,12704,12767,12704,12516,True,False,False,False,0.6666666666666666,0.4295941684059603,0.5037833632647982
2023_R12_greater_western_sydney_v_richmond_2023-06-04,2023,12504,12770,12143,12504,11576,11677,True,False,False,False,0.3333333333333333,0.39502760529998854,0.5655575034080021
2023_R12_melbourne_v_carlton_2023-06-02,2023,12430,12261,11966,12430,11966,12598,True,False,False,False,0.6666666666666666,0.3577685467461951,0.7701825250569596
2023_R12_port_adelaide_v_hawthorn_2023-06-03,2023,12553,12697,12575,12553,12697,12575,True,True,True,True,1.0,0.4567607623212043,0.41884611092033364
2023_R12_west_coast_v_collingwood_2023-06-03,2023,12253,12943,12573,12943,12196,12660,False,False,False,False,0.3333333333333333,0.34188036186020143,0.09774286543862294
2023_R12_western_bulldogs_v_geelong_2023-06-03,2023,12537,12373,12505,12373,12537,12505,False,False,True,False,1.0,0.446197924406372,0.20430053908768275
2023_R13_adelaide_v_west_coast_2023-06-10,2023,11713,12165,11792,11713,12165,12516,True,True,False,False,0.6666666666666666,0.43652880150553713,0.9916118670509764
2023_R13_fremantle_v_richmond_2023-06-10,2023,12504,12535,11917,12504,12535,12786,True,True,False,False,0.6666666666666666,0.39965814301457553,0.4351732787493446
2023_R13_hawthorn_v_brisbane_lions_2023-06-10,2023,12915,12794,12636,12332,12408,12055,False,False,False,False,0.0,0.32509828960451054,0.06466437216662937
2023_R13_melbourne_v_collingwood_2023-06-12,2023,12147,12196,12272,12147,12061,12430,True,False,False,False,0.3333333333333333,0.3889568822053965,0.719345708617407
2023_R13_sydney_v_st_kilda_2023-06-08,2023,12325,12156,12950,12156,12950,12497,False,False,False,False,0.6666666666666666,0.4212086966502885,0.10081997314184697
2023_R13_western_bulldogs_v_port_adelaide_2023-06-09,2023,12698,11898,11914,12698,11898,12269,True,True,False,False,0.6666666666666666,0.427692332687112,0.6031993158077432
2023_R14_brisbane_lions_v_sydney_2023-06-16,2023,12055,11953,12610,12617,12055,12408,False,False,False,False,0.3333333333333333,0.400834166333337,0.12085106160081985
2023_R14_carlton_v_gold_coast_2023-06-18,2023,12261,12684,12603,12261,12603,12455,True,False,False,False,0.6666666666666666,0.43095570169383224,0.401081293006994
2023_R14_greater_western_sydney_v_fremantle_2023-06-17,2023,12028,12834,12255,12255,12834,12028,False,True,False,False,1.0,0.4500316809157836,0.05140572742033066
2023_R14_north_melbourne_v_western_bulldogs_2023-06-18,2023,12269,12800,12054,12269,12054,12800,True,False,False,False,1.0,0.43215620566714985,0.8397965503428144
2023_R14_port_adelaide_v_geelong_2023-06-15,2023,12956,12698,12494,12495,12150,12697,False,False,False,False,0.0,0.19931621326943205,0.0020682934782353685
2023_R14_richmond_v_st_kilda_2023-06-17,2023,12504,11666,12403,12504,11666,11794,True,True,False,False,0.6666666666666666,0.3692832753940124,0.6192665968557339
2023_R15_collingwood_v_adelaide_2023-06-25,2023,12943,11713,12516,12516,12943,12573,False,False,False,False,0.6666666666666666,0.4289491321170625,0.2109440570535422
2023_R15_fremantle_v_essendon_2023-06-24,2023,12831,12786,12779,12786,12589,12542,False,False,False,False,0.3333333333333333,0.4119658360415428,0.08220815982287909
2023_R15_geelong_v_melbourne_2023-06-22,2023,12505,12147,11842,12430,11842,12153,False,False,False,False,0.3333333333333333,0.33353483023911645,0.027639314320760527
2023_R15_gold_coast_v_hawthorn_2023-06-25,2023,12767,12481,12768,12767,12481,12498,True,True,False,False,0.6666666666666666,0.41367523785084376,0.4846481591876519
2023_R15_st_kilda_v_brisbane_lions_2023-06-23,2023,12340,12325,12454,12325,12408,12055,False,False,False,False,0.3333333333333333,0.40830797087233167,0.10278763818805063
2023_R15_sydney_v_west_coast_2023-06-24,2023,12862,12326,12797,12326,12862,12797,False,False,True,False,1.0,0.45635000623998023,0.3241075228971196
2023_R16_adelaide_v_north_melbourne_2023-07-01,2023,12798,12473,12516,12473,12434,12798,False,False,False,False,0.6666666666666666,0.4224987692280841,0.17031024107529777
2023_R16_brisbane_lions_v_richmond_2023-06-29,2023,12055,12199,12838,12055,12199,12518,True,True,False,False,0.6666666666666666,0.4193606042304066,0.5117464248550316
2023_R16_essendon_v_port_adelaide_2023-07-01,2023,12495,12697,12241,12495,12697,12406,True,True,False,False,0.6666666666666666,0.4193606042304066,0.40844661579697406
2023_R16_gold_coast_v_collingwood_2023-07-01,2023,12943,12083,12743,12943,12083,12743,True,True,True,True,1.0,0.43701208572828554,0.7009281621667597
2023_R16_hawthorn_v_carlton_2023-07-02,2023,12261,12684,12603,12603,12261,12566,False,False,False,False,0.6666666666666666,0.4186325030978167,0.22447899692433648
2023_R16_melbourne_v_greater_western_sydney_2023-07-02,2023,12147,12430,12255,12147,12770,12430,True,False,False,False,0.6666666666666666,0.4150815749109696,0.6390725981001052
2023_R16_sydney_v_geelong_2023-06-30,2023,12862,12505,12153,11953,12862,12689,False,False,False,False,0.3333333333333333,0.36452231235864985,0.2140875731185091
2023_R16_west_coast_v_st_kilda_2023-07-02,2023,12156,11805,12325,12564,12325,12156,False,False,False,False,0.6666666666666666,0.4187821599949277,0.07234486810272688
2023_R16_western_bulldogs_v_fremantle_2023-07-01,2023,12269,12786,12923,12269,12786,12923,True,True,True,True,1.0,0.43701208572828554,0.47478233169109796
2023_R17_brisbane_lions_v_west_coast_2023-07-08,2023,11845,12340,12055,11845,12055,13040,True,False,False,False,0.6666666666666666,0.43170464136653397,0.775894463347396
2023_R17_essendon_v_adelaide_2023-07-09,2023,12406,12945,12165,12241,12406,12945,False,False,False,False,0.6666666666666666,0.4118965033923063,0.2709904259181206
2023_R17_fremantle_v_carlton_2023-07-09,2023,12402,12261,12566,12603,12566,12261,False,False,False,False,0.6666666666666666,0.3328387250712846,0.006148732349636501
2023_R17_geelong_v_north_melbourne_2023-07-09,2023,11700,12552,12851,12552,11798,12689,False,False,False,False,0.3333333333333333,0.37869665239369593,0.07253667205633002
2023_R17_greater_western_sydney_v_hawthorn_2023-07-08,2023,12028,12619,11677,12028,12321,12904,True,False,False,False,0.3333333333333333,0.33923576666222865,0.8338688199375008
2023_R17_port_adelaide_v_gold_coast_2023-07-08,2023,12697,12433,12698,12697,12150,12767,True,False,False,False,0.3333333333333333,0.378231885326589,0.5590173133721194
2023_R17_richmond_v_sydney_2023-07-06,2023,11794,12862,12535,12535,11794,12862,False,False,False,False,1.0,0.4406837864377997,0.1303144204848188
2023_R17_st_kilda_v_melbourne_2023-07-08,2023,11940,12325,12430,12430,12564,11940,False,False,False,False,0.6666666666666666,0.3815384838359848,0.17691668889528697
2023_R17_western_bulldogs_v_collingwood_2023-07-07,2023,12943,12740,11898,12943,12269,12740,True,False,False,False,0.6666666666666666,0.38927940034984543,0.38908667844434636
2023_R18_adelaide_v_greater_western_sydney_2023-07-15,2023,12025,12255,12165,12165,12255,12025,False,True,False,False,1.0,0.4357220131504898,0.11155921381048889
2023_R18_carlton_v_port_adelaide_2023-07-15,2023,12495,12458,12276,12458,12495,12261,False,False,False,False,0.6666666666666666,0.4028251624167,0.2652528864124894
2023_R18_collingwood_v_fremantle_2023-07-15,2023,12943,12573,12318,12943,12573,12066,True,True,False,False,0.6666666666666666,0.41281047492350226,0.6905651615989377
2023_R18_geelong_v_essendon_2023-07-15,2023,11548,11700,12153,11548,12881,12690,True,False,False,False,0.3333333333333333,0.34541693270479246,0.5848425706884884
2023_R18_gold_coast_v_st_kilda_2023-07-15,2023,12767,12704,12824,12381,12824,12767,False,False,False,False,0.6666666666666666,0.3934721362276814,0.055155775730862944
2023_R18_melbourne_v_brisbane_lions_2023-07-14,2023,12430,12199,11966,11966,12430,12147,False,False,False,False,0.6666666666666666,0.42185373293918627,0.1498885892063581
2023_R18_north_melbourne_v_hawthorn_2023-07-16,2023,12619,12915,12357,12619,12670,12357,True,False,True,False,0.6666666666666666,0.4313186117584165,0.5509536262760321
2023_R18_sydney_v_western_bulldogs_2023-07-13,2023,12862,12269,12412,12269,11898,12537,False,False,False,False,0.3333333333333333,0.4119658360415428,0.11171268779192912
2023_R18_west_coast_v_richmond_2023-07-16,2023,12535,11794,12686,11794,12504,12535,False,False,False,False,0.6666666666666666,0.42032534621324147,0.15216452594223148
2023_R19_brisbane_lions_v_geelong_2023-07-22,2023,12340,11700,12408,12408,12055,12199,False,False,False,False,0.3333333333333333,0.28854702541001004,0.006280267942568256
2023_R19_carlton_v_west_coast_2023-07-22,2023,12421,12411,12170,12421,12411,12170,True,True,True,True,1.0,0.4515748671340975,0.9950848599373848
2023_R19_essendon_v_western_bulldogs_2023-07-21,2023,11898,12269,12537,12269,11898,12692,False,False,False,False,0.6666666666666666,0.434358999743386,0.4059861381302499
2023_R19_fremantle_v_sydney_2023-07-22,2023,11953,12786,12862,11953,12786,12413,True,True,False,False,0.6666666666666666,0.42591073353731085,0.7096279140651967
2023_R19_greater_western_sydney_v_gold_coast_2023-07-23,2023,12644,12025,12255,12028,12255,12462,False,False,False,False,0.3333333333333333,0.3832587287481667,0.05889559110461756
2023_R19_melbourne_v_adelaide_2023-07-23,2023,12147,12798,12203,12147,11966,12322,True,False,False,False,0.3333333333333333,0.30756627973517714,0.23500105577673375
2023_R19_port_adelaide_v_collingwood_2023-07-22,2023,12083,12698,12494,12697,12698,12066,False,True,False,False,0.3333333333333333,0.2482421220311005,0.009040321121809415
2023_R19_richmond_v_hawthorn_2023-07-22,2023,12504,12332,12357,12332,12504,11917,False,False,False,False,0.6666666666666666,0.37829062039831296,0.12707278856842646
2023_R19_st_kilda_v_north_melbourne_2023-07-23,2023,12590,12368,12564,12368,12590,12325,False,False,False,False,0.6666666666666666,0.434358999743386,0.0961698694759014
2023_R20_adelaide_v_port_adelaide_2023-07-29,2023,11713,12516,12165,11713,12516,12258,True,True,False,False,0.6666666666666666,0.427692332687112,0.8322187960201591
2023_R20_collingwood_v_carlton_2023-07-28,2023,12421,12402,12236,12421,12508,12261,True,False,False,False,0.3333333333333333,0.3663502554210417,0.7776472314362268
2023_R20_essendon_v_sydney_2023-07-29,2023,12862,12241,12844,12862,12241,12268,True,True,False,False,0.6666666666666666,0.41281047492350226,0.5817277971312055
2023_R20_geelong_v_fremantle_2023-07-29,2023,12352,12786,12690,12786,12589,12542,False,False,False,False,0.3333333333333333,0.33679850924570615,0.02832461212845638
2023_R20_gold_coast_v_brisbane_lions_2023-07-29,2023,12331,12728,12768,12767,12824,12408,False,False,False,False,0.0,0.37555557750343127,0.08614391380944535
2023_R20_hawthorn_v_st_kilda_2023-07-30,2023,12156,12368,11954,12156,12950,12564,True,False,False,False,0.3333333333333333,0.3398450810163593,0.7872734444438465
2023_R20_richmond_v_melbourne_2023-07-30,2023,11966,12653,12430,11966,12653,12147,True,True,False,False,0.6666666666666666,0.43470088010524616,0.5514948995149315
2023_R20_west_coast_v_north_melbourne_2023-07-30,2023,12253,12590,12836,12590,12836,12595,False,False,False,False,0.6666666666666666,0.4296508609604135,0.035652424439349094
2023_R20_western_bulldogs_v_greater_western_sydney_2023-07-29,2023,12025,12537,12054,12537,12025,12054,False,False,True,False,1.0,0.43215620566714985,0.20876834133937835
2023_R21_adelaide_v_gold_coast_2023-08-05,2023,12516,12165,12584,12727,12258,12584,False,False,True,False,0.3333333333333333,0.3997454361395842,0.04160763224406925
2023_R21_essendon_v_west_coast_2023-08-05,2023,12595,12406,12349,12406,12734,12349,False,False,True,False,0.6666666666666666,0.4302298815646637,0.09230903947143797
2023_R21_fremantle_v_brisbane_lions_2023-08-06,2023,12786,12777,12519,12779,12786,12519,False,False,True,False,0.6666666666666666,0.4115918462152411,0.20589893233710868
2023_R21_geelong_v_port_adelaide_2023-08-05,2023,12698,12689,12851,12698,12689,11847,True,True,False,False,0.6666666666666666,0.43023920469485816,0.3301908061906674
2023_R21_greater_western_sydney_v_sydney_2023-08-05,2023,12862,11953,12745,12862,12770,12745,True,False,True,False,0.6666666666666666,0.39491100202393875,0.5781281473893055
2023_R21_hawthorn_v_collingwood_2023-08-05,2023,12794,12332,12619,12332,12915,12670,False,False,False,False,0.3333333333333333,0.3981869304243672,0.05203099857638499
2023_R21_north_melbourne_v_melbourne_2023-08-06,2023,12322,12203,12701,12322,12203,12430,True,True,False,False,0.6666666666666666,0.41367523785084376,0.324522118288671
2023_R21_st_kilda_v_carlton_2023-08-06,2023,12508,12170,12156,12508,12312,12276,True,False,False,False,0.3333333333333333,0.3819442051679904,0.47366694018179273
2023_R21_western_bulldogs_v_richmond_2023-08-04,2023,12269,12923,11898,12269,11898,12054,True,False,False,False,0.6666666666666666,0.43857681305010215,0.801590665055815
2023_R22_brisbane_lions_v_adelaide_2023-08-12,2023,12518,12277,12055,12518,12165,12258,True,False,False,False,0.3333333333333333,0.37107554103742607,0.47623473660834875
2023_R22_carlton_v_melbourne_2023-08-12,2023,12261,12276,12147,12411,12261,12508,False,False,False,False,0.3333333333333333,0.3686892572707987,0.2012276374405445
2023_R22_collingwood_v_geelong_2023-08-11,2023,12573,12017,12639,12573,12017,12690,True,True,False,False,0.6666666666666666,0.4193606042304066,0.3987673709843271
2023_R22_hawthorn_v_western_bulldogs_2023-08-13,2023,12915,12794,12332,12915,12357,12619,True,False,False,False,0.3333333333333333,0.3754111201385419,0.9213056721051653
2023_R22_north_melbourne_v_essendon_2023-08-12,2023,12945,12590,12406,12945,12406,12590,True,False,False,False,1.0,0.4511890705795189,0.48399854708253437
2023_R22_port_adelaide_v_greater_western_sydney_2023-08-13,2023,12956,12697,12698,12698,12495,12956,False,False,False,False,0.6666666666666666,0.42224586014380955,0.18598390424755576
2023_R22_st_kilda_v_richmond_2023-08-13,2023,12773,12325,12950,12325,12564,12132,False,False,False,False,0.3333333333333333,0.4015350898389044,0.10067041048300132
2023_R22_sydney_v_gold_coast_2023-08-12,2023,12797,11953,12509,12797,12509,12699,True,False,False,False,0.6666666666666666,0.3799263741608268,0.4110947990356868
2023_R22_west_coast_v_fremantle_2023-08-12,2023,12700,12786,12779,12700,12589,12786,True,False,False,False,0.6666666666666666,0.4163709244835546,0.770809113071257
2023_R23_adelaide_v_sydney_2023-08-19,2023,12862,12165,12699,12165,12862,12326,False,False,False,False,0.6666666666666666,0.38927940034984543,0.3152210085119085
2023_R23_collingwood_v_brisbane_lions_2023-08-18,2023,12055,4182,12838,12055,4182,12617,True,True,False,False,0.6666666666666666,0.42346632366143083,0.27624435784114554
2023_R23_fremantle_v_port_adelaide_2023-08-20,2023,12698,12697,12786,12698,12589,12150,True,False,False,False,0.3333333333333333,0.38704358387913435,0.5846081128118877
2023_R23_gold_coast_v_carlton_2023-08-19,2023,12421,12170,12768,12421,12824,12508,True,False,False,False,0.3333333333333333,0.2844610034039467,0.43957271515015106
2023_R23_greater_western_sydney_v_essendon_2023-08-19,2023,12321,12770,12143,12321,12770,12462,True,True,False,False,0.6666666666666666,0.42068378526897793,0.9911304752237539
2023_R23_melbourne_v_hawthorn_2023-08-20,2023,12147,11820,12619,11966,12147,12778,False,False,False,False,0.3333333333333333,0.4124165168443829,0.15864493946828526
2023_R23_richmond_v_north_melbourne_2023-08-19,2023,12707,12686,11794,11794,12535,13034,False,False,False,False,0.3333333333333333,0.3421917512603032,0.013353044164793168
2023_R23_st_kilda_v_geelong_2023-08-19,2023,12325,12156,12564,12564,12325,12156,False,False,False,False,1.0,0.43154689131301915,0.35331665906416587
2023_R23_western_bulldogs_v_west_coast_2023-08-20,2023,11937,12269,12595,12269,11937,12595,False,False,True,False,1.0,0.44136754716152005,0.2328303665400123
2023_R24_brisbane_lions_v_st_kilda_2023-08-26,2023,12055,12950,12838,12055,12564,12519,True,False,False,False,0.3333333333333333,0.24092105390334262,0.4024997008267016
2023_R24_carlton_v_greater_western_sydney_2023-08-27,2023,12025,12770,12028,12770,12028,12025,False,False,False,False,1.0,0.43154689131301915,0.09861527775640816
2023_R24_essendon_v_collingwood_2023-08-25,2023,12196,12061,12927,12196,12318,12927,True,False,True,False,0.6666666666666666,0.39025643306342,0.5674932874779285
2023_R24_geelong_v_western_bulldogs_2023-08-26,2023,12269,11898,12282,11898,12054,12269,False,False,False,False,0.6666666666666666,0.4365033677454845,0.14665866227209884
2023_R24_hawthorn_v_fremantle_2023-08-26,2023,12786,12589,12332,12786,12589,12887,True,True,False,False,0.6666666666666666,0.43652880150553713,0.48736811908189515
2023_R24_north_melbourne_v_gold_coast_2023-08-26,2023,12563,12707,12877,12563,12701,12502,True,False,False,False,0.3333333333333333,0.3772649793127323,0.9763509461176294
2023_R24_port_adelaide_v_richmond_2023-08-27,2023,12698,11794,12495,12697,12698,12495,False,False,True,False,0.6666666666666666,0.4233345903375624,0.17305725514619444
2023_R24_sydney_v_melbourne_2023-08-27,2023,12147,12598,12862,12862,12147,12598,False,False,False,False,1.0,0.4360445312949387,0.14351188387797492
2023_R24_west_coast_v_adelaide_2023-08-26,2023,11713,12595,12165,11713,12165,12595,True,False,False,False,1.0,0.44136754716152005,0.9759717329599393
2023_R2_adelaide_v_richmond_2023-03-25,2023,12686,12504,12516,12165,12504,12374,False,True,False,False,0.3333333333333333,0.301108358412418,0.013488547897293163
2023_R2_carlton_v_geelong_2023-03-23,2023,12330,12421,12017,12017,12261,12421,False,False,False,False,0.6666666666666666,0.4382767386661196,0.020803526014562177
2023_R2_collingwood_v_port_adelaide_2023-03-25,2023,12943,12573,11751,12943,12196,12660,True,False,False,False,0.3333333333333333,0.40954400788335976,0.5402536772062763
2023_R2_essendon_v_gold_coast_2023-03-26,2023,12406,12349,12768,12406,12567,12349,True,False,False,False,0.6666666666666666,0.4116117494995333,0.2399347796852167
2023_R2_western_bulldogs_v_st_kilda_2023-03-25,2023,12368,12325,12156,12325,12564,12368,False,False,False,False,0.6666666666666666,0.4595709024088804,0.22681521516328373
2023_R3_collingwood_v_richmond_2023-03-31,2023,12066,12943,12673,12318,12573,12196,False,False,False,False,0.0,0.10425268592415986,0.0021830807193262743
2023_R3_fremantle_v_west_coast_2023-04-02,2023,12786,12595,12672,12786,12547,12250,True,False,False,False,0.3333333333333333,0.41175430575088345,0.6435560822227115
2023_R3_gold_coast_v_geelong_2023-04-02,2023,12704,12768,12385,12704,12768,12505,True,True,False,False,0.6666666666666666,0.4320444318875851,0.5983562922122184
2023_R3_greater_western_sydney_v_carlton_2023-04-01,2023,12261,12170,12255,12261,12170,12255,True,True,True,True,1.0,0.4567607623212043,0.7920603832961118
2023_R3_hawthorn_v_north_melbourne_2023-04-01,2023,12332,12119,12915,12710,12332,12794,False,False,False,False,0.3333333333333333,0.38279679137562117,0.24619392081389183
2023_R3_melbourne_v_sydney_2023-04-02,2023,12410,12430,12598,12430,12410,12217,False,False,False,False,0.6666666666666666,0.3783063508074003,0.4063520373804251
2023_R3_port_adelaide_v_adelaide_2023-04-01,2023,12516,12892,12165,12165,12798,12892,False,False,False,False,0.6666666666666666,0.42489540061527337,0.034837963808352676
2023_R3_st_kilda_v_essendon_2023-04-01,2023,12156,12609,12312,12156,12406,12312,True,False,True,False,0.6666666666666666,0.4499078269052679,0.37031750447252904
2023_R3_western_bulldogs_v_brisbane_lions_2023-03-30,2023,12269,12923,12055,12055,12269,12166,False,False,False,False,0.6666666666666666,0.4302298815646637,0.18110433646687032
2023_R4_adelaide_v_fremantle_2023-04-08,2023,12516,12798,12786,12516,12165,12953,True,False,False,False,0.3333333333333333,0.4078807886555359,0.38450029353856047
2023_R4_essendon_v_greater_western_sydney_2023-04-09,2023,12241,12167,12770,12406,12241,12167,False,False,False,False,0.6666666666666666,0.43211539744775807,0.1504186465474308
2023_R4_north_melbourne_v_carlton_2023-04-07,2023,12421,12261,12566,12421,12261,12566,True,True,True,True,1.0,0.4567607623212043,0.7536824382591414
2023_R4_richmond_v_western_bulldogs_2023-04-08,2023,11898,12661,12269,12537,11898,12354,False,False,False,False,0.3333333333333333,0.33353393795397296,0.1469419188172669
2023_R4_st_kilda_v_gold_coast_2023-04-08,2023,12325,12703,12609,12609,12948,12767,False,False,False,False,0.3333333333333333,0.39072855396785966,0.06824445269409471
2023_R4_sydney_v_port_adelaide_2023-04-08,2023,12797,12699,12956,12797,12553,12497,True,False,False,False,0.3333333333333333,0.3180906716081212,0.47953692867766157
2023_R4_west_coast_v_melbourne_2023-04-09,2023,12430,12410,12595,12410,12430,12595,False,False,True,False,1.0,0.49148634481975073,0.2557550998046313
2023_R5_adelaide_v_carlton_2023-04-13,2023,12165,12584,12473,12165,12516,12584,True,False,False,False,0.6666666666666666,0.4329369096102063,0.6033112846425869
2023_R5_brisbane_lions_v_north_melbourne_2023-04-15,2023,12055,12592,12199,12055,12199,12454,True,False,False,False,0.6666666666666666,0.38241391161964144,0.6301898002325051
2023_R5_collingwood_v_st_kilda_2023-04-16,2023,12943,4182,12156,12943,12156,12564,True,False,False,False,0.6666666666666666,0.38791843562865014,0.47539023257737123
2023_R5_essendon_v_melbourne_2023-04-15,2023,12075,12241,12430,12410,12241,12406,False,True,False,False,0.3333333333333333,0.38414030336246013,0.01717537233310658
2023_R5_fremantle_v_gold_coast_2023-04-14,2023,12767,12547,12589,12786,12547,11919,False,True,False,False,0.3333333333333333,0.38281895680339806,0.026341379241315768
2023_R5_geelong_v_west_coast_2023-04-16,2023,12806,12017,12153,12017,12153,11548,False,False,False,False,0.6666666666666666,0.42529917015409063,0.07407355299953913
2023_R5_greater_western_sydney_v_hawthorn_2023-04-16,2023,12025,12915,12619,12915,12028,12770,False,False,False,False,0.3333333333333333,0.4391693903860563,0.11290978388573
2023_R5_port_adelaide_v_western_bulldogs_2023-04-15,2023,12698,12269,12537,12698,12537,12054,True,False,False,False,0.6666666666666666,0.43095570169383224,0.666594637274115
2023_R5_richmond_v_sydney_2023-04-14,2023,12412,12797,12661,12412,12699,12797,True,False,False,False,0.6666666666666666,0.44548311590281753,0.9347838355481198
2023_R6_collingwood_v_essendon_2023-04-25,2023,12943,11751,12318,12943,11751,12318,True,True,True,True,1.0,0.4621285027310447,0.8005290949261041
2023_R6_fremantle_v_western_bulldogs_2023-04-21,2023,12269,12054,12441,12269,12054,12537,True,True,False,False,0.6666666666666666,0.4411520312346884,0.764849362819232
2023_R6_geelong_v_sydney_2023-04-22,2023,12017,11700,11548,11700,12017,11548,False,False,True,False,1.0,0.45635000623998023,0.15612617948219143
2023_R6_gold_coast_v_north_melbourne_2023-04-23,2023,12767,12728,12385,12385,12767,12728,False,False,False,False,1.0,0.450417477470362,0.2171740405059957
2023_R6_greater_western_sydney_v_brisbane_lions_2023-04-22,2023,12055,12277,11725,12277,12028,12255,False,False,False,False,0.3333333333333333,0.4021929081480534,0.007778004109245465
2023_R6_hawthorn_v_adelaide_2023-04-23,2023,11713,12915,12165,11713,12165,11792,True,False,False,False,0.6666666666666666,0.43170464136653397,0.2794851406639657
2023_R6_port_adelaide_v_west_coast_2023-04-22,2023,12697,12553,12595,12553,12697,12695,False,False,False,False,0.6666666666666666,0.4587983611862873,0.36056081009960916
2023_R7_adelaide_v_collingwood_2023-04-30,2023,12196,12165,12952,12573,12516,12196,False,False,False,False,0.3333333333333333,0.3341880537183469,0.13713400326004832
2023_R7_essendon_v_geelong_2023-04-30,2023,11548,11700,12167,11548,11700,12406,True,True,False,False,0.6666666666666666,0.42591073353731085,0.9130007486776984
2023_R7_melbourne_v_north_melbourne_2023-04-29,2023,12430,12756,12598,12430,12410,12217,True,False,False,False,0.3333333333333333,0.3774848386449521,0.7503142067778321
2023_R7_richmond_v_gold_coast_2023-04-30,2023,12767,12728,12504,12767,12504,12768,True,False,False,False,0.6666666666666666,0.41898190792629786,0.5702785974879746
2023_R7_st_kilda_v_port_adelaide_2023-04-28,2023,12956,12368,12564,12564,11583,12368,False,False,False,False,0.6666666666666666,0.42553359970005084,0.06088540826283411
2023_R7_sydney_v_greater_western_sydney_2023-04-29,2023,12025,12028,11953,11953,12028,12770,False,True,False,False,0.6666666666666666,0.44241686043445994,0.11559047759591273
2023_R7_west_coast_v_carlton_2023-04-29,2023,12421,12411,12261,12421,12261,12508,True,False,False,False,0.6666666666666666,0.42746258247294316,0.9672524682907379
2023_R7_western_bulldogs_v_hawthorn_2023-04-29,2023,12537,12594,12794,12594,12373,12166,False,False,False,False,0.3333333333333333,0.38637524941033624,0.0354984214646478
2023_R8_carlton_v_brisbane_lions_2023-05-05,2023,12408,12610,12277,12408,12603,12617,True,False,False,False,0.3333333333333333,0.4000764231122779,0.7650116953616286
2023_R8_collingwood_v_sydney_2023-05-07,2023,12639,4182,12862,12862,12639,4182,False,False,False,False,1.0,0.43154689131301915,0.23560569084445396
2023_R8_fremantle_v_hawthorn_2023-05-06,2023,12589,12777,12542,12589,12779,12786,True,False,False,False,0.3333333333333333,0.40192289652708985,0.8854914363681073
2023_R8_geelong_v_adelaide_2023-05-06,2023,12516,12017,12881,12881,12516,12017,False,False,False,False,1.0,0.44547210427720346,0.1380585652144397
2023_R8_gold_coast_v_melbourne_2023-05-06,2023,12430,12767,12410,12767,12410,12430,False,False,False,False,1.0,0.455528494077532,0.05939764341702041
2023_R8_greater_western_sydney_v_western_bulldogs_2023-05-06,2023,12770,12269,12537,12269,12770,11898,False,False,False,False,0.6666666666666666,0.43893972311468643,0.4315680276581845
2023_R8_north_melbourne_v_st_kilda_2023-05-07,2023,12368,11724,12325,12703,11724,12950,False,True,False,False,0.3333333333333333,0.34977233552957654,0.022289914903558174
2023_R8_port_adelaide_v_essendon_2023-05-07,2023,12406,12697,12956,12406,12698,12697,True,False,False,False,0.6666666666666666,0.40605087369383813,0.4196642850104212
2023_R8_richmond_v_west_coast_2023-05-06,2023,12535,11917,12504,12535,12440,12504,True,False,True,False,0.6666666666666666,0.4357572083963802,0.6691414724972924
2023_R9_adelaide_v_st_kilda_2023-05-14,2023,12516,11713,11891,11713,11891,12516,False,False,False,False,1.0,0.4406837864377997,0.23812397645089353
2023_R9_carlton_v_western_bulldogs_2023-05-13,2023,12692,11898,12684,12692,11898,12684,True,True,True,True,1.0,0.4515748671340975,0.35692861239826096
2023_R9_collingwood_v_greater_western_sydney_2023-05-14,2023,12428,12066,12196,12943,12318,12196,False,False,True,False,0.3333333333333333,0.3540187680019649,0.10613689452053394
2023_R9_hawthorn_v_melbourne_2023-05-13,2023,12147,11966,12619,12410,12147,12430,False,False,False,False,0.3333333333333333,0.31461709025874113,0.1990558744719407
2023_R9_north_melbourne_v_port_adelaide_2023-05-13,2023,12698,12697,12553,12698,12553,11686,True,False,False,False,0.6666666666666666,0.44943990404837214,0.6129649601781115
2023_R9_richmond_v_geelong_2023-05-12,2023,11917,12403,12456,11794,12504,12418,False,False,False,False,0.0,0.34760269567520014,0.011253536795265076
2023_R9_sydney_v_fremantle_2023-05-13,2023,12700,12862,12779,12862,12786,12547,False,False,False,False,0.3333333333333333,0.4029645012572104,0.015546163098497899
2023_R9_west_coast_v_gold_coast_2023-05-12,2023,12768,12767,12728,12768,12728,12767,True,False,False,False,1.0,0.46169046623556514,0.8555209804960775
2024_R10_adelaide_v_brisbane_lions_2024-05-12,2024,12798,12516,12076,12798,12516,12518,True,True,False,False,0.6666666666666666,0.3631083758021085,0.15237205300656345
2024_R10_carlton_v_melbourne_2024-05-09,2024,12261,12430,12684,12430,12261,12684,False,False,True,False,1.0,0.446197924406372,0.3523405180216374
2024_R10_collingwood_v_west_coast_2024-05-12,2024,12943,12061,4182,12943,12061,12573,True,True,False,False,0.6666666666666666,0.45402482756467094,0.6502528805679884
2024_R10_essendon_v_greater_western_sydney_2024-05-11,2024,12770,12945,12349,12945,12770,12437,False,False,False,False,0.6666666666666666,0.434358999743386,0.15591884360325248
2024_R10_fremantle_v_sydney_2024-05-10,2024,12326,12797,12509,12497,12326,12797,False,False,False,False,0.6666666666666666,0.4056410493471291,0.18096309247793374
2024_R10_geelong_v_port_adelaide_2024-05-10,2024,12956,12698,12551,12698,12150,12956,False,False,False,False,0.6666666666666666,0.41643929911046107,0.05635079228643933
2024_R10_gold_coast_v_north_melbourne_2024-05-11,2024,12331,12768,12704,12331,13019,12824,True,False,False,False,0.3333333333333333,0.30136730955414337,0.41532105980684275
2024_R10_hawthorn_v_st_kilda_2024-05-11,2024,12915,12710,12967,12564,12915,12357,False,False,False,False,0.3333333333333333,0.21641432131428645,0.112062572885291
2024_R10_richmond_v_western_bulldogs_2024-05-11,2024,12379,12054,12269,12054,12269,12379,False,False,False,False,1.0,0.4662851268966194,0.11296344947731052
2024_R11_brisbane_lions_v_richmond_2024-05-18,2024,12055,12076,12968,12055,12076,12968,True,True,True,True,1.0,0.4676888954673067,0.6311960881782817
2024_R11_collingwood_v_adelaide_2024-05-18,2024,12318,12943,12743,12943,4182,12798,False,False,False,False,0.3333333333333333,0.39726498048155406,0.04026608669600927
2024_R11_essendon_v_north_melbourne_2024-05-19,2024,12755,12366,13034,12366,12755,12945,False,False,False,False,0.6666666666666666,0.41306841523732246,0.06117589697538604
2024_R11_gold_coast_v_geelong_2024-05-16,2024,12768,12767,12704,12767,12768,12824,False,False,False,False,0.6666666666666666,0.44548311590281753,0.16899161485292474
2024_R11_greater_western_sydney_v_western_bulldogs_2024-05-18,2024,12054,12605,12379,12054,12605,12269,True,True,False,False,0.6666666666666666,0.4255433001481724,0.5607791669208981
2024_R11_port_adelaide_v_hawthorn_2024-05-19,2024,12495,12469,12956,12469,12698,12956,False,False,True,False,0.6666666666666666,0.44373096992089883,0.0673623609765007
2024_R11_st_kilda_v_fremantle_2024-05-18,2024,12779,12777,12786,12564,12779,12786,False,False,True,False,0.6666666666666666,0.4195537531040845,0.07613934110227202
2024_R11_sydney_v_carlton_2024-05-17,2024,12797,12326,12714,12797,12326,12217,True,True,False,False,0.6666666666666666,0.4153697259522128,0.7713511838358708
2024_R12_adelaide_v_west_coast_2024-05-26,2024,12516,12473,12165,12516,12814,12165,True,False,True,False,0.6666666666666666,0.40845527768960693,0.6660981087590242
2024_R12_carlton_v_gold_coast_2024-05-25,2024,12261,12684,12175,12261,12684,12674,True,True,False,False,0.6666666666666666,0.4247862305958995,0.45963403430509336
2024_R12_fremantle_v_collingwood_2024-05-24,2024,12943,12688,12589,12943,12688,12589,True,True,True,True,1.0,0.4676888954673067,0.6637717860072843
2024_R12_geelong_v_greater_western_sydney_2024-05-25,2024,12025,12834,12770,12881,12904,12834,False,False,False,False,0.3333333333333333,0.4037360943663673,0.06268290984688112
2024_R12_hawthorn_v_brisbane_lions_2024-05-26,2024,12619,12998,12357,12794,12619,12357,False,False,True,False,0.6666666666666666,0.40809236762502266,0.13063804222694803
2024_R12_melbourne_v_st_kilda_2024-05-26,2024,11966,12430,12272,11966,12272,12147,True,False,False,False,0.6666666666666666,0.4295941684059603,0.8896508858323272
2024_R12_north_melbourne_v_port_adelaide_2024-05-25,2024,12956,12575,13034,12575,12150,12590,False,False,False,False,0.3333333333333333,0.3208547196057991,0.10500289061365344
2024_R12_western_bulldogs_v_sydney_2024-05-23,2024,12797,12862,12054,12797,12862,12269,True,True,False,False,0.6666666666666666,0.42068378526897793,0.8890566563965158
2024_R13_collingwood_v_western_bulldogs_2024-05-31,2024,12269,12943,12054,12269,12054,12943,True,False,False,False,1.0,0.45635000623998023,0.7142148414259165
2024_R13_geelong_v_richmond_2024-06-01,2024,12881,12974,12690,12499,12974,12881,False,True,False,False,0.6666666666666666,0.42746258247294316,0.15568718036870335
2024_R13_gold_coast_v_essendon_2024-06-02,2024,12824,12241,12767,12767,12241,12331,False,True,False,False,0.6666666666666666,0.4464918602906017,0.08868623054013763
2024_R13_hawthorn_v_adelaide_2024-06-01,2024,12710,12915,12794,12710,12915,12258,True,True,False,False,0.6666666666666666,0.42346632366143083,0.9509147208735665
2024_R13_melbourne_v_fremantle_2024-06-02,2024,12786,12688,12777,12688,12786,12777,False,False,True,False,1.0,0.43215620566714985,0.11627705444336914
2024_R13_port_adelaide_v_carlton_2024-05-30,2024,12261,12684,12508,12684,12674,12261,False,False,False,False,0.6666666666666666,0.414505272828483,0.06390068613763898
2024_R13_west_coast_v_st_kilda_2024-06-01,2024,12312,12368,13111,12312,12564,12950,True,False,False,False,0.3333333333333333,0.3208547196057991,0.6494472715149084
2024_R14_adelaide_v_richmond_2024-06-06,2024,12516,12535,12418,12418,12516,12504,False,False,False,False,0.6666666666666666,0.41128207531782235,0.18326430109368508
2024_R14_collingwood_v_melbourne_2024-06-10,2024,12061,12743,12943,12573,11966,12061,False,False,False,False,0.3333333333333333,0.31982534374555044,0.09094348878127215
2024_R14_essendon_v_carlton_2024-06-09,2024,13016,12261,12945,12674,13016,12411,False,False,False,False,0.3333333333333333,0.36840110622955535,0.1661279661731922
2024_R14_hawthorn_v_greater_western_sydney_2024-06-08,2024,12619,12969,12915,12794,12904,12821,False,False,False,False,0.0,0.2733333493072311,0.03499903570161985
2024_R14_st_kilda_v_gold_coast_2024-06-08,2024,12564,12824,12325,12824,12325,12564,False,False,False,False,1.0,0.44547210427720346,0.0640823590755326
2024_R14_sydney_v_geelong_2024-06-09,2024,12412,12862,12881,12862,12217,12326,False,False,False,False,0.3333333333333333,0.37792722814952373,0.021549900916194496
2024_R14_west_coast_v_north_melbourne_2024-06-08,2024,12590,12563,12502,12502,12563,12520,False,True,False,False,0.6666666666666666,0.41685317722203524,0.021376253038558383
2024_R14_western_bulldogs_v_brisbane_lions_2024-06-07,2024,12454,12055,12518,12454,12055,12617,True,True,False,False,0.6666666666666666,0.4175280293042139,0.6850387703060472
2024_R15_adelaide_v_sydney_2024-06-15,2024,12844,12862,12217,12844,12217,12862,True,False,False,False,1.0,0.44136754716152005,0.4383083657313563
2024_R15_brisbane_lions_v_st_kilda_2024-06-14,2024,12199,12592,12076,12199,12518,12076,True,False,True,False,0.6666666666666666,0.3398652754831781,0.6236656293582853
2024_R15_greater_western_sydney_v_port_adelaide_2024-06-16,2024,12255,12772,12664,12495,12770,12255,False,False,False,False,0.3333333333333333,0.31046956025185135,0.15319659029168162
2024_R15_north_melbourne_v_collingwood_2024-06-16,2024,12590,13064,12943,12943,13064,12590,False,True,False,False,1.0,0.4551177379963079,0.09366541535993035
2024_R15_richmond_v_hawthorn_2024-06-15,2024,12332,12504,13057,12332,12915,12504,True,False,False,False,0.6666666666666666,0.4273504523252518,0.8115441071439073
2024_R15_western_bulldogs_v_fremantle_2024-06-15,2024,12269,12354,12916,12269,12916,11898,True,False,False,False,0.6666666666666666,0.4193162638215371,0.7472584460764699
2024_R16_carlton_v_geelong_2024-06-21,2024,12261,12684,12674,12261,12674,12684,True,False,False,False,1.0,0.42776022072567454,0.5132279670513165
2024_R16_essendon_v_west_coast_2024-06-23,2024,12925,12755,12167,12167,12925,12377,False,False,False,False,0.6666666666666666,0.4289491321170625,0.13053958335238122
2024_R16_fremantle_v_gold_coast_2024-06-23,2024,12589,12786,12777,12589,12547,12786,True,False,False,False,0.6666666666666666,0.4316815218230008,0.4481153867376533
2024_R16_greater_western_sydney_v_sydney_2024-06-22,2024,12862,12714,12797,12862,12714,12217,True,True,False,False,0.6666666666666666,0.4320444318875851,0.8179594541431628
2024_R16_melbourne_v_north_melbourne_2024-06-22,2024,12590,12147,12557,12590,11966,13034,True,False,False,False,0.3333333333333333,0.39814204432497957,0.34116880722614124
2024_R16_port_adelaide_v_brisbane_lions_2024-06-22,2024,12076,12617,12454,12055,12617,12454,False,True,True,False,0.6666666666666666,0.36033398197628963,0.002997229769839448
2024_R17_adelaide_v_greater_western_sydney_2024-06-29,2024,12516,12143,12434,12798,12143,12770,False,True,False,False,0.3333333333333333,0.38000960625979147,0.028667460162784337
2024_R17_brisbane_lions_v_melbourne_2024-06-28,2024,12408,12410,12771,12408,12771,12055,True,False,False,False,0.6666666666666666,0.44943990404837214,0.6067208150952065
2024_R17_geelong_v_essendon_2024-06-29,2024,12505,12552,12974,12499,12974,12755,False,False,False,False,0.3333333333333333,0.32126099321537505,0.04839382112082348
2024_R17_gold_coast_v_collingwood_2024-06-29,2024,12943,12767,12728,12767,12943,12824,False,False,False,False,0.6666666666666666,0.3953905153645728,0.3659871689028556
2024_R17_north_melbourne_v_western_bulldogs_2024-06-29,2024,12269,12054,11866,12269,12788,11898,True,False,False,False,0.3333333333333333,0.3709401926183186,0.8782651269361313
2024_R17_richmond_v_carlton_2024-06-30,2024,12261,12276,12684,12261,12684,12508,True,False,False,False,0.6666666666666666,0.4295941684059603,0.9295476196486615
2024_R17_st_kilda_v_port_adelaide_2024-06-30,2024,12956,12697,12325,12956,12564,12698,True,False,False,False,0.3333333333333333,0.4011970763979213,0.46546877649063895
2024_R17_sydney_v_fremantle_2024-06-29,2024,12699,12786,13112,12699,12786,12542,True,True,False,False,0.6666666666666666,0.39637479952772164,0.6925912549710159
2024_R17_west_coast_v_hawthorn_2024-06-30,2024,12915,12619,12794,12710,12915,12619,False,False,False,False,0.6666666666666666,0.3954072450943749,0.23849714511629355
2024_R18_brisbane_lions_v_adelaide_2024-07-07,2024,12055,12592,12516,12055,12408,12617,True,False,False,False,0.3333333333333333,0.07602965853040662,0.9102331547607369
2024_R18_collingwood_v_essendon_2024-07-05,2024,12755,12241,12943,12755,12241,12943,True,True,True,True,1.0,0.4465608344709563,0.35614594960794566
2024_R18_fremantle_v_richmond_2024-07-06,2024,12589,12887,12777,12589,12887,12374,True,True,False,False,0.6666666666666666,0.43023920469485816,0.7035173800893146
2024_R18_geelong_v_hawthorn_2024-07-06,2024,12017,12505,12806,12891,12017,12505,False,False,False,False,0.6666666666666666,0.4196581441833973,0.25676557051078286
2024_R18_greater_western_sydney_v_carlton_2024-07-06,2024,12770,12321,12261,12321,12261,12770,False,False,False,False,1.0,0.4406837864377997,0.1134470261034002
2024_R18_melbourne_v_west_coast_2024-07-07,2024,12778,12393,13048,12778,13048,13099,True,False,False,False,0.6666666666666666,0.43095570169383224,0.4545316624187063
2024_R18_port_adelaide_v_western_bulldogs_2024-07-06,2024,12698,12956,12697,12697,12698,12054,False,False,False,False,0.6666666666666666,0.41475833376131005,0.21992393598915305
2024_R18_st_kilda_v_sydney_2024-07-07,2024,12862,12368,12326,12703,13036,12326,False,False,True,False,0.3333333333333333,0.3549256112810924,0.0499965519974065
2024_R19_adelaide_v_st_kilda_2024-07-13,2024,12165,12516,12368,12165,12434,12564,True,False,False,False,0.3333333333333333,0.38309597869641926,0.5318567574834246
2024_R19_collingwood_v_geelong_2024-07-12,2024,12499,12943,12881,12660,12689,12943,False,False,False,False,0.3333333333333333,0.39176141471873005,0.06246033019760453
2024_R19_gold_coast_v_port_adelaide_2024-07-14,2024,12698,12824,12942,12767,12698,12824,False,False,False,False,0.6666666666666666,0.39863250192899485,0.1737250430437653
2024_R19_hawthorn_v_fremantle_2024-07-13,2024,12915,12619,12794,12856,12779,12332,False,False,False,False,0.0,0.35145301199228707,0.030789243206265436
2024_R19_melbourne_v_essendon_2024-07-13,2024,12778,12945,12393,12945,12393,12778,False,False,False,False,1.0,0.4406837864377997,0.09546307921530757
2024_R19_richmond_v_greater_western_sydney_2024-07-14,2024,12770,12143,12025,12770,12143,12025,True,True,True,True,1.0,0.4465608344709563,0.49878920677748334
2024_R19_sydney_v_north_melbourne_2024-07-13,2024,12862,12797,12412,12862,12797,12412,True,True,True,True,1.0,0.43701208572828554,0.8397737514673976
2024_R19_west_coast_v_brisbane_lions_2024-07-14,2024,12055,12595,12087,12055,12518,12617,True,False,False,False,0.3333333333333333,0.4052792805846812,0.8493698364793821
2024_R19_western_bulldogs_v_carlton_2024-07-13,2024,12923,12261,12354,12261,12923,12354,False,False,True,False,1.0,0.43215620566714985,0.1807768225782708
2024_R20_brisbane_lions_v_sydney_2024-07-21,2024,12518,12862,12076,12518,12617,12076,True,False,True,False,0.6666666666666666,0.42700857196339165,0.4899321467230859
2024_R20_carlton_v_north_melbourne_2024-07-21,2024,12261,13034,12788,13034,12261,12421,False,False,False,False,0.6666666666666666,0.43893972311468643,0.3000742512267455
2024_R20_essendon_v_adelaide_2024-07-19,2024,12434,12241,12925,12434,12241,12165,True,True,False,False,0.6666666666666666,0.4393026331792707,0.8268131919643281
2024_R20_fremantle_v_melbourne_2024-07-21,2024,12786,12589,12777,12589,12786,12777,False,False,True,False,1.0,0.43668956758383654,0.38562906955287357
2024_R20_geelong_v_western_bulldogs_2024-07-20,2024,11898,12054,12269,12054,12605,12269,False,False,True,False,0.6666666666666666,0.3982937958812471,0.004861900991970309
2024_R20_greater_western_sydney_v_gold_coast_2024-07-20,2024,12143,12824,12321,12143,12770,12824,True,False,False,False,0.6666666666666666,0.43614300495095876,0.47653398143213077
2024_R20_hawthorn_v_collingwood_2024-07-20,2024,12927,12794,12332,12927,12332,12670,True,False,False,False,0.6666666666666666,0.39582726499750875,0.22434101418183772
2024_R20_port_adelaide_v_richmond_2024-07-20,2024,12698,12403,12766,11914,12150,12697,False,False,False,False,0.0,0.32716342322272823,0.08180150312754149
2024_R20_st_kilda_v_west_coast_2024-07-20,2024,12564,12325,12300,12300,12564,12368,False,False,False,False,0.6666666666666666,0.43333335865780537,0.08194459254136008
2024_R21_adelaide_v_hawthorn_2024-07-28,2024,12794,12915,12954,12954,12915,12794,False,True,False,False,1.0,0.4451091942126192,0.06854200929896137
2024_R21_carlton_v_port_adelaide_2024-07-26,2024,12150,12684,12697,12421,12956,12150,False,False,False,False,0.3333333333333333,0.32339359345483226,0.13354976124859735
2024_R21_collingwood_v_richmond_2024-07-28,2024,12943,12573,12456,12943,12573,12660,True,True,False,False,0.6666666666666666,0.4489563967779464,0.9091709022847241
2024_R21_fremantle_v_west_coast_2024-07-27,2024,12786,12589,12087,12589,12786,12595,False,False,False,False,0.6666666666666666,0.39605228138327275,0.2877264548032055
2024_R21_gold_coast_v_brisbane_lions_2024-07-27,2024,12055,12408,12824,12055,12408,12824,True,True,True,True,1.0,0.4465608344709563,0.6182289312365985
2024_R21_melbourne_v_greater_western_sydney_2024-07-27,2024,12969,12321,12934,12770,12969,12143,False,False,False,False,0.3333333333333333,0.39321305497706716,0.29197450395906377
2024_R21_north_melbourne_v_geelong_2024-07-27,2024,12505,13034,12590,12505,13034,12788,True,True,False,False,0.6666666666666666,0.39891363743413644,0.6380209999306907
2024_R21_st_kilda_v_essendon_2024-07-27,2024,12950,12564,12368,12564,12368,12950,False,False,False,False,1.0,0.4360445312949387,0.13050829321590837
2024_R21_sydney_v_western_bulldogs_2024-07-28,2024,12054,11866,12605,12054,12605,12994,True,False,False,False,0.6666666666666666,0.3498987678595146,0.69093447366095
2024_R22_collingwood_v_carlton_2024-08-03,2024,12261,12943,12411,12943,12261,12411,False,False,True,False,1.0,0.43215620566714985,0.234624481236687
2024_R22_essendon_v_fremantle_2024-08-04,2024,12589,12349,12983,12755,12406,12589,False,False,False,False,0.3333333333333333,0.2557568885479929,0.13209619824808425
2024_R22_geelong_v_adelaide_2024-08-03,2024,12017,12952,12505,12017,12505,12871,True,False,False,False,0.6666666666666666,0.3577685467461951,0.8001666310724856
2024_R22_greater_western_sydney_v_hawthorn_2024-08-04,2024,12025,12321,12770,12321,12143,12915,False,False,False,False,0.3333333333333333,0.40358976717596784,0.020814997805456845
2024_R22_north_melbourne_v_richmond_2024-08-03,2024,12590,13034,12563,12590,12788,13034,True,False,False,False,0.6666666666666666,0.4203419049071177,0.8291745048987216
2024_R22_port_adelaide_v_sydney_2024-08-03,2024,12956,12698,12495,12695,12150,12698,False,False,False,False,0.3333333333333333,0.3825641249215655,0.06831949388263342
2024_R22_st_kilda_v_brisbane_lions_2024-08-04,2024,12055,12518,12592,12055,12518,12199,True,True,False,False,0.6666666666666666,0.43470088010524616,0.5024395761691881
2024_R22_west_coast_v_gold_coast_2024-08-02,2024,12768,12087,12601,12177,12595,12768,False,False,False,False,0.3333333333333333,0.3790595624582802,0.1219159100012576
2024_R22_western_bulldogs_v_melbourne_2024-08-02,2024,12269,12054,12354,12269,12054,12354,True,True,True,True,1.0,0.43701208572828554,0.7835557168191072
2024_R23_adelaide_v_western_bulldogs_2024-08-11,2024,12849,12584,12516,12258,12814,12584,False,False,False,False,0.3333333333333333,0.28957266649559066,0.0035208852685721785
2024_R23_carlton_v_hawthorn_2024-08-11,2024,12710,13057,12998,12332,13057,12710,False,True,False,False,0.6666666666666666,0.40787779887988707,0.11225103748862601
2024_R23_essendon_v_gold_coast_2024-08-10,2024,12768,12810,12406,12768,12241,12945,True,False,False,False,0.3333333333333333,0.31300993070394134,0.4074737904829819
2024_R23_fremantle_v_geelong_2024-08-10,2024,12786,11700,12542,12542,11700,12786,False,True,False,False,1.0,0.4451091942126192,0.17602963184919176
2024_R23_melbourne_v_port_adelaide_2024-08-10,2024,12698,12771,11966,12956,12698,12771,False,False,False,False,0.6666666666666666,0.4157258881946568,0.23954492260195348
2024_R23_north_melbourne_v_west_coast_2024-08-10,2024,13034,12590,12655,12788,12655,13034,False,False,False,False,0.6666666666666666,0.3997454361395842,0.04208029234647768
2024_R23_richmond_v_st_kilda_2024-08-11,2024,12325,12403,12288,12564,12558,12325,False,False,False,False,0.3333333333333333,0.3347845345789981,0.06580483653220333
2024_R23_sydney_v_collingwood_2024-08-09,2024,12326,12943,12714,12326,12797,12660,True,False,False,False,0.3333333333333333,0.3754111201385419,0.5771741126837174
2024_R24_collingwood_v_brisbane_lions_2024-08-17,2024,12943,12199,12876,12943,12617,12055,True,False,False,False,0.3333333333333333,0.3415467149714054,0.4113459962689851
2024_R24_essendon_v_sydney_2024-08-16,2024,12326,12945,12413,12326,12945,12862,True,True,False,False,0.6666666666666666,0.4139597030626968,0.33317671454277703
2024_R24_gold_coast_v_melbourne_2024-08-17,2024,12147,12393,12778,12393,12147,12778,False,False,True,False,1.0,0.43668956758383654,0.3001989965297485
2024_R24_greater_western_sydney_v_fremantle_2024-08-17,2024,12321,12589,12770,12770,12656,12321,False,False,False,False,0.6666666666666666,0.42564105051595086,0.2091513889690945
2024_R24_hawthorn_v_richmond_2024-08-18,2024,11845,12915,12619,12915,11845,12619,False,False,True,False,1.0,0.446197924406372,0.18208453729991625
2024_R24_port_adelaide_v_adelaide_2024-08-17,2024,12698,12956,12258,12698,12956,12697,True,True,False,False,0.6666666666666666,0.4320444318875851,0.9457747532426317
2024_R24_st_kilda_v_geelong_2024-08-17,2024,12564,12368,12499,12564,12368,12703,True,True,False,False,0.6666666666666666,0.43470088010524616,0.5919607187666248
2024_R24_west_coast_v_carlton_2024-08-18,2024,12261,12455,12411,12261,12411,12937,True,False,False,False,0.6666666666666666,0.4353714118418017,0.556529273373141
2024_R24_western_bulldogs_v_north_melbourne_2024-08-18,2024,13021,12054,12269,13021,12054,12269,True,True,True,True,1.0,0.43246086284421514,0.9673309232253013
2024_R25_brisbane_lions_v_essendon_2024-08-24,2024,12055,12408,12277,12055,12241,13040,True,False,False,False,0.3333333333333333,0.34831959600483264,0.9034839212845516
2024_R25_carlton_v_st_kilda_2024-08-25,2024,12261,12950,12508,12411,12508,12564,False,False,False,False,0.3333333333333333,0.376156281941606,0.07928007295055413
2024_R25_fremantle_v_port_adelaide_2024-08-25,2024,12150,12589,12698,12150,12890,12589,True,False,False,False,0.6666666666666666,0.4316815218230008,0.28288830496907447
2024_R25_geelong_v_west_coast_2024-08-24,2024,12017,12881,12851,12017,11700,11847,True,False,False,False,0.3333333333333333,0.42073405390821655,0.7851928913290283
2024_R25_hawthorn_v_north_melbourne_2024-08-24,2024,12915,12998,12710,12915,12998,12332,True,True,False,False,0.6666666666666666,0.43023920469485816,0.5991669459245332
2024_R25_melbourne_v_collingwood_2024-08-23,2024,12943,12578,12573,12943,12573,12578,True,False,False,False,1.0,0.45635000623998023,0.9616857653770322
2024_R25_richmond_v_gold_coast_2024-08-24,2024,12768,12824,12767,12767,12824,12768,False,True,False,False,1.0,0.4357220131504898,0.16952531993225906
2024_R25_sydney_v_adelaide_2024-08-24,2024,12994,12862,12797,12699,12994,12862,False,False,False,False,0.6666666666666666,0.42784837902752165,0.1332239260475555
2024_R25_western_bulldogs_v_greater_western_sydney_2024-08-25,2024,12605,12354,12269,12605,12269,11898,True,False,False,False,0.6666666666666666,0.4184466326992107,0.4393362344213837
2024_R2_carlton_v_richmond_2024-03-14,2024,12261,12404,12686,12686,12261,12566,False,False,False,False,0.6666666666666666,0.44373096992089883,0.2603743793126289
2024_R2_collingwood_v_sydney_2024-03-15,2024,12797,12326,12862,12326,12797,12943,False,False,False,False,0.6666666666666666,0.43893972311468643,0.20186586391912276
2024_R2_gold_coast_v_adelaide_2024-03-16,2024,12768,12331,12625,12767,12768,12824,False,False,False,False,0.3333333333333333,0.43798277490680887,0.35276465793577566
2024_R2_greater_western_sydney_v_north_melbourne_2024-03-16,2024,12321,12770,12255,12321,12770,12028,True,True,False,False,0.6666666666666666,0.578123358052997,0.6979588903803374
2024_R2_melbourne_v_western_bulldogs_2024-03-17,2024,12410,11966,12430,12410,11966,12430,True,True,True,True,1.0,0.6816933932149711,0.3403584234239435
2024_R3_adelaide_v_geelong_2024-03-22,2024,12505,12689,12258,12258,12689,12505,False,True,False,False,1.0,0.4714506838854143,0.11078555481122679
2024_R3_hawthorn_v_melbourne_2024-03-23,2024,12430,12598,12147,12430,12598,11966,True,True,False,False,0.6666666666666666,0.4247862305958995,0.4989554340888685
2024_R3_north_melbourne_v_fremantle_2024-03-23,2024,12786,13034,12589,12786,12779,12589,True,False,True,False,0.6666666666666666,0.4393260757548625,0.6963595776486988
2024_R3_richmond_v_port_adelaide_2024-03-24,2024,12150,12575,12535,12698,12695,12575,False,False,False,False,0.3333333333333333,0.35402616410726284,0.018276486126975394
2024_R3_st_kilda_v_collingwood_2024-03-21,2024,12950,12564,12609,12950,12564,12368,True,True,False,False,0.6666666666666666,0.43652880150553713,0.2712785106191567
2024_R3_sydney_v_essendon_2024-03-23,2024,12326,12412,12797,12412,12326,12797,False,False,True,False,1.0,0.4672209726104109,0.23998558454014543
2024_R3_west_coast_v_greater_western_sydney_2024-03-24,2024,12770,12644,12904,12770,12143,12255,True,False,False,False,0.3333333333333333,0.40829154473676,0.5098122790590339
2024_R4_brisbane_lions_v_collingwood_2024-03-28,2024,12083,12943,12055,12055,12943,12083,False,True,False,False,1.0,0.43124223413595386,0.06580416128347324
2024_R4_essendon_v_st_kilda_2024-03-30,2024,12945,12132,12349,12945,12491,12483,True,False,False,False,0.3333333333333333,0.3300489524418799,0.6964932182504567
2024_R4_fremantle_v_adelaide_2024-03-29,2024,12777,12352,12542,12777,12786,11763,True,False,False,False,0.3333333333333333,0.33914531896531985,0.49302074571763144
2024_R4_hawthorn_v_geelong_2024-04-01,2024,12871,12619,12851,12619,11798,12871,False,False,False,False,0.6666666666666666,0.4193732849219698,0.033168518056151355
2024_R4_north_melbourne_v_carlton_2024-03-29,2024,12261,12566,12411,12566,12261,12411,False,False,True,False,1.0,0.4672209726104109,0.06908212491667873
2024_R4_port_adelaide_v_melbourne_2024-03-30,2024,12430,11966,12697,11966,12410,12367,False,False,False,False,0.3333333333333333,0.3671795086378564,0.019683460109282857
2024_R4_richmond_v_sydney_2024-03-31,2024,12504,12535,12797,12504,12326,12535,True,False,False,False,0.6666666666666666,0.3482390139063323,0.6795754053156712
2024_R4_western_bulldogs_v_west_coast_2024-03-31,2024,12054,12269,12594,12054,12269,12537,True,True,False,False,0.6666666666666666,0.42971380206554965,0.7150402653085092
2024_R5_adelaide_v_melbourne_2024-04-04,2024,12430,12598,12258,12430,11966,12258,True,False,True,False,0.6666666666666666,0.34174905957845503,0.6843828412290468
2024_R5_brisbane_lions_v_north_melbourne_2024-04-05,2024,12199,12518,12055,12199,12518,12408,True,True,False,False,0.6666666666666666,0.4489563967779464,0.659202421530507
2024_R5_collingwood_v_hawthorn_2024-04-07,2024,12318,12915,12943,12318,12196,12573,True,False,False,False,0.3333333333333333,0.41643929911046107,0.5826022350287143
2024_R5_fremantle_v_carlton_2024-04-06,2024,12786,12261,12589,12589,12402,12421,False,False,False,False,0.3333333333333333,0.3490598494592657,0.01882758069281326
2024_R5_gold_coast_v_greater_western_sydney_2024-04-07,2024,12025,12321,12768,12025,12028,12767,True,False,False,False,0.3333333333333333,0.39554695541813595,0.3872380295088137
2024_R5_port_adelaide_v_essendon_2024-04-05,2024,12697,12956,12698,12697,12956,12241,True,True,False,False,0.6666666666666666,0.42591073353731085,0.9333689738069367
2024_R5_richmond_v_st_kilda_2024-04-07,2024,12703,12132,12374,12368,12535,12564,False,False,False,False,0.0,0.2779341563818463,0.005811306925496078
2024_R5_western_bulldogs_v_geelong_2024-04-06,2024,11898,12054,12017,11898,12269,12054,True,False,False,False,0.6666666666666666,0.4316815218230008,0.4387486963243892
2024_R6_geelong_v_north_melbourne_2024-04-14,2024,12017,12871,12806,12017,12881,13034,True,False,False,False,0.3333333333333333,0.38814200979502833,0.840949622864052
2024_R6_gold_coast_v_hawthorn_2024-04-13,2024,12767,12768,12728,12767,12824,12768,True,False,False,False,0.6666666666666666,0.42927576557006997,0.8523647206449325
2024_R6_greater_western_sydney_v_st_kilda_2024-04-13,2024,12060,12143,12368,12564,12060,12368,False,False,True,False,0.6666666666666666,0.4193162638215371,0.287614282439755
2024_R6_melbourne_v_brisbane_lions_2024-04-11,2024,12408,12518,12592,11966,12408,12518,False,False,False,False,0.6666666666666666,0.41280231339896134,0.25979440610221644
2024_R6_port_adelaide_v_fremantle_2024-04-13,2024,12698,12542,12697,12698,12786,12697,True,False,True,False,0.6666666666666666,0.37555557750343127,0.20952762564835653
2024_R6_west_coast_v_richmond_2024-04-14,2024,12601,12595,12087,12601,12087,12595,True,False,False,False,1.0,0.45635000623998023,0.9575563212665557
2024_R6_western_bulldogs_v_essendon_2024-04-12,2024,12241,12945,11898,12241,12755,12696,True,False,False,False,0.3333333333333333,0.40954400788335976,0.18495230303566254
2024_R7_adelaide_v_essendon_2024-04-19,2024,12241,12945,12516,12516,12945,12241,False,True,False,False,1.0,0.4403419060759395,0.0883200027859494
2024_R7_brisbane_lions_v_geelong_2024-04-20,2024,12551,12881,12076,12076,12499,12552,False,False,False,False,0.3333333333333333,0.3644444657429748,0.03405281935668397
2024_R7_carlton_v_greater_western_sydney_2024-04-20,2024,12261,12684,12770,12261,12684,12411,True,True,False,False,0.6666666666666666,0.41367523785084376,0.7287054581686688
2024_R7_collingwood_v_port_adelaide_2024-04-20,2024,12578,12318,12943,12943,12318,12578,False,True,False,False,1.0,0.43124223413595386,0.10907559753438234
2024_R7_north_melbourne_v_hawthorn_2024-04-21,2024,12915,12670,12237,12670,12915,12710,False,False,False,False,0.6666666666666666,0.4335305269139165,0.2955345770160084
2024_R7_st_kilda_v_western_bulldogs_2024-04-18,2024,12594,12054,12269,12354,12054,12594,False,True,False,False,0.6666666666666666,0.42746258247294316,0.14053651393140554
2024_R7_sydney_v_gold_coast_2024-04-21,2024,12326,12412,12797,12217,12862,12326,False,False,False,False,0.3333333333333333,0.35817930282741917,0.11979480962486873
2024_R8_essendon_v_collingwood_2024-04-25,2024,12241,12349,4182,12241,12943,12945,True,False,False,False,0.3333333333333333,0.37229107037381537,0.24149518278259344
2024_R8_fremantle_v_western_bulldogs_2024-04-27,2024,11834,12786,12588,11834,12786,12354,True,True,False,False,0.6666666666666666,0.4333476656914304,0.5027396905404428
2024_R8_geelong_v_carlton_2024-04-27,2024,12017,12261,12684,12017,12261,12684,True,True,True,True,1.0,0.44170942752338027,0.37360774945070824
2024_R8_gold_coast_v_west_coast_2024-04-28,2024,12767,12768,12177,12767,12768,12177,True,True,True,True,1.0,0.4621285027310447,0.6208356582517274
2024_R8_greater_western_sydney_v_brisbane_lions_2024-04-25,2024,12770,12255,12969,12770,12969,12462,True,False,False,False,0.6666666666666666,0.4233345903375624,0.7682679505870286
2024_R8_hawthorn_v_sydney_2024-04-28,2024,12326,12797,12861,12497,12699,12326,False,False,False,False,0.3333333333333333,0.36256412375274366,0.14660671033463643
2024_R8_north_melbourne_v_adelaide_2024-04-27,2024,12165,12516,12798,12165,12516,12798,True,True,True,True,1.0,0.4676888954673067,0.7084778010152447
2024_R8_port_adelaide_v_st_kilda_2024-04-26,2024,12698,11914,12325,13007,11914,12325,False,True,True,False,0.6666666666666666,0.4226087702083938,0.12419643908770303
2024_R8_richmond_v_melbourne_2024-04-24,2024,11966,12430,13033,11966,12351,12430,True,False,False,False,0.6666666666666666,0.2714033676748748,0.7704126797702784
2024_R9_adelaide_v_port_adelaide_2024-05-02,2024,12952,12698,12258,12698,12952,12258,False,False,True,False,1.0,0.43668956758383654,0.2609158601990332
2024_R9_brisbane_lions_v_gold_coast_2024-05-05,2024,12076,12340,12408,12076,12055,12408,True,False,True,False,0.6666666666666666,0.42323622406220995,0.39719378039192793
2024_R9_carlton_v_collingwood_2024-05-03,2024,12943,12276,12566,12943,12508,12684,True,False,False,False,0.3333333333333333,0.387769404008303,0.8537951473046045
2024_R9_melbourne_v_geelong_2024-05-04,2024,12653,11966,12881,12410,12881,11966,False,False,False,False,0.6666666666666666,0.353933488347568,0.008311318968357202
2024_R9_richmond_v_fremantle_2024-05-05,2024,12777,12589,12542,12786,12542,12777,False,False,False,False,0.6666666666666666,0.4308831292040857,0.16934704354020613
2024_R9_sydney_v_greater_western_sydney_2024-05-04,2024,12862,12326,12509,12797,12862,12509,False,False,True,False,0.6666666666666666,0.40830797087233167,0.1694058132498027
2024_R9_west_coast_v_essendon_2024-05-04,2024,12241,12334,12945,12406,12241,12945,False,False,True,False,0.6666666666666666,0.38702177333870297,0.20861285264716536
2024_R9_western_bulldogs_v_hawthorn_2024-05-05,2024,12354,12357,12054,12269,12054,12856,False,False,False,False,0.3333333333333333,0.2146613032016015,0.03086384087972301
2025_R10_essendon_v_sydney_2025-05-10,2025,12491,12945,12699,12945,12491,12217,False,False,False,False,0.6666666666666666,0.3834817752509977,0.24532784003424613
2025_R10_fremantle_v_collingwood_2025-05-08,2025,12061,12083,12744,12083,12061,12589,False,False,False,False,0.6666666666666666,0.39852784087955806,0.22629097671575915
2025_R10_geelong_v_greater_western_sydney_2025-05-11,2025,12770,12692,12969,12321,12770,12692,False,False,False,False,0.6666666666666666,0.42431103190450004,0.16044361348485345
2025_R10_gold_coast_v_western_bulldogs_2025-05-10,2025,12768,12743,12767,11898,12605,12767,False,False,True,False,0.3333333333333333,0.3053888193476714,0.0165373408290364
2025_R10_melbourne_v_hawthorn_2025-05-10,2025,11966,12430,12619,12619,11966,12752,False,False,False,False,0.6666666666666666,0.38714684251949316,0.09423960688996827
2025_R10_north_melbourne_v_brisbane_lions_2025-05-11,2025,12592,12518,12590,12076,12590,12788,False,False,False,False,0.3333333333333333,0.345445864309472,0.012082155421879943
2025_R10_port_adelaide_v_adelaide_2025-05-10,2025,12697,12798,12516,12697,12698,12892,True,False,False,False,0.3333333333333333,0.3068376247695308,0.32318064371794103
2025_R10_richmond_v_west_coast_2025-05-11,2025,12504,13078,12440,12504,12374,13078,True,False,False,False,0.6666666666666666,0.4606446661995553,0.45465544558814963
2025_R10_st_kilda_v_carlton_2025-05-09,2025,12566,12261,12421,12261,12566,12674,False,False,False,False,0.6666666666666666,0.41306841523732246,0.19544154507749623
2025_R11_brisbane_lions_v_melbourne_2025-05-18,2025,11966,12430,12610,11966,12430,11820,True,True,False,False,0.6666666666666666,0.3787171068886244,0.5818322285284397
2025_R11_collingwood_v_adelaide_2025-05-17,2025,12573,11967,12516,12516,12943,12573,False,False,False,False,0.6666666666666666,0.34898479632831875,0.08560819199029715
2025_R11_gold_coast_v_hawthorn_2025-05-15,2025,12331,12768,12469,12767,12743,12768,False,False,False,False,0.3333333333333333,0.2545814103058723,0.01426252525746851
2025_R11_greater_western_sydney_v_fremantle_2025-05-17,2025,12786,12589,12779,12786,12535,12589,True,False,False,False,0.6666666666666666,0.43614300495095876,0.5772593568971501
2025_R11_port_adelaide_v_geelong_2025-05-17,2025,12017,12689,12692,12017,12692,12531,True,False,False,False,0.6666666666666666,0.40830797087233167,0.7383685650481657
2025_R11_richmond_v_north_melbourne_2025-05-18,2025,12504,12788,12557,12788,12590,12504,False,False,False,False,0.6666666666666666,0.4139359413051948,0.05679852165274986
2025_R11_sydney_v_carlton_2025-05-16,2025,12326,12797,12603,12326,12797,12217,True,True,False,False,0.6666666666666666,0.4440518343198173,0.7844212931252874
2025_R11_west_coast_v_st_kilda_2025-05-18,2025,12600,12957,13111,12564,12325,12870,False,False,False,False,0.0,0.37495924013059173,0.013644291978736577
2025_R11_western_bulldogs_v_essendon_2025-05-17,2025,12354,11898,12455,12354,11898,12605,True,True,False,False,0.6666666666666666,0.4440518343198173,0.6548200199033738
2025_R12_adelaide_v_west_coast_2025-05-25,2025,12516,12473,12849,12516,12953,12473,True,False,False,False,0.6666666666666666,0.43614300495095876,0.6026266230015938
2025_R12_carlton_v_greater_western_sydney_2025-05-24,2025,12025,12770,12261,12025,12170,12261,True,False,True,False,0.6666666666666666,0.44101729262424866,0.7583074513821791
2025_R12_essendon_v_richmond_2025-05-23,2025,12945,12241,12925,12945,12241,13168,True,True,False,False,0.6666666666666666,0.4646906369045825,0.6653524244372636
2025_R12_fremantle_v_port_adelaide_2025-05-24,2025,12779,12786,13180,12786,12779,13180,False,False,True,False,1.0,0.45635000623998023,0.31318788646211326
2025_R12_geelong_v_western_bulldogs_2025-05-22,2025,12881,12017,12455,12881,12692,12605,True,False,False,False,0.3333333333333333,0.39255077264865884,0.3342558888483558
2025_R12_hawthorn_v_brisbane_lions_2025-05-24,2025,12055,12414,12518,12055,12414,12076,True,True,False,False,0.6666666666666666,0.42346632366143083,0.3569006651243667
2025_R12_melbourne_v_sydney_2025-05-25,2025,12771,12272,12430,12771,11966,12272,True,False,False,False,0.6666666666666666,0.4286199721366786,0.6931754769184285
2025_R12_north_melbourne_v_collingwood_2025-05-24,2025,12083,12943,12573,12943,13023,12083,False,False,False,False,0.6666666666666666,0.43991976299101604,0.0550862403071728
2025_R12_st_kilda_v_gold_coast_2025-05-25,2025,12767,12177,12950,12767,12950,12331,True,False,False,False,0.6666666666666666,0.40809236762502266,0.39306928612614256
2025_R13_brisbane_lions_v_essendon_2025-05-29,2025,12518,12408,12055,12518,13040,12945,True,False,False,False,0.3333333333333333,0.3482122069686165,0.8563453792560284
2025_R13_collingwood_v_hawthorn_2025-05-30,2025,11751,12083,12943,12943,11751,12083,False,False,False,False,1.0,0.43154689131301915,0.31818713701846824
2025_R13_gold_coast_v_fremantle_2025-05-31,2025,12767,12589,12786,12767,12688,12589,True,False,False,False,0.6666666666666666,0.42314380551698194,0.5439183926293327
2025_R13_greater_western_sydney_v_richmond_2025-05-31,2025,12770,12504,12440,12770,12782,12440,True,False,True,False,0.6666666666666666,0.4499078269052679,0.3130352755688507
2025_R13_melbourne_v_st_kilda_2025-06-01,2025,12950,12703,12967,12703,12967,11966,False,False,False,False,0.6666666666666666,0.4518346450872726,0.0892193605011003
2025_R13_sydney_v_adelaide_2025-05-31,2025,12367,12434,12934,12809,12629,12367,False,False,False,False,0.3333333333333333,0.3741210475607462,0.1027830997950098
2025_R13_west_coast_v_geelong_2025-06-01,2025,12692,12017,12689,12692,12881,12017,True,False,False,False,0.6666666666666666,0.43614300495095876,0.8133572164160305
2025_R14_adelaide_v_brisbane_lions_2025-06-06,2025,13040,12165,12434,13040,12518,12516,True,False,False,False,0.3333333333333333,0.4089530071612295,0.22738582050258271
2025_R14_carlton_v_essendon_2025-06-08,2025,12674,12684,12945,12674,12684,12276,True,True,False,False,0.6666666666666666,0.4611815480948928,0.34440963594561286
2025_R14_geelong_v_gold_coast_2025-06-07,2025,12881,12552,12689,12881,12690,12552,True,False,False,False,0.6666666666666666,0.4273504523252518,0.9242596835302868
2025_R14_greater_western_sydney_v_port_adelaide_2025-06-07,2025,12698,12697,12867,12698,12697,12770,True,True,False,False,0.6666666666666666,0.4320444318875851,0.5757901485805835
2025_R14_melbourne_v_collingwood_2025-06-09,2025,12573,11966,12430,12573,11966,12410,True,True,False,False,0.6666666666666666,0.4031476805611489,0.2428593480045896
2025_R14_north_melbourne_v_west_coast_2025-06-08,2025,12788,12502,13107,13107,12788,12866,False,False,False,False,0.6666666666666666,0.4302298815646637,0.2812484559189199
2025_R14_richmond_v_sydney_2025-06-07,2025,12699,12217,12714,12217,12699,12326,False,False,False,False,0.6666666666666666,0.3834817752509977,0.3110906677418125
2025_R14_western_bulldogs_v_hawthorn_2025-06-05,2025,12915,12955,12485,12915,12856,12955,True,False,False,False,0.6666666666666666,0.43614300495095876,0.2731244791776034
2025_R15_brisbane_lions_v_greater_western_sydney_2025-06-14,2025,13054,12782,12321,12321,13054,12969,False,False,False,False,0.6666666666666666,0.4302298815646637,0.38996049677800115
2025_R15_essendon_v_geelong_2025-06-14,2025,12692,12017,12881,12881,12692,12017,False,False,False,False,1.0,0.455528494077532,0.28409592655154287
2025_R15_hawthorn_v_adelaide_2025-06-13,2025,13057,12516,12915,12237,12710,12473,False,False,False,False,0.0,0.30348957392643294,0.039356275912609075
2025_R15_north_melbourne_v_fremantle_2025-06-14,2025,12786,12589,13034,12786,12589,13034,True,True,True,True,1.0,0.42804837176691796,0.8282266796374916
2025_R15_port_adelaide_v_melbourne_2025-06-15,2025,12766,12697,12597,12766,11966,12956,True,False,False,False,0.3333333333333333,0.3957297632388238,0.9077950755682322
2025_R15_st_kilda_v_western_bulldogs_2025-06-12,2025,12455,12605,12354,12455,12354,13021,True,False,False,False,0.6666666666666666,0.43857681305010215,0.24687101726908425
2025_R15_west_coast_v_carlton_2025-06-15,2025,12261,12603,12674,12674,12411,12603,False,False,False,False,0.6666666666666666,0.4035998419666957,0.01319498508325484
2025_R16_carlton_v_north_melbourne_2025-06-21,2025,12590,12866,12411,12866,13107,12590,False,False,False,False,0.6666666666666666,0.4157258881946568,0.1206272018777668
2025_R16_collingwood_v_st_kilda_2025-06-21,2025,12943,12950,12573,12943,12660,12578,True,False,False,False,0.3333333333333333,0.40529916898526885,0.5124739182227759
2025_R16_fremantle_v_essendon_2025-06-19,2025,12779,12786,12542,12786,12779,12688,False,False,False,False,0.6666666666666666,0.4485456406967223,0.22362679933123555
2025_R16_geelong_v_brisbane_lions_2025-06-20,2025,12076,12592,12340,12408,12076,13040,False,False,False,False,0.3333333333333333,0.3673481665273189,0.20420541222325014
2025_R16_greater_western_sydney_v_gold_coast_2025-06-22,2025,12768,12770,12767,12767,12770,12331,False,True,False,False,0.6666666666666666,0.42495728979223046,0.03952648626919027
2025_R16_port_adelaide_v_sydney_2025-06-21,2025,12326,12698,12217,12326,12217,12698,True,False,False,False,1.0,0.43668956758383654,0.5022580872962135
2025_R16_western_bulldogs_v_richmond_2025-06-22,2025,12269,13021,12282,12269,13021,12537,True,True,False,False,0.6666666666666666,0.4216101268991759,0.7981286826128232
2025_R17_collingwood_v_west_coast_2025-06-28,2025,12943,12661,12573,12943,4182,12660,True,False,False,False,0.3333333333333333,0.43689933265005204,0.6988142893990839
2025_R17_fremantle_v_st_kilda_2025-06-29,2025,12779,12688,13125,12688,12564,12547,False,False,False,False,0.3333333333333333,0.3576478686478078,0.07122495804307077
2025_R17_gold_coast_v_melbourne_2025-06-28,2025,12824,12768,12743,11820,12768,12743,False,True,True,False,0.6666666666666666,0.38234475721697075,0.028008849582117093
2025_R17_hawthorn_v_north_melbourne_2025-06-28,2025,12915,12357,12590,11845,12485,12357,False,False,False,False,0.3333333333333333,0.29929683804859697,0.12433240665959236
2025_R17_port_adelaide_v_carlton_2025-06-26,2025,12698,12766,12867,12698,12867,12697,True,False,False,False,0.6666666666666666,0.43857681305010215,0.4575275086536305
2025_R17_richmond_v_adelaide_2025-06-29,2025,12516,12892,12952,12892,13132,12516,False,False,False,False,0.6666666666666666,0.32934088361023395,0.03745184569351076
2025_R17_sydney_v_western_bulldogs_2025-06-27,2025,13140,12326,12354,12326,12217,13140,False,False,False,False,0.6666666666666666,0.3818614830275203,0.11171192613934804
2025_R18_adelaide_v_melbourne_2025-07-06,2025,12798,12434,12516,12798,12147,12516,True,False,True,False,0.6666666666666666,0.4187512898762759,0.7597155504346728
2025_R18_brisbane_lions_v_port_adelaide_2025-07-05,2025,12610,12055,12698,12610,12518,12055,True,False,False,False,0.6666666666666666,0.42314380551698194,0.7857495725160163
2025_R18_carlton_v_collingwood_2025-07-04,2025,12943,12083,12372,12943,12061,12660,True,False,False,False,0.3333333333333333,0.39642302840909527,0.9091707962169163
2025_R18_essendon_v_gold_coast_2025-07-05,2025,12767,12768,12925,12767,12933,12241,True,False,False,False,0.3333333333333333,0.36064383931476385,0.5754501330313074
2025_R18_north_melbourne_v_western_bulldogs_2025-07-03,2025,11898,12605,12594,11898,12594,12269,True,False,False,False,0.6666666666666666,0.4353714118418017,0.48555112156512464
2025_R18_st_kilda_v_hawthorn_2025-07-05,2025,12950,12558,13193,12950,12856,12564,True,False,False,False,0.3333333333333333,0.3939388751062357,0.5027600459879956
2025_R18_sydney_v_fremantle_2025-07-06,2025,12797,12589,12745,12217,12862,12797,False,False,False,False,0.3333333333333333,0.3246122221630935,0.10920701711631273
2025_R18_west_coast_v_greater_western_sydney_2025-07-04,2025,12969,12025,12821,12969,12770,12821,True,False,True,False,0.6666666666666666,0.4504439101881433,0.6721653192908611
2025_R19_carlton_v_brisbane_lions_2025-07-10,2025,12408,12055,13026,12055,13040,12408,False,False,False,False,0.6666666666666666,0.43095570169383224,0.14163026004355447
2025_R19_fremantle_v_hawthorn_2025-07-12,2025,12589,12688,12915,12589,12786,12688,True,False,False,False,0.6666666666666666,0.3516883458374442,0.2802435480423788
2025_R19_gold_coast_v_collingwood_2025-07-11,2025,12767,12768,12573,12768,12767,12573,False,False,True,False,1.0,0.43668956758383654,0.08229086534767595
2025_R19_greater_western_sydney_v_geelong_2025-07-12,2025,13054,12969,12821,13054,12969,12143,True,True,False,False,0.6666666666666666,0.32110866462684234,0.5937910690302264
2025_R19_melbourne_v_north_melbourne_2025-07-13,2025,12430,11820,11966,12430,11820,11966,True,True,True,True,1.0,0.4465608344709563,0.4121392055322223
2025_R19_port_adelaide_v_west_coast_2025-07-13,2025,12698,12956,13111,12698,12956,13139,True,True,False,False,0.6666666666666666,0.4646906369045825,0.7382817143177328
2025_R19_richmond_v_essendon_2025-07-12,2025,12504,12925,12241,12504,12440,12241,True,False,True,False,0.6666666666666666,0.4250865208447917,0.6950208131472164
2025_R19_st_kilda_v_sydney_2025-07-13,2025,12967,12368,12862,12217,12967,12368,False,False,False,False,0.6666666666666666,0.41643929911046107,0.23681095418367862
2025_R19_western_bulldogs_v_adelaide_2025-07-12,2025,12892,12269,12516,12269,12892,12516,False,False,True,False,1.0,0.44136754716152005,0.31826100654112466
2025_R1_brisbane_lions_v_geelong_2025-03-29,2025,12076,12518,12819,13040,12518,12076,False,True,False,False,0.6666666666666666,0.2999451683789073,0.15684968327663487
2025_R1_gold_coast_v_essendon_2025-08-27,2025,12767,12728,12768,12767,12768,12728,True,False,False,False,1.0,0.446197924406372,0.7941523070580048
2025_R20_adelaide_v_gold_coast_2025-07-20,2025,12367,12768,12952,12367,12952,12934,True,False,False,False,0.6666666666666666,0.4119658360415428,0.8890859148316591
2025_R20_brisbane_lions_v_western_bulldogs_2025-07-18,2025,13040,12518,12269,13040,12408,12354,True,False,False,False,0.3333333333333333,0.4092755253056784,0.41192552091106116
2025_R20_carlton_v_melbourne_2025-07-19,2025,12771,12261,11966,12771,12261,11966,True,True,True,True,1.0,0.4515748671340975,0.618515090501825
2025_R20_collingwood_v_fremantle_2025-07-20,2025,13129,12786,12943,12943,12786,13129,False,True,False,False,1.0,0.43124223413595386,0.04790525109894438
2025_R20_essendon_v_greater_western_sydney_2025-07-17,2025,12969,12770,12782,12770,12969,12782,False,False,True,False,1.0,0.4729529165478214,0.18254546313574233
2025_R20_geelong_v_st_kilda_2025-07-20,2025,12881,12017,13104,12950,12881,13104,False,False,True,False,0.6666666666666666,0.4193162638215371,0.2375756953962312
2025_R20_hawthorn_v_port_adelaide_2025-07-19,2025,12955,12237,11845,12710,12237,12469,False,True,False,False,0.3333333333333333,0.36762669269557363,0.03831973651781756
2025_R20_sydney_v_north_melbourne_2025-07-19,2025,12326,12797,12699,12326,12217,12797,True,False,False,False,0.6666666666666666,0.4407412751534643,0.9969040043543012
2025_R20_west_coast_v_richmond_2025-07-19,2025,12504,12440,13111,12504,12440,12374,True,True,False,False,0.6666666666666666,0.4489563967779464,0.5281049917564883
2025_R21_adelaide_v_port_adelaide_2025-07-26,2025,12952,12892,12434,12952,12934,12892,True,False,False,False,0.6666666666666666,0.42314380551698194,0.7830307209969299
2025_R21_essendon_v_western_bulldogs_2025-07-25,2025,12594,12269,13021,12269,13021,12594,False,False,False,False,1.0,0.4662851268966194,0.20593442055521946
2025_R21_fremantle_v_west_coast_2025-07-26,2025,12777,12589,12779,12589,12777,12779,False,False,True,False,1.0,0.43668956758383654,0.25298764384460193
2025_R21_gold_coast_v_brisbane_lions_2025-07-26,2025,12768,12767,12521,12768,12767,12481,True,True,False,False,0.6666666666666666,0.40213020351839845,0.8321411689274882
2025_R21_greater_western_sydney_v_sydney_2025-07-25,2025,12969,12782,12770,12969,12217,12462,True,False,False,False,0.3333333333333333,0.31684346414792797,0.22872488123135687
2025_R21_hawthorn_v_carlton_2025-07-24,2025,12332,12237,12955,12710,12332,11845,False,False,False,False,0.3333333333333333,0.39059831342528023,0.13829231151798244
2025_R21_north_melbourne_v_geelong_2025-07-26,2025,12017,12692,12881,12017,12692,12881,True,True,True,True,1.0,0.44170942752338027,0.9193463106877744
2025_R21_richmond_v_collingwood_2025-07-27,2025,12943,12573,12440,12943,12573,12196,True,True,False,False,0.6666666666666666,0.4393026331792707,0.9942659583858869
2025_R21_st_kilda_v_melbourne_2025-07-27,2025,12147,12950,12430,12950,11966,12325,False,False,False,False,0.3333333333333333,0.4119658360415428,0.0022611526540676505
2025_R22_adelaide_v_hawthorn_2025-08-01,2025,12892,12516,12809,12516,12473,12892,False,False,False,False,0.6666666666666666,0.4184466326992107,0.10419653727381542
2025_R22_collingwood_v_brisbane_lions_2025-08-02,2025,13137,12055,12518,13137,12518,12055,True,False,False,False,1.0,0.44136754716152005,0.2871922733420375
2025_R22_fremantle_v_carlton_2025-08-03,2025,12779,12411,12786,12261,12779,12411,False,False,False,False,0.6666666666666666,0.3916239545108608,0.20507198722304887
2025_R22_geelong_v_port_adelaide_2025-08-03,2025,12881,12689,12017,12881,12692,12689,True,False,False,False,0.6666666666666666,0.43614300495095876,0.8067003271566972
2025_R22_gold_coast_v_richmond_2025-08-02,2025,12767,12444,12768,12767,12768,13019,True,False,False,False,0.6666666666666666,0.4157134789812925,0.8300399859475653
2025_R22_melbourne_v_west_coast_2025-08-02,2025,11966,12147,12272,11966,12598,12147,True,False,False,False,0.6666666666666666,0.4329369096102063,0.3716962922522011
2025_R22_st_kilda_v_north_melbourne_2025-08-03,2025,12950,13034,13107,12950,12564,13107,True,False,True,False,0.6666666666666666,0.4357572083963802,0.4359756486647963
2025_R22_sydney_v_essendon_2025-08-02,2025,12217,12862,12699,12217,12326,12862,True,False,False,False,0.6666666666666666,0.45542686881973904,0.9150072854908854
2025_R22_western_bulldogs_v_greater_western_sydney_2025-07-31,2025,12537,12269,12594,12594,13021,12537,False,False,False,False,0.6666666666666666,0.4175326611680147,0.09731554376992017
2025_R23_brisbane_lions_v_sydney_2025-08-09,2025,12326,12797,12408,12326,12408,12797,True,False,False,False,1.0,0.46169046623556514,0.8114056750968538
2025_R23_carlton_v_gold_coast_2025-08-09,2025,12728,12768,12481,12768,12728,12177,False,False,False,False,0.6666666666666666,0.43614300495095876,0.10031993751165828
2025_R23_geelong_v_essendon_2025-08-08,2025,12153,12692,12241,12692,12881,12153,False,False,False,False,0.6666666666666666,0.42032534621324147,0.08205695653896047
2025_R23_greater_western_sydney_v_north_melbourne_2025-08-10,2025,12025,12910,12969,12969,12770,12025,False,False,False,False,0.6666666666666666,0.4146247487875397,0.169868773625731
2025_R23_hawthorn_v_collingwood_2025-08-07,2025,12915,12856,11845,12915,12856,12237,True,True,False,False,0.6666666666666666,0.39001243432280264,0.34581952266537497
2025_R23_melbourne_v_western_bulldogs_2025-08-10,2025,12269,12605,12594,12605,12269,12594,False,False,True,False,1.0,0.43668956758383654,0.27173166675207083
2025_R23_port_adelaide_v_fremantle_2025-08-09,2025,12786,12779,12698,12786,12698,12433,True,False,False,False,0.6666666666666666,0.40047125626875274,0.3952365226716121
2025_R23_richmond_v_st_kilda_2025-08-09,2025,12325,12950,12703,12950,12325,12967,False,False,False,False,0.6666666666666666,0.4485456406967223,0.1251591556253796
2025_R23_west_coast_v_adelaide_2025-08-10,2025,12798,12516,12892,12516,12798,12892,False,False,True,False,1.0,0.46169046623556514,0.11918447076702605
2025_R24_adelaide_v_collingwood_2025-08-16,2025,12943,12516,12912,12660,12943,12912,False,False,True,False,0.6666666666666666,0.4046154082615484,0.27222276575249527
2025_R24_carlton_v_port_adelaide_2025-08-16,2025,12566,12261,12684,12566,12411,12261,True,False,False,False,0.6666666666666666,0.44548311590281753,0.9343345790840678
2025_R24_essendon_v_st_kilda_2025-08-15,2025,12491,12950,12967,12491,12437,12564,True,False,False,False,0.3333333333333333,0.39258346910904385,0.40493076043073367
2025_R24_fremantle_v_brisbane_lions_2025-08-15,2025,12518,13072,12340,12610,13072,12518,False,True,False,False,0.6666666666666666,0.39128207414900057,0.22449634293092535
2025_R24_gold_coast_v_greater_western_sydney_2025-08-16,2025,12969,12767,12782,12770,12969,12767,False,False,False,False,0.6666666666666666,0.4089530071612295,0.19617045960268728
2025_R24_hawthorn_v_melbourne_2025-08-16,2025,11845,12710,12237,11845,12710,12954,True,True,False,False,0.6666666666666666,0.4153697259522128,0.691286464505684
2025_R24_north_melbourne_v_richmond_2025-08-17,2025,13034,12590,13107,13034,12590,12975,True,True,False,False,0.6666666666666666,0.43781747723192344,0.8217931715882435
2025_R24_sydney_v_geelong_2025-08-17,2025,12692,12992,13104,12692,13104,12505,True,False,False,False,0.6666666666666666,0.4154033700502079,0.5215468877969722
2025_R24_western_bulldogs_v_west_coast_2025-08-17,2025,12269,12354,12537,12269,12354,12605,True,True,False,False,0.6666666666666666,0.45402482756467094,0.8799328215762195
2025_R25_brisbane_lions_v_hawthorn_2025-08-24,2025,12518,13026,12592,12518,12408,13040,True,False,False,False,0.3333333333333333,0.39829062156713474,0.5807421061439374
2025_R25_collingwood_v_melbourne_2025-08-22,2025,11966,12430,12318,12430,12943,12318,False,False,True,False,0.6666666666666666,0.4106778746840451,0.07638393351119013
2025_R25_essendon_v_carlton_2025-08-21,2025,12261,12684,12566,12411,12261,12873,False,False,False,False,0.3333333333333333,0.4225260516305944,0.041546463536602254
2025_R25_greater_western_sydney_v_st_kilda_2025-08-24,2025,12025,12770,12782,12770,13110,12143,False,False,False,False,0.3333333333333333,0.4041277453771408,0.061435440126080786
2025_R25_north_melbourne_v_adelaide_2025-08-23,2025,12590,13034,12892,12788,12590,12892,False,False,True,False,0.6666666666666666,0.38241391161964144,0.185873527803595
2025_R25_port_adelaide_v_gold_coast_2025-08-22,2025,12697,12698,12768,12698,12697,12766,False,False,False,False,0.6666666666666666,0.4251325440669483,0.3454134145238676
2025_R25_richmond_v_geelong_2025-08-23,2025,12692,12017,12690,12692,12017,12690,True,True,True,True,1.0,0.4465608344709563,0.6123272820803443
2025_R25_west_coast_v_sydney_2025-08-23,2025,12862,12797,12699,12862,12412,12326,True,False,False,False,0.3333333333333333,0.3946708824271766,0.7014610535782605
2025_R25_western_bulldogs_v_fremantle_2025-08-24,2025,12269,12786,12542,12269,12786,12535,True,True,False,False,0.6666666666666666,0.3692832753940124,0.9110089413341091
2025_R3_brisbane_lions_v_west_coast_2025-03-23,2025,12340,12076,12617,12055,12408,12076,False,False,False,False,0.3333333333333333,0.34253064922531035,0.007889056481709874
2025_R3_carlton_v_hawthorn_2025-03-20,2025,12915,12261,12955,12915,12411,12261,True,False,False,False,0.6666666666666666,0.41732817852369036,0.7415477653115751
2025_R3_essendon_v_adelaide_2025-03-22,2025,12434,12516,12241,12241,12516,12258,False,True,False,False,0.6666666666666666,0.4464918602906017,0.12645336462846865
2025_R3_fremantle_v_sydney_2025-03-23,2025,12797,12352,12589,12797,12141,12887,True,False,False,False,0.3333333333333333,0.15277681277646385,0.475622987238326
2025_R3_north_melbourne_v_melbourne_2025-03-23,2025,12866,12502,12938,12866,12373,12788,True,False,False,False,0.3333333333333333,0.3489516215890081,0.20480572128171398
2025_R3_port_adelaide_v_richmond_2025-03-22,2025,12697,12494,12956,12697,12150,13007,True,False,False,False,0.3333333333333333,0.28509291120997815,0.8327601554207756
2025_R3_st_kilda_v_geelong_2025-03-22,2025,12166,12564,12325,12166,12564,12967,True,True,False,False,0.6666666666666666,0.4592662840431831,0.5861089696203502
2025_R3_western_bulldogs_v_collingwood_2025-03-21,2025,12943,13021,11898,12943,11898,13021,True,False,False,False,1.0,0.45635000623998023,0.5892411858559441
2025_R4_adelaide_v_north_melbourne_2025-03-30,2025,12165,12892,11713,12798,12952,12165,False,False,False,False,0.3333333333333333,0.38830423218322857,0.13280478321407044
2025_R4_carlton_v_western_bulldogs_2025-03-28,2025,12674,11898,12937,11898,12674,12937,False,False,True,False,1.0,0.446197924406372,0.20263696564162426
2025_R4_essendon_v_port_adelaide_2025-03-27,2025,12241,12150,12022,12241,12150,12925,True,True,False,False,0.6666666666666666,0.4559276130405414,0.3284383616535921
2025_R4_hawthorn_v_greater_western_sydney_2025-03-29,2025,13031,12856,12794,13031,12794,12856,True,False,False,False,1.0,0.44136754716152005,0.18464119891366687
2025_R4_melbourne_v_gold_coast_2025-03-29,2025,12768,12331,12767,12768,12767,12331,True,False,False,False,1.0,0.4850715929857121,0.6674248951337098
2025_R4_st_kilda_v_richmond_2025-03-29,2025,12325,12950,12609,12325,12166,12948,True,False,False,False,0.3333333333333333,0.3284685934076639,0.5830197275609845
2025_R4_west_coast_v_fremantle_2025-03-30,2025,12589,12786,12779,12786,12589,12960,False,False,False,False,0.6666666666666666,0.4641898926837802,0.18896139734508532
2025_R5_collingwood_v_carlton_2025-04-03,2025,12700,12943,12411,12411,12660,12573,False,False,False,False,0.3333333333333333,0.3979308858166628,0.04703941865633324
2025_R5_fremantle_v_western_bulldogs_2025-04-06,2025,12589,12786,13021,12786,13021,12589,False,False,False,False,1.0,0.450417477470362,0.043523503308577266
2025_R5_geelong_v_melbourne_2025-04-04,2025,11700,12689,12551,12551,11700,12692,False,False,False,False,0.6666666666666666,0.41810583493533865,0.2399182546599884
2025_R5_gold_coast_v_adelaide_2025-04-05,2025,12768,12798,12331,12892,12516,12403,False,False,False,False,0.0,0.26837199276007495,0.022545547540710757
2025_R5_greater_western_sydney_v_west_coast_2025-04-06,2025,12321,12255,12770,12321,12770,12143,True,False,False,False,0.6666666666666666,0.44054936976735287,0.7040619742572747
2025_R5_north_melbourne_v_sydney_2025-04-05,2025,12509,12326,12714,12509,12217,12268,True,False,False,False,0.3333333333333333,0.3922720575690199,0.31136046076461416
2025_R5_port_adelaide_v_st_kilda_2025-04-06,2025,12956,12166,12950,12956,12166,12950,True,True,True,True,1.0,0.4734536607686237,0.45664690653229784
2025_R5_richmond_v_brisbane_lions_2025-04-05,2025,12055,12518,12504,12055,12518,12408,True,True,False,False,0.6666666666666666,0.4429275636534185,0.527413003315927
2025_R6_adelaide_v_geelong_2025-04-10,2025,12692,11700,12017,12881,12692,11700,False,False,False,False,0.6666666666666666,0.42369750040214665,0.36116370211823906
2025_R6_carlton_v_west_coast_2025-04-12,2025,12411,12261,12684,12684,12411,12261,False,False,False,False,1.0,0.4902444336515392,0.34332179636312515
2025_R6_collingwood_v_sydney_2025-04-11,2025,12943,12372,12326,12943,12326,13023,True,False,False,False,0.6666666666666666,0.3547445881311336,0.6650459624657816
2025_R6_melbourne_v_essendon_2025-04-12,2025,12241,12437,12771,12241,13017,12022,True,False,False,False,0.3333333333333333,0.27004949946321244,0.4084089359292431
2025_R6_north_melbourne_v_gold_coast_2025-04-12,2025,12768,12502,12743,12768,12743,12767,True,False,False,False,0.6666666666666666,0.38241391161964144,0.35906768226989033
2025_R6_port_adelaide_v_hawthorn_2025-04-13,2025,12697,11845,12956,12698,12697,12956,False,False,True,False,0.6666666666666666,0.4193162638215371,0.20338118659526663
2025_R6_richmond_v_fremantle_2025-04-13,2025,12887,12589,12141,12887,12589,12786,True,True,False,False,0.6666666666666666,0.4246735792119443,0.3365180940027636
2025_R6_st_kilda_v_greater_western_sydney_2025-04-13,2025,12025,12770,12950,12025,12782,12770,True,False,False,False,0.6666666666666666,0.4251325440669483,0.5185143508013049
2025_R6_western_bulldogs_v_brisbane_lions_2025-04-12,2025,12076,12605,13040,12518,12454,13040,False,False,True,False,0.3333333333333333,0.28239144413658784,0.007033736167933643
2025_R7_adelaide_v_greater_western_sydney_2025-04-19,2025,12473,12516,12143,12516,12798,12770,False,False,False,False,0.3333333333333333,0.39282709993878356,0.03626053794232752
2025_R7_brisbane_lions_v_collingwood_2025-04-17,2025,12943,11751,12291,12943,12573,11751,True,False,False,False,0.6666666666666666,0.39852784087955806,0.9601233520779718
2025_R7_geelong_v_hawthorn_2025-04-21,2025,12915,12690,12692,12692,12915,12357,False,False,False,False,0.6666666666666666,0.42185373293918627,0.15892265274105644
2025_R7_melbourne_v_fremantle_2025-04-19,2025,12771,11966,12589,12771,11966,12589,True,True,True,True,1.0,0.4621285027310447,0.7665787602601336
2025_R7_north_melbourne_v_carlton_2025-04-18,2025,12411,12603,12402,12411,12603,12421,True,True,False,False,0.6666666666666666,0.3567807255681857,0.8917504533297304
2025_R7_richmond_v_gold_coast_2025-04-19,2025,12174,12504,12331,12504,12331,12767,False,False,False,False,0.6666666666666666,0.4518346450872726,0.07084195574577833
2025_R7_sydney_v_port_adelaide_2025-04-20,2025,12698,12956,12433,12698,12697,12217,True,False,False,False,0.3333333333333333,0.32984148109618644,0.3581468531498751
2025_R8_carlton_v_geelong_2025-04-27,2025,12566,12261,12692,12411,12674,12261,False,False,False,False,0.3333333333333333,0.4037360943663673,0.09022415565535175
2025_R8_collingwood_v_essendon_2025-04-25,2025,11751,4182,12943,12943,11751,12083,False,False,False,False,0.6666666666666666,0.425982930877811,0.2962106879874153
2025_R8_fremantle_v_adelaide_2025-04-25,2025,12589,12786,12887,12589,12786,13047,True,True,False,False,0.6666666666666666,0.4175280293042139,0.8454398931282249
2025_R8_gold_coast_v_sydney_2025-04-27,2025,12768,13049,12177,13049,12743,12728,False,False,False,False,0.3333333333333333,0.3910355945895615,0.015142302879856323
2025_R8_greater_western_sydney_v_western_bulldogs_2025-04-26,2025,13140,12537,12605,12537,12455,12379,False,False,False,False,0.3333333333333333,0.4070036374312698,0.06340991900436302
2025_R8_hawthorn_v_west_coast_2025-04-27,2025,12558,12619,12332,12856,12558,12485,False,False,False,False,0.3333333333333333,0.36926971702047007,0.23614506284650624
2025_R8_melbourne_v_richmond_2025-04-24,2025,12931,11966,12430,11966,12931,12430,False,False,True,False,1.0,0.4672209726104109,0.16936442613622854
2025_R8_port_adelaide_v_north_melbourne_2025-04-26,2025,12698,13034,12956,12698,12788,12956,True,False,True,False,0.6666666666666666,0.43211539744775807,0.19215550923737196
2025_R8_st_kilda_v_brisbane_lions_2025-04-26,2025,12076,12055,13040,12055,13040,12076,False,False,False,False,1.0,0.46081439324460577,0.049891409057554854
2025_R9_adelaide_v_carlton_2025-05-03,2025,12798,12516,12405,12798,12516,13027,True,True,False,False,0.6666666666666666,0.4440518343198173,0.6512474112692912
2025_R9_brisbane_lions_v_gold_coast_2025-05-04,2025,13040,12518,12055,13040,12518,12331,True,True,False,False,0.6666666666666666,0.4320444318875851,0.4215036582797744
2025_R9_collingwood_v_geelong_2025-05-03,2025,11700,12692,11751,12692,11700,12660,False,False,False,False,0.6666666666666666,0.3993162626527153,0.11918383828150014
2025_R9_essendon_v_north_melbourne_2025-05-01,2025,12241,12788,12590,12241,12788,13034,True,True,False,False,0.6666666666666666,0.43652880150553713,0.47237663597537016
2025_R9_hawthorn_v_richmond_2025-05-04,2025,12998,12332,13057,12998,12558,12752,True,False,False,False,0.3333333333333333,0.392682813650244,0.4006094746821132
2025_R9_st_kilda_v_fremantle_2025-05-02,2025,12166,12929,12950,12166,12929,12948,True,True,False,False,0.6666666666666666,0.4459211523982972,0.9306170664675903
2025_R9_sydney_v_greater_western_sydney_2025-05-04,2025,12797,12770,12714,12770,12797,12969,False,False,False,False,0.6666666666666666,0.4171651192396296,0.13799909304341554
2025_R9_west_coast_v_melbourne_2025-05-03,2025,11966,12430,13070,11966,12430,12996,True,True,False,False,0.6666666666666666,0.4099345690616564,0.9877947443711547
2025_R9_western_bulldogs_v_port_adelaide_2025-05-03,2025,12269,12537,12379,12537,12605,12269,False,False,False,False,0.6666666666666666,0.39023321495612096,0.06684669337157216
