market_type,market_name,selection,player,team,opponent_or_pair,line,odds,implied_probability,model_probability,probability_edge_pp,expected_value,model_disagreement,structural_break_sensitivity,simulation_uncertainty,confidence_tier,audit_status,audit_notes,quality_label,source_url,timestamp
TOP_N,Top 10 Finish (Includes Ineligible),Zak Butters,Zak Butters,,,10.0,4.75,0.21052631578947367,0.81155,60.10236842105263,2.8548625,6.428976510436936,4.498847565358734,13.0,HIGH,VERIFIED_BUT_MODEL_SENSITIVE,confidence tier HIGH: elevated structural-break sensitivity and/or model disagreement for this player,MODEL-SENSITIVE VALUE,https://www.sportsbet.com.au/betting/australian-rules/afl-brownlow-medal/top-10-finish-includes-ineligible--10804256,2026-09-17T04:16:34.686425+00:00
PICK_YOUR_OWN_VOTES,To poll 10 or more votes,Hugo Garcia,Hugo Garcia,,,10.0,8.75,0.11428571428571428,0.65563,54.13442857142857,4.7367625,2.998778291239515,2.998778291239515,12.0,HIGH,VERIFIED_BUT_MODEL_SENSITIVE,confidence tier HIGH: elevated structural-break sensitivity and/or model disagreement for this player,MODEL-SENSITIVE VALUE,https://www.sportsbet.com.au/betting/australian-rules/afl-brownlow-pick-your-own-vote/to-poll-10-or-more-votes-10865473,2026-09-17T04:16:34.686425+00:00
TOP_N,Top 10 Finish (Includes Ineligible),Harry Sheezel,Harry Sheezel,,,10.0,2.5,0.4,0.89792,49.792,1.2448000000000001,3.295562707918688,2.261067858862265,15.0,HIGH,VERIFIED_BUT_MODEL_SENSITIVE,confidence tier HIGH: elevated structural-break sensitivity and/or model disagreement for this player,MODEL-SENSITIVE VALUE,https://www.sportsbet.com.au/betting/australian-rules/afl-brownlow-medal/top-10-finish-includes-ineligible--10804256,2026-09-17T04:16:34.686425+00:00
GROUP_H2H,Brownlow Group - Group B,Harry Sheezel,Harry Sheezel,,Group B,,4.0,0.25,0.7329241666666666,48.29241666666666,1.9316966666666664,3.295562707918688,2.261067858862265,15.0,HIGH,VERIFIED_BUT_MODEL_SENSITIVE,confidence tier HIGH: elevated structural-break sensitivity and/or model disagreement for this player,MODEL-SENSITIVE VALUE,https://www.sportsbet.com.au/betting/australian-rules/afl-brownlow-medal/brownlow-group-group-b-10915096,2026-09-17T04:16:34.686425+00:00
PICK_YOUR_OWN_VOTES,To Poll a Vote,Mabior Chol,Mabior Chol,,,1.0,4.0,0.25,0.72645,47.645,1.9058000000000002,0.1252168344135031,0.1252168344135031,4.0,MEDIUM,VERIFIED_BUT_MODEL_SENSITIVE,confidence tier MEDIUM: elevated structural-break sensitivity and/or model disagreement for this player,MODEL-SENSITIVE VALUE,https://www.sportsbet.com.au/betting/australian-rules/afl-brownlow-pick-your-own-vote/to-poll-a-vote-10868936,2026-09-17T04:16:34.686425+00:00
PLAYER_H2H,AFL Brownlow H2H's,Max Hall to outpoll Murphy Reid,Max Hall,,Murphy Reid,,2.46,0.4065040650406504,0.86952,46.30159349593496,1.1390192,1.5980022838115655,1.584897362457781,12.0,HIGH,SETTLEMENT_UNCERTAIN,non-trivial tie probability between the two players (0.045),REVIEW REQUIRED,https://www.sportsbet.com.au/betting/australian-rules/afl-brownlow-h2hs/murphy-reid-v-max-hall-10911800,2026-09-17T04:16:34.686425+00:00
PICK_YOUR_OWN_VOTES,To Poll a Vote,Will Hayward,Will Hayward,,,1.0,6.0,0.16666666666666666,0.60519,43.852333333333334,2.6311400000000003,0.2187155957174336,0.2047063876651971,5.0,MEDIUM,VERIFIED_BUT_MODEL_SENSITIVE,confidence tier MEDIUM: elevated structural-break sensitivity and/or model disagreement for this player,MODEL-SENSITIVE VALUE,https://www.sportsbet.com.au/betting/australian-rules/afl-brownlow-pick-your-own-vote/to-poll-a-vote-10868936,2026-09-17T04:16:34.686425+00:00
PICK_YOUR_OWN_VOTES,To Poll a Vote,Marcus Windhager,Marcus Windhager,,,1.0,4.25,0.23529411764705882,0.67327,43.79758823529412,1.8613975000000003,0.504590784735589,0.504590784735589,6.0,HIGH,VERIFIED_BUT_MODEL_SENSITIVE,confidence tier HIGH: elevated structural-break sensitivity and/or model disagreement for this player,MODEL-SENSITIVE VALUE,https://www.sportsbet.com.au/betting/australian-rules/afl-brownlow-pick-your-own-vote/to-poll-a-vote-10868936,2026-09-17T04:16:34.686425+00:00
PICK_YOUR_OWN_VOTES,To Poll a Vote,Jordon Sweet,Jordon Sweet,,,1.0,2.2,0.45454545454545453,0.88728,43.27345454545454,0.952016,1.3720861614723754,0.8202596204522381,8.0,HIGH,VERIFIED_BUT_MODEL_SENSITIVE,confidence tier HIGH: elevated structural-break sensitivity and/or model disagreement for this player,MODEL-SENSITIVE VALUE,https://www.sportsbet.com.au/betting/australian-rules/afl-brownlow-pick-your-own-vote/to-poll-a-vote-10868936,2026-09-17T04:16:34.686425+00:00
TOP_N,Top 5 Finish (Includes Ineligible),Harry Sheezel,Harry Sheezel,,,5.0,10.0,0.1,0.52591,42.591,4.2591,3.295562707918688,2.261067858862265,15.0,HIGH,VERIFIED_BUT_MODEL_SENSITIVE,confidence tier HIGH: elevated structural-break sensitivity and/or model disagreement for this player,MODEL-SENSITIVE VALUE,https://www.sportsbet.com.au/betting/australian-rules/afl-brownlow-medal/top-5-finish-includes-ineligible--10804245,2026-09-17T04:16:34.686425+00:00
PICK_YOUR_OWN_VOTES,To poll 25 or more votes,Harry Sheezel,Harry Sheezel,,,25.0,6.25,0.16,0.57561,41.56099999999999,2.5975624999999996,3.295562707918688,2.261067858862265,15.0,HIGH,VERIFIED_BUT_MODEL_SENSITIVE,confidence tier HIGH: elevated structural-break sensitivity and/or model disagreement for this player,MODEL-SENSITIVE VALUE,https://www.sportsbet.com.au/betting/australian-rules/afl-brownlow-pick-your-own-vote/to-poll-25-or-more-votes-10865487,2026-09-17T04:16:34.686425+00:00
PLAYER_VOTES_OU,Zak Butters Votes O/U,Over,Zak Butters,,,18.5,1.87,0.53475935828877,0.93183,39.70706417112301,0.7425221000000002,6.428976510436936,4.498847565358734,13.0,HIGH,VERIFIED_BUT_MODEL_SENSITIVE,confidence tier HIGH: elevated structural-break sensitivity and/or model disagreement for this player,MODEL-SENSITIVE VALUE,https://www.sportsbet.com.au/betting/australian-rules/afl-brownlow-player-votes-o-u/zak-butters-votes-o-u-10911175,2026-09-17T04:16:34.686425+00:00
PICK_YOUR_OWN_VOTES,To poll 20 or more votes,Zak Butters,Zak Butters,,,20.0,1.99,0.5025125628140703,0.88181,37.92974371859297,0.7548018999999999,6.428976510436936,4.498847565358734,13.0,HIGH,VERIFIED_BUT_MODEL_SENSITIVE,confidence tier HIGH: elevated structural-break sensitivity and/or model disagreement for this player,MODEL-SENSITIVE VALUE,https://www.sportsbet.com.au/betting/australian-rules/afl-brownlow-pick-your-own-vote/to-poll-20-or-more-votes-10865485,2026-09-17T04:16:34.686425+00:00
PLAYER_VOTES_OU,Luke Jackson Votes O/U,Under,Luke Jackson,,,17.5,1.87,0.53475935828877,0.90018,36.542064171123,0.6833366000000001,1.907590918545143,1.3768516536469768,14.0,HIGH,VERIFIED_BUT_MODEL_SENSITIVE,confidence tier HIGH: elevated structural-break sensitivity and/or model disagreement for this player,MODEL-SENSITIVE VALUE,https://www.sportsbet.com.au/betting/australian-rules/afl-brownlow-player-votes-o-u/luke-jackson-votes-o-u-10911200,2026-09-17T04:16:34.686425+00:00
PLAYER_VOTES_OU,Marcus Bontempelli Votes O/U,Under,Marcus Bontempelli,,,30.5,1.87,0.53475935828877,0.8928,35.80406417112301,0.6695360000000001,1.5780527912117996,1.5780527912117996,13.0,HIGH,VERIFIED_BUT_MODEL_SENSITIVE,confidence tier HIGH: elevated structural-break sensitivity and/or model disagreement for this player,MODEL-SENSITIVE VALUE,https://www.sportsbet.com.au/betting/australian-rules/afl-brownlow-player-votes-o-u/marcus-bontempelli-votes-o-u-10911135,2026-09-17T04:16:34.686425+00:00
PLAYER_VOTES_OU,Nick Daicos Votes O/U,Over,Nick Daicos,,,43.5,1.87,0.53475935828877,0.87644,34.168064171123,0.6389428000000001,0.9232905686771886,0.2331800353149589,12.0,HIGH,VERIFIED_BUT_MODEL_SENSITIVE,confidence tier HIGH: elevated structural-break sensitivity and/or model disagreement for this player,MODEL-SENSITIVE VALUE,https://www.sportsbet.com.au/betting/australian-rules/afl-brownlow-player-votes-o-u/nick-daicos-votes-o-u-10911131,2026-09-17T04:16:34.686425+00:00
TEAM_TOP_POLLER,Gold Coast SUNS Most Votes,Noah Anderson,Noah Anderson,Gold Coast SUNS,,,6.0,0.16666666666666666,0.503199,33.65323333333333,2.0191939999999997,0.6012730846110834,0.5326948944087739,14.0,HIGH,VERIFIED_BUT_MODEL_SENSITIVE,confidence tier HIGH: elevated structural-break sensitivity and/or model disagreement for this player,MODEL-SENSITIVE VALUE,https://www.sportsbet.com.au/betting/australian-rules/afl-brownlow-teams/gold-coast-suns-most-votes-10819441,2026-09-17T04:16:34.686425+00:00
TOP_N,Top 20 Finish (Includes Ineligible),Shai Bolton,Shai Bolton,,,20.0,12.0,0.08333333333333333,0.41887,33.55366666666667,4.02644,0.9293998610991724,0.3206460777763489,13.0,HIGH,VERIFIED_BUT_MODEL_SENSITIVE,confidence tier HIGH: elevated structural-break sensitivity and/or model disagreement for this player,MODEL-SENSITIVE VALUE,https://www.sportsbet.com.au/betting/australian-rules/afl-brownlow-medal/top-20-finish-includes-ineligible--10804257,2026-09-17T04:16:34.686425+00:00
EXACTA,Brownlow Medal Exacta,Nick Daicos/Bailey Smith,Nick Daicos,,Nick Daicos/Bailey Smith,,1.73,0.5780346820809249,0.91271,33.46753179190751,0.5789883,0.9232905686771886,0.2331800353149589,12.0,HIGH,VERIFIED_BUT_MODEL_SENSITIVE,confidence tier HIGH: elevated structural-break sensitivity and/or model disagreement for this player,MODEL-SENSITIVE VALUE,https://www.sportsbet.com.au/betting/australian-rules/afl-brownlow-medal/brownlow-medal-exacta-10861171,2026-09-17T04:16:34.686425+00:00
QUINELLA,Brownlow Medal Quinella,Bailey Smith/Nick Daicos,Bailey Smith,,Bailey Smith/Nick Daicos,,1.67,0.5988023952095809,0.92567,32.68676047904191,0.5458688999999999,0.581983245516696,0.2682935583187955,15.0,HIGH,VERIFIED_BUT_MODEL_SENSITIVE,confidence tier HIGH: elevated structural-break sensitivity and/or model disagreement for this player,MODEL-SENSITIVE VALUE,https://www.sportsbet.com.au/betting/australian-rules/afl-brownlow-medal/brownlow-medal-quinella-10861170,2026-09-17T04:16:34.686425+00:00
PICK_YOUR_OWN_VOTES,To poll 25 or more votes,Zak Butters,Zak Butters,,,25.0,16.0,0.0625,0.38661,32.411,5.18576,6.428976510436936,4.498847565358734,13.0,HIGH,VERIFIED_BUT_MODEL_SENSITIVE,confidence tier HIGH: elevated structural-break sensitivity and/or model disagreement for this player,SPECULATIVE UPSIDE,https://www.sportsbet.com.au/betting/australian-rules/afl-brownlow-pick-your-own-vote/to-poll-25-or-more-votes-10865487,2026-09-17T04:16:34.686425+00:00
TEAM_VOTES_OU,Western Bulldogs Team Votes O/U,Over,,Western Bulldogs,,66.5,1.87,0.53475935828877,0.85639,32.163064171123004,0.6014493000000001,,,,UNKNOWN,PRICE_SUSPECT,Over and Under both priced at 1.87 - flat/templated pricing pattern shared across most team O/U markets; held out of headline value pending a market refresh,REVIEW REQUIRED — PRICE FRESHNESS,https://www.sportsbet.com.au/betting/australian-rules/afl-brownlow-team-votes-o-u/western-bulldogs-team-votes-o-u-10911283,2026-09-17T04:16:34.686425+00:00
TEAM_VOTES_OU,Port Adelaide Team Votes O/U,Under,,Port Adelaide,,53.5,1.87,0.53475935828877,0.85633,32.157064171123004,0.6013371000000001,,,,UNKNOWN,PRICE_SUSPECT,Over and Under both priced at 1.87 - flat/templated pricing pattern shared across most team O/U markets; held out of headline value pending a market refresh,REVIEW REQUIRED — PRICE FRESHNESS,https://www.sportsbet.com.au/betting/australian-rules/afl-brownlow-team-votes-o-u/port-adelaide-team-votes-o-u-10911274,2026-09-17T04:16:34.686425+00:00
PLAYER_VOTES_OU,Jai Newcombe Votes O/U,Under,Jai Newcombe,,,22.5,1.87,0.53475935828877,0.85225,31.749064171123,0.5937075,0.1835185378956296,0.1057104600025269,14.0,MEDIUM,VERIFIED_BUT_MODEL_SENSITIVE,confidence tier MEDIUM: elevated structural-break sensitivity and/or model disagreement for this player,MODEL-SENSITIVE VALUE,https://www.sportsbet.com.au/betting/australian-rules/afl-brownlow-player-votes-o-u/jai-newcombe-votes-o-u-10911153,2026-09-17T04:16:34.686425+00:00
TEAM_VOTES_OU,Brisbane Lions Team Votes O/U,Over,,Brisbane Lions,,87.5,1.87,0.53475935828877,0.85077,31.601064171123006,0.5909399000000002,,,,UNKNOWN,PRICE_SUSPECT,Over and Under both priced at 1.87 - flat/templated pricing pattern shared across most team O/U markets; held out of headline value pending a market refresh,REVIEW REQUIRED — PRICE FRESHNESS,https://www.sportsbet.com.au/betting/australian-rules/afl-brownlow-team-votes-o-u/brisbane-lions-team-votes-o-u-10911241,2026-09-17T04:16:34.686425+00:00
TEAM_VOTES_OU,St Kilda Team Votes O/U,Under,,St Kilda,,70.5,1.87,0.53475935828877,0.85023,31.547064171123008,0.5899301000000001,,,,UNKNOWN,PRICE_SUSPECT,Over and Under both priced at 1.87 - flat/templated pricing pattern shared across most team O/U markets; held out of headline value pending a market refresh,REVIEW REQUIRED — PRICE FRESHNESS,https://www.sportsbet.com.au/betting/australian-rules/afl-brownlow-team-votes-o-u/st-kilda-team-votes-o-u-10911280,2026-09-17T04:16:34.686425+00:00
PICK_YOUR_OWN_VOTES,To poll 10 or more votes,Zach Merrett,Zach Merrett,,,10.0,7.25,0.13793103448275862,0.4494,31.14689655172414,2.25815,0.552517649918391,0.1188754591178664,11.0,HIGH,VERIFIED_BUT_MODEL_SENSITIVE,confidence tier HIGH: elevated structural-break sensitivity and/or model disagreement for this player,MODEL-SENSITIVE VALUE,https://www.sportsbet.com.au/betting/australian-rules/afl-brownlow-pick-your-own-vote/to-poll-10-or-more-votes-10865473,2026-09-17T04:16:34.686425+00:00
PLAYER_H2H,AFL Brownlow H2H's,Zak Butters to outpoll Kysaiah Pickett,Zak Butters,,Kysaiah Pickett,,1.87,0.53475935828877,0.83379,29.903064171123006,0.5591873,6.428976510436936,4.498847565358734,13.0,HIGH,SETTLEMENT_UNCERTAIN,non-trivial tie probability between the two players (0.053),REVIEW REQUIRED,https://www.sportsbet.com.au/betting/australian-rules/afl-brownlow-h2hs/kysaiah-pickett-v-zak-butters-10911762,2026-09-17T04:16:34.686425+00:00
TOP_N,Top 5 Finish (Includes Ineligible),Zak Butters,Zak Butters,,,5.0,34.0,0.029411764705882353,0.32683,29.741823529411764,10.11222,6.428976510436936,4.498847565358734,13.0,HIGH,VERIFIED_BUT_MODEL_SENSITIVE,confidence tier HIGH: elevated structural-break sensitivity and/or model disagreement for this player,SPECULATIVE UPSIDE,https://www.sportsbet.com.au/betting/australian-rules/afl-brownlow-medal/top-5-finish-includes-ineligible--10804245,2026-09-17T04:16:34.686425+00:00
TEAM_VOTES_OU,West Coast Eagles Team Votes O/U,Under,,West Coast Eagles,,30.5,1.87,0.53475935828877,0.8279,29.314064171123,0.548173,,,,UNKNOWN,PRICE_SUSPECT,Over and Under both priced at 1.87 - flat/templated pricing pattern shared across most team O/U markets; held out of headline value pending a market refresh,REVIEW REQUIRED — PRICE FRESHNESS,https://www.sportsbet.com.au/betting/australian-rules/afl-brownlow-team-votes-o-u/west-coast-eagles-team-votes-o-u-10911282,2026-09-17T04:16:34.686425+00:00
PICK_YOUR_OWN_VOTES,To poll 20 or more votes,Harry Sheezel,Harry Sheezel,,,20.0,1.54,0.6493506493506493,0.93915,28.97993506493507,0.446291,3.295562707918688,2.261067858862265,15.0,HIGH,VERIFIED_BUT_MODEL_SENSITIVE,confidence tier HIGH: elevated structural-break sensitivity and/or model disagreement for this player,MODEL-SENSITIVE VALUE,https://www.sportsbet.com.au/betting/australian-rules/afl-brownlow-pick-your-own-vote/to-poll-20-or-more-votes-10865485,2026-09-17T04:16:34.686425+00:00
TEAM_VOTES_OU,Geelong Cats Team Votes O/U,Over,,Geelong Cats,,87.5,1.87,0.53475935828877,0.81663,28.187064171122998,0.5270981000000001,,,,UNKNOWN,PRICE_SUSPECT,Over and Under both priced at 1.87 - flat/templated pricing pattern shared across most team O/U markets; held out of headline value pending a market refresh,REVIEW REQUIRED — PRICE FRESHNESS,https://www.sportsbet.com.au/betting/australian-rules/afl-brownlow-team-votes-o-u/geelong-cats-team-votes-o-u-10911267,2026-09-17T04:16:34.686425+00:00
PICK_YOUR_OWN_VOTES,To poll 10 or more votes,Charlie Curnow,Charlie Curnow,,,10.0,2.75,0.36363636363636365,0.64312,27.948363636363638,0.76858,1.0387589892435771,0.5821247913179057,8.0,HIGH,VERIFIED_BUT_MODEL_SENSITIVE,confidence tier HIGH: elevated structural-break sensitivity and/or model disagreement for this player,MODEL-SENSITIVE VALUE,https://www.sportsbet.com.au/betting/australian-rules/afl-brownlow-pick-your-own-vote/to-poll-10-or-more-votes-10865473,2026-09-17T04:16:34.686425+00:00
TOP_N,Top 20 Finish (Includes Ineligible),Clayton Oliver,Clayton Oliver,,,20.0,4.0,0.25,0.52796,27.796,1.11184,1.5406257026378594,0.344609362730635,16.0,HIGH,VERIFIED_BUT_MODEL_SENSITIVE,confidence tier HIGH: elevated structural-break sensitivity and/or model disagreement for this player,MODEL-SENSITIVE VALUE,https://www.sportsbet.com.au/betting/australian-rules/afl-brownlow-medal/top-20-finish-includes-ineligible--10804257,2026-09-17T04:16:34.686425+00:00
PLAYER_VOTES_OU,Max Gawn Votes O/U,Under,Max Gawn,,,22.5,1.87,0.53475935828877,0.81097,27.621064171123,0.5165139000000001,3.6638325386388537,0.7559909067700943,15.0,HIGH,VERIFIED_BUT_MODEL_SENSITIVE,confidence tier HIGH: elevated structural-break sensitivity and/or model disagreement for this player,MODEL-SENSITIVE VALUE,https://www.sportsbet.com.au/betting/australian-rules/afl-brownlow-player-votes-o-u/max-gawn-votes-o-u-10911158,2026-09-17T04:16:34.686425+00:00
TOP_N,Top 20 Finish (Includes Ineligible),Noah Anderson,Noah Anderson,,,20.0,19.0,0.05263157894736842,0.32085,26.821842105263162,5.096150000000001,0.6012730846110834,0.5326948944087739,14.0,HIGH,VERIFIED_BUT_MODEL_SENSITIVE,confidence tier HIGH: elevated structural-break sensitivity and/or model disagreement for this player,SPECULATIVE UPSIDE,https://www.sportsbet.com.au/betting/australian-rules/afl-brownlow-medal/top-20-finish-includes-ineligible--10804257,2026-09-17T04:16:34.686425+00:00
PLAYER_VOTES_OU,Jordan Dawson Votes O/U,Under,Jordan Dawson,,,23.5,1.87,0.53475935828877,0.80031,26.555064171123,0.49657970000000007,0.6454235874816163,0.6454235874816163,12.0,HIGH,VERIFIED_BUT_MODEL_SENSITIVE,confidence tier HIGH: elevated structural-break sensitivity and/or model disagreement for this player,MODEL-SENSITIVE VALUE,https://www.sportsbet.com.au/betting/australian-rules/afl-brownlow-player-votes-o-u/jordan-dawson-votes-o-u-10911145,2026-09-17T04:16:34.686425+00:00
TOP_N,Top 20 Finish (Includes Ineligible),Brodie Grundy,Brodie Grundy,,,20.0,14.0,0.07142857142857142,0.33356,26.213142857142856,3.6698400000000007,2.005547388796769,0.2885413989260588,12.0,HIGH,VERIFIED_BUT_MODEL_SENSITIVE,confidence tier HIGH: elevated structural-break sensitivity and/or model disagreement for this player,MODEL-SENSITIVE VALUE,https://www.sportsbet.com.au/betting/australian-rules/afl-brownlow-medal/top-20-finish-includes-ineligible--10804257,2026-09-17T04:16:34.686425+00:00
TEAM_TOP_POLLER,St Kilda Most Votes - Without N.Wanganeen-Milera,Hugo Garcia,Hugo Garcia,St Kilda,,,10.0,0.1,0.3575108333333333,25.751083333333323,2.5751083333333327,2.998778291239515,2.998778291239515,12.0,HIGH,VERIFIED_BUT_MODEL_SENSITIVE,confidence tier HIGH: elevated structural-break sensitivity and/or model disagreement for this player,MODEL-SENSITIVE VALUE,https://www.sportsbet.com.au/betting/australian-rules/afl-brownlow-teams/st-kilda-most-votes-without-n-wanganeen-milera-10819443,2026-09-17T04:16:34.686425+00:00
PLAYER_VOTES_OU,Bailey Smith Votes O/U,Over,Bailey Smith,,,32.5,1.87,0.53475935828877,0.79214,25.738064171123,0.4813018,0.581983245516696,0.2682935583187955,15.0,HIGH,VERIFIED_BUT_MODEL_SENSITIVE,confidence tier HIGH: elevated structural-break sensitivity and/or model disagreement for this player,MODEL-SENSITIVE VALUE,https://www.sportsbet.com.au/betting/australian-rules/afl-brownlow-player-votes-o-u/bailey-smith-votes-o-u-10911134,2026-09-17T04:16:34.686425+00:00
TEAM_VOTES_OU,Sydney Swans Team Votes O/U,Over,,Sydney Swans,,102.5,1.87,0.53475935828877,0.77948,24.472064171122998,0.4576275999999999,,,,UNKNOWN,PRICE_SUSPECT,Over and Under both priced at 1.87 - flat/templated pricing pattern shared across most team O/U markets; held out of headline value pending a market refresh,REVIEW REQUIRED — PRICE FRESHNESS,https://www.sportsbet.com.au/betting/australian-rules/afl-brownlow-team-votes-o-u/sydney-swans-team-votes-o-u-10911281,2026-09-17T04:16:34.686425+00:00
PICK_YOUR_OWN_VOTES,To Poll a Vote,Sam Draper,Sam Draper,,,1.0,4.5,0.2222222222222222,0.46034,23.81177777777778,1.07153,0.1602360760732281,0.1275899516829856,4.0,MEDIUM,VERIFIED_BUT_MODEL_SENSITIVE,confidence tier MEDIUM: elevated structural-break sensitivity and/or model disagreement for this player,MODEL-SENSITIVE VALUE,https://www.sportsbet.com.au/betting/australian-rules/afl-brownlow-pick-your-own-vote/to-poll-a-vote-10868936,2026-09-17T04:16:34.686425+00:00
PLAYER_H2H,AFL Brownlow H2H's,Lachie Neale to outpoll Jai Newcombe,Lachie Neale,,Jai Newcombe,,1.72,0.5813953488372093,0.81166,23.02646511627907,0.39605520000000016,0.639783272451762,0.4178617270819131,13.0,HIGH,SETTLEMENT_UNCERTAIN,non-trivial tie probability between the two players (0.050),REVIEW REQUIRED,https://www.sportsbet.com.au/betting/australian-rules/afl-brownlow-h2hs/lachie-neale-v-jai-newcombe-10911705,2026-09-17T04:16:34.686425+00:00
PLAYER_VOTES_OU,Harry Sheezel Votes O/U,Over,Harry Sheezel,,,22.5,1.87,0.53475935828877,0.7637,22.894064171123006,0.42811900000000014,3.295562707918688,2.261067858862265,15.0,HIGH,VERIFIED_BUT_MODEL_SENSITIVE,confidence tier HIGH: elevated structural-break sensitivity and/or model disagreement for this player,MODEL-SENSITIVE VALUE,https://www.sportsbet.com.au/betting/australian-rules/afl-brownlow-player-votes-o-u/harry-sheezel-votes-o-u-10911169,2026-09-17T04:16:34.686425+00:00
TOP_N,Top 3 Finish (Includes Ineligible),Harry Sheezel,Harry Sheezel,,,3.0,67.0,0.014925373134328358,0.2344,21.947462686567164,14.7048,3.295562707918688,2.261067858862265,15.0,HIGH,VERIFIED_BUT_MODEL_SENSITIVE,confidence tier HIGH: elevated structural-break sensitivity and/or model disagreement for this player,SPECULATIVE UPSIDE,https://www.sportsbet.com.au/betting/australian-rules/afl-brownlow-medal/top-3-finish-includes-ineligible--10804244,2026-09-17T04:16:34.686425+00:00
TEAM_VOTES_OU,North Melbourne Team Votes O/U,Under,,North Melbourne,,67.5,1.87,0.53475935828877,0.75017,21.541064171123004,0.40281790000000006,,,,UNKNOWN,PRICE_SUSPECT,Over and Under both priced at 1.87 - flat/templated pricing pattern shared across most team O/U markets; held out of headline value pending a market refresh,REVIEW REQUIRED — PRICE FRESHNESS,https://www.sportsbet.com.au/betting/australian-rules/afl-brownlow-team-votes-o-u/north-melbourne-team-votes-o-u-10911273,2026-09-17T04:16:34.686425+00:00
TOP_N,Top 20 Finish (Includes Ineligible),Caleb Serong,Caleb Serong,,,20.0,3.2,0.3125,0.52354,21.104,0.6753280000000002,0.7101854195620962,0.4478862385459248,14.0,HIGH,VERIFIED_BUT_MODEL_SENSITIVE,confidence tier HIGH: elevated structural-break sensitivity and/or model disagreement for this player,MODEL-SENSITIVE VALUE,https://www.sportsbet.com.au/betting/australian-rules/afl-brownlow-medal/top-20-finish-includes-ineligible--10804257,2026-09-17T04:16:34.686425+00:00
PICK_YOUR_OWN_VOTES,To Poll a Vote,Josh Battle,Josh Battle,,,1.0,2.95,0.3389830508474576,0.54984,21.085694915254237,0.622028,0.0742602989015022,0.0742602989015022,5.0,MEDIUM,VERIFIED_BUT_MODEL_SENSITIVE,confidence tier MEDIUM: elevated structural-break sensitivity and/or model disagreement for this player,MODEL-SENSITIVE VALUE,https://www.sportsbet.com.au/betting/australian-rules/afl-brownlow-pick-your-own-vote/to-poll-a-vote-10868936,2026-09-17T04:16:34.686425+00:00
PICK_YOUR_OWN_VOTES,To Poll a Vote,Massimo D'Ambrosio,Massimo D'Ambrosio,,,1.0,3.9,0.25641025641025644,0.4663,20.988974358974353,0.81857,0.1159535710173895,0.0938740007857283,5.0,MEDIUM,VERIFIED_BUT_MODEL_SENSITIVE,confidence tier MEDIUM: elevated structural-break sensitivity and/or model disagreement for this player,MODEL-SENSITIVE VALUE,https://www.sportsbet.com.au/betting/australian-rules/afl-brownlow-pick-your-own-vote/to-poll-a-vote-10868936,2026-09-17T04:16:34.686425+00:00
PLAYER_H2H,AFL Brownlow H2H's,Touk Miller to outpoll Jordan De Goey,Touk Miller,,Jordan De Goey,,1.6,0.625,0.83402,20.901999999999997,0.33443200000000006,0.3699715507946095,0.3699715507946095,10.0,HIGH,SETTLEMENT_UNCERTAIN,non-trivial tie probability between the two players (0.062),REVIEW REQUIRED,https://www.sportsbet.com.au/betting/australian-rules/afl-brownlow-h2hs/touk-miller-v-jordan-de-goey-10911831,2026-09-17T04:16:34.686425+00:00
PICK_YOUR_OWN_VOTES,To Poll a Vote,Bailey Williams,Bailey Williams,,,1.0,1.46,0.684931506849315,0.89062,20.568849315068494,0.30030519999999994,0.3255047753466218,0.0852850210664941,5.0,MEDIUM,VERIFIED_BUT_MODEL_SENSITIVE,confidence tier MEDIUM: elevated structural-break sensitivity and/or model disagreement for this player,MODEL-SENSITIVE VALUE,https://www.sportsbet.com.au/betting/australian-rules/afl-brownlow-pick-your-own-vote/to-poll-a-vote-10868936,2026-09-17T04:16:34.686425+00:00
PLAYER_H2H,AFL Brownlow H2H's,Toby Greene to outpoll Nick Watson,Toby Greene,,Nick Watson,,1.93,0.5181347150259068,0.72057,20.243528497409326,0.3907001000000001,1.4676632242243404,0.7926971329510515,12.0,HIGH,SETTLEMENT_UNCERTAIN,non-trivial tie probability between the two players (0.081),REVIEW REQUIRED,https://www.sportsbet.com.au/betting/australian-rules/afl-brownlow-h2hs/nick-watson-v-toby-greene-10911812,2026-09-17T04:16:34.686425+00:00
PICK_YOUR_OWN_VOTES,To poll 10 or more votes,Jack Gunston,Jack Gunston,,,10.0,1.54,0.6493506493506493,0.85023,20.08793506493507,0.3093542,1.545563377655002,0.3991962453741635,12.0,HIGH,VERIFIED_BUT_MODEL_SENSITIVE,confidence tier HIGH: elevated structural-break sensitivity and/or model disagreement for this player,MODEL-SENSITIVE VALUE,https://www.sportsbet.com.au/betting/australian-rules/afl-brownlow-pick-your-own-vote/to-poll-10-or-more-votes-10865473,2026-09-17T04:16:34.686425+00:00
PICK_YOUR_OWN_VOTES,To poll 15 or more votes,Jack Gunston,Jack Gunston,,,15.0,14.0,0.07142857142857142,0.26999,19.85614285714286,2.77986,1.545563377655002,0.3991962453741635,12.0,HIGH,VERIFIED_BUT_MODEL_SENSITIVE,confidence tier HIGH: elevated structural-break sensitivity and/or model disagreement for this player,MODEL-SENSITIVE VALUE,https://www.sportsbet.com.au/betting/australian-rules/afl-brownlow-pick-your-own-vote/to-poll-15-or-more-votes-10865474,2026-09-17T04:16:34.686425+00:00
PICK_YOUR_OWN_VOTES,To Poll a Vote,Ben Keays,Ben Keays,,,1.0,3.1,0.3225806451612903,0.52076,19.81793548387097,0.6143560000000001,0.0521978285799067,0.0486134444629962,4.024999999994179,MEDIUM,VERIFIED_BUT_MODEL_SENSITIVE,confidence tier MEDIUM: elevated structural-break sensitivity and/or model disagreement for this player,MODEL-SENSITIVE VALUE,https://www.sportsbet.com.au/betting/australian-rules/afl-brownlow-pick-your-own-vote/to-poll-a-vote-10868936,2026-09-17T04:16:34.686425+00:00
PLAYER_H2H,AFL Brownlow H2H's,George Hewett to outpoll Tim Taranto,George Hewett,,Tim Taranto,,1.87,0.53475935828877,0.73181,19.705064171123,0.3684847,0.2222544088336935,0.0431961602010382,12.0,MEDIUM,SETTLEMENT_UNCERTAIN,non-trivial tie probability between the two players (0.078),REVIEW REQUIRED,https://www.sportsbet.com.au/betting/australian-rules/afl-brownlow-h2hs/george-hewett-v-tim-taranto-10911803,2026-09-17T04:16:34.686425+00:00
TEAM_VOTES_OU,Essendon Team Votes O/U,Over,,Essendon,,25.5,1.87,0.53475935828877,0.73096,19.62006417112301,0.3668952000000001,,,,UNKNOWN,PRICE_SUSPECT,Over and Under both priced at 1.87 - flat/templated pricing pattern shared across most team O/U markets; held out of headline value pending a market refresh,REVIEW REQUIRED — PRICE FRESHNESS,https://www.sportsbet.com.au/betting/australian-rules/afl-brownlow-team-votes-o-u/essendon-team-votes-o-u-10911257,2026-09-17T04:16:34.686425+00:00
PICK_YOUR_OWN_VOTES,To Poll a Vote,Ethan Read,Ethan Read,,,1.0,5.1,0.19607843137254904,0.39177,19.569156862745096,0.998027,0.0895422385839576,0.0670169058165388,3.0,MEDIUM,VERIFIED_BUT_MODEL_SENSITIVE,confidence tier MEDIUM: elevated structural-break sensitivity and/or model disagreement for this player,MODEL-SENSITIVE VALUE,https://www.sportsbet.com.au/betting/australian-rules/afl-brownlow-pick-your-own-vote/to-poll-a-vote-10868936,2026-09-17T04:16:34.686425+00:00
TEAM_TOP_POLLER,Fremantle Most Votes,Shai Bolton,Shai Bolton,Fremantle,,,13.0,0.07692307692307693,0.2684333333333333,19.151025641025637,2.489633333333333,0.9293998610991724,0.3206460777763489,13.0,HIGH,VERIFIED_BUT_MODEL_SENSITIVE,confidence tier HIGH: elevated structural-break sensitivity and/or model disagreement for this player,MODEL-SENSITIVE VALUE,https://www.sportsbet.com.au/betting/australian-rules/afl-brownlow-teams/fremantle-most-votes-10819448,2026-09-17T04:16:34.686425+00:00
TEAM_VOTES_OU,GWS GIANTS Team Votes O/U,Over,,GWS GIANTS,,61.5,1.87,0.53475935828877,0.72568,19.092064171123003,0.35702160000000016,,,,UNKNOWN,PRICE_SUSPECT,Over and Under both priced at 1.87 - flat/templated pricing pattern shared across most team O/U markets; held out of headline value pending a market refresh,REVIEW REQUIRED — PRICE FRESHNESS,https://www.sportsbet.com.au/betting/australian-rules/afl-brownlow-team-votes-o-u/gws-giants-team-votes-o-u-10911265,2026-09-17T04:16:34.686425+00:00
PICK_YOUR_OWN_VOTES,To poll 15 or more votes,Clayton Oliver,Clayton Oliver,,,15.0,3.25,0.3076923076923077,0.49793,19.023769230769226,0.6182725,1.5406257026378594,0.344609362730635,16.0,HIGH,VERIFIED_BUT_MODEL_SENSITIVE,confidence tier HIGH: elevated structural-break sensitivity and/or model disagreement for this player,MODEL-SENSITIVE VALUE,https://www.sportsbet.com.au/betting/australian-rules/afl-brownlow-pick-your-own-vote/to-poll-15-or-more-votes-10865474,2026-09-17T04:16:34.686425+00:00
TOP_N,Top 20 Finish (Includes Ineligible),Errol Gulden,Errol Gulden,,,20.0,2.8,0.35714285714285715,0.54293,18.578714285714288,0.5202039999999999,0.0719932561782137,0.062356295497624,7.0,MEDIUM,VERIFIED_BUT_MODEL_SENSITIVE,confidence tier MEDIUM: elevated structural-break sensitivity and/or model disagreement for this player,MODEL-SENSITIVE VALUE,https://www.sportsbet.com.au/betting/australian-rules/afl-brownlow-medal/top-20-finish-includes-ineligible--10804257,2026-09-17T04:16:34.686425+00:00
PICK_YOUR_OWN_VOTES,To Poll a Vote,Conor Nash,Conor Nash,,,1.0,5.9,0.1694915254237288,0.34665,17.71584745762712,1.0452350000000004,0.1124855086703749,0.1124855086703749,4.0,MEDIUM,VERIFIED_BUT_MODEL_SENSITIVE,confidence tier MEDIUM: elevated structural-break sensitivity and/or model disagreement for this player,MODEL-SENSITIVE VALUE,https://www.sportsbet.com.au/betting/australian-rules/afl-brownlow-pick-your-own-vote/to-poll-a-vote-10868936,2026-09-17T04:16:34.686425+00:00
GROUP_H2H,Brownlow Group - Group C,Jack Gunston,Jack Gunston,,Group C,,3.0,0.3333333333333333,0.5065791666666667,17.324583333333337,0.5197375000000002,1.545563377655002,0.3991962453741635,12.0,HIGH,VERIFIED_BUT_MODEL_SENSITIVE,confidence tier HIGH: elevated structural-break sensitivity and/or model disagreement for this player,MODEL-SENSITIVE VALUE,https://www.sportsbet.com.au/betting/australian-rules/afl-brownlow-medal/brownlow-group-group-c-10915097,2026-09-17T04:16:34.686425+00:00
PICK_YOUR_OWN_VOTES,To Poll a Vote,Ollie Wines,Ollie Wines,,,1.0,1.75,0.5714285714285714,0.74388,17.24514285714286,0.30179,0.2078494704880218,0.1648438789662711,6.0,MEDIUM,VERIFIED_BUT_MODEL_SENSITIVE,confidence tier MEDIUM: elevated structural-break sensitivity and/or model disagreement for this player,MODEL-SENSITIVE VALUE,https://www.sportsbet.com.au/betting/australian-rules/afl-brownlow-pick-your-own-vote/to-poll-a-vote-10868936,2026-09-17T04:16:34.686425+00:00
PLAYER_VOTES_OU,Patrick Cripps Votes O/U,Under,Patrick Cripps,,,26.5,1.87,0.53475935828877,0.7066,17.184064171123005,0.321342,1.421776536178978,0.1083166928301686,15.0,HIGH,VERIFIED_BUT_MODEL_SENSITIVE,confidence tier HIGH: elevated structural-break sensitivity and/or model disagreement for this player,MODEL-SENSITIVE VALUE,https://www.sportsbet.com.au/betting/australian-rules/afl-brownlow-player-votes-o-u/patrick-cripps-votes-o-u-10911141,2026-09-17T04:16:34.686425+00:00
PICK_YOUR_OWN_VOTES,To Poll a Vote,Rory Laird,Rory Laird,,,1.0,1.51,0.6622516556291391,0.83345,17.11983443708609,0.25850949999999995,0.2862351137092171,0.2862351137092171,7.0,MEDIUM,VERIFIED_BUT_MODEL_SENSITIVE,confidence tier MEDIUM: elevated structural-break sensitivity and/or model disagreement for this player,MODEL-SENSITIVE VALUE,https://www.sportsbet.com.au/betting/australian-rules/afl-brownlow-pick-your-own-vote/to-poll-a-vote-10868936,2026-09-17T04:16:34.686425+00:00
PICK_YOUR_OWN_VOTES,To poll 10 or more votes,Jacob van Rooyen,Jacob van Rooyen,,,10.0,1.34,0.7462686567164178,0.91706,17.079134328358215,0.22886040000000007,0.245416341040821,0.084615028288189,6.0,MEDIUM,VERIFIED_BUT_MODEL_SENSITIVE,confidence tier MEDIUM: elevated structural-break sensitivity and/or model disagreement for this player,MODEL-SENSITIVE VALUE,https://www.sportsbet.com.au/betting/australian-rules/afl-brownlow-pick-your-own-vote/to-poll-10-or-more-votes-10865473,2026-09-17T04:16:34.686425+00:00
TRIFECTA,Brownlow Medal Trifecta,Nick Daicos/Bailey Smith/Harry Sheezel,Nick Daicos,,Nick Daicos/Bailey Smith/Harry Sheezel,,111.0,0.009009009009009009,0.17892,16.9910990990991,18.86012,0.9232905686771886,0.2331800353149589,12.0,HIGH,VERIFIED_BUT_MODEL_SENSITIVE,confidence tier HIGH: elevated structural-break sensitivity and/or model disagreement for this player,SPECULATIVE UPSIDE,https://www.sportsbet.com.au/betting/australian-rules/afl-brownlow-medal/brownlow-medal-trifecta-10861172,2026-09-17T04:16:34.686425+00:00
PICK_YOUR_OWN_VOTES,To poll 10 or more votes,Bradley Hill,Bradley Hill,,,10.0,7.5,0.13333333333333333,0.30302,16.968666666666667,1.27265,3.294756734755775,2.536604438716992,11.0,HIGH,VERIFIED_BUT_MODEL_SENSITIVE,confidence tier HIGH: elevated structural-break sensitivity and/or model disagreement for this player,MODEL-SENSITIVE VALUE,https://www.sportsbet.com.au/betting/australian-rules/afl-brownlow-pick-your-own-vote/to-poll-10-or-more-votes-10865473,2026-09-17T04:16:34.686425+00:00
PICK_YOUR_OWN_VOTES,To poll 10 or more votes,Jye Amiss,Jye Amiss,,,10.0,3.5,0.2857142857142857,0.45367,16.79557142857143,0.5878450000000002,0.3694834811440213,0.332170785409696,10.0,HIGH,VERIFIED_BUT_MODEL_SENSITIVE,confidence tier HIGH: elevated structural-break sensitivity and/or model disagreement for this player,MODEL-SENSITIVE VALUE,https://www.sportsbet.com.au/betting/australian-rules/afl-brownlow-pick-your-own-vote/to-poll-10-or-more-votes-10865473,2026-09-17T04:16:34.686425+00:00
PICK_YOUR_OWN_VOTES,To Poll a Vote,Jayden Short,Jayden Short,,,1.0,1.69,0.591715976331361,0.75765,16.593402366863906,0.28042849999999997,0.4534345013590788,0.1233298088306593,6.0,HIGH,VERIFIED_BUT_MODEL_SENSITIVE,confidence tier HIGH: elevated structural-break sensitivity and/or model disagreement for this player,MODEL-SENSITIVE VALUE,https://www.sportsbet.com.au/betting/australian-rules/afl-brownlow-pick-your-own-vote/to-poll-a-vote-10868936,2026-09-17T04:16:34.686425+00:00
PICK_YOUR_OWN_VOTES,To Poll a Vote,Adam Cerra,Adam Cerra,,,1.0,5.3,0.18867924528301888,0.35418,16.55007547169811,0.877154,0.0786078191598894,0.0786078191598894,4.0,MEDIUM,VERIFIED_BUT_MODEL_SENSITIVE,confidence tier MEDIUM: elevated structural-break sensitivity and/or model disagreement for this player,MODEL-SENSITIVE VALUE,https://www.sportsbet.com.au/betting/australian-rules/afl-brownlow-pick-your-own-vote/to-poll-a-vote-10868936,2026-09-17T04:16:34.686425+00:00
PICK_YOUR_OWN_VOTES,To Poll a Vote,Trent Rivers,Trent Rivers,,,1.0,4.4,0.22727272727272727,0.39021,16.293727272727274,0.7169240000000001,0.0602171681605309,0.0602171681605309,4.0,MEDIUM,VERIFIED_BUT_MODEL_SENSITIVE,confidence tier MEDIUM: elevated structural-break sensitivity and/or model disagreement for this player,MODEL-SENSITIVE VALUE,https://www.sportsbet.com.au/betting/australian-rules/afl-brownlow-pick-your-own-vote/to-poll-a-vote-10868936,2026-09-17T04:16:34.686425+00:00
PICK_YOUR_OWN_VOTES,To Poll a Vote,Dylan Stephens,Dylan Stephens,,,1.0,1.27,0.7874015748031495,0.94939,16.19884251968504,0.2057252999999999,1.2551812831959397,0.7535275263815793,8.0,HIGH,VERIFIED_BUT_MODEL_SENSITIVE,confidence tier HIGH: elevated structural-break sensitivity and/or model disagreement for this player,MODEL-SENSITIVE VALUE,https://www.sportsbet.com.au/betting/australian-rules/afl-brownlow-pick-your-own-vote/to-poll-a-vote-10868936,2026-09-17T04:16:34.686425+00:00
PLAYER_H2H,AFL Brownlow H2H's,Isaac Heeney to outpoll Jordan Dawson,Isaac Heeney,,Jordan Dawson,,1.87,0.53475935828877,0.69562,16.086064171123006,0.3008094000000001,1.4572012731110888,1.360733830105417,13.0,HIGH,SETTLEMENT_UNCERTAIN,non-trivial tie probability between the two players (0.070),REVIEW REQUIRED,https://www.sportsbet.com.au/betting/australian-rules/afl-brownlow-h2hs/jordan-dawson-v-isaac-heeney-10911606,2026-09-17T04:16:34.686425+00:00
TOP_N,Top 10 Finish (Includes Ineligible),Ed Richards,Ed Richards,,,10.0,10.0,0.1,0.26068,16.068,1.6068000000000002,0.4277553175864597,0.1837798777744943,13.0,MEDIUM,VERIFIED_BUT_MODEL_SENSITIVE,confidence tier MEDIUM: elevated structural-break sensitivity and/or model disagreement for this player,MODEL-SENSITIVE VALUE,https://www.sportsbet.com.au/betting/australian-rules/afl-brownlow-medal/top-10-finish-includes-ineligible--10804256,2026-09-17T04:16:34.686425+00:00
PICK_YOUR_OWN_VOTES,To Poll a Vote,Blake Acres,Blake Acres,,,1.0,4.3,0.23255813953488372,0.3923,15.974186046511626,0.6868899999999998,0.122466041120715,0.1073227703307332,4.0,MEDIUM,VERIFIED_BUT_MODEL_SENSITIVE,confidence tier MEDIUM: elevated structural-break sensitivity and/or model disagreement for this player,MODEL-SENSITIVE VALUE,https://www.sportsbet.com.au/betting/australian-rules/afl-brownlow-pick-your-own-vote/to-poll-a-vote-10868936,2026-09-17T04:16:34.686425+00:00
PICK_YOUR_OWN_VOTES,To Poll a Vote,Jeremy Howe,Jeremy Howe,,,1.0,4.4,0.22727272727272727,0.38595,15.867727272727276,0.6981800000000002,0.141683340236953,0.1198739860456044,3.0,MEDIUM,VERIFIED_BUT_MODEL_SENSITIVE,confidence tier MEDIUM: elevated structural-break sensitivity and/or model disagreement for this player,MODEL-SENSITIVE VALUE,https://www.sportsbet.com.au/betting/australian-rules/afl-brownlow-pick-your-own-vote/to-poll-a-vote-10868936,2026-09-17T04:16:34.686425+00:00
TOP_N,Top 20 Finish (Includes Ineligible),Ed Richards,Ed Richards,,,20.0,1.34,0.7462686567164178,0.9042,15.793134328358216,0.21162800000000015,0.4277553175864597,0.1837798777744943,13.0,MEDIUM,VERIFIED_BUT_MODEL_SENSITIVE,confidence tier MEDIUM: elevated structural-break sensitivity and/or model disagreement for this player,MODEL-SENSITIVE VALUE,https://www.sportsbet.com.au/betting/australian-rules/afl-brownlow-medal/top-20-finish-includes-ineligible--10804257,2026-09-17T04:16:34.686425+00:00
TEAM_VOTES_OU,Collingwood Team Votes O/U,Over,,Collingwood,,79.5,1.87,0.53475935828877,0.69073,15.597064171122998,0.2916650999999999,,,,UNKNOWN,PRICE_SUSPECT,Over and Under both priced at 1.87 - flat/templated pricing pattern shared across most team O/U markets; held out of headline value pending a market refresh,REVIEW REQUIRED — PRICE FRESHNESS,https://www.sportsbet.com.au/betting/australian-rules/afl-brownlow-team-votes-o-u/collingwood-team-votes-o-u-10911256,2026-09-17T04:16:34.686425+00:00
PICK_YOUR_OWN_VOTES,To poll 15 or more votes,Noah Anderson,Noah Anderson,,,15.0,7.25,0.13793103448275862,0.29187,15.39389655172414,1.1160575000000001,0.6012730846110834,0.5326948944087739,14.0,HIGH,VERIFIED_BUT_MODEL_SENSITIVE,confidence tier HIGH: elevated structural-break sensitivity and/or model disagreement for this player,MODEL-SENSITIVE VALUE,https://www.sportsbet.com.au/betting/australian-rules/afl-brownlow-pick-your-own-vote/to-poll-15-or-more-votes-10865474,2026-09-17T04:16:34.686425+00:00
PICK_YOUR_OWN_VOTES,To Poll a Vote,Darcy Wilson,Darcy Wilson,,,1.0,1.4,0.7142857142857143,0.86654,15.225428571428568,0.2131559999999999,0.9301009480505048,0.8992468979001389,8.0,HIGH,VERIFIED_BUT_MODEL_SENSITIVE,confidence tier HIGH: elevated structural-break sensitivity and/or model disagreement for this player,MODEL-SENSITIVE VALUE,https://www.sportsbet.com.au/betting/australian-rules/afl-brownlow-pick-your-own-vote/to-poll-a-vote-10868936,2026-09-17T04:16:34.686425+00:00
PICK_YOUR_OWN_VOTES,To poll 15 or more votes,Shai Bolton,Shai Bolton,,,15.0,4.3,0.23255813953488372,0.38439,15.18318604651163,0.6528769999999999,0.9293998610991724,0.3206460777763489,13.0,HIGH,VERIFIED_BUT_MODEL_SENSITIVE,confidence tier HIGH: elevated structural-break sensitivity and/or model disagreement for this player,MODEL-SENSITIVE VALUE,https://www.sportsbet.com.au/betting/australian-rules/afl-brownlow-pick-your-own-vote/to-poll-15-or-more-votes-10865474,2026-09-17T04:16:34.686425+00:00
PLAYER_H2H,AFL Brownlow H2H's,Sam Walsh to outpoll Andrew Brayshaw,Sam Walsh,,Andrew Brayshaw,,2.46,0.4065040650406504,0.5575,15.09959349593496,0.37145000000000006,0.9935738813477945,0.9935738813477945,14.0,HIGH,SETTLEMENT_UNCERTAIN,non-trivial tie probability between the two players (0.079),REVIEW REQUIRED,https://www.sportsbet.com.au/betting/australian-rules/afl-brownlow-h2hs/andrew-brayshaw-v-sam-walsh-10911829,2026-09-17T04:16:34.686425+00:00
TEAM_VOTES_OU,Melbourne Team Votes O/U,Under,,Melbourne,,85.5,1.87,0.53475935828877,0.6828,14.804064171122999,0.2768360000000001,,,,UNKNOWN,PRICE_SUSPECT,Over and Under both priced at 1.87 - flat/templated pricing pattern shared across most team O/U markets; held out of headline value pending a market refresh,REVIEW REQUIRED — PRICE FRESHNESS,https://www.sportsbet.com.au/betting/australian-rules/afl-brownlow-team-votes-o-u/melbourne-team-votes-o-u-10911271,2026-09-17T04:16:34.686425+00:00
TOP_N,Top 5 Finish (Includes Ineligible),Lachie Neale,Lachie Neale,,,5.0,5.5,0.18181818181818182,0.32891,14.709181818181815,0.809005,0.639783272451762,0.4178617270819131,13.0,HIGH,VERIFIED_BUT_MODEL_SENSITIVE,confidence tier HIGH: elevated structural-break sensitivity and/or model disagreement for this player,MODEL-SENSITIVE VALUE,https://www.sportsbet.com.au/betting/australian-rules/afl-brownlow-medal/top-5-finish-includes-ineligible--10804245,2026-09-17T04:16:34.686425+00:00
TEAM_TOP_POLLER,Adelaide Crows Most Votes,Izak Rankine,Izak Rankine,Adelaide Crows,,,2.7,0.37037037037037035,0.515565,14.51946296296297,0.39202550000000014,0.4248485053324877,0.4248485053324877,10.0,HIGH,VERIFIED_BUT_MODEL_SENSITIVE,confidence tier HIGH: elevated structural-break sensitivity and/or model disagreement for this player,MODEL-SENSITIVE VALUE,https://www.sportsbet.com.au/betting/australian-rules/afl-brownlow-teams/adelaide-crows-most-votes-10819435,2026-09-17T04:16:34.686425+00:00
PICK_YOUR_OWN_VOTES,To Poll a Vote,Sam Flanders,Sam Flanders,,,1.0,2.3,0.4347826086956522,0.57855,14.376739130434778,0.330665,0.2216877866148794,0.1031205618921999,5.0,MEDIUM,VERIFIED_BUT_MODEL_SENSITIVE,confidence tier MEDIUM: elevated structural-break sensitivity and/or model disagreement for this player,MODEL-SENSITIVE VALUE,https://www.sportsbet.com.au/betting/australian-rules/afl-brownlow-pick-your-own-vote/to-poll-a-vote-10868936,2026-09-17T04:16:34.686425+00:00
PICK_YOUR_OWN_VOTES,To Poll a Vote,Tim English,Tim English,,,1.0,2.8,0.35714285714285715,0.49786,14.071714285714288,0.3940079999999999,0.5015509216816617,0.2302931746529379,4.0,HIGH,VERIFIED_BUT_MODEL_SENSITIVE,confidence tier HIGH: elevated structural-break sensitivity and/or model disagreement for this player,MODEL-SENSITIVE VALUE,https://www.sportsbet.com.au/betting/australian-rules/afl-brownlow-pick-your-own-vote/to-poll-a-vote-10868936,2026-09-17T04:16:34.686425+00:00
PICK_YOUR_OWN_VOTES,To Poll a Vote,Tom Atkins,Tom Atkins,,,1.0,1.59,0.6289308176100629,0.76794,13.90091823899371,0.22102460000000002,0.0921859690898128,0.0921859690898128,5.0,MEDIUM,VERIFIED_BUT_MODEL_SENSITIVE,confidence tier MEDIUM: elevated structural-break sensitivity and/or model disagreement for this player,MODEL-SENSITIVE VALUE,https://www.sportsbet.com.au/betting/australian-rules/afl-brownlow-pick-your-own-vote/to-poll-a-vote-10868936,2026-09-17T04:16:34.686425+00:00
PICK_YOUR_OWN_VOTES,To Poll a Vote,Sam Darcy,Sam Darcy,,,1.0,3.9,0.25641025641025644,0.39172,13.530974358974357,0.5277080000000001,0.1757606470656512,0.1386808447821967,3.0,MEDIUM,VERIFIED_BUT_MODEL_SENSITIVE,confidence tier MEDIUM: elevated structural-break sensitivity and/or model disagreement for this player,MODEL-SENSITIVE VALUE,https://www.sportsbet.com.au/betting/australian-rules/afl-brownlow-pick-your-own-vote/to-poll-a-vote-10868936,2026-09-17T04:16:34.686425+00:00
PICK_YOUR_OWN_VOTES,To Poll a Vote,Riley Bice,Riley Bice,,,1.0,2.85,0.3508771929824561,0.48497,13.409280701754389,0.3821645,0.1774941238171916,0.004762209741546,4.0,MEDIUM,VERIFIED_BUT_MODEL_SENSITIVE,confidence tier MEDIUM: elevated structural-break sensitivity and/or model disagreement for this player,MODEL-SENSITIVE VALUE,https://www.sportsbet.com.au/betting/australian-rules/afl-brownlow-pick-your-own-vote/to-poll-a-vote-10868936,2026-09-17T04:16:34.686425+00:00
PICK_YOUR_OWN_VOTES,To poll 15 or more votes,Max Hall,Max Hall,,,15.0,21.0,0.047619047619047616,0.18037,13.275095238095238,2.78777,1.5980022838115655,1.584897362457781,12.0,HIGH,VERIFIED_BUT_MODEL_SENSITIVE,confidence tier HIGH: elevated structural-break sensitivity and/or model disagreement for this player,SPECULATIVE UPSIDE,https://www.sportsbet.com.au/betting/australian-rules/afl-brownlow-pick-your-own-vote/to-poll-15-or-more-votes-10865474,2026-09-17T04:16:34.686425+00:00
PICK_YOUR_OWN_VOTES,To Poll a Vote,Patrick Lipinski,Patrick Lipinski,,,1.0,2.35,0.425531914893617,0.55668,13.114808510638293,0.30819799999999997,0.0413114629779787,6.699324286008057e-05,4.0,LOW,VERIFIED,,HIGH-CONFIDENCE VALUE,https://www.sportsbet.com.au/betting/australian-rules/afl-brownlow-pick-your-own-vote/to-poll-a-vote-10868936,2026-09-17T04:16:34.686425+00:00
TOP_N,Top 10 Finish (Includes Ineligible),Isaac Heeney,Isaac Heeney,,,10.0,1.43,0.6993006993006994,0.82811,12.880930069930063,0.1841972999999999,1.4572012731110888,1.360733830105417,13.0,HIGH,VERIFIED_BUT_MODEL_SENSITIVE,confidence tier HIGH: elevated structural-break sensitivity and/or model disagreement for this player,MODEL-SENSITIVE VALUE,https://www.sportsbet.com.au/betting/australian-rules/afl-brownlow-medal/top-10-finish-includes-ineligible--10804256,2026-09-17T04:16:34.686425+00:00
TOP_N,Top 20 Finish (Includes Ineligible),Zak Butters,Zak Butters,,,20.0,1.15,0.8695652173913044,0.99756,12.799478260869556,0.14719399999999982,6.428976510436936,4.498847565358734,13.0,HIGH,VERIFIED_BUT_MODEL_SENSITIVE,confidence tier HIGH: elevated structural-break sensitivity and/or model disagreement for this player,MODEL-SENSITIVE VALUE,https://www.sportsbet.com.au/betting/australian-rules/afl-brownlow-medal/top-20-finish-includes-ineligible--10804257,2026-09-17T04:16:34.686425+00:00
PICK_YOUR_OWN_VOTES,To poll 10 or more votes,George Hewett,George Hewett,,,10.0,2.03,0.4926108374384237,0.61913,12.651916256157625,0.2568338999999997,0.2222544088336935,0.0431961602010382,12.0,MEDIUM,VERIFIED_BUT_MODEL_SENSITIVE,confidence tier MEDIUM: elevated structural-break sensitivity and/or model disagreement for this player,MODEL-SENSITIVE VALUE,https://www.sportsbet.com.au/betting/australian-rules/afl-brownlow-pick-your-own-vote/to-poll-10-or-more-votes-10865473,2026-09-17T04:16:34.686425+00:00
PICK_YOUR_OWN_VOTES,To Poll a Vote,Levi Ashcroft,Levi Ashcroft,,,1.0,1.69,0.591715976331361,0.71257,12.085402366863907,0.20424330000000013,0.4385047591883491,0.4385047591883491,5.0,HIGH,VERIFIED_BUT_MODEL_SENSITIVE,confidence tier HIGH: elevated structural-break sensitivity and/or model disagreement for this player,MODEL-SENSITIVE VALUE,https://www.sportsbet.com.au/betting/australian-rules/afl-brownlow-pick-your-own-vote/to-poll-a-vote-10868936,2026-09-17T04:16:34.686425+00:00
PICK_YOUR_OWN_VOTES,To Poll a Vote,Harrison Petty,Harrison Petty,,,1.0,1.85,0.5405405405405405,0.65998,11.943945945945956,0.22096300000000002,0.3011599004767245,0.0191510353391093,6.0,MEDIUM,REVIEW_REQUIRED,"player 'Harrison Petty' matched only via surname+initial fallback, not an exact name match",REVIEW REQUIRED,https://www.sportsbet.com.au/betting/australian-rules/afl-brownlow-pick-your-own-vote/to-poll-a-vote-10868936,2026-09-17T04:16:34.686425+00:00
GROUP_H2H,Brownlow Group - Group D,Lachie Ash,Lachie Ash,,Group D,,3.75,0.26666666666666666,0.3854278333333333,11.876116666666665,0.44535437499999997,1.4624183521882523,0.9397741294658388,11.0,HIGH,VERIFIED_BUT_MODEL_SENSITIVE,confidence tier HIGH: elevated structural-break sensitivity and/or model disagreement for this player,MODEL-SENSITIVE VALUE,https://www.sportsbet.com.au/betting/australian-rules/afl-brownlow-medal/brownlow-group-group-d-10915098,2026-09-17T04:16:34.686425+00:00
TOP_N,Top 10 Finish (Includes Ineligible),Lachie Neale,Lachie Neale,,,10.0,1.42,0.7042253521126761,0.81593,11.170464788732392,0.1586206000000001,0.639783272451762,0.4178617270819131,13.0,HIGH,VERIFIED_BUT_MODEL_SENSITIVE,confidence tier HIGH: elevated structural-break sensitivity and/or model disagreement for this player,MODEL-SENSITIVE VALUE,https://www.sportsbet.com.au/betting/australian-rules/afl-brownlow-medal/top-10-finish-includes-ineligible--10804256,2026-09-17T04:16:34.686425+00:00
PICK_YOUR_OWN_VOTES,To Poll a Vote,James Worpel,James Worpel,,,1.0,3.45,0.2898550724637681,0.40148,11.162492753623187,0.38510600000000017,0.1400316238478856,0.0642321653617173,4.0,MEDIUM,VERIFIED_BUT_MODEL_SENSITIVE,confidence tier MEDIUM: elevated structural-break sensitivity and/or model disagreement for this player,MODEL-SENSITIVE VALUE,https://www.sportsbet.com.au/betting/australian-rules/afl-brownlow-pick-your-own-vote/to-poll-a-vote-10868936,2026-09-17T04:16:34.686425+00:00
TEAM_TOP_POLLER,Melbourne Most Votes,Kysaiah Pickett,Kysaiah Pickett,Melbourne,,,2.63,0.3802281368821293,0.491755,11.152686311787068,0.29331565000000004,0.0813679360765249,0.0411218884956916,10.0,MEDIUM,VERIFIED_BUT_MODEL_SENSITIVE,confidence tier MEDIUM: elevated structural-break sensitivity and/or model disagreement for this player,MODEL-SENSITIVE VALUE,https://www.sportsbet.com.au/betting/australian-rules/afl-brownlow-teams/melbourne-most-votes-10819438,2026-09-17T04:16:34.686425+00:00
PICK_YOUR_OWN_VOTES,To poll 10 or more votes,Logan Morris,Logan Morris,,,10.0,19.0,0.05263157894736842,0.16117,10.853842105263158,2.06223,0.1788568816127149,0.1701932093321296,7.0,MEDIUM,VERIFIED_BUT_MODEL_SENSITIVE,confidence tier MEDIUM: elevated structural-break sensitivity and/or model disagreement for this player,SPECULATIVE UPSIDE,https://www.sportsbet.com.au/betting/australian-rules/afl-brownlow-pick-your-own-vote/to-poll-10-or-more-votes-10865473,2026-09-17T04:16:34.686425+00:00
PICK_YOUR_OWN_VOTES,To Poll a Vote,Jack Macrae,Jack Macrae,,,1.0,2.12,0.4716981132075471,0.5787,10.700188679245286,0.22684400000000005,0.0573323172353559,0.0068498051602792,5.0,MEDIUM,VERIFIED_BUT_MODEL_SENSITIVE,confidence tier MEDIUM: elevated structural-break sensitivity and/or model disagreement for this player,MODEL-SENSITIVE VALUE,https://www.sportsbet.com.au/betting/australian-rules/afl-brownlow-pick-your-own-vote/to-poll-a-vote-10868936,2026-09-17T04:16:34.686425+00:00
PICK_YOUR_OWN_VOTES,To Poll a Vote,Connor Idun,Connor Idun,,,1.0,3.25,0.3076923076923077,0.41331,10.56176923076923,0.3432575,0.1087942058076885,0.0634587386149171,4.0,MEDIUM,VERIFIED_BUT_MODEL_SENSITIVE,confidence tier MEDIUM: elevated structural-break sensitivity and/or model disagreement for this player,MODEL-SENSITIVE VALUE,https://www.sportsbet.com.au/betting/australian-rules/afl-brownlow-pick-your-own-vote/to-poll-a-vote-10868936,2026-09-17T04:16:34.686425+00:00
PICK_YOUR_OWN_VOTES,To Poll a Vote,Jack Crisp,Jack Crisp,,,1.0,1.64,0.6097560975609756,0.71531,10.55539024390244,0.17310839999999983,0.1872658961643623,0.1872658961643623,6.0,MEDIUM,VERIFIED_BUT_MODEL_SENSITIVE,confidence tier MEDIUM: elevated structural-break sensitivity and/or model disagreement for this player,MODEL-SENSITIVE VALUE,https://www.sportsbet.com.au/betting/australian-rules/afl-brownlow-pick-your-own-vote/to-poll-a-vote-10868936,2026-09-17T04:16:34.686425+00:00
PICK_YOUR_OWN_VOTES,To Poll a Vote,Jack Higgins,Jack Higgins,,,1.0,1.31,0.7633587786259541,0.86793,10.457122137404584,0.13698830000000006,0.489303608865961,0.4013079075859742,4.0,HIGH,VERIFIED_BUT_MODEL_SENSITIVE,confidence tier HIGH: elevated structural-break sensitivity and/or model disagreement for this player,MODEL-SENSITIVE VALUE,https://www.sportsbet.com.au/betting/australian-rules/afl-brownlow-pick-your-own-vote/to-poll-a-vote-10868936,2026-09-17T04:16:34.686425+00:00
TOP_N,Top 20 Finish (Includes Ineligible),Christian Petracca,Christian Petracca,,,20.0,21.0,0.047619047619047616,0.15192,10.430095238095237,2.19032,0.9225818779433226,0.0332386717717518,10.0,HIGH,VERIFIED_BUT_MODEL_SENSITIVE,confidence tier HIGH: elevated structural-break sensitivity and/or model disagreement for this player,SPECULATIVE UPSIDE,https://www.sportsbet.com.au/betting/australian-rules/afl-brownlow-medal/top-20-finish-includes-ineligible--10804257,2026-09-17T04:16:34.686425+00:00
PICK_YOUR_OWN_VOTES,To Poll a Vote,Bailey Dale,Bailey Dale,,,1.0,1.14,0.8771929824561404,0.97785,10.065701754385959,0.11474899999999999,0.7042861500631896,0.4931280727555629,8.0,HIGH,VERIFIED_BUT_MODEL_SENSITIVE,confidence tier HIGH: elevated structural-break sensitivity and/or model disagreement for this player,MODEL-SENSITIVE VALUE,https://www.sportsbet.com.au/betting/australian-rules/afl-brownlow-pick-your-own-vote/to-poll-a-vote-10868936,2026-09-17T04:16:34.686425+00:00
PICK_YOUR_OWN_VOTES,To Poll a Vote,Tom McCarthy,Tom McCarthy,,,1.0,1.51,0.6622516556291391,0.76275,10.04983443708609,0.15175249999999996,0.5027303214546248,0.3368475963275039,6.0,HIGH,VERIFIED_BUT_MODEL_SENSITIVE,confidence tier HIGH: elevated structural-break sensitivity and/or model disagreement for this player,MODEL-SENSITIVE VALUE,https://www.sportsbet.com.au/betting/australian-rules/afl-brownlow-pick-your-own-vote/to-poll-a-vote-10868936,2026-09-17T04:16:34.686425+00:00
TEAM_TOP_POLLER,GWS GIANTS Most Votes,Clayton Oliver,Clayton Oliver,GWS GIANTS,,,1.72,0.5813953488372093,0.6818108333333335,10.041548449612414,0.1727146333333336,1.5406257026378594,0.344609362730635,16.0,HIGH,VERIFIED_BUT_MODEL_SENSITIVE,confidence tier HIGH: elevated structural-break sensitivity and/or model disagreement for this player,MODEL-SENSITIVE VALUE,https://www.sportsbet.com.au/betting/australian-rules/afl-brownlow-teams/gws-giants-most-votes-10819436,2026-09-17T04:16:34.686425+00:00
TOP_N,Top 20 Finish (Includes Ineligible),Zac Bailey,Zac Bailey,,,20.0,10.5,0.09523809523809523,0.19373,9.849190476190477,1.0341650000000002,0.3438418889897043,0.0739343440309525,12.0,MEDIUM,VERIFIED_BUT_MODEL_SENSITIVE,confidence tier MEDIUM: elevated structural-break sensitivity and/or model disagreement for this player,MODEL-SENSITIVE VALUE,https://www.sportsbet.com.au/betting/australian-rules/afl-brownlow-medal/top-20-finish-includes-ineligible--10804257,2026-09-17T04:16:34.686425+00:00
TEAM_VOTES_OU,Hawthorn Team Votes O/U,Under,,Hawthorn,,86.5,1.87,0.53475935828877,0.63285,9.809064171123005,0.18342950000000013,,,,UNKNOWN,PRICE_SUSPECT,Over and Under both priced at 1.87 - flat/templated pricing pattern shared across most team O/U markets; held out of headline value pending a market refresh,REVIEW REQUIRED — PRICE FRESHNESS,https://www.sportsbet.com.au/betting/australian-rules/afl-brownlow-team-votes-o-u/hawthorn-team-votes-o-u-10911269,2026-09-17T04:16:34.686425+00:00
PICK_YOUR_OWN_VOTES,To Poll a Vote,Cam Rayner,Cam Rayner,,,1.0,3.25,0.3076923076923077,0.40576,9.80676923076923,0.3187200000000001,0.0956082926485006,0.0096575501993416,4.0,MEDIUM,VERIFIED_BUT_MODEL_SENSITIVE,confidence tier MEDIUM: elevated structural-break sensitivity and/or model disagreement for this player,MODEL-SENSITIVE VALUE,https://www.sportsbet.com.au/betting/australian-rules/afl-brownlow-pick-your-own-vote/to-poll-a-vote-10868936,2026-09-17T04:16:34.686425+00:00
TOP_N,Top 20 Finish (Includes Ineligible),Harry Sheezel,Harry Sheezel,,,20.0,1.11,0.9009009009009008,0.99894,9.803909909909924,0.10882340000000013,3.295562707918688,2.261067858862265,15.0,HIGH,VERIFIED_BUT_MODEL_SENSITIVE,confidence tier HIGH: elevated structural-break sensitivity and/or model disagreement for this player,MODEL-SENSITIVE VALUE,https://www.sportsbet.com.au/betting/australian-rules/afl-brownlow-medal/top-20-finish-includes-ineligible--10804257,2026-09-17T04:16:34.686425+00:00
PICK_YOUR_OWN_VOTES,To Poll a Vote,Lachlan McAndrew,Lachlan McAndrew,,,1.0,3.5,0.2857142857142857,0.38027,9.45557142857143,0.33094500000000004,0.2380141826618501,0.0169283905951428,4.0,MEDIUM,VERIFIED_BUT_MODEL_SENSITIVE,confidence tier MEDIUM: elevated structural-break sensitivity and/or model disagreement for this player,MODEL-SENSITIVE VALUE,https://www.sportsbet.com.au/betting/australian-rules/afl-brownlow-pick-your-own-vote/to-poll-a-vote-10868936,2026-09-17T04:16:34.686425+00:00
PLAYER_H2H,AFL Brownlow H2H's,Brodie Grundy to outpoll Christian Petracca,Brodie Grundy,,Christian Petracca,,2.04,0.49019607843137253,0.58433,9.413392156862749,0.19203320000000001,2.005547388796769,0.2885413989260588,12.0,HIGH,SETTLEMENT_UNCERTAIN,non-trivial tie probability between the two players (0.094),REVIEW REQUIRED,https://www.sportsbet.com.au/betting/australian-rules/afl-brownlow-h2hs/christian-petracca-v-brodie-grundy-10911798,2026-09-17T04:16:34.686425+00:00
TOP_N,Top 3 Finish (Includes Ineligible),Will Ashcroft,Will Ashcroft,,,3.0,13.0,0.07692307692307693,0.16971,9.278692307692307,1.2062300000000001,0.9646709709757744,0.6242991531514086,12.0,HIGH,VERIFIED_BUT_MODEL_SENSITIVE,confidence tier HIGH: elevated structural-break sensitivity and/or model disagreement for this player,MODEL-SENSITIVE VALUE,https://www.sportsbet.com.au/betting/australian-rules/afl-brownlow-medal/top-3-finish-includes-ineligible--10804244,2026-09-17T04:16:34.686425+00:00
TOP_N,Top 3 Finish (Includes Ineligible),Zak Butters,Zak Butters,,,3.0,101.0,0.009900990099009901,0.09975,8.98490099009901,9.07475,6.428976510436936,4.498847565358734,13.0,HIGH,VERIFIED_BUT_MODEL_SENSITIVE,confidence tier HIGH: elevated structural-break sensitivity and/or model disagreement for this player,MODEL-SENSITIVE VALUE,https://www.sportsbet.com.au/betting/australian-rules/afl-brownlow-medal/top-3-finish-includes-ineligible--10804244,2026-09-17T04:16:34.686425+00:00
PICK_YOUR_OWN_VOTES,To Poll a Vote,Daniel Turner,Daniel Turner,,,1.0,3.45,0.2898550724637681,0.37514,8.528492753623185,0.29423299999999997,0.1360923682887176,0.0348407143438963,4.0,MEDIUM,VERIFIED_BUT_MODEL_SENSITIVE,confidence tier MEDIUM: elevated structural-break sensitivity and/or model disagreement for this player,MODEL-SENSITIVE VALUE,https://www.sportsbet.com.au/betting/australian-rules/afl-brownlow-pick-your-own-vote/to-poll-a-vote-10868936,2026-09-17T04:16:34.686425+00:00
TEAM_TOP_POLLER,Sydney Swans Most Votes,Isaac Heeney,Isaac Heeney,Sydney Swans,,,1.17,0.8547008547008548,0.9388166666666665,8.411581196581174,0.09841549999999977,1.4572012731110888,1.360733830105417,13.0,HIGH,VERIFIED_BUT_MODEL_SENSITIVE,confidence tier HIGH: elevated structural-break sensitivity and/or model disagreement for this player,MODEL-SENSITIVE VALUE,https://www.sportsbet.com.au/betting/australian-rules/afl-brownlow-teams/sydney-swans-most-votes-10819447,2026-09-17T04:16:34.686425+00:00
TRIFECTA,Brownlow Medal Trifecta,Nick Daicos/Bailey Smith/Will Ashcroft,Nick Daicos,,Nick Daicos/Bailey Smith/Will Ashcroft,,29.0,0.034482758620689655,0.11653,8.204724137931034,2.3793699999999998,0.9232905686771886,0.2331800353149589,12.0,HIGH,VERIFIED_BUT_MODEL_SENSITIVE,confidence tier HIGH: elevated structural-break sensitivity and/or model disagreement for this player,MODEL-SENSITIVE VALUE,https://www.sportsbet.com.au/betting/australian-rules/afl-brownlow-medal/brownlow-medal-trifecta-10861172,2026-09-17T04:16:34.686425+00:00
PICK_YOUR_OWN_VOTES,To poll 10 or more votes,Max Hall,Max Hall,,,10.0,1.49,0.6711409395973155,0.75148,8.033906040268457,0.11970520000000007,1.5980022838115655,1.584897362457781,12.0,HIGH,VERIFIED_BUT_MODEL_SENSITIVE,confidence tier HIGH: elevated structural-break sensitivity and/or model disagreement for this player,MODEL-SENSITIVE VALUE,https://www.sportsbet.com.au/betting/australian-rules/afl-brownlow-pick-your-own-vote/to-poll-10-or-more-votes-10865473,2026-09-17T04:16:34.686425+00:00
TRIFECTA,Brownlow Medal Trifecta,Nick Daicos/Bailey Smith/Zak Butters,Nick Daicos,,Nick Daicos/Bailey Smith/Zak Butters,,551.0,0.0018148820326678765,0.08066,7.884511796733213,43.443659999999994,0.9232905686771886,0.2331800353149589,12.0,HIGH,VERIFIED_BUT_MODEL_SENSITIVE,confidence tier HIGH: elevated structural-break sensitivity and/or model disagreement for this player,MODEL-SENSITIVE VALUE,https://www.sportsbet.com.au/betting/australian-rules/afl-brownlow-medal/brownlow-medal-trifecta-10861172,2026-09-17T04:16:34.686425+00:00
PICK_YOUR_OWN_VOTES,To Poll a Vote,Willem Duursma,Willem Duursma,,,1.0,2.65,0.37735849056603776,0.45492,7.756150943396223,0.205538,0.1400082363607144,0.111957204969818,4.0,MEDIUM,VERIFIED_BUT_MODEL_SENSITIVE,confidence tier MEDIUM: elevated structural-break sensitivity and/or model disagreement for this player,MODEL-SENSITIVE VALUE,https://www.sportsbet.com.au/betting/australian-rules/afl-brownlow-pick-your-own-vote/to-poll-a-vote-10868936,2026-09-17T04:16:34.686425+00:00
PICK_YOUR_OWN_VOTES,To poll 10 or more votes,John Noble,John Noble,,,10.0,7.5,0.13333333333333333,0.21047,7.713666666666666,0.578525,1.1450843681604717,0.4968566938633536,11.0,HIGH,VERIFIED_BUT_MODEL_SENSITIVE,confidence tier HIGH: elevated structural-break sensitivity and/or model disagreement for this player,MODEL-SENSITIVE VALUE,https://www.sportsbet.com.au/betting/australian-rules/afl-brownlow-pick-your-own-vote/to-poll-10-or-more-votes-10865473,2026-09-17T04:16:34.686425+00:00
TEAM_VOTES_OU,Fremantle Team Votes O/U,Under,,Fremantle,,99.5,1.87,0.53475935828877,0.6118,7.7040641711230045,0.14406600000000003,,,,UNKNOWN,PRICE_SUSPECT,Over and Under both priced at 1.87 - flat/templated pricing pattern shared across most team O/U markets; held out of headline value pending a market refresh,REVIEW REQUIRED — PRICE FRESHNESS,https://www.sportsbet.com.au/betting/australian-rules/afl-brownlow-team-votes-o-u/fremantle-team-votes-o-u-10911262,2026-09-17T04:16:34.686425+00:00
TOP_N,Top 10 Finish (Includes Ineligible),Izak Rankine,Izak Rankine,,,10.0,2.15,0.46511627906976744,0.54103,7.591372093023257,0.16321450000000004,0.4248485053324877,0.4248485053324877,10.0,HIGH,VERIFIED_BUT_MODEL_SENSITIVE,confidence tier HIGH: elevated structural-break sensitivity and/or model disagreement for this player,MODEL-SENSITIVE VALUE,https://www.sportsbet.com.au/betting/australian-rules/afl-brownlow-medal/top-10-finish-includes-ineligible--10804256,2026-09-17T04:16:34.686425+00:00
PICK_YOUR_OWN_VOTES,To poll 15 or more votes,Brodie Grundy,Brodie Grundy,,,15.0,4.4,0.22727272727272727,0.30189,7.4617272727272725,0.32831600000000005,2.005547388796769,0.2885413989260588,12.0,HIGH,VERIFIED_BUT_MODEL_SENSITIVE,confidence tier HIGH: elevated structural-break sensitivity and/or model disagreement for this player,MODEL-SENSITIVE VALUE,https://www.sportsbet.com.au/betting/australian-rules/afl-brownlow-pick-your-own-vote/to-poll-15-or-more-votes-10865474,2026-09-17T04:16:34.686425+00:00
GROUP_H2H,Brownlow Group - Group A,Lachie Neale,Lachie Neale,,Group A,,9.0,0.1111111111111111,0.18558783333333334,7.447672222222224,0.6702905000000001,0.639783272451762,0.4178617270819131,13.0,HIGH,VERIFIED_BUT_MODEL_SENSITIVE,confidence tier HIGH: elevated structural-break sensitivity and/or model disagreement for this player,MODEL-SENSITIVE VALUE,https://www.sportsbet.com.au/betting/australian-rules/afl-brownlow-medal/brownlow-group-group-a-10915095,2026-09-17T04:16:34.686425+00:00
PICK_YOUR_OWN_VOTES,To poll 30 or more votes,Bailey Smith,Bailey Smith,,,30.0,1.14,0.8771929824561404,0.94997,7.277701754385957,0.08296579999999998,0.581983245516696,0.2682935583187955,15.0,HIGH,VERIFIED_BUT_MODEL_SENSITIVE,confidence tier HIGH: elevated structural-break sensitivity and/or model disagreement for this player,MODEL-SENSITIVE VALUE,https://www.sportsbet.com.au/betting/australian-rules/afl-brownlow-pick-your-own-vote/to-poll-30-or-more-votes-10865488,2026-09-17T04:16:34.686425+00:00
PICK_YOUR_OWN_VOTES,To Poll a Vote,Colby McKercher,Colby McKercher,,,1.0,1.28,0.78125,0.85149,7.023999999999997,0.08990720000000008,0.7835896975489638,0.6534747948683228,7.0,HIGH,VERIFIED_BUT_MODEL_SENSITIVE,confidence tier HIGH: elevated structural-break sensitivity and/or model disagreement for this player,MODEL-SENSITIVE VALUE,https://www.sportsbet.com.au/betting/australian-rules/afl-brownlow-pick-your-own-vote/to-poll-a-vote-10868936,2026-09-17T04:16:34.686425+00:00
PLAYER_VOTES_OU,Kysaiah Pickett Votes O/U,Under,Kysaiah Pickett,,,19.5,1.87,0.53475935828877,0.60396,6.920064171123008,0.1294052000000001,0.0813679360765249,0.0411218884956916,10.0,MEDIUM,VERIFIED_BUT_MODEL_SENSITIVE,confidence tier MEDIUM: elevated structural-break sensitivity and/or model disagreement for this player,MODEL-SENSITIVE VALUE,https://www.sportsbet.com.au/betting/australian-rules/afl-brownlow-player-votes-o-u/kysaiah-pickett-votes-o-u-10911172,2026-09-17T04:16:34.686425+00:00
TEAM_TOP_POLLER,Essendon Most Votes,Zach Merrett,Zach Merrett,Essendon,,,1.33,0.7518796992481203,0.8198878333333333,6.8008134085213,0.09045081833333324,0.552517649918391,0.1188754591178664,11.0,HIGH,VERIFIED_BUT_MODEL_SENSITIVE,confidence tier HIGH: elevated structural-break sensitivity and/or model disagreement for this player,MODEL-SENSITIVE VALUE,https://www.sportsbet.com.au/betting/australian-rules/afl-brownlow-teams/essendon-most-votes-10819446,2026-09-17T04:16:34.686425+00:00
PICK_YOUR_OWN_VOTES,To Poll a Vote,Marc Pittonet,Marc Pittonet,,,1.0,1.71,0.5847953216374269,0.65269,6.789467836257312,0.11609990000000003,0.2074714876793084,0.1465747950100475,5.0,MEDIUM,VERIFIED_BUT_MODEL_SENSITIVE,confidence tier MEDIUM: elevated structural-break sensitivity and/or model disagreement for this player,MODEL-SENSITIVE VALUE,https://www.sportsbet.com.au/betting/australian-rules/afl-brownlow-pick-your-own-vote/to-poll-a-vote-10868936,2026-09-17T04:16:34.686425+00:00
TOP_N,Top 3 Finish (Includes Ineligible),Lachie Neale,Lachie Neale,,,3.0,31.0,0.03225806451612903,0.0994,6.714193548387097,2.0814,0.639783272451762,0.4178617270819131,13.0,HIGH,VERIFIED_BUT_MODEL_SENSITIVE,confidence tier HIGH: elevated structural-break sensitivity and/or model disagreement for this player,MODEL-SENSITIVE VALUE,https://www.sportsbet.com.au/betting/australian-rules/afl-brownlow-medal/top-3-finish-includes-ineligible--10804244,2026-09-17T04:16:34.686425+00:00
PICK_YOUR_OWN_VOTES,To poll 10 or more votes,Nick Blakey,Nick Blakey,,,10.0,15.0,0.06666666666666667,0.13351,6.684333333333332,1.00265,0.5031257057057585,0.3280400184548115,9.0,HIGH,VERIFIED_BUT_MODEL_SENSITIVE,confidence tier HIGH: elevated structural-break sensitivity and/or model disagreement for this player,MODEL-SENSITIVE VALUE,https://www.sportsbet.com.au/betting/australian-rules/afl-brownlow-pick-your-own-vote/to-poll-10-or-more-votes-10865473,2026-09-17T04:16:34.686425+00:00
PICK_YOUR_OWN_VOTES,To Poll a Vote,Joe Richards,Joe Richards,,,1.0,1.31,0.7633587786259541,0.82833,6.497122137404587,0.08511230000000003,0.6412942520285241,0.3309539573198798,7.0,HIGH,VERIFIED_BUT_MODEL_SENSITIVE,confidence tier HIGH: elevated structural-break sensitivity and/or model disagreement for this player,MODEL-SENSITIVE VALUE,https://www.sportsbet.com.au/betting/australian-rules/afl-brownlow-pick-your-own-vote/to-poll-a-vote-10868936,2026-09-17T04:16:34.686425+00:00
PICK_YOUR_OWN_VOTES,To poll 25 or more votes,Lachie Neale,Lachie Neale,,,25.0,3.15,0.31746031746031744,0.38206,6.459968253968257,0.20348900000000003,0.639783272451762,0.4178617270819131,13.0,HIGH,VERIFIED_BUT_MODEL_SENSITIVE,confidence tier HIGH: elevated structural-break sensitivity and/or model disagreement for this player,MODEL-SENSITIVE VALUE,https://www.sportsbet.com.au/betting/australian-rules/afl-brownlow-pick-your-own-vote/to-poll-25-or-more-votes-10865487,2026-09-17T04:16:34.686425+00:00
TOP_N,Top 5 Finish (Includes Ineligible),Isaac Heeney,Isaac Heeney,,,5.0,3.75,0.26666666666666666,0.32884,6.217333333333336,0.2331500000000002,1.4572012731110888,1.360733830105417,13.0,HIGH,VERIFIED_BUT_MODEL_SENSITIVE,confidence tier HIGH: elevated structural-break sensitivity and/or model disagreement for this player,MODEL-SENSITIVE VALUE,https://www.sportsbet.com.au/betting/australian-rules/afl-brownlow-medal/top-5-finish-includes-ineligible--10804245,2026-09-17T04:16:34.686425+00:00
PICK_YOUR_OWN_VOTES,To Poll a Vote,Connor O'Sullivan,Connor O'Sullivan,,,1.0,3.2,0.3125,0.37264,6.014000000000003,0.19244800000000017,0.1996585357705484,0.1097725073270651,4.0,MEDIUM,VERIFIED_BUT_MODEL_SENSITIVE,confidence tier MEDIUM: elevated structural-break sensitivity and/or model disagreement for this player,MODEL-SENSITIVE VALUE,https://www.sportsbet.com.au/betting/australian-rules/afl-brownlow-pick-your-own-vote/to-poll-a-vote-10868936,2026-09-17T04:16:34.686425+00:00
PLAYER_H2H,AFL Brownlow H2H's,Errol Gulden to outpoll Max Holmes,Errol Gulden,,Max Holmes,,2.46,0.4065040650406504,0.46645,5.994593495934958,0.14746700000000001,0.0719932561782137,0.062356295497624,7.0,MEDIUM,SETTLEMENT_UNCERTAIN,non-trivial tie probability between the two players (0.114),REVIEW REQUIRED,https://www.sportsbet.com.au/betting/australian-rules/afl-brownlow-h2hs/max-holmes-v-errol-gulden-10911795,2026-09-17T04:16:34.686425+00:00
TOP_N,Top 3 Finish (Includes Ineligible),Isaac Heeney,Isaac Heeney,,,3.0,26.0,0.038461538461538464,0.09796,5.9498461538461545,1.5469600000000003,1.4572012731110888,1.360733830105417,13.0,HIGH,VERIFIED_BUT_MODEL_SENSITIVE,confidence tier HIGH: elevated structural-break sensitivity and/or model disagreement for this player,MODEL-SENSITIVE VALUE,https://www.sportsbet.com.au/betting/australian-rules/afl-brownlow-medal/top-3-finish-includes-ineligible--10804244,2026-09-17T04:16:34.686425+00:00
PICK_YOUR_OWN_VOTES,To poll 10 or more votes,Touk Miller,Touk Miller,,,10.0,3.5,0.2857142857142857,0.34312,5.740571428571428,0.20092,0.3699715507946095,0.3699715507946095,10.0,HIGH,VERIFIED_BUT_MODEL_SENSITIVE,confidence tier HIGH: elevated structural-break sensitivity and/or model disagreement for this player,MODEL-SENSITIVE VALUE,https://www.sportsbet.com.au/betting/australian-rules/afl-brownlow-pick-your-own-vote/to-poll-10-or-more-votes-10865473,2026-09-17T04:16:34.686425+00:00
PICK_YOUR_OWN_VOTES,To Poll a Vote,Kane Farrell,Kane Farrell,,,1.0,2.1,0.47619047619047616,0.53262,5.642952380952382,0.11850200000000011,0.4965214016222026,0.4216385451847146,4.0,HIGH,VERIFIED_BUT_MODEL_SENSITIVE,confidence tier HIGH: elevated structural-break sensitivity and/or model disagreement for this player,MODEL-SENSITIVE VALUE,https://www.sportsbet.com.au/betting/australian-rules/afl-brownlow-pick-your-own-vote/to-poll-a-vote-10868936,2026-09-17T04:16:34.686425+00:00
PLAYER_VOTES_OU,Izak Rankine Votes O/U,Under,Izak Rankine,,,21.5,1.87,0.53475935828877,0.59039,5.563064171123,0.1040293000000001,0.4248485053324877,0.4248485053324877,10.0,HIGH,VERIFIED_BUT_MODEL_SENSITIVE,confidence tier HIGH: elevated structural-break sensitivity and/or model disagreement for this player,MODEL-SENSITIVE VALUE,https://www.sportsbet.com.au/betting/australian-rules/afl-brownlow-player-votes-o-u/izak-rankine-votes-o-u-10911163,2026-09-17T04:16:34.686425+00:00
TOP_N,Top 10 Finish (Includes Ineligible),Clayton Oliver,Clayton Oliver,,,10.0,71.0,0.014084507042253521,0.06746,5.337549295774648,3.7896600000000005,1.5406257026378594,0.344609362730635,16.0,HIGH,VERIFIED_BUT_MODEL_SENSITIVE,confidence tier HIGH: elevated structural-break sensitivity and/or model disagreement for this player,MODEL-SENSITIVE VALUE,https://www.sportsbet.com.au/betting/australian-rules/afl-brownlow-medal/top-10-finish-includes-ineligible--10804256,2026-09-17T04:16:34.686425+00:00
TEAM_VOTES_OU,Adelaide Crows Team Votes O/U,Over,,Adelaide Crows,,84.5,1.87,0.53475935828877,0.58538,5.062064171123004,0.0946606000000001,,,,UNKNOWN,PRICE_SUSPECT,Over and Under both priced at 1.87 - flat/templated pricing pattern shared across most team O/U markets; held out of headline value pending a market refresh,REVIEW REQUIRED — PRICE FRESHNESS,https://www.sportsbet.com.au/betting/australian-rules/afl-brownlow-team-votes-o-u/adelaide-crows-team-votes-o-u-10911236,2026-09-17T04:16:34.686425+00:00
TRIFECTA,Brownlow Medal Trifecta,Nick Daicos/Bailey Smith/Lachie Neale,Nick Daicos,,Nick Daicos/Bailey Smith/Lachie Neale,,51.0,0.0196078431372549,0.06959,4.998215686274509,2.54909,0.9232905686771886,0.2331800353149589,12.0,HIGH,VERIFIED_BUT_MODEL_SENSITIVE,confidence tier HIGH: elevated structural-break sensitivity and/or model disagreement for this player,MARGINAL EDGE,https://www.sportsbet.com.au/betting/australian-rules/afl-brownlow-medal/brownlow-medal-trifecta-10861172,2026-09-17T04:16:34.686425+00:00
PLAYER_H2H,AFL Brownlow H2H's,Jack Gunston to outpoll Jacob van Rooyen,Jack Gunston,,Jacob van Rooyen,,1.87,0.53475935828877,0.58467,4.991064171123005,0.09333290000000005,1.545563377655002,0.3991962453741635,12.0,HIGH,SETTLEMENT_UNCERTAIN,non-trivial tie probability between the two players (0.112),REVIEW REQUIRED,https://www.sportsbet.com.au/betting/australian-rules/afl-brownlow-h2hs/jack-gunston-v-jacob-van-rooyen-10911802,2026-09-17T04:16:34.686425+00:00
TRIFECTA,Brownlow Medal Trifecta,Nick Daicos/Bailey Smith/Isaac Heeney,Nick Daicos,,Nick Daicos/Bailey Smith/Isaac Heeney,,86.0,0.011627906976744186,0.06059,4.896209302325581,4.2107399999999995,0.9232905686771886,0.2331800353149589,12.0,HIGH,VERIFIED_BUT_MODEL_SENSITIVE,confidence tier HIGH: elevated structural-break sensitivity and/or model disagreement for this player,MARGINAL EDGE,https://www.sportsbet.com.au/betting/australian-rules/afl-brownlow-medal/brownlow-medal-trifecta-10861172,2026-09-17T04:16:34.686425+00:00
PICK_YOUR_OWN_VOTES,To Poll a Vote,Josh Weddle,Josh Weddle,,,1.0,4.7,0.2127659574468085,0.26042,4.765404255319147,0.2239739999999999,0.0755371923655199,0.0755371923655199,3.0,MEDIUM,VERIFIED_BUT_MODEL_SENSITIVE,confidence tier MEDIUM: elevated structural-break sensitivity and/or model disagreement for this player,MARGINAL EDGE,https://www.sportsbet.com.au/betting/australian-rules/afl-brownlow-pick-your-own-vote/to-poll-a-vote-10868936,2026-09-17T04:16:34.686425+00:00
TOP_N,Top 3 Finish (Includes Ineligible),Bailey Smith,Bailey Smith,,,3.0,1.07,0.9345794392523364,0.9816,4.702056074766359,0.050312000000000134,0.581983245516696,0.2682935583187955,15.0,HIGH,VERIFIED_BUT_MODEL_SENSITIVE,confidence tier HIGH: elevated structural-break sensitivity and/or model disagreement for this player,MARGINAL EDGE,https://www.sportsbet.com.au/betting/australian-rules/afl-brownlow-medal/top-3-finish-includes-ineligible--10804244,2026-09-17T04:16:34.686425+00:00
PICK_YOUR_OWN_VOTES,To poll 10 or more votes,Noah Anderson,Noah Anderson,,,10.0,1.29,0.7751937984496123,0.82186,4.666620155038769,0.060199400000000125,0.6012730846110834,0.5326948944087739,14.0,HIGH,VERIFIED_BUT_MODEL_SENSITIVE,confidence tier HIGH: elevated structural-break sensitivity and/or model disagreement for this player,MARGINAL EDGE,https://www.sportsbet.com.au/betting/australian-rules/afl-brownlow-pick-your-own-vote/to-poll-10-or-more-votes-10865473,2026-09-17T04:16:34.686425+00:00
PICK_YOUR_OWN_VOTES,To Poll a Vote,Josh Worrell,Josh Worrell,,,1.0,1.89,0.5291005291005292,0.57451,4.540947089947078,0.08582389999999984,0.2730067145834383,0.2730067145834383,5.0,MEDIUM,VERIFIED_BUT_MODEL_SENSITIVE,confidence tier MEDIUM: elevated structural-break sensitivity and/or model disagreement for this player,MARGINAL EDGE,https://www.sportsbet.com.au/betting/australian-rules/afl-brownlow-pick-your-own-vote/to-poll-a-vote-10868936,2026-09-17T04:16:34.686425+00:00
TOP_N,Top 20 Finish (Includes Ineligible),Finn Callaghan,Finn Callaghan,,,20.0,41.0,0.024390243902439025,0.06954,4.514975609756098,1.85114,1.088053089499061,0.8765666737354874,12.0,HIGH,VERIFIED_BUT_MODEL_SENSITIVE,confidence tier HIGH: elevated structural-break sensitivity and/or model disagreement for this player,MARGINAL EDGE,https://www.sportsbet.com.au/betting/australian-rules/afl-brownlow-medal/top-20-finish-includes-ineligible--10804257,2026-09-17T04:16:34.686425+00:00
PICK_YOUR_OWN_VOTES,To Poll a Vote,James Peatling,James Peatling,,,1.0,1.19,0.8403361344537815,0.88246,4.212386554621849,0.050127400000000044,0.2109529297172909,0.2109529297172909,8.0,MEDIUM,VERIFIED_BUT_MODEL_SENSITIVE,confidence tier MEDIUM: elevated structural-break sensitivity and/or model disagreement for this player,MARGINAL EDGE,https://www.sportsbet.com.au/betting/australian-rules/afl-brownlow-pick-your-own-vote/to-poll-a-vote-10868936,2026-09-17T04:16:34.686425+00:00
PICK_YOUR_OWN_VOTES,To Poll a Vote,Edward Allan,Edward Allan,,,1.0,3.15,0.31746031746031744,0.35936,4.189968253968257,0.1319840000000001,0.0608072937556666,0.0608072937556666,3.0,MEDIUM,VERIFIED_BUT_MODEL_SENSITIVE,confidence tier MEDIUM: elevated structural-break sensitivity and/or model disagreement for this player,MARGINAL EDGE,https://www.sportsbet.com.au/betting/australian-rules/afl-brownlow-pick-your-own-vote/to-poll-a-vote-10868936,2026-09-17T04:16:34.686425+00:00
PICK_YOUR_OWN_VOTES,To poll 10 or more votes,Lachie Ash,Lachie Ash,,,10.0,3.2,0.3125,0.35311,4.060999999999998,0.12995200000000007,1.4624183521882523,0.9397741294658388,11.0,HIGH,VERIFIED_BUT_MODEL_SENSITIVE,confidence tier HIGH: elevated structural-break sensitivity and/or model disagreement for this player,MARGINAL EDGE,https://www.sportsbet.com.au/betting/australian-rules/afl-brownlow-pick-your-own-vote/to-poll-10-or-more-votes-10865473,2026-09-17T04:16:34.686425+00:00
GROUP_H2H,Brownlow Group - Group D,Nick Blakey,Nick Blakey,,Group D,,9.0,0.1111111111111111,0.1497163333333333,3.8605222222222206,0.34744699999999984,0.5031257057057585,0.3280400184548115,9.0,HIGH,VERIFIED_BUT_MODEL_SENSITIVE,confidence tier HIGH: elevated structural-break sensitivity and/or model disagreement for this player,MARGINAL EDGE,https://www.sportsbet.com.au/betting/australian-rules/afl-brownlow-medal/brownlow-group-group-d-10915098,2026-09-17T04:16:34.686425+00:00
PICK_YOUR_OWN_VOTES,To Poll a Vote,Jake Melksham,Jake Melksham,,,1.0,6.0,0.16666666666666666,0.20196,3.5293333333333345,0.21175999999999995,0.2103082626407499,0.0299605477083038,3.0,MEDIUM,VERIFIED_BUT_MODEL_SENSITIVE,confidence tier MEDIUM: elevated structural-break sensitivity and/or model disagreement for this player,MARGINAL EDGE,https://www.sportsbet.com.au/betting/australian-rules/afl-brownlow-pick-your-own-vote/to-poll-a-vote-10868936,2026-09-17T04:16:34.686425+00:00
TEAM_VOTES_OU,Carlton Team Votes O/U,Under,,Carlton,,72.5,1.87,0.53475935828877,0.56693,3.2170641711230075,0.06015910000000013,,,,UNKNOWN,PRICE_SUSPECT,Over and Under both priced at 1.87 - flat/templated pricing pattern shared across most team O/U markets; held out of headline value pending a market refresh,REVIEW REQUIRED — PRICE FRESHNESS,https://www.sportsbet.com.au/betting/australian-rules/afl-brownlow-team-votes-o-u/carlton-team-votes-o-u-10911255,2026-09-17T04:16:34.686425+00:00
TEAM_TOP_POLLER,Fremantle Most Votes,Caleb Serong,Caleb Serong,Fremantle,,,2.88,0.3472222222222222,0.37929433333333334,3.2072111111111132,0.09236767999999995,0.7101854195620962,0.4478862385459248,14.0,HIGH,VERIFIED_BUT_MODEL_SENSITIVE,confidence tier HIGH: elevated structural-break sensitivity and/or model disagreement for this player,MARGINAL EDGE,https://www.sportsbet.com.au/betting/australian-rules/afl-brownlow-teams/fremantle-most-votes-10819448,2026-09-17T04:16:34.686425+00:00
PLAYER_VOTES_OU,Chad Warner Votes O/U,Under,Chad Warner,,,15.5,1.87,0.53475935828877,0.56515,3.039064171123007,0.05683050000000023,0.9607790881852304,0.9607790881852304,13.0,HIGH,VERIFIED_BUT_MODEL_SENSITIVE,confidence tier HIGH: elevated structural-break sensitivity and/or model disagreement for this player,MARGINAL EDGE,https://www.sportsbet.com.au/betting/australian-rules/afl-brownlow-player-votes-o-u/chad-warner-votes-o-u-10911208,2026-09-17T04:16:34.686425+00:00
PLAYER_H2H,AFL Brownlow H2H's,Clayton Oliver to outpoll Zac Bailey,Clayton Oliver,,Zac Bailey,,1.5,0.6666666666666666,0.69678,3.0113333333333325,0.04516999999999993,1.5406257026378594,0.344609362730635,16.0,HIGH,SETTLEMENT_UNCERTAIN,non-trivial tie probability between the two players (0.066),REVIEW REQUIRED,https://www.sportsbet.com.au/betting/australian-rules/afl-brownlow-h2hs/clayton-oliver-v-zac-bailey-10911799,2026-09-17T04:16:34.686425+00:00
PICK_YOUR_OWN_VOTES,To Poll a Vote,Nick Larkey,Nick Larkey,,,1.0,1.21,0.8264462809917356,0.85481,2.83637190082644,0.034320099999999965,0.4608956477951724,0.230278735975848,7.0,HIGH,VERIFIED_BUT_MODEL_SENSITIVE,confidence tier HIGH: elevated structural-break sensitivity and/or model disagreement for this player,MARGINAL EDGE,https://www.sportsbet.com.au/betting/australian-rules/afl-brownlow-pick-your-own-vote/to-poll-a-vote-10868936,2026-09-17T04:16:34.686425+00:00
PICK_YOUR_OWN_VOTES,To poll 30 or more votes,Will Ashcroft,Will Ashcroft,,,30.0,21.0,0.047619047619047616,0.07578,2.8160952380952384,0.59138,0.9646709709757744,0.6242991531514086,12.0,HIGH,VERIFIED_BUT_MODEL_SENSITIVE,confidence tier HIGH: elevated structural-break sensitivity and/or model disagreement for this player,MARGINAL EDGE,https://www.sportsbet.com.au/betting/australian-rules/afl-brownlow-pick-your-own-vote/to-poll-30-or-more-votes-10865488,2026-09-17T04:16:34.686425+00:00
TEAM_TOP_POLLER,Gold Coast SUNS Most Votes,John Noble,John Noble,Gold Coast SUNS,,,81.0,0.012345679012345678,0.03998566666666667,2.763998765432099,2.238839,1.1450843681604717,0.4968566938633536,11.0,HIGH,VERIFIED_BUT_MODEL_SENSITIVE,confidence tier HIGH: elevated structural-break sensitivity and/or model disagreement for this player,MARGINAL EDGE,https://www.sportsbet.com.au/betting/australian-rules/afl-brownlow-teams/gold-coast-suns-most-votes-10819441,2026-09-17T04:16:34.686425+00:00
PICK_YOUR_OWN_VOTES,To Poll a Vote,Callum Brown,Callum Brown,,,1.0,4.2,0.23809523809523808,0.26558,2.74847619047619,0.11543599999999987,0.0200933209622828,0.0200933209622828,3.0,LOW,VERIFIED,,MARGINAL EDGE,https://www.sportsbet.com.au/betting/australian-rules/afl-brownlow-pick-your-own-vote/to-poll-a-vote-10868936,2026-09-17T04:16:34.686425+00:00
PICK_YOUR_OWN_VOTES,To Poll a Vote,Jai Serong,Jai Serong,,,1.0,1.94,0.5154639175257733,0.54196,2.6496082474226745,0.05140239999999996,0.1100679171896058,0.0283984054622574,4.0,MEDIUM,VERIFIED_BUT_MODEL_SENSITIVE,confidence tier MEDIUM: elevated structural-break sensitivity and/or model disagreement for this player,MARGINAL EDGE,https://www.sportsbet.com.au/betting/australian-rules/afl-brownlow-pick-your-own-vote/to-poll-a-vote-10868936,2026-09-17T04:16:34.686425+00:00
TOP_N,Top 10 Finish (Includes Ineligible),Kysaiah Pickett,Kysaiah Pickett,,,10.0,4.5,0.2222222222222222,0.24849,2.626777777777778,0.1182049999999999,0.0813679360765249,0.0411218884956916,10.0,MEDIUM,VERIFIED_BUT_MODEL_SENSITIVE,confidence tier MEDIUM: elevated structural-break sensitivity and/or model disagreement for this player,MARGINAL EDGE,https://www.sportsbet.com.au/betting/australian-rules/afl-brownlow-medal/top-10-finish-includes-ineligible--10804256,2026-09-17T04:16:34.686425+00:00
TOP_N,Top 5 Finish (Includes Ineligible),Ed Richards,Ed Richards,,,5.0,101.0,0.009900990099009901,0.03615,2.6249009900990097,2.6511500000000003,0.4277553175864597,0.1837798777744943,13.0,MEDIUM,VERIFIED_BUT_MODEL_SENSITIVE,confidence tier MEDIUM: elevated structural-break sensitivity and/or model disagreement for this player,MARGINAL EDGE,https://www.sportsbet.com.au/betting/australian-rules/afl-brownlow-medal/top-5-finish-includes-ineligible--10804245,2026-09-17T04:16:34.686425+00:00
PICK_YOUR_OWN_VOTES,To Poll a Vote,Will Setterfield,Will Setterfield,,,1.0,1.74,0.5747126436781609,0.59999,2.527735632183914,0.043982600000000094,0.2327844364498996,0.1819173120651973,4.0,MEDIUM,VERIFIED_BUT_MODEL_SENSITIVE,confidence tier MEDIUM: elevated structural-break sensitivity and/or model disagreement for this player,MARGINAL EDGE,https://www.sportsbet.com.au/betting/australian-rules/afl-brownlow-pick-your-own-vote/to-poll-a-vote-10868936,2026-09-17T04:16:34.686425+00:00
TOP_N,Top 10 Finish (Includes Ineligible),Caleb Serong,Caleb Serong,,,10.0,41.0,0.024390243902439025,0.04836,2.3969756097560975,0.9827600000000001,0.7101854195620962,0.4478862385459248,14.0,HIGH,VERIFIED_BUT_MODEL_SENSITIVE,confidence tier HIGH: elevated structural-break sensitivity and/or model disagreement for this player,MARGINAL EDGE,https://www.sportsbet.com.au/betting/australian-rules/afl-brownlow-medal/top-10-finish-includes-ineligible--10804256,2026-09-17T04:16:34.686425+00:00
PICK_YOUR_OWN_VOTES,To poll 20 or more votes,Ed Richards,Ed Richards,,,20.0,2.85,0.3508771929824561,0.37296,2.208280701754389,0.0629360000000001,0.4277553175864597,0.1837798777744943,13.0,MEDIUM,VERIFIED_BUT_MODEL_SENSITIVE,confidence tier MEDIUM: elevated structural-break sensitivity and/or model disagreement for this player,MARGINAL EDGE,https://www.sportsbet.com.au/betting/australian-rules/afl-brownlow-pick-your-own-vote/to-poll-20-or-more-votes-10865485,2026-09-17T04:16:34.686425+00:00
TOP_N,Top 5 Finish (Includes Ineligible),Izak Rankine,Izak Rankine,,,5.0,19.0,0.05263157894736842,0.07443,2.179842105263158,0.4141699999999999,0.4248485053324877,0.4248485053324877,10.0,HIGH,VERIFIED_BUT_MODEL_SENSITIVE,confidence tier HIGH: elevated structural-break sensitivity and/or model disagreement for this player,MARGINAL EDGE,https://www.sportsbet.com.au/betting/australian-rules/afl-brownlow-medal/top-5-finish-includes-ineligible--10804245,2026-09-17T04:16:34.686425+00:00
GROUP_H2H,Brownlow Group - Group A,Isaac Heeney,Isaac Heeney,,Group A,,6.5,0.15384615384615385,0.17554583333333332,2.169967948717946,0.1410479166666665,1.4572012731110888,1.360733830105417,13.0,HIGH,VERIFIED_BUT_MODEL_SENSITIVE,confidence tier HIGH: elevated structural-break sensitivity and/or model disagreement for this player,MARGINAL EDGE,https://www.sportsbet.com.au/betting/australian-rules/afl-brownlow-medal/brownlow-group-group-a-10915095,2026-09-17T04:16:34.686425+00:00
PICK_YOUR_OWN_VOTES,To poll 30 or more votes,Isaac Heeney,Isaac Heeney,,,30.0,46.0,0.021739130434782608,0.04247,2.073086956521739,0.9536200000000001,1.4572012731110888,1.360733830105417,13.0,HIGH,VERIFIED_BUT_MODEL_SENSITIVE,confidence tier HIGH: elevated structural-break sensitivity and/or model disagreement for this player,MARGINAL EDGE,https://www.sportsbet.com.au/betting/australian-rules/afl-brownlow-pick-your-own-vote/to-poll-30-or-more-votes-10865488,2026-09-17T04:16:34.686425+00:00
TOP_N,Top 20 Finish (Includes Ineligible),Sam Walsh,Sam Walsh,,,20.0,3.5,0.2857142857142857,0.3062,2.048571428571433,0.0717000000000001,0.9935738813477945,0.9935738813477945,14.0,HIGH,VERIFIED_BUT_MODEL_SENSITIVE,confidence tier HIGH: elevated structural-break sensitivity and/or model disagreement for this player,MARGINAL EDGE,https://www.sportsbet.com.au/betting/australian-rules/afl-brownlow-medal/top-20-finish-includes-ineligible--10804257,2026-09-17T04:16:34.686425+00:00
TOP_N,Top 20 Finish (Includes Ineligible),Tom Sparrow,Tom Sparrow,,,20.0,19.0,0.05263157894736842,0.0728,2.0168421052631587,0.3832,0.4967386898507655,0.2862814407254337,12.0,HIGH,VERIFIED_BUT_MODEL_SENSITIVE,confidence tier HIGH: elevated structural-break sensitivity and/or model disagreement for this player,MARGINAL EDGE,https://www.sportsbet.com.au/betting/australian-rules/afl-brownlow-medal/top-20-finish-includes-ineligible--10804257,2026-09-17T04:16:34.686425+00:00
PICK_YOUR_OWN_VOTES,To poll 25 or more votes,Isaac Heeney,Isaac Heeney,,,25.0,2.7,0.37037037037037035,0.39021,1.9839629629629651,0.05356700000000014,1.4572012731110888,1.360733830105417,13.0,HIGH,VERIFIED_BUT_MODEL_SENSITIVE,confidence tier HIGH: elevated structural-break sensitivity and/or model disagreement for this player,MARGINAL EDGE,https://www.sportsbet.com.au/betting/australian-rules/afl-brownlow-pick-your-own-vote/to-poll-25-or-more-votes-10865487,2026-09-17T04:16:34.686425+00:00
PLAYER_H2H,AFL Brownlow H2H's,Caleb Serong to outpoll Harley Reid,Caleb Serong,,Harley Reid,,1.5,0.6666666666666666,0.6854,1.873333333333338,0.028100000000000014,0.7101854195620962,0.4478862385459248,14.0,HIGH,SETTLEMENT_UNCERTAIN,non-trivial tie probability between the two players (0.072),REVIEW REQUIRED,https://www.sportsbet.com.au/betting/australian-rules/afl-brownlow-h2hs/caleb-serong-v-harley-reid-10911797,2026-09-17T04:16:34.686425+00:00
PICK_YOUR_OWN_VOTES,To poll 10 or more votes,Toby Greene,Toby Greene,,,10.0,1.87,0.53475935828877,0.55333,1.8570641711230018,0.03472710000000001,1.4676632242243404,0.7926971329510515,12.0,HIGH,VERIFIED_BUT_MODEL_SENSITIVE,confidence tier HIGH: elevated structural-break sensitivity and/or model disagreement for this player,MARGINAL EDGE,https://www.sportsbet.com.au/betting/australian-rules/afl-brownlow-pick-your-own-vote/to-poll-10-or-more-votes-10865473,2026-09-17T04:16:34.686425+00:00
PICK_YOUR_OWN_VOTES,To poll 15 or more votes,Harry Sheezel,Harry Sheezel,,,15.0,1.02,0.9803921568627451,0.99871,1.831784313725493,0.01868420000000004,3.295562707918688,2.261067858862265,15.0,HIGH,VERIFIED_BUT_MODEL_SENSITIVE,confidence tier HIGH: elevated structural-break sensitivity and/or model disagreement for this player,MARGINAL EDGE,https://www.sportsbet.com.au/betting/australian-rules/afl-brownlow-pick-your-own-vote/to-poll-15-or-more-votes-10865474,2026-09-17T04:16:34.686425+00:00
PICK_YOUR_OWN_VOTES,To Poll a Vote,Kane McAuliffe,Kane McAuliffe,,,1.0,2.5,0.4,0.41765,1.765,0.04412499999999997,0.1937497251369687,0.1937497251369687,3.0,MEDIUM,VERIFIED_BUT_MODEL_SENSITIVE,confidence tier MEDIUM: elevated structural-break sensitivity and/or model disagreement for this player,MARGINAL EDGE,https://www.sportsbet.com.au/betting/australian-rules/afl-brownlow-pick-your-own-vote/to-poll-a-vote-10868936,2026-09-17T04:16:34.686425+00:00
PICK_YOUR_OWN_VOTES,To poll 15 or more votes,Zak Butters,Zak Butters,,,15.0,1.02,0.9803921568627451,0.99721,1.6817843137254984,0.01715420000000001,6.428976510436936,4.498847565358734,13.0,HIGH,VERIFIED_BUT_MODEL_SENSITIVE,confidence tier HIGH: elevated structural-break sensitivity and/or model disagreement for this player,MARGINAL EDGE,https://www.sportsbet.com.au/betting/australian-rules/afl-brownlow-pick-your-own-vote/to-poll-15-or-more-votes-10865474,2026-09-17T04:16:34.686425+00:00
TEAM_TOP_POLLER,Essendon Most Votes,Archie Roberts,Archie Roberts,Essendon,,,8.0,0.125,0.14172783333333333,1.672783333333333,0.13382266666666665,0.2234688516531058,0.2234688516531058,7.0,MEDIUM,VERIFIED_BUT_MODEL_SENSITIVE,confidence tier MEDIUM: elevated structural-break sensitivity and/or model disagreement for this player,MARGINAL EDGE,https://www.sportsbet.com.au/betting/australian-rules/afl-brownlow-teams/essendon-most-votes-10819446,2026-09-17T04:16:34.686425+00:00
PICK_YOUR_OWN_VOTES,To poll 30 or more votes,Lachie Neale,Lachie Neale,,,30.0,41.0,0.024390243902439025,0.04062,1.622975609756098,0.6654200000000001,0.639783272451762,0.4178617270819131,13.0,HIGH,VERIFIED_BUT_MODEL_SENSITIVE,confidence tier HIGH: elevated structural-break sensitivity and/or model disagreement for this player,MARGINAL EDGE,https://www.sportsbet.com.au/betting/australian-rules/afl-brownlow-pick-your-own-vote/to-poll-30-or-more-votes-10865488,2026-09-17T04:16:34.686425+00:00
PICK_YOUR_OWN_VOTES,To Poll a Vote,Mac Andrew,Mac Andrew,,,1.0,4.9,0.2040816326530612,0.2202,1.6118367346938807,0.07898000000000005,0.0461410931237812,0.0461410931237812,3.0,MEDIUM,VERIFIED_BUT_MODEL_SENSITIVE,confidence tier MEDIUM: elevated structural-break sensitivity and/or model disagreement for this player,MARGINAL EDGE,https://www.sportsbet.com.au/betting/australian-rules/afl-brownlow-pick-your-own-vote/to-poll-a-vote-10868936,2026-09-17T04:16:34.686425+00:00
TRIFECTA,Brownlow Medal Trifecta,Nick Daicos/Harry Sheezel/Bailey Smith,Nick Daicos,,Nick Daicos/Harry Sheezel/Bailey Smith,,1001.0,0.000999000999000999,0.01534,1.4340999000999,14.35534,0.9232905686771886,0.2331800353149589,12.0,HIGH,VERIFIED_BUT_MODEL_SENSITIVE,confidence tier HIGH: elevated structural-break sensitivity and/or model disagreement for this player,MARGINAL EDGE,https://www.sportsbet.com.au/betting/australian-rules/afl-brownlow-medal/brownlow-medal-trifecta-10861172,2026-09-17T04:16:34.686425+00:00
TOP_N,Top 10 Finish (Includes Ineligible),Max Holmes,Max Holmes,,,10.0,101.0,0.009900990099009901,0.02311,1.3209009900990099,1.33411,0.1554342434471518,0.1549760571933518,11.0,MEDIUM,VERIFIED_BUT_MODEL_SENSITIVE,confidence tier MEDIUM: elevated structural-break sensitivity and/or model disagreement for this player,MARGINAL EDGE,https://www.sportsbet.com.au/betting/australian-rules/afl-brownlow-medal/top-10-finish-includes-ineligible--10804256,2026-09-17T04:16:34.686425+00:00
TEAM_TOP_POLLER,Fremantle Most Votes,Jye Amiss,Jye Amiss,Fremantle,,,151.0,0.006622516556291391,0.018222666666666665,1.1600150110375276,1.7516226666666666,0.3694834811440213,0.332170785409696,10.0,HIGH,VERIFIED_BUT_MODEL_SENSITIVE,confidence tier HIGH: elevated structural-break sensitivity and/or model disagreement for this player,MARGINAL EDGE,https://www.sportsbet.com.au/betting/australian-rules/afl-brownlow-teams/fremantle-most-votes-10819448,2026-09-17T04:16:34.686425+00:00
QUINELLA,Brownlow Medal Quinella,Harry Sheezel/Nick Daicos,Harry Sheezel,,Harry Sheezel/Nick Daicos,,101.0,0.009900990099009901,0.01936,0.9459009900990097,0.9553599999999998,3.295562707918688,2.261067858862265,15.0,HIGH,VERIFIED_BUT_MODEL_SENSITIVE,confidence tier HIGH: elevated structural-break sensitivity and/or model disagreement for this player,MARGINAL EDGE,https://www.sportsbet.com.au/betting/australian-rules/afl-brownlow-medal/brownlow-medal-quinella-10861170,2026-09-17T04:16:34.686425+00:00
PICK_YOUR_OWN_VOTES,To poll 25 or more votes,Will Ashcroft,Will Ashcroft,,,25.0,1.87,0.53475935828877,0.54279,0.8030641711230024,0.015017300000000011,0.9646709709757744,0.6242991531514086,12.0,HIGH,VERIFIED_BUT_MODEL_SENSITIVE,confidence tier HIGH: elevated structural-break sensitivity and/or model disagreement for this player,MARGINAL EDGE,https://www.sportsbet.com.au/betting/australian-rules/afl-brownlow-pick-your-own-vote/to-poll-25-or-more-votes-10865487,2026-09-17T04:16:34.686425+00:00
PLAYER_VOTES_OU,Will Ashcroft Votes O/U,Over,Will Ashcroft,,,24.5,1.87,0.53475935828877,0.54279,0.8030641711230024,0.015017300000000011,0.9646709709757744,0.6242991531514086,12.0,HIGH,VERIFIED_BUT_MODEL_SENSITIVE,confidence tier HIGH: elevated structural-break sensitivity and/or model disagreement for this player,MARGINAL EDGE,https://www.sportsbet.com.au/betting/australian-rules/afl-brownlow-player-votes-o-u/will-ashcroft-votes-o-u-10911144,2026-09-17T04:16:34.686425+00:00
TOP_N,Top 5 Finish (Includes Ineligible),Bailey Smith,Bailey Smith,,,5.0,1.01,0.9900990099009901,0.99789,0.7790990099009965,0.007868900000000068,0.581983245516696,0.2682935583187955,15.0,HIGH,VERIFIED_BUT_MODEL_SENSITIVE,confidence tier HIGH: elevated structural-break sensitivity and/or model disagreement for this player,MARGINAL EDGE,https://www.sportsbet.com.au/betting/australian-rules/afl-brownlow-medal/top-5-finish-includes-ineligible--10804245,2026-09-17T04:16:34.686425+00:00
PICK_YOUR_OWN_VOTES,To poll 10 or more votes,Clayton Oliver,Clayton Oliver,,,10.0,1.11,0.9009009009009008,0.90827,0.7369099099099219,0.008179700000000123,1.5406257026378594,0.344609362730635,16.0,HIGH,VERIFIED_BUT_MODEL_SENSITIVE,confidence tier HIGH: elevated structural-break sensitivity and/or model disagreement for this player,MARGINAL EDGE,https://www.sportsbet.com.au/betting/australian-rules/afl-brownlow-pick-your-own-vote/to-poll-10-or-more-votes-10865473,2026-09-17T04:16:34.686425+00:00
PICK_YOUR_OWN_VOTES,To Poll a Vote,Steele Sidebottom,Steele Sidebottom,,,1.0,1.73,0.5780346820809249,0.58535,0.7315317919075137,0.012655500000000153,0.1980561043600958,0.1323573488241465,4.0,MEDIUM,VERIFIED_BUT_MODEL_SENSITIVE,confidence tier MEDIUM: elevated structural-break sensitivity and/or model disagreement for this player,MARGINAL EDGE,https://www.sportsbet.com.au/betting/australian-rules/afl-brownlow-pick-your-own-vote/to-poll-a-vote-10868936,2026-09-17T04:16:34.686425+00:00
EXACTA,Brownlow Medal Exacta,Nick Daicos/Harry Sheezel,Nick Daicos,,Nick Daicos/Harry Sheezel,,81.0,0.012345679012345678,0.01932,0.6974320987654322,0.5649200000000001,0.9232905686771886,0.2331800353149589,12.0,HIGH,VERIFIED_BUT_MODEL_SENSITIVE,confidence tier HIGH: elevated structural-break sensitivity and/or model disagreement for this player,MARGINAL EDGE,https://www.sportsbet.com.au/betting/australian-rules/afl-brownlow-medal/brownlow-medal-exacta-10861171,2026-09-17T04:16:34.686425+00:00
TRIFECTA,Brownlow Medal Trifecta,Nick Daicos/Bailey Smith/Patrick Cripps,Nick Daicos,,Nick Daicos/Bailey Smith/Patrick Cripps,,10.0,0.1,0.10465,0.46500000000000014,0.046499999999999986,0.9232905686771886,0.2331800353149589,12.0,HIGH,VERIFIED_BUT_MODEL_SENSITIVE,confidence tier HIGH: elevated structural-break sensitivity and/or model disagreement for this player,MARGINAL EDGE,https://www.sportsbet.com.au/betting/australian-rules/afl-brownlow-medal/brownlow-medal-trifecta-10861172,2026-09-17T04:16:34.686425+00:00
TEAM_TOP_POLLER,St Kilda Most Votes - Without N.Wanganeen-Milera,Rowan Marshall,Rowan Marshall,St Kilda,,,26.0,0.038461538461538464,0.04255333333333333,0.4091794871794868,0.10638666666666663,2.108581974882904,1.4546622308109658,8.0,HIGH,VERIFIED_BUT_MODEL_SENSITIVE,confidence tier HIGH: elevated structural-break sensitivity and/or model disagreement for this player,MARGINAL EDGE,https://www.sportsbet.com.au/betting/australian-rules/afl-brownlow-teams/st-kilda-most-votes-without-n-wanganeen-milera-10819443,2026-09-17T04:16:34.686425+00:00
TEAM_TOP_POLLER,GWS GIANTS Most Votes,Lachie Ash,Lachie Ash,GWS GIANTS,,,18.0,0.05555555555555555,0.0591375,0.35819444444444504,0.06447500000000006,1.4624183521882523,0.9397741294658388,11.0,HIGH,VERIFIED_BUT_MODEL_SENSITIVE,confidence tier HIGH: elevated structural-break sensitivity and/or model disagreement for this player,MARGINAL EDGE,https://www.sportsbet.com.au/betting/australian-rules/afl-brownlow-teams/gws-giants-most-votes-10819436,2026-09-17T04:16:34.686425+00:00
TOP_N,Top 20 Finish (Includes Ineligible),Kysaiah Pickett,Kysaiah Pickett,,,20.0,1.03,0.970873786407767,0.97363,0.2756213592232992,0.0028388999999999776,0.0813679360765249,0.0411218884956916,10.0,MEDIUM,VERIFIED_BUT_MODEL_SENSITIVE,confidence tier MEDIUM: elevated structural-break sensitivity and/or model disagreement for this player,MARGINAL EDGE,https://www.sportsbet.com.au/betting/australian-rules/afl-brownlow-medal/top-20-finish-includes-ineligible--10804257,2026-09-17T04:16:34.686425+00:00
QUINELLA,Brownlow Medal Quinella,Nick Daicos/Zak Butters,Nick Daicos,,Nick Daicos/Zak Butters,,501.0,0.001996007984031936,0.00443,0.2433992015968064,1.21943,0.9232905686771886,0.2331800353149589,12.0,HIGH,VERIFIED_BUT_MODEL_SENSITIVE,confidence tier HIGH: elevated structural-break sensitivity and/or model disagreement for this player,MARGINAL EDGE,https://www.sportsbet.com.au/betting/australian-rules/afl-brownlow-medal/brownlow-medal-quinella-10861170,2026-09-17T04:16:34.686425+00:00
EXACTA,Brownlow Medal Exacta,Nick Daicos/Zak Butters,Nick Daicos,,Nick Daicos/Zak Butters,,501.0,0.001996007984031936,0.00443,0.2433992015968064,1.21943,0.9232905686771886,0.2331800353149589,12.0,HIGH,VERIFIED_BUT_MODEL_SENSITIVE,confidence tier HIGH: elevated structural-break sensitivity and/or model disagreement for this player,MARGINAL EDGE,https://www.sportsbet.com.au/betting/australian-rules/afl-brownlow-medal/brownlow-medal-exacta-10861171,2026-09-17T04:16:34.686425+00:00
TOP_N,Top 20 Finish (Includes Ineligible),Izak Rankine,Izak Rankine,,,20.0,1.01,0.9900990099009901,0.99248,0.23809900990099386,0.0024048000000000957,0.4248485053324877,0.4248485053324877,10.0,HIGH,VERIFIED_BUT_MODEL_SENSITIVE,confidence tier HIGH: elevated structural-break sensitivity and/or model disagreement for this player,MARGINAL EDGE,https://www.sportsbet.com.au/betting/australian-rules/afl-brownlow-medal/top-20-finish-includes-ineligible--10804257,2026-09-17T04:16:34.686425+00:00
TOP_N,Top 3 Finish (Includes Ineligible),Patrick Cripps,Patrick Cripps,,,3.0,6.0,0.16666666666666666,0.16839,0.17233333333333545,0.010340000000000016,1.421776536178978,0.1083166928301686,15.0,HIGH,VERIFIED_BUT_MODEL_SENSITIVE,confidence tier HIGH: elevated structural-break sensitivity and/or model disagreement for this player,MARGINAL EDGE,https://www.sportsbet.com.au/betting/australian-rules/afl-brownlow-medal/top-3-finish-includes-ineligible--10804244,2026-09-17T04:16:34.686425+00:00
TRIFECTA,Brownlow Medal Trifecta,Nick Daicos/Isaac Heeney/Bailey Smith,Nick Daicos,,Nick Daicos/Isaac Heeney/Bailey Smith,,601.0,0.0016638935108153079,0.00318,0.15161064891846923,0.9111800000000001,0.9232905686771886,0.2331800353149589,12.0,HIGH,VERIFIED_BUT_MODEL_SENSITIVE,confidence tier HIGH: elevated structural-break sensitivity and/or model disagreement for this player,MARGINAL EDGE,https://www.sportsbet.com.au/betting/australian-rules/afl-brownlow-medal/brownlow-medal-trifecta-10861172,2026-09-17T04:16:34.686425+00:00
PICK_YOUR_OWN_VOTES,To Poll a Vote,Tom Papley,Tom Papley,,,1.0,1.23,0.8130081300813008,0.81413,0.11218699186992254,0.0013799000000001005,0.338688722573095,0.1598767786119439,6.0,MEDIUM,VERIFIED_BUT_MODEL_SENSITIVE,confidence tier MEDIUM: elevated structural-break sensitivity and/or model disagreement for this player,MARGINAL EDGE,https://www.sportsbet.com.au/betting/australian-rules/afl-brownlow-pick-your-own-vote/to-poll-a-vote-10868936,2026-09-17T04:16:34.686425+00:00
TRIFECTA,Brownlow Medal Trifecta,Nick Daicos/Will Ashcroft/Bailey Smith,Nick Daicos,,Nick Daicos/Will Ashcroft/Bailey Smith,,201.0,0.004975124378109453,0.00589,0.09148756218905477,0.1838900000000001,0.9232905686771886,0.2331800353149589,12.0,HIGH,VERIFIED_BUT_MODEL_SENSITIVE,confidence tier HIGH: elevated structural-break sensitivity and/or model disagreement for this player,MARGINAL EDGE,https://www.sportsbet.com.au/betting/australian-rules/afl-brownlow-medal/brownlow-medal-trifecta-10861172,2026-09-17T04:16:34.686425+00:00
TRIFECTA,Brownlow Medal Trifecta,Bailey Smith/Nick Daicos/Patrick Cripps,Bailey Smith,,Bailey Smith/Nick Daicos/Patrick Cripps,,1001.0,0.000999000999000999,0.00162,0.06209990009990009,0.6216199999999998,0.581983245516696,0.2682935583187955,15.0,HIGH,VERIFIED_BUT_MODEL_SENSITIVE,confidence tier HIGH: elevated structural-break sensitivity and/or model disagreement for this player,MARGINAL EDGE,https://www.sportsbet.com.au/betting/australian-rules/afl-brownlow-medal/brownlow-medal-trifecta-10861172,2026-09-17T04:16:34.686425+00:00
EXACTA,Brownlow Medal Exacta,Bailey Smith/Nick Daicos,Bailey Smith,,Bailey Smith/Nick Daicos,,81.0,0.012345679012345678,0.01296,0.0614320987654321,0.049760000000000026,0.581983245516696,0.2682935583187955,15.0,HIGH,VERIFIED_BUT_MODEL_SENSITIVE,confidence tier HIGH: elevated structural-break sensitivity and/or model disagreement for this player,MARGINAL EDGE,https://www.sportsbet.com.au/betting/australian-rules/afl-brownlow-medal/brownlow-medal-exacta-10861171,2026-09-17T04:16:34.686425+00:00
PICK_YOUR_OWN_VOTES,To poll 25 or more votes,Izak Rankine,Izak Rankine,,,25.0,10.5,0.09523809523809523,0.0951,-0.013809523809522883,-0.0014499999999999513,0.4248485053324877,0.4248485053324877,10.0,HIGH,VERIFIED_BUT_MODEL_SENSITIVE,confidence tier HIGH: elevated structural-break sensitivity and/or model disagreement for this player,NO EDGE,https://www.sportsbet.com.au/betting/australian-rules/afl-brownlow-pick-your-own-vote/to-poll-25-or-more-votes-10865487,2026-09-17T04:16:34.686425+00:00
TOP_N,Top 10 Finish (Includes Ineligible),Sam Walsh,Sam Walsh,,,10.0,51.0,0.0196078431372549,0.0194,-0.02078431372549011,-0.010599999999999943,0.9935738813477945,0.9935738813477945,14.0,HIGH,VERIFIED_BUT_MODEL_SENSITIVE,confidence tier HIGH: elevated structural-break sensitivity and/or model disagreement for this player,NO EDGE,https://www.sportsbet.com.au/betting/australian-rules/afl-brownlow-medal/top-10-finish-includes-ineligible--10804256,2026-09-17T04:16:34.686425+00:00
PICK_YOUR_OWN_VOTES,To Poll a Vote,Lloyd Meek,Lloyd Meek,,,1.0,2.2,0.45454545454545453,0.45428,-0.02654545454545132,-0.0005839999999999179,0.3926310471736187,0.0721357340370791,5.0,MEDIUM,VERIFIED_BUT_MODEL_SENSITIVE,confidence tier MEDIUM: elevated structural-break sensitivity and/or model disagreement for this player,NO EDGE,https://www.sportsbet.com.au/betting/australian-rules/afl-brownlow-pick-your-own-vote/to-poll-a-vote-10868936,2026-09-17T04:16:34.686425+00:00
TEAM_TOP_POLLER,Sydney Swans Most Votes,Brodie Grundy,Brodie Grundy,Sydney Swans,,,81.0,0.012345679012345678,0.012056666666666665,-0.028901234567901314,-0.023410000000000153,2.005547388796769,0.2885413989260588,12.0,HIGH,VERIFIED_BUT_MODEL_SENSITIVE,confidence tier HIGH: elevated structural-break sensitivity and/or model disagreement for this player,NO EDGE,https://www.sportsbet.com.au/betting/australian-rules/afl-brownlow-teams/sydney-swans-most-votes-10819447,2026-09-17T04:16:34.686425+00:00
TEAM_TOP_POLLER,Fremantle Most Votes,Josh Treacy,Josh Treacy,Fremantle,,,41.0,0.024390243902439025,0.024078499999999996,-0.03117439024390295,-0.012781500000000223,0.7565565614717258,0.724199047720635,11.0,HIGH,VERIFIED_BUT_MODEL_SENSITIVE,confidence tier HIGH: elevated structural-break sensitivity and/or model disagreement for this player,NO EDGE,https://www.sportsbet.com.au/betting/australian-rules/afl-brownlow-teams/fremantle-most-votes-10819448,2026-09-17T04:16:34.686425+00:00
TEAM_TOP_POLLER,Gold Coast SUNS Most Votes,Touk Miller,Touk Miller,Gold Coast SUNS,,,15.0,0.06666666666666667,0.06633233333333333,-0.033433333333333926,-0.005015000000000103,0.3699715507946095,0.3699715507946095,10.0,HIGH,VERIFIED_BUT_MODEL_SENSITIVE,confidence tier HIGH: elevated structural-break sensitivity and/or model disagreement for this player,NO EDGE,https://www.sportsbet.com.au/betting/australian-rules/afl-brownlow-teams/gold-coast-suns-most-votes-10819441,2026-09-17T04:16:34.686425+00:00
TRIFECTA,Brownlow Medal Trifecta,Nick Daicos/Marcus Bontempelli/Harry Sheezel,Nick Daicos,,Nick Daicos/Marcus Bontempelli/Harry Sheezel,,451.0,0.0022172949002217295,0.0018,-0.04172949002217295,-0.18820000000000003,0.9232905686771886,0.2331800353149589,12.0,HIGH,VERIFIED_BUT_MODEL_SENSITIVE,confidence tier HIGH: elevated structural-break sensitivity and/or model disagreement for this player,NO EDGE,https://www.sportsbet.com.au/betting/australian-rules/afl-brownlow-medal/brownlow-medal-trifecta-10861172,2026-09-17T04:16:34.686425+00:00
WINNER,2026 AFL Brownlow Medal,Nick Daicos,Nick Daicos,,,,1.01,0.9900990099009901,0.98962,-0.047900990099003504,-0.0004837999999999232,0.9232905686771886,0.2331800353149589,12.0,HIGH,VERIFIED_BUT_MODEL_SENSITIVE,confidence tier HIGH: elevated structural-break sensitivity and/or model disagreement for this player,NO EDGE,https://www.sportsbet.com.au/betting/australian-rules/afl-brownlow-medal/2026-afl-brownlow-medal-9641792,2026-09-17T04:16:34.686425+00:00
TRIFECTA,Brownlow Medal Trifecta,Nick Daicos/Lachie Neale/Bailey Smith,Nick Daicos,,Nick Daicos/Lachie Neale/Bailey Smith,,301.0,0.0033222591362126247,0.00281,-0.05122591362126247,-0.15419000000000005,0.9232905686771886,0.2331800353149589,12.0,HIGH,VERIFIED_BUT_MODEL_SENSITIVE,confidence tier HIGH: elevated structural-break sensitivity and/or model disagreement for this player,NO EDGE,https://www.sportsbet.com.au/betting/australian-rules/afl-brownlow-medal/brownlow-medal-trifecta-10861172,2026-09-17T04:16:34.686425+00:00
TRIFECTA,Brownlow Medal Trifecta,Nick Daicos/Will Ashcroft/Patrick Cripps,Nick Daicos,,Nick Daicos/Will Ashcroft/Patrick Cripps,,1001.0,0.000999000999000999,0.00036,-0.0639000999000999,-0.63964,0.9232905686771886,0.2331800353149589,12.0,HIGH,VERIFIED_BUT_MODEL_SENSITIVE,confidence tier HIGH: elevated structural-break sensitivity and/or model disagreement for this player,NO EDGE,https://www.sportsbet.com.au/betting/australian-rules/afl-brownlow-medal/brownlow-medal-trifecta-10861172,2026-09-17T04:16:34.686425+00:00
TRIFECTA,Brownlow Medal Trifecta,Nick Daicos/Lachie Neale/Patrick Cripps,Nick Daicos,,Nick Daicos/Lachie Neale/Patrick Cripps,,1001.0,0.000999000999000999,0.00026,-0.0739000999000999,-0.7397400000000001,0.9232905686771886,0.2331800353149589,12.0,HIGH,VERIFIED_BUT_MODEL_SENSITIVE,confidence tier HIGH: elevated structural-break sensitivity and/or model disagreement for this player,NO EDGE,https://www.sportsbet.com.au/betting/australian-rules/afl-brownlow-medal/brownlow-medal-trifecta-10861172,2026-09-17T04:16:34.686425+00:00
TRIFECTA,Brownlow Medal Trifecta,Nick Daicos/Patrick Cripps/Will Ashcroft,Nick Daicos,,Nick Daicos/Patrick Cripps/Will Ashcroft,,801.0,0.0012484394506866417,0.00049,-0.07584394506866417,-0.60751,0.9232905686771886,0.2331800353149589,12.0,HIGH,VERIFIED_BUT_MODEL_SENSITIVE,confidence tier HIGH: elevated structural-break sensitivity and/or model disagreement for this player,NO EDGE,https://www.sportsbet.com.au/betting/australian-rules/afl-brownlow-medal/brownlow-medal-trifecta-10861172,2026-09-17T04:16:34.686425+00:00
TRIFECTA,Brownlow Medal Trifecta,Nick Daicos/Patrick Cripps/Jordan Dawson,Nick Daicos,,Nick Daicos/Patrick Cripps/Jordan Dawson,,1001.0,0.000999000999000999,3e-05,-0.0969000999000999,-0.96997,0.9232905686771886,0.2331800353149589,12.0,HIGH,VERIFIED_BUT_MODEL_SENSITIVE,confidence tier HIGH: elevated structural-break sensitivity and/or model disagreement for this player,NO EDGE,https://www.sportsbet.com.au/betting/australian-rules/afl-brownlow-medal/brownlow-medal-trifecta-10861172,2026-09-17T04:16:34.686425+00:00
TRIFECTA,Brownlow Medal Trifecta,Nick Daicos/Jordan Dawson/Patrick Cripps,Nick Daicos,,Nick Daicos/Jordan Dawson/Patrick Cripps,,1001.0,0.000999000999000999,1e-05,-0.0989000999000999,-0.98999,0.9232905686771886,0.2331800353149589,12.0,HIGH,VERIFIED_BUT_MODEL_SENSITIVE,confidence tier HIGH: elevated structural-break sensitivity and/or model disagreement for this player,NO EDGE,https://www.sportsbet.com.au/betting/australian-rules/afl-brownlow-medal/brownlow-medal-trifecta-10861172,2026-09-17T04:16:34.686425+00:00
TRIFECTA,Brownlow Medal Trifecta,Marcus Bontempelli/Bailey Smith/Nick Daicos,Marcus Bontempelli,,Marcus Bontempelli/Bailey Smith/Nick Daicos,,1001.0,0.000999000999000999,0.0,-0.0999000999000999,-1.0,1.5780527912117996,1.5780527912117996,13.0,HIGH,VERIFIED_BUT_MODEL_SENSITIVE,confidence tier HIGH: elevated structural-break sensitivity and/or model disagreement for this player,NO EDGE,https://www.sportsbet.com.au/betting/australian-rules/afl-brownlow-medal/brownlow-medal-trifecta-10861172,2026-09-17T04:16:34.686425+00:00
TRIFECTA,Brownlow Medal Trifecta,Nick Daicos/Jai Newcombe/Patrick Cripps,Nick Daicos,,Nick Daicos/Jai Newcombe/Patrick Cripps,,1001.0,0.000999000999000999,0.0,-0.0999000999000999,-1.0,0.9232905686771886,0.2331800353149589,12.0,HIGH,VERIFIED_BUT_MODEL_SENSITIVE,confidence tier HIGH: elevated structural-break sensitivity and/or model disagreement for this player,NO EDGE,https://www.sportsbet.com.au/betting/australian-rules/afl-brownlow-medal/brownlow-medal-trifecta-10861172,2026-09-17T04:16:34.686425+00:00
TRIFECTA,Brownlow Medal Trifecta,Bailey Smith/Marcus Bontempelli/Nick Daicos,Bailey Smith,,Bailey Smith/Marcus Bontempelli/Nick Daicos,,801.0,0.0012484394506866417,0.0,-0.12484394506866417,-1.0,0.581983245516696,0.2682935583187955,15.0,HIGH,VERIFIED_BUT_MODEL_SENSITIVE,confidence tier HIGH: elevated structural-break sensitivity and/or model disagreement for this player,NO EDGE,https://www.sportsbet.com.au/betting/australian-rules/afl-brownlow-medal/brownlow-medal-trifecta-10861172,2026-09-17T04:16:34.686425+00:00
TRIFECTA,Brownlow Medal Trifecta,Nick Daicos/Max Gawn/Marcus Bontempelli,Nick Daicos,,Nick Daicos/Max Gawn/Marcus Bontempelli,,751.0,0.0013315579227696406,2e-05,-0.13115579227696406,-0.98498,0.9232905686771886,0.2331800353149589,12.0,HIGH,VERIFIED_BUT_MODEL_SENSITIVE,confidence tier HIGH: elevated structural-break sensitivity and/or model disagreement for this player,NO EDGE,https://www.sportsbet.com.au/betting/australian-rules/afl-brownlow-medal/brownlow-medal-trifecta-10861172,2026-09-17T04:16:34.686425+00:00
TRIFECTA,Brownlow Medal Trifecta,Nick Daicos/Patrick Cripps/Jai Newcombe,Nick Daicos,,Nick Daicos/Patrick Cripps/Jai Newcombe,,751.0,0.0013315579227696406,0.0,-0.13315579227696406,-1.0,0.9232905686771886,0.2331800353149589,12.0,HIGH,VERIFIED_BUT_MODEL_SENSITIVE,confidence tier HIGH: elevated structural-break sensitivity and/or model disagreement for this player,NO EDGE,https://www.sportsbet.com.au/betting/australian-rules/afl-brownlow-medal/brownlow-medal-trifecta-10861172,2026-09-17T04:16:34.686425+00:00
TRIFECTA,Brownlow Medal Trifecta,Nick Daicos/Max Gawn/Bailey Smith,Nick Daicos,,Nick Daicos/Max Gawn/Bailey Smith,,551.0,0.0018148820326678765,0.00032,-0.14948820326678766,-0.82368,0.9232905686771886,0.2331800353149589,12.0,HIGH,VERIFIED_BUT_MODEL_SENSITIVE,confidence tier HIGH: elevated structural-break sensitivity and/or model disagreement for this player,NO EDGE,https://www.sportsbet.com.au/betting/australian-rules/afl-brownlow-medal/brownlow-medal-trifecta-10861172,2026-09-17T04:16:34.686425+00:00
TRIFECTA,Brownlow Medal Trifecta,Nick Daicos/Lachie Neale/Marcus Bontempelli,Nick Daicos,,Nick Daicos/Lachie Neale/Marcus Bontempelli,,501.0,0.001996007984031936,0.0003,-0.16960079840319361,-0.8497,0.9232905686771886,0.2331800353149589,12.0,HIGH,VERIFIED_BUT_MODEL_SENSITIVE,confidence tier HIGH: elevated structural-break sensitivity and/or model disagreement for this player,NO EDGE,https://www.sportsbet.com.au/betting/australian-rules/afl-brownlow-medal/brownlow-medal-trifecta-10861172,2026-09-17T04:16:34.686425+00:00
TRIFECTA,Brownlow Medal Trifecta,Nick Daicos/Patrick Cripps/Lachie Neale,Nick Daicos,,Nick Daicos/Patrick Cripps/Lachie Neale,,501.0,0.001996007984031936,0.00016,-0.1836007984031936,-0.91984,0.9232905686771886,0.2331800353149589,12.0,HIGH,VERIFIED_BUT_MODEL_SENSITIVE,confidence tier HIGH: elevated structural-break sensitivity and/or model disagreement for this player,NO EDGE,https://www.sportsbet.com.au/betting/australian-rules/afl-brownlow-medal/brownlow-medal-trifecta-10861172,2026-09-17T04:16:34.686425+00:00
EXACTA,Brownlow Medal Exacta,Nick Daicos/Izak Rankine,Nick Daicos,,Nick Daicos/Izak Rankine,,501.0,0.001996007984031936,7e-05,-0.1926007984031936,-0.96493,0.9232905686771886,0.2331800353149589,12.0,HIGH,VERIFIED_BUT_MODEL_SENSITIVE,confidence tier HIGH: elevated structural-break sensitivity and/or model disagreement for this player,NO EDGE,https://www.sportsbet.com.au/betting/australian-rules/afl-brownlow-medal/brownlow-medal-exacta-10861171,2026-09-17T04:16:34.686425+00:00
WINNER,2026 AFL Brownlow Medal,Andrew Brayshaw,Andrew Brayshaw,,,,501.0,0.001996007984031936,0.0,-0.19960079840319359,-1.0,1.050877021706878,0.9427480658709316,13.0,HIGH,VERIFIED_BUT_MODEL_SENSITIVE,confidence tier HIGH: elevated structural-break sensitivity and/or model disagreement for this player,NO EDGE,https://www.sportsbet.com.au/betting/australian-rules/afl-brownlow-medal/2026-afl-brownlow-medal-9641792,2026-09-17T04:16:34.686425+00:00
WINNER,2026 AFL Brownlow Medal,Caleb Serong,Caleb Serong,,,,501.0,0.001996007984031936,0.0,-0.19960079840319359,-1.0,0.7101854195620962,0.4478862385459248,14.0,HIGH,VERIFIED_BUT_MODEL_SENSITIVE,confidence tier HIGH: elevated structural-break sensitivity and/or model disagreement for this player,NO EDGE,https://www.sportsbet.com.au/betting/australian-rules/afl-brownlow-medal/2026-afl-brownlow-medal-9641792,2026-09-17T04:16:34.686425+00:00
WINNER,2026 AFL Brownlow Medal,Chad Warner,Chad Warner,,,,501.0,0.001996007984031936,0.0,-0.19960079840319359,-1.0,0.9607790881852304,0.9607790881852304,13.0,HIGH,VERIFIED_BUT_MODEL_SENSITIVE,confidence tier HIGH: elevated structural-break sensitivity and/or model disagreement for this player,NO EDGE,https://www.sportsbet.com.au/betting/australian-rules/afl-brownlow-medal/2026-afl-brownlow-medal-9641792,2026-09-17T04:16:34.686425+00:00
WINNER,2026 AFL Brownlow Medal,Christian Petracca,Christian Petracca,,,,501.0,0.001996007984031936,0.0,-0.19960079840319359,-1.0,0.9225818779433226,0.0332386717717518,10.0,HIGH,VERIFIED_BUT_MODEL_SENSITIVE,confidence tier HIGH: elevated structural-break sensitivity and/or model disagreement for this player,NO EDGE,https://www.sportsbet.com.au/betting/australian-rules/afl-brownlow-medal/2026-afl-brownlow-medal-9641792,2026-09-17T04:16:34.686425+00:00
WINNER,2026 AFL Brownlow Medal,Clayton Oliver,Clayton Oliver,,,,501.0,0.001996007984031936,0.0,-0.19960079840319359,-1.0,1.5406257026378594,0.344609362730635,16.0,HIGH,VERIFIED_BUT_MODEL_SENSITIVE,confidence tier HIGH: elevated structural-break sensitivity and/or model disagreement for this player,NO EDGE,https://www.sportsbet.com.au/betting/australian-rules/afl-brownlow-medal/2026-afl-brownlow-medal-9641792,2026-09-17T04:16:34.686425+00:00
WINNER,2026 AFL Brownlow Medal,Ed Richards,Ed Richards,,,,501.0,0.001996007984031936,0.0,-0.19960079840319359,-1.0,0.4277553175864597,0.1837798777744943,13.0,MEDIUM,VERIFIED_BUT_MODEL_SENSITIVE,confidence tier MEDIUM: elevated structural-break sensitivity and/or model disagreement for this player,NO EDGE,https://www.sportsbet.com.au/betting/australian-rules/afl-brownlow-medal/2026-afl-brownlow-medal-9641792,2026-09-17T04:16:34.686425+00:00
WINNER,2026 AFL Brownlow Medal,Jagga Smith,Jagga Smith,,,,501.0,0.001996007984031936,0.0,-0.19960079840319359,-1.0,0.1660428696308908,0.1407502322594851,10.0,MEDIUM,VERIFIED_BUT_MODEL_SENSITIVE,confidence tier MEDIUM: elevated structural-break sensitivity and/or model disagreement for this player,NO EDGE,https://www.sportsbet.com.au/betting/australian-rules/afl-brownlow-medal/2026-afl-brownlow-medal-9641792,2026-09-17T04:16:34.686425+00:00
WINNER,2026 AFL Brownlow Medal,Max Holmes,Max Holmes,,,,501.0,0.001996007984031936,0.0,-0.19960079840319359,-1.0,0.1554342434471518,0.1549760571933518,11.0,MEDIUM,VERIFIED_BUT_MODEL_SENSITIVE,confidence tier MEDIUM: elevated structural-break sensitivity and/or model disagreement for this player,NO EDGE,https://www.sportsbet.com.au/betting/australian-rules/afl-brownlow-medal/2026-afl-brownlow-medal-9641792,2026-09-17T04:16:34.686425+00:00
WINNER,2026 AFL Brownlow Medal,Murphy Reid,Murphy Reid,,,,501.0,0.001996007984031936,0.0,-0.19960079840319359,-1.0,0.5929379360443345,0.5667751825253351,11.0,HIGH,VERIFIED_BUT_MODEL_SENSITIVE,confidence tier HIGH: elevated structural-break sensitivity and/or model disagreement for this player,NO EDGE,https://www.sportsbet.com.au/betting/australian-rules/afl-brownlow-medal/2026-afl-brownlow-medal-9641792,2026-09-17T04:16:34.686425+00:00
WINNER,2026 AFL Brownlow Medal,Sam Walsh,Sam Walsh,,,,501.0,0.001996007984031936,0.0,-0.19960079840319359,-1.0,0.9935738813477945,0.9935738813477945,14.0,HIGH,VERIFIED_BUT_MODEL_SENSITIVE,confidence tier HIGH: elevated structural-break sensitivity and/or model disagreement for this player,NO EDGE,https://www.sportsbet.com.au/betting/australian-rules/afl-brownlow-medal/2026-afl-brownlow-medal-9641792,2026-09-17T04:16:34.686425+00:00
WINNER,2026 AFL Brownlow Medal,Shai Bolton,Shai Bolton,,,,501.0,0.001996007984031936,0.0,-0.19960079840319359,-1.0,0.9293998610991724,0.3206460777763489,13.0,HIGH,VERIFIED_BUT_MODEL_SENSITIVE,confidence tier HIGH: elevated structural-break sensitivity and/or model disagreement for this player,NO EDGE,https://www.sportsbet.com.au/betting/australian-rules/afl-brownlow-medal/2026-afl-brownlow-medal-9641792,2026-09-17T04:16:34.686425+00:00
WINNER,2026 AFL Brownlow Medal,Zach Merrett,Zach Merrett,,,,501.0,0.001996007984031936,0.0,-0.19960079840319359,-1.0,0.552517649918391,0.1188754591178664,11.0,HIGH,VERIFIED_BUT_MODEL_SENSITIVE,confidence tier HIGH: elevated structural-break sensitivity and/or model disagreement for this player,NO EDGE,https://www.sportsbet.com.au/betting/australian-rules/afl-brownlow-medal/2026-afl-brownlow-medal-9641792,2026-09-17T04:16:34.686425+00:00
WINNER,2026 AFL Brownlow Medal,Zak Butters,Zak Butters,,,,501.0,0.001996007984031936,0.0,-0.19960079840319359,-1.0,6.428976510436936,4.498847565358734,13.0,HIGH,VERIFIED_BUT_MODEL_SENSITIVE,confidence tier HIGH: elevated structural-break sensitivity and/or model disagreement for this player,NO EDGE,https://www.sportsbet.com.au/betting/australian-rules/afl-brownlow-medal/2026-afl-brownlow-medal-9641792,2026-09-17T04:16:34.686425+00:00
QUINELLA,Brownlow Medal Quinella,Bailey Smith/Marcus Bontempelli,Bailey Smith,,Bailey Smith/Marcus Bontempelli,,501.0,0.001996007984031936,0.0,-0.19960079840319359,-1.0,0.581983245516696,0.2682935583187955,15.0,HIGH,VERIFIED_BUT_MODEL_SENSITIVE,confidence tier HIGH: elevated structural-break sensitivity and/or model disagreement for this player,NO EDGE,https://www.sportsbet.com.au/betting/australian-rules/afl-brownlow-medal/brownlow-medal-quinella-10861170,2026-09-17T04:16:34.686425+00:00
EXACTA,Brownlow Medal Exacta,Bailey Smith/Marcus Bontempelli,Bailey Smith,,Bailey Smith/Marcus Bontempelli,,501.0,0.001996007984031936,0.0,-0.19960079840319359,-1.0,0.581983245516696,0.2682935583187955,15.0,HIGH,VERIFIED_BUT_MODEL_SENSITIVE,confidence tier HIGH: elevated structural-break sensitivity and/or model disagreement for this player,NO EDGE,https://www.sportsbet.com.au/betting/australian-rules/afl-brownlow-medal/brownlow-medal-exacta-10861171,2026-09-17T04:16:34.686425+00:00
EXACTA,Brownlow Medal Exacta,Marcus Bontempelli/Bailey Smith,Marcus Bontempelli,,Marcus Bontempelli/Bailey Smith,,501.0,0.001996007984031936,0.0,-0.19960079840319359,-1.0,1.5780527912117996,1.5780527912117996,13.0,HIGH,VERIFIED_BUT_MODEL_SENSITIVE,confidence tier HIGH: elevated structural-break sensitivity and/or model disagreement for this player,NO EDGE,https://www.sportsbet.com.au/betting/australian-rules/afl-brownlow-medal/brownlow-medal-exacta-10861171,2026-09-17T04:16:34.686425+00:00
TRIFECTA,Brownlow Medal Trifecta,Nick Daicos/Isaac Heeney/Marcus Bontempelli,Nick Daicos,,Nick Daicos/Isaac Heeney/Marcus Bontempelli,,401.0,0.0024937655860349127,0.00037,-0.21237655860349125,-0.85163,0.9232905686771886,0.2331800353149589,12.0,HIGH,VERIFIED_BUT_MODEL_SENSITIVE,confidence tier HIGH: elevated structural-break sensitivity and/or model disagreement for this player,NO EDGE,https://www.sportsbet.com.au/betting/australian-rules/afl-brownlow-medal/brownlow-medal-trifecta-10861172,2026-09-17T04:16:34.686425+00:00
TRIFECTA,Brownlow Medal Trifecta,Nick Daicos/Jordan Dawson/Marcus Bontempelli,Nick Daicos,,Nick Daicos/Jordan Dawson/Marcus Bontempelli,,401.0,0.0024937655860349127,2e-05,-0.24737655860349125,-0.99198,0.9232905686771886,0.2331800353149589,12.0,HIGH,VERIFIED_BUT_MODEL_SENSITIVE,confidence tier HIGH: elevated structural-break sensitivity and/or model disagreement for this player,NO EDGE,https://www.sportsbet.com.au/betting/australian-rules/afl-brownlow-medal/brownlow-medal-trifecta-10861172,2026-09-17T04:16:34.686425+00:00
TRIFECTA,Brownlow Medal Trifecta,Nick Daicos/Will Ashcroft/Marcus Bontempelli,Nick Daicos,,Nick Daicos/Will Ashcroft/Marcus Bontempelli,,301.0,0.0033222591362126247,0.00046,-0.2862259136212625,-0.86154,0.9232905686771886,0.2331800353149589,12.0,HIGH,VERIFIED_BUT_MODEL_SENSITIVE,confidence tier HIGH: elevated structural-break sensitivity and/or model disagreement for this player,NO EDGE,https://www.sportsbet.com.au/betting/australian-rules/afl-brownlow-medal/brownlow-medal-trifecta-10861172,2026-09-17T04:16:34.686425+00:00
TOP_N,Top 5 Finish (Includes Ineligible),Kysaiah Pickett,Kysaiah Pickett,,,5.0,51.0,0.0196078431372549,0.0167,-0.2907843137254902,-0.1483,0.0813679360765249,0.0411218884956916,10.0,MEDIUM,VERIFIED_BUT_MODEL_SENSITIVE,confidence tier MEDIUM: elevated structural-break sensitivity and/or model disagreement for this player,NO EDGE,https://www.sportsbet.com.au/betting/australian-rules/afl-brownlow-medal/top-5-finish-includes-ineligible--10804245,2026-09-17T04:16:34.686425+00:00
TRIFECTA,Brownlow Medal Trifecta,Nick Daicos/Jai Newcombe/Marcus Bontempelli,Nick Daicos,,Nick Daicos/Jai Newcombe/Marcus Bontempelli,,326.0,0.003067484662576687,3e-05,-0.3037484662576687,-0.99022,0.9232905686771886,0.2331800353149589,12.0,HIGH,VERIFIED_BUT_MODEL_SENSITIVE,confidence tier HIGH: elevated structural-break sensitivity and/or model disagreement for this player,NO EDGE,https://www.sportsbet.com.au/betting/australian-rules/afl-brownlow-medal/brownlow-medal-trifecta-10861172,2026-09-17T04:16:34.686425+00:00
PICK_YOUR_OWN_VOTES,To poll 20 or more votes,Caleb Serong,Caleb Serong,,,20.0,11.5,0.08695652173913043,0.08346,-0.3496521739130426,-0.04020999999999997,0.7101854195620962,0.4478862385459248,14.0,HIGH,VERIFIED_BUT_MODEL_SENSITIVE,confidence tier HIGH: elevated structural-break sensitivity and/or model disagreement for this player,NO EDGE,https://www.sportsbet.com.au/betting/australian-rules/afl-brownlow-pick-your-own-vote/to-poll-20-or-more-votes-10865485,2026-09-17T04:16:34.686425+00:00
PICK_YOUR_OWN_VOTES,To Poll a Vote,Aaron Cadman,Aaron Cadman,,,1.0,3.5,0.2857142857142857,0.28212,-0.35942857142857165,-0.012580000000000036,0.0371940126132225,0.0215911360620573,3.0,LOW,VERIFIED,,NO EDGE,https://www.sportsbet.com.au/betting/australian-rules/afl-brownlow-pick-your-own-vote/to-poll-a-vote-10868936,2026-09-17T04:16:34.686425+00:00
QUINELLA,Brownlow Medal Quinella,Izak Rankine/Nick Daicos,Izak Rankine,,Izak Rankine/Nick Daicos,,251.0,0.00398406374501992,7e-05,-0.39140637450199206,-0.98243,0.4248485053324877,0.4248485053324877,10.0,HIGH,VERIFIED_BUT_MODEL_SENSITIVE,confidence tier HIGH: elevated structural-break sensitivity and/or model disagreement for this player,NO EDGE,https://www.sportsbet.com.au/betting/australian-rules/afl-brownlow-medal/brownlow-medal-quinella-10861170,2026-09-17T04:16:34.686425+00:00
WINNER,2026 AFL Brownlow Medal,Harry Sheezel,Harry Sheezel,,,,251.0,0.00398406374501992,4e-05,-0.394406374501992,-0.98996,3.295562707918688,2.261067858862265,15.0,HIGH,VERIFIED_BUT_MODEL_SENSITIVE,confidence tier HIGH: elevated structural-break sensitivity and/or model disagreement for this player,NO EDGE,https://www.sportsbet.com.au/betting/australian-rules/afl-brownlow-medal/2026-afl-brownlow-medal-9641792,2026-09-17T04:16:34.686425+00:00
WINNER,2026 AFL Brownlow Medal,Isaac Heeney,Isaac Heeney,,,,251.0,0.00398406374501992,0.0,-0.398406374501992,-1.0,1.4572012731110888,1.360733830105417,13.0,HIGH,VERIFIED_BUT_MODEL_SENSITIVE,confidence tier HIGH: elevated structural-break sensitivity and/or model disagreement for this player,NO EDGE,https://www.sportsbet.com.au/betting/australian-rules/afl-brownlow-medal/2026-afl-brownlow-medal-9641792,2026-09-17T04:16:34.686425+00:00
WINNER,2026 AFL Brownlow Medal,Izak Rankine,Izak Rankine,,,,251.0,0.00398406374501992,0.0,-0.398406374501992,-1.0,0.4248485053324877,0.4248485053324877,10.0,HIGH,VERIFIED_BUT_MODEL_SENSITIVE,confidence tier HIGH: elevated structural-break sensitivity and/or model disagreement for this player,NO EDGE,https://www.sportsbet.com.au/betting/australian-rules/afl-brownlow-medal/2026-afl-brownlow-medal-9641792,2026-09-17T04:16:34.686425+00:00
WINNER,2026 AFL Brownlow Medal,Jai Newcombe,Jai Newcombe,,,,251.0,0.00398406374501992,0.0,-0.398406374501992,-1.0,0.1835185378956296,0.1057104600025269,14.0,MEDIUM,VERIFIED_BUT_MODEL_SENSITIVE,confidence tier MEDIUM: elevated structural-break sensitivity and/or model disagreement for this player,NO EDGE,https://www.sportsbet.com.au/betting/australian-rules/afl-brownlow-medal/2026-afl-brownlow-medal-9641792,2026-09-17T04:16:34.686425+00:00
WINNER,2026 AFL Brownlow Medal,Kysaiah Pickett,Kysaiah Pickett,,,,251.0,0.00398406374501992,0.0,-0.398406374501992,-1.0,0.0813679360765249,0.0411218884956916,10.0,MEDIUM,VERIFIED_BUT_MODEL_SENSITIVE,confidence tier MEDIUM: elevated structural-break sensitivity and/or model disagreement for this player,NO EDGE,https://www.sportsbet.com.au/betting/australian-rules/afl-brownlow-medal/2026-afl-brownlow-medal-9641792,2026-09-17T04:16:34.686425+00:00
WINNER,2026 AFL Brownlow Medal,Luke Jackson,Luke Jackson,,,,251.0,0.00398406374501992,0.0,-0.398406374501992,-1.0,1.907590918545143,1.3768516536469768,14.0,HIGH,VERIFIED_BUT_MODEL_SENSITIVE,confidence tier HIGH: elevated structural-break sensitivity and/or model disagreement for this player,NO EDGE,https://www.sportsbet.com.au/betting/australian-rules/afl-brownlow-medal/2026-afl-brownlow-medal-9641792,2026-09-17T04:16:34.686425+00:00
TRIFECTA,Brownlow Medal Trifecta,Nick Daicos/Jordan Dawson/Bailey Smith,Nick Daicos,,Nick Daicos/Jordan Dawson/Bailey Smith,,226.0,0.004424778761061947,0.00035,-0.40747787610619474,-0.9209,0.9232905686771886,0.2331800353149589,12.0,HIGH,VERIFIED_BUT_MODEL_SENSITIVE,confidence tier HIGH: elevated structural-break sensitivity and/or model disagreement for this player,NO EDGE,https://www.sportsbet.com.au/betting/australian-rules/afl-brownlow-medal/brownlow-medal-trifecta-10861172,2026-09-17T04:16:34.686425+00:00
TRIFECTA,Brownlow Medal Trifecta,Nick Daicos/Jai Newcombe/Bailey Smith,Nick Daicos,,Nick Daicos/Jai Newcombe/Bailey Smith,,226.0,0.004424778761061947,0.00012,-0.43047787610619465,-0.97288,0.9232905686771886,0.2331800353149589,12.0,HIGH,VERIFIED_BUT_MODEL_SENSITIVE,confidence tier HIGH: elevated structural-break sensitivity and/or model disagreement for this player,NO EDGE,https://www.sportsbet.com.au/betting/australian-rules/afl-brownlow-medal/brownlow-medal-trifecta-10861172,2026-09-17T04:16:34.686425+00:00
TRIFECTA,Brownlow Medal Trifecta,Marcus Bontempelli/Nick Daicos/Bailey Smith,Marcus Bontempelli,,Marcus Bontempelli/Nick Daicos/Bailey Smith,,226.0,0.004424778761061947,0.0,-0.4424778761061947,-1.0,1.5780527912117996,1.5780527912117996,13.0,HIGH,VERIFIED_BUT_MODEL_SENSITIVE,confidence tier HIGH: elevated structural-break sensitivity and/or model disagreement for this player,NO EDGE,https://www.sportsbet.com.au/betting/australian-rules/afl-brownlow-medal/brownlow-medal-trifecta-10861172,2026-09-17T04:16:34.686425+00:00
TEAM_TOP_POLLER,Melbourne Most Votes,Tom Sparrow,Tom Sparrow,Melbourne,,,101.0,0.009900990099009901,0.0052316666666666675,-0.46693234323432337,-0.4716016666666666,0.4967386898507655,0.2862814407254337,12.0,HIGH,VERIFIED_BUT_MODEL_SENSITIVE,confidence tier HIGH: elevated structural-break sensitivity and/or model disagreement for this player,NO EDGE,https://www.sportsbet.com.au/betting/australian-rules/afl-brownlow-teams/melbourne-most-votes-10819438,2026-09-17T04:16:34.686425+00:00
TEAM_TOP_POLLER,GWS GIANTS Most Votes,Jake Stringer,Jake Stringer,GWS GIANTS,,,101.0,0.009900990099009901,0.005201666666666666,-0.4699323432343235,-0.4746316666666667,0.1952913104260831,0.1952913104260831,7.0,MEDIUM,VERIFIED_BUT_MODEL_SENSITIVE,confidence tier MEDIUM: elevated structural-break sensitivity and/or model disagreement for this player,NO EDGE,https://www.sportsbet.com.au/betting/australian-rules/afl-brownlow-teams/gws-giants-most-votes-10819436,2026-09-17T04:16:34.686425+00:00
TRIFECTA,Brownlow Medal Trifecta,Nick Daicos/Marcus Bontempelli/Max Gawn,Nick Daicos,,Nick Daicos/Marcus Bontempelli/Max Gawn,,201.0,0.004975124378109453,4e-05,-0.4935124378109452,-0.99196,0.9232905686771886,0.2331800353149589,12.0,HIGH,VERIFIED_BUT_MODEL_SENSITIVE,confidence tier HIGH: elevated structural-break sensitivity and/or model disagreement for this player,NO EDGE,https://www.sportsbet.com.au/betting/australian-rules/afl-brownlow-medal/brownlow-medal-trifecta-10861172,2026-09-17T04:16:34.686425+00:00
TOP_N,Top 10 Finish (Includes Ineligible),Zac Bailey,Zac Bailey,,,10.0,101.0,0.009900990099009901,0.00496,-0.4940990099009901,-0.49904000000000004,0.3438418889897043,0.0739343440309525,12.0,MEDIUM,VERIFIED_BUT_MODEL_SENSITIVE,confidence tier MEDIUM: elevated structural-break sensitivity and/or model disagreement for this player,NO EDGE,https://www.sportsbet.com.au/betting/australian-rules/afl-brownlow-medal/top-10-finish-includes-ineligible--10804256,2026-09-17T04:16:34.686425+00:00
PICK_YOUR_OWN_VOTES,To Poll a Vote,Harry Sharp,Harry Sharp,,,1.0,5.5,0.18181818181818182,0.1766,-0.5218181818181816,-0.028699999999999948,0.0747787498030595,0.0440758479572392,3.0,MEDIUM,VERIFIED_BUT_MODEL_SENSITIVE,confidence tier MEDIUM: elevated structural-break sensitivity and/or model disagreement for this player,NO EDGE,https://www.sportsbet.com.au/betting/australian-rules/afl-brownlow-pick-your-own-vote/to-poll-a-vote-10868936,2026-09-17T04:16:34.686425+00:00
EXACTA,Brownlow Medal Exacta,Nick Daicos/Isaac Heeney,Nick Daicos,,Nick Daicos/Isaac Heeney,,101.0,0.009900990099009901,0.00426,-0.5640990099009902,-0.56974,0.9232905686771886,0.2331800353149589,12.0,HIGH,VERIFIED_BUT_MODEL_SENSITIVE,confidence tier HIGH: elevated structural-break sensitivity and/or model disagreement for this player,NO EDGE,https://www.sportsbet.com.au/betting/australian-rules/afl-brownlow-medal/brownlow-medal-exacta-10861171,2026-09-17T04:16:34.686425+00:00
TEAM_TOP_POLLER,Essendon Most Votes,Peter Wright,Peter Wright,Essendon,,,151.0,0.006622516556291391,0.0009419999999999999,-0.5680516556291391,-0.857758,0.1296086039296924,0.1209187619799473,4.0,MEDIUM,VERIFIED_BUT_MODEL_SENSITIVE,confidence tier MEDIUM: elevated structural-break sensitivity and/or model disagreement for this player,NO EDGE,https://www.sportsbet.com.au/betting/australian-rules/afl-brownlow-teams/essendon-most-votes-10819446,2026-09-17T04:16:34.686425+00:00
TEAM_TOP_POLLER,Melbourne Most Votes,Jacob Van Rooyen,Jacob Van Rooyen,Melbourne,,,151.0,0.006622516556291391,0.0006149999999999999,-0.600751655629139,-0.907135,0.245416341040821,0.084615028288189,6.0,MEDIUM,VERIFIED_BUT_MODEL_SENSITIVE,confidence tier MEDIUM: elevated structural-break sensitivity and/or model disagreement for this player,NO EDGE,https://www.sportsbet.com.au/betting/australian-rules/afl-brownlow-teams/melbourne-most-votes-10819438,2026-09-17T04:16:34.686425+00:00
TRIFECTA,Brownlow Medal Trifecta,Nick Daicos/Marcus Bontempelli/Lachie Neale,Nick Daicos,,Nick Daicos/Marcus Bontempelli/Lachie Neale,,151.0,0.006622516556291391,0.00061,-0.6012516556291391,-0.90789,0.9232905686771886,0.2331800353149589,12.0,HIGH,VERIFIED_BUT_MODEL_SENSITIVE,confidence tier HIGH: elevated structural-break sensitivity and/or model disagreement for this player,NO EDGE,https://www.sportsbet.com.au/betting/australian-rules/afl-brownlow-medal/brownlow-medal-trifecta-10861172,2026-09-17T04:16:34.686425+00:00
TRIFECTA,Brownlow Medal Trifecta,Bailey Smith/Nick Daicos/Marcus Bontempelli,Bailey Smith,,Bailey Smith/Nick Daicos/Marcus Bontempelli,,101.0,0.009900990099009901,0.00385,-0.6050990099009901,-0.61115,0.581983245516696,0.2682935583187955,15.0,HIGH,VERIFIED_BUT_MODEL_SENSITIVE,confidence tier HIGH: elevated structural-break sensitivity and/or model disagreement for this player,NO EDGE,https://www.sportsbet.com.au/betting/australian-rules/afl-brownlow-medal/brownlow-medal-trifecta-10861172,2026-09-17T04:16:34.686425+00:00
TEAM_VOTES_OU,Gold Coast SUNS Team Votes O/U,Under,,Gold Coast SUNS,,62.5,1.87,0.53475935828877,0.52853,-0.6229358288769915,-0.011648899999999851,,,,UNKNOWN,PRICE_SUSPECT,Over and Under both priced at 1.87 - flat/templated pricing pattern shared across most team O/U markets; held out of headline value pending a market refresh,REVIEW REQUIRED — PRICE FRESHNESS,https://www.sportsbet.com.au/betting/australian-rules/afl-brownlow-team-votes-o-u/gold-coast-suns-team-votes-o-u-10911268,2026-09-17T04:16:34.686425+00:00
TEAM_TOP_POLLER,Sydney Swans Most Votes,Charlie Curnow,Charlie Curnow,Sydney Swans,,,151.0,0.006622516556291391,0.00019833333333333332,-0.6424183222958058,-0.9700516666666666,1.0387589892435771,0.5821247913179057,8.0,HIGH,VERIFIED_BUT_MODEL_SENSITIVE,confidence tier HIGH: elevated structural-break sensitivity and/or model disagreement for this player,NO EDGE,https://www.sportsbet.com.au/betting/australian-rules/afl-brownlow-teams/sydney-swans-most-votes-10819447,2026-09-17T04:16:34.686425+00:00
TEAM_TOP_POLLER,Hawthorn Most Votes - Without J.Newcombe,Dylan Moore,Dylan Moore,Hawthorn,,,151.0,0.006622516556291391,7.866666666666666e-05,-0.6543849889624723,-0.9881213333333333,0.1346973119379058,0.06502502543495,7.0,MEDIUM,VERIFIED_BUT_MODEL_SENSITIVE,confidence tier MEDIUM: elevated structural-break sensitivity and/or model disagreement for this player,NO EDGE,https://www.sportsbet.com.au/betting/australian-rules/afl-brownlow-teams/hawthorn-most-votes-without-j-newcombe-10819449,2026-09-17T04:16:34.686425+00:00
TEAM_TOP_POLLER,Hawthorn Most Votes - Without J.Newcombe,Blake Hardwick,Blake Hardwick,Hawthorn,,,151.0,0.006622516556291391,7.5e-05,-0.6547516556291391,-0.988675,0.1431966700408589,0.140400308021845,8.0,MEDIUM,VERIFIED_BUT_MODEL_SENSITIVE,confidence tier MEDIUM: elevated structural-break sensitivity and/or model disagreement for this player,NO EDGE,https://www.sportsbet.com.au/betting/australian-rules/afl-brownlow-teams/hawthorn-most-votes-without-j-newcombe-10819449,2026-09-17T04:16:34.686425+00:00
TEAM_TOP_POLLER,Gold Coast SUNS Most Votes,Ben King,Ben King,Gold Coast SUNS,,,151.0,0.006622516556291391,6.333333333333333e-05,-0.6559183222958057,-0.9904366666666666,0.5143435444553819,0.0901757637431561,6.0,HIGH,VERIFIED_BUT_MODEL_SENSITIVE,confidence tier HIGH: elevated structural-break sensitivity and/or model disagreement for this player,NO EDGE,https://www.sportsbet.com.au/betting/australian-rules/afl-brownlow-teams/gold-coast-suns-most-votes-10819441,2026-09-17T04:16:34.686425+00:00
TEAM_TOP_POLLER,Hawthorn Most Votes - Without J.Newcombe,James Sicily,James Sicily,Hawthorn,,,151.0,0.006622516556291391,5.6666666666666664e-05,-0.6565849889624724,-0.9914433333333333,0.6186774063435143,0.3515237411935259,8.0,HIGH,VERIFIED_BUT_MODEL_SENSITIVE,confidence tier HIGH: elevated structural-break sensitivity and/or model disagreement for this player,NO EDGE,https://www.sportsbet.com.au/betting/australian-rules/afl-brownlow-teams/hawthorn-most-votes-without-j-newcombe-10819449,2026-09-17T04:16:34.686425+00:00
TEAM_TOP_POLLER,Sydney Swans Most Votes,Nick Blakey,Nick Blakey,Sydney Swans,,,151.0,0.006622516556291391,5.5e-05,-0.6567516556291391,-0.991695,0.5031257057057585,0.3280400184548115,9.0,HIGH,VERIFIED_BUT_MODEL_SENSITIVE,confidence tier HIGH: elevated structural-break sensitivity and/or model disagreement for this player,NO EDGE,https://www.sportsbet.com.au/betting/australian-rules/afl-brownlow-teams/sydney-swans-most-votes-10819447,2026-09-17T04:16:34.686425+00:00
TEAM_TOP_POLLER,Adelaide Crows Most Votes,Sam Berry,Sam Berry,Adelaide Crows,,,151.0,0.006622516556291391,3.5e-05,-0.6587516556291391,-0.994715,0.6366040093353451,0.5896677423563661,10.0,HIGH,VERIFIED_BUT_MODEL_SENSITIVE,confidence tier HIGH: elevated structural-break sensitivity and/or model disagreement for this player,NO EDGE,https://www.sportsbet.com.au/betting/australian-rules/afl-brownlow-teams/adelaide-crows-most-votes-10819435,2026-09-17T04:16:34.686425+00:00
TEAM_TOP_POLLER,Adelaide Crows Most Votes,Wayne Milera,Wayne Milera,Adelaide Crows,,,151.0,0.006622516556291391,2e-05,-0.6602516556291391,-0.99698,0.3832089948870942,0.3832089948870942,10.0,HIGH,VERIFIED_BUT_MODEL_SENSITIVE,confidence tier HIGH: elevated structural-break sensitivity and/or model disagreement for this player,NO EDGE,https://www.sportsbet.com.au/betting/australian-rules/afl-brownlow-teams/adelaide-crows-most-votes-10819435,2026-09-17T04:16:34.686425+00:00
TEAM_TOP_POLLER,Hawthorn Most Votes - Without J.Newcombe,Will Day,Will Day,Hawthorn,,,151.0,0.006622516556291391,1.9166666666666664e-05,-0.6603349889624724,-0.9971058333333334,0.1919463765419,0.1919463765419,8.0,MEDIUM,VERIFIED_BUT_MODEL_SENSITIVE,confidence tier MEDIUM: elevated structural-break sensitivity and/or model disagreement for this player,NO EDGE,https://www.sportsbet.com.au/betting/australian-rules/afl-brownlow-teams/hawthorn-most-votes-without-j-newcombe-10819449,2026-09-17T04:16:34.686425+00:00
TEAM_TOP_POLLER,St Kilda Most Votes - Without N.Wanganeen-Milera,Liam Ryan,Liam Ryan,St Kilda,,,151.0,0.006622516556291391,1.3333333333333333e-05,-0.6609183222958057,-0.9979866666666667,1.2150683583259188,0.6905080026938313,5.0,HIGH,VERIFIED_BUT_MODEL_SENSITIVE,confidence tier HIGH: elevated structural-break sensitivity and/or model disagreement for this player,NO EDGE,https://www.sportsbet.com.au/betting/australian-rules/afl-brownlow-teams/st-kilda-most-votes-without-n-wanganeen-milera-10819443,2026-09-17T04:16:34.686425+00:00
WINNER,2026 AFL Brownlow Medal,Jordan Dawson,Jordan Dawson,,,,151.0,0.006622516556291391,0.0,-0.6622516556291391,-1.0,0.6454235874816163,0.6454235874816163,12.0,HIGH,VERIFIED_BUT_MODEL_SENSITIVE,confidence tier HIGH: elevated structural-break sensitivity and/or model disagreement for this player,NO EDGE,https://www.sportsbet.com.au/betting/australian-rules/afl-brownlow-medal/2026-afl-brownlow-medal-9641792,2026-09-17T04:16:34.686425+00:00
WINNER,2026 AFL Brownlow Medal,Lachie Neale,Lachie Neale,,,,151.0,0.006622516556291391,0.0,-0.6622516556291391,-1.0,0.639783272451762,0.4178617270819131,13.0,HIGH,VERIFIED_BUT_MODEL_SENSITIVE,confidence tier HIGH: elevated structural-break sensitivity and/or model disagreement for this player,NO EDGE,https://www.sportsbet.com.au/betting/australian-rules/afl-brownlow-medal/2026-afl-brownlow-medal-9641792,2026-09-17T04:16:34.686425+00:00
WINNER,2026 AFL Brownlow Medal,Max Gawn,Max Gawn,,,,151.0,0.006622516556291391,0.0,-0.6622516556291391,-1.0,3.6638325386388537,0.7559909067700943,15.0,HIGH,VERIFIED_BUT_MODEL_SENSITIVE,confidence tier HIGH: elevated structural-break sensitivity and/or model disagreement for this player,NO EDGE,https://www.sportsbet.com.au/betting/australian-rules/afl-brownlow-medal/2026-afl-brownlow-medal-9641792,2026-09-17T04:16:34.686425+00:00
QUINELLA,Brownlow Medal Quinella,Chad Warner/Nick Daicos,Chad Warner,,Chad Warner/Nick Daicos,,151.0,0.006622516556291391,0.0,-0.6622516556291391,-1.0,0.9607790881852304,0.9607790881852304,13.0,HIGH,VERIFIED_BUT_MODEL_SENSITIVE,confidence tier HIGH: elevated structural-break sensitivity and/or model disagreement for this player,NO EDGE,https://www.sportsbet.com.au/betting/australian-rules/afl-brownlow-medal/brownlow-medal-quinella-10861170,2026-09-17T04:16:34.686425+00:00
EXACTA,Brownlow Medal Exacta,Marcus Bontempelli/Nick Daicos,Marcus Bontempelli,,Marcus Bontempelli/Nick Daicos,,151.0,0.006622516556291391,0.0,-0.6622516556291391,-1.0,1.5780527912117996,1.5780527912117996,13.0,HIGH,VERIFIED_BUT_MODEL_SENSITIVE,confidence tier HIGH: elevated structural-break sensitivity and/or model disagreement for this player,NO EDGE,https://www.sportsbet.com.au/betting/australian-rules/afl-brownlow-medal/brownlow-medal-exacta-10861171,2026-09-17T04:16:34.686425+00:00
TEAM_TOP_POLLER,Collingwood Most Votes - Without N.Daicos,Jack Crisp,Jack Crisp,Collingwood,,,151.0,0.006622516556291391,0.0,-0.6622516556291391,-1.0,0.1872658961643623,0.1872658961643623,6.0,MEDIUM,VERIFIED_BUT_MODEL_SENSITIVE,confidence tier MEDIUM: elevated structural-break sensitivity and/or model disagreement for this player,NO EDGE,https://www.sportsbet.com.au/betting/australian-rules/afl-brownlow-teams/collingwood-most-votes-without-n-daicos-10819433,2026-09-17T04:16:34.686425+00:00
TEAM_TOP_POLLER,Geelong Cats Most Votes - Without B.Smith/M.Holmes,Gryan Miers,Gryan Miers,Geelong Cats,,,151.0,0.006622516556291391,0.0,-0.6622516556291391,-1.0,0.1013263393437963,0.0870548865185243,3.0,MEDIUM,VERIFIED_BUT_MODEL_SENSITIVE,confidence tier MEDIUM: elevated structural-break sensitivity and/or model disagreement for this player,NO EDGE,https://www.sportsbet.com.au/betting/australian-rules/afl-brownlow-teams/geelong-cats-most-votes-without-b-smith-m-holmes-10819442,2026-09-17T04:16:34.686425+00:00
TEAM_TOP_POLLER,Geelong Cats Most Votes - Without B.Smith/M.Holmes,James Worpel,James Worpel,Geelong Cats,,,151.0,0.006622516556291391,0.0,-0.6622516556291391,-1.0,0.1400316238478856,0.0642321653617173,4.0,MEDIUM,VERIFIED_BUT_MODEL_SENSITIVE,confidence tier MEDIUM: elevated structural-break sensitivity and/or model disagreement for this player,NO EDGE,https://www.sportsbet.com.au/betting/australian-rules/afl-brownlow-teams/geelong-cats-most-votes-without-b-smith-m-holmes-10819442,2026-09-17T04:16:34.686425+00:00
TEAM_TOP_POLLER,Geelong Cats Most Votes - Without B.Smith/M.Holmes,Oliver Henry,Oliver Henry,Geelong Cats,,,151.0,0.006622516556291391,0.0,-0.6622516556291391,-1.0,0.1461545887552642,0.1242401557227028,5.0,MEDIUM,VERIFIED_BUT_MODEL_SENSITIVE,confidence tier MEDIUM: elevated structural-break sensitivity and/or model disagreement for this player,NO EDGE,https://www.sportsbet.com.au/betting/australian-rules/afl-brownlow-teams/geelong-cats-most-votes-without-b-smith-m-holmes-10819442,2026-09-17T04:16:34.686425+00:00
TEAM_TOP_POLLER,Geelong Cats Most Votes - Without B.Smith/M.Holmes,Tom Atkins,Tom Atkins,Geelong Cats,,,151.0,0.006622516556291391,0.0,-0.6622516556291391,-1.0,0.0921859690898128,0.0921859690898128,5.0,MEDIUM,VERIFIED_BUT_MODEL_SENSITIVE,confidence tier MEDIUM: elevated structural-break sensitivity and/or model disagreement for this player,NO EDGE,https://www.sportsbet.com.au/betting/australian-rules/afl-brownlow-teams/geelong-cats-most-votes-without-b-smith-m-holmes-10819442,2026-09-17T04:16:34.686425+00:00
TEAM_TOP_POLLER,Geelong Cats Most Votes - Without B.Smith/M.Holmes,Tom Stewart,Tom Stewart,Geelong Cats,,,151.0,0.006622516556291391,0.0,-0.6622516556291391,-1.0,0.3445942525758503,0.2264280926350432,5.0,MEDIUM,VERIFIED_BUT_MODEL_SENSITIVE,confidence tier MEDIUM: elevated structural-break sensitivity and/or model disagreement for this player,NO EDGE,https://www.sportsbet.com.au/betting/australian-rules/afl-brownlow-teams/geelong-cats-most-votes-without-b-smith-m-holmes-10819442,2026-09-17T04:16:34.686425+00:00
TRIFECTA,Brownlow Medal Trifecta,Nick Daicos/Marcus Bontempelli/Jai Newcombe,Nick Daicos,,Nick Daicos/Marcus Bontempelli/Jai Newcombe,,141.0,0.0070921985815602835,4e-05,-0.7052198581560284,-0.99436,0.9232905686771886,0.2331800353149589,12.0,HIGH,VERIFIED_BUT_MODEL_SENSITIVE,confidence tier HIGH: elevated structural-break sensitivity and/or model disagreement for this player,NO EDGE,https://www.sportsbet.com.au/betting/australian-rules/afl-brownlow-medal/brownlow-medal-trifecta-10861172,2026-09-17T04:16:34.686425+00:00
TRIFECTA,Brownlow Medal Trifecta,Nick Daicos/Marcus Bontempelli/Jordan Dawson,Nick Daicos,,Nick Daicos/Marcus Bontempelli/Jordan Dawson,,126.0,0.007936507936507936,7e-05,-0.7866507936507936,-0.99118,0.9232905686771886,0.2331800353149589,12.0,HIGH,VERIFIED_BUT_MODEL_SENSITIVE,confidence tier HIGH: elevated structural-break sensitivity and/or model disagreement for this player,NO EDGE,https://www.sportsbet.com.au/betting/australian-rules/afl-brownlow-medal/brownlow-medal-trifecta-10861172,2026-09-17T04:16:34.686425+00:00
QUINELLA,Brownlow Medal Quinella,Isaac Heeney/Nick Daicos,Isaac Heeney,,Isaac Heeney/Nick Daicos,,81.0,0.012345679012345678,0.00426,-0.8085679012345679,-0.6549400000000001,1.4572012731110888,1.360733830105417,13.0,HIGH,VERIFIED_BUT_MODEL_SENSITIVE,confidence tier HIGH: elevated structural-break sensitivity and/or model disagreement for this player,NO EDGE,https://www.sportsbet.com.au/betting/australian-rules/afl-brownlow-medal/brownlow-medal-quinella-10861170,2026-09-17T04:16:34.686425+00:00
QUINELLA,Brownlow Medal Quinella,Lachie Neale/Nick Daicos,Lachie Neale,,Lachie Neale/Nick Daicos,,81.0,0.012345679012345678,0.00417,-0.8175679012345678,-0.66223,0.639783272451762,0.4178617270819131,13.0,HIGH,VERIFIED_BUT_MODEL_SENSITIVE,confidence tier HIGH: elevated structural-break sensitivity and/or model disagreement for this player,NO EDGE,https://www.sportsbet.com.au/betting/australian-rules/afl-brownlow-medal/brownlow-medal-quinella-10861170,2026-09-17T04:16:34.686425+00:00
EXACTA,Brownlow Medal Exacta,Nick Daicos/Lachie Neale,Nick Daicos,,Nick Daicos/Lachie Neale,,81.0,0.012345679012345678,0.00417,-0.8175679012345678,-0.66223,0.9232905686771886,0.2331800353149589,12.0,HIGH,VERIFIED_BUT_MODEL_SENSITIVE,confidence tier HIGH: elevated structural-break sensitivity and/or model disagreement for this player,NO EDGE,https://www.sportsbet.com.au/betting/australian-rules/afl-brownlow-medal/brownlow-medal-exacta-10861171,2026-09-17T04:16:34.686425+00:00
PICK_YOUR_OWN_VOTES,To Poll a Vote,Peter Wright,Peter Wright,,,1.0,2.12,0.4716981132075471,0.46344,-0.8258113207547102,-0.017507199999999945,0.1296086039296924,0.1209187619799473,4.0,MEDIUM,VERIFIED_BUT_MODEL_SENSITIVE,confidence tier MEDIUM: elevated structural-break sensitivity and/or model disagreement for this player,NO EDGE,https://www.sportsbet.com.au/betting/australian-rules/afl-brownlow-pick-your-own-vote/to-poll-a-vote-10868936,2026-09-17T04:16:34.686425+00:00
TEAM_TOP_POLLER,St Kilda Most Votes - Without N.Wanganeen-Milera,Darcy Wilson,Darcy Wilson,St Kilda,,,101.0,0.009900990099009901,0.0016011666666666668,-0.8299823432343234,-0.8382821666666667,0.9301009480505048,0.8992468979001389,8.0,HIGH,VERIFIED_BUT_MODEL_SENSITIVE,confidence tier HIGH: elevated structural-break sensitivity and/or model disagreement for this player,NO EDGE,https://www.sportsbet.com.au/betting/australian-rules/afl-brownlow-teams/st-kilda-most-votes-without-n-wanganeen-milera-10819443,2026-09-17T04:16:34.686425+00:00
TOP_N,Top 3 Finish (Includes Ineligible),Kysaiah Pickett,Kysaiah Pickett,,,3.0,101.0,0.009900990099009901,0.00159,-0.8310990099009902,-0.83941,0.0813679360765249,0.0411218884956916,10.0,MEDIUM,VERIFIED_BUT_MODEL_SENSITIVE,confidence tier MEDIUM: elevated structural-break sensitivity and/or model disagreement for this player,NO EDGE,https://www.sportsbet.com.au/betting/australian-rules/afl-brownlow-medal/top-3-finish-includes-ineligible--10804244,2026-09-17T04:16:34.686425+00:00
TOP_N,Top 5 Finish (Includes Ineligible),Luke Jackson,Luke Jackson,,,5.0,101.0,0.009900990099009901,0.00149,-0.8410990099009901,-0.84951,1.907590918545143,1.3768516536469768,14.0,HIGH,VERIFIED_BUT_MODEL_SENSITIVE,confidence tier HIGH: elevated structural-break sensitivity and/or model disagreement for this player,NO EDGE,https://www.sportsbet.com.au/betting/australian-rules/afl-brownlow-medal/top-5-finish-includes-ineligible--10804245,2026-09-17T04:16:34.686425+00:00
GROUP_H2H,Brownlow Group - Group C,Charlie Curnow,Charlie Curnow,,Group C,,8.0,0.125,0.116519,-0.8481000000000003,-0.06784800000000002,1.0387589892435771,0.5821247913179057,8.0,HIGH,VERIFIED_BUT_MODEL_SENSITIVE,confidence tier HIGH: elevated structural-break sensitivity and/or model disagreement for this player,NO EDGE,https://www.sportsbet.com.au/betting/australian-rules/afl-brownlow-medal/brownlow-group-group-c-10915097,2026-09-17T04:16:34.686425+00:00
TOP_N,Top 5 Finish (Includes Ineligible),Max Holmes,Max Holmes,,,5.0,101.0,0.009900990099009901,0.00082,-0.9080990099009901,-0.91718,0.1554342434471518,0.1549760571933518,11.0,MEDIUM,VERIFIED_BUT_MODEL_SENSITIVE,confidence tier MEDIUM: elevated structural-break sensitivity and/or model disagreement for this player,NO EDGE,https://www.sportsbet.com.au/betting/australian-rules/afl-brownlow-medal/top-5-finish-includes-ineligible--10804245,2026-09-17T04:16:34.686425+00:00
WINNER,2026 AFL Brownlow Medal,Bailey Smith,Bailey Smith,,,,51.0,0.0196078431372549,0.01034,-0.9267843137254902,-0.47265999999999997,0.581983245516696,0.2682935583187955,15.0,HIGH,VERIFIED_BUT_MODEL_SENSITIVE,confidence tier HIGH: elevated structural-break sensitivity and/or model disagreement for this player,NO EDGE,https://www.sportsbet.com.au/betting/australian-rules/afl-brownlow-medal/2026-afl-brownlow-medal-9641792,2026-09-17T04:16:34.686425+00:00
TEAM_TOP_POLLER,Hawthorn Most Votes - Without J.Newcombe,Josh Ward,Josh Ward,Hawthorn,,,101.0,0.009900990099009901,0.0004016666666666667,-0.9499323432343234,-0.9594316666666667,0.1356845976329346,0.1356845976329346,10.0,MEDIUM,VERIFIED_BUT_MODEL_SENSITIVE,confidence tier MEDIUM: elevated structural-break sensitivity and/or model disagreement for this player,NO EDGE,https://www.sportsbet.com.au/betting/australian-rules/afl-brownlow-teams/hawthorn-most-votes-without-j-newcombe-10819449,2026-09-17T04:16:34.686425+00:00
TOP_N,Top 5 Finish (Includes Ineligible),Harley Reid,Harley Reid,,,5.0,101.0,0.009900990099009901,8e-05,-0.9820990099009901,-0.99192,0.7026048480023626,0.3944029295423981,12.0,HIGH,VERIFIED_BUT_MODEL_SENSITIVE,confidence tier HIGH: elevated structural-break sensitivity and/or model disagreement for this player,NO EDGE,https://www.sportsbet.com.au/betting/australian-rules/afl-brownlow-medal/top-5-finish-includes-ineligible--10804245,2026-09-17T04:16:34.686425+00:00
WINNER,2026 AFL Brownlow Medal,Will Ashcroft,Will Ashcroft,,,,101.0,0.009900990099009901,0.0,-0.9900990099009901,-1.0,0.9646709709757744,0.6242991531514086,12.0,HIGH,VERIFIED_BUT_MODEL_SENSITIVE,confidence tier HIGH: elevated structural-break sensitivity and/or model disagreement for this player,NO EDGE,https://www.sportsbet.com.au/betting/australian-rules/afl-brownlow-medal/2026-afl-brownlow-medal-9641792,2026-09-17T04:16:34.686425+00:00
TEAM_TOP_POLLER,Geelong Cats Most Votes - Without B.Smith/M.Holmes,Shannon Neale,Shannon Neale,Geelong Cats,,,101.0,0.009900990099009901,0.0,-0.9900990099009901,-1.0,0.5889615627354328,0.0494608696387413,8.0,HIGH,VERIFIED_BUT_MODEL_SENSITIVE,confidence tier HIGH: elevated structural-break sensitivity and/or model disagreement for this player,NO EDGE,https://www.sportsbet.com.au/betting/australian-rules/afl-brownlow-teams/geelong-cats-most-votes-without-b-smith-m-holmes-10819442,2026-09-17T04:16:34.686425+00:00
TEAM_TOP_POLLER,Geelong Cats Most Votes - Without B.Smith/M.Holmes,Tanner Bruhn,Tanner Bruhn,Geelong Cats,,,101.0,0.009900990099009901,0.0,-0.9900990099009901,-1.0,0.2534869967395541,0.0685942600408511,6.0,MEDIUM,VERIFIED_BUT_MODEL_SENSITIVE,confidence tier MEDIUM: elevated structural-break sensitivity and/or model disagreement for this player,NO EDGE,https://www.sportsbet.com.au/betting/australian-rules/afl-brownlow-teams/geelong-cats-most-votes-without-b-smith-m-holmes-10819442,2026-09-17T04:16:34.686425+00:00
TEAM_TOP_POLLER,Western Bulldogs Most Votes - Without M.Bontempelli/E.Richards,Sam Darcy,Sam Darcy,Western Bulldogs,,,101.0,0.009900990099009901,0.0,-0.9900990099009901,-1.0,0.1757606470656512,0.1386808447821967,3.0,MEDIUM,VERIFIED_BUT_MODEL_SENSITIVE,confidence tier MEDIUM: elevated structural-break sensitivity and/or model disagreement for this player,NO EDGE,https://www.sportsbet.com.au/betting/australian-rules/afl-brownlow-teams/western-bulldogs-most-votes-without-m-bontempelli-e-richards-10819445,2026-09-17T04:16:34.686425+00:00
TRIFECTA,Brownlow Medal Trifecta,Nick Daicos/Bailey Smith/Max Gawn,Nick Daicos,,Nick Daicos/Bailey Smith/Max Gawn,,56.0,0.017857142857142856,0.00791,-0.9947142857142856,-0.55704,0.9232905686771886,0.2331800353149589,12.0,HIGH,VERIFIED_BUT_MODEL_SENSITIVE,confidence tier HIGH: elevated structural-break sensitivity and/or model disagreement for this player,NO EDGE,https://www.sportsbet.com.au/betting/australian-rules/afl-brownlow-medal/brownlow-medal-trifecta-10861172,2026-09-17T04:16:34.686425+00:00
PICK_YOUR_OWN_VOTES,To poll 25 or more votes,Kysaiah Pickett,Kysaiah Pickett,,,25.0,34.0,0.029411764705882353,0.01885,-1.0561764705882353,-0.3591000000000001,0.0813679360765249,0.0411218884956916,10.0,MEDIUM,VERIFIED_BUT_MODEL_SENSITIVE,confidence tier MEDIUM: elevated structural-break sensitivity and/or model disagreement for this player,NO EDGE,https://www.sportsbet.com.au/betting/australian-rules/afl-brownlow-pick-your-own-vote/to-poll-25-or-more-votes-10865487,2026-09-17T04:16:34.686425+00:00
TOP_N,Top 5 Finish (Includes Ineligible),Chad Warner,Chad Warner,,,5.0,67.0,0.014925373134328358,0.0042,-1.0725373134328358,-0.7186,0.9607790881852304,0.9607790881852304,13.0,HIGH,VERIFIED_BUT_MODEL_SENSITIVE,confidence tier HIGH: elevated structural-break sensitivity and/or model disagreement for this player,NO EDGE,https://www.sportsbet.com.au/betting/australian-rules/afl-brownlow-medal/top-5-finish-includes-ineligible--10804245,2026-09-17T04:16:34.686425+00:00
QUINELLA,Brownlow Medal Quinella,Jai Newcombe/Nick Daicos,Jai Newcombe,,Jai Newcombe/Nick Daicos,,81.0,0.012345679012345678,0.00018,-1.2165679012345678,-0.98542,0.1835185378956296,0.1057104600025269,14.0,MEDIUM,VERIFIED_BUT_MODEL_SENSITIVE,confidence tier MEDIUM: elevated structural-break sensitivity and/or model disagreement for this player,NO EDGE,https://www.sportsbet.com.au/betting/australian-rules/afl-brownlow-medal/brownlow-medal-quinella-10861170,2026-09-17T04:16:34.686425+00:00
EXACTA,Brownlow Medal Exacta,Nick Daicos/Jai Newcombe,Nick Daicos,,Nick Daicos/Jai Newcombe,,81.0,0.012345679012345678,0.00018,-1.2165679012345678,-0.98542,0.9232905686771886,0.2331800353149589,12.0,HIGH,VERIFIED_BUT_MODEL_SENSITIVE,confidence tier HIGH: elevated structural-break sensitivity and/or model disagreement for this player,NO EDGE,https://www.sportsbet.com.au/betting/australian-rules/afl-brownlow-medal/brownlow-medal-exacta-10861171,2026-09-17T04:16:34.686425+00:00
TEAM_TOP_POLLER,Hawthorn Most Votes - Without J.Newcombe,Jack Ginnivan,Jack Ginnivan,Hawthorn,,,81.0,0.012345679012345678,8.166666666666665e-05,-1.2264012345679012,-0.993385,0.3801706318233671,0.2213369748399558,9.0,MEDIUM,VERIFIED_BUT_MODEL_SENSITIVE,confidence tier MEDIUM: elevated structural-break sensitivity and/or model disagreement for this player,NO EDGE,https://www.sportsbet.com.au/betting/australian-rules/afl-brownlow-teams/hawthorn-most-votes-without-j-newcombe-10819449,2026-09-17T04:16:34.686425+00:00
WINNER,2026 AFL Brownlow Medal,Patrick Cripps,Patrick Cripps,,,,81.0,0.012345679012345678,0.0,-1.2345679012345678,-1.0,1.421776536178978,0.1083166928301686,15.0,HIGH,VERIFIED_BUT_MODEL_SENSITIVE,confidence tier HIGH: elevated structural-break sensitivity and/or model disagreement for this player,NO EDGE,https://www.sportsbet.com.au/betting/australian-rules/afl-brownlow-medal/2026-afl-brownlow-medal-9641792,2026-09-17T04:16:34.686425+00:00
TEAM_TOP_POLLER,Collingwood Most Votes - Without N.Daicos,Dan Houston,Dan Houston,Collingwood,,,81.0,0.012345679012345678,0.0,-1.2345679012345678,-1.0,0.4857844237889182,0.3512145583809665,6.0,HIGH,VERIFIED_BUT_MODEL_SENSITIVE,confidence tier HIGH: elevated structural-break sensitivity and/or model disagreement for this player,NO EDGE,https://www.sportsbet.com.au/betting/australian-rules/afl-brownlow-teams/collingwood-most-votes-without-n-daicos-10819433,2026-09-17T04:16:34.686425+00:00
PICK_YOUR_OWN_VOTES,To Poll a Vote,Jack Darling,Jack Darling,,,1.0,1.42,0.7042253521126761,0.69117,-1.3055352112676166,-0.01853860000000007,0.189720123369425,0.189720123369425,5.0,MEDIUM,VERIFIED_BUT_MODEL_SENSITIVE,confidence tier MEDIUM: elevated structural-break sensitivity and/or model disagreement for this player,NO EDGE,https://www.sportsbet.com.au/betting/australian-rules/afl-brownlow-pick-your-own-vote/to-poll-a-vote-10868936,2026-09-17T04:16:34.686425+00:00
TOP_N,Top 20 Finish (Includes Ineligible),Max Holmes,Max Holmes,,,20.0,1.95,0.5128205128205129,0.49955,-1.3270512820512892,-0.025877499999999998,0.1554342434471518,0.1549760571933518,11.0,MEDIUM,VERIFIED_BUT_MODEL_SENSITIVE,confidence tier MEDIUM: elevated structural-break sensitivity and/or model disagreement for this player,NO EDGE,https://www.sportsbet.com.au/betting/australian-rules/afl-brownlow-medal/top-20-finish-includes-ineligible--10804257,2026-09-17T04:16:34.686425+00:00
TOP_N,Top 3 Finish (Includes Ineligible),Max Gawn,Max Gawn,,,3.0,34.0,0.029411764705882353,0.01501,-1.4401764705882352,-0.48966,3.6638325386388537,0.7559909067700943,15.0,HIGH,VERIFIED_BUT_MODEL_SENSITIVE,confidence tier HIGH: elevated structural-break sensitivity and/or model disagreement for this player,NO EDGE,https://www.sportsbet.com.au/betting/australian-rules/afl-brownlow-medal/top-3-finish-includes-ineligible--10804244,2026-09-17T04:16:34.686425+00:00
QUINELLA,Brownlow Medal Quinella,Jordan Dawson/Nick Daicos,Jordan Dawson,,Jordan Dawson/Nick Daicos,,67.0,0.014925373134328358,0.00048,-1.4445373134328359,-0.96784,0.6454235874816163,0.6454235874816163,12.0,HIGH,VERIFIED_BUT_MODEL_SENSITIVE,confidence tier HIGH: elevated structural-break sensitivity and/or model disagreement for this player,NO EDGE,https://www.sportsbet.com.au/betting/australian-rules/afl-brownlow-medal/brownlow-medal-quinella-10861170,2026-09-17T04:16:34.686425+00:00
EXACTA,Brownlow Medal Exacta,Nick Daicos/Jordan Dawson,Nick Daicos,,Nick Daicos/Jordan Dawson,,67.0,0.014925373134328358,0.00048,-1.4445373134328359,-0.96784,0.9232905686771886,0.2331800353149589,12.0,HIGH,VERIFIED_BUT_MODEL_SENSITIVE,confidence tier HIGH: elevated structural-break sensitivity and/or model disagreement for this player,NO EDGE,https://www.sportsbet.com.au/betting/australian-rules/afl-brownlow-medal/brownlow-medal-exacta-10861171,2026-09-17T04:16:34.686425+00:00
WINNER,2026 AFL Brownlow Medal,Marcus Bontempelli,Marcus Bontempelli,,,,67.0,0.014925373134328358,0.0,-1.4925373134328357,-1.0,1.5780527912117996,1.5780527912117996,13.0,HIGH,VERIFIED_BUT_MODEL_SENSITIVE,confidence tier HIGH: elevated structural-break sensitivity and/or model disagreement for this player,NO EDGE,https://www.sportsbet.com.au/betting/australian-rules/afl-brownlow-medal/2026-afl-brownlow-medal-9641792,2026-09-17T04:16:34.686425+00:00
TEAM_TOP_POLLER,Geelong Cats Most Votes - Without B.Smith/M.Holmes,Patrick Dangerfield,Patrick Dangerfield,Geelong Cats,,,67.0,0.014925373134328358,0.0,-1.4925373134328357,-1.0,0.1935187247778245,0.150915945592847,6.0,MEDIUM,VERIFIED_BUT_MODEL_SENSITIVE,confidence tier MEDIUM: elevated structural-break sensitivity and/or model disagreement for this player,NO EDGE,https://www.sportsbet.com.au/betting/australian-rules/afl-brownlow-teams/geelong-cats-most-votes-without-b-smith-m-holmes-10819442,2026-09-17T04:16:34.686425+00:00
PICK_YOUR_OWN_VOTES,To Poll a Vote,Cameron Zurhaar,Cameron Zurhaar,,,1.0,4.0,0.25,0.23487,-1.5130000000000003,-0.06052000000000002,0.182633555187046,0.1560266396078101,3.0,MEDIUM,VERIFIED_BUT_MODEL_SENSITIVE,confidence tier MEDIUM: elevated structural-break sensitivity and/or model disagreement for this player,NO EDGE,https://www.sportsbet.com.au/betting/australian-rules/afl-brownlow-pick-your-own-vote/to-poll-a-vote-10868936,2026-09-17T04:16:34.686425+00:00
TOP_N,Top 10 Finish (Includes Ineligible),Harley Reid,Harley Reid,,,10.0,51.0,0.0196078431372549,0.00383,-1.57778431372549,-0.80467,0.7026048480023626,0.3944029295423981,12.0,HIGH,VERIFIED_BUT_MODEL_SENSITIVE,confidence tier HIGH: elevated structural-break sensitivity and/or model disagreement for this player,NO EDGE,https://www.sportsbet.com.au/betting/australian-rules/afl-brownlow-medal/top-10-finish-includes-ineligible--10804256,2026-09-17T04:16:34.686425+00:00
QUINELLA,Brownlow Medal Quinella,Nick Daicos/Will Ashcroft,Nick Daicos,,Nick Daicos/Will Ashcroft,,41.0,0.024390243902439025,0.00777,-1.6620243902439027,-0.68143,0.9232905686771886,0.2331800353149589,12.0,HIGH,VERIFIED_BUT_MODEL_SENSITIVE,confidence tier HIGH: elevated structural-break sensitivity and/or model disagreement for this player,NO EDGE,https://www.sportsbet.com.au/betting/australian-rules/afl-brownlow-medal/brownlow-medal-quinella-10861170,2026-09-17T04:16:34.686425+00:00
EXACTA,Brownlow Medal Exacta,Nick Daicos/Will Ashcroft,Nick Daicos,,Nick Daicos/Will Ashcroft,,41.0,0.024390243902439025,0.00777,-1.6620243902439027,-0.68143,0.9232905686771886,0.2331800353149589,12.0,HIGH,VERIFIED_BUT_MODEL_SENSITIVE,confidence tier HIGH: elevated structural-break sensitivity and/or model disagreement for this player,NO EDGE,https://www.sportsbet.com.au/betting/australian-rules/afl-brownlow-medal/brownlow-medal-exacta-10861171,2026-09-17T04:16:34.686425+00:00
GROUP_H2H,Brownlow Group - Group C,Jye Amiss,Jye Amiss,,Group C,,10.0,0.1,0.08333783333333333,-1.6662166666666671,-0.16662166666666667,0.3694834811440213,0.332170785409696,10.0,HIGH,VERIFIED_BUT_MODEL_SENSITIVE,confidence tier HIGH: elevated structural-break sensitivity and/or model disagreement for this player,NO EDGE,https://www.sportsbet.com.au/betting/australian-rules/afl-brownlow-medal/brownlow-group-group-c-10915097,2026-09-17T04:16:34.686425+00:00
TRIFECTA,Brownlow Medal Trifecta,Nick Daicos/Bailey Smith/Jordan Dawson,Nick Daicos,,Nick Daicos/Bailey Smith/Jordan Dawson,,36.0,0.027777777777777776,0.01034,-1.7437777777777774,-0.62776,0.9232905686771886,0.2331800353149589,12.0,HIGH,VERIFIED_BUT_MODEL_SENSITIVE,confidence tier HIGH: elevated structural-break sensitivity and/or model disagreement for this player,NO EDGE,https://www.sportsbet.com.au/betting/australian-rules/afl-brownlow-medal/brownlow-medal-trifecta-10861172,2026-09-17T04:16:34.686425+00:00
TOP_N,Top 3 Finish (Includes Ineligible),Jordan Dawson,Jordan Dawson,,,3.0,26.0,0.038461538461538464,0.02068,-1.7781538461538464,-0.46231999999999995,0.6454235874816163,0.6454235874816163,12.0,HIGH,VERIFIED_BUT_MODEL_SENSITIVE,confidence tier HIGH: elevated structural-break sensitivity and/or model disagreement for this player,NO EDGE,https://www.sportsbet.com.au/betting/australian-rules/afl-brownlow-medal/top-3-finish-includes-ineligible--10804244,2026-09-17T04:16:34.686425+00:00
TRIFECTA,Brownlow Medal Trifecta,Nick Daicos/Patrick Cripps/Marcus Bontempelli,Nick Daicos,,Nick Daicos/Patrick Cripps/Marcus Bontempelli,,51.0,0.0196078431372549,0.00079,-1.8817843137254902,-0.95971,0.9232905686771886,0.2331800353149589,12.0,HIGH,VERIFIED_BUT_MODEL_SENSITIVE,confidence tier HIGH: elevated structural-break sensitivity and/or model disagreement for this player,NO EDGE,https://www.sportsbet.com.au/betting/australian-rules/afl-brownlow-medal/brownlow-medal-trifecta-10861172,2026-09-17T04:16:34.686425+00:00
TOP_N,Top 10 Finish (Includes Ineligible),Andrew Brayshaw,Andrew Brayshaw,,,10.0,41.0,0.024390243902439025,0.00492,-1.9470243902439024,-0.79828,1.050877021706878,0.9427480658709316,13.0,HIGH,VERIFIED_BUT_MODEL_SENSITIVE,confidence tier HIGH: elevated structural-break sensitivity and/or model disagreement for this player,NO EDGE,https://www.sportsbet.com.au/betting/australian-rules/afl-brownlow-medal/top-10-finish-includes-ineligible--10804256,2026-09-17T04:16:34.686425+00:00
PICK_YOUR_OWN_VOTES,To poll 30 or more votes,Max Gawn,Max Gawn,,,30.0,41.0,0.024390243902439025,0.00488,-1.9510243902439026,-0.79992,3.6638325386388537,0.7559909067700943,15.0,HIGH,VERIFIED_BUT_MODEL_SENSITIVE,confidence tier HIGH: elevated structural-break sensitivity and/or model disagreement for this player,NO EDGE,https://www.sportsbet.com.au/betting/australian-rules/afl-brownlow-pick-your-own-vote/to-poll-30-or-more-votes-10865488,2026-09-17T04:16:34.686425+00:00
PICK_YOUR_OWN_VOTES,To Poll a Vote,James Rowbottom,James Rowbottom,,,1.0,1.81,0.5524861878453039,0.53295,-1.9536187845303865,-0.035360499999999906,0.0590886118916488,0.0283601837103991,4.0,MEDIUM,VERIFIED_BUT_MODEL_SENSITIVE,confidence tier MEDIUM: elevated structural-break sensitivity and/or model disagreement for this player,NO EDGE,https://www.sportsbet.com.au/betting/australian-rules/afl-brownlow-pick-your-own-vote/to-poll-a-vote-10868936,2026-09-17T04:16:34.686425+00:00
TRIFECTA,Brownlow Medal Trifecta,Nick Daicos/Patrick Cripps/Bailey Smith,Nick Daicos,,Nick Daicos/Patrick Cripps/Bailey Smith,,36.0,0.027777777777777776,0.00819,-1.9587777777777777,-0.70516,0.9232905686771886,0.2331800353149589,12.0,HIGH,VERIFIED_BUT_MODEL_SENSITIVE,confidence tier HIGH: elevated structural-break sensitivity and/or model disagreement for this player,NO EDGE,https://www.sportsbet.com.au/betting/australian-rules/afl-brownlow-medal/brownlow-medal-trifecta-10861172,2026-09-17T04:16:34.686425+00:00
TEAM_TOP_POLLER,Collingwood Most Votes - Without N.Daicos,Daniel McStay,Daniel McStay,Collingwood,,,51.0,0.0196078431372549,0.0,-1.9607843137254901,-1.0,0.2504305984874166,0.0792066130101163,5.0,MEDIUM,VERIFIED_BUT_MODEL_SENSITIVE,confidence tier MEDIUM: elevated structural-break sensitivity and/or model disagreement for this player,NO EDGE,https://www.sportsbet.com.au/betting/australian-rules/afl-brownlow-teams/collingwood-most-votes-without-n-daicos-10819433,2026-09-17T04:16:34.686425+00:00
TRIFECTA,Brownlow Medal Trifecta,Nick Daicos/Bailey Smith/Jai Newcombe,Nick Daicos,,Nick Daicos/Bailey Smith/Jai Newcombe,,41.0,0.024390243902439025,0.00474,-1.9650243902439024,-0.80566,0.9232905686771886,0.2331800353149589,12.0,HIGH,VERIFIED_BUT_MODEL_SENSITIVE,confidence tier HIGH: elevated structural-break sensitivity and/or model disagreement for this player,NO EDGE,https://www.sportsbet.com.au/betting/australian-rules/afl-brownlow-medal/brownlow-medal-trifecta-10861172,2026-09-17T04:16:34.686425+00:00
TOP_N,Top 5 Finish (Includes Ineligible),Will Ashcroft,Will Ashcroft,,,5.0,2.0,0.5,0.47942,-2.057999999999999,-0.041159999999999974,0.9646709709757744,0.6242991531514086,12.0,HIGH,VERIFIED_BUT_MODEL_SENSITIVE,confidence tier HIGH: elevated structural-break sensitivity and/or model disagreement for this player,NO EDGE,https://www.sportsbet.com.au/betting/australian-rules/afl-brownlow-medal/top-5-finish-includes-ineligible--10804245,2026-09-17T04:16:34.686425+00:00
PICK_YOUR_OWN_VOTES,To poll 10 or more votes,Josh Treacy,Josh Treacy,,,10.0,2.35,0.425531914893617,0.40489,-2.0641914893616997,-0.048508499999999954,0.7565565614717258,0.724199047720635,11.0,HIGH,VERIFIED_BUT_MODEL_SENSITIVE,confidence tier HIGH: elevated structural-break sensitivity and/or model disagreement for this player,NO EDGE,https://www.sportsbet.com.au/betting/australian-rules/afl-brownlow-pick-your-own-vote/to-poll-10-or-more-votes-10865473,2026-09-17T04:16:34.686425+00:00
TRIFECTA,Brownlow Medal Trifecta,Nick Daicos/Marcus Bontempelli/Isaac Heeney,Nick Daicos,,Nick Daicos/Marcus Bontempelli/Isaac Heeney,,46.0,0.021739130434782608,0.00053,-2.120913043478261,-0.97562,0.9232905686771886,0.2331800353149589,12.0,HIGH,VERIFIED_BUT_MODEL_SENSITIVE,confidence tier HIGH: elevated structural-break sensitivity and/or model disagreement for this player,NO EDGE,https://www.sportsbet.com.au/betting/australian-rules/afl-brownlow-medal/brownlow-medal-trifecta-10861172,2026-09-17T04:16:34.686425+00:00
TOP_N,Top 10 Finish (Includes Ineligible),Will Ashcroft,Will Ashcroft,,,10.0,1.07,0.9345794392523364,0.91239,-2.2189439252336407,-0.023742699999999894,0.9646709709757744,0.6242991531514086,12.0,HIGH,VERIFIED_BUT_MODEL_SENSITIVE,confidence tier HIGH: elevated structural-break sensitivity and/or model disagreement for this player,NO EDGE,https://www.sportsbet.com.au/betting/australian-rules/afl-brownlow-medal/top-10-finish-includes-ineligible--10804256,2026-09-17T04:16:34.686425+00:00
TEAM_VOTES_OU,Richmond Team Votes O/U,Over,,Richmond,,16.5,1.87,0.53475935828877,0.51223,-2.2529358288770007,-0.04212990000000005,,,,UNKNOWN,PRICE_SUSPECT,Over and Under both priced at 1.87 - flat/templated pricing pattern shared across most team O/U markets; held out of headline value pending a market refresh,REVIEW REQUIRED — PRICE FRESHNESS,https://www.sportsbet.com.au/betting/australian-rules/afl-brownlow-team-votes-o-u/richmond-team-votes-o-u-10911275,2026-09-17T04:16:34.686425+00:00
PLAYER_VOTES_OU,Ed Richards Votes O/U,Under,Ed Richards,,,18.5,1.87,0.53475935828877,0.51211,-2.2649358288770016,-0.04235430000000007,0.4277553175864597,0.1837798777744943,13.0,MEDIUM,VERIFIED_BUT_MODEL_SENSITIVE,confidence tier MEDIUM: elevated structural-break sensitivity and/or model disagreement for this player,NO EDGE,https://www.sportsbet.com.au/betting/australian-rules/afl-brownlow-player-votes-o-u/ed-richards-votes-o-u-10911179,2026-09-17T04:16:34.686425+00:00
QUINELLA,Brownlow Medal Quinella,Max Gawn/Nick Daicos,Max Gawn,,Max Gawn/Nick Daicos,,41.0,0.024390243902439025,0.00043,-2.3960243902439027,-0.98237,3.6638325386388537,0.7559909067700943,15.0,HIGH,VERIFIED_BUT_MODEL_SENSITIVE,confidence tier HIGH: elevated structural-break sensitivity and/or model disagreement for this player,NO EDGE,https://www.sportsbet.com.au/betting/australian-rules/afl-brownlow-medal/brownlow-medal-quinella-10861170,2026-09-17T04:16:34.686425+00:00
EXACTA,Brownlow Medal Exacta,Nick Daicos/Max Gawn,Nick Daicos,,Nick Daicos/Max Gawn,,41.0,0.024390243902439025,0.00043,-2.3960243902439027,-0.98237,0.9232905686771886,0.2331800353149589,12.0,HIGH,VERIFIED_BUT_MODEL_SENSITIVE,confidence tier HIGH: elevated structural-break sensitivity and/or model disagreement for this player,NO EDGE,https://www.sportsbet.com.au/betting/australian-rules/afl-brownlow-medal/brownlow-medal-exacta-10861171,2026-09-17T04:16:34.686425+00:00
GROUP_H2H,Brownlow Group - Group C,Logan Morris,Logan Morris,,Group C,,26.0,0.038461538461538464,0.011975999999999999,-2.6485538461538463,-0.688624,0.1788568816127149,0.1701932093321296,7.0,MEDIUM,VERIFIED_BUT_MODEL_SENSITIVE,confidence tier MEDIUM: elevated structural-break sensitivity and/or model disagreement for this player,NO EDGE,https://www.sportsbet.com.au/betting/australian-rules/afl-brownlow-medal/brownlow-group-group-c-10915097,2026-09-17T04:16:34.686425+00:00
PICK_YOUR_OWN_VOTES,To Poll a Vote,Jake Bowey,Jake Bowey,,,1.0,1.14,0.8771929824561404,0.85069,-2.6502982456140467,-0.030213400000000168,0.0650439618954865,0.043544435371106,6.0,MEDIUM,VERIFIED_BUT_MODEL_SENSITIVE,confidence tier MEDIUM: elevated structural-break sensitivity and/or model disagreement for this player,NO EDGE,https://www.sportsbet.com.au/betting/australian-rules/afl-brownlow-pick-your-own-vote/to-poll-a-vote-10868936,2026-09-17T04:16:34.686425+00:00
PLAYER_VOTES_OU,Isaac Heeney Votes O/U,Over,Isaac Heeney,,,23.5,1.87,0.53475935828877,0.50809,-2.666935828876993,-0.04987169999999985,1.4572012731110888,1.360733830105417,13.0,HIGH,VERIFIED_BUT_MODEL_SENSITIVE,confidence tier HIGH: elevated structural-break sensitivity and/or model disagreement for this player,NO EDGE,https://www.sportsbet.com.au/betting/australian-rules/afl-brownlow-player-votes-o-u/isaac-heeney-votes-o-u-10911146,2026-09-17T04:16:34.686425+00:00
TRIFECTA,Brownlow Medal Trifecta,Nick Daicos/Marcus Bontempelli/Will Ashcroft,Nick Daicos,,Nick Daicos/Marcus Bontempelli/Will Ashcroft,,34.0,0.029411764705882353,0.0009,-2.851176470588235,-0.9694,0.9232905686771886,0.2331800353149589,12.0,HIGH,VERIFIED_BUT_MODEL_SENSITIVE,confidence tier HIGH: elevated structural-break sensitivity and/or model disagreement for this player,NO EDGE,https://www.sportsbet.com.au/betting/australian-rules/afl-brownlow-medal/brownlow-medal-trifecta-10861172,2026-09-17T04:16:34.686425+00:00
GROUP_H2H,Brownlow Group - Group A,Will Ashcroft,Will Ashcroft,,Group A,,3.0,0.3333333333333333,0.30453766666666665,-2.8795666666666664,-0.08638699999999999,0.9646709709757744,0.6242991531514086,12.0,HIGH,VERIFIED_BUT_MODEL_SENSITIVE,confidence tier HIGH: elevated structural-break sensitivity and/or model disagreement for this player,NO EDGE,https://www.sportsbet.com.au/betting/australian-rules/afl-brownlow-medal/brownlow-group-group-a-10915095,2026-09-17T04:16:34.686425+00:00
TEAM_TOP_POLLER,West Coast Eagles Most Votes - Without H.Reid,Willem Duursma,Willem Duursma,West Coast Eagles,,,34.0,0.029411764705882353,0.0002441666666666666,-2.9167598039215687,-0.9916983333333333,0.1400082363607144,0.111957204969818,4.0,MEDIUM,VERIFIED_BUT_MODEL_SENSITIVE,confidence tier MEDIUM: elevated structural-break sensitivity and/or model disagreement for this player,NO EDGE,https://www.sportsbet.com.au/betting/australian-rules/afl-brownlow-teams/west-coast-eagles-most-votes-without-h-reid-10819450,2026-09-17T04:16:34.686425+00:00
TOP_N,Top 3 Finish (Includes Ineligible),Jai Newcombe,Jai Newcombe,,,3.0,26.0,0.038461538461538464,0.00921,-2.9251538461538464,-0.76054,0.1835185378956296,0.1057104600025269,14.0,MEDIUM,VERIFIED_BUT_MODEL_SENSITIVE,confidence tier MEDIUM: elevated structural-break sensitivity and/or model disagreement for this player,NO EDGE,https://www.sportsbet.com.au/betting/australian-rules/afl-brownlow-medal/top-3-finish-includes-ineligible--10804244,2026-09-17T04:16:34.686425+00:00
TEAM_TOP_POLLER,Western Bulldogs Most Votes - Without M.Bontempelli/E.Richards,Tim English,Tim English,Western Bulldogs,,,34.0,0.029411764705882353,0.0,-2.941176470588235,-1.0,0.5015509216816617,0.2302931746529379,4.0,HIGH,VERIFIED_BUT_MODEL_SENSITIVE,confidence tier HIGH: elevated structural-break sensitivity and/or model disagreement for this player,NO EDGE,https://www.sportsbet.com.au/betting/australian-rules/afl-brownlow-teams/western-bulldogs-most-votes-without-m-bontempelli-e-richards-10819445,2026-09-17T04:16:34.686425+00:00
PICK_YOUR_OWN_VOTES,To poll 25 or more votes,Chad Warner,Chad Warner,,,25.0,29.0,0.034482758620689655,0.00464,-2.984275862068966,-0.86544,0.9607790881852304,0.9607790881852304,13.0,HIGH,VERIFIED_BUT_MODEL_SENSITIVE,confidence tier HIGH: elevated structural-break sensitivity and/or model disagreement for this player,NO EDGE,https://www.sportsbet.com.au/betting/australian-rules/afl-brownlow-pick-your-own-vote/to-poll-25-or-more-votes-10865487,2026-09-17T04:16:34.686425+00:00
PICK_YOUR_OWN_VOTES,To Poll a Vote,Harvey Thomas,Harvey Thomas,,,1.0,1.74,0.5747126436781609,0.54428,-3.0432643678160898,-0.05295280000000002,0.1220417707722203,0.1220417707722203,5.0,MEDIUM,VERIFIED_BUT_MODEL_SENSITIVE,confidence tier MEDIUM: elevated structural-break sensitivity and/or model disagreement for this player,NO EDGE,https://www.sportsbet.com.au/betting/australian-rules/afl-brownlow-pick-your-own-vote/to-poll-a-vote-10868936,2026-09-17T04:16:34.686425+00:00
GROUP_H2H,Brownlow Group - Group D,John Noble,John Noble,,Group D,,4.0,0.25,0.21763133333333332,-3.2368666666666686,-0.12947466666666674,1.1450843681604717,0.4968566938633536,11.0,HIGH,VERIFIED_BUT_MODEL_SENSITIVE,confidence tier HIGH: elevated structural-break sensitivity and/or model disagreement for this player,NO EDGE,https://www.sportsbet.com.au/betting/australian-rules/afl-brownlow-medal/brownlow-group-group-d-10915098,2026-09-17T04:16:34.686425+00:00
PICK_YOUR_OWN_VOTES,To poll 30 or more votes,Jordan Dawson,Jordan Dawson,,,30.0,26.0,0.038461538461538464,0.00597,-3.2491538461538463,-0.84478,0.6454235874816163,0.6454235874816163,12.0,HIGH,VERIFIED_BUT_MODEL_SENSITIVE,confidence tier HIGH: elevated structural-break sensitivity and/or model disagreement for this player,NO EDGE,https://www.sportsbet.com.au/betting/australian-rules/afl-brownlow-pick-your-own-vote/to-poll-30-or-more-votes-10865488,2026-09-17T04:16:34.686425+00:00
TEAM_TOP_POLLER,Sydney Swans Most Votes,Errol Gulden,Errol Gulden,Sydney Swans,,,26.0,0.038461538461538464,0.004795,-3.3666538461538464,-0.87533,0.0719932561782137,0.062356295497624,7.0,MEDIUM,VERIFIED_BUT_MODEL_SENSITIVE,confidence tier MEDIUM: elevated structural-break sensitivity and/or model disagreement for this player,NO EDGE,https://www.sportsbet.com.au/betting/australian-rules/afl-brownlow-teams/sydney-swans-most-votes-10819447,2026-09-17T04:16:34.686425+00:00
PLAYER_VOTES_OU,Lachie Neale Votes O/U,Under,Lachie Neale,,,23.5,1.87,0.53475935828877,0.50077,-3.398935828876992,-0.0635600999999999,0.639783272451762,0.4178617270819131,13.0,HIGH,VERIFIED_BUT_MODEL_SENSITIVE,confidence tier HIGH: elevated structural-break sensitivity and/or model disagreement for this player,NO EDGE,https://www.sportsbet.com.au/betting/australian-rules/afl-brownlow-player-votes-o-u/lachie-neale-votes-o-u-10911152,2026-09-17T04:16:34.686425+00:00
PICK_YOUR_OWN_VOTES,To poll 15 or more votes,Finn Callaghan,Finn Callaghan,,,15.0,11.0,0.09090909090909091,0.05597,-3.4939090909090913,-0.38433000000000006,1.088053089499061,0.8765666737354874,12.0,HIGH,VERIFIED_BUT_MODEL_SENSITIVE,confidence tier HIGH: elevated structural-break sensitivity and/or model disagreement for this player,NO EDGE,https://www.sportsbet.com.au/betting/australian-rules/afl-brownlow-pick-your-own-vote/to-poll-15-or-more-votes-10865474,2026-09-17T04:16:34.686425+00:00
TEAM_TOP_POLLER,St Kilda Most Votes - Without N.Wanganeen-Milera,Callum Wilkie,Callum Wilkie,St Kilda,,,26.0,0.038461538461538464,0.003443333333333333,-3.501820512820513,-0.9104733333333334,1.5775292554313811,1.2854465020940125,9.0,HIGH,VERIFIED_BUT_MODEL_SENSITIVE,confidence tier HIGH: elevated structural-break sensitivity and/or model disagreement for this player,NO EDGE,https://www.sportsbet.com.au/betting/australian-rules/afl-brownlow-teams/st-kilda-most-votes-without-n-wanganeen-milera-10819443,2026-09-17T04:16:34.686425+00:00
PICK_YOUR_OWN_VOTES,To poll 20 or more votes,Max Holmes,Max Holmes,,,20.0,12.5,0.08,0.0448,-3.52,-0.44000000000000006,0.1554342434471518,0.1549760571933518,11.0,MEDIUM,VERIFIED_BUT_MODEL_SENSITIVE,confidence tier MEDIUM: elevated structural-break sensitivity and/or model disagreement for this player,NO EDGE,https://www.sportsbet.com.au/betting/australian-rules/afl-brownlow-pick-your-own-vote/to-poll-20-or-more-votes-10865485,2026-09-17T04:16:34.686425+00:00
PLAYER_VOTES_OU,Lachie Neale Votes O/U,Over,Lachie Neale,,,23.5,1.87,0.53475935828877,0.49923,-3.552935828876996,-0.06643989999999989,0.639783272451762,0.4178617270819131,13.0,HIGH,VERIFIED_BUT_MODEL_SENSITIVE,confidence tier HIGH: elevated structural-break sensitivity and/or model disagreement for this player,NO EDGE,https://www.sportsbet.com.au/betting/australian-rules/afl-brownlow-player-votes-o-u/lachie-neale-votes-o-u-10911152,2026-09-17T04:16:34.686425+00:00
PICK_YOUR_OWN_VOTES,To poll 30 or more votes,Jai Newcombe,Jai Newcombe,,,30.0,26.0,0.038461538461538464,0.00286,-3.5601538461538462,-0.92564,0.1835185378956296,0.1057104600025269,14.0,MEDIUM,VERIFIED_BUT_MODEL_SENSITIVE,confidence tier MEDIUM: elevated structural-break sensitivity and/or model disagreement for this player,NO EDGE,https://www.sportsbet.com.au/betting/australian-rules/afl-brownlow-pick-your-own-vote/to-poll-30-or-more-votes-10865488,2026-09-17T04:16:34.686425+00:00
TEAM_TOP_POLLER,Fremantle Most Votes,Andrew Brayshaw,Andrew Brayshaw,Fremantle,,,7.5,0.13333333333333333,0.09734799999999999,-3.598533333333334,-0.2698900000000001,1.050877021706878,0.9427480658709316,13.0,HIGH,VERIFIED_BUT_MODEL_SENSITIVE,confidence tier HIGH: elevated structural-break sensitivity and/or model disagreement for this player,NO EDGE,https://www.sportsbet.com.au/betting/australian-rules/afl-brownlow-teams/fremantle-most-votes-10819448,2026-09-17T04:16:34.686425+00:00
PICK_YOUR_OWN_VOTES,To poll 20 or more votes,Isaac Heeney,Isaac Heeney,,,20.0,1.07,0.9345794392523364,0.89852,-3.6059439252336456,-0.03858359999999994,1.4572012731110888,1.360733830105417,13.0,HIGH,VERIFIED_BUT_MODEL_SENSITIVE,confidence tier HIGH: elevated structural-break sensitivity and/or model disagreement for this player,NO EDGE,https://www.sportsbet.com.au/betting/australian-rules/afl-brownlow-pick-your-own-vote/to-poll-20-or-more-votes-10865485,2026-09-17T04:16:34.686425+00:00
QUINELLA,Brownlow Medal Quinella,Nick Daicos/Patrick Cripps,Nick Daicos,,Nick Daicos/Patrick Cripps,,21.0,0.047619047619047616,0.01061,-3.7009047619047615,-0.77719,0.9232905686771886,0.2331800353149589,12.0,HIGH,VERIFIED_BUT_MODEL_SENSITIVE,confidence tier HIGH: elevated structural-break sensitivity and/or model disagreement for this player,NO EDGE,https://www.sportsbet.com.au/betting/australian-rules/afl-brownlow-medal/brownlow-medal-quinella-10861170,2026-09-17T04:16:34.686425+00:00
EXACTA,Brownlow Medal Exacta,Nick Daicos/Patrick Cripps,Nick Daicos,,Nick Daicos/Patrick Cripps,,21.0,0.047619047619047616,0.01061,-3.7009047619047615,-0.77719,0.9232905686771886,0.2331800353149589,12.0,HIGH,VERIFIED_BUT_MODEL_SENSITIVE,confidence tier HIGH: elevated structural-break sensitivity and/or model disagreement for this player,NO EDGE,https://www.sportsbet.com.au/betting/australian-rules/afl-brownlow-medal/brownlow-medal-exacta-10861171,2026-09-17T04:16:34.686425+00:00
TRIFECTA,Brownlow Medal Trifecta,Nick Daicos/Marcus Bontempelli/Patrick Cripps,Nick Daicos,,Nick Daicos/Marcus Bontempelli/Patrick Cripps,,26.0,0.038461538461538464,0.00117,-3.7291538461538467,-0.96958,0.9232905686771886,0.2331800353149589,12.0,HIGH,VERIFIED_BUT_MODEL_SENSITIVE,confidence tier HIGH: elevated structural-break sensitivity and/or model disagreement for this player,NO EDGE,https://www.sportsbet.com.au/betting/australian-rules/afl-brownlow-medal/brownlow-medal-trifecta-10861172,2026-09-17T04:16:34.686425+00:00
TEAM_TOP_POLLER,Collingwood Most Votes - Without N.Daicos,Scott Pendlebury,Scott Pendlebury,Collingwood,,,26.0,0.038461538461538464,0.0,-3.8461538461538463,-1.0,0.3804572702592237,0.3804572702592237,6.0,HIGH,VERIFIED_BUT_MODEL_SENSITIVE,confidence tier HIGH: elevated structural-break sensitivity and/or model disagreement for this player,NO EDGE,https://www.sportsbet.com.au/betting/australian-rules/afl-brownlow-teams/collingwood-most-votes-without-n-daicos-10819433,2026-09-17T04:16:34.686425+00:00
PICK_YOUR_OWN_VOTES,To poll 10 or more votes,Shai Bolton,Shai Bolton,,,10.0,1.06,0.9433962264150942,0.90392,-3.9476226415094295,-0.041844800000000015,0.9293998610991724,0.3206460777763489,13.0,HIGH,VERIFIED_BUT_MODEL_SENSITIVE,confidence tier HIGH: elevated structural-break sensitivity and/or model disagreement for this player,NO EDGE,https://www.sportsbet.com.au/betting/australian-rules/afl-brownlow-pick-your-own-vote/to-poll-10-or-more-votes-10865473,2026-09-17T04:16:34.686425+00:00
GROUP_H2H,Brownlow Group - Group D,Josh Daicos,Josh Daicos,,Group D,,7.0,0.14285714285714285,0.10300333333333334,-3.985380952380951,-0.27897666666666665,0.4166935841633181,0.4005804476458667,10.0,HIGH,VERIFIED_BUT_MODEL_SENSITIVE,confidence tier HIGH: elevated structural-break sensitivity and/or model disagreement for this player,NO EDGE,https://www.sportsbet.com.au/betting/australian-rules/afl-brownlow-medal/brownlow-group-group-d-10915098,2026-09-17T04:16:34.686425+00:00
PICK_YOUR_OWN_VOTES,To poll 15 or more votes,Ed Richards,Ed Richards,,,15.0,1.08,0.9259259259259258,0.88548,-4.044592592592577,-0.043681599999999876,0.4277553175864597,0.1837798777744943,13.0,MEDIUM,VERIFIED_BUT_MODEL_SENSITIVE,confidence tier MEDIUM: elevated structural-break sensitivity and/or model disagreement for this player,NO EDGE,https://www.sportsbet.com.au/betting/australian-rules/afl-brownlow-pick-your-own-vote/to-poll-15-or-more-votes-10865474,2026-09-17T04:16:34.686425+00:00
PICK_YOUR_OWN_VOTES,To Poll a Vote,Kieren Briggs,Kieren Briggs,,,1.0,4.5,0.2222222222222222,0.17972,-4.250222222222222,-0.19125999999999999,0.1440985670224097,0.0257457113773724,3.0,MEDIUM,VERIFIED_BUT_MODEL_SENSITIVE,confidence tier MEDIUM: elevated structural-break sensitivity and/or model disagreement for this player,NO EDGE,https://www.sportsbet.com.au/betting/australian-rules/afl-brownlow-pick-your-own-vote/to-poll-a-vote-10868936,2026-09-17T04:16:34.686425+00:00
TEAM_TOP_POLLER,St Kilda Most Votes - Without N.Wanganeen-Milera,Jack Sinclair,Jack Sinclair,St Kilda,,,21.0,0.047619047619047616,0.004980166666666667,-4.263888095238095,-0.8954165000000001,0.5302595541094126,0.4364647491706193,9.0,HIGH,VERIFIED_BUT_MODEL_SENSITIVE,confidence tier HIGH: elevated structural-break sensitivity and/or model disagreement for this player,NO EDGE,https://www.sportsbet.com.au/betting/australian-rules/afl-brownlow-teams/st-kilda-most-votes-without-n-wanganeen-milera-10819443,2026-09-17T04:16:34.686425+00:00
PLAYER_VOTES_OU,Isaac Heeney Votes O/U,Under,Isaac Heeney,,,23.5,1.87,0.53475935828877,0.49191,-4.284935828876995,-0.08012829999999993,1.4572012731110888,1.360733830105417,13.0,HIGH,VERIFIED_BUT_MODEL_SENSITIVE,confidence tier HIGH: elevated structural-break sensitivity and/or model disagreement for this player,NO EDGE,https://www.sportsbet.com.au/betting/australian-rules/afl-brownlow-player-votes-o-u/isaac-heeney-votes-o-u-10911146,2026-09-17T04:16:34.686425+00:00
PICK_YOUR_OWN_VOTES,To poll 20 or more votes,Sam Walsh,Sam Walsh,,,20.0,13.0,0.07692307692307693,0.03383,-4.3093076923076925,-0.56021,0.9935738813477945,0.9935738813477945,14.0,HIGH,VERIFIED_BUT_MODEL_SENSITIVE,confidence tier HIGH: elevated structural-break sensitivity and/or model disagreement for this player,NO EDGE,https://www.sportsbet.com.au/betting/australian-rules/afl-brownlow-pick-your-own-vote/to-poll-20-or-more-votes-10865485,2026-09-17T04:16:34.686425+00:00
TEAM_TOP_POLLER,West Coast Eagles Most Votes - Without H.Reid,Tom McCarthy,Tom McCarthy,West Coast Eagles,,,21.0,0.047619047619047616,0.003941666666666666,-4.367738095238096,-0.917225,0.5027303214546248,0.3368475963275039,6.0,HIGH,VERIFIED_BUT_MODEL_SENSITIVE,confidence tier HIGH: elevated structural-break sensitivity and/or model disagreement for this player,NO EDGE,https://www.sportsbet.com.au/betting/australian-rules/afl-brownlow-teams/west-coast-eagles-most-votes-without-h-reid-10819450,2026-09-17T04:16:34.686425+00:00
PICK_YOUR_OWN_VOTES,To Poll a Vote,Ben Long,Ben Long,,,1.0,3.15,0.31746031746031744,0.27358,-4.3880317460317455,-0.1382230000000001,0.1495982628050425,0.1495982628050425,3.0,MEDIUM,VERIFIED_BUT_MODEL_SENSITIVE,confidence tier MEDIUM: elevated structural-break sensitivity and/or model disagreement for this player,NO EDGE,https://www.sportsbet.com.au/betting/australian-rules/afl-brownlow-pick-your-own-vote/to-poll-a-vote-10868936,2026-09-17T04:16:34.686425+00:00
TEAM_TOP_POLLER,St Kilda Most Votes - Without N.Wanganeen-Milera,Bradley Hill,Bradley Hill,St Kilda,,,7.0,0.14285714285714285,0.09877333333333332,-4.408380952380952,-0.3085866666666668,3.294756734755775,2.536604438716992,11.0,HIGH,VERIFIED_BUT_MODEL_SENSITIVE,confidence tier HIGH: elevated structural-break sensitivity and/or model disagreement for this player,NO EDGE,https://www.sportsbet.com.au/betting/australian-rules/afl-brownlow-teams/st-kilda-most-votes-without-n-wanganeen-milera-10819443,2026-09-17T04:16:34.686425+00:00
PICK_YOUR_OWN_VOTES,To poll 15 or more votes,Christian Petracca,Christian Petracca,,,15.0,5.8,0.1724137931034483,0.12734,-4.507379310344827,-0.261428,0.9225818779433226,0.0332386717717518,10.0,HIGH,VERIFIED_BUT_MODEL_SENSITIVE,confidence tier HIGH: elevated structural-break sensitivity and/or model disagreement for this player,NO EDGE,https://www.sportsbet.com.au/betting/australian-rules/afl-brownlow-pick-your-own-vote/to-poll-15-or-more-votes-10865474,2026-09-17T04:16:34.686425+00:00
PICK_YOUR_OWN_VOTES,To Poll a Vote,Cooper Sharman,Cooper Sharman,,,1.0,1.48,0.6756756756756757,0.63014,-4.553567567567562,-0.06739279999999992,0.7455908143191659,0.6906428067126602,5.0,HIGH,VERIFIED_BUT_MODEL_SENSITIVE,confidence tier HIGH: elevated structural-break sensitivity and/or model disagreement for this player,NO EDGE,https://www.sportsbet.com.au/betting/australian-rules/afl-brownlow-pick-your-own-vote/to-poll-a-vote-10868936,2026-09-17T04:16:34.686425+00:00
PICK_YOUR_OWN_VOTES,To poll 10 or more votes,Connor Macdonald,Connor Macdonald,,,10.0,4.9,0.2040816326530612,0.15847,-4.56116326530612,-0.22349699999999995,0.6848669364230702,0.6848669364230702,12.0,HIGH,VERIFIED_BUT_MODEL_SENSITIVE,confidence tier HIGH: elevated structural-break sensitivity and/or model disagreement for this player,NO EDGE,https://www.sportsbet.com.au/betting/australian-rules/afl-brownlow-pick-your-own-vote/to-poll-10-or-more-votes-10865473,2026-09-17T04:16:34.686425+00:00
PICK_YOUR_OWN_VOTES,To poll 10 or more votes,Jack Steele,Jack Steele,,,10.0,7.5,0.13333333333333333,0.087,-4.633333333333334,-0.34750000000000003,0.0127544325513557,0.0029066223189353,10.0,LOW,VERIFIED,,NO EDGE,https://www.sportsbet.com.au/betting/australian-rules/afl-brownlow-pick-your-own-vote/to-poll-10-or-more-votes-10865473,2026-09-17T04:16:34.686425+00:00
PLAYER_VOTES_OU,Ed Richards Votes O/U,Over,Ed Richards,,,18.5,1.87,0.53475935828877,0.48789,-4.686935828876998,-0.08764569999999994,0.4277553175864597,0.1837798777744943,13.0,MEDIUM,VERIFIED_BUT_MODEL_SENSITIVE,confidence tier MEDIUM: elevated structural-break sensitivity and/or model disagreement for this player,NO EDGE,https://www.sportsbet.com.au/betting/australian-rules/afl-brownlow-player-votes-o-u/ed-richards-votes-o-u-10911179,2026-09-17T04:16:34.686425+00:00
TEAM_VOTES_OU,Richmond Team Votes O/U,Under,,Richmond,,16.5,1.87,0.53475935828877,0.48777,-4.698935828876999,-0.08787009999999995,,,,UNKNOWN,PRICE_SUSPECT,Over and Under both priced at 1.87 - flat/templated pricing pattern shared across most team O/U markets; held out of headline value pending a market refresh,REVIEW REQUIRED — PRICE FRESHNESS,https://www.sportsbet.com.au/betting/australian-rules/afl-brownlow-team-votes-o-u/richmond-team-votes-o-u-10911275,2026-09-17T04:16:34.686425+00:00
TEAM_TOP_POLLER,West Coast Eagles Most Votes - Without H.Reid,Reuben Ginbey,Reuben Ginbey,West Coast Eagles,,,21.0,0.047619047619047616,8.333333333333332e-06,-4.761071428571428,-0.999825,0.0961687402082641,0.0928533325424338,3.0,MEDIUM,VERIFIED_BUT_MODEL_SENSITIVE,confidence tier MEDIUM: elevated structural-break sensitivity and/or model disagreement for this player,NO EDGE,https://www.sportsbet.com.au/betting/australian-rules/afl-brownlow-teams/west-coast-eagles-most-votes-without-h-reid-10819450,2026-09-17T04:16:34.686425+00:00
PICK_YOUR_OWN_VOTES,To Poll a Vote,Brodie Kemp,Brodie Kemp,,,1.0,1.18,0.8474576271186441,0.79947,-4.798762711864413,-0.05662540000000005,0.2382084922901037,0.181582737813257,5.0,MEDIUM,VERIFIED_BUT_MODEL_SENSITIVE,confidence tier MEDIUM: elevated structural-break sensitivity and/or model disagreement for this player,NO EDGE,https://www.sportsbet.com.au/betting/australian-rules/afl-brownlow-pick-your-own-vote/to-poll-a-vote-10868936,2026-09-17T04:16:34.686425+00:00
TOP_N,Top 20 Finish (Includes Ineligible),Andrew Brayshaw,Andrew Brayshaw,,,20.0,4.4,0.22727272727272727,0.17591,-5.1362727272727255,-0.22599599999999986,1.050877021706878,0.9427480658709316,13.0,HIGH,VERIFIED_BUT_MODEL_SENSITIVE,confidence tier HIGH: elevated structural-break sensitivity and/or model disagreement for this player,NO EDGE,https://www.sportsbet.com.au/betting/australian-rules/afl-brownlow-medal/top-20-finish-includes-ineligible--10804257,2026-09-17T04:16:34.686425+00:00
PICK_YOUR_OWN_VOTES,To poll 10 or more votes,Josh Ward,Josh Ward,,,10.0,13.0,0.07692307692307693,0.02464,-5.228307692307693,-0.6796800000000001,0.1356845976329346,0.1356845976329346,10.0,MEDIUM,VERIFIED_BUT_MODEL_SENSITIVE,confidence tier MEDIUM: elevated structural-break sensitivity and/or model disagreement for this player,NO EDGE,https://www.sportsbet.com.au/betting/australian-rules/afl-brownlow-pick-your-own-vote/to-poll-10-or-more-votes-10865473,2026-09-17T04:16:34.686425+00:00
TOP_N,Top 20 Finish (Includes Ineligible),Murphy Reid,Murphy Reid,,,20.0,16.0,0.0625,0.00807,-5.443,-0.87088,0.5929379360443345,0.5667751825253351,11.0,HIGH,VERIFIED_BUT_MODEL_SENSITIVE,confidence tier HIGH: elevated structural-break sensitivity and/or model disagreement for this player,NO EDGE,https://www.sportsbet.com.au/betting/australian-rules/afl-brownlow-medal/top-20-finish-includes-ineligible--10804257,2026-09-17T04:16:34.686425+00:00
PICK_YOUR_OWN_VOTES,To Poll a Vote,Karl Amon,Karl Amon,,,1.0,1.75,0.5714285714285714,0.51663,-5.479857142857137,-0.09589749999999997,0.1112477137086951,0.0582597820821353,5.0,MEDIUM,VERIFIED_BUT_MODEL_SENSITIVE,confidence tier MEDIUM: elevated structural-break sensitivity and/or model disagreement for this player,NO EDGE,https://www.sportsbet.com.au/betting/australian-rules/afl-brownlow-pick-your-own-vote/to-poll-a-vote-10868936,2026-09-17T04:16:34.686425+00:00
TOP_N,Top 10 Finish (Includes Ineligible),Luke Jackson,Luke Jackson,,,10.0,13.0,0.07692307692307693,0.02183,-5.509307692307693,-0.71621,1.907590918545143,1.3768516536469768,14.0,HIGH,VERIFIED_BUT_MODEL_SENSITIVE,confidence tier HIGH: elevated structural-break sensitivity and/or model disagreement for this player,NO EDGE,https://www.sportsbet.com.au/betting/australian-rules/afl-brownlow-medal/top-10-finish-includes-ineligible--10804256,2026-09-17T04:16:34.686425+00:00
TEAM_TOP_POLLER,West Coast Eagles Most Votes - Without H.Reid,Elliot Yeo,Elliot Yeo,West Coast Eagles,,,18.0,0.05555555555555555,0.00027166666666666664,-5.528388888888888,-0.99511,0.1535622130142758,0.0136489181333289,4.0,MEDIUM,VERIFIED_BUT_MODEL_SENSITIVE,confidence tier MEDIUM: elevated structural-break sensitivity and/or model disagreement for this player,NO EDGE,https://www.sportsbet.com.au/betting/australian-rules/afl-brownlow-teams/west-coast-eagles-most-votes-without-h-reid-10819450,2026-09-17T04:16:34.686425+00:00
TOP_N,Top 20 Finish (Includes Ineligible),Chad Warner,Chad Warner,,,20.0,1.55,0.6451612903225806,0.58909,-5.6071290322580625,-0.0869105,0.9607790881852304,0.9607790881852304,13.0,HIGH,VERIFIED_BUT_MODEL_SENSITIVE,confidence tier HIGH: elevated structural-break sensitivity and/or model disagreement for this player,NO EDGE,https://www.sportsbet.com.au/betting/australian-rules/afl-brownlow-medal/top-20-finish-includes-ineligible--10804257,2026-09-17T04:16:34.686425+00:00
PICK_YOUR_OWN_VOTES,To poll 20 or more votes,Lachie Neale,Lachie Neale,,,20.0,1.06,0.9433962264150942,0.887,-5.639622641509423,-0.059779999999999944,0.639783272451762,0.4178617270819131,13.0,HIGH,VERIFIED_BUT_MODEL_SENSITIVE,confidence tier HIGH: elevated structural-break sensitivity and/or model disagreement for this player,NO EDGE,https://www.sportsbet.com.au/betting/australian-rules/afl-brownlow-pick-your-own-vote/to-poll-20-or-more-votes-10865485,2026-09-17T04:16:34.686425+00:00
PICK_YOUR_OWN_VOTES,To Poll a Vote,Dylan Moore,Dylan Moore,,,1.0,1.14,0.8771929824561404,0.81607,-6.1122982456140456,-0.06968020000000008,0.1346973119379058,0.06502502543495,7.0,MEDIUM,VERIFIED_BUT_MODEL_SENSITIVE,confidence tier MEDIUM: elevated structural-break sensitivity and/or model disagreement for this player,NO EDGE,https://www.sportsbet.com.au/betting/australian-rules/afl-brownlow-pick-your-own-vote/to-poll-a-vote-10868936,2026-09-17T04:16:34.686425+00:00
PICK_YOUR_OWN_VOTES,To poll 15 or more votes,Jagga Smith,Jagga Smith,,,15.0,16.0,0.0625,0.00125,-6.125,-0.98,0.1660428696308908,0.1407502322594851,10.0,MEDIUM,VERIFIED_BUT_MODEL_SENSITIVE,confidence tier MEDIUM: elevated structural-break sensitivity and/or model disagreement for this player,NO EDGE,https://www.sportsbet.com.au/betting/australian-rules/afl-brownlow-pick-your-own-vote/to-poll-15-or-more-votes-10865474,2026-09-17T04:16:34.686425+00:00
TEAM_TOP_POLLER,Fremantle Most Votes,Murphy Reid,Murphy Reid,Fremantle,,,15.0,0.06666666666666667,0.005065666666666667,-6.1601,-0.924015,0.5929379360443345,0.5667751825253351,11.0,HIGH,VERIFIED_BUT_MODEL_SENSITIVE,confidence tier HIGH: elevated structural-break sensitivity and/or model disagreement for this player,NO EDGE,https://www.sportsbet.com.au/betting/australian-rules/afl-brownlow-teams/fremantle-most-votes-10819448,2026-09-17T04:16:34.686425+00:00
PICK_YOUR_OWN_VOTES,To Poll a Vote,Michael Frederick,Michael Frederick,,,1.0,1.89,0.5291005291005292,0.46607,-6.303052910052919,-0.11912770000000006,0.1163130366472646,0.1163130366472646,5.0,MEDIUM,VERIFIED_BUT_MODEL_SENSITIVE,confidence tier MEDIUM: elevated structural-break sensitivity and/or model disagreement for this player,NO EDGE,https://www.sportsbet.com.au/betting/australian-rules/afl-brownlow-pick-your-own-vote/to-poll-a-vote-10868936,2026-09-17T04:16:34.686425+00:00
TEAM_VOTES_OU,Gold Coast SUNS Team Votes O/U,Over,,Gold Coast SUNS,,62.5,1.87,0.53475935828877,0.47147,-6.328935828876997,-0.11835109999999993,,,,UNKNOWN,PRICE_SUSPECT,Over and Under both priced at 1.87 - flat/templated pricing pattern shared across most team O/U markets; held out of headline value pending a market refresh,REVIEW REQUIRED — PRICE FRESHNESS,https://www.sportsbet.com.au/betting/australian-rules/afl-brownlow-team-votes-o-u/gold-coast-suns-team-votes-o-u-10911268,2026-09-17T04:16:34.686425+00:00
PICK_YOUR_OWN_VOTES,To poll 10 or more votes,Josh Daicos,Josh Daicos,,,10.0,6.25,0.16,0.0967,-6.330000000000001,-0.395625,0.4166935841633181,0.4005804476458667,10.0,HIGH,VERIFIED_BUT_MODEL_SENSITIVE,confidence tier HIGH: elevated structural-break sensitivity and/or model disagreement for this player,NO EDGE,https://www.sportsbet.com.au/betting/australian-rules/afl-brownlow-pick-your-own-vote/to-poll-10-or-more-votes-10865473,2026-09-17T04:16:34.686425+00:00
TEAM_TOP_POLLER,Gold Coast SUNS Most Votes,Christian Petracca,Christian Petracca,Gold Coast SUNS,,,2.7,0.37037037037037035,0.305189,-6.518137037037036,-0.17598970000000003,0.9225818779433226,0.0332386717717518,10.0,HIGH,VERIFIED_BUT_MODEL_SENSITIVE,confidence tier HIGH: elevated structural-break sensitivity and/or model disagreement for this player,NO EDGE,https://www.sportsbet.com.au/betting/australian-rules/afl-brownlow-teams/gold-coast-suns-most-votes-10819441,2026-09-17T04:16:34.686425+00:00
TEAM_TOP_POLLER,Richmond Most Votes - Without T.Taranto,Sam Lalor,Sam Lalor,Richmond,,,15.0,0.06666666666666667,0.0006186666666666666,-6.604799999999999,-0.99072,0.0725060267099964,0.0725060267099964,3.0,MEDIUM,VERIFIED_BUT_MODEL_SENSITIVE,confidence tier MEDIUM: elevated structural-break sensitivity and/or model disagreement for this player,NO EDGE,https://www.sportsbet.com.au/betting/australian-rules/afl-brownlow-teams/richmond-most-votes-without-t-taranto-10819444,2026-09-17T04:16:34.686425+00:00
TOP_N,Top 10 Finish (Includes Ineligible),Chad Warner,Chad Warner,,,10.0,8.0,0.125,0.05861,-6.639,-0.53112,0.9607790881852304,0.9607790881852304,13.0,HIGH,VERIFIED_BUT_MODEL_SENSITIVE,confidence tier HIGH: elevated structural-break sensitivity and/or model disagreement for this player,NO EDGE,https://www.sportsbet.com.au/betting/australian-rules/afl-brownlow-medal/top-10-finish-includes-ineligible--10804256,2026-09-17T04:16:34.686425+00:00
TEAM_TOP_POLLER,Geelong Cats Most Votes - Without B.Smith/M.Holmes,Jeremy Cameron,Jeremy Cameron,Geelong Cats,,,15.0,0.06666666666666667,0.0,-6.666666666666667,-1.0,0.2462362971272407,0.0425640621460123,6.0,MEDIUM,VERIFIED_BUT_MODEL_SENSITIVE,confidence tier MEDIUM: elevated structural-break sensitivity and/or model disagreement for this player,NO EDGE,https://www.sportsbet.com.au/betting/australian-rules/afl-brownlow-teams/geelong-cats-most-votes-without-b-smith-m-holmes-10819442,2026-09-17T04:16:34.686425+00:00
TEAM_TOP_POLLER,West Coast Eagles Most Votes - Without H.Reid,Milan Murdock,Milan Murdock,West Coast Eagles,,,15.0,0.06666666666666667,0.0,-6.666666666666667,-1.0,0.0160867434597213,0.0160867434597213,1.0,LOW,VERIFIED,,NO EDGE,https://www.sportsbet.com.au/betting/australian-rules/afl-brownlow-teams/west-coast-eagles-most-votes-without-h-reid-10819450,2026-09-17T04:16:34.686425+00:00
GROUP_H2H,Brownlow Group - Group B,Izak Rankine,Izak Rankine,,Group B,,5.0,0.2,0.13210416666666666,-6.789583333333335,-0.33947916666666667,0.4248485053324877,0.4248485053324877,10.0,HIGH,VERIFIED_BUT_MODEL_SENSITIVE,confidence tier HIGH: elevated structural-break sensitivity and/or model disagreement for this player,NO EDGE,https://www.sportsbet.com.au/betting/australian-rules/afl-brownlow-medal/brownlow-group-group-b-10915096,2026-09-17T04:16:34.686425+00:00
PICK_YOUR_OWN_VOTES,To Poll a Vote,Deven Robertson,Deven Robertson,,,1.0,7.25,0.13793103448275862,0.07,-6.793103448275861,-0.49249999999999994,0.0146140582186288,0.0085993604221051,2.0,LOW,VERIFIED,,NO EDGE,https://www.sportsbet.com.au/betting/australian-rules/afl-brownlow-pick-your-own-vote/to-poll-a-vote-10868936,2026-09-17T04:16:34.686425+00:00
GROUP_H2H,Brownlow Group - Group A,Jordan Dawson,Jordan Dawson,,Group A,,9.0,0.1111111111111111,0.042774999999999994,-6.833611111111111,-0.615025,0.6454235874816163,0.6454235874816163,12.0,HIGH,VERIFIED_BUT_MODEL_SENSITIVE,confidence tier HIGH: elevated structural-break sensitivity and/or model disagreement for this player,NO EDGE,https://www.sportsbet.com.au/betting/australian-rules/afl-brownlow-medal/brownlow-group-group-a-10915095,2026-09-17T04:16:34.686425+00:00
TOP_N,Top 20 Finish (Includes Ineligible),Max Gawn,Max Gawn,,,20.0,1.04,0.9615384615384615,0.8924,-6.913846153846148,-0.07190399999999997,3.6638325386388537,0.7559909067700943,15.0,HIGH,VERIFIED_BUT_MODEL_SENSITIVE,confidence tier HIGH: elevated structural-break sensitivity and/or model disagreement for this player,NO EDGE,https://www.sportsbet.com.au/betting/australian-rules/afl-brownlow-medal/top-20-finish-includes-ineligible--10804257,2026-09-17T04:16:34.686425+00:00
GROUP_H2H,Brownlow Group - Group B,Kysaiah Pickett,Kysaiah Pickett,,Group B,,9.0,0.1111111111111111,0.04161916666666666,-6.949194444444445,-0.6254275,0.0813679360765249,0.0411218884956916,10.0,MEDIUM,VERIFIED_BUT_MODEL_SENSITIVE,confidence tier MEDIUM: elevated structural-break sensitivity and/or model disagreement for this player,NO EDGE,https://www.sportsbet.com.au/betting/australian-rules/afl-brownlow-medal/brownlow-group-group-b-10915096,2026-09-17T04:16:34.686425+00:00
PICK_YOUR_OWN_VOTES,To poll 20 or more votes,Andrew Brayshaw,Andrew Brayshaw,,,20.0,12.5,0.08,0.00902,-7.098,-0.88725,1.050877021706878,0.9427480658709316,13.0,HIGH,VERIFIED_BUT_MODEL_SENSITIVE,confidence tier HIGH: elevated structural-break sensitivity and/or model disagreement for this player,NO EDGE,https://www.sportsbet.com.au/betting/australian-rules/afl-brownlow-pick-your-own-vote/to-poll-20-or-more-votes-10865485,2026-09-17T04:16:34.686425+00:00
PICK_YOUR_OWN_VOTES,To poll 15 or more votes,Zac Bailey,Zac Bailey,,,15.0,4.1,0.24390243902439027,0.17206,-7.184243902439028,-0.2945540000000001,0.3438418889897043,0.0739343440309525,12.0,MEDIUM,VERIFIED_BUT_MODEL_SENSITIVE,confidence tier MEDIUM: elevated structural-break sensitivity and/or model disagreement for this player,NO EDGE,https://www.sportsbet.com.au/betting/australian-rules/afl-brownlow-pick-your-own-vote/to-poll-15-or-more-votes-10865474,2026-09-17T04:16:34.686425+00:00
PICK_YOUR_OWN_VOTES,To poll 30 or more votes,Patrick Cripps,Patrick Cripps,,,30.0,6.0,0.16666666666666666,0.09359,-7.307666666666665,-0.43845999999999996,1.421776536178978,0.1083166928301686,15.0,HIGH,VERIFIED_BUT_MODEL_SENSITIVE,confidence tier HIGH: elevated structural-break sensitivity and/or model disagreement for this player,NO EDGE,https://www.sportsbet.com.au/betting/australian-rules/afl-brownlow-pick-your-own-vote/to-poll-30-or-more-votes-10865488,2026-09-17T04:16:34.686425+00:00
TEAM_TOP_POLLER,Essendon Most Votes,Darcy Parish,Darcy Parish,Essendon,,,10.0,0.1,0.0253895,-7.461050000000001,-0.746105,0.3764501573462504,0.1804025794222608,7.0,MEDIUM,VERIFIED_BUT_MODEL_SENSITIVE,confidence tier MEDIUM: elevated structural-break sensitivity and/or model disagreement for this player,NO EDGE,https://www.sportsbet.com.au/betting/australian-rules/afl-brownlow-teams/essendon-most-votes-10819446,2026-09-17T04:16:34.686425+00:00
PICK_YOUR_OWN_VOTES,To Poll a Vote,Tom Liberatore,Tom Liberatore,,,1.0,1.1,0.9090909090909091,0.83377,-7.532090909090905,-0.08285299999999995,0.1473957882480117,0.1473957882480117,6.0,MEDIUM,VERIFIED_BUT_MODEL_SENSITIVE,confidence tier MEDIUM: elevated structural-break sensitivity and/or model disagreement for this player,NO EDGE,https://www.sportsbet.com.au/betting/australian-rules/afl-brownlow-pick-your-own-vote/to-poll-a-vote-10868936,2026-09-17T04:16:34.686425+00:00
TEAM_TOP_POLLER,Richmond Most Votes - Without T.Taranto,Kane McAuliffe,Kane McAuliffe,Richmond,,,13.0,0.07692307692307693,0.0007494999999999998,-7.617357692307693,-0.9902565,0.1937497251369687,0.1937497251369687,3.0,MEDIUM,VERIFIED_BUT_MODEL_SENSITIVE,confidence tier MEDIUM: elevated structural-break sensitivity and/or model disagreement for this player,NO EDGE,https://www.sportsbet.com.au/betting/australian-rules/afl-brownlow-teams/richmond-most-votes-without-t-taranto-10819444,2026-09-17T04:16:34.686425+00:00
PLAYER_VOTES_OU,Will Ashcroft Votes O/U,Under,Will Ashcroft,,,24.5,1.87,0.53475935828877,0.45721,-7.754935828876997,-0.1450172999999999,0.9646709709757744,0.6242991531514086,12.0,HIGH,VERIFIED_BUT_MODEL_SENSITIVE,confidence tier HIGH: elevated structural-break sensitivity and/or model disagreement for this player,NO EDGE,https://www.sportsbet.com.au/betting/australian-rules/afl-brownlow-player-votes-o-u/will-ashcroft-votes-o-u-10911144,2026-09-17T04:16:34.686425+00:00
PICK_YOUR_OWN_VOTES,To poll 10 or more votes,Brodie Grundy,Brodie Grundy,,,10.0,1.06,0.9433962264150942,0.8657,-7.769622641509422,-0.08235799999999993,2.005547388796769,0.2885413989260588,12.0,HIGH,VERIFIED_BUT_MODEL_SENSITIVE,confidence tier HIGH: elevated structural-break sensitivity and/or model disagreement for this player,NO EDGE,https://www.sportsbet.com.au/betting/australian-rules/afl-brownlow-pick-your-own-vote/to-poll-10-or-more-votes-10865473,2026-09-17T04:16:34.686425+00:00
TEAM_TOP_POLLER,Richmond Most Votes - Without T.Taranto,Jayden Short,Jayden Short,Richmond,,,10.0,0.1,0.022206833333333335,-7.779316666666666,-0.7779316666666667,0.4534345013590788,0.1233298088306593,6.0,HIGH,VERIFIED_BUT_MODEL_SENSITIVE,confidence tier HIGH: elevated structural-break sensitivity and/or model disagreement for this player,NO EDGE,https://www.sportsbet.com.au/betting/australian-rules/afl-brownlow-teams/richmond-most-votes-without-t-taranto-10819444,2026-09-17T04:16:34.686425+00:00
GROUP_H2H,Brownlow Group - Group C,Josh Treacy,Josh Treacy,,Group C,,6.0,0.16666666666666666,0.0871025,-7.956416666666666,-0.47738499999999995,0.7565565614717258,0.724199047720635,11.0,HIGH,VERIFIED_BUT_MODEL_SENSITIVE,confidence tier HIGH: elevated structural-break sensitivity and/or model disagreement for this player,NO EDGE,https://www.sportsbet.com.au/betting/australian-rules/afl-brownlow-medal/brownlow-group-group-c-10915097,2026-09-17T04:16:34.686425+00:00
PICK_YOUR_OWN_VOTES,To Poll a Vote,Mitch Owens,Mitch Owens,,,1.0,1.16,0.8620689655172414,0.78125,-8.081896551724144,-0.09375000000000011,0.4287856667474843,0.4287856667474843,5.0,HIGH,VERIFIED_BUT_MODEL_SENSITIVE,confidence tier HIGH: elevated structural-break sensitivity and/or model disagreement for this player,NO EDGE,https://www.sportsbet.com.au/betting/australian-rules/afl-brownlow-pick-your-own-vote/to-poll-a-vote-10868936,2026-09-17T04:16:34.686425+00:00
GROUP_H2H,Brownlow Group - Group A,Jai Newcombe,Jai Newcombe,,Group A,,10.0,0.1,0.018727666666666663,-8.127233333333333,-0.8127233333333334,0.1835185378956296,0.1057104600025269,14.0,MEDIUM,VERIFIED_BUT_MODEL_SENSITIVE,confidence tier MEDIUM: elevated structural-break sensitivity and/or model disagreement for this player,NO EDGE,https://www.sportsbet.com.au/betting/australian-rules/afl-brownlow-medal/brownlow-group-group-a-10915095,2026-09-17T04:16:34.686425+00:00
PICK_YOUR_OWN_VOTES,To Poll a Vote,Mark Blicavs,Mark Blicavs,,,1.0,1.8,0.5555555555555556,0.4732,-8.235555555555557,-0.14823999999999993,0.0353177460921803,0.0272985772275167,4.0,LOW,VERIFIED,,NO EDGE,https://www.sportsbet.com.au/betting/australian-rules/afl-brownlow-pick-your-own-vote/to-poll-a-vote-10868936,2026-09-17T04:16:34.686425+00:00
PICK_YOUR_OWN_VOTES,To poll 15 or more votes,Tom Sparrow,Tom Sparrow,,,15.0,7.0,0.14285714285714285,0.06043,-8.242714285714285,-0.57699,0.4967386898507655,0.2862814407254337,12.0,HIGH,VERIFIED_BUT_MODEL_SENSITIVE,confidence tier HIGH: elevated structural-break sensitivity and/or model disagreement for this player,NO EDGE,https://www.sportsbet.com.au/betting/australian-rules/afl-brownlow-pick-your-own-vote/to-poll-15-or-more-votes-10865474,2026-09-17T04:16:34.686425+00:00
PICK_YOUR_OWN_VOTES,To Poll a Vote,Seth Campbell,Seth Campbell,,,1.0,2.8,0.35714285714285715,0.27435,-8.279285714285717,-0.23182000000000014,0.0472201193068816,0.0421579190372309,3.0,MEDIUM,VERIFIED_BUT_MODEL_SENSITIVE,confidence tier MEDIUM: elevated structural-break sensitivity and/or model disagreement for this player,NO EDGE,https://www.sportsbet.com.au/betting/australian-rules/afl-brownlow-pick-your-own-vote/to-poll-a-vote-10868936,2026-09-17T04:16:34.686425+00:00
PICK_YOUR_OWN_VOTES,To poll 20 or more votes,Harley Reid,Harley Reid,,,20.0,11.0,0.09090909090909091,0.00764,-8.326909090909092,-0.91596,0.7026048480023626,0.3944029295423981,12.0,HIGH,VERIFIED_BUT_MODEL_SENSITIVE,confidence tier HIGH: elevated structural-break sensitivity and/or model disagreement for this player,NO EDGE,https://www.sportsbet.com.au/betting/australian-rules/afl-brownlow-pick-your-own-vote/to-poll-20-or-more-votes-10865485,2026-09-17T04:16:34.686425+00:00
PICK_YOUR_OWN_VOTES,To Poll a Vote,Matthew Johnson,Matthew Johnson,,,1.0,1.26,0.7936507936507936,0.71023,-8.342079365079357,-0.10511019999999993,0.1437229290407367,0.0588937863444003,6.0,MEDIUM,VERIFIED_BUT_MODEL_SENSITIVE,confidence tier MEDIUM: elevated structural-break sensitivity and/or model disagreement for this player,NO EDGE,https://www.sportsbet.com.au/betting/australian-rules/afl-brownlow-pick-your-own-vote/to-poll-a-vote-10868936,2026-09-17T04:16:34.686425+00:00
TEAM_TOP_POLLER,GWS GIANTS Most Votes,Toby Greene,Toby Greene,GWS GIANTS,,,4.5,0.2222222222222222,0.13821583333333332,-8.400638888888889,-0.37802875000000014,1.4676632242243404,0.7926971329510515,12.0,HIGH,VERIFIED_BUT_MODEL_SENSITIVE,confidence tier HIGH: elevated structural-break sensitivity and/or model disagreement for this player,NO EDGE,https://www.sportsbet.com.au/betting/australian-rules/afl-brownlow-teams/gws-giants-most-votes-10819436,2026-09-17T04:16:34.686425+00:00
TOP_N,Top 20 Finish (Includes Ineligible),Matt Rowell,Matt Rowell,,,20.0,8.25,0.12121212121212122,0.03286,-8.835212121212122,-0.728905,0.754627699789701,0.3209752103169343,11.0,HIGH,VERIFIED_BUT_MODEL_SENSITIVE,confidence tier HIGH: elevated structural-break sensitivity and/or model disagreement for this player,NO EDGE,https://www.sportsbet.com.au/betting/australian-rules/afl-brownlow-medal/top-20-finish-includes-ineligible--10804257,2026-09-17T04:16:34.686425+00:00
TOP_N,Top 10 Finish (Includes Ineligible),Patrick Cripps,Patrick Cripps,,,10.0,1.05,0.9523809523809523,0.86169,-9.069095238095237,-0.09522549999999996,1.421776536178978,0.1083166928301686,15.0,HIGH,VERIFIED_BUT_MODEL_SENSITIVE,confidence tier HIGH: elevated structural-break sensitivity and/or model disagreement for this player,NO EDGE,https://www.sportsbet.com.au/betting/australian-rules/afl-brownlow-medal/top-10-finish-includes-ineligible--10804256,2026-09-17T04:16:34.686425+00:00
GROUP_H2H,Brownlow Group - Group A,Patrick Cripps,Patrick Cripps,,Group A,,2.75,0.36363636363636365,0.272826,-9.081036363636363,-0.24972850000000002,1.421776536178978,0.1083166928301686,15.0,HIGH,VERIFIED_BUT_MODEL_SENSITIVE,confidence tier HIGH: elevated structural-break sensitivity and/or model disagreement for this player,NO EDGE,https://www.sportsbet.com.au/betting/australian-rules/afl-brownlow-medal/brownlow-group-group-a-10915095,2026-09-17T04:16:34.686425+00:00
PICK_YOUR_OWN_VOTES,To poll 10 or more votes,Shaun Mannagh,Shaun Mannagh,,,10.0,1.76,0.5681818181818182,0.46918,-9.900181818181824,-0.17424320000000004,0.2194898352234258,0.1765295810385936,8.0,MEDIUM,VERIFIED_BUT_MODEL_SENSITIVE,confidence tier MEDIUM: elevated structural-break sensitivity and/or model disagreement for this player,NO EDGE,https://www.sportsbet.com.au/betting/australian-rules/afl-brownlow-pick-your-own-vote/to-poll-10-or-more-votes-10865473,2026-09-17T04:16:34.686425+00:00
PLAYER_VOTES_OU,Chad Warner Votes O/U,Over,Chad Warner,,,15.5,1.87,0.53475935828877,0.43485,-9.990935828876996,-0.1868304999999999,0.9607790881852304,0.9607790881852304,13.0,HIGH,VERIFIED_BUT_MODEL_SENSITIVE,confidence tier HIGH: elevated structural-break sensitivity and/or model disagreement for this player,NO EDGE,https://www.sportsbet.com.au/betting/australian-rules/afl-brownlow-player-votes-o-u/chad-warner-votes-o-u-10911208,2026-09-17T04:16:34.686425+00:00
TEAM_TOP_POLLER,Richmond Most Votes - Without T.Taranto,Patrick Retschko,Patrick Retschko,Richmond,,,10.0,0.1,4.233333333333332e-05,-9.995766666666666,-0.9995766666666667,0.0052191408174988,0.0052191408174988,1.0,LOW,VERIFIED,,NO EDGE,https://www.sportsbet.com.au/betting/australian-rules/afl-brownlow-teams/richmond-most-votes-without-t-taranto-10819444,2026-09-17T04:16:34.686425+00:00
TEAM_TOP_POLLER,Western Bulldogs Most Votes - Without M.Bontempelli/E.Richards,Tom Liberatore,Tom Liberatore,Western Bulldogs,,,10.0,0.1,0.0,-10.0,-1.0,0.1473957882480117,0.1473957882480117,6.0,MEDIUM,VERIFIED_BUT_MODEL_SENSITIVE,confidence tier MEDIUM: elevated structural-break sensitivity and/or model disagreement for this player,NO EDGE,https://www.sportsbet.com.au/betting/australian-rules/afl-brownlow-teams/western-bulldogs-most-votes-without-m-bontempelli-e-richards-10819445,2026-09-17T04:16:34.686425+00:00
PICK_YOUR_OWN_VOTES,To Poll a Vote,Bayley Fritsch,Bayley Fritsch,,,1.0,1.15,0.8695652173913044,0.76942,-10.014521739130444,-0.11516700000000013,0.5278799933212086,0.2494867179263711,6.0,HIGH,VERIFIED_BUT_MODEL_SENSITIVE,confidence tier HIGH: elevated structural-break sensitivity and/or model disagreement for this player,NO EDGE,https://www.sportsbet.com.au/betting/australian-rules/afl-brownlow-pick-your-own-vote/to-poll-a-vote-10868936,2026-09-17T04:16:34.686425+00:00
TOP_N,Top 5 Finish (Includes Ineligible),Max Gawn,Max Gawn,,,5.0,6.0,0.16666666666666666,0.06583,-10.083666666666666,-0.60502,3.6638325386388537,0.7559909067700943,15.0,HIGH,VERIFIED_BUT_MODEL_SENSITIVE,confidence tier HIGH: elevated structural-break sensitivity and/or model disagreement for this player,NO EDGE,https://www.sportsbet.com.au/betting/australian-rules/afl-brownlow-medal/top-5-finish-includes-ineligible--10804245,2026-09-17T04:16:34.686425+00:00
TEAM_VOTES_OU,Carlton Team Votes O/U,Over,,Carlton,,72.5,1.87,0.53475935828877,0.43307,-10.168935828876997,-0.19015909999999991,,,,UNKNOWN,PRICE_SUSPECT,Over and Under both priced at 1.87 - flat/templated pricing pattern shared across most team O/U markets; held out of headline value pending a market refresh,REVIEW REQUIRED — PRICE FRESHNESS,https://www.sportsbet.com.au/betting/australian-rules/afl-brownlow-team-votes-o-u/carlton-team-votes-o-u-10911255,2026-09-17T04:16:34.686425+00:00
TEAM_TOP_POLLER,West Coast Eagles Most Votes - Without H.Reid,Bailey J. Williams,Bailey J. Williams,West Coast Eagles,,,9.5,0.10526315789473684,0.0011425,-10.412065789473683,-0.98914625,0.3255047753466218,0.0852850210664941,5.0,MEDIUM,REVIEW_REQUIRED,"player 'Bailey J. Williams' matched only via surname+initial fallback, not an exact name match",REVIEW REQUIRED,https://www.sportsbet.com.au/betting/australian-rules/afl-brownlow-teams/west-coast-eagles-most-votes-without-h-reid-10819450,2026-09-17T04:16:34.686425+00:00
GROUP_H2H,Brownlow Group - Group D,Jarman Impey,Jarman Impey,,Group D,,5.0,0.2,0.09399783333333332,-10.600216666666668,-0.5300108333333333,1.061121065784521,0.6469742886872698,9.0,HIGH,VERIFIED_BUT_MODEL_SENSITIVE,confidence tier HIGH: elevated structural-break sensitivity and/or model disagreement for this player,NO EDGE,https://www.sportsbet.com.au/betting/australian-rules/afl-brownlow-medal/brownlow-group-group-d-10915098,2026-09-17T04:16:34.686425+00:00
PICK_YOUR_OWN_VOTES,To Poll a Vote,Ben Ainsworth,Ben Ainsworth,,,1.0,1.35,0.7407407407407407,0.63456,-10.61807407407407,-0.14334399999999992,0.2863259778399887,0.0032760151122865,5.0,MEDIUM,VERIFIED_BUT_MODEL_SENSITIVE,confidence tier MEDIUM: elevated structural-break sensitivity and/or model disagreement for this player,NO EDGE,https://www.sportsbet.com.au/betting/australian-rules/afl-brownlow-pick-your-own-vote/to-poll-a-vote-10868936,2026-09-17T04:16:34.686425+00:00
PICK_YOUR_OWN_VOTES,To Poll a Vote,Tom De Koning,Tom De Koning,,,1.0,1.84,0.5434782608695652,0.43296,-11.051826086956517,-0.2033535999999999,0.3110405835007017,0.2751651850224295,4.0,MEDIUM,VERIFIED_BUT_MODEL_SENSITIVE,confidence tier MEDIUM: elevated structural-break sensitivity and/or model disagreement for this player,NO EDGE,https://www.sportsbet.com.au/betting/australian-rules/afl-brownlow-pick-your-own-vote/to-poll-a-vote-10868936,2026-09-17T04:16:34.686425+00:00
TEAM_TOP_POLLER,Collingwood Most Votes - Without N.Daicos,Darcy Cameron,Darcy Cameron,Collingwood,,,9.0,0.1111111111111111,0.0,-11.11111111111111,-1.0,1.2769505743297245,0.4173232767632573,9.0,HIGH,VERIFIED_BUT_MODEL_SENSITIVE,confidence tier HIGH: elevated structural-break sensitivity and/or model disagreement for this player,NO EDGE,https://www.sportsbet.com.au/betting/australian-rules/afl-brownlow-teams/collingwood-most-votes-without-n-daicos-10819433,2026-09-17T04:16:34.686425+00:00
PICK_YOUR_OWN_VOTES,To Poll a Vote,Finn O'Sullivan,Finn O'Sullivan,,,1.0,1.84,0.5434782608695652,0.42991,-11.356826086956517,-0.20896559999999997,0.2956737823476173,0.2694990689803132,5.0,MEDIUM,VERIFIED_BUT_MODEL_SENSITIVE,confidence tier MEDIUM: elevated structural-break sensitivity and/or model disagreement for this player,NO EDGE,https://www.sportsbet.com.au/betting/australian-rules/afl-brownlow-pick-your-own-vote/to-poll-a-vote-10868936,2026-09-17T04:16:34.686425+00:00
PICK_YOUR_OWN_VOTES,To poll 15 or more votes,Caleb Serong,Caleb Serong,,,15.0,1.66,0.6024096385542169,0.48829,-11.411963855421693,-0.1894386,0.7101854195620962,0.4478862385459248,14.0,HIGH,VERIFIED_BUT_MODEL_SENSITIVE,confidence tier HIGH: elevated structural-break sensitivity and/or model disagreement for this player,NO EDGE,https://www.sportsbet.com.au/betting/australian-rules/afl-brownlow-pick-your-own-vote/to-poll-15-or-more-votes-10865474,2026-09-17T04:16:34.686425+00:00
PICK_YOUR_OWN_VOTES,To poll 15 or more votes,Max Gawn,Max Gawn,,,15.0,1.01,0.9900990099009901,0.87485,-11.524900990099008,-0.11640149999999994,3.6638325386388537,0.7559909067700943,15.0,HIGH,VERIFIED_BUT_MODEL_SENSITIVE,confidence tier HIGH: elevated structural-break sensitivity and/or model disagreement for this player,NO EDGE,https://www.sportsbet.com.au/betting/australian-rules/afl-brownlow-pick-your-own-vote/to-poll-15-or-more-votes-10865474,2026-09-17T04:16:34.686425+00:00
PICK_YOUR_OWN_VOTES,To Poll a Vote,Dan Houston,Dan Houston,,,1.0,1.16,0.8620689655172414,0.74534,-11.672896551724143,-0.13540560000000001,0.4857844237889182,0.3512145583809665,6.0,HIGH,VERIFIED_BUT_MODEL_SENSITIVE,confidence tier HIGH: elevated structural-break sensitivity and/or model disagreement for this player,NO EDGE,https://www.sportsbet.com.au/betting/australian-rules/afl-brownlow-pick-your-own-vote/to-poll-a-vote-10868936,2026-09-17T04:16:34.686425+00:00
PICK_YOUR_OWN_VOTES,To Poll a Vote,Francis Evans,Francis Evans,,,1.0,1.14,0.8771929824561404,0.75799,-11.920298245614037,-0.1358914,0.1054512159882592,0.0822795338961186,6.0,MEDIUM,VERIFIED_BUT_MODEL_SENSITIVE,confidence tier MEDIUM: elevated structural-break sensitivity and/or model disagreement for this player,NO EDGE,https://www.sportsbet.com.au/betting/australian-rules/afl-brownlow-pick-your-own-vote/to-poll-a-vote-10868936,2026-09-17T04:16:34.686425+00:00
TOP_N,Top 5 Finish (Includes Ineligible),Jordan Dawson,Jordan Dawson,,,5.0,4.5,0.2222222222222222,0.10241,-11.981222222222222,-0.539155,0.6454235874816163,0.6454235874816163,12.0,HIGH,VERIFIED_BUT_MODEL_SENSITIVE,confidence tier HIGH: elevated structural-break sensitivity and/or model disagreement for this player,NO EDGE,https://www.sportsbet.com.au/betting/australian-rules/afl-brownlow-medal/top-5-finish-includes-ineligible--10804245,2026-09-17T04:16:34.686425+00:00
TEAM_VOTES_OU,Adelaide Crows Team Votes O/U,Under,,Adelaide Crows,,84.5,1.87,0.53475935828877,0.41462,-12.013935828876999,-0.2246606,,,,UNKNOWN,PRICE_SUSPECT,Over and Under both priced at 1.87 - flat/templated pricing pattern shared across most team O/U markets; held out of headline value pending a market refresh,REVIEW REQUIRED — PRICE FRESHNESS,https://www.sportsbet.com.au/betting/australian-rules/afl-brownlow-team-votes-o-u/adelaide-crows-team-votes-o-u-10911236,2026-09-17T04:16:34.686425+00:00
TOP_N,Top 5 Finish (Includes Ineligible),Jai Newcombe,Jai Newcombe,,,5.0,6.0,0.16666666666666666,0.04586,-12.080666666666666,-0.72484,0.1835185378956296,0.1057104600025269,14.0,MEDIUM,VERIFIED_BUT_MODEL_SENSITIVE,confidence tier MEDIUM: elevated structural-break sensitivity and/or model disagreement for this player,NO EDGE,https://www.sportsbet.com.au/betting/australian-rules/afl-brownlow-medal/top-5-finish-includes-ineligible--10804245,2026-09-17T04:16:34.686425+00:00
TEAM_TOP_POLLER,Richmond Most Votes - Without T.Taranto,Seth Campbell,Seth Campbell,Richmond,,,8.0,0.125,0.0015555,-12.34445,-0.987556,0.0472201193068816,0.0421579190372309,3.0,MEDIUM,VERIFIED_BUT_MODEL_SENSITIVE,confidence tier MEDIUM: elevated structural-break sensitivity and/or model disagreement for this player,NO EDGE,https://www.sportsbet.com.au/betting/australian-rules/afl-brownlow-teams/richmond-most-votes-without-t-taranto-10819444,2026-09-17T04:16:34.686425+00:00
TEAM_TOP_POLLER,Western Bulldogs Most Votes - Without M.Bontempelli/E.Richards,Bailey Dale,Bailey Dale,Western Bulldogs,,,8.0,0.125,0.0,-12.5,-1.0,0.7042861500631896,0.4931280727555629,8.0,HIGH,VERIFIED_BUT_MODEL_SENSITIVE,confidence tier HIGH: elevated structural-break sensitivity and/or model disagreement for this player,NO EDGE,https://www.sportsbet.com.au/betting/australian-rules/afl-brownlow-teams/western-bulldogs-most-votes-without-m-bontempelli-e-richards-10819445,2026-09-17T04:16:34.686425+00:00
PLAYER_VOTES_OU,Izak Rankine Votes O/U,Over,Izak Rankine,,,21.5,1.87,0.53475935828877,0.40961,-12.514935828877,-0.2340293,0.4248485053324877,0.4248485053324877,10.0,HIGH,VERIFIED_BUT_MODEL_SENSITIVE,confidence tier HIGH: elevated structural-break sensitivity and/or model disagreement for this player,NO EDGE,https://www.sportsbet.com.au/betting/australian-rules/afl-brownlow-player-votes-o-u/izak-rankine-votes-o-u-10911163,2026-09-17T04:16:34.686425+00:00
PICK_YOUR_OWN_VOTES,To Poll a Vote,Stephen Coniglio,Stephen Coniglio,,,1.0,1.09,0.9174311926605504,0.78927,-12.816119266055036,-0.13969569999999987,0.3713555110959743,0.2507321168660525,6.0,MEDIUM,VERIFIED_BUT_MODEL_SENSITIVE,confidence tier MEDIUM: elevated structural-break sensitivity and/or model disagreement for this player,NO EDGE,https://www.sportsbet.com.au/betting/australian-rules/afl-brownlow-pick-your-own-vote/to-poll-a-vote-10868936,2026-09-17T04:16:34.686425+00:00
PICK_YOUR_OWN_VOTES,To poll 20 or more votes,Luke Jackson,Luke Jackson,,,20.0,6.0,0.16666666666666666,0.03833,-12.833666666666666,-0.7700199999999999,1.907590918545143,1.3768516536469768,14.0,HIGH,VERIFIED_BUT_MODEL_SENSITIVE,confidence tier HIGH: elevated structural-break sensitivity and/or model disagreement for this player,NO EDGE,https://www.sportsbet.com.au/betting/australian-rules/afl-brownlow-pick-your-own-vote/to-poll-20-or-more-votes-10865485,2026-09-17T04:16:34.686425+00:00
PICK_YOUR_OWN_VOTES,To Poll a Vote,George Wardlaw,George Wardlaw,,,1.0,2.35,0.425531914893617,0.28938,-13.615191489361699,-0.31995699999999994,0.1279987944982958,0.1279987944982958,3.0,MEDIUM,VERIFIED_BUT_MODEL_SENSITIVE,confidence tier MEDIUM: elevated structural-break sensitivity and/or model disagreement for this player,NO EDGE,https://www.sportsbet.com.au/betting/australian-rules/afl-brownlow-pick-your-own-vote/to-poll-a-vote-10868936,2026-09-17T04:16:34.686425+00:00
PICK_YOUR_OWN_VOTES,To poll 20 or more votes,Kysaiah Pickett,Kysaiah Pickett,,,20.0,1.87,0.53475935828877,0.39604,-13.871935828876996,-0.2594052,0.0813679360765249,0.0411218884956916,10.0,MEDIUM,VERIFIED_BUT_MODEL_SENSITIVE,confidence tier MEDIUM: elevated structural-break sensitivity and/or model disagreement for this player,NO EDGE,https://www.sportsbet.com.au/betting/australian-rules/afl-brownlow-pick-your-own-vote/to-poll-20-or-more-votes-10865485,2026-09-17T04:16:34.686425+00:00
PLAYER_VOTES_OU,Kysaiah Pickett Votes O/U,Over,Kysaiah Pickett,,,19.5,1.87,0.53475935828877,0.39604,-13.871935828876996,-0.2594052,0.0813679360765249,0.0411218884956916,10.0,MEDIUM,VERIFIED_BUT_MODEL_SENSITIVE,confidence tier MEDIUM: elevated structural-break sensitivity and/or model disagreement for this player,NO EDGE,https://www.sportsbet.com.au/betting/australian-rules/afl-brownlow-player-votes-o-u/kysaiah-pickett-votes-o-u-10911172,2026-09-17T04:16:34.686425+00:00
TEAM_TOP_POLLER,Hawthorn Most Votes - Without J.Newcombe,Connor Macdonald,Connor Macdonald,Hawthorn,,,7.0,0.14285714285714285,0.00407,-13.878714285714286,-0.97151,0.6848669364230702,0.6848669364230702,12.0,HIGH,VERIFIED_BUT_MODEL_SENSITIVE,confidence tier HIGH: elevated structural-break sensitivity and/or model disagreement for this player,NO EDGE,https://www.sportsbet.com.au/betting/australian-rules/afl-brownlow-teams/hawthorn-most-votes-without-j-newcombe-10819449,2026-09-17T04:16:34.686425+00:00
TOP_N,Top 5 Finish (Includes Ineligible),Patrick Cripps,Patrick Cripps,,,5.0,1.72,0.5813953488372093,0.44047,-14.092534883720937,-0.24239160000000004,1.421776536178978,0.1083166928301686,15.0,HIGH,VERIFIED_BUT_MODEL_SENSITIVE,confidence tier HIGH: elevated structural-break sensitivity and/or model disagreement for this player,NO EDGE,https://www.sportsbet.com.au/betting/australian-rules/afl-brownlow-medal/top-5-finish-includes-ineligible--10804245,2026-09-17T04:16:34.686425+00:00
PICK_YOUR_OWN_VOTES,To Poll a Vote,Luke Ryan,Luke Ryan,,,1.0,1.43,0.6993006993006994,0.5578,-14.150069930069941,-0.20234600000000014,0.1001113635465529,0.0067035757259279,5.0,MEDIUM,VERIFIED_BUT_MODEL_SENSITIVE,confidence tier MEDIUM: elevated structural-break sensitivity and/or model disagreement for this player,NO EDGE,https://www.sportsbet.com.au/betting/australian-rules/afl-brownlow-pick-your-own-vote/to-poll-a-vote-10868936,2026-09-17T04:16:34.686425+00:00
PICK_YOUR_OWN_VOTES,To Poll a Vote,Elliot Yeo,Elliot Yeo,,,1.0,1.89,0.5291005291005292,0.38638,-14.272052910052919,-0.26974180000000003,0.1535622130142758,0.0136489181333289,4.0,MEDIUM,VERIFIED_BUT_MODEL_SENSITIVE,confidence tier MEDIUM: elevated structural-break sensitivity and/or model disagreement for this player,NO EDGE,https://www.sportsbet.com.au/betting/australian-rules/afl-brownlow-pick-your-own-vote/to-poll-a-vote-10868936,2026-09-17T04:16:34.686425+00:00
PICK_YOUR_OWN_VOTES,To Poll a Vote,Tim Membrey,Tim Membrey,,,1.0,1.15,0.8695652173913044,0.72353,-14.603521739130443,-0.16794050000000005,0.180016205057705,0.0308031882173303,5.0,MEDIUM,VERIFIED_BUT_MODEL_SENSITIVE,confidence tier MEDIUM: elevated structural-break sensitivity and/or model disagreement for this player,NO EDGE,https://www.sportsbet.com.au/betting/australian-rules/afl-brownlow-pick-your-own-vote/to-poll-a-vote-10868936,2026-09-17T04:16:34.686425+00:00
TEAM_VOTES_OU,Fremantle Team Votes O/U,Over,,Fremantle,,99.5,1.87,0.53475935828877,0.3882,-14.655935828876999,-0.27406600000000003,,,,UNKNOWN,PRICE_SUSPECT,Over and Under both priced at 1.87 - flat/templated pricing pattern shared across most team O/U markets; held out of headline value pending a market refresh,REVIEW REQUIRED — PRICE FRESHNESS,https://www.sportsbet.com.au/betting/australian-rules/afl-brownlow-team-votes-o-u/fremantle-team-votes-o-u-10911262,2026-09-17T04:16:34.686425+00:00
PICK_YOUR_OWN_VOTES,To poll 10 or more votes,Jarman Impey,Jarman Impey,,,10.0,4.25,0.23529411764705882,0.08586,-14.943411764705882,-0.635095,1.061121065784521,0.6469742886872698,9.0,HIGH,VERIFIED_BUT_MODEL_SENSITIVE,confidence tier HIGH: elevated structural-break sensitivity and/or model disagreement for this player,NO EDGE,https://www.sportsbet.com.au/betting/australian-rules/afl-brownlow-pick-your-own-vote/to-poll-10-or-more-votes-10865473,2026-09-17T04:16:34.686425+00:00
GROUP_H2H,Brownlow Group - Group D,Wayne Milera,Wayne Milera,,Group D,,5.0,0.2,0.05022333333333334,-14.977666666666668,-0.7488833333333333,0.3832089948870942,0.3832089948870942,10.0,HIGH,VERIFIED_BUT_MODEL_SENSITIVE,confidence tier HIGH: elevated structural-break sensitivity and/or model disagreement for this player,NO EDGE,https://www.sportsbet.com.au/betting/australian-rules/afl-brownlow-medal/brownlow-group-group-d-10915098,2026-09-17T04:16:34.686425+00:00
PICK_YOUR_OWN_VOTES,To Poll a Vote,Dyson Sharp,Dyson Sharp,,,1.0,6.0,0.16666666666666666,0.0159,-15.076666666666666,-0.9046,0.0034731960368512,0.0034731960368512,0.0,LOW,VERIFIED,,NO EDGE,https://www.sportsbet.com.au/betting/australian-rules/afl-brownlow-pick-your-own-vote/to-poll-a-vote-10868936,2026-09-17T04:16:34.686425+00:00
PICK_YOUR_OWN_VOTES,To poll 20 or more votes,Izak Rankine,Izak Rankine,,,20.0,1.19,0.8403361344537815,0.68892,-15.141613445378155,-0.18018520000000005,0.4248485053324877,0.4248485053324877,10.0,HIGH,VERIFIED_BUT_MODEL_SENSITIVE,confidence tier HIGH: elevated structural-break sensitivity and/or model disagreement for this player,NO EDGE,https://www.sportsbet.com.au/betting/australian-rules/afl-brownlow-pick-your-own-vote/to-poll-20-or-more-votes-10865485,2026-09-17T04:16:34.686425+00:00
PICK_YOUR_OWN_VOTES,To Poll a Vote,Josaia Delana,Josaia Delana,,,1.0,6.5,0.15384615384615385,0.00198,-15.186615384615385,-0.98713,0.0007468535603801,0.0007468535603801,0.0,LOW,VERIFIED,,NO EDGE,https://www.sportsbet.com.au/betting/australian-rules/afl-brownlow-pick-your-own-vote/to-poll-a-vote-10868936,2026-09-17T04:16:34.686425+00:00
TEAM_TOP_POLLER,Sydney Swans Most Votes,Chad Warner,Chad Warner,Sydney Swans,,,5.0,0.2,0.04407833333333334,-15.592166666666667,-0.7796083333333333,0.9607790881852304,0.9607790881852304,13.0,HIGH,VERIFIED_BUT_MODEL_SENSITIVE,confidence tier HIGH: elevated structural-break sensitivity and/or model disagreement for this player,NO EDGE,https://www.sportsbet.com.au/betting/australian-rules/afl-brownlow-teams/sydney-swans-most-votes-10819447,2026-09-17T04:16:34.686425+00:00
TEAM_TOP_POLLER,Essendon Most Votes,Sam Durham,Sam Durham,Essendon,,,6.0,0.16666666666666666,0.010296166666666665,-15.63705,-0.938223,0.4183953803672691,0.1491340829886547,6.0,MEDIUM,VERIFIED_BUT_MODEL_SENSITIVE,confidence tier MEDIUM: elevated structural-break sensitivity and/or model disagreement for this player,NO EDGE,https://www.sportsbet.com.au/betting/australian-rules/afl-brownlow-teams/essendon-most-votes-10819446,2026-09-17T04:16:34.686425+00:00
TEAM_TOP_POLLER,GWS GIANTS Most Votes,Finn Callaghan,Finn Callaghan,GWS GIANTS,,,3.75,0.26666666666666666,0.1093325,-15.733416666666667,-0.590003125,1.088053089499061,0.8765666737354874,12.0,HIGH,VERIFIED_BUT_MODEL_SENSITIVE,confidence tier HIGH: elevated structural-break sensitivity and/or model disagreement for this player,NO EDGE,https://www.sportsbet.com.au/betting/australian-rules/afl-brownlow-teams/gws-giants-most-votes-10819436,2026-09-17T04:16:34.686425+00:00
PICK_YOUR_OWN_VOTES,To Poll a Vote,Sam Lalor,Sam Lalor,,,1.0,2.4,0.4166666666666667,0.25682,-15.98466666666667,-0.3836320000000001,0.0725060267099964,0.0725060267099964,3.0,MEDIUM,VERIFIED_BUT_MODEL_SENSITIVE,confidence tier MEDIUM: elevated structural-break sensitivity and/or model disagreement for this player,NO EDGE,https://www.sportsbet.com.au/betting/australian-rules/afl-brownlow-pick-your-own-vote/to-poll-a-vote-10868936,2026-09-17T04:16:34.686425+00:00
PICK_YOUR_OWN_VOTES,To poll 10 or more votes,Zac Bailey,Zac Bailey,,,10.0,1.13,0.8849557522123894,0.72491,-16.004575221238937,-0.18085170000000006,0.3438418889897043,0.0739343440309525,12.0,MEDIUM,VERIFIED_BUT_MODEL_SENSITIVE,confidence tier MEDIUM: elevated structural-break sensitivity and/or model disagreement for this player,NO EDGE,https://www.sportsbet.com.au/betting/australian-rules/afl-brownlow-pick-your-own-vote/to-poll-10-or-more-votes-10865473,2026-09-17T04:16:34.686425+00:00
PICK_YOUR_OWN_VOTES,To poll 10 or more votes,Wayne Milera,Wayne Milera,,,10.0,4.8,0.20833333333333334,0.0456,-16.273333333333333,-0.78112,0.3832089948870942,0.3832089948870942,10.0,HIGH,VERIFIED_BUT_MODEL_SENSITIVE,confidence tier HIGH: elevated structural-break sensitivity and/or model disagreement for this player,NO EDGE,https://www.sportsbet.com.au/betting/australian-rules/afl-brownlow-pick-your-own-vote/to-poll-10-or-more-votes-10865473,2026-09-17T04:16:34.686425+00:00
PLAYER_H2H,AFL Brownlow H2H's,Harley Reid to outpoll Caleb Serong,Harley Reid,,Caleb Serong,,2.46,0.4065040650406504,0.24245,-16.40540650406504,-0.40357299999999996,0.7026048480023626,0.3944029295423981,12.0,HIGH,SETTLEMENT_UNCERTAIN,non-trivial tie probability between the two players (0.072),REVIEW REQUIRED,https://www.sportsbet.com.au/betting/australian-rules/afl-brownlow-h2hs/caleb-serong-v-harley-reid-10911797,2026-09-17T04:16:34.686425+00:00
PICK_YOUR_OWN_VOTES,To Poll a Vote,Daniel Rioli,Daniel Rioli,,,1.0,1.39,0.7194244604316548,0.55436,-16.50644604316548,-0.22943960000000008,0.2440139765058633,0.0351826878349146,4.0,MEDIUM,VERIFIED_BUT_MODEL_SENSITIVE,confidence tier MEDIUM: elevated structural-break sensitivity and/or model disagreement for this player,NO EDGE,https://www.sportsbet.com.au/betting/australian-rules/afl-brownlow-pick-your-own-vote/to-poll-a-vote-10868936,2026-09-17T04:16:34.686425+00:00
TEAM_TOP_POLLER,Hawthorn Most Votes - Without J.Newcombe,Jarman Impey,Jarman Impey,Hawthorn,,,6.0,0.16666666666666666,0.0013311666666666667,-16.533549999999998,-0.992013,1.061121065784521,0.6469742886872698,9.0,HIGH,VERIFIED_BUT_MODEL_SENSITIVE,confidence tier HIGH: elevated structural-break sensitivity and/or model disagreement for this player,NO EDGE,https://www.sportsbet.com.au/betting/australian-rules/afl-brownlow-teams/hawthorn-most-votes-without-j-newcombe-10819449,2026-09-17T04:16:34.686425+00:00
PICK_YOUR_OWN_VOTES,To Poll a Vote,Charlie Comben,Charlie Comben,,,1.0,2.2,0.45454545454545453,0.2884,-16.614545454545453,-0.36551999999999996,0.3079613843752902,0.2872537245737257,3.0,HIGH,VERIFIED_BUT_MODEL_SENSITIVE,confidence tier HIGH: elevated structural-break sensitivity and/or model disagreement for this player,NO EDGE,https://www.sportsbet.com.au/betting/australian-rules/afl-brownlow-pick-your-own-vote/to-poll-a-vote-10868936,2026-09-17T04:16:34.686425+00:00
PICK_YOUR_OWN_VOTES,To Poll a Vote,Braeden Campbell,Braeden Campbell,,,1.0,2.05,0.48780487804878053,0.3213,-16.650487804878054,-0.34133500000000006,0.0941028736257723,0.0941028736257723,2.0,MEDIUM,VERIFIED_BUT_MODEL_SENSITIVE,confidence tier MEDIUM: elevated structural-break sensitivity and/or model disagreement for this player,NO EDGE,https://www.sportsbet.com.au/betting/australian-rules/afl-brownlow-pick-your-own-vote/to-poll-a-vote-10868936,2026-09-17T04:16:34.686425+00:00
TEAM_TOP_POLLER,Western Bulldogs Most Votes - Without M.Bontempelli/E.Richards,Joel Freijah,Joel Freijah,Western Bulldogs,,,6.0,0.16666666666666666,0.0,-16.666666666666664,-1.0,0.2202026543001203,0.0786236073440105,7.0,MEDIUM,VERIFIED_BUT_MODEL_SENSITIVE,confidence tier MEDIUM: elevated structural-break sensitivity and/or model disagreement for this player,NO EDGE,https://www.sportsbet.com.au/betting/australian-rules/afl-brownlow-teams/western-bulldogs-most-votes-without-m-bontempelli-e-richards-10819445,2026-09-17T04:16:34.686425+00:00
TEAM_TOP_POLLER,Western Bulldogs Most Votes - Without M.Bontempelli/E.Richards,Ryley Sanders,Ryley Sanders,Western Bulldogs,,,6.0,0.16666666666666666,0.0,-16.666666666666664,-1.0,0.3319398559966862,0.3319398559966862,7.0,HIGH,VERIFIED_BUT_MODEL_SENSITIVE,confidence tier HIGH: elevated structural-break sensitivity and/or model disagreement for this player,NO EDGE,https://www.sportsbet.com.au/betting/australian-rules/afl-brownlow-teams/western-bulldogs-most-votes-without-m-bontempelli-e-richards-10819445,2026-09-17T04:16:34.686425+00:00
TEAM_VOTES_OU,Hawthorn Team Votes O/U,Over,,Hawthorn,,86.5,1.87,0.53475935828877,0.36715,-16.760935828877,-0.3134295,,,,UNKNOWN,PRICE_SUSPECT,Over and Under both priced at 1.87 - flat/templated pricing pattern shared across most team O/U markets; held out of headline value pending a market refresh,REVIEW REQUIRED — PRICE FRESHNESS,https://www.sportsbet.com.au/betting/australian-rules/afl-brownlow-team-votes-o-u/hawthorn-team-votes-o-u-10911269,2026-09-17T04:16:34.686425+00:00
TRIFECTA,Brownlow Medal Trifecta,Nick Daicos/Bailey Smith/Marcus Bontempelli,Nick Daicos,,Nick Daicos/Bailey Smith/Marcus Bontempelli,,2.3,0.4347826086956522,0.2663,-16.848260869565223,-0.38751000000000013,0.9232905686771886,0.2331800353149589,12.0,HIGH,VERIFIED_BUT_MODEL_SENSITIVE,confidence tier HIGH: elevated structural-break sensitivity and/or model disagreement for this player,NO EDGE,https://www.sportsbet.com.au/betting/australian-rules/afl-brownlow-medal/brownlow-medal-trifecta-10861172,2026-09-17T04:16:34.686425+00:00
PLAYER_H2H,AFL Brownlow H2H's,Zac Bailey to outpoll Clayton Oliver,Zac Bailey,,Clayton Oliver,,2.46,0.4065040650406504,0.23722,-16.92840650406504,-0.4164388,0.3438418889897043,0.0739343440309525,12.0,MEDIUM,SETTLEMENT_UNCERTAIN,non-trivial tie probability between the two players (0.066),REVIEW REQUIRED,https://www.sportsbet.com.au/betting/australian-rules/afl-brownlow-h2hs/clayton-oliver-v-zac-bailey-10911799,2026-09-17T04:16:34.686425+00:00
PICK_YOUR_OWN_VOTES,To poll 15 or more votes,Murphy Reid,Murphy Reid,,,15.0,5.7,0.17543859649122806,0.00556,-16.987859649122804,-0.968308,0.5929379360443345,0.5667751825253351,11.0,HIGH,VERIFIED_BUT_MODEL_SENSITIVE,confidence tier HIGH: elevated structural-break sensitivity and/or model disagreement for this player,NO EDGE,https://www.sportsbet.com.au/betting/australian-rules/afl-brownlow-pick-your-own-vote/to-poll-15-or-more-votes-10865474,2026-09-17T04:16:34.686425+00:00
GROUP_H2H,Brownlow Group - Group B,Max Gawn,Max Gawn,,Group B,,3.75,0.26666666666666666,0.0933525,-17.331416666666666,-0.649928125,3.6638325386388537,0.7559909067700943,15.0,HIGH,VERIFIED_BUT_MODEL_SENSITIVE,confidence tier HIGH: elevated structural-break sensitivity and/or model disagreement for this player,NO EDGE,https://www.sportsbet.com.au/betting/australian-rules/afl-brownlow-medal/brownlow-group-group-b-10915096,2026-09-17T04:16:34.686425+00:00
TOP_N,Top 20 Finish (Includes Ineligible),Harley Reid,Harley Reid,,,20.0,2.65,0.37735849056603776,0.20349,-17.386849056603776,-0.4607515,0.7026048480023626,0.3944029295423981,12.0,HIGH,VERIFIED_BUT_MODEL_SENSITIVE,confidence tier HIGH: elevated structural-break sensitivity and/or model disagreement for this player,NO EDGE,https://www.sportsbet.com.au/betting/australian-rules/afl-brownlow-medal/top-20-finish-includes-ineligible--10804257,2026-09-17T04:16:34.686425+00:00
PICK_YOUR_OWN_VOTES,To poll 25 or more votes,Max Gawn,Max Gawn,,,25.0,3.75,0.26666666666666666,0.08497,-18.169666666666668,-0.6813625,3.6638325386388537,0.7559909067700943,15.0,HIGH,VERIFIED_BUT_MODEL_SENSITIVE,confidence tier HIGH: elevated structural-break sensitivity and/or model disagreement for this player,NO EDGE,https://www.sportsbet.com.au/betting/australian-rules/afl-brownlow-pick-your-own-vote/to-poll-25-or-more-votes-10865487,2026-09-17T04:16:34.686425+00:00
TEAM_TOP_POLLER,Geelong Cats Most Votes - Without B.Smith/M.Holmes,Oliver Dempsey,Oliver Dempsey,Geelong Cats,,,5.5,0.18181818181818182,0.0,-18.181818181818183,-1.0,0.2934928573908957,0.1436255551629015,8.0,MEDIUM,VERIFIED_BUT_MODEL_SENSITIVE,confidence tier MEDIUM: elevated structural-break sensitivity and/or model disagreement for this player,NO EDGE,https://www.sportsbet.com.au/betting/australian-rules/afl-brownlow-teams/geelong-cats-most-votes-without-b-smith-m-holmes-10819442,2026-09-17T04:16:34.686425+00:00
PICK_YOUR_OWN_VOTES,To Poll a Vote,Tom McCartin,Tom McCartin,,,1.0,1.44,0.6944444444444444,0.50617,-18.827444444444442,-0.2711152,0.2286187950193744,0.1205285526866211,4.0,MEDIUM,VERIFIED_BUT_MODEL_SENSITIVE,confidence tier MEDIUM: elevated structural-break sensitivity and/or model disagreement for this player,NO EDGE,https://www.sportsbet.com.au/betting/australian-rules/afl-brownlow-pick-your-own-vote/to-poll-a-vote-10868936,2026-09-17T04:16:34.686425+00:00
PICK_YOUR_OWN_VOTES,To poll 20 or more votes,Chad Warner,Chad Warner,,,20.0,3.45,0.2898550724637681,0.09728,-19.25750724637681,-0.664384,0.9607790881852304,0.9607790881852304,13.0,HIGH,VERIFIED_BUT_MODEL_SENSITIVE,confidence tier HIGH: elevated structural-break sensitivity and/or model disagreement for this player,NO EDGE,https://www.sportsbet.com.au/betting/australian-rules/afl-brownlow-pick-your-own-vote/to-poll-20-or-more-votes-10865485,2026-09-17T04:16:34.686425+00:00
PICK_YOUR_OWN_VOTES,To Poll a Vote,Tom Barrass,Tom Barrass,,,1.0,3.5,0.2857142857142857,0.09048,-19.523428571428568,-0.6833199999999999,0.0260279364417021,0.0240261995194524,2.0,LOW,VERIFIED,,NO EDGE,https://www.sportsbet.com.au/betting/australian-rules/afl-brownlow-pick-your-own-vote/to-poll-a-vote-10868936,2026-09-17T04:16:34.686425+00:00
TOP_N,Top 20 Finish (Includes Ineligible),Luke Jackson,Luke Jackson,,,20.0,1.9,0.5263157894736842,0.32903,-19.72857894736842,-0.37484300000000004,1.907590918545143,1.3768516536469768,14.0,HIGH,VERIFIED_BUT_MODEL_SENSITIVE,confidence tier HIGH: elevated structural-break sensitivity and/or model disagreement for this player,NO EDGE,https://www.sportsbet.com.au/betting/australian-rules/afl-brownlow-medal/top-20-finish-includes-ineligible--10804257,2026-09-17T04:16:34.686425+00:00
PICK_YOUR_OWN_VOTES,To poll 10 or more votes,Christian Petracca,Christian Petracca,,,10.0,1.01,0.9900990099009901,0.79013,-19.996900990099007,-0.2019687,0.9225818779433226,0.0332386717717518,10.0,HIGH,VERIFIED_BUT_MODEL_SENSITIVE,confidence tier HIGH: elevated structural-break sensitivity and/or model disagreement for this player,NO EDGE,https://www.sportsbet.com.au/betting/australian-rules/afl-brownlow-pick-your-own-vote/to-poll-10-or-more-votes-10865473,2026-09-17T04:16:34.686425+00:00
PICK_YOUR_OWN_VOTES,To Poll a Vote,Oscar McDonald,Oscar McDonald,,,1.0,1.88,0.5319148936170213,0.32916,-20.275489361702125,-0.38117920000000005,0.2036524783150282,0.0549196183938621,3.0,MEDIUM,VERIFIED_BUT_MODEL_SENSITIVE,confidence tier MEDIUM: elevated structural-break sensitivity and/or model disagreement for this player,NO EDGE,https://www.sportsbet.com.au/betting/australian-rules/afl-brownlow-pick-your-own-vote/to-poll-a-vote-10868936,2026-09-17T04:16:34.686425+00:00
PICK_YOUR_OWN_VOTES,To Poll a Vote,Cam Mackenzie,Cam Mackenzie,,,1.0,1.19,0.8403361344537815,0.63745,-20.288613445378157,-0.2414345000000001,0.2008386633209122,0.2008386633209122,6.0,MEDIUM,VERIFIED_BUT_MODEL_SENSITIVE,confidence tier MEDIUM: elevated structural-break sensitivity and/or model disagreement for this player,NO EDGE,https://www.sportsbet.com.au/betting/australian-rules/afl-brownlow-pick-your-own-vote/to-poll-a-vote-10868936,2026-09-17T04:16:34.686425+00:00
GROUP_H2H,Brownlow Group - Group C,Jacob van Rooyen,Jacob van Rooyen,,Group C,,2.5,0.4,0.1944855,-20.551450000000003,-0.51378625,0.245416341040821,0.084615028288189,6.0,MEDIUM,VERIFIED_BUT_MODEL_SENSITIVE,confidence tier MEDIUM: elevated structural-break sensitivity and/or model disagreement for this player,NO EDGE,https://www.sportsbet.com.au/betting/australian-rules/afl-brownlow-medal/brownlow-group-group-c-10915097,2026-09-17T04:16:34.686425+00:00
TOP_N,Top 10 Finish (Includes Ineligible),Max Gawn,Max Gawn,,,10.0,1.83,0.5464480874316939,0.33976,-20.668808743169393,-0.3782392,3.6638325386388537,0.7559909067700943,15.0,HIGH,VERIFIED_BUT_MODEL_SENSITIVE,confidence tier HIGH: elevated structural-break sensitivity and/or model disagreement for this player,NO EDGE,https://www.sportsbet.com.au/betting/australian-rules/afl-brownlow-medal/top-10-finish-includes-ineligible--10804256,2026-09-17T04:16:34.686425+00:00
PICK_YOUR_OWN_VOTES,To poll 10 or more votes,Sam Walsh,Sam Walsh,,,10.0,1.01,0.9900990099009901,0.78154,-20.85590099009901,-0.21064459999999996,0.9935738813477945,0.9935738813477945,14.0,HIGH,VERIFIED_BUT_MODEL_SENSITIVE,confidence tier HIGH: elevated structural-break sensitivity and/or model disagreement for this player,NO EDGE,https://www.sportsbet.com.au/betting/australian-rules/afl-brownlow-pick-your-own-vote/to-poll-10-or-more-votes-10865473,2026-09-17T04:16:34.686425+00:00
TEAM_TOP_POLLER,Melbourne Most Votes,Max Gawn,Max Gawn,Melbourne,,,1.4,0.7142857142857143,0.5022266666666666,-21.20590476190477,-0.29688266666666685,3.6638325386388537,0.7559909067700943,15.0,HIGH,VERIFIED_BUT_MODEL_SENSITIVE,confidence tier HIGH: elevated structural-break sensitivity and/or model disagreement for this player,NO EDGE,https://www.sportsbet.com.au/betting/australian-rules/afl-brownlow-teams/melbourne-most-votes-10819438,2026-09-17T04:16:34.686425+00:00
PICK_YOUR_OWN_VOTES,To poll 25 or more votes,Patrick Cripps,Patrick Cripps,,,25.0,1.41,0.7092198581560284,0.49662,-21.25998581560284,-0.2997658000000001,1.421776536178978,0.1083166928301686,15.0,HIGH,VERIFIED_BUT_MODEL_SENSITIVE,confidence tier HIGH: elevated structural-break sensitivity and/or model disagreement for this player,NO EDGE,https://www.sportsbet.com.au/betting/australian-rules/afl-brownlow-pick-your-own-vote/to-poll-25-or-more-votes-10865487,2026-09-17T04:16:34.686425+00:00
PICK_YOUR_OWN_VOTES,To poll 10 or more votes,Tom Sparrow,Tom Sparrow,,,10.0,1.37,0.7299270072992701,0.51645,-21.34770072992701,-0.2924635,0.4967386898507655,0.2862814407254337,12.0,HIGH,VERIFIED_BUT_MODEL_SENSITIVE,confidence tier HIGH: elevated structural-break sensitivity and/or model disagreement for this player,NO EDGE,https://www.sportsbet.com.au/betting/australian-rules/afl-brownlow-pick-your-own-vote/to-poll-10-or-more-votes-10865473,2026-09-17T04:16:34.686425+00:00
TEAM_VOTES_OU,Melbourne Team Votes O/U,Over,,Melbourne,,85.5,1.87,0.53475935828877,0.3172,-21.755935828877,-0.406836,,,,UNKNOWN,PRICE_SUSPECT,Over and Under both priced at 1.87 - flat/templated pricing pattern shared across most team O/U markets; held out of headline value pending a market refresh,REVIEW REQUIRED — PRICE FRESHNESS,https://www.sportsbet.com.au/betting/australian-rules/afl-brownlow-team-votes-o-u/melbourne-team-votes-o-u-10911271,2026-09-17T04:16:34.686425+00:00
PICK_YOUR_OWN_VOTES,To poll 10 or more votes,Harley Reid,Harley Reid,,,10.0,1.01,0.9900990099009901,0.76785,-22.224900990099005,-0.22447149999999993,0.7026048480023626,0.3944029295423981,12.0,HIGH,VERIFIED_BUT_MODEL_SENSITIVE,confidence tier HIGH: elevated structural-break sensitivity and/or model disagreement for this player,NO EDGE,https://www.sportsbet.com.au/betting/australian-rules/afl-brownlow-pick-your-own-vote/to-poll-10-or-more-votes-10865473,2026-09-17T04:16:34.686425+00:00
PICK_YOUR_OWN_VOTES,To poll 10 or more votes,Sam Berry,Sam Berry,,,10.0,2.7,0.37037037037037035,0.14768,-22.269037037037034,-0.601264,0.6366040093353451,0.5896677423563661,10.0,HIGH,VERIFIED_BUT_MODEL_SENSITIVE,confidence tier HIGH: elevated structural-break sensitivity and/or model disagreement for this player,NO EDGE,https://www.sportsbet.com.au/betting/australian-rules/afl-brownlow-pick-your-own-vote/to-poll-10-or-more-votes-10865473,2026-09-17T04:16:34.686425+00:00
PICK_YOUR_OWN_VOTES,To Poll a Vote,Harry Perryman,Harry Perryman,,,1.0,1.92,0.5208333333333334,0.29538,-22.54533333333334,-0.4328704000000001,0.0812777739851258,0.0668999948830805,2.0,MEDIUM,VERIFIED_BUT_MODEL_SENSITIVE,confidence tier MEDIUM: elevated structural-break sensitivity and/or model disagreement for this player,NO EDGE,https://www.sportsbet.com.au/betting/australian-rules/afl-brownlow-pick-your-own-vote/to-poll-a-vote-10868936,2026-09-17T04:16:34.686425+00:00
TEAM_VOTES_OU,Collingwood Team Votes O/U,Under,,Collingwood,,79.5,1.87,0.53475935828877,0.30927,-22.548935828877,-0.4216651,,,,UNKNOWN,PRICE_SUSPECT,Over and Under both priced at 1.87 - flat/templated pricing pattern shared across most team O/U markets; held out of headline value pending a market refresh,REVIEW REQUIRED — PRICE FRESHNESS,https://www.sportsbet.com.au/betting/australian-rules/afl-brownlow-team-votes-o-u/collingwood-team-votes-o-u-10911256,2026-09-17T04:16:34.686425+00:00
TEAM_TOP_POLLER,Adelaide Crows Most Votes,Jordan Dawson,Jordan Dawson,Adelaide Crows,,,1.4,0.7142857142857143,0.48438,-22.99057142857143,-0.32186800000000004,0.6454235874816163,0.6454235874816163,12.0,HIGH,VERIFIED_BUT_MODEL_SENSITIVE,confidence tier HIGH: elevated structural-break sensitivity and/or model disagreement for this player,NO EDGE,https://www.sportsbet.com.au/betting/australian-rules/afl-brownlow-teams/adelaide-crows-most-votes-10819435,2026-09-17T04:16:34.686425+00:00
PLAYER_H2H,AFL Brownlow H2H's,Jacob van Rooyen to outpoll Jack Gunston,Jacob van Rooyen,,Jack Gunston,,1.87,0.53475935828877,0.30294,-23.181935828877,-0.43350219999999995,0.245416341040821,0.084615028288189,6.0,MEDIUM,SETTLEMENT_UNCERTAIN,non-trivial tie probability between the two players (0.112),REVIEW REQUIRED,https://www.sportsbet.com.au/betting/australian-rules/afl-brownlow-h2hs/jack-gunston-v-jacob-van-rooyen-10911802,2026-09-17T04:16:34.686425+00:00
PICK_YOUR_OWN_VOTES,To poll 10 or more votes,Jordan De Goey,Jordan De Goey,,,10.0,3.9,0.25641025641025644,0.02247,-23.394025641025646,-0.912367,0.2947109734772102,0.2947109734772102,7.0,HIGH,VERIFIED_BUT_MODEL_SENSITIVE,confidence tier HIGH: elevated structural-break sensitivity and/or model disagreement for this player,NO EDGE,https://www.sportsbet.com.au/betting/australian-rules/afl-brownlow-pick-your-own-vote/to-poll-10-or-more-votes-10865473,2026-09-17T04:16:34.686425+00:00
PICK_YOUR_OWN_VOTES,To Poll a Vote,Hayden Young,Hayden Young,,,1.0,1.23,0.8130081300813008,0.57714,-23.58681300813008,-0.2901178,0.1952746635251916,0.0744515778042913,5.0,MEDIUM,VERIFIED_BUT_MODEL_SENSITIVE,confidence tier MEDIUM: elevated structural-break sensitivity and/or model disagreement for this player,NO EDGE,https://www.sportsbet.com.au/betting/australian-rules/afl-brownlow-pick-your-own-vote/to-poll-a-vote-10868936,2026-09-17T04:16:34.686425+00:00
PICK_YOUR_OWN_VOTES,To poll 25 or more votes,Jai Newcombe,Jai Newcombe,,,25.0,3.35,0.29850746268656714,0.06021,-23.829746268656717,-0.7982965,0.1835185378956296,0.1057104600025269,14.0,MEDIUM,VERIFIED_BUT_MODEL_SENSITIVE,confidence tier MEDIUM: elevated structural-break sensitivity and/or model disagreement for this player,NO EDGE,https://www.sportsbet.com.au/betting/australian-rules/afl-brownlow-pick-your-own-vote/to-poll-25-or-more-votes-10865487,2026-09-17T04:16:34.686425+00:00
PLAYER_VOTES_OU,Patrick Cripps Votes O/U,Over,Patrick Cripps,,,26.5,1.87,0.53475935828877,0.2934,-24.135935828877,-0.451342,1.421776536178978,0.1083166928301686,15.0,HIGH,VERIFIED_BUT_MODEL_SENSITIVE,confidence tier HIGH: elevated structural-break sensitivity and/or model disagreement for this player,NO EDGE,https://www.sportsbet.com.au/betting/australian-rules/afl-brownlow-player-votes-o-u/patrick-cripps-votes-o-u-10911141,2026-09-17T04:16:34.686425+00:00
PICK_YOUR_OWN_VOTES,To poll 25 or more votes,Jordan Dawson,Jordan Dawson,,,25.0,2.7,0.37037037037037035,0.12876,-24.161037037037033,-0.6523479999999999,0.6454235874816163,0.6454235874816163,12.0,HIGH,VERIFIED_BUT_MODEL_SENSITIVE,confidence tier HIGH: elevated structural-break sensitivity and/or model disagreement for this player,NO EDGE,https://www.sportsbet.com.au/betting/australian-rules/afl-brownlow-pick-your-own-vote/to-poll-25-or-more-votes-10865487,2026-09-17T04:16:34.686425+00:00
PLAYER_H2H,AFL Brownlow H2H's,Max Holmes to outpoll Errol Gulden,Max Holmes,,Errol Gulden,,1.5,0.6666666666666666,0.41995,-24.671666666666663,-0.37007500000000004,0.1554342434471518,0.1549760571933518,11.0,MEDIUM,SETTLEMENT_UNCERTAIN,non-trivial tie probability between the two players (0.114),REVIEW REQUIRED,https://www.sportsbet.com.au/betting/australian-rules/afl-brownlow-h2hs/max-holmes-v-errol-gulden-10911795,2026-09-17T04:16:34.686425+00:00
PICK_YOUR_OWN_VOTES,To Poll a Vote,Callum Mills,Callum Mills,,,1.0,1.24,0.8064516129032259,0.55911,-24.734161290322586,-0.30670359999999997,0.1700902996608126,0.1543033932969364,5.0,MEDIUM,VERIFIED_BUT_MODEL_SENSITIVE,confidence tier MEDIUM: elevated structural-break sensitivity and/or model disagreement for this player,NO EDGE,https://www.sportsbet.com.au/betting/australian-rules/afl-brownlow-pick-your-own-vote/to-poll-a-vote-10868936,2026-09-17T04:16:34.686425+00:00
TOP_N,Top 10 Finish (Includes Ineligible),Jordan Dawson,Jordan Dawson,,,10.0,1.31,0.7633587786259541,0.51365,-24.970877862595408,-0.32711849999999987,0.6454235874816163,0.6454235874816163,12.0,HIGH,VERIFIED_BUT_MODEL_SENSITIVE,confidence tier HIGH: elevated structural-break sensitivity and/or model disagreement for this player,NO EDGE,https://www.sportsbet.com.au/betting/australian-rules/afl-brownlow-medal/top-10-finish-includes-ineligible--10804256,2026-09-17T04:16:34.686425+00:00
TEAM_TOP_POLLER,Western Bulldogs Most Votes - Without M.Bontempelli/E.Richards,Aaron Naughton,Aaron Naughton,Western Bulldogs,,,4.0,0.25,0.0,-25.0,-1.0,0.194697256761918,0.118582489948305,5.0,MEDIUM,VERIFIED_BUT_MODEL_SENSITIVE,confidence tier MEDIUM: elevated structural-break sensitivity and/or model disagreement for this player,NO EDGE,https://www.sportsbet.com.au/betting/australian-rules/afl-brownlow-teams/western-bulldogs-most-votes-without-m-bontempelli-e-richards-10819445,2026-09-17T04:16:34.686425+00:00
PICK_YOUR_OWN_VOTES,To poll 10 or more votes,Tim Taranto,Tim Taranto,,,10.0,2.2,0.45454545454545453,0.19807,-25.64754545454545,-0.564246,0.2705413248373221,0.2705413248373221,8.0,MEDIUM,VERIFIED_BUT_MODEL_SENSITIVE,confidence tier MEDIUM: elevated structural-break sensitivity and/or model disagreement for this player,NO EDGE,https://www.sportsbet.com.au/betting/australian-rules/afl-brownlow-pick-your-own-vote/to-poll-10-or-more-votes-10865473,2026-09-17T04:16:34.686425+00:00
PLAYER_H2H,AFL Brownlow H2H's,Christian Petracca to outpoll Brodie Grundy,Christian Petracca,,Brodie Grundy,,1.72,0.5813953488372093,0.3213,-26.009534883720935,-0.4473640000000001,0.9225818779433226,0.0332386717717518,10.0,HIGH,SETTLEMENT_UNCERTAIN,non-trivial tie probability between the two players (0.094),REVIEW REQUIRED,https://www.sportsbet.com.au/betting/australian-rules/afl-brownlow-h2hs/christian-petracca-v-brodie-grundy-10911798,2026-09-17T04:16:34.686425+00:00
TEAM_VOTES_OU,GWS GIANTS Team Votes O/U,Under,,GWS GIANTS,,61.5,1.87,0.53475935828877,0.27432,-26.043935828876997,-0.48702159999999994,,,,UNKNOWN,PRICE_SUSPECT,Over and Under both priced at 1.87 - flat/templated pricing pattern shared across most team O/U markets; held out of headline value pending a market refresh,REVIEW REQUIRED — PRICE FRESHNESS,https://www.sportsbet.com.au/betting/australian-rules/afl-brownlow-team-votes-o-u/gws-giants-team-votes-o-u-10911265,2026-09-17T04:16:34.686425+00:00
PICK_YOUR_OWN_VOTES,To Poll a Vote,Zeke Uwland,Zeke Uwland,,,1.0,1.57,0.6369426751592356,0.37285,-26.409267515923563,-0.4146255,0.1080749820268127,0.0153376612265282,3.0,MEDIUM,VERIFIED_BUT_MODEL_SENSITIVE,confidence tier MEDIUM: elevated structural-break sensitivity and/or model disagreement for this player,NO EDGE,https://www.sportsbet.com.au/betting/australian-rules/afl-brownlow-pick-your-own-vote/to-poll-a-vote-10868936,2026-09-17T04:16:34.686425+00:00
TEAM_VOTES_OU,Essendon Team Votes O/U,Under,,Essendon,,25.5,1.87,0.53475935828877,0.26904,-26.571935828876995,-0.4968952,,,,UNKNOWN,PRICE_SUSPECT,Over and Under both priced at 1.87 - flat/templated pricing pattern shared across most team O/U markets; held out of headline value pending a market refresh,REVIEW REQUIRED — PRICE FRESHNESS,https://www.sportsbet.com.au/betting/australian-rules/afl-brownlow-team-votes-o-u/essendon-team-votes-o-u-10911257,2026-09-17T04:16:34.686425+00:00
PICK_YOUR_OWN_VOTES,To Poll a Vote,Alex Pearce,Alex Pearce,,,1.0,2.7,0.37037037037037035,0.095,-27.537037037037038,-0.7435,0.0313209201723261,0.0313209201723261,2.0,MEDIUM,VERIFIED_BUT_MODEL_SENSITIVE,confidence tier MEDIUM: elevated structural-break sensitivity and/or model disagreement for this player,NO EDGE,https://www.sportsbet.com.au/betting/australian-rules/afl-brownlow-pick-your-own-vote/to-poll-a-vote-10868936,2026-09-17T04:16:34.686425+00:00
PICK_YOUR_OWN_VOTES,To Poll a Vote,Esava Ratugolea,Esava Ratugolea,,,1.0,2.15,0.46511627906976744,0.18794,-27.717627906976745,-0.595929,0.1879174501098711,0.1874982448862933,3.0,MEDIUM,VERIFIED_BUT_MODEL_SENSITIVE,confidence tier MEDIUM: elevated structural-break sensitivity and/or model disagreement for this player,NO EDGE,https://www.sportsbet.com.au/betting/australian-rules/afl-brownlow-pick-your-own-vote/to-poll-a-vote-10868936,2026-09-17T04:16:34.686425+00:00
PICK_YOUR_OWN_VOTES,To poll 15 or more votes,Matt Rowell,Matt Rowell,,,15.0,3.3,0.30303030303030304,0.02436,-27.867030303030305,-0.919612,0.754627699789701,0.3209752103169343,11.0,HIGH,VERIFIED_BUT_MODEL_SENSITIVE,confidence tier HIGH: elevated structural-break sensitivity and/or model disagreement for this player,NO EDGE,https://www.sportsbet.com.au/betting/australian-rules/afl-brownlow-pick-your-own-vote/to-poll-15-or-more-votes-10865474,2026-09-17T04:16:34.686425+00:00
TEAM_VOTES_OU,North Melbourne Team Votes O/U,Over,,North Melbourne,,67.5,1.87,0.53475935828877,0.24983,-28.492935828877,-0.5328179,,,,UNKNOWN,PRICE_SUSPECT,Over and Under both priced at 1.87 - flat/templated pricing pattern shared across most team O/U markets; held out of headline value pending a market refresh,REVIEW REQUIRED — PRICE FRESHNESS,https://www.sportsbet.com.au/betting/australian-rules/afl-brownlow-team-votes-o-u/north-melbourne-team-votes-o-u-10911273,2026-09-17T04:16:34.686425+00:00
PICK_YOUR_OWN_VOTES,To poll 10 or more votes,Andrew Brayshaw,Andrew Brayshaw,,,10.0,1.02,0.9803921568627451,0.69308,-28.731215686274503,-0.29305839999999994,1.050877021706878,0.9427480658709316,13.0,HIGH,VERIFIED_BUT_MODEL_SENSITIVE,confidence tier HIGH: elevated structural-break sensitivity and/or model disagreement for this player,NO EDGE,https://www.sportsbet.com.au/betting/australian-rules/afl-brownlow-pick-your-own-vote/to-poll-10-or-more-votes-10865473,2026-09-17T04:16:34.686425+00:00
PICK_YOUR_OWN_VOTES,To poll 15 or more votes,Andrew Brayshaw,Andrew Brayshaw,,,15.0,2.25,0.4444444444444444,0.15428,-29.016444444444446,-0.6528700000000001,1.050877021706878,0.9427480658709316,13.0,HIGH,VERIFIED_BUT_MODEL_SENSITIVE,confidence tier HIGH: elevated structural-break sensitivity and/or model disagreement for this player,NO EDGE,https://www.sportsbet.com.au/betting/australian-rules/afl-brownlow-pick-your-own-vote/to-poll-15-or-more-votes-10865474,2026-09-17T04:16:34.686425+00:00
TRIFECTA,Brownlow Medal Trifecta,Nick Daicos/Marcus Bontempelli/Bailey Smith,Nick Daicos,,Nick Daicos/Marcus Bontempelli/Bailey Smith,,3.2,0.3125,0.01646,-29.604000000000003,-0.947328,0.9232905686771886,0.2331800353149589,12.0,HIGH,VERIFIED_BUT_MODEL_SENSITIVE,confidence tier HIGH: elevated structural-break sensitivity and/or model disagreement for this player,NO EDGE,https://www.sportsbet.com.au/betting/australian-rules/afl-brownlow-medal/brownlow-medal-trifecta-10861172,2026-09-17T04:16:34.686425+00:00
PLAYER_VOTES_OU,Harry Sheezel Votes O/U,Under,Harry Sheezel,,,22.5,1.87,0.53475935828877,0.2363,-29.845935828876996,-0.558119,3.295562707918688,2.261067858862265,15.0,HIGH,VERIFIED_BUT_MODEL_SENSITIVE,confidence tier HIGH: elevated structural-break sensitivity and/or model disagreement for this player,NO EDGE,https://www.sportsbet.com.au/betting/australian-rules/afl-brownlow-player-votes-o-u/harry-sheezel-votes-o-u-10911169,2026-09-17T04:16:34.686425+00:00
PLAYER_H2H,AFL Brownlow H2H's,Jordan Dawson to outpoll Isaac Heeney,Jordan Dawson,,Isaac Heeney,,1.87,0.53475935828877,0.23423,-30.052935828876997,-0.5619898999999999,0.6454235874816163,0.6454235874816163,12.0,HIGH,SETTLEMENT_UNCERTAIN,non-trivial tie probability between the two players (0.070),REVIEW REQUIRED,https://www.sportsbet.com.au/betting/australian-rules/afl-brownlow-h2hs/jordan-dawson-v-isaac-heeney-10911606,2026-09-17T04:16:34.686425+00:00
PICK_YOUR_OWN_VOTES,To poll 10 or more votes,Finn Callaghan,Finn Callaghan,,,10.0,1.25,0.8,0.49853,-30.147000000000006,-0.37683750000000005,1.088053089499061,0.8765666737354874,12.0,HIGH,VERIFIED_BUT_MODEL_SENSITIVE,confidence tier HIGH: elevated structural-break sensitivity and/or model disagreement for this player,NO EDGE,https://www.sportsbet.com.au/betting/australian-rules/afl-brownlow-pick-your-own-vote/to-poll-10-or-more-votes-10865473,2026-09-17T04:16:34.686425+00:00
PICK_YOUR_OWN_VOTES,To poll 15 or more votes,Sam Walsh,Sam Walsh,,,15.0,1.72,0.5813953488372093,0.27974,-30.165534883720934,-0.5188472,0.9935738813477945,0.9935738813477945,14.0,HIGH,VERIFIED_BUT_MODEL_SENSITIVE,confidence tier HIGH: elevated structural-break sensitivity and/or model disagreement for this player,NO EDGE,https://www.sportsbet.com.au/betting/australian-rules/afl-brownlow-pick-your-own-vote/to-poll-15-or-more-votes-10865474,2026-09-17T04:16:34.686425+00:00
PLAYER_H2H,AFL Brownlow H2H's,Andrew Brayshaw to outpoll Sam Walsh,Andrew Brayshaw,,Sam Walsh,,1.5,0.6666666666666666,0.36379,-30.287666666666663,-0.454315,1.050877021706878,0.9427480658709316,13.0,HIGH,SETTLEMENT_UNCERTAIN,non-trivial tie probability between the two players (0.079),REVIEW REQUIRED,https://www.sportsbet.com.au/betting/australian-rules/afl-brownlow-h2hs/andrew-brayshaw-v-sam-walsh-10911829,2026-09-17T04:16:34.686425+00:00
TEAM_TOP_POLLER,Western Bulldogs Most Votes - Without M.Bontempelli/E.Richards,Matthew Kennedy,Matthew Kennedy,Western Bulldogs,,,3.25,0.3076923076923077,0.0,-30.76923076923077,-1.0,0.567452361399984,0.567452361399984,10.0,HIGH,VERIFIED_BUT_MODEL_SENSITIVE,confidence tier HIGH: elevated structural-break sensitivity and/or model disagreement for this player,NO EDGE,https://www.sportsbet.com.au/betting/australian-rules/afl-brownlow-teams/western-bulldogs-most-votes-without-m-bontempelli-e-richards-10819445,2026-09-17T04:16:34.686425+00:00
TEAM_TOP_POLLER,St Kilda Most Votes - Without N.Wanganeen-Milera,Max Hall,Max Hall,St Kilda,,,1.25,0.8,0.4907683333333333,-30.923166666666674,-0.3865395833333334,1.5980022838115655,1.584897362457781,12.0,HIGH,VERIFIED_BUT_MODEL_SENSITIVE,confidence tier HIGH: elevated structural-break sensitivity and/or model disagreement for this player,NO EDGE,https://www.sportsbet.com.au/betting/australian-rules/afl-brownlow-teams/st-kilda-most-votes-without-n-wanganeen-milera-10819443,2026-09-17T04:16:34.686425+00:00
TEAM_VOTES_OU,Sydney Swans Team Votes O/U,Under,,Sydney Swans,,102.5,1.87,0.53475935828877,0.22052,-31.423935828877,-0.5876276,,,,UNKNOWN,PRICE_SUSPECT,Over and Under both priced at 1.87 - flat/templated pricing pattern shared across most team O/U markets; held out of headline value pending a market refresh,REVIEW REQUIRED — PRICE FRESHNESS,https://www.sportsbet.com.au/betting/australian-rules/afl-brownlow-team-votes-o-u/sydney-swans-team-votes-o-u-10911281,2026-09-17T04:16:34.686425+00:00
PICK_YOUR_OWN_VOTES,To Poll a Vote,Lachlan Bramble,Lachlan Bramble,,,1.0,1.86,0.5376344086021505,0.2224,-31.52344086021505,-0.586336,0.0979936933786103,0.0701022650962376,2.0,MEDIUM,VERIFIED_BUT_MODEL_SENSITIVE,confidence tier MEDIUM: elevated structural-break sensitivity and/or model disagreement for this player,NO EDGE,https://www.sportsbet.com.au/betting/australian-rules/afl-brownlow-pick-your-own-vote/to-poll-a-vote-10868936,2026-09-17T04:16:34.686425+00:00
TEAM_TOP_POLLER,Fremantle Most Votes,Luke Jackson,Luke Jackson,Fremantle,,,1.91,0.5235602094240838,0.20715583333333332,-31.640437609075043,-0.6043323583333333,1.907590918545143,1.3768516536469768,14.0,HIGH,VERIFIED_BUT_MODEL_SENSITIVE,confidence tier HIGH: elevated structural-break sensitivity and/or model disagreement for this player,NO EDGE,https://www.sportsbet.com.au/betting/australian-rules/afl-brownlow-teams/fremantle-most-votes-10819448,2026-09-17T04:16:34.686425+00:00
PICK_YOUR_OWN_VOTES,To Poll a Vote,Jamie Elliott,Jamie Elliott,,,1.0,2.05,0.48780487804878053,0.17,-31.780487804878057,-0.6515,0.0389491484433203,0.0389491484433203,2.0,MEDIUM,VERIFIED_BUT_MODEL_SENSITIVE,confidence tier MEDIUM: elevated structural-break sensitivity and/or model disagreement for this player,NO EDGE,https://www.sportsbet.com.au/betting/australian-rules/afl-brownlow-pick-your-own-vote/to-poll-a-vote-10868936,2026-09-17T04:16:34.686425+00:00
PICK_YOUR_OWN_VOTES,To poll 10 or more votes,Nick Watson,Nick Watson,,,10.0,2.03,0.4926108374384237,0.17305,-31.956083743842367,-0.6487085,0.6113766196934618,0.6113766196934618,9.0,HIGH,VERIFIED_BUT_MODEL_SENSITIVE,confidence tier HIGH: elevated structural-break sensitivity and/or model disagreement for this player,NO EDGE,https://www.sportsbet.com.au/betting/australian-rules/afl-brownlow-pick-your-own-vote/to-poll-10-or-more-votes-10865473,2026-09-17T04:16:34.686425+00:00
PICK_YOUR_OWN_VOTES,To Poll a Vote,Nick Bryan,Nick Bryan,,,1.0,1.23,0.8130081300813008,0.49236,-32.06481300813008,-0.3943972,0.3150975019086056,0.1159918490452812,3.0,MEDIUM,VERIFIED_BUT_MODEL_SENSITIVE,confidence tier MEDIUM: elevated structural-break sensitivity and/or model disagreement for this player,NO EDGE,https://www.sportsbet.com.au/betting/australian-rules/afl-brownlow-pick-your-own-vote/to-poll-a-vote-10868936,2026-09-17T04:16:34.686425+00:00
TEAM_TOP_POLLER,West Coast Eagles Most Votes - Without H.Reid,Jake Waterman,Jake Waterman,West Coast Eagles,,,3.0,0.3333333333333333,0.010516666666666665,-32.281666666666666,-0.96845,0.377521532339939,0.2456930259450129,8.0,MEDIUM,VERIFIED_BUT_MODEL_SENSITIVE,confidence tier MEDIUM: elevated structural-break sensitivity and/or model disagreement for this player,NO EDGE,https://www.sportsbet.com.au/betting/australian-rules/afl-brownlow-teams/west-coast-eagles-most-votes-without-h-reid-10819450,2026-09-17T04:16:34.686425+00:00
PLAYER_VOTES_OU,Bailey Smith Votes O/U,Under,Bailey Smith,,,32.5,1.87,0.53475935828877,0.20786,-32.689935828877,-0.6113018,0.581983245516696,0.2682935583187955,15.0,HIGH,VERIFIED_BUT_MODEL_SENSITIVE,confidence tier HIGH: elevated structural-break sensitivity and/or model disagreement for this player,NO EDGE,https://www.sportsbet.com.au/betting/australian-rules/afl-brownlow-player-votes-o-u/bailey-smith-votes-o-u-10911134,2026-09-17T04:16:34.686425+00:00
TOP_N,Top 10 Finish (Includes Ineligible),Jai Newcombe,Jai Newcombe,,,10.0,1.61,0.6211180124223602,0.29163,-32.94880124223602,-0.5304757,0.1835185378956296,0.1057104600025269,14.0,MEDIUM,VERIFIED_BUT_MODEL_SENSITIVE,confidence tier MEDIUM: elevated structural-break sensitivity and/or model disagreement for this player,NO EDGE,https://www.sportsbet.com.au/betting/australian-rules/afl-brownlow-medal/top-10-finish-includes-ineligible--10804256,2026-09-17T04:16:34.686425+00:00
PICK_YOUR_OWN_VOTES,To poll 20 or more votes,Jordan Dawson,Jordan Dawson,,,20.0,1.03,0.970873786407767,0.64123,-32.9643786407767,-0.33953310000000003,0.6454235874816163,0.6454235874816163,12.0,HIGH,VERIFIED_BUT_MODEL_SENSITIVE,confidence tier HIGH: elevated structural-break sensitivity and/or model disagreement for this player,NO EDGE,https://www.sportsbet.com.au/betting/australian-rules/afl-brownlow-pick-your-own-vote/to-poll-20-or-more-votes-10865485,2026-09-17T04:16:34.686425+00:00
TEAM_TOP_POLLER,Collingwood Most Votes - Without N.Daicos,Josh Daicos,Josh Daicos,Collingwood,,,3.0,0.3333333333333333,0.0,-33.33333333333333,-1.0,0.4166935841633181,0.4005804476458667,10.0,HIGH,VERIFIED_BUT_MODEL_SENSITIVE,confidence tier HIGH: elevated structural-break sensitivity and/or model disagreement for this player,NO EDGE,https://www.sportsbet.com.au/betting/australian-rules/afl-brownlow-teams/collingwood-most-votes-without-n-daicos-10819433,2026-09-17T04:16:34.686425+00:00
PLAYER_VOTES_OU,Jordan Dawson Votes O/U,Over,Jordan Dawson,,,23.5,1.87,0.53475935828877,0.19969,-33.50693582887699,-0.6265797,0.6454235874816163,0.6454235874816163,12.0,HIGH,VERIFIED_BUT_MODEL_SENSITIVE,confidence tier HIGH: elevated structural-break sensitivity and/or model disagreement for this player,NO EDGE,https://www.sportsbet.com.au/betting/australian-rules/afl-brownlow-player-votes-o-u/jordan-dawson-votes-o-u-10911145,2026-09-17T04:16:34.686425+00:00
TOP_N,Top 5 Finish (Includes Ineligible),Marcus Bontempelli,Marcus Bontempelli,,,5.0,1.03,0.970873786407767,0.63506,-33.581378640776705,-0.3458882,1.5780527912117996,1.5780527912117996,13.0,HIGH,VERIFIED_BUT_MODEL_SENSITIVE,confidence tier HIGH: elevated structural-break sensitivity and/or model disagreement for this player,NO EDGE,https://www.sportsbet.com.au/betting/australian-rules/afl-brownlow-medal/top-5-finish-includes-ineligible--10804245,2026-09-17T04:16:34.686425+00:00
TEAM_TOP_POLLER,Hawthorn Most Votes - Without J.Newcombe,Jack Gunston,Jack Gunston,Hawthorn,,,2.25,0.4444444444444444,0.10797783333333333,-33.64666111111111,-0.757049875,1.545563377655002,0.3991962453741635,12.0,HIGH,VERIFIED_BUT_MODEL_SENSITIVE,confidence tier HIGH: elevated structural-break sensitivity and/or model disagreement for this player,NO EDGE,https://www.sportsbet.com.au/betting/australian-rules/afl-brownlow-teams/hawthorn-most-votes-without-j-newcombe-10819449,2026-09-17T04:16:34.686425+00:00
PLAYER_H2H,AFL Brownlow H2H's,Jordan De Goey to outpoll Touk Miller,Jordan De Goey,,Touk Miller,,2.25,0.4444444444444444,0.10395,-34.04944444444445,-0.7661125,0.2947109734772102,0.2947109734772102,7.0,HIGH,SETTLEMENT_UNCERTAIN,non-trivial tie probability between the two players (0.062),REVIEW REQUIRED,https://www.sportsbet.com.au/betting/australian-rules/afl-brownlow-h2hs/touk-miller-v-jordan-de-goey-10911831,2026-09-17T04:16:34.686425+00:00
TEAM_TOP_POLLER,Richmond Most Votes - Without T.Taranto,Noah Balta,Noah Balta,Richmond,,,2.75,0.36363636363636365,0.021825333333333332,-34.181103030303035,-0.9399803333333333,0.2351474462272307,0.0409039656813021,6.0,MEDIUM,VERIFIED_BUT_MODEL_SENSITIVE,confidence tier MEDIUM: elevated structural-break sensitivity and/or model disagreement for this player,NO EDGE,https://www.sportsbet.com.au/betting/australian-rules/afl-brownlow-teams/richmond-most-votes-without-t-taranto-10819444,2026-09-17T04:16:34.686425+00:00
PICK_YOUR_OWN_VOTES,To poll 20 or more votes,Max Gawn,Max Gawn,,,20.0,1.27,0.7874015748031495,0.44435,-34.30515748031495,-0.4356755,3.6638325386388537,0.7559909067700943,15.0,HIGH,VERIFIED_BUT_MODEL_SENSITIVE,confidence tier HIGH: elevated structural-break sensitivity and/or model disagreement for this player,NO EDGE,https://www.sportsbet.com.au/betting/australian-rules/afl-brownlow-pick-your-own-vote/to-poll-20-or-more-votes-10865485,2026-09-17T04:16:34.686425+00:00
PLAYER_H2H,AFL Brownlow H2H's,Tim Taranto to outpoll George Hewett,Tim Taranto,,George Hewett,,1.87,0.53475935828877,0.19061,-34.414935828877,-0.6435593,0.2705413248373221,0.2705413248373221,8.0,MEDIUM,SETTLEMENT_UNCERTAIN,non-trivial tie probability between the two players (0.078),REVIEW REQUIRED,https://www.sportsbet.com.au/betting/australian-rules/afl-brownlow-h2hs/george-hewett-v-tim-taranto-10911803,2026-09-17T04:16:34.686425+00:00
PLAYER_VOTES_OU,Max Gawn Votes O/U,Over,Max Gawn,,,22.5,1.87,0.53475935828877,0.18903,-34.57293582887699,-0.6465139,3.6638325386388537,0.7559909067700943,15.0,HIGH,VERIFIED_BUT_MODEL_SENSITIVE,confidence tier HIGH: elevated structural-break sensitivity and/or model disagreement for this player,NO EDGE,https://www.sportsbet.com.au/betting/australian-rules/afl-brownlow-player-votes-o-u/max-gawn-votes-o-u-10911158,2026-09-17T04:16:34.686425+00:00
PICK_YOUR_OWN_VOTES,To poll 15 or more votes,Chad Warner,Chad Warner,,,15.0,1.11,0.9009009009009008,0.55343,-34.74709009009008,-0.3856927,0.9607790881852304,0.9607790881852304,13.0,HIGH,VERIFIED_BUT_MODEL_SENSITIVE,confidence tier HIGH: elevated structural-break sensitivity and/or model disagreement for this player,NO EDGE,https://www.sportsbet.com.au/betting/australian-rules/afl-brownlow-pick-your-own-vote/to-poll-15-or-more-votes-10865474,2026-09-17T04:16:34.686425+00:00
PICK_YOUR_OWN_VOTES,To Poll a Vote,Harris Andrews,Harris Andrews,,,1.0,1.43,0.6993006993006994,0.35039,-34.89106993006994,-0.49894230000000006,0.1034978546427036,0.0705858795238409,4.0,MEDIUM,VERIFIED_BUT_MODEL_SENSITIVE,confidence tier MEDIUM: elevated structural-break sensitivity and/or model disagreement for this player,NO EDGE,https://www.sportsbet.com.au/betting/australian-rules/afl-brownlow-pick-your-own-vote/to-poll-a-vote-10868936,2026-09-17T04:16:34.686425+00:00
TEAM_VOTES_OU,Geelong Cats Team Votes O/U,Under,,Geelong Cats,,87.5,1.87,0.53475935828877,0.18337,-35.138935828876996,-0.6570981,,,,UNKNOWN,PRICE_SUSPECT,Over and Under both priced at 1.87 - flat/templated pricing pattern shared across most team O/U markets; held out of headline value pending a market refresh,REVIEW REQUIRED — PRICE FRESHNESS,https://www.sportsbet.com.au/betting/australian-rules/afl-brownlow-team-votes-o-u/geelong-cats-team-votes-o-u-10911267,2026-09-17T04:16:34.686425+00:00
PLAYER_H2H,AFL Brownlow H2H's,Jai Newcombe to outpoll Lachie Neale,Jai Newcombe,,Lachie Neale,,2.04,0.49019607843137253,0.13878,-35.14160784313726,-0.7168888,0.1835185378956296,0.1057104600025269,14.0,MEDIUM,SETTLEMENT_UNCERTAIN,non-trivial tie probability between the two players (0.050),REVIEW REQUIRED,https://www.sportsbet.com.au/betting/australian-rules/afl-brownlow-h2hs/lachie-neale-v-jai-newcombe-10911705,2026-09-17T04:16:34.686425+00:00
PLAYER_H2H,AFL Brownlow H2H's,Nick Watson to outpoll Toby Greene,Nick Watson,,Toby Greene,,1.8,0.5555555555555556,0.19881,-35.67455555555556,-0.642142,0.6113766196934618,0.6113766196934618,9.0,HIGH,SETTLEMENT_UNCERTAIN,non-trivial tie probability between the two players (0.081),REVIEW REQUIRED,https://www.sportsbet.com.au/betting/australian-rules/afl-brownlow-h2hs/nick-watson-v-toby-greene-10911812,2026-09-17T04:16:34.686425+00:00
TEAM_TOP_POLLER,Hawthorn Most Votes - Without J.Newcombe,Nick Watson,Nick Watson,Hawthorn,,,2.75,0.36363636363636365,0.0026969999999999997,-36.09393636363637,-0.99258325,0.6113766196934618,0.6113766196934618,9.0,HIGH,VERIFIED_BUT_MODEL_SENSITIVE,confidence tier HIGH: elevated structural-break sensitivity and/or model disagreement for this player,NO EDGE,https://www.sportsbet.com.au/betting/australian-rules/afl-brownlow-teams/hawthorn-most-votes-without-j-newcombe-10819449,2026-09-17T04:16:34.686425+00:00
TEAM_VOTES_OU,West Coast Eagles Team Votes O/U,Over,,West Coast Eagles,,30.5,1.87,0.53475935828877,0.1721,-36.26593582887699,-0.6781729999999999,,,,UNKNOWN,PRICE_SUSPECT,Over and Under both priced at 1.87 - flat/templated pricing pattern shared across most team O/U markets; held out of headline value pending a market refresh,REVIEW REQUIRED — PRICE FRESHNESS,https://www.sportsbet.com.au/betting/australian-rules/afl-brownlow-team-votes-o-u/west-coast-eagles-team-votes-o-u-10911282,2026-09-17T04:16:34.686425+00:00
PICK_YOUR_OWN_VOTES,To Poll a Vote,Ryan Lester,Ryan Lester,,,1.0,1.75,0.5714285714285714,0.20789,-36.35385714285714,-0.6361924999999999,0.0715669770150414,0.0696187771240557,3.0,MEDIUM,VERIFIED_BUT_MODEL_SENSITIVE,confidence tier MEDIUM: elevated structural-break sensitivity and/or model disagreement for this player,NO EDGE,https://www.sportsbet.com.au/betting/australian-rules/afl-brownlow-pick-your-own-vote/to-poll-a-vote-10868936,2026-09-17T04:16:34.686425+00:00
PICK_YOUR_OWN_VOTES,To Poll a Vote,Brent Daniels,Brent Daniels,,,1.0,1.38,0.7246376811594204,0.36086,-36.37776811594204,-0.5020131999999999,0.0909304996524654,0.0909304996524654,4.0,MEDIUM,VERIFIED_BUT_MODEL_SENSITIVE,confidence tier MEDIUM: elevated structural-break sensitivity and/or model disagreement for this player,NO EDGE,https://www.sportsbet.com.au/betting/australian-rules/afl-brownlow-pick-your-own-vote/to-poll-a-vote-10868936,2026-09-17T04:16:34.686425+00:00
PICK_YOUR_OWN_VOTES,To Poll a Vote,Talor Byrne,Talor Byrne,,,1.0,2.12,0.4716981132075471,0.10161,-37.00881132075471,-0.7845868,0.0273793009498856,0.0247685111551235,2.0,LOW,VERIFIED,,NO EDGE,https://www.sportsbet.com.au/betting/australian-rules/afl-brownlow-pick-your-own-vote/to-poll-a-vote-10868936,2026-09-17T04:16:34.686425+00:00
PICK_YOUR_OWN_VOTES,To Poll a Vote,Beau McCreery,Beau McCreery,,,1.0,1.48,0.6756756756756757,0.30249,-37.31856756756757,-0.5523148,0.029352083793797,0.029352083793797,3.0,LOW,VERIFIED,,NO EDGE,https://www.sportsbet.com.au/betting/australian-rules/afl-brownlow-pick-your-own-vote/to-poll-a-vote-10868936,2026-09-17T04:16:34.686425+00:00
EXACTA,Brownlow Medal Exacta,Nick Daicos/Marcus Bontempelli,Nick Daicos,,Nick Daicos/Marcus Bontempelli,,2.5,0.4,0.02238,-37.762,-0.9440500000000001,0.9232905686771886,0.2331800353149589,12.0,HIGH,VERIFIED_BUT_MODEL_SENSITIVE,confidence tier HIGH: elevated structural-break sensitivity and/or model disagreement for this player,NO EDGE,https://www.sportsbet.com.au/betting/australian-rules/afl-brownlow-medal/brownlow-medal-exacta-10861171,2026-09-17T04:16:34.686425+00:00
PICK_YOUR_OWN_VOTES,To Poll a Vote,Daniel Curtin,Daniel Curtin,,,1.0,1.59,0.6289308176100629,0.2495,-37.94308176100628,-0.6032949999999999,0.0770802424750476,0.0329270100757472,3.0,MEDIUM,VERIFIED_BUT_MODEL_SENSITIVE,confidence tier MEDIUM: elevated structural-break sensitivity and/or model disagreement for this player,NO EDGE,https://www.sportsbet.com.au/betting/australian-rules/afl-brownlow-pick-your-own-vote/to-poll-a-vote-10868936,2026-09-17T04:16:34.686425+00:00
TEAM_VOTES_OU,St Kilda Team Votes O/U,Over,,St Kilda,,70.5,1.87,0.53475935828877,0.14977,-38.498935828877,-0.7199301,,,,UNKNOWN,PRICE_SUSPECT,Over and Under both priced at 1.87 - flat/templated pricing pattern shared across most team O/U markets; held out of headline value pending a market refresh,REVIEW REQUIRED — PRICE FRESHNESS,https://www.sportsbet.com.au/betting/australian-rules/afl-brownlow-team-votes-o-u/st-kilda-team-votes-o-u-10911280,2026-09-17T04:16:34.686425+00:00
TEAM_VOTES_OU,Brisbane Lions Team Votes O/U,Under,,Brisbane Lions,,87.5,1.87,0.53475935828877,0.14923,-38.552935828877,-0.7209399,,,,UNKNOWN,PRICE_SUSPECT,Over and Under both priced at 1.87 - flat/templated pricing pattern shared across most team O/U markets; held out of headline value pending a market refresh,REVIEW REQUIRED — PRICE FRESHNESS,https://www.sportsbet.com.au/betting/australian-rules/afl-brownlow-team-votes-o-u/brisbane-lions-team-votes-o-u-10911241,2026-09-17T04:16:34.686425+00:00
PLAYER_VOTES_OU,Jai Newcombe Votes O/U,Over,Jai Newcombe,,,22.5,1.87,0.53475935828877,0.14775,-38.700935828877,-0.7237075,0.1835185378956296,0.1057104600025269,14.0,MEDIUM,VERIFIED_BUT_MODEL_SENSITIVE,confidence tier MEDIUM: elevated structural-break sensitivity and/or model disagreement for this player,NO EDGE,https://www.sportsbet.com.au/betting/australian-rules/afl-brownlow-player-votes-o-u/jai-newcombe-votes-o-u-10911153,2026-09-17T04:16:34.686425+00:00
PICK_YOUR_OWN_VOTES,To poll 15 or more votes,Max Holmes,Max Holmes,,,15.0,1.18,0.8474576271186441,0.45997,-38.748762711864416,-0.45723540000000007,0.1554342434471518,0.1549760571933518,11.0,MEDIUM,VERIFIED_BUT_MODEL_SENSITIVE,confidence tier MEDIUM: elevated structural-break sensitivity and/or model disagreement for this player,NO EDGE,https://www.sportsbet.com.au/betting/australian-rules/afl-brownlow-pick-your-own-vote/to-poll-15-or-more-votes-10865474,2026-09-17T04:16:34.686425+00:00
TEAM_VOTES_OU,Port Adelaide Team Votes O/U,Over,,Port Adelaide,,53.5,1.87,0.53475935828877,0.14367,-39.108935828877,-0.7313371,,,,UNKNOWN,PRICE_SUSPECT,Over and Under both priced at 1.87 - flat/templated pricing pattern shared across most team O/U markets; held out of headline value pending a market refresh,REVIEW REQUIRED — PRICE FRESHNESS,https://www.sportsbet.com.au/betting/australian-rules/afl-brownlow-team-votes-o-u/port-adelaide-team-votes-o-u-10911274,2026-09-17T04:16:34.686425+00:00
TEAM_VOTES_OU,Western Bulldogs Team Votes O/U,Under,,Western Bulldogs,,66.5,1.87,0.53475935828877,0.14361,-39.114935828876995,-0.7314493,,,,UNKNOWN,PRICE_SUSPECT,Over and Under both priced at 1.87 - flat/templated pricing pattern shared across most team O/U markets; held out of headline value pending a market refresh,REVIEW REQUIRED — PRICE FRESHNESS,https://www.sportsbet.com.au/betting/australian-rules/afl-brownlow-team-votes-o-u/western-bulldogs-team-votes-o-u-10911283,2026-09-17T04:16:34.686425+00:00
QUINELLA,Brownlow Medal Quinella,Marcus Bontempelli/Nick Daicos,Marcus Bontempelli,,Marcus Bontempelli/Nick Daicos,,2.4,0.4166666666666667,0.02238,-39.428666666666665,-0.946288,1.5780527912117996,1.5780527912117996,13.0,HIGH,VERIFIED_BUT_MODEL_SENSITIVE,confidence tier HIGH: elevated structural-break sensitivity and/or model disagreement for this player,NO EDGE,https://www.sportsbet.com.au/betting/australian-rules/afl-brownlow-medal/brownlow-medal-quinella-10861170,2026-09-17T04:16:34.686425+00:00
PICK_YOUR_OWN_VOTES,To Poll a Vote,Oisin Mullin,Oisin Mullin,,,1.0,1.77,0.5649717514124294,0.16865,-39.63217514124294,-0.7014895,0.0196591878336818,0.0196591878336818,2.0,LOW,VERIFIED,,NO EDGE,https://www.sportsbet.com.au/betting/australian-rules/afl-brownlow-pick-your-own-vote/to-poll-a-vote-10868936,2026-09-17T04:16:34.686425+00:00
PLAYER_VOTES_OU,Nick Daicos Votes O/U,Under,Nick Daicos,,,43.5,1.87,0.53475935828877,0.12356,-41.119935828877,-0.7689428,0.9232905686771886,0.2331800353149589,12.0,HIGH,VERIFIED_BUT_MODEL_SENSITIVE,confidence tier HIGH: elevated structural-break sensitivity and/or model disagreement for this player,NO EDGE,https://www.sportsbet.com.au/betting/australian-rules/afl-brownlow-player-votes-o-u/nick-daicos-votes-o-u-10911131,2026-09-17T04:16:34.686425+00:00
PICK_YOUR_OWN_VOTES,To poll 15 or more votes,Harley Reid,Harley Reid,,,15.0,1.67,0.5988023952095809,0.17977,-41.90323952095809,-0.6997841,0.7026048480023626,0.3944029295423981,12.0,HIGH,VERIFIED_BUT_MODEL_SENSITIVE,confidence tier HIGH: elevated structural-break sensitivity and/or model disagreement for this player,NO EDGE,https://www.sportsbet.com.au/betting/australian-rules/afl-brownlow-pick-your-own-vote/to-poll-15-or-more-votes-10865474,2026-09-17T04:16:34.686425+00:00
PLAYER_H2H,AFL Brownlow H2H's,Kysaiah Pickett to outpoll Zak Butters,Kysaiah Pickett,,Zak Butters,,1.87,0.53475935828877,0.11353,-42.122935828877,-0.7876989,0.0813679360765249,0.0411218884956916,10.0,MEDIUM,SETTLEMENT_UNCERTAIN,non-trivial tie probability between the two players (0.053),REVIEW REQUIRED,https://www.sportsbet.com.au/betting/australian-rules/afl-brownlow-h2hs/kysaiah-pickett-v-zak-butters-10911762,2026-09-17T04:16:34.686425+00:00
PLAYER_VOTES_OU,Marcus Bontempelli Votes O/U,Over,Marcus Bontempelli,,,30.5,1.87,0.53475935828877,0.1072,-42.75593582887699,-0.799536,1.5780527912117996,1.5780527912117996,13.0,HIGH,VERIFIED_BUT_MODEL_SENSITIVE,confidence tier HIGH: elevated structural-break sensitivity and/or model disagreement for this player,NO EDGE,https://www.sportsbet.com.au/betting/australian-rules/afl-brownlow-player-votes-o-u/marcus-bontempelli-votes-o-u-10911135,2026-09-17T04:16:34.686425+00:00
PICK_YOUR_OWN_VOTES,To Poll a Vote,Jarrod Witts,Jarrod Witts,,,1.0,1.11,0.9009009009009008,0.47061,-43.02909009009008,-0.47762289999999996,0.4688712170408866,0.0393913886042853,3.0,HIGH,VERIFIED_BUT_MODEL_SENSITIVE,confidence tier HIGH: elevated structural-break sensitivity and/or model disagreement for this player,NO EDGE,https://www.sportsbet.com.au/betting/australian-rules/afl-brownlow-pick-your-own-vote/to-poll-a-vote-10868936,2026-09-17T04:16:34.686425+00:00
PLAYER_VOTES_OU,Luke Jackson Votes O/U,Over,Luke Jackson,,,17.5,1.87,0.53475935828877,0.09982,-43.49393582887699,-0.8133366,1.907590918545143,1.3768516536469768,14.0,HIGH,VERIFIED_BUT_MODEL_SENSITIVE,confidence tier HIGH: elevated structural-break sensitivity and/or model disagreement for this player,NO EDGE,https://www.sportsbet.com.au/betting/australian-rules/afl-brownlow-player-votes-o-u/luke-jackson-votes-o-u-10911200,2026-09-17T04:16:34.686425+00:00
TEAM_TOP_POLLER,Gold Coast SUNS Most Votes,Matt Rowell,Matt Rowell,Gold Coast SUNS,,,1.91,0.5235602094240838,0.0850715,-43.84887094240838,-0.837513435,0.754627699789701,0.3209752103169343,11.0,HIGH,VERIFIED_BUT_MODEL_SENSITIVE,confidence tier HIGH: elevated structural-break sensitivity and/or model disagreement for this player,NO EDGE,https://www.sportsbet.com.au/betting/australian-rules/afl-brownlow-teams/gold-coast-suns-most-votes-10819441,2026-09-17T04:16:34.686425+00:00
PICK_YOUR_OWN_VOTES,To poll 15 or more votes,Errol Gulden,Errol Gulden,,,15.0,1.08,0.9259259259259258,0.48177,-44.41559259259258,-0.4796884,0.0719932561782137,0.062356295497624,7.0,MEDIUM,VERIFIED_BUT_MODEL_SENSITIVE,confidence tier MEDIUM: elevated structural-break sensitivity and/or model disagreement for this player,NO EDGE,https://www.sportsbet.com.au/betting/australian-rules/afl-brownlow-pick-your-own-vote/to-poll-15-or-more-votes-10865474,2026-09-17T04:16:34.686425+00:00
PICK_YOUR_OWN_VOTES,To Poll a Vote,Phoenix Gothard,Phoenix Gothard,,,1.0,1.65,0.6060606060606061,0.1582,-44.78606060606061,-0.73897,0.1099289891565279,0.0846441723492718,3.0,MEDIUM,VERIFIED_BUT_MODEL_SENSITIVE,confidence tier MEDIUM: elevated structural-break sensitivity and/or model disagreement for this player,NO EDGE,https://www.sportsbet.com.au/betting/australian-rules/afl-brownlow-pick-your-own-vote/to-poll-a-vote-10868936,2026-09-17T04:16:34.686425+00:00
PICK_YOUR_OWN_VOTES,To Poll a Vote,Patrick Retschko,Patrick Retschko,,,1.0,1.89,0.5291005291005292,0.0708,-45.83005291005292,-0.866188,0.0052191408174988,0.0052191408174988,1.0,LOW,VERIFIED,,NO EDGE,https://www.sportsbet.com.au/betting/australian-rules/afl-brownlow-pick-your-own-vote/to-poll-a-vote-10868936,2026-09-17T04:16:34.686425+00:00
PLAYER_VOTES_OU,Zak Butters Votes O/U,Under,Zak Butters,,,18.5,1.87,0.53475935828877,0.06817,-46.658935828877,-0.8725221,6.428976510436936,4.498847565358734,13.0,HIGH,VERIFIED_BUT_MODEL_SENSITIVE,confidence tier HIGH: elevated structural-break sensitivity and/or model disagreement for this player,NO EDGE,https://www.sportsbet.com.au/betting/australian-rules/afl-brownlow-player-votes-o-u/zak-butters-votes-o-u-10911175,2026-09-17T04:16:34.686425+00:00
PICK_YOUR_OWN_VOTES,To poll 15 or more votes,Luke Jackson,Luke Jackson,,,15.0,1.29,0.7751937984496123,0.30042,-47.477379844961234,-0.6124582,1.907590918545143,1.3768516536469768,14.0,HIGH,VERIFIED_BUT_MODEL_SENSITIVE,confidence tier HIGH: elevated structural-break sensitivity and/or model disagreement for this player,NO EDGE,https://www.sportsbet.com.au/betting/australian-rules/afl-brownlow-pick-your-own-vote/to-poll-15-or-more-votes-10865474,2026-09-17T04:16:34.686425+00:00
PICK_YOUR_OWN_VOTES,To Poll a Vote,Reuben Ginbey,Reuben Ginbey,,,1.0,1.51,0.6622516556291391,0.16785,-49.44016556291391,-0.7465465,0.0961687402082641,0.0928533325424338,3.0,MEDIUM,VERIFIED_BUT_MODEL_SENSITIVE,confidence tier MEDIUM: elevated structural-break sensitivity and/or model disagreement for this player,NO EDGE,https://www.sportsbet.com.au/betting/australian-rules/afl-brownlow-pick-your-own-vote/to-poll-a-vote-10868936,2026-09-17T04:16:34.686425+00:00
PICK_YOUR_OWN_VOTES,To Poll a Vote,Gryan Miers,Gryan Miers,,,1.0,1.1,0.9090909090909091,0.40807,-50.102090909090904,-0.551123,0.1013263393437963,0.0870548865185243,3.0,MEDIUM,VERIFIED_BUT_MODEL_SENSITIVE,confidence tier MEDIUM: elevated structural-break sensitivity and/or model disagreement for this player,NO EDGE,https://www.sportsbet.com.au/betting/australian-rules/afl-brownlow-pick-your-own-vote/to-poll-a-vote-10868936,2026-09-17T04:16:34.686425+00:00
PICK_YOUR_OWN_VOTES,To poll 20 or more votes,Jai Newcombe,Jai Newcombe,,,20.0,1.1,0.9090909090909091,0.40119,-50.7900909090909,-0.558691,0.1835185378956296,0.1057104600025269,14.0,MEDIUM,VERIFIED_BUT_MODEL_SENSITIVE,confidence tier MEDIUM: elevated structural-break sensitivity and/or model disagreement for this player,NO EDGE,https://www.sportsbet.com.au/betting/australian-rules/afl-brownlow-pick-your-own-vote/to-poll-20-or-more-votes-10865485,2026-09-17T04:16:34.686425+00:00
TEAM_TOP_POLLER,West Coast Eagles Most Votes - Without H.Reid,Tim Kelly,Tim Kelly,West Coast Eagles,,,1.91,0.5235602094240838,0.013918333333333333,-50.96418760907504,-0.9734159833333333,0.2827838351588494,0.2491043066737241,8.0,MEDIUM,VERIFIED_BUT_MODEL_SENSITIVE,confidence tier MEDIUM: elevated structural-break sensitivity and/or model disagreement for this player,NO EDGE,https://www.sportsbet.com.au/betting/australian-rules/afl-brownlow-teams/west-coast-eagles-most-votes-without-h-reid-10819450,2026-09-17T04:16:34.686425+00:00
PICK_YOUR_OWN_VOTES,To poll 10 or more votes,Matt Rowell,Matt Rowell,,,10.0,1.09,0.9174311926605504,0.40621,-51.12211926605503,-0.5572310999999999,0.754627699789701,0.3209752103169343,11.0,HIGH,VERIFIED_BUT_MODEL_SENSITIVE,confidence tier HIGH: elevated structural-break sensitivity and/or model disagreement for this player,NO EDGE,https://www.sportsbet.com.au/betting/australian-rules/afl-brownlow-pick-your-own-vote/to-poll-10-or-more-votes-10865473,2026-09-17T04:16:34.686425+00:00
PICK_YOUR_OWN_VOTES,To Poll a Vote,Matthew Carroll,Matthew Carroll,,,1.0,1.19,0.8403361344537815,0.29088,-54.94561344537815,-0.6538527999999999,0.1274580970443926,0.1274580970443926,3.0,MEDIUM,REVIEW_REQUIRED,"player 'Matthew Carroll' matched only via surname+initial fallback, not an exact name match",REVIEW REQUIRED,https://www.sportsbet.com.au/betting/australian-rules/afl-brownlow-pick-your-own-vote/to-poll-a-vote-10868936,2026-09-17T04:16:34.686425+00:00
PICK_YOUR_OWN_VOTES,To Poll a Vote,Caleb Windsor,Caleb Windsor,,,1.0,1.16,0.8620689655172414,0.31191,-55.01589655172414,-0.6381844,0.1064915350133915,0.0725728099477261,3.0,MEDIUM,VERIFIED_BUT_MODEL_SENSITIVE,confidence tier MEDIUM: elevated structural-break sensitivity and/or model disagreement for this player,NO EDGE,https://www.sportsbet.com.au/betting/australian-rules/afl-brownlow-pick-your-own-vote/to-poll-a-vote-10868936,2026-09-17T04:16:34.686425+00:00
PICK_YOUR_OWN_VOTES,To poll 10 or more votes,Jagga Smith,Jagga Smith,,,10.0,1.59,0.6289308176100629,0.07458,-55.43508176100629,-0.8814178,0.1660428696308908,0.1407502322594851,10.0,MEDIUM,VERIFIED_BUT_MODEL_SENSITIVE,confidence tier MEDIUM: elevated structural-break sensitivity and/or model disagreement for this player,NO EDGE,https://www.sportsbet.com.au/betting/australian-rules/afl-brownlow-pick-your-own-vote/to-poll-10-or-more-votes-10865473,2026-09-17T04:16:34.686425+00:00
TOP_N,Top 3 Finish (Includes Ineligible),Marcus Bontempelli,Marcus Bontempelli,,,3.0,1.15,0.8695652173913044,0.29868,-57.088521739130435,-0.656518,1.5780527912117996,1.5780527912117996,13.0,HIGH,VERIFIED_BUT_MODEL_SENSITIVE,confidence tier HIGH: elevated structural-break sensitivity and/or model disagreement for this player,NO EDGE,https://www.sportsbet.com.au/betting/australian-rules/afl-brownlow-medal/top-3-finish-includes-ineligible--10804244,2026-09-17T04:16:34.686425+00:00
PLAYER_H2H,AFL Brownlow H2H's,Murphy Reid to outpoll Max Hall,Murphy Reid,,Max Hall,,1.5,0.6666666666666666,0.08565,-58.10166666666666,-0.871525,0.5929379360443345,0.5667751825253351,11.0,HIGH,SETTLEMENT_UNCERTAIN,non-trivial tie probability between the two players (0.045),REVIEW REQUIRED,https://www.sportsbet.com.au/betting/australian-rules/afl-brownlow-h2hs/murphy-reid-v-max-hall-10911800,2026-09-17T04:16:34.686425+00:00
PICK_YOUR_OWN_VOTES,To Poll a Vote,Mark Keane,Mark Keane,,,1.0,1.27,0.7874015748031495,0.17684,-61.05615748031495,-0.7754132,0.0937171237300791,0.0806241683573188,3.0,MEDIUM,VERIFIED_BUT_MODEL_SENSITIVE,confidence tier MEDIUM: elevated structural-break sensitivity and/or model disagreement for this player,NO EDGE,https://www.sportsbet.com.au/betting/australian-rules/afl-brownlow-pick-your-own-vote/to-poll-a-vote-10868936,2026-09-17T04:16:34.686425+00:00
PICK_YOUR_OWN_VOTES,To poll 30 or more votes,Marcus Bontempelli,Marcus Bontempelli,,,30.0,1.28,0.78125,0.16832,-61.293,-0.7845504,1.5780527912117996,1.5780527912117996,13.0,HIGH,VERIFIED_BUT_MODEL_SENSITIVE,confidence tier HIGH: elevated structural-break sensitivity and/or model disagreement for this player,NO EDGE,https://www.sportsbet.com.au/betting/australian-rules/afl-brownlow-pick-your-own-vote/to-poll-30-or-more-votes-10865488,2026-09-17T04:16:34.686425+00:00
PICK_YOUR_OWN_VOTES,To poll 10 or more votes,Murphy Reid,Murphy Reid,,,10.0,1.33,0.7518796992481203,0.13851,-61.336969924812024,-0.8157817,0.5929379360443345,0.5667751825253351,11.0,HIGH,VERIFIED_BUT_MODEL_SENSITIVE,confidence tier HIGH: elevated structural-break sensitivity and/or model disagreement for this player,NO EDGE,https://www.sportsbet.com.au/betting/australian-rules/afl-brownlow-pick-your-own-vote/to-poll-10-or-more-votes-10865473,2026-09-17T04:16:34.686425+00:00
TEAM_TOP_POLLER,Collingwood Most Votes - Without N.Daicos,Jordan De Goey,Jordan De Goey,Collingwood,,,1.62,0.6172839506172839,0.0,-61.72839506172839,-1.0,0.2947109734772102,0.2947109734772102,7.0,HIGH,VERIFIED_BUT_MODEL_SENSITIVE,confidence tier HIGH: elevated structural-break sensitivity and/or model disagreement for this player,NO EDGE,https://www.sportsbet.com.au/betting/australian-rules/afl-brownlow-teams/collingwood-most-votes-without-n-daicos-10819433,2026-09-17T04:16:34.686425+00:00
PICK_YOUR_OWN_VOTES,To Poll a Vote,Milan Murdock,Milan Murdock,,,1.0,1.43,0.6993006993006994,0.03847,-66.08306993006994,-0.9449879,0.0160867434597213,0.0160867434597213,1.0,LOW,VERIFIED,,NO EDGE,https://www.sportsbet.com.au/betting/australian-rules/afl-brownlow-pick-your-own-vote/to-poll-a-vote-10868936,2026-09-17T04:16:34.686425+00:00
TEAM_TOP_POLLER,Geelong Cats Most Votes - Without B.Smith/M.Holmes,Shaun Mannagh,Shaun Mannagh,Geelong Cats,,,1.2,0.8333333333333334,0.0,-83.33333333333334,-1.0,0.2194898352234258,0.1765295810385936,8.0,MEDIUM,VERIFIED_BUT_MODEL_SENSITIVE,confidence tier MEDIUM: elevated structural-break sensitivity and/or model disagreement for this player,NO EDGE,https://www.sportsbet.com.au/betting/australian-rules/afl-brownlow-teams/geelong-cats-most-votes-without-b-smith-m-holmes-10819442,2026-09-17T04:16:34.686425+00:00
