season,round,round_label,match_id,afl_match_id,date,home_team,away_team,player_id,afl_player_id,player_name,player_team,player_team_abbr,actual_brownlow_votes,eligible,identity_status
2026,0,Opening Round,2026_R0_sydney_v_carlton_2026-03-05,CD_M20260140001,2026-03-05,sydney,carlton,12711,CD_I1011936,Justin McInerney,sydney,SYD,3,True,resolved
2026,0,Opening Round,2026_R0_sydney_v_carlton_2026-03-05,CD_M20260140001,2026-03-05,sydney,carlton,12862,CD_I1013128,Errol Gulden,sydney,SYD,2,True,resolved
2026,0,Opening Round,2026_R0_sydney_v_carlton_2026-03-05,CD_M20260140001,2026-03-05,sydney,carlton,12217,CD_I293957,Brodie Grundy,sydney,SYD,1,True,resolved
2026,0,Opening Round,2026_R0_gold_coast_v_geelong_2026-03-06,CD_M20260140002,2026-03-06,gold_coast,geelong,12430,CD_I298210,Christian Petracca,gold_coast,GCFC,3,True,resolved
2026,0,Opening Round,2026_R0_gold_coast_v_geelong_2026-03-06,CD_M20260140002,2026-03-06,gold_coast,geelong,12743,CD_I1000072,John Noble,gold_coast,GCFC,2,True,resolved
2026,0,Opening Round,2026_R0_gold_coast_v_geelong_2026-03-06,CD_M20260140002,2026-03-06,gold_coast,geelong,13049,CD_I1023500,Bailey Humphrey,gold_coast,GCFC,1,False,resolved
2026,0,Opening Round,2026_R0_brisbane_lions_v_western_bulldogs_2026-03-07,CD_M20260140004,2026-03-07,brisbane_lions,western_bulldogs,12605,CD_I1008280,Ed Richards,western_bulldogs,WB,3,True,resolved
2026,0,Opening Round,2026_R0_brisbane_lions_v_western_bulldogs_2026-03-07,CD_M20260140004,2026-03-07,brisbane_lions,western_bulldogs,12055,CD_I293535,Lachie Neale,brisbane_lions,BL,2,True,resolved
2026,0,Opening Round,2026_R0_brisbane_lions_v_western_bulldogs_2026-03-07,CD_M20260140004,2026-03-07,brisbane_lions,western_bulldogs,12269,CD_I297373,Marcus Bontempelli,western_bulldogs,WB,1,True,resolved
2026,0,Opening Round,2026_R0_greater_western_sydney_v_hawthorn_2026-03-07,CD_M20260140003,2026-03-07,greater_western_sydney,hawthorn,12167,CD_I293884,Jake Stringer,greater_western_sydney,GWS,3,True,resolved
2026,0,Opening Round,2026_R0_greater_western_sydney_v_hawthorn_2026-03-07,CD_M20260140003,2026-03-07,greater_western_sydney,hawthorn,12410,CD_I996701,Clayton Oliver,greater_western_sydney,GWS,2,True,resolved
2026,0,Opening Round,2026_R0_greater_western_sydney_v_hawthorn_2026-03-07,CD_M20260140003,2026-03-07,greater_western_sydney,hawthorn,12969,CD_I1023266,Finn Callaghan,greater_western_sydney,GWS,1,True,resolved
2026,0,Opening Round,2026_R0_st_kilda_v_collingwood_2026-03-08,CD_M20260140005,2026-03-08,st_kilda,collingwood,12943,CD_I1023261,Nick Daicos,collingwood,COLL,3,True,resolved
2026,0,Opening Round,2026_R0_st_kilda_v_collingwood_2026-03-08,CD_M20260140005,2026-03-08,st_kilda,collingwood,12703,CD_I296422,Callum Wilkie,st_kilda,STK,2,True,resolved
2026,0,Opening Round,2026_R0_st_kilda_v_collingwood_2026-03-08,CD_M20260140005,2026-03-08,st_kilda,collingwood,12061,CD_I293871,Jack Crisp,collingwood,COLL,1,True,resolved
2026,1,Round 1,2026_R1_carlton_v_richmond_2026-03-12,CD_M20260140101,2026-03-12,carlton,richmond,13274,CD_I1028515,Jagga Smith,carlton,CARL,3,True,resolved
2026,1,Round 1,2026_R1_carlton_v_richmond_2026-03-12,CD_M20260140101,2026-03-12,carlton,richmond,12261,CD_I990704,Patrick Cripps,carlton,CARL,2,True,resolved
2026,1,Round 1,2026_R1_carlton_v_richmond_2026-03-12,CD_M20260140101,2026-03-12,carlton,richmond,12504,CD_I998172,Tim Taranto,richmond,RICH,1,True,resolved
2026,1,Round 1,2026_R1_essendon_v_hawthorn_2026-03-13,CD_M20260140102,2026-03-13,essendon,hawthorn,12954,CD_I1017094,Connor Macdonald,hawthorn,HAW,3,True,resolved
2026,1,Round 1,2026_R1_essendon_v_hawthorn_2026-03-13,CD_M20260140102,2026-03-13,essendon,hawthorn,13105,CD_I1023473,Nick Watson,hawthorn,HAW,2,True,resolved
2026,1,Round 1,2026_R1_essendon_v_hawthorn_2026-03-13,CD_M20260140102,2026-03-13,essendon,hawthorn,11845,CD_I291351,Jack Gunston,hawthorn,HAW,1,True,resolved
2026,1,Round 1,2026_R1_collingwood_v_adelaide_2026-03-14,CD_M20260140106,2026-03-14,collingwood,adelaide,12943,CD_I1023261,Nick Daicos,collingwood,COLL,3,True,resolved
2026,1,Round 1,2026_R1_collingwood_v_adelaide_2026-03-14,CD_M20260140106,2026-03-14,collingwood,adelaide,12892,CD_I1008384,Riley Thilthorpe,adelaide,ADEL,2,False,resolved
2026,1,Round 1,2026_R1_collingwood_v_adelaide_2026-03-14,CD_M20260140106,2026-03-14,collingwood,adelaide,12367,CD_I296420,Alex Neal-Bullen,adelaide,ADEL,1,True,resolved
2026,1,Round 1,2026_R1_geelong_v_fremantle_2026-03-14,CD_M20260140104,2026-03-14,geelong,fremantle,12779,CD_I1009399,Luke Jackson,fremantle,FRE,3,True,resolved
2026,1,Round 1,2026_R1_geelong_v_fremantle_2026-03-14,CD_M20260140104,2026-03-14,geelong,fremantle,12881,CD_I1015889,Max Holmes,geelong,GEEL,2,True,resolved
2026,1,Round 1,2026_R1_geelong_v_fremantle_2026-03-14,CD_M20260140104,2026-03-14,geelong,fremantle,12786,CD_I1009420,Caleb Serong,fremantle,FRE,1,True,resolved
2026,1,Round 1,2026_R1_sydney_v_brisbane_lions_2026-03-14,CD_M20260140105,2026-03-14,sydney,brisbane_lions,12627,CD_I1008198,Tom McCartin,sydney,SYD,3,True,resolved
2026,1,Round 1,2026_R1_sydney_v_brisbane_lions_2026-03-14,CD_M20260140105,2026-03-14,sydney,brisbane_lions,13195,CD_I1008224,Riley Bice,sydney,SYD,2,True,resolved
2026,1,Round 1,2026_R1_sydney_v_brisbane_lions_2026-03-14,CD_M20260140105,2026-03-14,sydney,brisbane_lions,12844,CD_I1008091,Joel Amartey,sydney,SYD,1,True,resolved
2026,1,Round 1,2026_R1_western_bulldogs_v_greater_western_sydney_2026-03-14,CD_M20260140103,2026-03-14,western_bulldogs,greater_western_sydney,12269,CD_I297373,Marcus Bontempelli,western_bulldogs,WB,3,True,resolved
2026,1,Round 1,2026_R1_western_bulldogs_v_greater_western_sydney_2026-03-14,CD_M20260140103,2026-03-14,western_bulldogs,greater_western_sydney,12594,CD_I1002404,Aaron Naughton,western_bulldogs,WB,2,True,resolved
2026,1,Round 1,2026_R1_western_bulldogs_v_greater_western_sydney_2026-03-14,CD_M20260140103,2026-03-14,western_bulldogs,greater_western_sydney,12537,CD_I1004592,Tim English,western_bulldogs,WB,1,True,resolved
2026,1,Round 1,2026_R1_gold_coast_v_west_coast_2026-03-15,CD_M20260140109,2026-03-15,gold_coast,west_coast,12430,CD_I298210,Christian Petracca,gold_coast,GCFC,3,True,resolved
2026,1,Round 1,2026_R1_gold_coast_v_west_coast_2026-03-15,CD_M20260140109,2026-03-15,gold_coast,west_coast,12767,CD_I1009199,Noah Anderson,gold_coast,GCFC,2,True,resolved
2026,1,Round 1,2026_R1_gold_coast_v_west_coast_2026-03-15,CD_M20260140109,2026-03-15,gold_coast,west_coast,12728,CD_I1006144,Ben King,gold_coast,GCFC,1,True,resolved
2026,1,Round 1,2026_R1_melbourne_v_st_kilda_2026-03-15,CD_M20260140108,2026-03-15,melbourne,st_kilda,13193,CD_I1020855,Max Hall,st_kilda,STK,3,True,resolved
2026,1,Round 1,2026_R1_melbourne_v_st_kilda_2026-03-15,CD_M20260140108,2026-03-15,melbourne,st_kilda,13048,CD_I1017720,Jacob van Rooyen,melbourne,MELB,2,False,resolved
2026,1,Round 1,2026_R1_melbourne_v_st_kilda_2026-03-15,CD_M20260140108,2026-03-15,melbourne,st_kilda,11966,CD_I290528,Max Gawn,melbourne,MELB,1,True,resolved
2026,1,Round 1,2026_R1_north_melbourne_v_port_adelaide_2026-03-15,CD_M20260140107,2026-03-15,north_melbourne,port_adelaide,12590,CD_I1002267,Luke Davies-Uniacke,north_melbourne,NMFC,3,True,resolved
2026,1,Round 1,2026_R1_north_melbourne_v_port_adelaide_2026-03-15,CD_M20260140107,2026-03-15,north_melbourne,port_adelaide,12796,CD_I1004848,Dylan Stephens,north_melbourne,NMFC,2,True,resolved
2026,1,Round 1,2026_R1_north_melbourne_v_port_adelaide_2026-03-15,CD_M20260140107,2026-03-15,north_melbourne,port_adelaide,13034,CD_I1023518,Harry Sheezel,north_melbourne,NMFC,1,True,resolved
2026,2,Round 2,2026_R2_hawthorn_v_sydney_2026-03-19,CD_M20260140201,2026-03-19,hawthorn,sydney,12915,CD_I1020895,Jai Newcombe,hawthorn,HAW,3,True,resolved
2026,2,Round 2,2026_R2_hawthorn_v_sydney_2026-03-19,CD_M20260140201,2026-03-19,hawthorn,sydney,12710,CD_I1006314,Dylan Moore,hawthorn,HAW,2,False,resolved
2026,2,Round 2,2026_R2_hawthorn_v_sydney_2026-03-19,CD_M20260140201,2026-03-19,hawthorn,sydney,12383,CD_I990290,Tom Barrass,hawthorn,HAW,1,True,resolved
2026,2,Round 2,2026_R2_adelaide_v_western_bulldogs_2026-03-20,CD_M20260140202,2026-03-20,adelaide,western_bulldogs,13140,CD_I1027704,Joel Freijah,western_bulldogs,WB,3,True,resolved
2026,2,Round 2,2026_R2_adelaide_v_western_bulldogs_2026-03-20,CD_M20260140202,2026-03-20,adelaide,western_bulldogs,12269,CD_I297373,Marcus Bontempelli,western_bulldogs,WB,2,True,resolved
2026,2,Round 2,2026_R2_adelaide_v_western_bulldogs_2026-03-20,CD_M20260140202,2026-03-20,adelaide,western_bulldogs,12605,CD_I1008280,Ed Richards,western_bulldogs,WB,1,True,resolved
2026,2,Round 2,2026_R2_fremantle_v_melbourne_2026-03-21,CD_M20260140205,2026-03-21,fremantle,melbourne,12535,CD_I993993,Shai Bolton,fremantle,FRE,3,True,resolved
2026,2,Round 2,2026_R2_fremantle_v_melbourne_2026-03-21,CD_M20260140205,2026-03-21,fremantle,melbourne,12589,CD_I1002232,Andrew Brayshaw,fremantle,FRE,2,True,resolved
2026,2,Round 2,2026_R2_fremantle_v_melbourne_2026-03-21,CD_M20260140205,2026-03-21,fremantle,melbourne,12887,CD_I1012819,Josh Treacy,fremantle,FRE,1,True,resolved
2026,2,Round 2,2026_R2_greater_western_sydney_v_st_kilda_2026-03-21,CD_M20260140204,2026-03-21,greater_western_sydney,st_kilda,12703,CD_I296422,Callum Wilkie,st_kilda,STK,3,True,resolved
2026,2,Round 2,2026_R2_greater_western_sydney_v_st_kilda_2026-03-21,CD_M20260140204,2026-03-21,greater_western_sydney,st_kilda,12410,CD_I996701,Clayton Oliver,greater_western_sydney,GWS,2,True,resolved
2026,2,Round 2,2026_R2_greater_western_sydney_v_st_kilda_2026-03-21,CD_M20260140204,2026-03-21,greater_western_sydney,st_kilda,12782,CD_I1009253,Lachie Ash,greater_western_sydney,GWS,1,True,resolved
2026,2,Round 2,2026_R2_richmond_v_gold_coast_2026-03-21,CD_M20260140203,2026-03-21,richmond,gold_coast,12728,CD_I1006144,Ben King,gold_coast,GCFC,3,True,resolved
2026,2,Round 2,2026_R2_richmond_v_gold_coast_2026-03-21,CD_M20260140203,2026-03-21,richmond,gold_coast,12331,CD_I298272,Touk Miller,gold_coast,GCFC,2,True,resolved
2026,2,Round 2,2026_R2_richmond_v_gold_coast_2026-03-21,CD_M20260140203,2026-03-21,richmond,gold_coast,13041,CD_I1017665,Bodhi Uwland,gold_coast,GCFC,1,True,resolved
2026,2,Round 2,2026_R2_port_adelaide_v_essendon_2026-03-22,CD_M20260140206,2026-03-22,port_adelaide,essendon,12698,CD_I1006121,Zak Butters,port_adelaide,PORT,3,True,resolved
2026,2,Round 2,2026_R2_port_adelaide_v_essendon_2026-03-22,CD_M20260140206,2026-03-22,port_adelaide,essendon,12956,CD_I1011640,Jason Horne-Francis,port_adelaide,PORT,2,False,resolved
2026,2,Round 2,2026_R2_port_adelaide_v_essendon_2026-03-22,CD_M20260140206,2026-03-22,port_adelaide,essendon,12433,CD_I294469,Aliir Aliir,port_adelaide,PORT,1,True,resolved
2026,2,Round 2,2026_R2_west_coast_v_north_melbourne_2026-03-22,CD_M20260140207,2026-03-22,west_coast,north_melbourne,13034,CD_I1023518,Harry Sheezel,north_melbourne,NMFC,3,True,resolved
2026,2,Round 2,2026_R2_west_coast_v_north_melbourne_2026-03-22,CD_M20260140207,2026-03-22,west_coast,north_melbourne,13111,CD_I1023492,Harley Reid,west_coast,WCE,2,False,resolved
2026,2,Round 2,2026_R2_west_coast_v_north_melbourne_2026-03-22,CD_M20260140207,2026-03-22,west_coast,north_melbourne,12563,CD_I1001017,Nick Larkey,north_melbourne,NMFC,1,True,resolved
2026,3,Round 3,2026_R3_geelong_v_adelaide_2026-03-26,CD_M20260140301,2026-03-26,geelong,adelaide,12692,CD_I1006130,Bailey Smith,geelong,GEEL,3,True,resolved
2026,3,Round 3,2026_R3_geelong_v_adelaide_2026-03-26,CD_M20260140301,2026-03-26,geelong,adelaide,12953,CD_I1017051,Josh Rachele,adelaide,ADEL,2,True,resolved
2026,3,Round 3,2026_R3_geelong_v_adelaide_2026-03-26,CD_M20260140301,2026-03-26,geelong,adelaide,12881,CD_I1015889,Max Holmes,geelong,GEEL,1,True,resolved
2026,3,Round 3,2026_R3_collingwood_v_greater_western_sydney_2026-03-27,CD_M20260140302,2026-03-27,collingwood,greater_western_sydney,12943,CD_I1023261,Nick Daicos,collingwood,COLL,3,True,resolved
2026,3,Round 3,2026_R3_collingwood_v_greater_western_sydney_2026-03-27,CD_M20260140302,2026-03-27,collingwood,greater_western_sydney,11751,CD_I280965,Steele Sidebottom,collingwood,COLL,2,True,resolved
2026,3,Round 3,2026_R3_collingwood_v_greater_western_sydney_2026-03-27,CD_M20260140302,2026-03-27,collingwood,greater_western_sydney,12300,CD_I294596,Tim Membrey,collingwood,COLL,1,True,resolved
2026,3,Round 3,2026_R3_essendon_v_north_melbourne_2026-03-28,CD_M20260140305,2026-03-28,essendon,north_melbourne,11953,CD_I290778,Luke Parker,north_melbourne,NMFC,3,True,resolved
2026,3,Round 3,2026_R3_essendon_v_north_melbourne_2026-03-28,CD_M20260140305,2026-03-28,essendon,north_melbourne,13107,CD_I1024272,Colby McKercher,north_melbourne,NMFC,2,True,resolved
2026,3,Round 3,2026_R3_essendon_v_north_melbourne_2026-03-28,CD_M20260140305,2026-03-28,essendon,north_melbourne,13034,CD_I1023518,Harry Sheezel,north_melbourne,NMFC,1,True,resolved
2026,3,Round 3,2026_R3_fremantle_v_richmond_2026-03-28,CD_M20260140304,2026-03-28,fremantle,richmond,12786,CD_I1009420,Caleb Serong,fremantle,FRE,3,True,resolved
2026,3,Round 3,2026_R3_fremantle_v_richmond_2026-03-28,CD_M20260140304,2026-03-28,fremantle,richmond,12887,CD_I1012819,Josh Treacy,fremantle,FRE,2,True,resolved
2026,3,Round 3,2026_R3_fremantle_v_richmond_2026-03-28,CD_M20260140304,2026-03-28,fremantle,richmond,12535,CD_I993993,Shai Bolton,fremantle,FRE,1,True,resolved
2026,3,Round 3,2026_R3_st_kilda_v_brisbane_lions_2026-03-28,CD_M20260140303,2026-03-28,st_kilda,brisbane_lions,12519,CD_I998133,Jarrod Berry,brisbane_lions,BL,3,True,resolved
2026,3,Round 3,2026_R3_st_kilda_v_brisbane_lions_2026-03-28,CD_M20260140303,2026-03-28,st_kilda,brisbane_lions,13040,CD_I1023517,Will Ashcroft,brisbane_lions,BL,2,True,resolved
2026,3,Round 3,2026_R3_st_kilda_v_brisbane_lions_2026-03-28,CD_M20260140303,2026-03-28,st_kilda,brisbane_lions,13197,CD_I1028560,Levi Ashcroft,brisbane_lions,BL,1,True,resolved
2026,3,Round 3,2026_R3_carlton_v_melbourne_2026-03-29,CD_M20260140307,2026-03-29,carlton,melbourne,12771,CD_I1008541,Kysaiah Pickett,melbourne,MELB,3,True,resolved
2026,3,Round 3,2026_R3_carlton_v_melbourne_2026-03-29,CD_M20260140307,2026-03-29,carlton,melbourne,11966,CD_I290528,Max Gawn,melbourne,MELB,2,True,resolved
2026,3,Round 3,2026_R3_carlton_v_melbourne_2026-03-29,CD_M20260140307,2026-03-29,carlton,melbourne,12684,CD_I1006094,Sam Walsh,carlton,CARL,1,True,resolved
2026,3,Round 3,2026_R3_port_adelaide_v_west_coast_2026-03-29,CD_M20260140306,2026-03-29,port_adelaide,west_coast,12601,CD_I996554,Jake Waterman,west_coast,WCE,3,True,resolved
2026,3,Round 3,2026_R3_port_adelaide_v_west_coast_2026-03-29,CD_M20260140306,2026-03-29,port_adelaide,west_coast,12698,CD_I1006121,Zak Butters,port_adelaide,PORT,2,True,resolved
2026,3,Round 3,2026_R3_port_adelaide_v_west_coast_2026-03-29,CD_M20260140306,2026-03-29,port_adelaide,west_coast,13111,CD_I1023492,Harley Reid,west_coast,WCE,1,False,resolved
2026,4,Round 4,2026_R4_brisbane_lions_v_collingwood_2026-04-02,CD_M20260140401,2026-04-02,brisbane_lions,collingwood,13040,CD_I1023517,Will Ashcroft,brisbane_lions,BL,3,True,resolved
2026,4,Round 4,2026_R4_brisbane_lions_v_collingwood_2026-04-02,CD_M20260140401,2026-04-02,brisbane_lions,collingwood,13137,CD_I1028019,Logan Morris,brisbane_lions,BL,2,True,resolved
2026,4,Round 4,2026_R4_brisbane_lions_v_collingwood_2026-04-02,CD_M20260140401,2026-04-02,brisbane_lions,collingwood,12610,CD_I1002312,Zac Bailey,brisbane_lions,BL,1,False,resolved
2026,4,Round 4,2026_R4_adelaide_v_fremantle_2026-04-03,CD_M20260140403,2026-04-03,adelaide,fremantle,12786,CD_I1009420,Caleb Serong,fremantle,FRE,3,True,resolved
2026,4,Round 4,2026_R4_adelaide_v_fremantle_2026-04-03,CD_M20260140403,2026-04-03,adelaide,fremantle,12934,CD_I1006013,James Peatling,adelaide,ADEL,2,True,resolved
2026,4,Round 4,2026_R4_adelaide_v_fremantle_2026-04-03,CD_M20260140403,2026-04-03,adelaide,fremantle,12589,CD_I1002232,Andrew Brayshaw,fremantle,FRE,1,True,resolved
2026,4,Round 4,2026_R4_north_melbourne_v_carlton_2026-04-03,CD_M20260140402,2026-04-03,north_melbourne,carlton,12590,CD_I1002267,Luke Davies-Uniacke,north_melbourne,NMFC,3,True,resolved
2026,4,Round 4,2026_R4_north_melbourne_v_carlton_2026-04-03,CD_M20260140402,2026-04-03,north_melbourne,carlton,13034,CD_I1023518,Harry Sheezel,north_melbourne,NMFC,2,True,resolved
2026,4,Round 4,2026_R4_north_melbourne_v_carlton_2026-04-03,CD_M20260140402,2026-04-03,north_melbourne,carlton,12417,CD_I298290,Marc Pittonet,carlton,CARL,1,True,resolved
2026,4,Round 4,2026_R4_richmond_v_port_adelaide_2026-04-04,CD_M20260140404,2026-04-04,richmond,port_adelaide,12698,CD_I1006121,Zak Butters,port_adelaide,PORT,3,True,resolved
2026,4,Round 4,2026_R4_richmond_v_port_adelaide_2026-04-04,CD_M20260140404,2026-04-04,richmond,port_adelaide,12433,CD_I294469,Aliir Aliir,port_adelaide,PORT,2,True,resolved
2026,4,Round 4,2026_R4_richmond_v_port_adelaide_2026-04-04,CD_M20260140404,2026-04-04,richmond,port_adelaide,12422,CD_I991930,Darcy Byrne-Jones,port_adelaide,PORT,1,False,resolved
2026,4,Round 4,2026_R4_west_coast_v_sydney_2026-04-04,CD_M20260140405,2026-04-04,west_coast,sydney,12217,CD_I293957,Brodie Grundy,sydney,SYD,3,True,resolved
2026,4,Round 4,2026_R4_west_coast_v_sydney_2026-04-04,CD_M20260140405,2026-04-04,west_coast,sydney,12326,CD_I298539,Isaac Heeney,sydney,SYD,2,True,resolved
2026,4,Round 4,2026_R4_west_coast_v_sydney_2026-04-04,CD_M20260140405,2026-04-04,west_coast,sydney,12797,CD_I1012014,Chad Warner,sydney,SYD,1,True,resolved_exact_full_name
2026,4,Round 4,2026_R4_melbourne_v_gold_coast_2026-04-05,CD_M20260140406,2026-04-05,melbourne,gold_coast,11966,CD_I290528,Max Gawn,melbourne,MELB,3,True,resolved
2026,4,Round 4,2026_R4_melbourne_v_gold_coast_2026-04-05,CD_M20260140406,2026-04-05,melbourne,gold_coast,12771,CD_I1008541,Kysaiah Pickett,melbourne,MELB,2,True,resolved
2026,4,Round 4,2026_R4_melbourne_v_gold_coast_2026-04-05,CD_M20260140406,2026-04-05,melbourne,gold_coast,12693,CD_I999391,Tom Sparrow,melbourne,MELB,1,True,resolved
2026,4,Round 4,2026_R4_western_bulldogs_v_essendon_2026-04-05,CD_M20260140407,2026-04-05,western_bulldogs,essendon,12269,CD_I297373,Marcus Bontempelli,western_bulldogs,WB,3,True,resolved
2026,4,Round 4,2026_R4_western_bulldogs_v_essendon_2026-04-05,CD_M20260140407,2026-04-05,western_bulldogs,essendon,12455,CD_I1001398,Matthew Kennedy,western_bulldogs,WB,2,True,resolved
2026,4,Round 4,2026_R4_western_bulldogs_v_essendon_2026-04-05,CD_M20260140407,2026-04-05,western_bulldogs,essendon,13021,CD_I1017126,Sam Darcy,western_bulldogs,WB,1,True,resolved
2026,4,Round 4,2026_R4_hawthorn_v_geelong_2026-04-06,CD_M20260140408,2026-04-06,hawthorn,geelong,12692,CD_I1006130,Bailey Smith,geelong,GEEL,3,True,resolved
2026,4,Round 4,2026_R4_hawthorn_v_geelong_2026-04-06,CD_M20260140408,2026-04-06,hawthorn,geelong,12955,CD_I1017110,Josh Ward,hawthorn,HAW,2,True,resolved
2026,4,Round 4,2026_R4_hawthorn_v_geelong_2026-04-06,CD_M20260140408,2026-04-06,hawthorn,geelong,12954,CD_I1017094,Connor Macdonald,hawthorn,HAW,1,True,resolved
2026,5,Round 5,2026_R5_adelaide_v_carlton_2026-04-09,CD_M20260140501,2026-04-09,adelaide,carlton,12953,CD_I1017051,Josh Rachele,adelaide,ADEL,3,True,resolved
2026,5,Round 5,2026_R5_adelaide_v_carlton_2026-04-09,CD_M20260140501,2026-04-09,adelaide,carlton,12798,CD_I1001195,Izak Rankine,adelaide,ADEL,2,True,resolved
2026,5,Round 5,2026_R5_adelaide_v_carlton_2026-04-09,CD_M20260140501,2026-04-09,adelaide,carlton,12516,CD_I992242,Jordan Dawson,adelaide,ADEL,1,True,resolved
2026,5,Round 5,2026_R5_collingwood_v_fremantle_2026-04-10,CD_M20260140502,2026-04-10,collingwood,fremantle,12779,CD_I1009399,Luke Jackson,fremantle,FRE,3,True,resolved
2026,5,Round 5,2026_R5_collingwood_v_fremantle_2026-04-10,CD_M20260140502,2026-04-10,collingwood,fremantle,12061,CD_I293871,Jack Crisp,collingwood,COLL,2,True,resolved
2026,5,Round 5,2026_R5_collingwood_v_fremantle_2026-04-10,CD_M20260140502,2026-04-10,collingwood,fremantle,12943,CD_I1023261,Nick Daicos,collingwood,COLL,1,True,resolved
2026,5,Round 5,2026_R5_essendon_v_melbourne_2026-04-11,CD_M20260140504,2026-04-11,essendon,melbourne,12406,CD_I993817,Darcy Parish,essendon,ESS,3,True,resolved
2026,5,Round 5,2026_R5_essendon_v_melbourne_2026-04-11,CD_M20260140504,2026-04-11,essendon,melbourne,12241,CD_I992016,Zach Merrett,essendon,ESS,2,True,resolved
2026,5,Round 5,2026_R5_essendon_v_melbourne_2026-04-11,CD_M20260140504,2026-04-11,essendon,melbourne,13168,CD_I1023515,Archie Roberts,essendon,ESS,1,True,resolved
2026,5,Round 5,2026_R5_hawthorn_v_western_bulldogs_2026-04-11,CD_M20260140506,2026-04-11,hawthorn,western_bulldogs,12915,CD_I1020895,Jai Newcombe,hawthorn,HAW,3,True,resolved
2026,5,Round 5,2026_R5_hawthorn_v_western_bulldogs_2026-04-11,CD_M20260140506,2026-04-11,hawthorn,western_bulldogs,12558,CD_I998134,Josh Battle,hawthorn,HAW,2,True,resolved
2026,5,Round 5,2026_R5_hawthorn_v_western_bulldogs_2026-04-11,CD_M20260140506,2026-04-11,hawthorn,western_bulldogs,12927,CD_I1012857,Jack Ginnivan,hawthorn,HAW,1,True,resolved
2026,5,Round 5,2026_R5_north_melbourne_v_brisbane_lions_2026-04-11,CD_M20260140503,2026-04-11,north_melbourne,brisbane_lions,12055,CD_I293535,Lachie Neale,brisbane_lions,BL,3,True,resolved
2026,5,Round 5,2026_R5_north_melbourne_v_brisbane_lions_2026-04-11,CD_M20260140503,2026-04-11,north_melbourne,brisbane_lions,11953,CD_I290778,Luke Parker,north_melbourne,NMFC,2,True,resolved
2026,5,Round 5,2026_R5_north_melbourne_v_brisbane_lions_2026-04-11,CD_M20260140503,2026-04-11,north_melbourne,brisbane_lions,12590,CD_I1002267,Luke Davies-Uniacke,north_melbourne,NMFC,1,True,resolved
2026,5,Round 5,2026_R5_sydney_v_gold_coast_2026-04-11,CD_M20260140505,2026-04-11,sydney,gold_coast,12326,CD_I298539,Isaac Heeney,sydney,SYD,3,True,resolved
2026,5,Round 5,2026_R5_sydney_v_gold_coast_2026-04-11,CD_M20260140505,2026-04-11,sydney,gold_coast,12768,CD_I1009208,Matt Rowell,gold_coast,GCFC,2,True,resolved
2026,5,Round 5,2026_R5_sydney_v_gold_coast_2026-04-11,CD_M20260140505,2026-04-11,sydney,gold_coast,12412,CD_I996765,Tom Papley,sydney,SYD,1,True,resolved
2026,5,Round 5,2026_R5_geelong_v_west_coast_2026-04-12,CD_M20260140507,2026-04-12,geelong,west_coast,12692,CD_I1006130,Bailey Smith,geelong,GEEL,3,True,resolved
2026,5,Round 5,2026_R5_geelong_v_west_coast_2026-04-12,CD_M20260140507,2026-04-12,geelong,west_coast,12871,CD_I1012805,Tanner Bruhn,geelong,GEEL,2,True,resolved
2026,5,Round 5,2026_R5_geelong_v_west_coast_2026-04-12,CD_M20260140507,2026-04-12,geelong,west_coast,12690,CD_I994386,Tom Atkins,geelong,GEEL,1,True,resolved
2026,5,Round 5,2026_R5_greater_western_sydney_v_richmond_2026-04-12,CD_M20260140508,2026-04-12,greater_western_sydney,richmond,12969,CD_I1023266,Finn Callaghan,greater_western_sydney,GWS,3,True,resolved
2026,5,Round 5,2026_R5_greater_western_sydney_v_richmond_2026-04-12,CD_M20260140508,2026-04-12,greater_western_sydney,richmond,12410,CD_I996701,Clayton Oliver,greater_western_sydney,GWS,2,True,resolved
2026,5,Round 5,2026_R5_greater_western_sydney_v_richmond_2026-04-12,CD_M20260140508,2026-04-12,greater_western_sydney,richmond,12025,CD_I295344,Toby Greene,greater_western_sydney,GWS,1,True,resolved
2026,5,Round 5,2026_R5_port_adelaide_v_st_kilda_2026-04-12,CD_M20260140509,2026-04-12,port_adelaide,st_kilda,12950,CD_I1015507,Nasiah Wanganeen-Milera,st_kilda,STK,3,True,resolved
2026,5,Round 5,2026_R5_port_adelaide_v_st_kilda_2026-04-12,CD_M20260140509,2026-04-12,port_adelaide,st_kilda,12956,CD_I1011640,Jason Horne-Francis,port_adelaide,PORT,2,False,resolved
2026,5,Round 5,2026_R5_port_adelaide_v_st_kilda_2026-04-12,CD_M20260140509,2026-04-12,port_adelaide,st_kilda,12698,CD_I1006121,Zak Butters,port_adelaide,PORT,1,True,resolved
2026,6,Round 6,2026_R6_carlton_v_collingwood_2026-04-16,CD_M20260140601,2026-04-16,carlton,collingwood,12943,CD_I1023261,Nick Daicos,collingwood,COLL,3,True,resolved
2026,6,Round 6,2026_R6_carlton_v_collingwood_2026-04-16,CD_M20260140601,2026-04-16,carlton,collingwood,12684,CD_I1006094,Sam Walsh,carlton,CARL,2,True,resolved
2026,6,Round 6,2026_R6_carlton_v_collingwood_2026-04-16,CD_M20260140601,2026-04-16,carlton,collingwood,12083,CD_I293801,Jamie Elliott,collingwood,COLL,1,True,resolved
2026,6,Round 6,2026_R6_geelong_v_western_bulldogs_2026-04-17,CD_M20260140602,2026-04-17,geelong,western_bulldogs,12017,CD_I293845,Jeremy Cameron,geelong,GEEL,3,True,resolved
2026,6,Round 6,2026_R6_geelong_v_western_bulldogs_2026-04-17,CD_M20260140602,2026-04-17,geelong,western_bulldogs,12692,CD_I1006130,Bailey Smith,geelong,GEEL,2,True,resolved
2026,6,Round 6,2026_R6_geelong_v_western_bulldogs_2026-04-17,CD_M20260140602,2026-04-17,geelong,western_bulldogs,12881,CD_I1015889,Max Holmes,geelong,GEEL,1,True,resolved
2026,6,Round 6,2026_R6_sydney_v_greater_western_sydney_2026-04-17,CD_M20260140603,2026-04-17,sydney,greater_western_sydney,12699,CD_I1006028,Nick Blakey,sydney,SYD,3,True,resolved
2026,6,Round 6,2026_R6_sydney_v_greater_western_sydney_2026-04-17,CD_M20260140603,2026-04-17,sydney,greater_western_sydney,12410,CD_I996701,Clayton Oliver,greater_western_sydney,GWS,2,True,resolved
2026,6,Round 6,2026_R6_sydney_v_greater_western_sydney_2026-04-17,CD_M20260140603,2026-04-17,sydney,greater_western_sydney,12217,CD_I293957,Brodie Grundy,sydney,SYD,1,True,resolved
2026,6,Round 6,2026_R6_adelaide_v_st_kilda_2026-04-18,CD_M20260140606,2026-04-18,adelaide,st_kilda,12824,CD_I1009260,Sam Flanders,st_kilda,STK,3,True,resolved
2026,6,Round 6,2026_R6_adelaide_v_st_kilda_2026-04-18,CD_M20260140606,2026-04-18,adelaide,st_kilda,11713,CD_I280506,Taylor Walker,adelaide,ADEL,2,False,resolved
2026,6,Round 6,2026_R6_adelaide_v_st_kilda_2026-04-18,CD_M20260140606,2026-04-18,adelaide,st_kilda,12564,CD_I992468,Rowan Marshall,st_kilda,STK,1,True,resolved
2026,6,Round 6,2026_R6_gold_coast_v_essendon_2026-04-18,CD_M20260140604,2026-04-18,gold_coast,essendon,12430,CD_I298210,Christian Petracca,gold_coast,GCFC,3,True,resolved
2026,6,Round 6,2026_R6_gold_coast_v_essendon_2026-04-18,CD_M20260140604,2026-04-18,gold_coast,essendon,12768,CD_I1009208,Matt Rowell,gold_coast,GCFC,2,True,resolved
2026,6,Round 6,2026_R6_gold_coast_v_essendon_2026-04-18,CD_M20260140604,2026-04-18,gold_coast,essendon,12241,CD_I992016,Zach Merrett,essendon,ESS,1,True,resolved
2026,6,Round 6,2026_R6_hawthorn_v_port_adelaide_2026-04-18,CD_M20260140605,2026-04-18,hawthorn,port_adelaide,13105,CD_I1023473,Nick Watson,hawthorn,HAW,3,True,resolved
2026,6,Round 6,2026_R6_hawthorn_v_port_adelaide_2026-04-18,CD_M20260140605,2026-04-18,hawthorn,port_adelaide,12956,CD_I1011640,Jason Horne-Francis,port_adelaide,PORT,2,False,resolved
2026,6,Round 6,2026_R6_hawthorn_v_port_adelaide_2026-04-18,CD_M20260140605,2026-04-18,hawthorn,port_adelaide,12698,CD_I1006121,Zak Butters,port_adelaide,PORT,1,True,resolved
2026,6,Round 6,2026_R6_melbourne_v_brisbane_lions_2026-04-19,CD_M20260140608,2026-04-19,melbourne,brisbane_lions,13184,CD_I1028546,Harvey Langford,melbourne,MELB,3,True,resolved
2026,6,Round 6,2026_R6_melbourne_v_brisbane_lions_2026-04-19,CD_M20260140608,2026-04-19,melbourne,brisbane_lions,12055,CD_I293535,Lachie Neale,brisbane_lions,BL,2,True,resolved
2026,6,Round 6,2026_R6_melbourne_v_brisbane_lions_2026-04-19,CD_M20260140608,2026-04-19,melbourne,brisbane_lions,12756,CD_I1005330,Kade Chandler,melbourne,MELB,1,True,resolved
2026,6,Round 6,2026_R6_north_melbourne_v_richmond_2026-04-19,CD_M20260140607,2026-04-19,north_melbourne,richmond,13034,CD_I1023518,Harry Sheezel,north_melbourne,NMFC,3,True,resolved
2026,6,Round 6,2026_R6_north_melbourne_v_richmond_2026-04-19,CD_M20260140607,2026-04-19,north_melbourne,richmond,12590,CD_I1002267,Luke Davies-Uniacke,north_melbourne,NMFC,2,True,resolved
2026,6,Round 6,2026_R6_north_melbourne_v_richmond_2026-04-19,CD_M20260140607,2026-04-19,north_melbourne,richmond,12975,CD_I1002947,Paul Curtis,north_melbourne,NMFC,1,False,resolved
2026,6,Round 6,2026_R6_west_coast_v_fremantle_2026-04-19,CD_M20260140609,2026-04-19,west_coast,fremantle,12688,CD_I1006152,Jordan Clark,fremantle,FRE,3,True,resolved
2026,6,Round 6,2026_R6_west_coast_v_fremantle_2026-04-19,CD_M20260140609,2026-04-19,west_coast,fremantle,12983,CD_I1020594,Jye Amiss,fremantle,FRE,2,True,resolved
2026,6,Round 6,2026_R6_west_coast_v_fremantle_2026-04-19,CD_M20260140609,2026-04-19,west_coast,fremantle,12786,CD_I1009420,Caleb Serong,fremantle,FRE,1,True,resolved
2026,7,Round 7,2026_R7_western_bulldogs_v_sydney_2026-04-23,CD_M20260140701,2026-04-23,western_bulldogs,sydney,12421,CD_I996731,Charlie Curnow,sydney,SYD,3,True,resolved
2026,7,Round 7,2026_R7_western_bulldogs_v_sydney_2026-04-23,CD_M20260140701,2026-04-23,western_bulldogs,sydney,12217,CD_I293957,Brodie Grundy,sydney,SYD,2,True,resolved
2026,7,Round 7,2026_R7_western_bulldogs_v_sydney_2026-04-23,CD_M20260140701,2026-04-23,western_bulldogs,sydney,12269,CD_I297373,Marcus Bontempelli,western_bulldogs,WB,1,True,resolved
2026,7,Round 7,2026_R7_richmond_v_melbourne_2026-04-24,CD_M20260140702,2026-04-24,richmond,melbourne,12771,CD_I1008541,Kysaiah Pickett,melbourne,MELB,3,True,resolved
2026,7,Round 7,2026_R7_richmond_v_melbourne_2026-04-24,CD_M20260140702,2026-04-24,richmond,melbourne,11966,CD_I290528,Max Gawn,melbourne,MELB,2,True,resolved
2026,7,Round 7,2026_R7_richmond_v_melbourne_2026-04-24,CD_M20260140702,2026-04-24,richmond,melbourne,12693,CD_I999391,Tom Sparrow,melbourne,MELB,1,True,resolved
2026,7,Round 7,2026_R7_essendon_v_collingwood_2026-04-25,CD_M20260140704,2026-04-25,essendon,collingwood,4182,CD_I260257,Scott Pendlebury,collingwood,COLL,3,True,resolved
2026,7,Round 7,2026_R7_essendon_v_collingwood_2026-04-25,CD_M20260140704,2026-04-25,essendon,collingwood,12943,CD_I1023261,Nick Daicos,collingwood,COLL,2,True,resolved
2026,7,Round 7,2026_R7_essendon_v_collingwood_2026-04-25,CD_M20260140704,2026-04-25,essendon,collingwood,12061,CD_I293871,Jack Crisp,collingwood,COLL,1,True,resolved
2026,7,Round 7,2026_R7_fremantle_v_carlton_2026-04-25,CD_M20260140706,2026-04-25,fremantle,carlton,12535,CD_I993993,Shai Bolton,fremantle,FRE,3,True,resolved
2026,7,Round 7,2026_R7_fremantle_v_carlton_2026-04-25,CD_M20260140706,2026-04-25,fremantle,carlton,12779,CD_I1009399,Luke Jackson,fremantle,FRE,2,True,resolved
2026,7,Round 7,2026_R7_fremantle_v_carlton_2026-04-25,CD_M20260140706,2026-04-25,fremantle,carlton,12684,CD_I1006094,Sam Walsh,carlton,CARL,1,True,resolved
2026,7,Round 7,2026_R7_hawthorn_v_gold_coast_2026-04-25,CD_M20260140703,2026-04-25,hawthorn,gold_coast,12558,CD_I998134,Josh Battle,hawthorn,HAW,3,True,resolved
2026,7,Round 7,2026_R7_hawthorn_v_gold_coast_2026-04-25,CD_M20260140703,2026-04-25,hawthorn,gold_coast,12915,CD_I1020895,Jai Newcombe,hawthorn,HAW,2,True,resolved
2026,7,Round 7,2026_R7_hawthorn_v_gold_coast_2026-04-25,CD_M20260140703,2026-04-25,hawthorn,gold_coast,12767,CD_I1009199,Noah Anderson,gold_coast,GCFC,1,True,resolved
2026,7,Round 7,2026_R7_port_adelaide_v_geelong_2026-04-25,CD_M20260140705,2026-04-25,port_adelaide,geelong,12956,CD_I1011640,Jason Horne-Francis,port_adelaide,PORT,3,False,resolved
2026,7,Round 7,2026_R7_port_adelaide_v_geelong_2026-04-25,CD_M20260140705,2026-04-25,port_adelaide,geelong,12766,CD_I1010174,Mitch Georgiades,port_adelaide,PORT,2,True,resolved
2026,7,Round 7,2026_R7_port_adelaide_v_geelong_2026-04-25,CD_M20260140705,2026-04-25,port_adelaide,geelong,12698,CD_I1006121,Zak Butters,port_adelaide,PORT,1,True,resolved
2026,7,Round 7,2026_R7_brisbane_lions_v_adelaide_2026-04-26,CD_M20260140708,2026-04-26,brisbane_lions,adelaide,12610,CD_I1002312,Zac Bailey,brisbane_lions,BL,3,False,resolved
2026,7,Round 7,2026_R7_brisbane_lions_v_adelaide_2026-04-26,CD_M20260140708,2026-04-26,brisbane_lions,adelaide,13040,CD_I1023517,Will Ashcroft,brisbane_lions,BL,2,True,resolved
2026,7,Round 7,2026_R7_brisbane_lions_v_adelaide_2026-04-26,CD_M20260140708,2026-04-26,brisbane_lions,adelaide,12055,CD_I293535,Lachie Neale,brisbane_lions,BL,1,True,resolved
2026,7,Round 7,2026_R7_greater_western_sydney_v_north_melbourne_2026-04-26,CD_M20260140709,2026-04-26,greater_western_sydney,north_melbourne,12025,CD_I295344,Toby Greene,greater_western_sydney,GWS,3,True,resolved
2026,7,Round 7,2026_R7_greater_western_sydney_v_north_melbourne_2026-04-26,CD_M20260140709,2026-04-26,greater_western_sydney,north_melbourne,13034,CD_I1023518,Harry Sheezel,north_melbourne,NMFC,2,True,resolved
2026,7,Round 7,2026_R7_greater_western_sydney_v_north_melbourne_2026-04-26,CD_M20260140709,2026-04-26,greater_western_sydney,north_melbourne,12782,CD_I1009253,Lachie Ash,greater_western_sydney,GWS,1,True,resolved
2026,7,Round 7,2026_R7_st_kilda_v_west_coast_2026-04-26,CD_M20260140707,2026-04-26,st_kilda,west_coast,13125,CD_I1027790,Hugo Garcia,st_kilda,STK,3,True,resolved
2026,7,Round 7,2026_R7_st_kilda_v_west_coast_2026-04-26,CD_M20260140707,2026-04-26,st_kilda,west_coast,12950,CD_I1015507,Nasiah Wanganeen-Milera,st_kilda,STK,2,True,resolved
2026,7,Round 7,2026_R7_st_kilda_v_west_coast_2026-04-26,CD_M20260140707,2026-04-26,st_kilda,west_coast,12967,CD_I1023270,Marcus Windhager,st_kilda,STK,1,True,resolved
2026,8,Round 8,2026_R8_collingwood_v_hawthorn_2026-04-30,CD_M20260140801,2026-04-30,collingwood,hawthorn,12954,CD_I1017094,Connor Macdonald,hawthorn,HAW,3,True,resolved
2026,8,Round 8,2026_R8_collingwood_v_hawthorn_2026-04-30,CD_M20260140801,2026-04-30,collingwood,hawthorn,12915,CD_I1020895,Jai Newcombe,hawthorn,HAW,2,True,resolved
2026,8,Round 8,2026_R8_collingwood_v_hawthorn_2026-04-30,CD_M20260140801,2026-04-30,collingwood,hawthorn,12943,CD_I1023261,Nick Daicos,collingwood,COLL,1,True,resolved
2026,8,Round 8,2026_R8_adelaide_v_port_adelaide_2026-05-01,CD_M20260140803,2026-05-01,adelaide,port_adelaide,12849,CD_I1012807,Sam Berry,adelaide,ADEL,3,True,resolved
2026,8,Round 8,2026_R8_adelaide_v_port_adelaide_2026-05-01,CD_M20260140803,2026-05-01,adelaide,port_adelaide,12698,CD_I1006121,Zak Butters,port_adelaide,PORT,2,True,resolved
2026,8,Round 8,2026_R8_adelaide_v_port_adelaide_2026-05-01,CD_M20260140803,2026-05-01,adelaide,port_adelaide,12433,CD_I294469,Aliir Aliir,port_adelaide,PORT,1,True,resolved
2026,8,Round 8,2026_R8_western_bulldogs_v_fremantle_2026-05-01,CD_M20260140802,2026-05-01,western_bulldogs,fremantle,12269,CD_I297373,Marcus Bontempelli,western_bulldogs,WB,3,True,resolved
2026,8,Round 8,2026_R8_western_bulldogs_v_fremantle_2026-05-01,CD_M20260140802,2026-05-01,western_bulldogs,fremantle,12535,CD_I993993,Shai Bolton,fremantle,FRE,2,True,resolved
2026,8,Round 8,2026_R8_western_bulldogs_v_fremantle_2026-05-01,CD_M20260140802,2026-05-01,western_bulldogs,fremantle,12777,CD_I1009256,Hayden Young,fremantle,FRE,1,True,resolved
2026,8,Round 8,2026_R8_carlton_v_st_kilda_2026-05-02,CD_M20260140807,2026-05-02,carlton,st_kilda,12564,CD_I992468,Rowan Marshall,st_kilda,STK,3,True,resolved
2026,8,Round 8,2026_R8_carlton_v_st_kilda_2026-05-02,CD_M20260140807,2026-05-02,carlton,st_kilda,12950,CD_I1015507,Nasiah Wanganeen-Milera,st_kilda,STK,2,True,resolved
2026,8,Round 8,2026_R8_carlton_v_st_kilda_2026-05-02,CD_M20260140807,2026-05-02,carlton,st_kilda,12948,CD_I1023272,Mitch Owens,st_kilda,STK,1,True,resolved
2026,8,Round 8,2026_R8_essendon_v_brisbane_lions_2026-05-02,CD_M20260140804,2026-05-02,essendon,brisbane_lions,13026,CD_I1017067,Darcy Wilmot,brisbane_lions,BL,3,True,resolved
2026,8,Round 8,2026_R8_essendon_v_brisbane_lions_2026-05-02,CD_M20260140804,2026-05-02,essendon,brisbane_lions,12518,CD_I1000978,Hugh McCluggage,brisbane_lions,BL,2,True,resolved
2026,8,Round 8,2026_R8_essendon_v_brisbane_lions_2026-05-02,CD_M20260140804,2026-05-02,essendon,brisbane_lions,12968,CD_I1014026,Kai Lohmann,brisbane_lions,BL,1,True,resolved
2026,8,Round 8,2026_R8_geelong_v_north_melbourne_2026-05-02,CD_M20260140806,2026-05-02,geelong,north_melbourne,12881,CD_I1015889,Max Holmes,geelong,GEEL,3,True,resolved
2026,8,Round 8,2026_R8_geelong_v_north_melbourne_2026-05-02,CD_M20260140806,2026-05-02,geelong,north_melbourne,12788,CD_I1004965,Tristan Xerri,north_melbourne,NMFC,2,False,resolved
2026,8,Round 8,2026_R8_geelong_v_north_melbourne_2026-05-02,CD_M20260140806,2026-05-02,geelong,north_melbourne,13104,CD_I993878,Shaun Mannagh,geelong,GEEL,1,True,resolved
2026,8,Round 8,2026_R8_west_coast_v_richmond_2026-05-02,CD_M20260140805,2026-05-02,west_coast,richmond,13111,CD_I1023492,Harley Reid,west_coast,WCE,3,False,resolved
2026,8,Round 8,2026_R8_west_coast_v_richmond_2026-05-02,CD_M20260140805,2026-05-02,west_coast,richmond,,CD_I1006133,Jack Ross,richmond,RICH,2,True,unresolved
2026,8,Round 8,2026_R8_west_coast_v_richmond_2026-05-02,CD_M20260140805,2026-05-02,west_coast,richmond,12686,CD_I1002245,Noah Balta,richmond,RICH,1,True,resolved
2026,8,Round 8,2026_R8_gold_coast_v_greater_western_sydney_2026-05-03,CD_M20260140809,2026-05-03,gold_coast,greater_western_sydney,12430,CD_I298210,Christian Petracca,gold_coast,GCFC,3,True,resolved
2026,8,Round 8,2026_R8_gold_coast_v_greater_western_sydney_2026-05-03,CD_M20260140809,2026-05-03,gold_coast,greater_western_sydney,12743,CD_I1000072,John Noble,gold_coast,GCFC,2,True,resolved
2026,8,Round 8,2026_R8_gold_coast_v_greater_western_sydney_2026-05-03,CD_M20260140809,2026-05-03,gold_coast,greater_western_sydney,12410,CD_I996701,Clayton Oliver,greater_western_sydney,GWS,1,True,resolved
2026,8,Round 8,2026_R8_sydney_v_melbourne_2026-05-03,CD_M20260140808,2026-05-03,sydney,melbourne,12903,CD_I1005986,Malcolm Rosas,sydney,SYD,3,True,resolved
2026,8,Round 8,2026_R8_sydney_v_melbourne_2026-05-03,CD_M20260140808,2026-05-03,sydney,melbourne,12217,CD_I293957,Brodie Grundy,sydney,SYD,2,True,resolved
2026,8,Round 8,2026_R8_sydney_v_melbourne_2026-05-03,CD_M20260140808,2026-05-03,sydney,melbourne,12326,CD_I298539,Isaac Heeney,sydney,SYD,1,True,resolved
2026,9,Round 9,2026_R9_fremantle_v_hawthorn_2026-05-07,CD_M20260140901,2026-05-07,fremantle,hawthorn,12779,CD_I1009399,Luke Jackson,fremantle,FRE,3,True,resolved
2026,9,Round 9,2026_R9_fremantle_v_hawthorn_2026-05-07,CD_M20260140901,2026-05-07,fremantle,hawthorn,11845,CD_I291351,Jack Gunston,hawthorn,HAW,2,True,resolved
2026,9,Round 9,2026_R9_fremantle_v_hawthorn_2026-05-07,CD_M20260140901,2026-05-07,fremantle,hawthorn,12786,CD_I1009420,Caleb Serong,fremantle,FRE,1,True,resolved
2026,9,Round 9,2026_R9_brisbane_lions_v_carlton_2026-05-08,CD_M20260140902,2026-05-08,brisbane_lions,carlton,12055,CD_I293535,Lachie Neale,brisbane_lions,BL,3,True,resolved
2026,9,Round 9,2026_R9_brisbane_lions_v_carlton_2026-05-08,CD_M20260140902,2026-05-08,brisbane_lions,carlton,12566,CD_I1000953,Harry McKay,carlton,CARL,2,True,resolved
2026,9,Round 9,2026_R9_brisbane_lions_v_carlton_2026-05-08,CD_M20260140902,2026-05-08,brisbane_lions,carlton,12261,CD_I990704,Patrick Cripps,carlton,CARL,1,True,resolved
2026,9,Round 9,2026_R9_port_adelaide_v_western_bulldogs_2026-05-08,CD_M20260140903,2026-05-08,port_adelaide,western_bulldogs,12269,CD_I297373,Marcus Bontempelli,western_bulldogs,WB,3,True,resolved
2026,9,Round 9,2026_R9_port_adelaide_v_western_bulldogs_2026-05-08,CD_M20260140903,2026-05-08,port_adelaide,western_bulldogs,12698,CD_I1006121,Zak Butters,port_adelaide,PORT,2,True,resolved
2026,9,Round 9,2026_R9_port_adelaide_v_western_bulldogs_2026-05-08,CD_M20260140903,2026-05-08,port_adelaide,western_bulldogs,12605,CD_I1008280,Ed Richards,western_bulldogs,WB,1,True,resolved
2026,9,Round 9,2026_R9_geelong_v_collingwood_2026-05-09,CD_M20260140907,2026-05-09,geelong,collingwood,12692,CD_I1006130,Bailey Smith,geelong,GEEL,3,True,resolved
2026,9,Round 9,2026_R9_geelong_v_collingwood_2026-05-09,CD_M20260140907,2026-05-09,geelong,collingwood,12992,CD_I1016433,Shannon Neale,geelong,GEEL,2,True,resolved
2026,9,Round 9,2026_R9_geelong_v_collingwood_2026-05-09,CD_M20260140907,2026-05-09,geelong,collingwood,12851,CD_I1012860,Oliver Henry,geelong,GEEL,1,True,resolved
2026,9,Round 9,2026_R9_gold_coast_v_st_kilda_2026-05-09,CD_M20260140906,2026-05-09,gold_coast,st_kilda,12331,CD_I298272,Touk Miller,gold_coast,GCFC,3,True,resolved
2026,9,Round 9,2026_R9_gold_coast_v_st_kilda_2026-05-09,CD_M20260140906,2026-05-09,gold_coast,st_kilda,12403,CD_I1000981,Daniel Rioli,gold_coast,GCFC,2,True,resolved
2026,9,Round 9,2026_R9_gold_coast_v_st_kilda_2026-05-09,CD_M20260140906,2026-05-09,gold_coast,st_kilda,12743,CD_I1000072,John Noble,gold_coast,GCFC,1,True,resolved
2026,9,Round 9,2026_R9_greater_western_sydney_v_essendon_2026-05-09,CD_M20260140905,2026-05-09,greater_western_sydney,essendon,12410,CD_I996701,Clayton Oliver,greater_western_sydney,GWS,3,True,resolved
2026,9,Round 9,2026_R9_greater_western_sydney_v_essendon_2026-05-09,CD_M20260140905,2026-05-09,greater_western_sydney,essendon,12969,CD_I1023266,Finn Callaghan,greater_western_sydney,GWS,2,True,resolved
2026,9,Round 9,2026_R9_greater_western_sydney_v_essendon_2026-05-09,CD_M20260140905,2026-05-09,greater_western_sydney,essendon,12925,CD_I1015810,Sam Durham,essendon,ESS,1,True,resolved
2026,9,Round 9,2026_R9_north_melbourne_v_sydney_2026-05-09,CD_M20260140904,2026-05-09,north_melbourne,sydney,12326,CD_I298539,Isaac Heeney,sydney,SYD,3,True,resolved
2026,9,Round 9,2026_R9_north_melbourne_v_sydney_2026-05-09,CD_M20260140904,2026-05-09,north_melbourne,sydney,12590,CD_I1002267,Luke Davies-Uniacke,north_melbourne,NMFC,2,True,resolved
2026,9,Round 9,2026_R9_north_melbourne_v_sydney_2026-05-09,CD_M20260140904,2026-05-09,north_melbourne,sydney,12699,CD_I1006028,Nick Blakey,sydney,SYD,1,True,resolved
2026,9,Round 9,2026_R9_melbourne_v_west_coast_2026-05-10,CD_M20260140908,2026-05-10,melbourne,west_coast,12393,CD_I298264,Ed Langdon,melbourne,MELB,3,True,resolved
2026,9,Round 9,2026_R9_melbourne_v_west_coast_2026-05-10,CD_M20260140908,2026-05-10,melbourne,west_coast,13048,CD_I1017720,Jacob van Rooyen,melbourne,MELB,2,False,resolved
2026,9,Round 9,2026_R9_melbourne_v_west_coast_2026-05-10,CD_M20260140908,2026-05-10,melbourne,west_coast,11966,CD_I290528,Max Gawn,melbourne,MELB,1,True,resolved
2026,9,Round 9,2026_R9_richmond_v_adelaide_2026-05-10,CD_M20260140909,2026-05-10,richmond,adelaide,12798,CD_I1001195,Izak Rankine,adelaide,ADEL,3,True,resolved
2026,9,Round 9,2026_R9_richmond_v_adelaide_2026-05-10,CD_M20260140909,2026-05-10,richmond,adelaide,12516,CD_I992242,Jordan Dawson,adelaide,ADEL,2,True,resolved
2026,9,Round 9,2026_R9_richmond_v_adelaide_2026-05-10,CD_M20260140909,2026-05-10,richmond,adelaide,12504,CD_I998172,Tim Taranto,richmond,RICH,1,True,resolved
2026,10,Round 10,2026_R10_brisbane_lions_v_geelong_2026-05-14,CD_M20260141001,2026-05-14,brisbane_lions,geelong,13104,CD_I993878,Shaun Mannagh,geelong,GEEL,3,True,resolved
2026,10,Round 10,2026_R10_brisbane_lions_v_geelong_2026-05-14,CD_M20260141001,2026-05-14,brisbane_lions,geelong,12692,CD_I1006130,Bailey Smith,geelong,GEEL,2,True,resolved
2026,10,Round 10,2026_R10_brisbane_lions_v_geelong_2026-05-14,CD_M20260141001,2026-05-14,brisbane_lions,geelong,12505,CD_I291800,Tom Stewart,geelong,GEEL,1,True,resolved
2026,10,Round 10,2026_R10_gold_coast_v_port_adelaide_2026-05-15,CD_M20260141003,2026-05-15,gold_coast,port_adelaide,12767,CD_I1009199,Noah Anderson,gold_coast,GCFC,3,True,resolved
2026,10,Round 10,2026_R10_gold_coast_v_port_adelaide_2026-05-15,CD_M20260141003,2026-05-15,gold_coast,port_adelaide,12698,CD_I1006121,Zak Butters,port_adelaide,PORT,2,True,resolved
2026,10,Round 10,2026_R10_gold_coast_v_port_adelaide_2026-05-15,CD_M20260141003,2026-05-15,gold_coast,port_adelaide,12430,CD_I298210,Christian Petracca,gold_coast,GCFC,1,True,resolved
2026,10,Round 10,2026_R10_sydney_v_collingwood_2026-05-15,CD_M20260141002,2026-05-15,sydney,collingwood,12217,CD_I293957,Brodie Grundy,sydney,SYD,3,True,resolved
2026,10,Round 10,2026_R10_sydney_v_collingwood_2026-05-15,CD_M20260141002,2026-05-15,sydney,collingwood,12326,CD_I298539,Isaac Heeney,sydney,SYD,2,True,resolved
2026,10,Round 10,2026_R10_sydney_v_collingwood_2026-05-15,CD_M20260141002,2026-05-15,sydney,collingwood,12699,CD_I1006028,Nick Blakey,sydney,SYD,1,True,resolved
2026,10,Round 10,2026_R10_adelaide_v_north_melbourne_2026-05-16,CD_M20260141004,2026-05-16,adelaide,north_melbourne,12798,CD_I1001195,Izak Rankine,adelaide,ADEL,3,True,resolved
2026,10,Round 10,2026_R10_adelaide_v_north_melbourne_2026-05-16,CD_M20260141004,2026-05-16,adelaide,north_melbourne,12953,CD_I1017051,Josh Rachele,adelaide,ADEL,2,True,resolved
2026,10,Round 10,2026_R10_adelaide_v_north_melbourne_2026-05-16,CD_M20260141004,2026-05-16,adelaide,north_melbourne,12952,CD_I1017109,Jake Soligo,adelaide,ADEL,1,True,resolved
2026,10,Round 10,2026_R10_carlton_v_western_bulldogs_2026-05-16,CD_M20260141006,2026-05-16,carlton,western_bulldogs,12261,CD_I990704,Patrick Cripps,carlton,CARL,3,True,resolved
2026,10,Round 10,2026_R10_carlton_v_western_bulldogs_2026-05-16,CD_M20260141006,2026-05-16,carlton,western_bulldogs,12497,CD_I998103,Oliver Florent,carlton,CARL,2,True,resolved
2026,10,Round 10,2026_R10_carlton_v_western_bulldogs_2026-05-16,CD_M20260141006,2026-05-16,carlton,western_bulldogs,13274,CD_I1028515,Jagga Smith,carlton,CARL,1,True,resolved
2026,10,Round 10,2026_R10_melbourne_v_hawthorn_2026-05-16,CD_M20260141005,2026-05-16,melbourne,hawthorn,11966,CD_I290528,Max Gawn,melbourne,MELB,3,True,resolved
2026,10,Round 10,2026_R10_melbourne_v_hawthorn_2026-05-16,CD_M20260141005,2026-05-16,melbourne,hawthorn,12368,CD_I296205,Jack Steele,melbourne,MELB,2,True,resolved
2026,10,Round 10,2026_R10_melbourne_v_hawthorn_2026-05-16,CD_M20260141005,2026-05-16,melbourne,hawthorn,12693,CD_I999391,Tom Sparrow,melbourne,MELB,1,True,resolved
2026,10,Round 10,2026_R10_essendon_v_fremantle_2026-05-17,CD_M20260141007,2026-05-17,essendon,fremantle,13180,CD_I1028513,Murphy Reid,fremantle,FRE,3,True,resolved
2026,10,Round 10,2026_R10_essendon_v_fremantle_2026-05-17,CD_M20260141007,2026-05-17,essendon,fremantle,12535,CD_I993993,Shai Bolton,fremantle,FRE,2,True,resolved
2026,10,Round 10,2026_R10_essendon_v_fremantle_2026-05-17,CD_M20260141007,2026-05-17,essendon,fremantle,13129,CD_I1017754,Patrick Voss,fremantle,FRE,1,True,resolved
2026,10,Round 10,2026_R10_st_kilda_v_richmond_2026-05-17,CD_M20260141008,2026-05-17,st_kilda,richmond,13125,CD_I1027790,Hugo Garcia,st_kilda,STK,3,True,resolved
2026,10,Round 10,2026_R10_st_kilda_v_richmond_2026-05-17,CD_M20260141008,2026-05-17,st_kilda,richmond,13193,CD_I1020855,Max Hall,st_kilda,STK,2,True,resolved
2026,10,Round 10,2026_R10_st_kilda_v_richmond_2026-05-17,CD_M20260141008,2026-05-17,st_kilda,richmond,12325,CD_I994389,Jack Sinclair,st_kilda,STK,1,True,resolved
2026,10,Round 10,2026_R10_west_coast_v_greater_western_sydney_2026-05-17,CD_M20260141009,2026-05-17,west_coast,greater_western_sydney,13111,CD_I1023492,Harley Reid,west_coast,WCE,3,False,resolved
2026,10,Round 10,2026_R10_west_coast_v_greater_western_sydney_2026-05-17,CD_M20260141009,2026-05-17,west_coast,greater_western_sydney,12410,CD_I996701,Clayton Oliver,greater_western_sydney,GWS,2,True,resolved
2026,10,Round 10,2026_R10_west_coast_v_greater_western_sydney_2026-05-17,CD_M20260141009,2026-05-17,west_coast,greater_western_sydney,12836,CD_I1006114,Bailey J. Williams,west_coast,WCE,1,True,resolved
2026,11,Round 11,2026_R11_hawthorn_v_adelaide_2026-05-21,CD_M20260141101,2026-05-21,hawthorn,adelaide,12469,CD_I993794,Blake Hardwick,hawthorn,HAW,3,True,resolved
2026,11,Round 11,2026_R11_hawthorn_v_adelaide_2026-05-21,CD_M20260141101,2026-05-21,hawthorn,adelaide,12516,CD_I992242,Jordan Dawson,adelaide,ADEL,2,True,resolved
2026,11,Round 11,2026_R11_hawthorn_v_adelaide_2026-05-21,CD_M20260141101,2026-05-21,hawthorn,adelaide,12849,CD_I1012807,Sam Berry,adelaide,ADEL,1,True,resolved
2026,11,Round 11,2026_R11_fremantle_v_st_kilda_2026-05-22,CD_M20260141103,2026-05-22,fremantle,st_kilda,13180,CD_I1028513,Murphy Reid,fremantle,FRE,3,True,resolved
2026,11,Round 11,2026_R11_fremantle_v_st_kilda_2026-05-22,CD_M20260141103,2026-05-22,fremantle,st_kilda,12535,CD_I993993,Shai Bolton,fremantle,FRE,2,True,resolved
2026,11,Round 11,2026_R11_fremantle_v_st_kilda_2026-05-22,CD_M20260141103,2026-05-22,fremantle,st_kilda,12779,CD_I1009399,Luke Jackson,fremantle,FRE,1,True,resolved
2026,11,Round 11,2026_R11_richmond_v_essendon_2026-05-22,CD_M20260141102,2026-05-22,richmond,essendon,12406,CD_I993817,Darcy Parish,essendon,ESS,3,True,resolved
2026,11,Round 11,2026_R11_richmond_v_essendon_2026-05-22,CD_M20260141102,2026-05-22,richmond,essendon,12504,CD_I998172,Tim Taranto,richmond,RICH,2,True,resolved
2026,11,Round 11,2026_R11_richmond_v_essendon_2026-05-22,CD_M20260141102,2026-05-22,richmond,essendon,12241,CD_I992016,Zach Merrett,essendon,ESS,1,True,resolved
2026,11,Round 11,2026_R11_collingwood_v_west_coast_2026-05-23,CD_M20260141106,2026-05-23,collingwood,west_coast,12943,CD_I1023261,Nick Daicos,collingwood,COLL,3,True,resolved
2026,11,Round 11,2026_R11_collingwood_v_west_coast_2026-05-23,CD_M20260141106,2026-05-23,collingwood,west_coast,12087,CD_I292128,Elliot Yeo,west_coast,WCE,2,True,resolved
2026,11,Round 11,2026_R11_collingwood_v_west_coast_2026-05-23,CD_M20260141106,2026-05-23,collingwood,west_coast,12660,CD_I990291,Darcy Cameron,collingwood,COLL,1,True,resolved
2026,11,Round 11,2026_R11_geelong_v_sydney_2026-05-23,CD_M20260141105,2026-05-23,geelong,sydney,12881,CD_I1015889,Max Holmes,geelong,GEEL,3,True,resolved
2026,11,Round 11,2026_R11_geelong_v_sydney_2026-05-23,CD_M20260141105,2026-05-23,geelong,sydney,13160,CD_I1013464,Lawson Humphries,geelong,GEEL,2,True,resolved
2026,11,Round 11,2026_R11_geelong_v_sydney_2026-05-23,CD_M20260141105,2026-05-23,geelong,sydney,12017,CD_I293845,Jeremy Cameron,geelong,GEEL,1,True,resolved
2026,11,Round 11,2026_R11_north_melbourne_v_gold_coast_2026-05-23,CD_M20260141104,2026-05-23,north_melbourne,gold_coast,12767,CD_I1009199,Noah Anderson,gold_coast,GCFC,3,True,resolved
2026,11,Round 11,2026_R11_north_melbourne_v_gold_coast_2026-05-23,CD_M20260141104,2026-05-23,north_melbourne,gold_coast,12590,CD_I1002267,Luke Davies-Uniacke,north_melbourne,NMFC,2,True,resolved
2026,11,Round 11,2026_R11_north_melbourne_v_gold_coast_2026-05-23,CD_M20260141104,2026-05-23,north_melbourne,gold_coast,12768,CD_I1009208,Matt Rowell,gold_coast,GCFC,1,True,resolved
2026,11,Round 11,2026_R11_port_adelaide_v_carlton_2026-05-23,CD_M20260141107,2026-05-23,port_adelaide,carlton,12261,CD_I990704,Patrick Cripps,carlton,CARL,3,True,resolved
2026,11,Round 11,2026_R11_port_adelaide_v_carlton_2026-05-23,CD_M20260141107,2026-05-23,port_adelaide,carlton,12956,CD_I1011640,Jason Horne-Francis,port_adelaide,PORT,2,False,resolved
2026,11,Round 11,2026_R11_port_adelaide_v_carlton_2026-05-23,CD_M20260141107,2026-05-23,port_adelaide,carlton,13274,CD_I1028515,Jagga Smith,carlton,CARL,1,True,resolved
2026,11,Round 11,2026_R11_greater_western_sydney_v_brisbane_lions_2026-05-24,CD_M20260141108,2026-05-24,greater_western_sydney,brisbane_lions,13279,CD_I1032042,Phoenix Gothard,greater_western_sydney,GWS,3,True,resolved
2026,11,Round 11,2026_R11_greater_western_sydney_v_brisbane_lions_2026-05-24,CD_M20260141108,2026-05-24,greater_western_sydney,brisbane_lions,12410,CD_I996701,Clayton Oliver,greater_western_sydney,GWS,2,True,resolved
2026,11,Round 11,2026_R11_greater_western_sydney_v_brisbane_lions_2026-05-24,CD_M20260141108,2026-05-24,greater_western_sydney,brisbane_lions,12025,CD_I295344,Toby Greene,greater_western_sydney,GWS,1,True,resolved
2026,11,Round 11,2026_R11_western_bulldogs_v_melbourne_2026-05-24,CD_M20260141109,2026-05-24,western_bulldogs,melbourne,12605,CD_I1008280,Ed Richards,western_bulldogs,WB,3,True,resolved
2026,11,Round 11,2026_R11_western_bulldogs_v_melbourne_2026-05-24,CD_M20260141109,2026-05-24,western_bulldogs,melbourne,12269,CD_I297373,Marcus Bontempelli,western_bulldogs,WB,2,True,resolved
2026,11,Round 11,2026_R11_western_bulldogs_v_melbourne_2026-05-24,CD_M20260141109,2026-05-24,western_bulldogs,melbourne,12771,CD_I1008541,Kysaiah Pickett,melbourne,MELB,1,True,resolved
2026,12,Round 12,2026_R12_st_kilda_v_hawthorn_2026-05-28,CD_M20260141201,2026-05-28,st_kilda,hawthorn,12332,CD_I297566,James Sicily,hawthorn,HAW,3,False,resolved
2026,12,Round 12,2026_R12_st_kilda_v_hawthorn_2026-05-28,CD_M20260141201,2026-05-28,st_kilda,hawthorn,13105,CD_I1023473,Nick Watson,hawthorn,HAW,2,True,resolved
2026,12,Round 12,2026_R12_st_kilda_v_hawthorn_2026-05-28,CD_M20260141201,2026-05-28,st_kilda,hawthorn,11845,CD_I291351,Jack Gunston,hawthorn,HAW,1,True,resolved
2026,12,Round 12,2026_R12_carlton_v_geelong_2026-05-29,CD_M20260141202,2026-05-29,carlton,geelong,12261,CD_I990704,Patrick Cripps,carlton,CARL,3,True,resolved
2026,12,Round 12,2026_R12_carlton_v_geelong_2026-05-29,CD_M20260141202,2026-05-29,carlton,geelong,12692,CD_I1006130,Bailey Smith,geelong,GEEL,2,True,resolved
2026,12,Round 12,2026_R12_carlton_v_geelong_2026-05-29,CD_M20260141202,2026-05-29,carlton,geelong,12684,CD_I1006094,Sam Walsh,carlton,CARL,1,True,resolved
2026,12,Round 12,2026_R12_brisbane_lions_v_fremantle_2026-05-30,CD_M20260141204,2026-05-30,brisbane_lions,fremantle,13129,CD_I1017754,Patrick Voss,fremantle,FRE,3,True,resolved
2026,12,Round 12,2026_R12_brisbane_lions_v_fremantle_2026-05-30,CD_M20260141204,2026-05-30,brisbane_lions,fremantle,12983,CD_I1020594,Jye Amiss,fremantle,FRE,2,True,resolved
2026,12,Round 12,2026_R12_brisbane_lions_v_fremantle_2026-05-30,CD_M20260141204,2026-05-30,brisbane_lions,fremantle,12610,CD_I1002312,Zac Bailey,brisbane_lions,BL,1,False,resolved
2026,12,Round 12,2026_R12_sydney_v_richmond_2026-05-30,CD_M20260141203,2026-05-30,sydney,richmond,12326,CD_I298539,Isaac Heeney,sydney,SYD,3,True,resolved
2026,12,Round 12,2026_R12_sydney_v_richmond_2026-05-30,CD_M20260141203,2026-05-30,sydney,richmond,12421,CD_I996731,Charlie Curnow,sydney,SYD,2,True,resolved
2026,12,Round 12,2026_R12_sydney_v_richmond_2026-05-30,CD_M20260141203,2026-05-30,sydney,richmond,12797,CD_I1012014,Chad Warner,sydney,SYD,1,True,resolved
2026,12,Round 12,2026_R12_western_bulldogs_v_collingwood_2026-05-30,CD_M20260141205,2026-05-30,western_bulldogs,collingwood,12318,CD_I994185,Jordan De Goey,collingwood,COLL,3,True,resolved
2026,12,Round 12,2026_R12_western_bulldogs_v_collingwood_2026-05-30,CD_M20260141205,2026-05-30,western_bulldogs,collingwood,12943,CD_I1023261,Nick Daicos,collingwood,COLL,2,True,resolved
2026,12,Round 12,2026_R12_western_bulldogs_v_collingwood_2026-05-30,CD_M20260141205,2026-05-30,western_bulldogs,collingwood,12605,CD_I1008280,Ed Richards,western_bulldogs,WB,1,True,resolved
2026,12,Round 12,2026_R12_melbourne_v_greater_western_sydney_2026-05-31,CD_M20260141206,2026-05-31,melbourne,greater_western_sydney,12969,CD_I1023266,Finn Callaghan,greater_western_sydney,GWS,3,True,resolved
2026,12,Round 12,2026_R12_melbourne_v_greater_western_sydney_2026-05-31,CD_M20260141206,2026-05-31,melbourne,greater_western_sydney,12410,CD_I996701,Clayton Oliver,greater_western_sydney,GWS,2,True,resolved
2026,12,Round 12,2026_R12_melbourne_v_greater_western_sydney_2026-05-31,CD_M20260141206,2026-05-31,melbourne,greater_western_sydney,13101,CD_I1027925,Harvey Thomas,greater_western_sydney,GWS,1,True,resolved
2026,12,Round 12,2026_R12_west_coast_v_essendon_2026-05-31,CD_M20260141207,2026-05-31,west_coast,essendon,13111,CD_I1023492,Harley Reid,west_coast,WCE,3,False,resolved
2026,12,Round 12,2026_R12_west_coast_v_essendon_2026-05-31,CD_M20260141207,2026-05-31,west_coast,essendon,13038,CD_I1023025,Reuben Ginbey,west_coast,WCE,2,True,resolved
2026,12,Round 12,2026_R12_west_coast_v_essendon_2026-05-31,CD_M20260141207,2026-05-31,west_coast,essendon,12601,CD_I996554,Jake Waterman,west_coast,WCE,1,True,resolved
2026,13,Round 13,2026_R13_adelaide_v_geelong_2026-06-04,CD_M20260141301,2026-06-04,adelaide,geelong,12516,CD_I992242,Jordan Dawson,adelaide,ADEL,3,True,resolved
2026,13,Round 13,2026_R13_adelaide_v_geelong_2026-06-04,CD_M20260141301,2026-06-04,adelaide,geelong,12692,CD_I1006130,Bailey Smith,geelong,GEEL,2,True,resolved
2026,13,Round 13,2026_R13_adelaide_v_geelong_2026-06-04,CD_M20260141301,2026-06-04,adelaide,geelong,11700,CD_I270917,Patrick Dangerfield,geelong,GEEL,1,True,resolved
2026,13,Round 13,2026_R13_hawthorn_v_western_bulldogs_2026-06-05,CD_M20260141302,2026-06-05,hawthorn,western_bulldogs,12915,CD_I1020895,Jai Newcombe,hawthorn,HAW,3,True,resolved
2026,13,Round 13,2026_R13_hawthorn_v_western_bulldogs_2026-06-05,CD_M20260141302,2026-06-05,hawthorn,western_bulldogs,12269,CD_I297373,Marcus Bontempelli,western_bulldogs,WB,2,True,resolved
2026,13,Round 13,2026_R13_hawthorn_v_western_bulldogs_2026-06-05,CD_M20260141302,2026-06-05,hawthorn,western_bulldogs,12605,CD_I1008280,Ed Richards,western_bulldogs,WB,1,True,resolved
2026,13,Round 13,2026_R13_gold_coast_v_brisbane_lions_2026-06-06,CD_M20260141304,2026-06-06,gold_coast,brisbane_lions,13137,CD_I1028019,Logan Morris,brisbane_lions,BL,3,True,resolved
2026,13,Round 13,2026_R13_gold_coast_v_brisbane_lions_2026-06-06,CD_M20260141304,2026-06-06,gold_coast,brisbane_lions,12055,CD_I293535,Lachie Neale,brisbane_lions,BL,2,True,resolved
2026,13,Round 13,2026_R13_gold_coast_v_brisbane_lions_2026-06-06,CD_M20260141304,2026-06-06,gold_coast,brisbane_lions,12743,CD_I1000072,John Noble,gold_coast,GCFC,1,True,resolved
2026,13,Round 13,2026_R13_north_melbourne_v_fremantle_2026-06-06,CD_M20260141303,2026-06-06,north_melbourne,fremantle,13129,CD_I1017754,Patrick Voss,fremantle,FRE,3,True,resolved
2026,13,Round 13,2026_R13_north_melbourne_v_fremantle_2026-06-06,CD_M20260141303,2026-06-06,north_melbourne,fremantle,12779,CD_I1009399,Luke Jackson,fremantle,FRE,2,True,resolved
2026,13,Round 13,2026_R13_north_melbourne_v_fremantle_2026-06-06,CD_M20260141303,2026-06-06,north_melbourne,fremantle,12589,CD_I1002232,Andrew Brayshaw,fremantle,FRE,1,True,resolved
2026,13,Round 13,2026_R13_west_coast_v_port_adelaide_2026-06-06,CD_M20260141305,2026-06-06,west_coast,port_adelaide,12698,CD_I1006121,Zak Butters,port_adelaide,PORT,3,True,resolved
2026,13,Round 13,2026_R13_west_coast_v_port_adelaide_2026-06-06,CD_M20260141305,2026-06-06,west_coast,port_adelaide,12601,CD_I996554,Jake Waterman,west_coast,WCE,2,True,resolved
2026,13,Round 13,2026_R13_west_coast_v_port_adelaide_2026-06-06,CD_M20260141305,2026-06-06,west_coast,port_adelaide,12956,CD_I1011640,Jason Horne-Francis,port_adelaide,PORT,1,False,resolved
2026,13,Round 13,2026_R13_essendon_v_carlton_2026-06-07,CD_M20260141307,2026-06-07,essendon,carlton,12411,CD_I294036,George Hewett,carlton,CARL,3,True,resolved
2026,13,Round 13,2026_R13_essendon_v_carlton_2026-06-07,CD_M20260141307,2026-06-07,essendon,carlton,12925,CD_I1015810,Sam Durham,essendon,ESS,2,True,resolved
2026,13,Round 13,2026_R13_essendon_v_carlton_2026-06-07,CD_M20260141307,2026-06-07,essendon,carlton,12566,CD_I1000953,Harry McKay,carlton,CARL,1,True,resolved
2026,13,Round 13,2026_R13_sydney_v_st_kilda_2026-06-07,CD_M20260141306,2026-06-07,sydney,st_kilda,12326,CD_I298539,Isaac Heeney,sydney,SYD,3,True,resolved
2026,13,Round 13,2026_R13_sydney_v_st_kilda_2026-06-07,CD_M20260141306,2026-06-07,sydney,st_kilda,12950,CD_I1015507,Nasiah Wanganeen-Milera,st_kilda,STK,2,True,resolved
2026,13,Round 13,2026_R13_sydney_v_st_kilda_2026-06-07,CD_M20260141306,2026-06-07,sydney,st_kilda,12797,CD_I1012014,Chad Warner,sydney,SYD,1,True,resolved
2026,13,Round 13,2026_R13_collingwood_v_melbourne_2026-06-08,CD_M20260141308,2026-06-08,collingwood,melbourne,12771,CD_I1008541,Kysaiah Pickett,melbourne,MELB,3,True,resolved
2026,13,Round 13,2026_R13_collingwood_v_melbourne_2026-06-08,CD_M20260141308,2026-06-08,collingwood,melbourne,12943,CD_I1023261,Nick Daicos,collingwood,COLL,2,True,resolved
2026,13,Round 13,2026_R13_collingwood_v_melbourne_2026-06-08,CD_M20260141308,2026-06-08,collingwood,melbourne,11966,CD_I290528,Max Gawn,melbourne,MELB,1,True,resolved
2026,14,Round 14,2026_R14_western_bulldogs_v_adelaide_2026-06-11,CD_M20260141401,2026-06-11,western_bulldogs,adelaide,12516,CD_I992242,Jordan Dawson,adelaide,ADEL,3,True,resolved
2026,14,Round 14,2026_R14_western_bulldogs_v_adelaide_2026-06-11,CD_M20260141401,2026-06-11,western_bulldogs,adelaide,12849,CD_I1012807,Sam Berry,adelaide,ADEL,2,True,resolved
2026,14,Round 14,2026_R14_western_bulldogs_v_adelaide_2026-06-11,CD_M20260141401,2026-06-11,western_bulldogs,adelaide,12165,CD_I293222,Rory Laird,adelaide,ADEL,1,True,resolved
2026,14,Round 14,2026_R14_geelong_v_gold_coast_2026-06-12,CD_M20260141402,2026-06-12,geelong,gold_coast,12692,CD_I1006130,Bailey Smith,geelong,GEEL,3,True,resolved
2026,14,Round 14,2026_R14_geelong_v_gold_coast_2026-06-12,CD_M20260141402,2026-06-12,geelong,gold_coast,12767,CD_I1009199,Noah Anderson,gold_coast,GCFC,2,True,resolved
2026,14,Round 14,2026_R14_geelong_v_gold_coast_2026-06-12,CD_M20260141402,2026-06-12,geelong,gold_coast,12974,CD_I1025034,Oliver Dempsey,geelong,GEEL,1,True,resolved
2026,14,Round 14,2026_R14_melbourne_v_essendon_2026-06-13,CD_M20260141403,2026-06-13,melbourne,essendon,12771,CD_I1008541,Kysaiah Pickett,melbourne,MELB,3,True,resolved
2026,14,Round 14,2026_R14_melbourne_v_essendon_2026-06-13,CD_M20260141403,2026-06-13,melbourne,essendon,11966,CD_I290528,Max Gawn,melbourne,MELB,2,True,resolved
2026,14,Round 14,2026_R14_melbourne_v_essendon_2026-06-13,CD_M20260141403,2026-06-13,melbourne,essendon,12567,CD_I998215,Will Setterfield,essendon,ESS,1,True,resolved
2026,14,Round 14,2026_R14_north_melbourne_v_west_coast_2026-06-13,CD_M20260141404,2026-06-13,north_melbourne,west_coast,13034,CD_I1023518,Harry Sheezel,north_melbourne,NMFC,3,True,resolved
2026,14,Round 14,2026_R14_north_melbourne_v_west_coast_2026-06-13,CD_M20260141404,2026-06-13,north_melbourne,west_coast,12595,CD_I295898,Tim Kelly,west_coast,WCE,2,True,resolved
2026,14,Round 14,2026_R14_north_melbourne_v_west_coast_2026-06-13,CD_M20260141404,2026-06-13,north_melbourne,west_coast,11905,CD_I290838,Jack Darling,north_melbourne,NMFC,1,True,resolved
2026,14,Round 14,2026_R14_port_adelaide_v_sydney_2026-06-13,CD_M20260141405,2026-06-13,port_adelaide,sydney,12326,CD_I298539,Isaac Heeney,sydney,SYD,3,True,resolved
2026,14,Round 14,2026_R14_port_adelaide_v_sydney_2026-06-13,CD_M20260141405,2026-06-13,port_adelaide,sydney,12698,CD_I1006121,Zak Butters,port_adelaide,PORT,2,True,resolved
2026,14,Round 14,2026_R14_port_adelaide_v_sydney_2026-06-13,CD_M20260141405,2026-06-13,port_adelaide,sydney,12890,CD_I992330,Jordon Sweet,port_adelaide,PORT,1,True,resolved
2026,14,Round 14,2026_R14_richmond_v_brisbane_lions_2026-06-14,CD_M20260141406,2026-06-14,richmond,brisbane_lions,13040,CD_I1023517,Will Ashcroft,brisbane_lions,BL,3,True,resolved
2026,14,Round 14,2026_R14_richmond_v_brisbane_lions_2026-06-14,CD_M20260141406,2026-06-14,richmond,brisbane_lions,12610,CD_I1002312,Zac Bailey,brisbane_lions,BL,2,False,resolved
2026,14,Round 14,2026_R14_richmond_v_brisbane_lions_2026-06-14,CD_M20260141406,2026-06-14,richmond,brisbane_lions,12504,CD_I998172,Tim Taranto,richmond,RICH,1,True,resolved
2026,14,Round 14,2026_R14_st_kilda_v_greater_western_sydney_2026-06-14,CD_M20260141407,2026-06-14,st_kilda,greater_western_sydney,12950,CD_I1015507,Nasiah Wanganeen-Milera,st_kilda,STK,3,True,resolved
2026,14,Round 14,2026_R14_st_kilda_v_greater_western_sydney_2026-06-14,CD_M20260141407,2026-06-14,st_kilda,greater_western_sydney,12600,CD_I1004364,Liam Ryan,st_kilda,STK,2,True,resolved
2026,14,Round 14,2026_R14_st_kilda_v_greater_western_sydney_2026-06-14,CD_M20260141407,2026-06-14,st_kilda,greater_western_sydney,12656,CD_I1002251,Brent Daniels,greater_western_sydney,GWS,1,True,resolved
2026,15,Round 15,2026_R15_fremantle_v_geelong_2026-06-18,CD_M20260141501,2026-06-18,fremantle,geelong,12779,CD_I1009399,Luke Jackson,fremantle,FRE,3,True,resolved
2026,15,Round 15,2026_R15_fremantle_v_geelong_2026-06-18,CD_M20260141501,2026-06-18,fremantle,geelong,12589,CD_I1002232,Andrew Brayshaw,fremantle,FRE,2,True,resolved
2026,15,Round 15,2026_R15_fremantle_v_geelong_2026-06-18,CD_M20260141501,2026-06-18,fremantle,geelong,13180,CD_I1028513,Murphy Reid,fremantle,FRE,1,True,resolved
2026,15,Round 15,2026_R15_gold_coast_v_hawthorn_2026-06-19,CD_M20260141502,2026-06-19,gold_coast,hawthorn,12915,CD_I1020895,Jai Newcombe,hawthorn,HAW,3,True,resolved
2026,15,Round 15,2026_R15_gold_coast_v_hawthorn_2026-06-19,CD_M20260141502,2026-06-19,gold_coast,hawthorn,12767,CD_I1009199,Noah Anderson,gold_coast,GCFC,2,True,resolved
2026,15,Round 15,2026_R15_gold_coast_v_hawthorn_2026-06-19,CD_M20260141502,2026-06-19,gold_coast,hawthorn,12521,CD_I993917,Ben Long,gold_coast,GCFC,1,False,resolved
2026,15,Round 15,2026_R15_adelaide_v_melbourne_2026-06-20,CD_M20260141503,2026-06-20,adelaide,melbourne,11966,CD_I290528,Max Gawn,melbourne,MELB,3,True,resolved
2026,15,Round 15,2026_R15_adelaide_v_melbourne_2026-06-20,CD_M20260141503,2026-06-20,adelaide,melbourne,12849,CD_I1012807,Sam Berry,adelaide,ADEL,2,True,resolved
2026,15,Round 15,2026_R15_adelaide_v_melbourne_2026-06-20,CD_M20260141503,2026-06-20,adelaide,melbourne,12953,CD_I1017051,Josh Rachele,adelaide,ADEL,1,True,resolved
2026,15,Round 15,2026_R15_collingwood_v_port_adelaide_2026-06-20,CD_M20260141505,2026-06-20,collingwood,port_adelaide,12943,CD_I1023261,Nick Daicos,collingwood,COLL,3,True,resolved
2026,15,Round 15,2026_R15_collingwood_v_port_adelaide_2026-06-20,CD_M20260141505,2026-06-20,collingwood,port_adelaide,12318,CD_I994185,Jordan De Goey,collingwood,COLL,2,True,resolved
2026,15,Round 15,2026_R15_collingwood_v_port_adelaide_2026-06-20,CD_M20260141505,2026-06-20,collingwood,port_adelaide,12956,CD_I1011640,Jason Horne-Francis,port_adelaide,PORT,1,False,resolved
2026,15,Round 15,2026_R15_greater_western_sydney_v_carlton_2026-06-20,CD_M20260141504,2026-06-20,greater_western_sydney,carlton,12684,CD_I1006094,Sam Walsh,carlton,CARL,3,True,resolved
2026,15,Round 15,2026_R15_greater_western_sydney_v_carlton_2026-06-20,CD_M20260141504,2026-06-20,greater_western_sydney,carlton,12261,CD_I990704,Patrick Cripps,carlton,CARL,2,True,resolved
2026,15,Round 15,2026_R15_greater_western_sydney_v_carlton_2026-06-20,CD_M20260141504,2026-06-20,greater_western_sydney,carlton,12411,CD_I294036,George Hewett,carlton,CARL,1,True,resolved
2026,15,Round 15,2026_R15_richmond_v_north_melbourne_2026-06-21,CD_M20260141506,2026-06-21,richmond,north_melbourne,13034,CD_I1023518,Harry Sheezel,north_melbourne,NMFC,3,True,resolved
2026,15,Round 15,2026_R15_richmond_v_north_melbourne_2026-06-21,CD_M20260141506,2026-06-21,richmond,north_melbourne,13263,CD_I1031988,Cooper Trembath,north_melbourne,NMFC,2,True,resolved
2026,15,Round 15,2026_R15_richmond_v_north_melbourne_2026-06-21,CD_M20260141506,2026-06-21,richmond,north_melbourne,11953,CD_I290778,Luke Parker,north_melbourne,NMFC,1,True,resolved
2026,15,Round 15,2026_R15_st_kilda_v_western_bulldogs_2026-06-21,CD_M20260141507,2026-06-21,st_kilda,western_bulldogs,12269,CD_I297373,Marcus Bontempelli,western_bulldogs,WB,3,True,resolved
2026,15,Round 15,2026_R15_st_kilda_v_western_bulldogs_2026-06-21,CD_M20260141507,2026-06-21,st_kilda,western_bulldogs,12950,CD_I1015507,Nasiah Wanganeen-Milera,st_kilda,STK,2,True,resolved
2026,15,Round 15,2026_R15_st_kilda_v_western_bulldogs_2026-06-21,CD_M20260141507,2026-06-21,st_kilda,western_bulldogs,13125,CD_I1027790,Hugo Garcia,st_kilda,STK,1,True,resolved
2026,16,Round 16,2026_R16_brisbane_lions_v_sydney_2026-06-25,CD_M20260141601,2026-06-25,brisbane_lions,sydney,12797,CD_I1012014,Chad Warner,sydney,SYD,3,True,resolved
2026,16,Round 16,2026_R16_brisbane_lions_v_sydney_2026-06-25,CD_M20260141601,2026-06-25,brisbane_lions,sydney,13040,CD_I1023517,Will Ashcroft,brisbane_lions,BL,2,True,resolved
2026,16,Round 16,2026_R16_brisbane_lions_v_sydney_2026-06-25,CD_M20260141601,2026-06-25,brisbane_lions,sydney,12326,CD_I298539,Isaac Heeney,sydney,SYD,1,True,resolved
2026,16,Round 16,2026_R16_hawthorn_v_greater_western_sydney_2026-06-26,CD_M20260141605,2026-06-26,hawthorn,greater_western_sydney,12927,CD_I1012857,Jack Ginnivan,hawthorn,HAW,3,True,resolved
2026,16,Round 16,2026_R16_hawthorn_v_greater_western_sydney_2026-06-26,CD_M20260141605,2026-06-26,hawthorn,greater_western_sydney,12794,CD_I1008550,Will Day,hawthorn,HAW,2,True,resolved
2026,16,Round 16,2026_R16_hawthorn_v_greater_western_sydney_2026-06-26,CD_M20260141605,2026-06-26,hawthorn,greater_western_sydney,12969,CD_I1023266,Finn Callaghan,greater_western_sydney,GWS,1,True,resolved
2026,16,Round 16,2026_R16_carlton_v_west_coast_2026-06-27,CD_M20260141602,2026-06-27,carlton,west_coast,12261,CD_I990704,Patrick Cripps,carlton,CARL,3,True,resolved
2026,16,Round 16,2026_R16_carlton_v_west_coast_2026-06-27,CD_M20260141602,2026-06-27,carlton,west_coast,12411,CD_I294036,George Hewett,carlton,CARL,2,True,resolved
2026,16,Round 16,2026_R16_carlton_v_west_coast_2026-06-27,CD_M20260141602,2026-06-27,carlton,west_coast,13273,CD_I1033084,Harry Dean,carlton,CARL,1,True,resolved
2026,16,Round 16,2026_R16_collingwood_v_richmond_2026-06-27,CD_M20260141603,2026-06-27,collingwood,richmond,12943,CD_I1023261,Nick Daicos,collingwood,COLL,3,True,resolved
2026,16,Round 16,2026_R16_collingwood_v_richmond_2026-06-27,CD_M20260141603,2026-06-27,collingwood,richmond,12318,CD_I994185,Jordan De Goey,collingwood,COLL,2,True,resolved
2026,16,Round 16,2026_R16_collingwood_v_richmond_2026-06-27,CD_M20260141603,2026-06-27,collingwood,richmond,12504,CD_I998172,Tim Taranto,richmond,RICH,1,True,resolved
2026,16,Round 16,2026_R16_port_adelaide_v_adelaide_2026-06-27,CD_M20260141607,2026-06-27,port_adelaide,adelaide,12698,CD_I1006121,Zak Butters,port_adelaide,PORT,3,True,resolved
2026,16,Round 16,2026_R16_port_adelaide_v_adelaide_2026-06-27,CD_M20260141607,2026-06-27,port_adelaide,adelaide,12956,CD_I1011640,Jason Horne-Francis,port_adelaide,PORT,2,False,resolved
2026,16,Round 16,2026_R16_port_adelaide_v_adelaide_2026-06-27,CD_M20260141607,2026-06-27,port_adelaide,adelaide,12584,CD_I999331,Darcy Fogarty,adelaide,ADEL,1,False,resolved
2026,16,Round 16,2026_R16_fremantle_v_gold_coast_2026-06-28,CD_M20260141604,2026-06-28,fremantle,gold_coast,12589,CD_I1002232,Andrew Brayshaw,fremantle,FRE,3,True,resolved
2026,16,Round 16,2026_R16_fremantle_v_gold_coast_2026-06-28,CD_M20260141604,2026-06-28,fremantle,gold_coast,13180,CD_I1028513,Murphy Reid,fremantle,FRE,2,True,resolved
2026,16,Round 16,2026_R16_fremantle_v_gold_coast_2026-06-28,CD_M20260141604,2026-06-28,fremantle,gold_coast,12535,CD_I993993,Shai Bolton,fremantle,FRE,1,True,resolved
2026,16,Round 16,2026_R16_north_melbourne_v_essendon_2026-06-28,CD_M20260141606,2026-06-28,north_melbourne,essendon,13034,CD_I1023518,Harry Sheezel,north_melbourne,NMFC,3,True,resolved
2026,16,Round 16,2026_R16_north_melbourne_v_essendon_2026-06-28,CD_M20260141606,2026-06-28,north_melbourne,essendon,12590,CD_I1002267,Luke Davies-Uniacke,north_melbourne,NMFC,2,True,resolved
2026,16,Round 16,2026_R16_north_melbourne_v_essendon_2026-06-28,CD_M20260141606,2026-06-28,north_melbourne,essendon,12925,CD_I1015810,Sam Durham,essendon,ESS,1,True,resolved
2026,17,Round 17,2026_R17_geelong_v_brisbane_lions_2026-07-02,CD_M20260141702,2026-07-02,geelong,brisbane_lions,13040,CD_I1023517,Will Ashcroft,brisbane_lions,BL,3,True,resolved
2026,17,Round 17,2026_R17_geelong_v_brisbane_lions_2026-07-02,CD_M20260141702,2026-07-02,geelong,brisbane_lions,11700,CD_I270917,Patrick Dangerfield,geelong,GEEL,2,True,resolved
2026,17,Round 17,2026_R17_geelong_v_brisbane_lions_2026-07-02,CD_M20260141702,2026-07-02,geelong,brisbane_lions,12968,CD_I1014026,Kai Lohmann,brisbane_lions,BL,1,True,resolved
2026,17,Round 17,2026_R17_sydney_v_western_bulldogs_2026-07-03,CD_M20260141708,2026-07-03,sydney,western_bulldogs,12421,CD_I996731,Charlie Curnow,sydney,SYD,3,True,resolved
2026,17,Round 17,2026_R17_sydney_v_western_bulldogs_2026-07-03,CD_M20260141708,2026-07-03,sydney,western_bulldogs,12217,CD_I293957,Brodie Grundy,sydney,SYD,2,True,resolved
2026,17,Round 17,2026_R17_sydney_v_western_bulldogs_2026-07-03,CD_M20260141708,2026-07-03,sydney,western_bulldogs,12326,CD_I298539,Isaac Heeney,sydney,SYD,1,True,resolved
2026,17,Round 17,2026_R17_west_coast_v_adelaide_2026-07-03,CD_M20260141709,2026-07-03,west_coast,adelaide,12516,CD_I992242,Jordan Dawson,adelaide,ADEL,3,True,resolved
2026,17,Round 17,2026_R17_west_coast_v_adelaide_2026-07-03,CD_M20260141709,2026-07-03,west_coast,adelaide,12798,CD_I1001195,Izak Rankine,adelaide,ADEL,2,True,resolved
2026,17,Round 17,2026_R17_west_coast_v_adelaide_2026-07-03,CD_M20260141709,2026-07-03,west_coast,adelaide,13065,CD_I1021200,Lachlan McAndrew,adelaide,ADEL,1,True,resolved
2026,17,Round 17,2026_R17_gold_coast_v_collingwood_2026-07-04,CD_M20260141703,2026-07-04,gold_coast,collingwood,12943,CD_I1023261,Nick Daicos,collingwood,COLL,3,True,resolved
2026,17,Round 17,2026_R17_gold_coast_v_collingwood_2026-07-04,CD_M20260141703,2026-07-04,gold_coast,collingwood,12430,CD_I298210,Christian Petracca,gold_coast,GCFC,2,True,resolved
2026,17,Round 17,2026_R17_gold_coast_v_collingwood_2026-07-04,CD_M20260141703,2026-07-04,gold_coast,collingwood,13278,CD_I1029297,Zeke Uwland,gold_coast,GCFC,1,True,resolved
2026,17,Round 17,2026_R17_greater_western_sydney_v_fremantle_2026-07-04,CD_M20260141704,2026-07-04,greater_western_sydney,fremantle,12167,CD_I293884,Jake Stringer,greater_western_sydney,GWS,3,True,resolved
2026,17,Round 17,2026_R17_greater_western_sydney_v_fremantle_2026-07-04,CD_M20260141704,2026-07-04,greater_western_sydney,fremantle,12025,CD_I295344,Toby Greene,greater_western_sydney,GWS,2,True,resolved
2026,17,Round 17,2026_R17_greater_western_sydney_v_fremantle_2026-07-04,CD_M20260141704,2026-07-04,greater_western_sydney,fremantle,12410,CD_I996701,Clayton Oliver,greater_western_sydney,GWS,1,True,resolved
2026,17,Round 17,2026_R17_hawthorn_v_melbourne_2026-07-04,CD_M20260141705,2026-07-04,hawthorn,melbourne,13048,CD_I1017720,Jacob van Rooyen,melbourne,MELB,3,False,resolved
2026,17,Round 17,2026_R17_hawthorn_v_melbourne_2026-07-04,CD_M20260141705,2026-07-04,hawthorn,melbourne,11966,CD_I290528,Max Gawn,melbourne,MELB,2,True,resolved
2026,17,Round 17,2026_R17_hawthorn_v_melbourne_2026-07-04,CD_M20260141705,2026-07-04,hawthorn,melbourne,12752,CD_I998390,Changkuoth Jiath,melbourne,MELB,1,True,resolved
2026,17,Round 17,2026_R17_richmond_v_carlton_2026-07-04,CD_M20260141707,2026-07-04,richmond,carlton,12411,CD_I294036,George Hewett,carlton,CARL,3,True,resolved
2026,17,Round 17,2026_R17_richmond_v_carlton_2026-07-04,CD_M20260141707,2026-07-04,richmond,carlton,12261,CD_I990704,Patrick Cripps,carlton,CARL,2,True,resolved
2026,17,Round 17,2026_R17_richmond_v_carlton_2026-07-04,CD_M20260141707,2026-07-04,richmond,carlton,13274,CD_I1028515,Jagga Smith,carlton,CARL,1,True,resolved
2026,17,Round 17,2026_R17_essendon_v_st_kilda_2026-07-05,CD_M20260141701,2026-07-05,essendon,st_kilda,12950,CD_I1015507,Nasiah Wanganeen-Milera,st_kilda,STK,3,True,resolved
2026,17,Round 17,2026_R17_essendon_v_st_kilda_2026-07-05,CD_M20260141701,2026-07-05,essendon,st_kilda,13193,CD_I1020855,Max Hall,st_kilda,STK,2,True,resolved
2026,17,Round 17,2026_R17_essendon_v_st_kilda_2026-07-05,CD_M20260141701,2026-07-05,essendon,st_kilda,12060,CD_I295584,Bradley Hill,st_kilda,STK,1,True,resolved
2026,17,Round 17,2026_R17_port_adelaide_v_north_melbourne_2026-07-05,CD_M20260141706,2026-07-05,port_adelaide,north_melbourne,12956,CD_I1011640,Jason Horne-Francis,port_adelaide,PORT,3,False,resolved
2026,17,Round 17,2026_R17_port_adelaide_v_north_melbourne_2026-07-05,CD_M20260141706,2026-07-05,port_adelaide,north_melbourne,13034,CD_I1023518,Harry Sheezel,north_melbourne,NMFC,2,True,resolved
2026,17,Round 17,2026_R17_port_adelaide_v_north_melbourne_2026-07-05,CD_M20260141706,2026-07-05,port_adelaide,north_melbourne,12698,CD_I1006121,Zak Butters,port_adelaide,PORT,1,True,resolved
2026,18,Round 18,2026_R18_fremantle_v_sydney_2026-07-09,CD_M20260141805,2026-07-09,fremantle,sydney,12887,CD_I1012819,Josh Treacy,fremantle,FRE,3,True,resolved
2026,18,Round 18,2026_R18_fremantle_v_sydney_2026-07-09,CD_M20260141805,2026-07-09,fremantle,sydney,12421,CD_I996731,Charlie Curnow,sydney,SYD,2,True,resolved
2026,18,Round 18,2026_R18_fremantle_v_sydney_2026-07-09,CD_M20260141805,2026-07-09,fremantle,sydney,12535,CD_I993993,Shai Bolton,fremantle,FRE,1,True,resolved
2026,18,Round 18,2026_R18_collingwood_v_north_melbourne_2026-07-10,CD_M20260141804,2026-07-10,collingwood,north_melbourne,12943,CD_I1023261,Nick Daicos,collingwood,COLL,3,True,resolved
2026,18,Round 18,2026_R18_collingwood_v_north_melbourne_2026-07-10,CD_M20260141804,2026-07-10,collingwood,north_melbourne,12573,CD_I1005054,Josh Daicos,collingwood,COLL,2,True,resolved
2026,18,Round 18,2026_R18_collingwood_v_north_melbourne_2026-07-10,CD_M20260141804,2026-07-10,collingwood,north_melbourne,12788,CD_I1004965,Tristan Xerri,north_melbourne,NMFC,1,False,resolved
2026,18,Round 18,2026_R18_adelaide_v_gold_coast_2026-07-11,CD_M20260141801,2026-07-11,adelaide,gold_coast,12798,CD_I1001195,Izak Rankine,adelaide,ADEL,3,True,resolved
2026,18,Round 18,2026_R18_adelaide_v_gold_coast_2026-07-11,CD_M20260141801,2026-07-11,adelaide,gold_coast,12516,CD_I992242,Jordan Dawson,adelaide,ADEL,2,True,resolved
2026,18,Round 18,2026_R18_adelaide_v_gold_coast_2026-07-11,CD_M20260141801,2026-07-11,adelaide,gold_coast,12849,CD_I1012807,Sam Berry,adelaide,ADEL,1,True,resolved
2026,18,Round 18,2026_R18_carlton_v_hawthorn_2026-07-11,CD_M20260141803,2026-07-11,carlton,hawthorn,12927,CD_I1012857,Jack Ginnivan,hawthorn,HAW,3,True,resolved
2026,18,Round 18,2026_R18_carlton_v_hawthorn_2026-07-11,CD_M20260141803,2026-07-11,carlton,hawthorn,12954,CD_I1017094,Connor Macdonald,hawthorn,HAW,2,True,resolved
2026,18,Round 18,2026_R18_carlton_v_hawthorn_2026-07-11,CD_M20260141803,2026-07-11,carlton,hawthorn,12794,CD_I1008550,Will Day,hawthorn,HAW,1,True,resolved
2026,18,Round 18,2026_R18_greater_western_sydney_v_geelong_2026-07-11,CD_M20260141806,2026-07-11,greater_western_sydney,geelong,13104,CD_I993878,Shaun Mannagh,geelong,GEEL,3,True,resolved
2026,18,Round 18,2026_R18_greater_western_sydney_v_geelong_2026-07-11,CD_M20260141806,2026-07-11,greater_western_sydney,geelong,12025,CD_I295344,Toby Greene,greater_western_sydney,GWS,2,True,resolved
2026,18,Round 18,2026_R18_greater_western_sydney_v_geelong_2026-07-11,CD_M20260141806,2026-07-11,greater_western_sydney,geelong,12410,CD_I996701,Clayton Oliver,greater_western_sydney,GWS,1,True,resolved
2026,18,Round 18,2026_R18_st_kilda_v_port_adelaide_2026-07-11,CD_M20260141808,2026-07-11,st_kilda,port_adelaide,12060,CD_I295584,Bradley Hill,st_kilda,STK,3,True,resolved
2026,18,Round 18,2026_R18_st_kilda_v_port_adelaide_2026-07-11,CD_M20260141808,2026-07-11,st_kilda,port_adelaide,12703,CD_I296422,Callum Wilkie,st_kilda,STK,2,True,resolved
2026,18,Round 18,2026_R18_st_kilda_v_port_adelaide_2026-07-11,CD_M20260141808,2026-07-11,st_kilda,port_adelaide,12950,CD_I1015507,Nasiah Wanganeen-Milera,st_kilda,STK,1,True,resolved
2026,18,Round 18,2026_R18_brisbane_lions_v_essendon_2026-07-12,CD_M20260141802,2026-07-12,brisbane_lions,essendon,13040,CD_I1023517,Will Ashcroft,brisbane_lions,BL,3,True,resolved
2026,18,Round 18,2026_R18_brisbane_lions_v_essendon_2026-07-12,CD_M20260141802,2026-07-12,brisbane_lions,essendon,12055,CD_I293535,Lachie Neale,brisbane_lions,BL,2,True,resolved
2026,18,Round 18,2026_R18_brisbane_lions_v_essendon_2026-07-12,CD_M20260141802,2026-07-12,brisbane_lions,essendon,12610,CD_I1002312,Zac Bailey,brisbane_lions,BL,1,False,resolved
2026,18,Round 18,2026_R18_melbourne_v_richmond_2026-07-12,CD_M20260141807,2026-07-12,melbourne,richmond,13048,CD_I1017720,Jacob van Rooyen,melbourne,MELB,3,False,resolved
2026,18,Round 18,2026_R18_melbourne_v_richmond_2026-07-12,CD_M20260141807,2026-07-12,melbourne,richmond,12693,CD_I999391,Tom Sparrow,melbourne,MELB,2,True,resolved
2026,18,Round 18,2026_R18_melbourne_v_richmond_2026-07-12,CD_M20260141807,2026-07-12,melbourne,richmond,12368,CD_I296205,Jack Steele,melbourne,MELB,1,True,resolved
2026,18,Round 18,2026_R18_western_bulldogs_v_west_coast_2026-07-12,CD_M20260141809,2026-07-12,western_bulldogs,west_coast,12269,CD_I297373,Marcus Bontempelli,western_bulldogs,WB,3,True,resolved
2026,18,Round 18,2026_R18_western_bulldogs_v_west_coast_2026-07-12,CD_M20260141809,2026-07-12,western_bulldogs,west_coast,12594,CD_I1002404,Aaron Naughton,western_bulldogs,WB,2,True,resolved
2026,18,Round 18,2026_R18_western_bulldogs_v_west_coast_2026-07-12,CD_M20260141809,2026-07-12,western_bulldogs,west_coast,13111,CD_I1023492,Harley Reid,west_coast,WCE,1,False,resolved
2026,19,Round 19,2026_R19_geelong_v_st_kilda_2026-07-16,CD_M20260141903,2026-07-16,geelong,st_kilda,12692,CD_I1006130,Bailey Smith,geelong,GEEL,3,True,resolved
2026,19,Round 19,2026_R19_geelong_v_st_kilda_2026-07-16,CD_M20260141903,2026-07-16,geelong,st_kilda,12689,CD_I1004938,Gryan Miers,geelong,GEEL,2,True,resolved
2026,19,Round 19,2026_R19_geelong_v_st_kilda_2026-07-16,CD_M20260141903,2026-07-16,geelong,st_kilda,12564,CD_I992468,Rowan Marshall,st_kilda,STK,1,True,resolved
2026,19,Round 19,2026_R19_sydney_v_adelaide_2026-07-17,CD_M20260141908,2026-07-17,sydney,adelaide,12584,CD_I999331,Darcy Fogarty,adelaide,ADEL,3,False,resolved
2026,19,Round 19,2026_R19_sydney_v_adelaide_2026-07-17,CD_M20260141908,2026-07-17,sydney,adelaide,12412,CD_I996765,Tom Papley,sydney,SYD,2,True,resolved
2026,19,Round 19,2026_R19_sydney_v_adelaide_2026-07-17,CD_M20260141908,2026-07-17,sydney,adelaide,12798,CD_I1001195,Izak Rankine,adelaide,ADEL,1,True,resolved
2026,19,Round 19,2026_R19_collingwood_v_carlton_2026-07-18,CD_M20260141901,2026-07-18,collingwood,carlton,12943,CD_I1023261,Nick Daicos,collingwood,COLL,3,True,resolved
2026,19,Round 19,2026_R19_collingwood_v_carlton_2026-07-18,CD_M20260141901,2026-07-18,collingwood,carlton,12261,CD_I990704,Patrick Cripps,carlton,CARL,2,True,resolved
2026,19,Round 19,2026_R19_collingwood_v_carlton_2026-07-18,CD_M20260141901,2026-07-18,collingwood,carlton,12318,CD_I994185,Jordan De Goey,collingwood,COLL,1,True,resolved
2026,19,Round 19,2026_R19_north_melbourne_v_melbourne_2026-07-18,CD_M20260141905,2026-07-18,north_melbourne,melbourne,12693,CD_I999391,Tom Sparrow,melbourne,MELB,3,True,resolved
2026,19,Round 19,2026_R19_north_melbourne_v_melbourne_2026-07-18,CD_M20260141905,2026-07-18,north_melbourne,melbourne,12771,CD_I1008541,Kysaiah Pickett,melbourne,MELB,2,True,resolved
2026,19,Round 19,2026_R19_north_melbourne_v_melbourne_2026-07-18,CD_M20260141905,2026-07-18,north_melbourne,melbourne,13034,CD_I1023518,Harry Sheezel,north_melbourne,NMFC,1,True,resolved
2026,19,Round 19,2026_R19_port_adelaide_v_fremantle_2026-07-18,CD_M20260141906,2026-07-18,port_adelaide,fremantle,12786,CD_I1009420,Caleb Serong,fremantle,FRE,3,True,resolved
2026,19,Round 19,2026_R19_port_adelaide_v_fremantle_2026-07-18,CD_M20260141906,2026-07-18,port_adelaide,fremantle,13139,CD_I1008239,Joe Richards,port_adelaide,PORT,2,True,resolved
2026,19,Round 19,2026_R19_port_adelaide_v_fremantle_2026-07-18,CD_M20260141906,2026-07-18,port_adelaide,fremantle,12983,CD_I1020594,Jye Amiss,fremantle,FRE,1,True,resolved
2026,19,Round 19,2026_R19_west_coast_v_brisbane_lions_2026-07-18,CD_M20260141909,2026-07-18,west_coast,brisbane_lions,12055,CD_I293535,Lachie Neale,brisbane_lions,BL,3,True,resolved
2026,19,Round 19,2026_R19_west_coast_v_brisbane_lions_2026-07-18,CD_M20260141909,2026-07-18,west_coast,brisbane_lions,13040,CD_I1023517,Will Ashcroft,brisbane_lions,BL,2,True,resolved
2026,19,Round 19,2026_R19_west_coast_v_brisbane_lions_2026-07-18,CD_M20260141909,2026-07-18,west_coast,brisbane_lions,12408,CD_I993834,Josh Dunkley,brisbane_lions,BL,1,True,resolved
2026,19,Round 19,2026_R19_essendon_v_greater_western_sydney_2026-07-19,CD_M20260141902,2026-07-19,essendon,greater_western_sydney,12241,CD_I992016,Zach Merrett,essendon,ESS,3,True,resolved
2026,19,Round 19,2026_R19_essendon_v_greater_western_sydney_2026-07-19,CD_M20260141902,2026-07-19,essendon,greater_western_sydney,13283,CD_I1027168,Dyson Sharp,essendon,ESS,2,True,resolved
2026,19,Round 19,2026_R19_essendon_v_greater_western_sydney_2026-07-19,CD_M20260141902,2026-07-19,essendon,greater_western_sydney,12410,CD_I996701,Clayton Oliver,greater_western_sydney,GWS,1,True,resolved
2026,19,Round 19,2026_R19_gold_coast_v_western_bulldogs_2026-07-19,CD_M20260141904,2026-07-19,gold_coast,western_bulldogs,12269,CD_I297373,Marcus Bontempelli,western_bulldogs,WB,3,True,resolved
2026,19,Round 19,2026_R19_gold_coast_v_western_bulldogs_2026-07-19,CD_M20260141904,2026-07-19,gold_coast,western_bulldogs,12331,CD_I298272,Touk Miller,gold_coast,GCFC,2,True,resolved
2026,19,Round 19,2026_R19_gold_coast_v_western_bulldogs_2026-07-19,CD_M20260141904,2026-07-19,gold_coast,western_bulldogs,12743,CD_I1000072,John Noble,gold_coast,GCFC,1,True,resolved
2026,19,Round 19,2026_R19_richmond_v_hawthorn_2026-07-19,CD_M20260141907,2026-07-19,richmond,hawthorn,12237,CD_I296254,Jarman Impey,hawthorn,HAW,3,True,resolved
2026,19,Round 19,2026_R19_richmond_v_hawthorn_2026-07-19,CD_M20260141907,2026-07-19,richmond,hawthorn,12954,CD_I1017094,Connor Macdonald,hawthorn,HAW,2,True,resolved
2026,19,Round 19,2026_R19_richmond_v_hawthorn_2026-07-19,CD_M20260141907,2026-07-19,richmond,hawthorn,12636,CD_I1000887,Mitch Lewis,hawthorn,HAW,1,True,resolved
2026,20,Round 20,2026_R20_adelaide_v_collingwood_2026-07-23,CD_M20260142001,2026-07-23,adelaide,collingwood,12943,CD_I1023261,Nick Daicos,collingwood,COLL,3,True,resolved
2026,20,Round 20,2026_R20_adelaide_v_collingwood_2026-07-23,CD_M20260142001,2026-07-23,adelaide,collingwood,4182,CD_I260257,Scott Pendlebury,collingwood,COLL,2,True,resolved
2026,20,Round 20,2026_R20_adelaide_v_collingwood_2026-07-23,CD_M20260142001,2026-07-23,adelaide,collingwood,12849,CD_I1012807,Sam Berry,adelaide,ADEL,1,True,resolved
2026,20,Round 20,2026_R20_fremantle_v_west_coast_2026-07-24,CD_M20260142004,2026-07-24,fremantle,west_coast,13180,CD_I1028513,Murphy Reid,fremantle,FRE,3,True,resolved
2026,20,Round 20,2026_R20_fremantle_v_west_coast_2026-07-24,CD_M20260142004,2026-07-24,fremantle,west_coast,13047,CD_I1016825,Matthew Johnson,fremantle,FRE,2,True,resolved
2026,20,Round 20,2026_R20_fremantle_v_west_coast_2026-07-24,CD_M20260142004,2026-07-24,fremantle,west_coast,12983,CD_I1020594,Jye Amiss,fremantle,FRE,1,True,resolved
2026,20,Round 20,2026_R20_melbourne_v_geelong_2026-07-24,CD_M20260142008,2026-07-24,melbourne,geelong,12992,CD_I1016433,Shannon Neale,geelong,GEEL,3,True,resolved
2026,20,Round 20,2026_R20_melbourne_v_geelong_2026-07-24,CD_M20260142008,2026-07-24,melbourne,geelong,12505,CD_I291800,Tom Stewart,geelong,GEEL,2,True,resolved
2026,20,Round 20,2026_R20_melbourne_v_geelong_2026-07-24,CD_M20260142008,2026-07-24,melbourne,geelong,12690,CD_I994386,Tom Atkins,geelong,GEEL,1,True,resolved
2026,20,Round 20,2026_R20_carlton_v_gold_coast_2026-07-25,CD_M20260142003,2026-07-25,carlton,gold_coast,12261,CD_I990704,Patrick Cripps,carlton,CARL,3,True,resolved
2026,20,Round 20,2026_R20_carlton_v_gold_coast_2026-07-25,CD_M20260142003,2026-07-25,carlton,gold_coast,12411,CD_I294036,George Hewett,carlton,CARL,2,True,resolved
2026,20,Round 20,2026_R20_carlton_v_gold_coast_2026-07-25,CD_M20260142003,2026-07-25,carlton,gold_coast,12768,CD_I1009208,Matt Rowell,gold_coast,GCFC,1,True,resolved
2026,20,Round 20,2026_R20_greater_western_sydney_v_sydney_2026-07-25,CD_M20260142005,2026-07-25,greater_western_sydney,sydney,12862,CD_I1013128,Errol Gulden,sydney,SYD,3,True,resolved
2026,20,Round 20,2026_R20_greater_western_sydney_v_sydney_2026-07-25,CD_M20260142005,2026-07-25,greater_western_sydney,sydney,12797,CD_I1012014,Chad Warner,sydney,SYD,2,True,resolved
2026,20,Round 20,2026_R20_greater_western_sydney_v_sydney_2026-07-25,CD_M20260142005,2026-07-25,greater_western_sydney,sydney,12326,CD_I298539,Isaac Heeney,sydney,SYD,1,True,resolved
2026,20,Round 20,2026_R20_hawthorn_v_essendon_2026-07-25,CD_M20260142006,2026-07-25,hawthorn,essendon,11845,CD_I291351,Jack Gunston,hawthorn,HAW,3,True,resolved
2026,20,Round 20,2026_R20_hawthorn_v_essendon_2026-07-25,CD_M20260142006,2026-07-25,hawthorn,essendon,12237,CD_I296254,Jarman Impey,hawthorn,HAW,2,True,resolved
2026,20,Round 20,2026_R20_hawthorn_v_essendon_2026-07-25,CD_M20260142006,2026-07-25,hawthorn,essendon,12955,CD_I1017110,Josh Ward,hawthorn,HAW,1,True,resolved
2026,20,Round 20,2026_R20_western_bulldogs_v_richmond_2026-07-25,CD_M20260142009,2026-07-25,western_bulldogs,richmond,12605,CD_I1008280,Ed Richards,western_bulldogs,WB,3,True,resolved
2026,20,Round 20,2026_R20_western_bulldogs_v_richmond_2026-07-25,CD_M20260142009,2026-07-25,western_bulldogs,richmond,12269,CD_I297373,Marcus Bontempelli,western_bulldogs,WB,2,True,resolved
2026,20,Round 20,2026_R20_western_bulldogs_v_richmond_2026-07-25,CD_M20260142009,2026-07-25,western_bulldogs,richmond,12916,CD_I1000864,Lachlan Bramble,western_bulldogs,WB,1,True,resolved
2026,20,Round 20,2026_R20_brisbane_lions_v_port_adelaide_2026-07-26,CD_M20260142002,2026-07-26,brisbane_lions,port_adelaide,12610,CD_I1002312,Zac Bailey,brisbane_lions,BL,3,False,resolved
2026,20,Round 20,2026_R20_brisbane_lions_v_port_adelaide_2026-07-26,CD_M20260142002,2026-07-26,brisbane_lions,port_adelaide,13040,CD_I1023517,Will Ashcroft,brisbane_lions,BL,2,True,resolved
2026,20,Round 20,2026_R20_brisbane_lions_v_port_adelaide_2026-07-26,CD_M20260142002,2026-07-26,brisbane_lions,port_adelaide,12956,CD_I1011640,Jason Horne-Francis,port_adelaide,PORT,1,False,resolved
2026,20,Round 20,2026_R20_north_melbourne_v_st_kilda_2026-07-26,CD_M20260142007,2026-07-26,north_melbourne,st_kilda,12950,CD_I1015507,Nasiah Wanganeen-Milera,st_kilda,STK,3,True,resolved
2026,20,Round 20,2026_R20_north_melbourne_v_st_kilda_2026-07-26,CD_M20260142007,2026-07-26,north_melbourne,st_kilda,12060,CD_I295584,Bradley Hill,st_kilda,STK,2,True,resolved
2026,20,Round 20,2026_R20_north_melbourne_v_st_kilda_2026-07-26,CD_M20260142007,2026-07-26,north_melbourne,st_kilda,13034,CD_I1023518,Harry Sheezel,north_melbourne,NMFC,1,True,resolved
2026,21,Round 21,2026_R21_collingwood_v_geelong_2026-07-30,CD_M20260142102,2026-07-30,collingwood,geelong,12974,CD_I1025034,Oliver Dempsey,geelong,GEEL,3,True,resolved
2026,21,Round 21,2026_R21_collingwood_v_geelong_2026-07-30,CD_M20260142102,2026-07-30,collingwood,geelong,12291,CD_I297504,Daniel McStay,collingwood,COLL,2,True,resolved
2026,21,Round 21,2026_R21_collingwood_v_geelong_2026-07-30,CD_M20260142102,2026-07-30,collingwood,geelong,12692,CD_I1006130,Bailey Smith,geelong,GEEL,1,True,resolved
2026,21,Round 21,2026_R21_fremantle_v_western_bulldogs_2026-07-31,CD_M20260142104,2026-07-31,fremantle,western_bulldogs,13180,CD_I1028513,Murphy Reid,fremantle,FRE,3,True,resolved
2026,21,Round 21,2026_R21_fremantle_v_western_bulldogs_2026-07-31,CD_M20260142104,2026-07-31,fremantle,western_bulldogs,12779,CD_I1009399,Luke Jackson,fremantle,FRE,2,True,resolved
2026,21,Round 21,2026_R21_fremantle_v_western_bulldogs_2026-07-31,CD_M20260142104,2026-07-31,fremantle,western_bulldogs,12887,CD_I1012819,Josh Treacy,fremantle,FRE,1,True,resolved
2026,21,Round 21,2026_R21_carlton_v_brisbane_lions_2026-08-01,CD_M20260142101,2026-08-01,carlton,brisbane_lions,13274,CD_I1028515,Jagga Smith,carlton,CARL,3,True,resolved
2026,21,Round 21,2026_R21_carlton_v_brisbane_lions_2026-08-01,CD_M20260142101,2026-08-01,carlton,brisbane_lions,12411,CD_I294036,George Hewett,carlton,CARL,2,True,resolved
2026,21,Round 21,2026_R21_carlton_v_brisbane_lions_2026-08-01,CD_M20260142101,2026-08-01,carlton,brisbane_lions,12566,CD_I1000953,Harry McKay,carlton,CARL,1,True,resolved
2026,21,Round 21,2026_R21_hawthorn_v_north_melbourne_2026-08-01,CD_M20260142106,2026-08-01,hawthorn,north_melbourne,12915,CD_I1020895,Jai Newcombe,hawthorn,HAW,3,True,resolved
2026,21,Round 21,2026_R21_hawthorn_v_north_melbourne_2026-08-01,CD_M20260142106,2026-08-01,hawthorn,north_melbourne,13105,CD_I1023473,Nick Watson,hawthorn,HAW,2,True,resolved
2026,21,Round 21,2026_R21_hawthorn_v_north_melbourne_2026-08-01,CD_M20260142106,2026-08-01,hawthorn,north_melbourne,12590,CD_I1002267,Luke Davies-Uniacke,north_melbourne,NMFC,1,True,resolved
2026,21,Round 21,2026_R21_port_adelaide_v_greater_western_sydney_2026-08-01,CD_M20260142107,2026-08-01,port_adelaide,greater_western_sydney,12956,CD_I1011640,Jason Horne-Francis,port_adelaide,PORT,3,False,resolved
2026,21,Round 21,2026_R21_port_adelaide_v_greater_western_sydney_2026-08-01,CD_M20260142107,2026-08-01,port_adelaide,greater_western_sydney,12028,CD_I291969,Stephen Coniglio,greater_western_sydney,GWS,2,True,resolved
2026,21,Round 21,2026_R21_port_adelaide_v_greater_western_sydney_2026-08-01,CD_M20260142107,2026-08-01,port_adelaide,greater_western_sydney,12143,CD_I294305,Lachie Whitfield,greater_western_sydney,GWS,1,True,resolved
2026,21,Round 21,2026_R21_st_kilda_v_sydney_2026-08-01,CD_M20260142109,2026-08-01,st_kilda,sydney,12862,CD_I1013128,Errol Gulden,sydney,SYD,3,True,resolved
2026,21,Round 21,2026_R21_st_kilda_v_sydney_2026-08-01,CD_M20260142109,2026-08-01,st_kilda,sydney,12703,CD_I296422,Callum Wilkie,st_kilda,STK,2,True,resolved
2026,21,Round 21,2026_R21_st_kilda_v_sydney_2026-08-01,CD_M20260142109,2026-08-01,st_kilda,sydney,12797,CD_I1012014,Chad Warner,sydney,SYD,1,True,resolved
2026,21,Round 21,2026_R21_essendon_v_adelaide_2026-08-02,CD_M20260142103,2026-08-02,essendon,adelaide,12516,CD_I992242,Jordan Dawson,adelaide,ADEL,3,True,resolved
2026,21,Round 21,2026_R21_essendon_v_adelaide_2026-08-02,CD_M20260142103,2026-08-02,essendon,adelaide,12798,CD_I1001195,Izak Rankine,adelaide,ADEL,2,True,resolved
2026,21,Round 21,2026_R21_essendon_v_adelaide_2026-08-02,CD_M20260142103,2026-08-02,essendon,adelaide,12892,CD_I1008384,Riley Thilthorpe,adelaide,ADEL,1,False,resolved
2026,21,Round 21,2026_R21_gold_coast_v_melbourne_2026-08-02,CD_M20260142105,2026-08-02,gold_coast,melbourne,11966,CD_I290528,Max Gawn,melbourne,MELB,3,True,resolved
2026,21,Round 21,2026_R21_gold_coast_v_melbourne_2026-08-02,CD_M20260142105,2026-08-02,gold_coast,melbourne,12693,CD_I999391,Tom Sparrow,melbourne,MELB,2,True,resolved
2026,21,Round 21,2026_R21_gold_coast_v_melbourne_2026-08-02,CD_M20260142105,2026-08-02,gold_coast,melbourne,13335,CD_I1017073,Joel Fitzgerald,melbourne,MELB,1,True,resolved
2026,21,Round 21,2026_R21_richmond_v_west_coast_2026-08-02,CD_M20260142108,2026-08-02,richmond,west_coast,12504,CD_I998172,Tim Taranto,richmond,RICH,3,True,resolved
2026,21,Round 21,2026_R21_richmond_v_west_coast_2026-08-02,CD_M20260142108,2026-08-02,richmond,west_coast,13111,CD_I1023492,Harley Reid,west_coast,WCE,2,False,resolved
2026,21,Round 21,2026_R21_richmond_v_west_coast_2026-08-02,CD_M20260142108,2026-08-02,richmond,west_coast,13190,CD_I1028491,Sam Lalor,richmond,RICH,1,True,resolved
2026,22,Round 22,2026_R22_western_bulldogs_v_north_melbourne_2026-08-06,CD_M20260142209,2026-08-06,western_bulldogs,north_melbourne,12590,CD_I1002267,Luke Davies-Uniacke,north_melbourne,NMFC,3,True,resolved
2026,22,Round 22,2026_R22_western_bulldogs_v_north_melbourne_2026-08-06,CD_M20260142209,2026-08-06,western_bulldogs,north_melbourne,13034,CD_I1023518,Harry Sheezel,north_melbourne,NMFC,2,True,resolved
2026,22,Round 22,2026_R22_western_bulldogs_v_north_melbourne_2026-08-06,CD_M20260142209,2026-08-06,western_bulldogs,north_melbourne,12975,CD_I1002947,Paul Curtis,north_melbourne,NMFC,1,False,resolved
2026,22,Round 22,2026_R22_brisbane_lions_v_hawthorn_2026-08-07,CD_M20260142202,2026-08-07,brisbane_lions,hawthorn,12968,CD_I1014026,Kai Lohmann,brisbane_lions,BL,3,True,resolved
2026,22,Round 22,2026_R22_brisbane_lions_v_hawthorn_2026-08-07,CD_M20260142202,2026-08-07,brisbane_lions,hawthorn,13040,CD_I1023517,Will Ashcroft,brisbane_lions,BL,2,True,resolved
2026,22,Round 22,2026_R22_brisbane_lions_v_hawthorn_2026-08-07,CD_M20260142202,2026-08-07,brisbane_lions,hawthorn,13137,CD_I1028019,Logan Morris,brisbane_lions,BL,1,True,resolved
2026,22,Round 22,2026_R22_adelaide_v_richmond_2026-08-08,CD_M20260142201,2026-08-08,adelaide,richmond,12798,CD_I1001195,Izak Rankine,adelaide,ADEL,3,True,resolved
2026,22,Round 22,2026_R22_adelaide_v_richmond_2026-08-08,CD_M20260142201,2026-08-08,adelaide,richmond,12516,CD_I992242,Jordan Dawson,adelaide,ADEL,2,True,resolved
2026,22,Round 22,2026_R22_adelaide_v_richmond_2026-08-08,CD_M20260142201,2026-08-08,adelaide,richmond,,CD_I1006133,Jack Ross,richmond,RICH,1,True,unresolved
2026,22,Round 22,2026_R22_geelong_v_essendon_2026-08-08,CD_M20260142203,2026-08-08,geelong,essendon,12692,CD_I1006130,Bailey Smith,geelong,GEEL,3,True,resolved
2026,22,Round 22,2026_R22_geelong_v_essendon_2026-08-08,CD_M20260142203,2026-08-08,geelong,essendon,12974,CD_I1025034,Oliver Dempsey,geelong,GEEL,2,True,resolved
2026,22,Round 22,2026_R22_geelong_v_essendon_2026-08-08,CD_M20260142203,2026-08-08,geelong,essendon,12851,CD_I1012860,Oliver Henry,geelong,GEEL,1,True,resolved
2026,22,Round 22,2026_R22_melbourne_v_fremantle_2026-08-08,CD_M20260142205,2026-08-08,melbourne,fremantle,12771,CD_I1008541,Kysaiah Pickett,melbourne,MELB,3,True,resolved
2026,22,Round 22,2026_R22_melbourne_v_fremantle_2026-08-08,CD_M20260142205,2026-08-08,melbourne,fremantle,12693,CD_I999391,Tom Sparrow,melbourne,MELB,2,True,resolved
2026,22,Round 22,2026_R22_melbourne_v_fremantle_2026-08-08,CD_M20260142205,2026-08-08,melbourne,fremantle,12983,CD_I1020594,Jye Amiss,fremantle,FRE,1,True,resolved
2026,22,Round 22,2026_R22_sydney_v_port_adelaide_2026-08-08,CD_M20260142207,2026-08-08,sydney,port_adelaide,12862,CD_I1013128,Errol Gulden,sydney,SYD,3,True,resolved
2026,22,Round 22,2026_R22_sydney_v_port_adelaide_2026-08-08,CD_M20260142207,2026-08-08,sydney,port_adelaide,12797,CD_I1012014,Chad Warner,sydney,SYD,2,True,resolved
2026,22,Round 22,2026_R22_sydney_v_port_adelaide_2026-08-08,CD_M20260142207,2026-08-08,sydney,port_adelaide,12326,CD_I298539,Isaac Heeney,sydney,SYD,1,True,resolved
2026,22,Round 22,2026_R22_greater_western_sydney_v_gold_coast_2026-08-09,CD_M20260142204,2026-08-09,greater_western_sydney,gold_coast,12768,CD_I1009208,Matt Rowell,gold_coast,GCFC,3,True,resolved
2026,22,Round 22,2026_R22_greater_western_sydney_v_gold_coast_2026-08-09,CD_M20260142204,2026-08-09,greater_western_sydney,gold_coast,12331,CD_I298272,Touk Miller,gold_coast,GCFC,2,True,resolved
2026,22,Round 22,2026_R22_greater_western_sydney_v_gold_coast_2026-08-09,CD_M20260142204,2026-08-09,greater_western_sydney,gold_coast,12025,CD_I295344,Toby Greene,greater_western_sydney,GWS,1,True,resolved
2026,22,Round 22,2026_R22_st_kilda_v_carlton_2026-08-09,CD_M20260142206,2026-08-09,st_kilda,carlton,12684,CD_I1006094,Sam Walsh,carlton,CARL,3,True,resolved
2026,22,Round 22,2026_R22_st_kilda_v_carlton_2026-08-09,CD_M20260142206,2026-08-09,st_kilda,carlton,12261,CD_I990704,Patrick Cripps,carlton,CARL,2,True,resolved
2026,22,Round 22,2026_R22_st_kilda_v_carlton_2026-08-09,CD_M20260142206,2026-08-09,st_kilda,carlton,13193,CD_I1020855,Max Hall,st_kilda,STK,1,True,resolved
2026,22,Round 22,2026_R22_west_coast_v_collingwood_2026-08-09,CD_M20260142208,2026-08-09,west_coast,collingwood,12943,CD_I1023261,Nick Daicos,collingwood,COLL,3,True,resolved
2026,22,Round 22,2026_R22_west_coast_v_collingwood_2026-08-09,CD_M20260142208,2026-08-09,west_coast,collingwood,12087,CD_I292128,Elliot Yeo,west_coast,WCE,2,True,resolved
2026,22,Round 22,2026_R22_west_coast_v_collingwood_2026-08-09,CD_M20260142208,2026-08-09,west_coast,collingwood,12291,CD_I297504,Daniel McStay,collingwood,COLL,1,True,resolved
2026,23,Round 23,2026_R23_fremantle_v_adelaide_2026-08-14,CD_M20260142303,2026-08-14,fremantle,adelaide,12798,CD_I1001195,Izak Rankine,adelaide,ADEL,3,True,resolved
2026,23,Round 23,2026_R23_fremantle_v_adelaide_2026-08-14,CD_M20260142303,2026-08-14,fremantle,adelaide,12786,CD_I1009420,Caleb Serong,fremantle,FRE,2,True,resolved
2026,23,Round 23,2026_R23_fremantle_v_adelaide_2026-08-14,CD_M20260142303,2026-08-14,fremantle,adelaide,12983,CD_I1020594,Jye Amiss,fremantle,FRE,1,True,resolved
2026,23,Round 23,2026_R23_brisbane_lions_v_gold_coast_2026-08-15,CD_M20260142301,2026-08-15,brisbane_lions,gold_coast,13040,CD_I1023517,Will Ashcroft,brisbane_lions,BL,3,True,resolved
2026,23,Round 23,2026_R23_brisbane_lions_v_gold_coast_2026-08-15,CD_M20260142301,2026-08-15,brisbane_lions,gold_coast,12610,CD_I1002312,Zac Bailey,brisbane_lions,BL,2,False,resolved
2026,23,Round 23,2026_R23_brisbane_lions_v_gold_coast_2026-08-15,CD_M20260142301,2026-08-15,brisbane_lions,gold_coast,12076,CD_I261224,Dayne Zorko,brisbane_lions,BL,1,True,resolved
2026,23,Round 23,2026_R23_hawthorn_v_collingwood_2026-08-15,CD_M20260142305,2026-08-15,hawthorn,collingwood,12943,CD_I1023261,Nick Daicos,collingwood,COLL,3,True,resolved
2026,23,Round 23,2026_R23_hawthorn_v_collingwood_2026-08-15,CD_M20260142305,2026-08-15,hawthorn,collingwood,12915,CD_I1020895,Jai Newcombe,hawthorn,HAW,2,True,resolved
2026,23,Round 23,2026_R23_hawthorn_v_collingwood_2026-08-15,CD_M20260142305,2026-08-15,hawthorn,collingwood,13340,CD_I1037021,Sam Swadling,collingwood,COLL,1,True,resolved
2026,23,Round 23,2026_R23_north_melbourne_v_geelong_2026-08-15,CD_M20260142306,2026-08-15,north_melbourne,geelong,12692,CD_I1006130,Bailey Smith,geelong,GEEL,3,True,resolved
2026,23,Round 23,2026_R23_north_melbourne_v_geelong_2026-08-15,CD_M20260142306,2026-08-15,north_melbourne,geelong,12502,CD_I993998,Jy Simpkin,north_melbourne,NMFC,2,True,resolved
2026,23,Round 23,2026_R23_north_melbourne_v_geelong_2026-08-15,CD_M20260142306,2026-08-15,north_melbourne,geelong,12871,CD_I1012805,Tanner Bruhn,geelong,GEEL,1,True,resolved
2026,23,Round 23,2026_R23_port_adelaide_v_melbourne_2026-08-15,CD_M20260142307,2026-08-15,port_adelaide,melbourne,11966,CD_I290528,Max Gawn,melbourne,MELB,3,True,resolved
2026,23,Round 23,2026_R23_port_adelaide_v_melbourne_2026-08-15,CD_M20260142307,2026-08-15,port_adelaide,melbourne,12756,CD_I1005330,Kade Chandler,melbourne,MELB,2,True,resolved
2026,23,Round 23,2026_R23_port_adelaide_v_melbourne_2026-08-15,CD_M20260142307,2026-08-15,port_adelaide,melbourne,12368,CD_I296205,Jack Steele,melbourne,MELB,1,True,resolved
2026,23,Round 23,2026_R23_richmond_v_st_kilda_2026-08-15,CD_M20260142308,2026-08-15,richmond,st_kilda,13193,CD_I1020855,Max Hall,st_kilda,STK,3,True,resolved
2026,23,Round 23,2026_R23_richmond_v_st_kilda_2026-08-15,CD_M20260142308,2026-08-15,richmond,st_kilda,12948,CD_I1023272,Mitch Owens,st_kilda,STK,2,True,resolved
2026,23,Round 23,2026_R23_richmond_v_st_kilda_2026-08-15,CD_M20260142308,2026-08-15,richmond,st_kilda,12060,CD_I295584,Bradley Hill,st_kilda,STK,1,True,resolved
2026,23,Round 23,2026_R23_essendon_v_sydney_2026-08-16,CD_M20260142302,2026-08-16,essendon,sydney,12862,CD_I1013128,Errol Gulden,sydney,SYD,3,True,resolved
2026,23,Round 23,2026_R23_essendon_v_sydney_2026-08-16,CD_M20260142302,2026-08-16,essendon,sydney,12326,CD_I298539,Isaac Heeney,sydney,SYD,2,True,resolved
2026,23,Round 23,2026_R23_essendon_v_sydney_2026-08-16,CD_M20260142302,2026-08-16,essendon,sydney,12797,CD_I1012014,Chad Warner,sydney,SYD,1,True,resolved
2026,23,Round 23,2026_R23_greater_western_sydney_v_west_coast_2026-08-16,CD_M20260142304,2026-08-16,greater_western_sydney,west_coast,12782,CD_I1009253,Lachie Ash,greater_western_sydney,GWS,3,True,resolved
2026,23,Round 23,2026_R23_greater_western_sydney_v_west_coast_2026-08-16,CD_M20260142304,2026-08-16,greater_western_sydney,west_coast,12410,CD_I996701,Clayton Oliver,greater_western_sydney,GWS,2,True,resolved
2026,23,Round 23,2026_R23_greater_western_sydney_v_west_coast_2026-08-16,CD_M20260142304,2026-08-16,greater_western_sydney,west_coast,12143,CD_I294305,Lachie Whitfield,greater_western_sydney,GWS,1,True,resolved
2026,23,Round 23,2026_R23_western_bulldogs_v_carlton_2026-08-16,CD_M20260142309,2026-08-16,western_bulldogs,carlton,12605,CD_I1008280,Ed Richards,western_bulldogs,WB,3,True,resolved
2026,23,Round 23,2026_R23_western_bulldogs_v_carlton_2026-08-16,CD_M20260142309,2026-08-16,western_bulldogs,carlton,12684,CD_I1006094,Sam Walsh,carlton,CARL,2,True,resolved
2026,23,Round 23,2026_R23_western_bulldogs_v_carlton_2026-08-16,CD_M20260142309,2026-08-16,western_bulldogs,carlton,12261,CD_I990704,Patrick Cripps,carlton,CARL,1,True,resolved
2026,24,Round 24,2026_R24_st_kilda_v_gold_coast_2026-08-20,CD_M20260142407,2026-08-20,st_kilda,gold_coast,12768,CD_I1009208,Matt Rowell,gold_coast,GCFC,3,True,resolved
2026,24,Round 24,2026_R24_st_kilda_v_gold_coast_2026-08-20,CD_M20260142407,2026-08-20,st_kilda,gold_coast,12767,CD_I1009199,Noah Anderson,gold_coast,GCFC,2,True,resolved
2026,24,Round 24,2026_R24_st_kilda_v_gold_coast_2026-08-20,CD_M20260142407,2026-08-20,st_kilda,gold_coast,13193,CD_I1020855,Max Hall,st_kilda,STK,1,True,resolved
2026,24,Round 24,2026_R24_collingwood_v_brisbane_lions_2026-08-21,CD_M20260142402,2026-08-21,collingwood,brisbane_lions,13137,CD_I1028019,Logan Morris,brisbane_lions,BL,3,True,resolved
2026,24,Round 24,2026_R24_collingwood_v_brisbane_lions_2026-08-21,CD_M20260142402,2026-08-21,collingwood,brisbane_lions,12055,CD_I293535,Lachie Neale,brisbane_lions,BL,2,True,resolved
2026,24,Round 24,2026_R24_collingwood_v_brisbane_lions_2026-08-21,CD_M20260142402,2026-08-21,collingwood,brisbane_lions,12454,CD_I993953,Eric Hipwood,brisbane_lions,BL,1,True,resolved
2026,24,Round 24,2026_R24_adelaide_v_greater_western_sydney_2026-08-22,CD_M20260142401,2026-08-22,adelaide,greater_western_sydney,12798,CD_I1001195,Izak Rankine,adelaide,ADEL,3,True,resolved
2026,24,Round 24,2026_R24_adelaide_v_greater_western_sydney_2026-08-22,CD_M20260142401,2026-08-22,adelaide,greater_western_sydney,12892,CD_I1008384,Riley Thilthorpe,adelaide,ADEL,2,False,resolved
2026,24,Round 24,2026_R24_adelaide_v_greater_western_sydney_2026-08-22,CD_M20260142401,2026-08-22,adelaide,greater_western_sydney,11713,CD_I280506,Taylor Walker,adelaide,ADEL,1,False,resolved
2026,24,Round 24,2026_R24_carlton_v_fremantle_2026-08-22,CD_M20260142403,2026-08-22,carlton,fremantle,13274,CD_I1028515,Jagga Smith,carlton,CARL,3,True,resolved
2026,24,Round 24,2026_R24_carlton_v_fremantle_2026-08-22,CD_M20260142403,2026-08-22,carlton,fremantle,12498,CD_I998130,Ben Ainsworth,carlton,CARL,2,True,resolved
2026,24,Round 24,2026_R24_carlton_v_fremantle_2026-08-22,CD_M20260142403,2026-08-22,carlton,fremantle,12684,CD_I1006094,Sam Walsh,carlton,CARL,1,True,resolved
2026,24,Round 24,2026_R24_geelong_v_richmond_2026-08-22,CD_M20260142405,2026-08-22,geelong,richmond,12692,CD_I1006130,Bailey Smith,geelong,GEEL,3,True,resolved
2026,24,Round 24,2026_R24_geelong_v_richmond_2026-08-22,CD_M20260142405,2026-08-22,geelong,richmond,13104,CD_I993878,Shaun Mannagh,geelong,GEEL,2,True,resolved
2026,24,Round 24,2026_R24_geelong_v_richmond_2026-08-22,CD_M20260142405,2026-08-22,geelong,richmond,12504,CD_I998172,Tim Taranto,richmond,RICH,1,True,resolved
2026,24,Round 24,2026_R24_melbourne_v_western_bulldogs_2026-08-22,CD_M20260142406,2026-08-22,melbourne,western_bulldogs,12269,CD_I297373,Marcus Bontempelli,western_bulldogs,WB,3,True,resolved
2026,24,Round 24,2026_R24_melbourne_v_western_bulldogs_2026-08-22,CD_M20260142406,2026-08-22,melbourne,western_bulldogs,11966,CD_I290528,Max Gawn,melbourne,MELB,2,True,resolved
2026,24,Round 24,2026_R24_melbourne_v_western_bulldogs_2026-08-22,CD_M20260142406,2026-08-22,melbourne,western_bulldogs,12653,CD_I1008893,Harrison Petty,melbourne,MELB,1,True,resolved
2026,24,Round 24,2026_R24_essendon_v_port_adelaide_2026-08-23,CD_M20260142404,2026-08-23,essendon,port_adelaide,13007,CD_I1013462,Jase Burgoyne,port_adelaide,PORT,3,True,resolved
2026,24,Round 24,2026_R24_essendon_v_port_adelaide_2026-08-23,CD_M20260142404,2026-08-23,essendon,port_adelaide,12241,CD_I992016,Zach Merrett,essendon,ESS,2,True,resolved
2026,24,Round 24,2026_R24_essendon_v_port_adelaide_2026-08-23,CD_M20260142404,2026-08-23,essendon,port_adelaide,13148,CD_I1027899,Nate Caddy,essendon,ESS,1,True,resolved
2026,24,Round 24,2026_R24_sydney_v_north_melbourne_2026-08-23,CD_M20260142408,2026-08-23,sydney,north_melbourne,12862,CD_I1013128,Errol Gulden,sydney,SYD,3,True,resolved
2026,24,Round 24,2026_R24_sydney_v_north_melbourne_2026-08-23,CD_M20260142408,2026-08-23,sydney,north_melbourne,12217,CD_I293957,Brodie Grundy,sydney,SYD,2,True,resolved
2026,24,Round 24,2026_R24_sydney_v_north_melbourne_2026-08-23,CD_M20260142408,2026-08-23,sydney,north_melbourne,12863,CD_I1013133,Braeden Campbell,sydney,SYD,1,True,resolved
2026,24,Round 24,2026_R24_west_coast_v_hawthorn_2026-08-23,CD_M20260142409,2026-08-23,west_coast,hawthorn,12794,CD_I1008550,Will Day,hawthorn,HAW,3,True,resolved
2026,24,Round 24,2026_R24_west_coast_v_hawthorn_2026-08-23,CD_M20260142409,2026-08-23,west_coast,hawthorn,11845,CD_I291351,Jack Gunston,hawthorn,HAW,2,True,resolved
2026,24,Round 24,2026_R24_west_coast_v_hawthorn_2026-08-23,CD_M20260142409,2026-08-23,west_coast,hawthorn,13294,CD_I1005972,Milan Murdock,west_coast,WCE,1,True,resolved
