season,afl_leaderboard_order,player_id,afl_player_id,player_name,player_team,eligible,round,round_label,afl_match_id,match_id,status,actual_votes,afl_predicted_votes
2026,1,12943,CD_I1023261,Nick Daicos,collingwood,True,0,Opening Round,CD_M20260140005,2026_R0_st_kilda_v_collingwood_2026-03-08,played,3,3
2026,1,12943,CD_I1023261,Nick Daicos,collingwood,True,1,Round 1,CD_M20260140106,2026_R1_collingwood_v_adelaide_2026-03-14,played,3,1
2026,1,12943,CD_I1023261,Nick Daicos,collingwood,True,2,Round 2,,,bye,,
2026,1,12943,CD_I1023261,Nick Daicos,collingwood,True,3,Round 3,CD_M20260140302,2026_R3_collingwood_v_greater_western_sydney_2026-03-27,played,3,3
2026,1,12943,CD_I1023261,Nick Daicos,collingwood,True,4,Round 4,CD_M20260140401,2026_R4_brisbane_lions_v_collingwood_2026-04-02,did_not_play,,
2026,1,12943,CD_I1023261,Nick Daicos,collingwood,True,5,Round 5,CD_M20260140502,2026_R5_collingwood_v_fremantle_2026-04-10,played,1,3
2026,1,12943,CD_I1023261,Nick Daicos,collingwood,True,6,Round 6,CD_M20260140601,2026_R6_carlton_v_collingwood_2026-04-16,played,3,3
2026,1,12943,CD_I1023261,Nick Daicos,collingwood,True,7,Round 7,CD_M20260140704,2026_R7_essendon_v_collingwood_2026-04-25,played,2,2
2026,1,12943,CD_I1023261,Nick Daicos,collingwood,True,8,Round 8,CD_M20260140801,2026_R8_collingwood_v_hawthorn_2026-04-30,played,1,0
2026,1,12943,CD_I1023261,Nick Daicos,collingwood,True,9,Round 9,,,played,0,0
2026,1,12943,CD_I1023261,Nick Daicos,collingwood,True,10,Round 10,CD_M20260141002,2026_R10_sydney_v_collingwood_2026-05-15,played,0,1
2026,1,12943,CD_I1023261,Nick Daicos,collingwood,True,11,Round 11,CD_M20260141106,2026_R11_collingwood_v_west_coast_2026-05-23,played,3,3
2026,1,12943,CD_I1023261,Nick Daicos,collingwood,True,12,Round 12,CD_M20260141205,2026_R12_western_bulldogs_v_collingwood_2026-05-30,played,2,3
2026,1,12943,CD_I1023261,Nick Daicos,collingwood,True,13,Round 13,CD_M20260141308,2026_R13_collingwood_v_melbourne_2026-06-08,played,2,2
2026,1,12943,CD_I1023261,Nick Daicos,collingwood,True,14,Round 14,,,bye,,
2026,1,12943,CD_I1023261,Nick Daicos,collingwood,True,15,Round 15,CD_M20260141505,2026_R15_collingwood_v_port_adelaide_2026-06-20,played,3,2
2026,1,12943,CD_I1023261,Nick Daicos,collingwood,True,16,Round 16,CD_M20260141603,2026_R16_collingwood_v_richmond_2026-06-27,played,3,3
2026,1,12943,CD_I1023261,Nick Daicos,collingwood,True,17,Round 17,CD_M20260141703,2026_R17_gold_coast_v_collingwood_2026-07-04,played,3,3
2026,1,12943,CD_I1023261,Nick Daicos,collingwood,True,18,Round 18,CD_M20260141804,2026_R18_collingwood_v_north_melbourne_2026-07-10,played,3,2
2026,1,12943,CD_I1023261,Nick Daicos,collingwood,True,19,Round 19,CD_M20260141901,2026_R19_collingwood_v_carlton_2026-07-18,played,3,3
2026,1,12943,CD_I1023261,Nick Daicos,collingwood,True,20,Round 20,CD_M20260142001,2026_R20_adelaide_v_collingwood_2026-07-23,played,3,3
2026,1,12943,CD_I1023261,Nick Daicos,collingwood,True,21,Round 21,CD_M20260142102,2026_R21_collingwood_v_geelong_2026-07-30,played,0,1
2026,1,12943,CD_I1023261,Nick Daicos,collingwood,True,22,Round 22,CD_M20260142208,2026_R22_west_coast_v_collingwood_2026-08-09,played,3,3
2026,1,12943,CD_I1023261,Nick Daicos,collingwood,True,23,Round 23,CD_M20260142305,2026_R23_hawthorn_v_collingwood_2026-08-15,played,3,3
2026,1,12943,CD_I1023261,Nick Daicos,collingwood,True,24,Round 24,,,played,0,0
2026,2,12692,CD_I1006130,Bailey Smith,geelong,True,0,Opening Round,,,played,0,0
2026,2,12692,CD_I1006130,Bailey Smith,geelong,True,1,Round 1,,,played,0,0
2026,2,12692,CD_I1006130,Bailey Smith,geelong,True,2,Round 2,,,bye,,
2026,2,12692,CD_I1006130,Bailey Smith,geelong,True,3,Round 3,CD_M20260140301,2026_R3_geelong_v_adelaide_2026-03-26,played,3,3
2026,2,12692,CD_I1006130,Bailey Smith,geelong,True,4,Round 4,CD_M20260140408,2026_R4_hawthorn_v_geelong_2026-04-06,played,3,3
2026,2,12692,CD_I1006130,Bailey Smith,geelong,True,5,Round 5,CD_M20260140507,2026_R5_geelong_v_west_coast_2026-04-12,played,3,3
2026,2,12692,CD_I1006130,Bailey Smith,geelong,True,6,Round 6,CD_M20260140602,2026_R6_geelong_v_western_bulldogs_2026-04-17,played,2,2
2026,2,12692,CD_I1006130,Bailey Smith,geelong,True,7,Round 7,,,played,0,0
2026,2,12692,CD_I1006130,Bailey Smith,geelong,True,8,Round 8,,,played,0,0
2026,2,12692,CD_I1006130,Bailey Smith,geelong,True,9,Round 9,CD_M20260140907,2026_R9_geelong_v_collingwood_2026-05-09,played,3,3
2026,2,12692,CD_I1006130,Bailey Smith,geelong,True,10,Round 10,CD_M20260141001,2026_R10_brisbane_lions_v_geelong_2026-05-14,played,2,1
2026,2,12692,CD_I1006130,Bailey Smith,geelong,True,11,Round 11,,,played,0,0
2026,2,12692,CD_I1006130,Bailey Smith,geelong,True,12,Round 12,CD_M20260141202,2026_R12_carlton_v_geelong_2026-05-29,played,2,1
2026,2,12692,CD_I1006130,Bailey Smith,geelong,True,13,Round 13,CD_M20260141301,2026_R13_adelaide_v_geelong_2026-06-04,played,2,0
2026,2,12692,CD_I1006130,Bailey Smith,geelong,True,14,Round 14,CD_M20260141402,2026_R14_geelong_v_gold_coast_2026-06-12,played,3,3
2026,2,12692,CD_I1006130,Bailey Smith,geelong,True,15,Round 15,CD_M20260141501,2026_R15_fremantle_v_geelong_2026-06-18,did_not_play,,
2026,2,12692,CD_I1006130,Bailey Smith,geelong,True,16,Round 16,,,bye,,
2026,2,12692,CD_I1006130,Bailey Smith,geelong,True,17,Round 17,,,played,0,0
2026,2,12692,CD_I1006130,Bailey Smith,geelong,True,18,Round 18,CD_M20260141806,2026_R18_greater_western_sydney_v_geelong_2026-07-11,played,0,3
2026,2,12692,CD_I1006130,Bailey Smith,geelong,True,19,Round 19,CD_M20260141903,2026_R19_geelong_v_st_kilda_2026-07-16,played,3,2
2026,2,12692,CD_I1006130,Bailey Smith,geelong,True,20,Round 20,CD_M20260142008,2026_R20_melbourne_v_geelong_2026-07-24,played,0,2
2026,2,12692,CD_I1006130,Bailey Smith,geelong,True,21,Round 21,CD_M20260142102,2026_R21_collingwood_v_geelong_2026-07-30,played,1,0
2026,2,12692,CD_I1006130,Bailey Smith,geelong,True,22,Round 22,CD_M20260142203,2026_R22_geelong_v_essendon_2026-08-08,played,3,3
2026,2,12692,CD_I1006130,Bailey Smith,geelong,True,23,Round 23,CD_M20260142306,2026_R23_north_melbourne_v_geelong_2026-08-15,played,3,2
2026,2,12692,CD_I1006130,Bailey Smith,geelong,True,24,Round 24,CD_M20260142405,2026_R24_geelong_v_richmond_2026-08-22,played,3,3
2026,3,12269,CD_I297373,Marcus Bontempelli,western_bulldogs,True,0,Opening Round,CD_M20260140004,2026_R0_brisbane_lions_v_western_bulldogs_2026-03-07,played,1,1
2026,3,12269,CD_I297373,Marcus Bontempelli,western_bulldogs,True,1,Round 1,CD_M20260140103,2026_R1_western_bulldogs_v_greater_western_sydney_2026-03-14,played,3,3
2026,3,12269,CD_I297373,Marcus Bontempelli,western_bulldogs,True,2,Round 2,CD_M20260140202,2026_R2_adelaide_v_western_bulldogs_2026-03-20,played,2,2
2026,3,12269,CD_I297373,Marcus Bontempelli,western_bulldogs,True,3,Round 3,,,bye,,
2026,3,12269,CD_I297373,Marcus Bontempelli,western_bulldogs,True,4,Round 4,CD_M20260140407,2026_R4_western_bulldogs_v_essendon_2026-04-05,played,3,2
2026,3,12269,CD_I297373,Marcus Bontempelli,western_bulldogs,True,5,Round 5,,,played,0,0
2026,3,12269,CD_I297373,Marcus Bontempelli,western_bulldogs,True,6,Round 6,,,played,0,0
2026,3,12269,CD_I297373,Marcus Bontempelli,western_bulldogs,True,7,Round 7,CD_M20260140701,2026_R7_western_bulldogs_v_sydney_2026-04-23,played,1,2
2026,3,12269,CD_I297373,Marcus Bontempelli,western_bulldogs,True,8,Round 8,CD_M20260140802,2026_R8_western_bulldogs_v_fremantle_2026-05-01,played,3,2
2026,3,12269,CD_I297373,Marcus Bontempelli,western_bulldogs,True,9,Round 9,CD_M20260140903,2026_R9_port_adelaide_v_western_bulldogs_2026-05-08,played,3,3
2026,3,12269,CD_I297373,Marcus Bontempelli,western_bulldogs,True,10,Round 10,,,played,0,0
2026,3,12269,CD_I297373,Marcus Bontempelli,western_bulldogs,True,11,Round 11,CD_M20260141109,2026_R11_western_bulldogs_v_melbourne_2026-05-24,played,2,2
2026,3,12269,CD_I297373,Marcus Bontempelli,western_bulldogs,True,12,Round 12,CD_M20260141205,2026_R12_western_bulldogs_v_collingwood_2026-05-30,played,0,1
2026,3,12269,CD_I297373,Marcus Bontempelli,western_bulldogs,True,13,Round 13,CD_M20260141302,2026_R13_hawthorn_v_western_bulldogs_2026-06-05,played,2,1
2026,3,12269,CD_I297373,Marcus Bontempelli,western_bulldogs,True,14,Round 14,,,played,0,0
2026,3,12269,CD_I297373,Marcus Bontempelli,western_bulldogs,True,15,Round 15,CD_M20260141507,2026_R15_st_kilda_v_western_bulldogs_2026-06-21,played,3,2
2026,3,12269,CD_I297373,Marcus Bontempelli,western_bulldogs,True,16,Round 16,,,bye,,
2026,3,12269,CD_I297373,Marcus Bontempelli,western_bulldogs,True,17,Round 17,,,played,0,0
2026,3,12269,CD_I297373,Marcus Bontempelli,western_bulldogs,True,18,Round 18,CD_M20260141809,2026_R18_western_bulldogs_v_west_coast_2026-07-12,played,3,3
2026,3,12269,CD_I297373,Marcus Bontempelli,western_bulldogs,True,19,Round 19,CD_M20260141904,2026_R19_gold_coast_v_western_bulldogs_2026-07-19,played,3,3
2026,3,12269,CD_I297373,Marcus Bontempelli,western_bulldogs,True,20,Round 20,CD_M20260142009,2026_R20_western_bulldogs_v_richmond_2026-07-25,played,2,2
2026,3,12269,CD_I297373,Marcus Bontempelli,western_bulldogs,True,21,Round 21,,,played,0,0
2026,3,12269,CD_I297373,Marcus Bontempelli,western_bulldogs,True,22,Round 22,,,played,0,0
2026,3,12269,CD_I297373,Marcus Bontempelli,western_bulldogs,True,23,Round 23,CD_M20260142309,2026_R23_western_bulldogs_v_carlton_2026-08-16,did_not_play,,
2026,3,12269,CD_I297373,Marcus Bontempelli,western_bulldogs,True,24,Round 24,CD_M20260142406,2026_R24_melbourne_v_western_bulldogs_2026-08-22,played,3,3
2026,4,11966,CD_I290528,Max Gawn,melbourne,True,0,Opening Round,,,bye,,
2026,4,11966,CD_I290528,Max Gawn,melbourne,True,1,Round 1,CD_M20260140108,2026_R1_melbourne_v_st_kilda_2026-03-15,played,1,3
2026,4,11966,CD_I290528,Max Gawn,melbourne,True,2,Round 2,,,played,0,0
2026,4,11966,CD_I290528,Max Gawn,melbourne,True,3,Round 3,CD_M20260140307,2026_R3_carlton_v_melbourne_2026-03-29,played,2,2
2026,4,11966,CD_I290528,Max Gawn,melbourne,True,4,Round 4,CD_M20260140406,2026_R4_melbourne_v_gold_coast_2026-04-05,played,3,3
2026,4,11966,CD_I290528,Max Gawn,melbourne,True,5,Round 5,,,played,0,0
2026,4,11966,CD_I290528,Max Gawn,melbourne,True,6,Round 6,,,played,0,0
2026,4,11966,CD_I290528,Max Gawn,melbourne,True,7,Round 7,CD_M20260140702,2026_R7_richmond_v_melbourne_2026-04-24,played,2,0
2026,4,11966,CD_I290528,Max Gawn,melbourne,True,8,Round 8,,,played,0,0
2026,4,11966,CD_I290528,Max Gawn,melbourne,True,9,Round 9,CD_M20260140908,2026_R9_melbourne_v_west_coast_2026-05-10,played,1,0
2026,4,11966,CD_I290528,Max Gawn,melbourne,True,10,Round 10,CD_M20260141005,2026_R10_melbourne_v_hawthorn_2026-05-16,played,3,2
2026,4,11966,CD_I290528,Max Gawn,melbourne,True,11,Round 11,,,played,0,0
2026,4,11966,CD_I290528,Max Gawn,melbourne,True,12,Round 12,,,played,0,0
2026,4,11966,CD_I290528,Max Gawn,melbourne,True,13,Round 13,CD_M20260141308,2026_R13_collingwood_v_melbourne_2026-06-08,played,1,0
2026,4,11966,CD_I290528,Max Gawn,melbourne,True,14,Round 14,CD_M20260141403,2026_R14_melbourne_v_essendon_2026-06-13,played,2,2
2026,4,11966,CD_I290528,Max Gawn,melbourne,True,15,Round 15,CD_M20260141503,2026_R15_adelaide_v_melbourne_2026-06-20,played,3,2
2026,4,11966,CD_I290528,Max Gawn,melbourne,True,16,Round 16,,,bye,,
2026,4,11966,CD_I290528,Max Gawn,melbourne,True,17,Round 17,CD_M20260141705,2026_R17_hawthorn_v_melbourne_2026-07-04,played,2,2
2026,4,11966,CD_I290528,Max Gawn,melbourne,True,18,Round 18,CD_M20260141807,2026_R18_melbourne_v_richmond_2026-07-12,played,0,2
2026,4,11966,CD_I290528,Max Gawn,melbourne,True,19,Round 19,,,played,0,0
2026,4,11966,CD_I290528,Max Gawn,melbourne,True,20,Round 20,,,played,0,0
2026,4,11966,CD_I290528,Max Gawn,melbourne,True,21,Round 21,CD_M20260142105,2026_R21_gold_coast_v_melbourne_2026-08-02,played,3,3
2026,4,11966,CD_I290528,Max Gawn,melbourne,True,22,Round 22,,,played,0,0
2026,4,11966,CD_I290528,Max Gawn,melbourne,True,23,Round 23,CD_M20260142307,2026_R23_port_adelaide_v_melbourne_2026-08-15,played,3,3
2026,4,11966,CD_I290528,Max Gawn,melbourne,True,24,Round 24,CD_M20260142406,2026_R24_melbourne_v_western_bulldogs_2026-08-22,played,2,1
2026,5,13040,CD_I1023517,Will Ashcroft,brisbane_lions,True,0,Opening Round,,,played,0,0
2026,5,13040,CD_I1023517,Will Ashcroft,brisbane_lions,True,1,Round 1,,,played,0,0
2026,5,13040,CD_I1023517,Will Ashcroft,brisbane_lions,True,2,Round 2,,,bye,,
2026,5,13040,CD_I1023517,Will Ashcroft,brisbane_lions,True,3,Round 3,CD_M20260140303,2026_R3_st_kilda_v_brisbane_lions_2026-03-28,played,2,3
2026,5,13040,CD_I1023517,Will Ashcroft,brisbane_lions,True,4,Round 4,CD_M20260140401,2026_R4_brisbane_lions_v_collingwood_2026-04-02,played,3,3
2026,5,13040,CD_I1023517,Will Ashcroft,brisbane_lions,True,5,Round 5,,,played,0,0
2026,5,13040,CD_I1023517,Will Ashcroft,brisbane_lions,True,6,Round 6,,,played,0,0
2026,5,13040,CD_I1023517,Will Ashcroft,brisbane_lions,True,7,Round 7,CD_M20260140708,2026_R7_brisbane_lions_v_adelaide_2026-04-26,played,2,1
2026,5,13040,CD_I1023517,Will Ashcroft,brisbane_lions,True,8,Round 8,,,played,0,0
2026,5,13040,CD_I1023517,Will Ashcroft,brisbane_lions,True,9,Round 9,,,played,0,0
2026,5,13040,CD_I1023517,Will Ashcroft,brisbane_lions,True,10,Round 10,,,played,0,0
2026,5,13040,CD_I1023517,Will Ashcroft,brisbane_lions,True,11,Round 11,,,played,0,0
2026,5,13040,CD_I1023517,Will Ashcroft,brisbane_lions,True,12,Round 12,,,played,0,0
2026,5,13040,CD_I1023517,Will Ashcroft,brisbane_lions,True,13,Round 13,,,played,0,0
2026,5,13040,CD_I1023517,Will Ashcroft,brisbane_lions,True,14,Round 14,CD_M20260141406,2026_R14_richmond_v_brisbane_lions_2026-06-14,played,3,3
2026,5,13040,CD_I1023517,Will Ashcroft,brisbane_lions,True,15,Round 15,,,bye,,
2026,5,13040,CD_I1023517,Will Ashcroft,brisbane_lions,True,16,Round 16,CD_M20260141601,2026_R16_brisbane_lions_v_sydney_2026-06-25,played,2,1
2026,5,13040,CD_I1023517,Will Ashcroft,brisbane_lions,True,17,Round 17,CD_M20260141702,2026_R17_geelong_v_brisbane_lions_2026-07-02,played,3,3
2026,5,13040,CD_I1023517,Will Ashcroft,brisbane_lions,True,18,Round 18,CD_M20260141802,2026_R18_brisbane_lions_v_essendon_2026-07-12,played,3,2
2026,5,13040,CD_I1023517,Will Ashcroft,brisbane_lions,True,19,Round 19,CD_M20260141909,2026_R19_west_coast_v_brisbane_lions_2026-07-18,played,2,3
2026,5,13040,CD_I1023517,Will Ashcroft,brisbane_lions,True,20,Round 20,CD_M20260142002,2026_R20_brisbane_lions_v_port_adelaide_2026-07-26,played,2,3
2026,5,13040,CD_I1023517,Will Ashcroft,brisbane_lions,True,21,Round 21,,,played,0,0
2026,5,13040,CD_I1023517,Will Ashcroft,brisbane_lions,True,22,Round 22,CD_M20260142202,2026_R22_brisbane_lions_v_hawthorn_2026-08-07,played,2,2
2026,5,13040,CD_I1023517,Will Ashcroft,brisbane_lions,True,23,Round 23,CD_M20260142301,2026_R23_brisbane_lions_v_gold_coast_2026-08-15,played,3,3
2026,5,13040,CD_I1023517,Will Ashcroft,brisbane_lions,True,24,Round 24,,,played,0,0
2026,6,12261,CD_I990704,Patrick Cripps,carlton,True,0,Opening Round,,,played,0,0
2026,6,12261,CD_I990704,Patrick Cripps,carlton,True,1,Round 1,CD_M20260140101,2026_R1_carlton_v_richmond_2026-03-12,played,2,0
2026,6,12261,CD_I990704,Patrick Cripps,carlton,True,2,Round 2,,,bye,,
2026,6,12261,CD_I990704,Patrick Cripps,carlton,True,3,Round 3,,,played,0,0
2026,6,12261,CD_I990704,Patrick Cripps,carlton,True,4,Round 4,,,played,0,0
2026,6,12261,CD_I990704,Patrick Cripps,carlton,True,5,Round 5,,,played,0,0
2026,6,12261,CD_I990704,Patrick Cripps,carlton,True,6,Round 6,,,played,0,0
2026,6,12261,CD_I990704,Patrick Cripps,carlton,True,7,Round 7,,,played,0,0
2026,6,12261,CD_I990704,Patrick Cripps,carlton,True,8,Round 8,,,played,0,0
2026,6,12261,CD_I990704,Patrick Cripps,carlton,True,9,Round 9,CD_M20260140902,2026_R9_brisbane_lions_v_carlton_2026-05-08,played,1,1
2026,6,12261,CD_I990704,Patrick Cripps,carlton,True,10,Round 10,CD_M20260141006,2026_R10_carlton_v_western_bulldogs_2026-05-16,played,3,3
2026,6,12261,CD_I990704,Patrick Cripps,carlton,True,11,Round 11,CD_M20260141107,2026_R11_port_adelaide_v_carlton_2026-05-23,played,3,3
2026,6,12261,CD_I990704,Patrick Cripps,carlton,True,12,Round 12,CD_M20260141202,2026_R12_carlton_v_geelong_2026-05-29,played,3,3
2026,6,12261,CD_I990704,Patrick Cripps,carlton,True,13,Round 13,,,played,0,0
2026,6,12261,CD_I990704,Patrick Cripps,carlton,True,14,Round 14,,,bye,,
2026,6,12261,CD_I990704,Patrick Cripps,carlton,True,15,Round 15,CD_M20260141504,2026_R15_greater_western_sydney_v_carlton_2026-06-20,played,2,1
2026,6,12261,CD_I990704,Patrick Cripps,carlton,True,16,Round 16,CD_M20260141602,2026_R16_carlton_v_west_coast_2026-06-27,played,3,3
2026,6,12261,CD_I990704,Patrick Cripps,carlton,True,17,Round 17,CD_M20260141707,2026_R17_richmond_v_carlton_2026-07-04,played,2,0
2026,6,12261,CD_I990704,Patrick Cripps,carlton,True,18,Round 18,,,played,0,0
2026,6,12261,CD_I990704,Patrick Cripps,carlton,True,19,Round 19,CD_M20260141901,2026_R19_collingwood_v_carlton_2026-07-18,played,2,1
2026,6,12261,CD_I990704,Patrick Cripps,carlton,True,20,Round 20,CD_M20260142003,2026_R20_carlton_v_gold_coast_2026-07-25,played,3,1
2026,6,12261,CD_I990704,Patrick Cripps,carlton,True,21,Round 21,,,played,0,0
2026,6,12261,CD_I990704,Patrick Cripps,carlton,True,22,Round 22,CD_M20260142206,2026_R22_st_kilda_v_carlton_2026-08-09,played,2,0
2026,6,12261,CD_I990704,Patrick Cripps,carlton,True,23,Round 23,CD_M20260142309,2026_R23_western_bulldogs_v_carlton_2026-08-16,played,1,2
2026,6,12261,CD_I990704,Patrick Cripps,carlton,True,24,Round 24,CD_M20260142403,2026_R24_carlton_v_fremantle_2026-08-22,played,0,1
2026,7,13034,CD_I1023518,Harry Sheezel,north_melbourne,True,0,Opening Round,,,bye,,
2026,7,13034,CD_I1023518,Harry Sheezel,north_melbourne,True,1,Round 1,CD_M20260140107,2026_R1_north_melbourne_v_port_adelaide_2026-03-15,played,1,1
2026,7,13034,CD_I1023518,Harry Sheezel,north_melbourne,True,2,Round 2,CD_M20260140207,2026_R2_west_coast_v_north_melbourne_2026-03-22,played,3,0
2026,7,13034,CD_I1023518,Harry Sheezel,north_melbourne,True,3,Round 3,CD_M20260140305,2026_R3_essendon_v_north_melbourne_2026-03-28,played,1,3
2026,7,13034,CD_I1023518,Harry Sheezel,north_melbourne,True,4,Round 4,CD_M20260140402,2026_R4_north_melbourne_v_carlton_2026-04-03,played,2,0
2026,7,13034,CD_I1023518,Harry Sheezel,north_melbourne,True,5,Round 5,,,played,0,0
2026,7,13034,CD_I1023518,Harry Sheezel,north_melbourne,True,6,Round 6,CD_M20260140607,2026_R6_north_melbourne_v_richmond_2026-04-19,played,3,3
2026,7,13034,CD_I1023518,Harry Sheezel,north_melbourne,True,7,Round 7,CD_M20260140709,2026_R7_greater_western_sydney_v_north_melbourne_2026-04-26,played,2,0
2026,7,13034,CD_I1023518,Harry Sheezel,north_melbourne,True,8,Round 8,,,played,0,0
2026,7,13034,CD_I1023518,Harry Sheezel,north_melbourne,True,9,Round 9,CD_M20260140904,2026_R9_north_melbourne_v_sydney_2026-05-09,played,0,2
2026,7,13034,CD_I1023518,Harry Sheezel,north_melbourne,True,10,Round 10,,,played,0,0
2026,7,13034,CD_I1023518,Harry Sheezel,north_melbourne,True,11,Round 11,,,played,0,0
2026,7,13034,CD_I1023518,Harry Sheezel,north_melbourne,True,12,Round 12,,,bye,,
2026,7,13034,CD_I1023518,Harry Sheezel,north_melbourne,True,13,Round 13,,,played,0,0
2026,7,13034,CD_I1023518,Harry Sheezel,north_melbourne,True,14,Round 14,CD_M20260141404,2026_R14_north_melbourne_v_west_coast_2026-06-13,played,3,3
2026,7,13034,CD_I1023518,Harry Sheezel,north_melbourne,True,15,Round 15,CD_M20260141506,2026_R15_richmond_v_north_melbourne_2026-06-21,played,3,2
2026,7,13034,CD_I1023518,Harry Sheezel,north_melbourne,True,16,Round 16,CD_M20260141606,2026_R16_north_melbourne_v_essendon_2026-06-28,played,3,3
2026,7,13034,CD_I1023518,Harry Sheezel,north_melbourne,True,17,Round 17,CD_M20260141706,2026_R17_port_adelaide_v_north_melbourne_2026-07-05,played,2,0
2026,7,13034,CD_I1023518,Harry Sheezel,north_melbourne,True,18,Round 18,,,played,0,0
2026,7,13034,CD_I1023518,Harry Sheezel,north_melbourne,True,19,Round 19,CD_M20260141905,2026_R19_north_melbourne_v_melbourne_2026-07-18,played,1,1
2026,7,13034,CD_I1023518,Harry Sheezel,north_melbourne,True,20,Round 20,CD_M20260142007,2026_R20_north_melbourne_v_st_kilda_2026-07-26,played,1,1
2026,7,13034,CD_I1023518,Harry Sheezel,north_melbourne,True,21,Round 21,CD_M20260142106,2026_R21_hawthorn_v_north_melbourne_2026-08-01,played,0,2
2026,7,13034,CD_I1023518,Harry Sheezel,north_melbourne,True,22,Round 22,CD_M20260142209,2026_R22_western_bulldogs_v_north_melbourne_2026-08-06,played,2,1
2026,7,13034,CD_I1023518,Harry Sheezel,north_melbourne,True,23,Round 23,,,played,0,0
2026,7,13034,CD_I1023518,Harry Sheezel,north_melbourne,True,24,Round 24,CD_M20260142408,2026_R24_sydney_v_north_melbourne_2026-08-23,did_not_play,,
2026,8,12698,CD_I1006121,Zak Butters,port_adelaide,True,0,Opening Round,,,bye,,
2026,8,12698,CD_I1006121,Zak Butters,port_adelaide,True,1,Round 1,,,played,0,0
2026,8,12698,CD_I1006121,Zak Butters,port_adelaide,True,2,Round 2,CD_M20260140206,2026_R2_port_adelaide_v_essendon_2026-03-22,played,3,3
2026,8,12698,CD_I1006121,Zak Butters,port_adelaide,True,3,Round 3,CD_M20260140306,2026_R3_port_adelaide_v_west_coast_2026-03-29,played,2,1
2026,8,12698,CD_I1006121,Zak Butters,port_adelaide,True,4,Round 4,CD_M20260140404,2026_R4_richmond_v_port_adelaide_2026-04-04,played,3,2
2026,8,12698,CD_I1006121,Zak Butters,port_adelaide,True,5,Round 5,CD_M20260140509,2026_R5_port_adelaide_v_st_kilda_2026-04-12,played,1,1
2026,8,12698,CD_I1006121,Zak Butters,port_adelaide,True,6,Round 6,CD_M20260140605,2026_R6_hawthorn_v_port_adelaide_2026-04-18,played,1,1
2026,8,12698,CD_I1006121,Zak Butters,port_adelaide,True,7,Round 7,CD_M20260140705,2026_R7_port_adelaide_v_geelong_2026-04-25,played,1,1
2026,8,12698,CD_I1006121,Zak Butters,port_adelaide,True,8,Round 8,CD_M20260140803,2026_R8_adelaide_v_port_adelaide_2026-05-01,played,2,0
2026,8,12698,CD_I1006121,Zak Butters,port_adelaide,True,9,Round 9,CD_M20260140903,2026_R9_port_adelaide_v_western_bulldogs_2026-05-08,played,2,2
2026,8,12698,CD_I1006121,Zak Butters,port_adelaide,True,10,Round 10,CD_M20260141003,2026_R10_gold_coast_v_port_adelaide_2026-05-15,played,2,1
2026,8,12698,CD_I1006121,Zak Butters,port_adelaide,True,11,Round 11,,,played,0,0
2026,8,12698,CD_I1006121,Zak Butters,port_adelaide,True,12,Round 12,,,bye,,
2026,8,12698,CD_I1006121,Zak Butters,port_adelaide,True,13,Round 13,CD_M20260141305,2026_R13_west_coast_v_port_adelaide_2026-06-06,played,3,1
2026,8,12698,CD_I1006121,Zak Butters,port_adelaide,True,14,Round 14,CD_M20260141405,2026_R14_port_adelaide_v_sydney_2026-06-13,played,2,1
2026,8,12698,CD_I1006121,Zak Butters,port_adelaide,True,15,Round 15,,,played,0,0
2026,8,12698,CD_I1006121,Zak Butters,port_adelaide,True,16,Round 16,CD_M20260141607,2026_R16_port_adelaide_v_adelaide_2026-06-27,played,3,3
2026,8,12698,CD_I1006121,Zak Butters,port_adelaide,True,17,Round 17,CD_M20260141706,2026_R17_port_adelaide_v_north_melbourne_2026-07-05,played,1,2
2026,8,12698,CD_I1006121,Zak Butters,port_adelaide,True,18,Round 18,,,played,0,0
2026,8,12698,CD_I1006121,Zak Butters,port_adelaide,True,19,Round 19,CD_M20260141906,2026_R19_port_adelaide_v_fremantle_2026-07-18,did_not_play,,
2026,8,12698,CD_I1006121,Zak Butters,port_adelaide,True,20,Round 20,CD_M20260142002,2026_R20_brisbane_lions_v_port_adelaide_2026-07-26,did_not_play,,
2026,8,12698,CD_I1006121,Zak Butters,port_adelaide,True,21,Round 21,CD_M20260142107,2026_R21_port_adelaide_v_greater_western_sydney_2026-08-01,did_not_play,,
2026,8,12698,CD_I1006121,Zak Butters,port_adelaide,True,22,Round 22,CD_M20260142207,2026_R22_sydney_v_port_adelaide_2026-08-08,did_not_play,,
2026,8,12698,CD_I1006121,Zak Butters,port_adelaide,True,23,Round 23,CD_M20260142307,2026_R23_port_adelaide_v_melbourne_2026-08-15,did_not_play,,
2026,8,12698,CD_I1006121,Zak Butters,port_adelaide,True,24,Round 24,CD_M20260142404,2026_R24_essendon_v_port_adelaide_2026-08-23,did_not_play,,
2026,9,12326,CD_I298539,Isaac Heeney,sydney,True,0,Opening Round,CD_M20260140001,2026_R0_sydney_v_carlton_2026-03-05,played,0,1
2026,9,12326,CD_I298539,Isaac Heeney,sydney,True,1,Round 1,,,played,0,0
2026,9,12326,CD_I298539,Isaac Heeney,sydney,True,2,Round 2,CD_M20260140201,2026_R2_hawthorn_v_sydney_2026-03-19,did_not_play,,
2026,9,12326,CD_I298539,Isaac Heeney,sydney,True,3,Round 3,,,bye,,
2026,9,12326,CD_I298539,Isaac Heeney,sydney,True,4,Round 4,CD_M20260140405,2026_R4_west_coast_v_sydney_2026-04-04,played,2,3
2026,9,12326,CD_I298539,Isaac Heeney,sydney,True,5,Round 5,CD_M20260140505,2026_R5_sydney_v_gold_coast_2026-04-11,played,3,3
2026,9,12326,CD_I298539,Isaac Heeney,sydney,True,6,Round 6,,,played,0,0
2026,9,12326,CD_I298539,Isaac Heeney,sydney,True,7,Round 7,CD_M20260140701,2026_R7_western_bulldogs_v_sydney_2026-04-23,did_not_play,,
2026,9,12326,CD_I298539,Isaac Heeney,sydney,True,8,Round 8,CD_M20260140808,2026_R8_sydney_v_melbourne_2026-05-03,played,1,1
2026,9,12326,CD_I298539,Isaac Heeney,sydney,True,9,Round 9,CD_M20260140904,2026_R9_north_melbourne_v_sydney_2026-05-09,played,3,0
2026,9,12326,CD_I298539,Isaac Heeney,sydney,True,10,Round 10,CD_M20260141002,2026_R10_sydney_v_collingwood_2026-05-15,played,2,0
2026,9,12326,CD_I298539,Isaac Heeney,sydney,True,11,Round 11,,,played,0,0
2026,9,12326,CD_I298539,Isaac Heeney,sydney,True,12,Round 12,CD_M20260141203,2026_R12_sydney_v_richmond_2026-05-30,played,3,3
2026,9,12326,CD_I298539,Isaac Heeney,sydney,True,13,Round 13,CD_M20260141306,2026_R13_sydney_v_st_kilda_2026-06-07,played,3,3
2026,9,12326,CD_I298539,Isaac Heeney,sydney,True,14,Round 14,CD_M20260141405,2026_R14_port_adelaide_v_sydney_2026-06-13,played,3,3
2026,9,12326,CD_I298539,Isaac Heeney,sydney,True,15,Round 15,,,bye,,
2026,9,12326,CD_I298539,Isaac Heeney,sydney,True,16,Round 16,CD_M20260141601,2026_R16_brisbane_lions_v_sydney_2026-06-25,played,1,0
2026,9,12326,CD_I298539,Isaac Heeney,sydney,True,17,Round 17,CD_M20260141708,2026_R17_sydney_v_western_bulldogs_2026-07-03,played,1,1
2026,9,12326,CD_I298539,Isaac Heeney,sydney,True,18,Round 18,,,played,0,0
2026,9,12326,CD_I298539,Isaac Heeney,sydney,True,19,Round 19,,,played,0,0
2026,9,12326,CD_I298539,Isaac Heeney,sydney,True,20,Round 20,CD_M20260142005,2026_R20_greater_western_sydney_v_sydney_2026-07-25,played,1,0
2026,9,12326,CD_I298539,Isaac Heeney,sydney,True,21,Round 21,CD_M20260142109,2026_R21_st_kilda_v_sydney_2026-08-01,played,0,2
2026,9,12326,CD_I298539,Isaac Heeney,sydney,True,22,Round 22,CD_M20260142207,2026_R22_sydney_v_port_adelaide_2026-08-08,played,1,0
2026,9,12326,CD_I298539,Isaac Heeney,sydney,True,23,Round 23,CD_M20260142302,2026_R23_essendon_v_sydney_2026-08-16,played,2,3
2026,9,12326,CD_I298539,Isaac Heeney,sydney,True,24,Round 24,CD_M20260142408,2026_R24_sydney_v_north_melbourne_2026-08-23,did_not_play,,
2026,10,12798,CD_I1001195,Izak Rankine,adelaide,True,0,Opening Round,,,bye,,
2026,10,12798,CD_I1001195,Izak Rankine,adelaide,True,1,Round 1,CD_M20260140106,2026_R1_collingwood_v_adelaide_2026-03-14,did_not_play,,
2026,10,12798,CD_I1001195,Izak Rankine,adelaide,True,2,Round 2,,,played,0,0
2026,10,12798,CD_I1001195,Izak Rankine,adelaide,True,3,Round 3,,,played,0,0
2026,10,12798,CD_I1001195,Izak Rankine,adelaide,True,4,Round 4,,,played,0,0
2026,10,12798,CD_I1001195,Izak Rankine,adelaide,True,5,Round 5,CD_M20260140501,2026_R5_adelaide_v_carlton_2026-04-09,played,2,1
2026,10,12798,CD_I1001195,Izak Rankine,adelaide,True,6,Round 6,,,played,0,0
2026,10,12798,CD_I1001195,Izak Rankine,adelaide,True,7,Round 7,,,played,0,0
2026,10,12798,CD_I1001195,Izak Rankine,adelaide,True,8,Round 8,,,played,0,0
2026,10,12798,CD_I1001195,Izak Rankine,adelaide,True,9,Round 9,CD_M20260140909,2026_R9_richmond_v_adelaide_2026-05-10,played,3,2
2026,10,12798,CD_I1001195,Izak Rankine,adelaide,True,10,Round 10,CD_M20260141004,2026_R10_adelaide_v_north_melbourne_2026-05-16,played,3,3
2026,10,12798,CD_I1001195,Izak Rankine,adelaide,True,11,Round 11,,,played,0,0
2026,10,12798,CD_I1001195,Izak Rankine,adelaide,True,12,Round 12,,,bye,,
2026,10,12798,CD_I1001195,Izak Rankine,adelaide,True,13,Round 13,CD_M20260141301,2026_R13_adelaide_v_geelong_2026-06-04,did_not_play,,
2026,10,12798,CD_I1001195,Izak Rankine,adelaide,True,14,Round 14,CD_M20260141401,2026_R14_western_bulldogs_v_adelaide_2026-06-11,did_not_play,,
2026,10,12798,CD_I1001195,Izak Rankine,adelaide,True,15,Round 15,,,played,0,0
2026,10,12798,CD_I1001195,Izak Rankine,adelaide,True,16,Round 16,,,played,0,0
2026,10,12798,CD_I1001195,Izak Rankine,adelaide,True,17,Round 17,CD_M20260141709,2026_R17_west_coast_v_adelaide_2026-07-03,played,2,2
2026,10,12798,CD_I1001195,Izak Rankine,adelaide,True,18,Round 18,CD_M20260141801,2026_R18_adelaide_v_gold_coast_2026-07-11,played,3,2
2026,10,12798,CD_I1001195,Izak Rankine,adelaide,True,19,Round 19,CD_M20260141908,2026_R19_sydney_v_adelaide_2026-07-17,played,1,3
2026,10,12798,CD_I1001195,Izak Rankine,adelaide,True,20,Round 20,,,played,0,0
2026,10,12798,CD_I1001195,Izak Rankine,adelaide,True,21,Round 21,CD_M20260142103,2026_R21_essendon_v_adelaide_2026-08-02,played,2,2
2026,10,12798,CD_I1001195,Izak Rankine,adelaide,True,22,Round 22,CD_M20260142201,2026_R22_adelaide_v_richmond_2026-08-08,played,3,3
2026,10,12798,CD_I1001195,Izak Rankine,adelaide,True,23,Round 23,CD_M20260142303,2026_R23_fremantle_v_adelaide_2026-08-14,played,3,2
2026,10,12798,CD_I1001195,Izak Rankine,adelaide,True,24,Round 24,CD_M20260142401,2026_R24_adelaide_v_greater_western_sydney_2026-08-22,played,3,3
2026,11,12410,CD_I996701,Clayton Oliver,greater_western_sydney,True,0,Opening Round,CD_M20260140003,2026_R0_greater_western_sydney_v_hawthorn_2026-03-07,played,2,3
2026,11,12410,CD_I996701,Clayton Oliver,greater_western_sydney,True,1,Round 1,,,played,0,0
2026,11,12410,CD_I996701,Clayton Oliver,greater_western_sydney,True,2,Round 2,CD_M20260140204,2026_R2_greater_western_sydney_v_st_kilda_2026-03-21,played,2,0
2026,11,12410,CD_I996701,Clayton Oliver,greater_western_sydney,True,3,Round 3,,,played,0,0
2026,11,12410,CD_I996701,Clayton Oliver,greater_western_sydney,True,4,Round 4,,,bye,,
2026,11,12410,CD_I996701,Clayton Oliver,greater_western_sydney,True,5,Round 5,CD_M20260140508,2026_R5_greater_western_sydney_v_richmond_2026-04-12,played,2,0
2026,11,12410,CD_I996701,Clayton Oliver,greater_western_sydney,True,6,Round 6,CD_M20260140603,2026_R6_sydney_v_greater_western_sydney_2026-04-17,played,2,2
2026,11,12410,CD_I996701,Clayton Oliver,greater_western_sydney,True,7,Round 7,,,played,0,0
2026,11,12410,CD_I996701,Clayton Oliver,greater_western_sydney,True,8,Round 8,CD_M20260140809,2026_R8_gold_coast_v_greater_western_sydney_2026-05-03,played,1,0
2026,11,12410,CD_I996701,Clayton Oliver,greater_western_sydney,True,9,Round 9,CD_M20260140905,2026_R9_greater_western_sydney_v_essendon_2026-05-09,played,3,0
2026,11,12410,CD_I996701,Clayton Oliver,greater_western_sydney,True,10,Round 10,CD_M20260141009,2026_R10_west_coast_v_greater_western_sydney_2026-05-17,played,2,2
2026,11,12410,CD_I996701,Clayton Oliver,greater_western_sydney,True,11,Round 11,CD_M20260141108,2026_R11_greater_western_sydney_v_brisbane_lions_2026-05-24,played,2,2
2026,11,12410,CD_I996701,Clayton Oliver,greater_western_sydney,True,12,Round 12,CD_M20260141206,2026_R12_melbourne_v_greater_western_sydney_2026-05-31,played,2,0
2026,11,12410,CD_I996701,Clayton Oliver,greater_western_sydney,True,13,Round 13,,,bye,,
2026,11,12410,CD_I996701,Clayton Oliver,greater_western_sydney,True,14,Round 14,CD_M20260141407,2026_R14_st_kilda_v_greater_western_sydney_2026-06-14,played,0,1
2026,11,12410,CD_I996701,Clayton Oliver,greater_western_sydney,True,15,Round 15,,,played,0,0
2026,11,12410,CD_I996701,Clayton Oliver,greater_western_sydney,True,16,Round 16,,,played,0,0
2026,11,12410,CD_I996701,Clayton Oliver,greater_western_sydney,True,17,Round 17,CD_M20260141704,2026_R17_greater_western_sydney_v_fremantle_2026-07-04,played,1,0
2026,11,12410,CD_I996701,Clayton Oliver,greater_western_sydney,True,18,Round 18,CD_M20260141806,2026_R18_greater_western_sydney_v_geelong_2026-07-11,played,1,2
2026,11,12410,CD_I996701,Clayton Oliver,greater_western_sydney,True,19,Round 19,CD_M20260141902,2026_R19_essendon_v_greater_western_sydney_2026-07-19,played,1,0
2026,11,12410,CD_I996701,Clayton Oliver,greater_western_sydney,True,20,Round 20,,,played,0,0
2026,11,12410,CD_I996701,Clayton Oliver,greater_western_sydney,True,21,Round 21,,,played,0,0
2026,11,12410,CD_I996701,Clayton Oliver,greater_western_sydney,True,22,Round 22,,,played,0,0
2026,11,12410,CD_I996701,Clayton Oliver,greater_western_sydney,True,23,Round 23,CD_M20260142304,2026_R23_greater_western_sydney_v_west_coast_2026-08-16,played,2,0
2026,11,12410,CD_I996701,Clayton Oliver,greater_western_sydney,True,24,Round 24,,,played,0,0
2026,12,12956,CD_I1011640,Jason Horne-Francis,port_adelaide,False,0,Opening Round,,,bye,,
2026,12,12956,CD_I1011640,Jason Horne-Francis,port_adelaide,False,1,Round 1,,,played,0,0
2026,12,12956,CD_I1011640,Jason Horne-Francis,port_adelaide,False,2,Round 2,CD_M20260140206,2026_R2_port_adelaide_v_essendon_2026-03-22,played,2,2
2026,12,12956,CD_I1011640,Jason Horne-Francis,port_adelaide,False,3,Round 3,,,played,0,0
2026,12,12956,CD_I1011640,Jason Horne-Francis,port_adelaide,False,4,Round 4,,,played,0,0
2026,12,12956,CD_I1011640,Jason Horne-Francis,port_adelaide,False,5,Round 5,CD_M20260140509,2026_R5_port_adelaide_v_st_kilda_2026-04-12,played,2,2
2026,12,12956,CD_I1011640,Jason Horne-Francis,port_adelaide,False,6,Round 6,CD_M20260140605,2026_R6_hawthorn_v_port_adelaide_2026-04-18,played,2,2
2026,12,12956,CD_I1011640,Jason Horne-Francis,port_adelaide,False,7,Round 7,CD_M20260140705,2026_R7_port_adelaide_v_geelong_2026-04-25,played,3,3
2026,12,12956,CD_I1011640,Jason Horne-Francis,port_adelaide,False,8,Round 8,,,played,0,0
2026,12,12956,CD_I1011640,Jason Horne-Francis,port_adelaide,False,9,Round 9,,,played,0,0
2026,12,12956,CD_I1011640,Jason Horne-Francis,port_adelaide,False,10,Round 10,,,played,0,0
2026,12,12956,CD_I1011640,Jason Horne-Francis,port_adelaide,False,11,Round 11,CD_M20260141107,2026_R11_port_adelaide_v_carlton_2026-05-23,played,2,2
2026,12,12956,CD_I1011640,Jason Horne-Francis,port_adelaide,False,12,Round 12,,,bye,,
2026,12,12956,CD_I1011640,Jason Horne-Francis,port_adelaide,False,13,Round 13,CD_M20260141305,2026_R13_west_coast_v_port_adelaide_2026-06-06,played,1,3
2026,12,12956,CD_I1011640,Jason Horne-Francis,port_adelaide,False,14,Round 14,,,played,0,0
2026,12,12956,CD_I1011640,Jason Horne-Francis,port_adelaide,False,15,Round 15,CD_M20260141505,2026_R15_collingwood_v_port_adelaide_2026-06-20,played,1,1
2026,12,12956,CD_I1011640,Jason Horne-Francis,port_adelaide,False,16,Round 16,CD_M20260141607,2026_R16_port_adelaide_v_adelaide_2026-06-27,played,2,2
2026,12,12956,CD_I1011640,Jason Horne-Francis,port_adelaide,False,17,Round 17,CD_M20260141706,2026_R17_port_adelaide_v_north_melbourne_2026-07-05,played,3,3
2026,12,12956,CD_I1011640,Jason Horne-Francis,port_adelaide,False,18,Round 18,,,played,0,0
2026,12,12956,CD_I1011640,Jason Horne-Francis,port_adelaide,False,19,Round 19,CD_M20260141906,2026_R19_port_adelaide_v_fremantle_2026-07-18,did_not_play,,
2026,12,12956,CD_I1011640,Jason Horne-Francis,port_adelaide,False,20,Round 20,CD_M20260142002,2026_R20_brisbane_lions_v_port_adelaide_2026-07-26,played,1,2
2026,12,12956,CD_I1011640,Jason Horne-Francis,port_adelaide,False,21,Round 21,CD_M20260142107,2026_R21_port_adelaide_v_greater_western_sydney_2026-08-01,played,3,2
2026,12,12956,CD_I1011640,Jason Horne-Francis,port_adelaide,False,22,Round 22,,,played,0,0
2026,12,12956,CD_I1011640,Jason Horne-Francis,port_adelaide,False,23,Round 23,,,played,0,0
2026,12,12956,CD_I1011640,Jason Horne-Francis,port_adelaide,False,24,Round 24,CD_M20260142404,2026_R24_essendon_v_port_adelaide_2026-08-23,did_not_play,,
2026,13,12516,CD_I992242,Jordan Dawson,adelaide,True,0,Opening Round,,,bye,,
2026,13,12516,CD_I992242,Jordan Dawson,adelaide,True,1,Round 1,,,played,0,0
2026,13,12516,CD_I992242,Jordan Dawson,adelaide,True,2,Round 2,,,played,0,0
2026,13,12516,CD_I992242,Jordan Dawson,adelaide,True,3,Round 3,CD_M20260140301,2026_R3_geelong_v_adelaide_2026-03-26,did_not_play,,
2026,13,12516,CD_I992242,Jordan Dawson,adelaide,True,4,Round 4,,,played,0,0
2026,13,12516,CD_I992242,Jordan Dawson,adelaide,True,5,Round 5,CD_M20260140501,2026_R5_adelaide_v_carlton_2026-04-09,played,1,0
2026,13,12516,CD_I992242,Jordan Dawson,adelaide,True,6,Round 6,CD_M20260140606,2026_R6_adelaide_v_st_kilda_2026-04-18,did_not_play,,
2026,13,12516,CD_I992242,Jordan Dawson,adelaide,True,7,Round 7,,,played,0,0
2026,13,12516,CD_I992242,Jordan Dawson,adelaide,True,8,Round 8,CD_M20260140803,2026_R8_adelaide_v_port_adelaide_2026-05-01,did_not_play,,
2026,13,12516,CD_I992242,Jordan Dawson,adelaide,True,9,Round 9,CD_M20260140909,2026_R9_richmond_v_adelaide_2026-05-10,played,2,3
2026,13,12516,CD_I992242,Jordan Dawson,adelaide,True,10,Round 10,CD_M20260141004,2026_R10_adelaide_v_north_melbourne_2026-05-16,played,0,2
2026,13,12516,CD_I992242,Jordan Dawson,adelaide,True,11,Round 11,CD_M20260141101,2026_R11_hawthorn_v_adelaide_2026-05-21,played,2,2
2026,13,12516,CD_I992242,Jordan Dawson,adelaide,True,12,Round 12,,,bye,,
2026,13,12516,CD_I992242,Jordan Dawson,adelaide,True,13,Round 13,CD_M20260141301,2026_R13_adelaide_v_geelong_2026-06-04,played,3,3
2026,13,12516,CD_I992242,Jordan Dawson,adelaide,True,14,Round 14,CD_M20260141401,2026_R14_western_bulldogs_v_adelaide_2026-06-11,played,3,3
2026,13,12516,CD_I992242,Jordan Dawson,adelaide,True,15,Round 15,,,played,0,0
2026,13,12516,CD_I992242,Jordan Dawson,adelaide,True,16,Round 16,,,played,0,0
2026,13,12516,CD_I992242,Jordan Dawson,adelaide,True,17,Round 17,CD_M20260141709,2026_R17_west_coast_v_adelaide_2026-07-03,played,3,3
2026,13,12516,CD_I992242,Jordan Dawson,adelaide,True,18,Round 18,CD_M20260141801,2026_R18_adelaide_v_gold_coast_2026-07-11,played,2,3
2026,13,12516,CD_I992242,Jordan Dawson,adelaide,True,19,Round 19,CD_M20260141908,2026_R19_sydney_v_adelaide_2026-07-17,played,0,2
2026,13,12516,CD_I992242,Jordan Dawson,adelaide,True,20,Round 20,,,played,0,0
2026,13,12516,CD_I992242,Jordan Dawson,adelaide,True,21,Round 21,CD_M20260142103,2026_R21_essendon_v_adelaide_2026-08-02,played,3,1
2026,13,12516,CD_I992242,Jordan Dawson,adelaide,True,22,Round 22,CD_M20260142201,2026_R22_adelaide_v_richmond_2026-08-08,played,2,2
2026,13,12516,CD_I992242,Jordan Dawson,adelaide,True,23,Round 23,,,played,0,0
2026,13,12516,CD_I992242,Jordan Dawson,adelaide,True,24,Round 24,,,played,0,0
2026,14,12915,CD_I1020895,Jai Newcombe,hawthorn,True,0,Opening Round,,,played,0,0
2026,14,12915,CD_I1020895,Jai Newcombe,hawthorn,True,1,Round 1,,,played,0,0
2026,14,12915,CD_I1020895,Jai Newcombe,hawthorn,True,2,Round 2,CD_M20260140201,2026_R2_hawthorn_v_sydney_2026-03-19,played,3,3
2026,14,12915,CD_I1020895,Jai Newcombe,hawthorn,True,3,Round 3,,,bye,,
2026,14,12915,CD_I1020895,Jai Newcombe,hawthorn,True,4,Round 4,,,played,0,0
2026,14,12915,CD_I1020895,Jai Newcombe,hawthorn,True,5,Round 5,CD_M20260140506,2026_R5_hawthorn_v_western_bulldogs_2026-04-11,played,3,3
2026,14,12915,CD_I1020895,Jai Newcombe,hawthorn,True,6,Round 6,,,played,0,0
2026,14,12915,CD_I1020895,Jai Newcombe,hawthorn,True,7,Round 7,CD_M20260140703,2026_R7_hawthorn_v_gold_coast_2026-04-25,played,2,3
2026,14,12915,CD_I1020895,Jai Newcombe,hawthorn,True,8,Round 8,CD_M20260140801,2026_R8_collingwood_v_hawthorn_2026-04-30,played,2,3
2026,14,12915,CD_I1020895,Jai Newcombe,hawthorn,True,9,Round 9,,,played,0,0
2026,14,12915,CD_I1020895,Jai Newcombe,hawthorn,True,10,Round 10,,,played,0,0
2026,14,12915,CD_I1020895,Jai Newcombe,hawthorn,True,11,Round 11,,,played,0,0
2026,14,12915,CD_I1020895,Jai Newcombe,hawthorn,True,12,Round 12,,,played,0,0
2026,14,12915,CD_I1020895,Jai Newcombe,hawthorn,True,13,Round 13,CD_M20260141302,2026_R13_hawthorn_v_western_bulldogs_2026-06-05,played,3,3
2026,14,12915,CD_I1020895,Jai Newcombe,hawthorn,True,14,Round 14,,,bye,,
2026,14,12915,CD_I1020895,Jai Newcombe,hawthorn,True,15,Round 15,CD_M20260141502,2026_R15_gold_coast_v_hawthorn_2026-06-19,played,3,3
2026,14,12915,CD_I1020895,Jai Newcombe,hawthorn,True,16,Round 16,CD_M20260141605,2026_R16_hawthorn_v_greater_western_sydney_2026-06-26,played,0,3
2026,14,12915,CD_I1020895,Jai Newcombe,hawthorn,True,17,Round 17,,,played,0,0
2026,14,12915,CD_I1020895,Jai Newcombe,hawthorn,True,18,Round 18,,,played,0,0
2026,14,12915,CD_I1020895,Jai Newcombe,hawthorn,True,19,Round 19,,,played,0,0
2026,14,12915,CD_I1020895,Jai Newcombe,hawthorn,True,20,Round 20,,,played,0,0
2026,14,12915,CD_I1020895,Jai Newcombe,hawthorn,True,21,Round 21,CD_M20260142106,2026_R21_hawthorn_v_north_melbourne_2026-08-01,played,3,3
2026,14,12915,CD_I1020895,Jai Newcombe,hawthorn,True,22,Round 22,,,played,0,0
2026,14,12915,CD_I1020895,Jai Newcombe,hawthorn,True,23,Round 23,CD_M20260142305,2026_R23_hawthorn_v_collingwood_2026-08-15,played,2,0
2026,14,12915,CD_I1020895,Jai Newcombe,hawthorn,True,24,Round 24,,,played,0,0
2026,15,12950,CD_I1015507,Nasiah Wanganeen-Milera,st_kilda,True,0,Opening Round,,,played,0,0
2026,15,12950,CD_I1015507,Nasiah Wanganeen-Milera,st_kilda,True,1,Round 1,,,played,0,0
2026,15,12950,CD_I1015507,Nasiah Wanganeen-Milera,st_kilda,True,2,Round 2,,,played,0,0
2026,15,12950,CD_I1015507,Nasiah Wanganeen-Milera,st_kilda,True,3,Round 3,CD_M20260140303,2026_R3_st_kilda_v_brisbane_lions_2026-03-28,played,0,2
2026,15,12950,CD_I1015507,Nasiah Wanganeen-Milera,st_kilda,True,4,Round 4,,,bye,,
2026,15,12950,CD_I1015507,Nasiah Wanganeen-Milera,st_kilda,True,5,Round 5,CD_M20260140509,2026_R5_port_adelaide_v_st_kilda_2026-04-12,played,3,3
2026,15,12950,CD_I1015507,Nasiah Wanganeen-Milera,st_kilda,True,6,Round 6,,,played,0,0
2026,15,12950,CD_I1015507,Nasiah Wanganeen-Milera,st_kilda,True,7,Round 7,CD_M20260140707,2026_R7_st_kilda_v_west_coast_2026-04-26,played,2,3
2026,15,12950,CD_I1015507,Nasiah Wanganeen-Milera,st_kilda,True,8,Round 8,CD_M20260140807,2026_R8_carlton_v_st_kilda_2026-05-02,played,2,3
2026,15,12950,CD_I1015507,Nasiah Wanganeen-Milera,st_kilda,True,9,Round 9,CD_M20260140906,2026_R9_gold_coast_v_st_kilda_2026-05-09,did_not_play,,
2026,15,12950,CD_I1015507,Nasiah Wanganeen-Milera,st_kilda,True,10,Round 10,CD_M20260141008,2026_R10_st_kilda_v_richmond_2026-05-17,did_not_play,,
2026,15,12950,CD_I1015507,Nasiah Wanganeen-Milera,st_kilda,True,11,Round 11,CD_M20260141103,2026_R11_fremantle_v_st_kilda_2026-05-22,did_not_play,,
2026,15,12950,CD_I1015507,Nasiah Wanganeen-Milera,st_kilda,True,12,Round 12,CD_M20260141201,2026_R12_st_kilda_v_hawthorn_2026-05-28,did_not_play,,
2026,15,12950,CD_I1015507,Nasiah Wanganeen-Milera,st_kilda,True,13,Round 13,CD_M20260141306,2026_R13_sydney_v_st_kilda_2026-06-07,played,2,0
2026,15,12950,CD_I1015507,Nasiah Wanganeen-Milera,st_kilda,True,14,Round 14,CD_M20260141407,2026_R14_st_kilda_v_greater_western_sydney_2026-06-14,played,3,3
2026,15,12950,CD_I1015507,Nasiah Wanganeen-Milera,st_kilda,True,15,Round 15,CD_M20260141507,2026_R15_st_kilda_v_western_bulldogs_2026-06-21,played,2,3
2026,15,12950,CD_I1015507,Nasiah Wanganeen-Milera,st_kilda,True,16,Round 16,,,bye,,
2026,15,12950,CD_I1015507,Nasiah Wanganeen-Milera,st_kilda,True,17,Round 17,CD_M20260141701,2026_R17_essendon_v_st_kilda_2026-07-05,played,3,3
2026,15,12950,CD_I1015507,Nasiah Wanganeen-Milera,st_kilda,True,18,Round 18,CD_M20260141808,2026_R18_st_kilda_v_port_adelaide_2026-07-11,played,1,2
2026,15,12950,CD_I1015507,Nasiah Wanganeen-Milera,st_kilda,True,19,Round 19,,,played,0,0
2026,15,12950,CD_I1015507,Nasiah Wanganeen-Milera,st_kilda,True,20,Round 20,CD_M20260142007,2026_R20_north_melbourne_v_st_kilda_2026-07-26,played,3,3
2026,15,12950,CD_I1015507,Nasiah Wanganeen-Milera,st_kilda,True,21,Round 21,,,played,0,0
2026,15,12950,CD_I1015507,Nasiah Wanganeen-Milera,st_kilda,True,22,Round 22,,,played,0,0
2026,15,12950,CD_I1015507,Nasiah Wanganeen-Milera,st_kilda,True,23,Round 23,CD_M20260142308,2026_R23_richmond_v_st_kilda_2026-08-15,did_not_play,,
2026,15,12950,CD_I1015507,Nasiah Wanganeen-Milera,st_kilda,True,24,Round 24,CD_M20260142407,2026_R24_st_kilda_v_gold_coast_2026-08-20,did_not_play,,
2026,16,12055,CD_I293535,Lachie Neale,brisbane_lions,True,0,Opening Round,CD_M20260140004,2026_R0_brisbane_lions_v_western_bulldogs_2026-03-07,played,2,0
2026,16,12055,CD_I293535,Lachie Neale,brisbane_lions,True,1,Round 1,,,played,0,0
2026,16,12055,CD_I293535,Lachie Neale,brisbane_lions,True,2,Round 2,,,bye,,
2026,16,12055,CD_I293535,Lachie Neale,brisbane_lions,True,3,Round 3,,,played,0,0
2026,16,12055,CD_I293535,Lachie Neale,brisbane_lions,True,4,Round 4,,,played,0,0
2026,16,12055,CD_I293535,Lachie Neale,brisbane_lions,True,5,Round 5,CD_M20260140503,2026_R5_north_melbourne_v_brisbane_lions_2026-04-11,played,3,3
2026,16,12055,CD_I293535,Lachie Neale,brisbane_lions,True,6,Round 6,CD_M20260140608,2026_R6_melbourne_v_brisbane_lions_2026-04-19,played,2,0
2026,16,12055,CD_I293535,Lachie Neale,brisbane_lions,True,7,Round 7,CD_M20260140708,2026_R7_brisbane_lions_v_adelaide_2026-04-26,played,1,3
2026,16,12055,CD_I293535,Lachie Neale,brisbane_lions,True,8,Round 8,,,played,0,0
2026,16,12055,CD_I293535,Lachie Neale,brisbane_lions,True,9,Round 9,CD_M20260140902,2026_R9_brisbane_lions_v_carlton_2026-05-08,played,3,3
2026,16,12055,CD_I293535,Lachie Neale,brisbane_lions,True,10,Round 10,,,played,0,0
2026,16,12055,CD_I293535,Lachie Neale,brisbane_lions,True,11,Round 11,,,played,0,0
2026,16,12055,CD_I293535,Lachie Neale,brisbane_lions,True,12,Round 12,,,played,0,0
2026,16,12055,CD_I293535,Lachie Neale,brisbane_lions,True,13,Round 13,CD_M20260141304,2026_R13_gold_coast_v_brisbane_lions_2026-06-06,played,2,2
2026,16,12055,CD_I293535,Lachie Neale,brisbane_lions,True,14,Round 14,CD_M20260141406,2026_R14_richmond_v_brisbane_lions_2026-06-14,played,0,2
2026,16,12055,CD_I293535,Lachie Neale,brisbane_lions,True,15,Round 15,,,bye,,
2026,16,12055,CD_I293535,Lachie Neale,brisbane_lions,True,16,Round 16,,,played,0,0
2026,16,12055,CD_I293535,Lachie Neale,brisbane_lions,True,17,Round 17,CD_M20260141702,2026_R17_geelong_v_brisbane_lions_2026-07-02,played,0,1
2026,16,12055,CD_I293535,Lachie Neale,brisbane_lions,True,18,Round 18,CD_M20260141802,2026_R18_brisbane_lions_v_essendon_2026-07-12,played,2,3
2026,16,12055,CD_I293535,Lachie Neale,brisbane_lions,True,19,Round 19,CD_M20260141909,2026_R19_west_coast_v_brisbane_lions_2026-07-18,played,3,2
2026,16,12055,CD_I293535,Lachie Neale,brisbane_lions,True,20,Round 20,,,played,0,0
2026,16,12055,CD_I293535,Lachie Neale,brisbane_lions,True,21,Round 21,,,played,0,0
2026,16,12055,CD_I293535,Lachie Neale,brisbane_lions,True,22,Round 22,CD_M20260142202,2026_R22_brisbane_lions_v_hawthorn_2026-08-07,played,0,1
2026,16,12055,CD_I293535,Lachie Neale,brisbane_lions,True,23,Round 23,,,played,0,0
2026,16,12055,CD_I293535,Lachie Neale,brisbane_lions,True,24,Round 24,CD_M20260142402,2026_R24_collingwood_v_brisbane_lions_2026-08-21,played,2,2
2026,17,12771,CD_I1008541,Kysaiah Pickett,melbourne,True,0,Opening Round,,,bye,,
2026,17,12771,CD_I1008541,Kysaiah Pickett,melbourne,True,1,Round 1,,,played,0,0
2026,17,12771,CD_I1008541,Kysaiah Pickett,melbourne,True,2,Round 2,,,played,0,0
2026,17,12771,CD_I1008541,Kysaiah Pickett,melbourne,True,3,Round 3,CD_M20260140307,2026_R3_carlton_v_melbourne_2026-03-29,played,3,3
2026,17,12771,CD_I1008541,Kysaiah Pickett,melbourne,True,4,Round 4,CD_M20260140406,2026_R4_melbourne_v_gold_coast_2026-04-05,played,2,1
2026,17,12771,CD_I1008541,Kysaiah Pickett,melbourne,True,5,Round 5,,,played,0,0
2026,17,12771,CD_I1008541,Kysaiah Pickett,melbourne,True,6,Round 6,CD_M20260140608,2026_R6_melbourne_v_brisbane_lions_2026-04-19,played,0,2
2026,17,12771,CD_I1008541,Kysaiah Pickett,melbourne,True,7,Round 7,CD_M20260140702,2026_R7_richmond_v_melbourne_2026-04-24,played,3,3
2026,17,12771,CD_I1008541,Kysaiah Pickett,melbourne,True,8,Round 8,,,played,0,0
2026,17,12771,CD_I1008541,Kysaiah Pickett,melbourne,True,9,Round 9,,,played,0,0
2026,17,12771,CD_I1008541,Kysaiah Pickett,melbourne,True,10,Round 10,,,played,0,0
2026,17,12771,CD_I1008541,Kysaiah Pickett,melbourne,True,11,Round 11,CD_M20260141109,2026_R11_western_bulldogs_v_melbourne_2026-05-24,played,1,1
2026,17,12771,CD_I1008541,Kysaiah Pickett,melbourne,True,12,Round 12,,,played,0,0
2026,17,12771,CD_I1008541,Kysaiah Pickett,melbourne,True,13,Round 13,CD_M20260141308,2026_R13_collingwood_v_melbourne_2026-06-08,played,3,3
2026,17,12771,CD_I1008541,Kysaiah Pickett,melbourne,True,14,Round 14,CD_M20260141403,2026_R14_melbourne_v_essendon_2026-06-13,played,3,3
2026,17,12771,CD_I1008541,Kysaiah Pickett,melbourne,True,15,Round 15,,,played,0,0
2026,17,12771,CD_I1008541,Kysaiah Pickett,melbourne,True,16,Round 16,,,bye,,
2026,17,12771,CD_I1008541,Kysaiah Pickett,melbourne,True,17,Round 17,,,played,0,0
2026,17,12771,CD_I1008541,Kysaiah Pickett,melbourne,True,18,Round 18,,,played,0,0
2026,17,12771,CD_I1008541,Kysaiah Pickett,melbourne,True,19,Round 19,CD_M20260141905,2026_R19_north_melbourne_v_melbourne_2026-07-18,played,2,3
2026,17,12771,CD_I1008541,Kysaiah Pickett,melbourne,True,20,Round 20,,,played,0,0
2026,17,12771,CD_I1008541,Kysaiah Pickett,melbourne,True,21,Round 21,,,played,0,0
2026,17,12771,CD_I1008541,Kysaiah Pickett,melbourne,True,22,Round 22,CD_M20260142205,2026_R22_melbourne_v_fremantle_2026-08-08,played,3,3
2026,17,12771,CD_I1008541,Kysaiah Pickett,melbourne,True,23,Round 23,,,played,0,0
2026,17,12771,CD_I1008541,Kysaiah Pickett,melbourne,True,24,Round 24,,,played,0,0
2026,18,12590,CD_I1002267,Luke Davies-Uniacke,north_melbourne,True,0,Opening Round,,,bye,,
2026,18,12590,CD_I1002267,Luke Davies-Uniacke,north_melbourne,True,1,Round 1,CD_M20260140107,2026_R1_north_melbourne_v_port_adelaide_2026-03-15,played,3,0
2026,18,12590,CD_I1002267,Luke Davies-Uniacke,north_melbourne,True,2,Round 2,,,played,0,0
2026,18,12590,CD_I1002267,Luke Davies-Uniacke,north_melbourne,True,3,Round 3,,,played,0,0
2026,18,12590,CD_I1002267,Luke Davies-Uniacke,north_melbourne,True,4,Round 4,CD_M20260140402,2026_R4_north_melbourne_v_carlton_2026-04-03,played,3,2
2026,18,12590,CD_I1002267,Luke Davies-Uniacke,north_melbourne,True,5,Round 5,CD_M20260140503,2026_R5_north_melbourne_v_brisbane_lions_2026-04-11,played,1,2
2026,18,12590,CD_I1002267,Luke Davies-Uniacke,north_melbourne,True,6,Round 6,CD_M20260140607,2026_R6_north_melbourne_v_richmond_2026-04-19,played,2,0
2026,18,12590,CD_I1002267,Luke Davies-Uniacke,north_melbourne,True,7,Round 7,,,played,0,0
2026,18,12590,CD_I1002267,Luke Davies-Uniacke,north_melbourne,True,8,Round 8,,,played,0,0
2026,18,12590,CD_I1002267,Luke Davies-Uniacke,north_melbourne,True,9,Round 9,CD_M20260140904,2026_R9_north_melbourne_v_sydney_2026-05-09,played,2,3
2026,18,12590,CD_I1002267,Luke Davies-Uniacke,north_melbourne,True,10,Round 10,,,played,0,0
2026,18,12590,CD_I1002267,Luke Davies-Uniacke,north_melbourne,True,11,Round 11,CD_M20260141104,2026_R11_north_melbourne_v_gold_coast_2026-05-23,played,2,3
2026,18,12590,CD_I1002267,Luke Davies-Uniacke,north_melbourne,True,12,Round 12,,,bye,,
2026,18,12590,CD_I1002267,Luke Davies-Uniacke,north_melbourne,True,13,Round 13,,,played,0,0
2026,18,12590,CD_I1002267,Luke Davies-Uniacke,north_melbourne,True,14,Round 14,,,played,0,0
2026,18,12590,CD_I1002267,Luke Davies-Uniacke,north_melbourne,True,15,Round 15,,,played,0,0
2026,18,12590,CD_I1002267,Luke Davies-Uniacke,north_melbourne,True,16,Round 16,CD_M20260141606,2026_R16_north_melbourne_v_essendon_2026-06-28,played,2,2
2026,18,12590,CD_I1002267,Luke Davies-Uniacke,north_melbourne,True,17,Round 17,CD_M20260141706,2026_R17_port_adelaide_v_north_melbourne_2026-07-05,played,0,1
2026,18,12590,CD_I1002267,Luke Davies-Uniacke,north_melbourne,True,18,Round 18,,,played,0,0
2026,18,12590,CD_I1002267,Luke Davies-Uniacke,north_melbourne,True,19,Round 19,,,played,0,0
2026,18,12590,CD_I1002267,Luke Davies-Uniacke,north_melbourne,True,20,Round 20,,,played,0,0
2026,18,12590,CD_I1002267,Luke Davies-Uniacke,north_melbourne,True,21,Round 21,CD_M20260142106,2026_R21_hawthorn_v_north_melbourne_2026-08-01,played,1,0
2026,18,12590,CD_I1002267,Luke Davies-Uniacke,north_melbourne,True,22,Round 22,CD_M20260142209,2026_R22_western_bulldogs_v_north_melbourne_2026-08-06,played,3,3
2026,18,12590,CD_I1002267,Luke Davies-Uniacke,north_melbourne,True,23,Round 23,,,played,0,0
2026,18,12590,CD_I1002267,Luke Davies-Uniacke,north_melbourne,True,24,Round 24,,,played,0,0
2026,19,12779,CD_I1009399,Luke Jackson,fremantle,True,0,Opening Round,,,bye,,
2026,19,12779,CD_I1009399,Luke Jackson,fremantle,True,1,Round 1,CD_M20260140104,2026_R1_geelong_v_fremantle_2026-03-14,played,3,3
2026,19,12779,CD_I1009399,Luke Jackson,fremantle,True,2,Round 2,,,played,0,0
2026,19,12779,CD_I1009399,Luke Jackson,fremantle,True,3,Round 3,,,played,0,0
2026,19,12779,CD_I1009399,Luke Jackson,fremantle,True,4,Round 4,,,played,0,0
2026,19,12779,CD_I1009399,Luke Jackson,fremantle,True,5,Round 5,CD_M20260140502,2026_R5_collingwood_v_fremantle_2026-04-10,played,3,1
2026,19,12779,CD_I1009399,Luke Jackson,fremantle,True,6,Round 6,,,played,0,0
2026,19,12779,CD_I1009399,Luke Jackson,fremantle,True,7,Round 7,CD_M20260140706,2026_R7_fremantle_v_carlton_2026-04-25,played,2,2
2026,19,12779,CD_I1009399,Luke Jackson,fremantle,True,8,Round 8,,,played,0,0
2026,19,12779,CD_I1009399,Luke Jackson,fremantle,True,9,Round 9,CD_M20260140901,2026_R9_fremantle_v_hawthorn_2026-05-07,played,3,3
2026,19,12779,CD_I1009399,Luke Jackson,fremantle,True,10,Round 10,,,played,0,0
2026,19,12779,CD_I1009399,Luke Jackson,fremantle,True,11,Round 11,CD_M20260141103,2026_R11_fremantle_v_st_kilda_2026-05-22,played,1,0
2026,19,12779,CD_I1009399,Luke Jackson,fremantle,True,12,Round 12,,,played,0,0
2026,19,12779,CD_I1009399,Luke Jackson,fremantle,True,13,Round 13,CD_M20260141303,2026_R13_north_melbourne_v_fremantle_2026-06-06,played,2,3
2026,19,12779,CD_I1009399,Luke Jackson,fremantle,True,14,Round 14,,,bye,,
2026,19,12779,CD_I1009399,Luke Jackson,fremantle,True,15,Round 15,CD_M20260141501,2026_R15_fremantle_v_geelong_2026-06-18,played,3,3
2026,19,12779,CD_I1009399,Luke Jackson,fremantle,True,16,Round 16,CD_M20260141604,2026_R16_fremantle_v_gold_coast_2026-06-28,played,0,1
2026,19,12779,CD_I1009399,Luke Jackson,fremantle,True,17,Round 17,,,played,0,0
2026,19,12779,CD_I1009399,Luke Jackson,fremantle,True,18,Round 18,,,played,0,0
2026,19,12779,CD_I1009399,Luke Jackson,fremantle,True,19,Round 19,,,played,0,0
2026,19,12779,CD_I1009399,Luke Jackson,fremantle,True,20,Round 20,,,played,0,0
2026,19,12779,CD_I1009399,Luke Jackson,fremantle,True,21,Round 21,CD_M20260142104,2026_R21_fremantle_v_western_bulldogs_2026-07-31,played,2,0
2026,19,12779,CD_I1009399,Luke Jackson,fremantle,True,22,Round 22,,,played,0,0
2026,19,12779,CD_I1009399,Luke Jackson,fremantle,True,23,Round 23,,,played,0,0
2026,19,12779,CD_I1009399,Luke Jackson,fremantle,True,24,Round 24,,,played,0,0
2026,20,12862,CD_I1013128,Errol Gulden,sydney,True,0,Opening Round,CD_M20260140001,2026_R0_sydney_v_carlton_2026-03-05,played,2,2
2026,20,12862,CD_I1013128,Errol Gulden,sydney,True,1,Round 1,,,played,0,0
2026,20,12862,CD_I1013128,Errol Gulden,sydney,True,2,Round 2,CD_M20260140201,2026_R2_hawthorn_v_sydney_2026-03-19,did_not_play,,
2026,20,12862,CD_I1013128,Errol Gulden,sydney,True,3,Round 3,,,bye,,
2026,20,12862,CD_I1013128,Errol Gulden,sydney,True,4,Round 4,CD_M20260140405,2026_R4_west_coast_v_sydney_2026-04-04,did_not_play,,
2026,20,12862,CD_I1013128,Errol Gulden,sydney,True,5,Round 5,CD_M20260140505,2026_R5_sydney_v_gold_coast_2026-04-11,did_not_play,,
2026,20,12862,CD_I1013128,Errol Gulden,sydney,True,6,Round 6,CD_M20260140603,2026_R6_sydney_v_greater_western_sydney_2026-04-17,did_not_play,,
2026,20,12862,CD_I1013128,Errol Gulden,sydney,True,7,Round 7,CD_M20260140701,2026_R7_western_bulldogs_v_sydney_2026-04-23,did_not_play,,
2026,20,12862,CD_I1013128,Errol Gulden,sydney,True,8,Round 8,CD_M20260140808,2026_R8_sydney_v_melbourne_2026-05-03,did_not_play,,
2026,20,12862,CD_I1013128,Errol Gulden,sydney,True,9,Round 9,CD_M20260140904,2026_R9_north_melbourne_v_sydney_2026-05-09,did_not_play,,
2026,20,12862,CD_I1013128,Errol Gulden,sydney,True,10,Round 10,CD_M20260141002,2026_R10_sydney_v_collingwood_2026-05-15,did_not_play,,
2026,20,12862,CD_I1013128,Errol Gulden,sydney,True,11,Round 11,CD_M20260141105,2026_R11_geelong_v_sydney_2026-05-23,did_not_play,,
2026,20,12862,CD_I1013128,Errol Gulden,sydney,True,12,Round 12,CD_M20260141203,2026_R12_sydney_v_richmond_2026-05-30,did_not_play,,
2026,20,12862,CD_I1013128,Errol Gulden,sydney,True,13,Round 13,CD_M20260141306,2026_R13_sydney_v_st_kilda_2026-06-07,did_not_play,,
2026,20,12862,CD_I1013128,Errol Gulden,sydney,True,14,Round 14,CD_M20260141405,2026_R14_port_adelaide_v_sydney_2026-06-13,did_not_play,,
2026,20,12862,CD_I1013128,Errol Gulden,sydney,True,15,Round 15,,,bye,,
2026,20,12862,CD_I1013128,Errol Gulden,sydney,True,16,Round 16,,,played,0,0
2026,20,12862,CD_I1013128,Errol Gulden,sydney,True,17,Round 17,,,played,0,0
2026,20,12862,CD_I1013128,Errol Gulden,sydney,True,18,Round 18,,,played,0,0
2026,20,12862,CD_I1013128,Errol Gulden,sydney,True,19,Round 19,,,played,0,0
2026,20,12862,CD_I1013128,Errol Gulden,sydney,True,20,Round 20,CD_M20260142005,2026_R20_greater_western_sydney_v_sydney_2026-07-25,played,3,3
2026,20,12862,CD_I1013128,Errol Gulden,sydney,True,21,Round 21,CD_M20260142109,2026_R21_st_kilda_v_sydney_2026-08-01,played,3,3
2026,20,12862,CD_I1013128,Errol Gulden,sydney,True,22,Round 22,CD_M20260142207,2026_R22_sydney_v_port_adelaide_2026-08-08,played,3,3
2026,20,12862,CD_I1013128,Errol Gulden,sydney,True,23,Round 23,CD_M20260142302,2026_R23_essendon_v_sydney_2026-08-16,played,3,1
2026,20,12862,CD_I1013128,Errol Gulden,sydney,True,24,Round 24,CD_M20260142408,2026_R24_sydney_v_north_melbourne_2026-08-23,played,3,3
2026,21,12217,CD_I293957,Brodie Grundy,sydney,True,0,Opening Round,CD_M20260140001,2026_R0_sydney_v_carlton_2026-03-05,played,1,0
2026,21,12217,CD_I293957,Brodie Grundy,sydney,True,1,Round 1,,,played,0,0
2026,21,12217,CD_I293957,Brodie Grundy,sydney,True,2,Round 2,,,played,0,0
2026,21,12217,CD_I293957,Brodie Grundy,sydney,True,3,Round 3,,,bye,,
2026,21,12217,CD_I293957,Brodie Grundy,sydney,True,4,Round 4,CD_M20260140405,2026_R4_west_coast_v_sydney_2026-04-04,played,3,2
2026,21,12217,CD_I293957,Brodie Grundy,sydney,True,5,Round 5,CD_M20260140505,2026_R5_sydney_v_gold_coast_2026-04-11,played,0,2
2026,21,12217,CD_I293957,Brodie Grundy,sydney,True,6,Round 6,CD_M20260140603,2026_R6_sydney_v_greater_western_sydney_2026-04-17,played,1,0
2026,21,12217,CD_I293957,Brodie Grundy,sydney,True,7,Round 7,CD_M20260140701,2026_R7_western_bulldogs_v_sydney_2026-04-23,played,2,1
2026,21,12217,CD_I293957,Brodie Grundy,sydney,True,8,Round 8,CD_M20260140808,2026_R8_sydney_v_melbourne_2026-05-03,played,2,2
2026,21,12217,CD_I293957,Brodie Grundy,sydney,True,9,Round 9,,,played,0,0
2026,21,12217,CD_I293957,Brodie Grundy,sydney,True,10,Round 10,CD_M20260141002,2026_R10_sydney_v_collingwood_2026-05-15,played,3,3
2026,21,12217,CD_I293957,Brodie Grundy,sydney,True,11,Round 11,,,played,0,0
2026,21,12217,CD_I293957,Brodie Grundy,sydney,True,12,Round 12,CD_M20260141203,2026_R12_sydney_v_richmond_2026-05-30,did_not_play,,
2026,21,12217,CD_I293957,Brodie Grundy,sydney,True,13,Round 13,,,played,0,0
2026,21,12217,CD_I293957,Brodie Grundy,sydney,True,14,Round 14,,,played,0,0
2026,21,12217,CD_I293957,Brodie Grundy,sydney,True,15,Round 15,,,bye,,
2026,21,12217,CD_I293957,Brodie Grundy,sydney,True,16,Round 16,,,played,0,0
2026,21,12217,CD_I293957,Brodie Grundy,sydney,True,17,Round 17,CD_M20260141708,2026_R17_sydney_v_western_bulldogs_2026-07-03,played,2,2
2026,21,12217,CD_I293957,Brodie Grundy,sydney,True,18,Round 18,,,played,0,0
2026,21,12217,CD_I293957,Brodie Grundy,sydney,True,19,Round 19,,,played,0,0
2026,21,12217,CD_I293957,Brodie Grundy,sydney,True,20,Round 20,CD_M20260142005,2026_R20_greater_western_sydney_v_sydney_2026-07-25,played,0,1
2026,21,12217,CD_I293957,Brodie Grundy,sydney,True,21,Round 21,,,played,0,0
2026,21,12217,CD_I293957,Brodie Grundy,sydney,True,22,Round 22,CD_M20260142207,2026_R22_sydney_v_port_adelaide_2026-08-08,did_not_play,,
2026,21,12217,CD_I293957,Brodie Grundy,sydney,True,23,Round 23,,,played,0,0
2026,21,12217,CD_I293957,Brodie Grundy,sydney,True,24,Round 24,CD_M20260142408,2026_R24_sydney_v_north_melbourne_2026-08-23,played,2,2
2026,22,12605,CD_I1008280,Ed Richards,western_bulldogs,True,0,Opening Round,CD_M20260140004,2026_R0_brisbane_lions_v_western_bulldogs_2026-03-07,played,3,3
2026,22,12605,CD_I1008280,Ed Richards,western_bulldogs,True,1,Round 1,,,played,0,0
2026,22,12605,CD_I1008280,Ed Richards,western_bulldogs,True,2,Round 2,CD_M20260140202,2026_R2_adelaide_v_western_bulldogs_2026-03-20,played,1,0
2026,22,12605,CD_I1008280,Ed Richards,western_bulldogs,True,3,Round 3,,,bye,,
2026,22,12605,CD_I1008280,Ed Richards,western_bulldogs,True,4,Round 4,CD_M20260140407,2026_R4_western_bulldogs_v_essendon_2026-04-05,did_not_play,,
2026,22,12605,CD_I1008280,Ed Richards,western_bulldogs,True,5,Round 5,,,played,0,0
2026,22,12605,CD_I1008280,Ed Richards,western_bulldogs,True,6,Round 6,,,played,0,0
2026,22,12605,CD_I1008280,Ed Richards,western_bulldogs,True,7,Round 7,,,played,0,0
2026,22,12605,CD_I1008280,Ed Richards,western_bulldogs,True,8,Round 8,,,played,0,0
2026,22,12605,CD_I1008280,Ed Richards,western_bulldogs,True,9,Round 9,CD_M20260140903,2026_R9_port_adelaide_v_western_bulldogs_2026-05-08,played,1,1
2026,22,12605,CD_I1008280,Ed Richards,western_bulldogs,True,10,Round 10,,,played,0,0
2026,22,12605,CD_I1008280,Ed Richards,western_bulldogs,True,11,Round 11,CD_M20260141109,2026_R11_western_bulldogs_v_melbourne_2026-05-24,played,3,3
2026,22,12605,CD_I1008280,Ed Richards,western_bulldogs,True,12,Round 12,CD_M20260141205,2026_R12_western_bulldogs_v_collingwood_2026-05-30,played,1,0
2026,22,12605,CD_I1008280,Ed Richards,western_bulldogs,True,13,Round 13,CD_M20260141302,2026_R13_hawthorn_v_western_bulldogs_2026-06-05,played,1,2
2026,22,12605,CD_I1008280,Ed Richards,western_bulldogs,True,14,Round 14,,,played,0,0
2026,22,12605,CD_I1008280,Ed Richards,western_bulldogs,True,15,Round 15,,,played,0,0
2026,22,12605,CD_I1008280,Ed Richards,western_bulldogs,True,16,Round 16,,,bye,,
2026,22,12605,CD_I1008280,Ed Richards,western_bulldogs,True,17,Round 17,,,played,0,0
2026,22,12605,CD_I1008280,Ed Richards,western_bulldogs,True,18,Round 18,CD_M20260141809,2026_R18_western_bulldogs_v_west_coast_2026-07-12,played,0,2
2026,22,12605,CD_I1008280,Ed Richards,western_bulldogs,True,19,Round 19,,,played,0,0
2026,22,12605,CD_I1008280,Ed Richards,western_bulldogs,True,20,Round 20,CD_M20260142009,2026_R20_western_bulldogs_v_richmond_2026-07-25,played,3,3
2026,22,12605,CD_I1008280,Ed Richards,western_bulldogs,True,21,Round 21,CD_M20260142104,2026_R21_fremantle_v_western_bulldogs_2026-07-31,played,0,1
2026,22,12605,CD_I1008280,Ed Richards,western_bulldogs,True,22,Round 22,,,played,0,0
2026,22,12605,CD_I1008280,Ed Richards,western_bulldogs,True,23,Round 23,CD_M20260142309,2026_R23_western_bulldogs_v_carlton_2026-08-16,played,3,3
2026,22,12605,CD_I1008280,Ed Richards,western_bulldogs,True,24,Round 24,CD_M20260142406,2026_R24_melbourne_v_western_bulldogs_2026-08-22,played,0,2
2026,23,12767,CD_I1009199,Noah Anderson,gold_coast,True,0,Opening Round,,,played,0,0
2026,23,12767,CD_I1009199,Noah Anderson,gold_coast,True,1,Round 1,CD_M20260140109,2026_R1_gold_coast_v_west_coast_2026-03-15,played,2,2
2026,23,12767,CD_I1009199,Noah Anderson,gold_coast,True,2,Round 2,,,played,0,0
2026,23,12767,CD_I1009199,Noah Anderson,gold_coast,True,3,Round 3,,,bye,,
2026,23,12767,CD_I1009199,Noah Anderson,gold_coast,True,4,Round 4,,,played,0,0
2026,23,12767,CD_I1009199,Noah Anderson,gold_coast,True,5,Round 5,,,played,0,0
2026,23,12767,CD_I1009199,Noah Anderson,gold_coast,True,6,Round 6,CD_M20260140604,2026_R6_gold_coast_v_essendon_2026-04-18,did_not_play,,
2026,23,12767,CD_I1009199,Noah Anderson,gold_coast,True,7,Round 7,CD_M20260140703,2026_R7_hawthorn_v_gold_coast_2026-04-25,played,1,0
2026,23,12767,CD_I1009199,Noah Anderson,gold_coast,True,8,Round 8,,,played,0,0
2026,23,12767,CD_I1009199,Noah Anderson,gold_coast,True,9,Round 9,CD_M20260140906,2026_R9_gold_coast_v_st_kilda_2026-05-09,played,0,3
2026,23,12767,CD_I1009199,Noah Anderson,gold_coast,True,10,Round 10,CD_M20260141003,2026_R10_gold_coast_v_port_adelaide_2026-05-15,played,3,3
2026,23,12767,CD_I1009199,Noah Anderson,gold_coast,True,11,Round 11,CD_M20260141104,2026_R11_north_melbourne_v_gold_coast_2026-05-23,played,3,0
2026,23,12767,CD_I1009199,Noah Anderson,gold_coast,True,12,Round 12,,,bye,,
2026,23,12767,CD_I1009199,Noah Anderson,gold_coast,True,13,Round 13,,,played,0,0
2026,23,12767,CD_I1009199,Noah Anderson,gold_coast,True,14,Round 14,CD_M20260141402,2026_R14_geelong_v_gold_coast_2026-06-12,played,2,0
2026,23,12767,CD_I1009199,Noah Anderson,gold_coast,True,15,Round 15,CD_M20260141502,2026_R15_gold_coast_v_hawthorn_2026-06-19,played,2,0
2026,23,12767,CD_I1009199,Noah Anderson,gold_coast,True,16,Round 16,,,played,0,0
2026,23,12767,CD_I1009199,Noah Anderson,gold_coast,True,17,Round 17,,,played,0,0
2026,23,12767,CD_I1009199,Noah Anderson,gold_coast,True,18,Round 18,,,played,0,0
2026,23,12767,CD_I1009199,Noah Anderson,gold_coast,True,19,Round 19,,,played,0,0
2026,23,12767,CD_I1009199,Noah Anderson,gold_coast,True,20,Round 20,,,played,0,0
2026,23,12767,CD_I1009199,Noah Anderson,gold_coast,True,21,Round 21,,,played,0,0
2026,23,12767,CD_I1009199,Noah Anderson,gold_coast,True,22,Round 22,,,played,0,0
2026,23,12767,CD_I1009199,Noah Anderson,gold_coast,True,23,Round 23,,,played,0,0
2026,23,12767,CD_I1009199,Noah Anderson,gold_coast,True,24,Round 24,CD_M20260142407,2026_R24_st_kilda_v_gold_coast_2026-08-20,played,2,0
2026,24,12535,CD_I993993,Shai Bolton,fremantle,True,0,Opening Round,,,bye,,
2026,24,12535,CD_I993993,Shai Bolton,fremantle,True,1,Round 1,,,played,0,0
2026,24,12535,CD_I993993,Shai Bolton,fremantle,True,2,Round 2,CD_M20260140205,2026_R2_fremantle_v_melbourne_2026-03-21,played,3,2
2026,24,12535,CD_I993993,Shai Bolton,fremantle,True,3,Round 3,CD_M20260140304,2026_R3_fremantle_v_richmond_2026-03-28,played,1,1
2026,24,12535,CD_I993993,Shai Bolton,fremantle,True,4,Round 4,,,played,0,0
2026,24,12535,CD_I993993,Shai Bolton,fremantle,True,5,Round 5,,,played,0,0
2026,24,12535,CD_I993993,Shai Bolton,fremantle,True,6,Round 6,,,played,0,0
2026,24,12535,CD_I993993,Shai Bolton,fremantle,True,7,Round 7,CD_M20260140706,2026_R7_fremantle_v_carlton_2026-04-25,played,3,3
2026,24,12535,CD_I993993,Shai Bolton,fremantle,True,8,Round 8,CD_M20260140802,2026_R8_western_bulldogs_v_fremantle_2026-05-01,played,2,1
2026,24,12535,CD_I993993,Shai Bolton,fremantle,True,9,Round 9,,,played,0,0
2026,24,12535,CD_I993993,Shai Bolton,fremantle,True,10,Round 10,CD_M20260141007,2026_R10_essendon_v_fremantle_2026-05-17,played,2,0
2026,24,12535,CD_I993993,Shai Bolton,fremantle,True,11,Round 11,CD_M20260141103,2026_R11_fremantle_v_st_kilda_2026-05-22,played,2,1
2026,24,12535,CD_I993993,Shai Bolton,fremantle,True,12,Round 12,CD_M20260141204,2026_R12_brisbane_lions_v_fremantle_2026-05-30,played,0,2
2026,24,12535,CD_I993993,Shai Bolton,fremantle,True,13,Round 13,,,played,0,0
2026,24,12535,CD_I993993,Shai Bolton,fremantle,True,14,Round 14,,,bye,,
2026,24,12535,CD_I993993,Shai Bolton,fremantle,True,15,Round 15,,,played,0,0
2026,24,12535,CD_I993993,Shai Bolton,fremantle,True,16,Round 16,CD_M20260141604,2026_R16_fremantle_v_gold_coast_2026-06-28,played,1,0
2026,24,12535,CD_I993993,Shai Bolton,fremantle,True,17,Round 17,,,played,0,0
2026,24,12535,CD_I993993,Shai Bolton,fremantle,True,18,Round 18,CD_M20260141805,2026_R18_fremantle_v_sydney_2026-07-09,played,1,0
2026,24,12535,CD_I993993,Shai Bolton,fremantle,True,19,Round 19,CD_M20260141906,2026_R19_port_adelaide_v_fremantle_2026-07-18,did_not_play,,
2026,24,12535,CD_I993993,Shai Bolton,fremantle,True,20,Round 20,,,played,0,0
2026,24,12535,CD_I993993,Shai Bolton,fremantle,True,21,Round 21,,,played,0,0
2026,24,12535,CD_I993993,Shai Bolton,fremantle,True,22,Round 22,,,played,0,0
2026,24,12535,CD_I993993,Shai Bolton,fremantle,True,23,Round 23,CD_M20260142303,2026_R23_fremantle_v_adelaide_2026-08-14,played,0,1
2026,24,12535,CD_I993993,Shai Bolton,fremantle,True,24,Round 24,,,played,0,0
2026,25,12430,CD_I298210,Christian Petracca,gold_coast,True,0,Opening Round,CD_M20260140002,2026_R0_gold_coast_v_geelong_2026-03-06,played,3,3
2026,25,12430,CD_I298210,Christian Petracca,gold_coast,True,1,Round 1,CD_M20260140109,2026_R1_gold_coast_v_west_coast_2026-03-15,played,3,3
2026,25,12430,CD_I298210,Christian Petracca,gold_coast,True,2,Round 2,,,played,0,0
2026,25,12430,CD_I298210,Christian Petracca,gold_coast,True,3,Round 3,,,bye,,
2026,25,12430,CD_I298210,Christian Petracca,gold_coast,True,4,Round 4,CD_M20260140406,2026_R4_melbourne_v_gold_coast_2026-04-05,did_not_play,,
2026,25,12430,CD_I298210,Christian Petracca,gold_coast,True,5,Round 5,CD_M20260140505,2026_R5_sydney_v_gold_coast_2026-04-11,did_not_play,,
2026,25,12430,CD_I298210,Christian Petracca,gold_coast,True,6,Round 6,CD_M20260140604,2026_R6_gold_coast_v_essendon_2026-04-18,played,3,3
2026,25,12430,CD_I298210,Christian Petracca,gold_coast,True,7,Round 7,,,played,0,0
2026,25,12430,CD_I298210,Christian Petracca,gold_coast,True,8,Round 8,CD_M20260140809,2026_R8_gold_coast_v_greater_western_sydney_2026-05-03,played,3,3
2026,25,12430,CD_I298210,Christian Petracca,gold_coast,True,9,Round 9,,,played,0,0
2026,25,12430,CD_I298210,Christian Petracca,gold_coast,True,10,Round 10,CD_M20260141003,2026_R10_gold_coast_v_port_adelaide_2026-05-15,played,1,0
2026,25,12430,CD_I298210,Christian Petracca,gold_coast,True,11,Round 11,,,played,0,0
2026,25,12430,CD_I298210,Christian Petracca,gold_coast,True,12,Round 12,,,bye,,
2026,25,12430,CD_I298210,Christian Petracca,gold_coast,True,13,Round 13,,,played,0,0
2026,25,12430,CD_I298210,Christian Petracca,gold_coast,True,14,Round 14,,,played,0,0
2026,25,12430,CD_I298210,Christian Petracca,gold_coast,True,15,Round 15,,,played,0,0
2026,25,12430,CD_I298210,Christian Petracca,gold_coast,True,16,Round 16,,,played,0,0
2026,25,12430,CD_I298210,Christian Petracca,gold_coast,True,17,Round 17,CD_M20260141703,2026_R17_gold_coast_v_collingwood_2026-07-04,played,2,0
2026,25,12430,CD_I298210,Christian Petracca,gold_coast,True,18,Round 18,,,played,0,0
2026,25,12430,CD_I298210,Christian Petracca,gold_coast,True,19,Round 19,,,played,0,0
2026,25,12430,CD_I298210,Christian Petracca,gold_coast,True,20,Round 20,,,played,0,0
2026,25,12430,CD_I298210,Christian Petracca,gold_coast,True,21,Round 21,,,played,0,0
2026,25,12430,CD_I298210,Christian Petracca,gold_coast,True,22,Round 22,,,played,0,0
2026,25,12430,CD_I298210,Christian Petracca,gold_coast,True,23,Round 23,,,played,0,0
2026,25,12430,CD_I298210,Christian Petracca,gold_coast,True,24,Round 24,CD_M20260142407,2026_R24_st_kilda_v_gold_coast_2026-08-20,did_not_play,,
2026,26,13180,CD_I1028513,Murphy Reid,fremantle,True,0,Opening Round,,,bye,,
2026,26,13180,CD_I1028513,Murphy Reid,fremantle,True,1,Round 1,,,played,0,0
2026,26,13180,CD_I1028513,Murphy Reid,fremantle,True,2,Round 2,,,played,0,0
2026,26,13180,CD_I1028513,Murphy Reid,fremantle,True,3,Round 3,,,played,0,0
2026,26,13180,CD_I1028513,Murphy Reid,fremantle,True,4,Round 4,CD_M20260140403,2026_R4_adelaide_v_fremantle_2026-04-03,played,0,1
2026,26,13180,CD_I1028513,Murphy Reid,fremantle,True,5,Round 5,,,played,0,0
2026,26,13180,CD_I1028513,Murphy Reid,fremantle,True,6,Round 6,CD_M20260140609,2026_R6_west_coast_v_fremantle_2026-04-19,played,0,2
2026,26,13180,CD_I1028513,Murphy Reid,fremantle,True,7,Round 7,,,played,0,0
2026,26,13180,CD_I1028513,Murphy Reid,fremantle,True,8,Round 8,,,played,0,0
2026,26,13180,CD_I1028513,Murphy Reid,fremantle,True,9,Round 9,,,played,0,0
2026,26,13180,CD_I1028513,Murphy Reid,fremantle,True,10,Round 10,CD_M20260141007,2026_R10_essendon_v_fremantle_2026-05-17,played,3,2
2026,26,13180,CD_I1028513,Murphy Reid,fremantle,True,11,Round 11,CD_M20260141103,2026_R11_fremantle_v_st_kilda_2026-05-22,played,3,3
2026,26,13180,CD_I1028513,Murphy Reid,fremantle,True,12,Round 12,,,played,0,0
2026,26,13180,CD_I1028513,Murphy Reid,fremantle,True,13,Round 13,CD_M20260141303,2026_R13_north_melbourne_v_fremantle_2026-06-06,played,0,1
2026,26,13180,CD_I1028513,Murphy Reid,fremantle,True,14,Round 14,,,bye,,
2026,26,13180,CD_I1028513,Murphy Reid,fremantle,True,15,Round 15,CD_M20260141501,2026_R15_fremantle_v_geelong_2026-06-18,played,1,1
2026,26,13180,CD_I1028513,Murphy Reid,fremantle,True,16,Round 16,CD_M20260141604,2026_R16_fremantle_v_gold_coast_2026-06-28,played,2,2
2026,26,13180,CD_I1028513,Murphy Reid,fremantle,True,17,Round 17,,,played,0,0
2026,26,13180,CD_I1028513,Murphy Reid,fremantle,True,18,Round 18,CD_M20260141805,2026_R18_fremantle_v_sydney_2026-07-09,played,0,3
2026,26,13180,CD_I1028513,Murphy Reid,fremantle,True,19,Round 19,,,played,0,0
2026,26,13180,CD_I1028513,Murphy Reid,fremantle,True,20,Round 20,CD_M20260142004,2026_R20_fremantle_v_west_coast_2026-07-24,played,3,2
2026,26,13180,CD_I1028513,Murphy Reid,fremantle,True,21,Round 21,CD_M20260142104,2026_R21_fremantle_v_western_bulldogs_2026-07-31,played,3,0
2026,26,13180,CD_I1028513,Murphy Reid,fremantle,True,22,Round 22,,,played,0,0
2026,26,13180,CD_I1028513,Murphy Reid,fremantle,True,23,Round 23,CD_M20260142303,2026_R23_fremantle_v_adelaide_2026-08-14,did_not_play,,
2026,26,13180,CD_I1028513,Murphy Reid,fremantle,True,24,Round 24,CD_M20260142403,2026_R24_carlton_v_fremantle_2026-08-22,did_not_play,,
2026,27,13111,CD_I1023492,Harley Reid,west_coast,False,0,Opening Round,,,bye,,
2026,27,13111,CD_I1023492,Harley Reid,west_coast,False,1,Round 1,,,played,0,0
2026,27,13111,CD_I1023492,Harley Reid,west_coast,False,2,Round 2,CD_M20260140207,2026_R2_west_coast_v_north_melbourne_2026-03-22,played,2,3
2026,27,13111,CD_I1023492,Harley Reid,west_coast,False,3,Round 3,CD_M20260140306,2026_R3_port_adelaide_v_west_coast_2026-03-29,played,1,3
2026,27,13111,CD_I1023492,Harley Reid,west_coast,False,4,Round 4,,,played,0,0
2026,27,13111,CD_I1023492,Harley Reid,west_coast,False,5,Round 5,,,played,0,0
2026,27,13111,CD_I1023492,Harley Reid,west_coast,False,6,Round 6,,,played,0,0
2026,27,13111,CD_I1023492,Harley Reid,west_coast,False,7,Round 7,,,played,0,0
2026,27,13111,CD_I1023492,Harley Reid,west_coast,False,8,Round 8,CD_M20260140805,2026_R8_west_coast_v_richmond_2026-05-02,played,3,1
2026,27,13111,CD_I1023492,Harley Reid,west_coast,False,9,Round 9,,,played,0,0
2026,27,13111,CD_I1023492,Harley Reid,west_coast,False,10,Round 10,CD_M20260141009,2026_R10_west_coast_v_greater_western_sydney_2026-05-17,played,3,3
2026,27,13111,CD_I1023492,Harley Reid,west_coast,False,11,Round 11,CD_M20260141106,2026_R11_collingwood_v_west_coast_2026-05-23,played,0,1
2026,27,13111,CD_I1023492,Harley Reid,west_coast,False,12,Round 12,CD_M20260141207,2026_R12_west_coast_v_essendon_2026-05-31,played,3,2
2026,27,13111,CD_I1023492,Harley Reid,west_coast,False,13,Round 13,,,played,0,0
2026,27,13111,CD_I1023492,Harley Reid,west_coast,False,14,Round 14,,,played,0,0
2026,27,13111,CD_I1023492,Harley Reid,west_coast,False,15,Round 15,,,bye,,
2026,27,13111,CD_I1023492,Harley Reid,west_coast,False,16,Round 16,CD_M20260141602,2026_R16_carlton_v_west_coast_2026-06-27,played,0,2
2026,27,13111,CD_I1023492,Harley Reid,west_coast,False,17,Round 17,,,played,0,0
2026,27,13111,CD_I1023492,Harley Reid,west_coast,False,18,Round 18,CD_M20260141809,2026_R18_western_bulldogs_v_west_coast_2026-07-12,played,1,1
2026,27,13111,CD_I1023492,Harley Reid,west_coast,False,19,Round 19,CD_M20260141909,2026_R19_west_coast_v_brisbane_lions_2026-07-18,played,0,1
2026,27,13111,CD_I1023492,Harley Reid,west_coast,False,20,Round 20,,,played,0,0
2026,27,13111,CD_I1023492,Harley Reid,west_coast,False,21,Round 21,CD_M20260142108,2026_R21_richmond_v_west_coast_2026-08-02,played,2,1
2026,27,13111,CD_I1023492,Harley Reid,west_coast,False,22,Round 22,CD_M20260142208,2026_R22_west_coast_v_collingwood_2026-08-09,played,0,2
2026,27,13111,CD_I1023492,Harley Reid,west_coast,False,23,Round 23,,,played,0,0
2026,27,13111,CD_I1023492,Harley Reid,west_coast,False,24,Round 24,,,played,0,0
2026,28,12786,CD_I1009420,Caleb Serong,fremantle,True,0,Opening Round,,,bye,,
2026,28,12786,CD_I1009420,Caleb Serong,fremantle,True,1,Round 1,CD_M20260140104,2026_R1_geelong_v_fremantle_2026-03-14,played,1,0
2026,28,12786,CD_I1009420,Caleb Serong,fremantle,True,2,Round 2,,,played,0,0
2026,28,12786,CD_I1009420,Caleb Serong,fremantle,True,3,Round 3,CD_M20260140304,2026_R3_fremantle_v_richmond_2026-03-28,played,3,2
2026,28,12786,CD_I1009420,Caleb Serong,fremantle,True,4,Round 4,CD_M20260140403,2026_R4_adelaide_v_fremantle_2026-04-03,played,3,3
2026,28,12786,CD_I1009420,Caleb Serong,fremantle,True,5,Round 5,,,played,0,0
2026,28,12786,CD_I1009420,Caleb Serong,fremantle,True,6,Round 6,CD_M20260140609,2026_R6_west_coast_v_fremantle_2026-04-19,played,1,0
2026,28,12786,CD_I1009420,Caleb Serong,fremantle,True,7,Round 7,,,played,0,0
2026,28,12786,CD_I1009420,Caleb Serong,fremantle,True,8,Round 8,,,played,0,0
2026,28,12786,CD_I1009420,Caleb Serong,fremantle,True,9,Round 9,CD_M20260140901,2026_R9_fremantle_v_hawthorn_2026-05-07,played,1,2
2026,28,12786,CD_I1009420,Caleb Serong,fremantle,True,10,Round 10,,,played,0,0
2026,28,12786,CD_I1009420,Caleb Serong,fremantle,True,11,Round 11,CD_M20260141103,2026_R11_fremantle_v_st_kilda_2026-05-22,did_not_play,,
2026,28,12786,CD_I1009420,Caleb Serong,fremantle,True,12,Round 12,CD_M20260141204,2026_R12_brisbane_lions_v_fremantle_2026-05-30,did_not_play,,
2026,28,12786,CD_I1009420,Caleb Serong,fremantle,True,13,Round 13,CD_M20260141303,2026_R13_north_melbourne_v_fremantle_2026-06-06,did_not_play,,
2026,28,12786,CD_I1009420,Caleb Serong,fremantle,True,14,Round 14,,,bye,,
2026,28,12786,CD_I1009420,Caleb Serong,fremantle,True,15,Round 15,,,played,0,0
2026,28,12786,CD_I1009420,Caleb Serong,fremantle,True,16,Round 16,,,played,0,0
2026,28,12786,CD_I1009420,Caleb Serong,fremantle,True,17,Round 17,,,played,0,0
2026,28,12786,CD_I1009420,Caleb Serong,fremantle,True,18,Round 18,CD_M20260141805,2026_R18_fremantle_v_sydney_2026-07-09,played,0,1
2026,28,12786,CD_I1009420,Caleb Serong,fremantle,True,19,Round 19,CD_M20260141906,2026_R19_port_adelaide_v_fremantle_2026-07-18,played,3,2
2026,28,12786,CD_I1009420,Caleb Serong,fremantle,True,20,Round 20,,,played,0,0
2026,28,12786,CD_I1009420,Caleb Serong,fremantle,True,21,Round 21,,,played,0,0
2026,28,12786,CD_I1009420,Caleb Serong,fremantle,True,22,Round 22,,,played,0,0
2026,28,12786,CD_I1009420,Caleb Serong,fremantle,True,23,Round 23,CD_M20260142303,2026_R23_fremantle_v_adelaide_2026-08-14,played,2,3
2026,28,12786,CD_I1009420,Caleb Serong,fremantle,True,24,Round 24,,,played,0,0
2026,29,12684,CD_I1006094,Sam Walsh,carlton,True,0,Opening Round,,,played,0,0
2026,29,12684,CD_I1006094,Sam Walsh,carlton,True,1,Round 1,CD_M20260140101,2026_R1_carlton_v_richmond_2026-03-12,played,0,1
2026,29,12684,CD_I1006094,Sam Walsh,carlton,True,2,Round 2,,,bye,,
2026,29,12684,CD_I1006094,Sam Walsh,carlton,True,3,Round 3,CD_M20260140307,2026_R3_carlton_v_melbourne_2026-03-29,played,1,0
2026,29,12684,CD_I1006094,Sam Walsh,carlton,True,4,Round 4,,,played,0,0
2026,29,12684,CD_I1006094,Sam Walsh,carlton,True,5,Round 5,,,played,0,0
2026,29,12684,CD_I1006094,Sam Walsh,carlton,True,6,Round 6,CD_M20260140601,2026_R6_carlton_v_collingwood_2026-04-16,played,2,0
2026,29,12684,CD_I1006094,Sam Walsh,carlton,True,7,Round 7,CD_M20260140706,2026_R7_fremantle_v_carlton_2026-04-25,played,1,1
2026,29,12684,CD_I1006094,Sam Walsh,carlton,True,8,Round 8,,,played,0,0
2026,29,12684,CD_I1006094,Sam Walsh,carlton,True,9,Round 9,,,played,0,0
2026,29,12684,CD_I1006094,Sam Walsh,carlton,True,10,Round 10,,,played,0,0
2026,29,12684,CD_I1006094,Sam Walsh,carlton,True,11,Round 11,CD_M20260141107,2026_R11_port_adelaide_v_carlton_2026-05-23,played,0,1
2026,29,12684,CD_I1006094,Sam Walsh,carlton,True,12,Round 12,CD_M20260141202,2026_R12_carlton_v_geelong_2026-05-29,played,1,2
2026,29,12684,CD_I1006094,Sam Walsh,carlton,True,13,Round 13,,,played,0,0
2026,29,12684,CD_I1006094,Sam Walsh,carlton,True,14,Round 14,,,bye,,
2026,29,12684,CD_I1006094,Sam Walsh,carlton,True,15,Round 15,CD_M20260141504,2026_R15_greater_western_sydney_v_carlton_2026-06-20,played,3,3
2026,29,12684,CD_I1006094,Sam Walsh,carlton,True,16,Round 16,CD_M20260141602,2026_R16_carlton_v_west_coast_2026-06-27,played,0,1
2026,29,12684,CD_I1006094,Sam Walsh,carlton,True,17,Round 17,,,played,0,0
2026,29,12684,CD_I1006094,Sam Walsh,carlton,True,18,Round 18,,,played,0,0
2026,29,12684,CD_I1006094,Sam Walsh,carlton,True,19,Round 19,,,played,0,0
2026,29,12684,CD_I1006094,Sam Walsh,carlton,True,20,Round 20,,,played,0,0
2026,29,12684,CD_I1006094,Sam Walsh,carlton,True,21,Round 21,,,played,0,0
2026,29,12684,CD_I1006094,Sam Walsh,carlton,True,22,Round 22,CD_M20260142206,2026_R22_st_kilda_v_carlton_2026-08-09,played,3,3
2026,29,12684,CD_I1006094,Sam Walsh,carlton,True,23,Round 23,CD_M20260142309,2026_R23_western_bulldogs_v_carlton_2026-08-16,played,2,1
2026,29,12684,CD_I1006094,Sam Walsh,carlton,True,24,Round 24,CD_M20260142403,2026_R24_carlton_v_fremantle_2026-08-22,played,1,3
2026,30,12411,CD_I294036,George Hewett,carlton,True,0,Opening Round,,,played,0,0
2026,30,12411,CD_I294036,George Hewett,carlton,True,1,Round 1,,,played,0,0
2026,30,12411,CD_I294036,George Hewett,carlton,True,2,Round 2,,,bye,,
2026,30,12411,CD_I294036,George Hewett,carlton,True,3,Round 3,,,played,0,0
2026,30,12411,CD_I294036,George Hewett,carlton,True,4,Round 4,,,played,0,0
2026,30,12411,CD_I294036,George Hewett,carlton,True,5,Round 5,CD_M20260140501,2026_R5_adelaide_v_carlton_2026-04-09,did_not_play,,
2026,30,12411,CD_I294036,George Hewett,carlton,True,6,Round 6,CD_M20260140601,2026_R6_carlton_v_collingwood_2026-04-16,did_not_play,,
2026,30,12411,CD_I294036,George Hewett,carlton,True,7,Round 7,CD_M20260140706,2026_R7_fremantle_v_carlton_2026-04-25,did_not_play,,
2026,30,12411,CD_I294036,George Hewett,carlton,True,8,Round 8,CD_M20260140807,2026_R8_carlton_v_st_kilda_2026-05-02,did_not_play,,
2026,30,12411,CD_I294036,George Hewett,carlton,True,9,Round 9,,,played,0,0
2026,30,12411,CD_I294036,George Hewett,carlton,True,10,Round 10,,,played,0,0
2026,30,12411,CD_I294036,George Hewett,carlton,True,11,Round 11,,,played,0,0
2026,30,12411,CD_I294036,George Hewett,carlton,True,12,Round 12,,,played,0,0
2026,30,12411,CD_I294036,George Hewett,carlton,True,13,Round 13,CD_M20260141307,2026_R13_essendon_v_carlton_2026-06-07,played,3,2
2026,30,12411,CD_I294036,George Hewett,carlton,True,14,Round 14,,,bye,,
2026,30,12411,CD_I294036,George Hewett,carlton,True,15,Round 15,CD_M20260141504,2026_R15_greater_western_sydney_v_carlton_2026-06-20,played,1,2
2026,30,12411,CD_I294036,George Hewett,carlton,True,16,Round 16,CD_M20260141602,2026_R16_carlton_v_west_coast_2026-06-27,played,2,0
2026,30,12411,CD_I294036,George Hewett,carlton,True,17,Round 17,CD_M20260141707,2026_R17_richmond_v_carlton_2026-07-04,played,3,3
2026,30,12411,CD_I294036,George Hewett,carlton,True,18,Round 18,,,played,0,0
2026,30,12411,CD_I294036,George Hewett,carlton,True,19,Round 19,,,played,0,0
2026,30,12411,CD_I294036,George Hewett,carlton,True,20,Round 20,CD_M20260142003,2026_R20_carlton_v_gold_coast_2026-07-25,played,2,0
2026,30,12411,CD_I294036,George Hewett,carlton,True,21,Round 21,CD_M20260142101,2026_R21_carlton_v_brisbane_lions_2026-08-01,played,2,2
2026,30,12411,CD_I294036,George Hewett,carlton,True,22,Round 22,,,played,0,0
2026,30,12411,CD_I294036,George Hewett,carlton,True,23,Round 23,,,played,0,0
2026,30,12411,CD_I294036,George Hewett,carlton,True,24,Round 24,,,played,0,0
2026,31,12610,CD_I1002312,Zac Bailey,brisbane_lions,False,0,Opening Round,,,played,0,0
2026,31,12610,CD_I1002312,Zac Bailey,brisbane_lions,False,1,Round 1,CD_M20260140105,2026_R1_sydney_v_brisbane_lions_2026-03-14,did_not_play,,
2026,31,12610,CD_I1002312,Zac Bailey,brisbane_lions,False,2,Round 2,,,bye,,
2026,31,12610,CD_I1002312,Zac Bailey,brisbane_lions,False,3,Round 3,,,played,0,0
2026,31,12610,CD_I1002312,Zac Bailey,brisbane_lions,False,4,Round 4,CD_M20260140401,2026_R4_brisbane_lions_v_collingwood_2026-04-02,played,1,2
2026,31,12610,CD_I1002312,Zac Bailey,brisbane_lions,False,5,Round 5,CD_M20260140503,2026_R5_north_melbourne_v_brisbane_lions_2026-04-11,played,0,1
2026,31,12610,CD_I1002312,Zac Bailey,brisbane_lions,False,6,Round 6,,,played,0,0
2026,31,12610,CD_I1002312,Zac Bailey,brisbane_lions,False,7,Round 7,CD_M20260140708,2026_R7_brisbane_lions_v_adelaide_2026-04-26,played,3,0
2026,31,12610,CD_I1002312,Zac Bailey,brisbane_lions,False,8,Round 8,CD_M20260140804,2026_R8_essendon_v_brisbane_lions_2026-05-02,played,0,3
2026,31,12610,CD_I1002312,Zac Bailey,brisbane_lions,False,9,Round 9,,,played,0,0
2026,31,12610,CD_I1002312,Zac Bailey,brisbane_lions,False,10,Round 10,,,played,0,0
2026,31,12610,CD_I1002312,Zac Bailey,brisbane_lions,False,11,Round 11,,,played,0,0
2026,31,12610,CD_I1002312,Zac Bailey,brisbane_lions,False,12,Round 12,CD_M20260141204,2026_R12_brisbane_lions_v_fremantle_2026-05-30,played,1,0
2026,31,12610,CD_I1002312,Zac Bailey,brisbane_lions,False,13,Round 13,,,played,0,0
2026,31,12610,CD_I1002312,Zac Bailey,brisbane_lions,False,14,Round 14,CD_M20260141406,2026_R14_richmond_v_brisbane_lions_2026-06-14,played,2,0
2026,31,12610,CD_I1002312,Zac Bailey,brisbane_lions,False,15,Round 15,,,bye,,
2026,31,12610,CD_I1002312,Zac Bailey,brisbane_lions,False,16,Round 16,,,played,0,0
2026,31,12610,CD_I1002312,Zac Bailey,brisbane_lions,False,17,Round 17,,,played,0,0
2026,31,12610,CD_I1002312,Zac Bailey,brisbane_lions,False,18,Round 18,CD_M20260141802,2026_R18_brisbane_lions_v_essendon_2026-07-12,played,1,0
2026,31,12610,CD_I1002312,Zac Bailey,brisbane_lions,False,19,Round 19,,,played,0,0
2026,31,12610,CD_I1002312,Zac Bailey,brisbane_lions,False,20,Round 20,CD_M20260142002,2026_R20_brisbane_lions_v_port_adelaide_2026-07-26,played,3,0
2026,31,12610,CD_I1002312,Zac Bailey,brisbane_lions,False,21,Round 21,,,played,0,0
2026,31,12610,CD_I1002312,Zac Bailey,brisbane_lions,False,22,Round 22,,,played,0,0
2026,31,12610,CD_I1002312,Zac Bailey,brisbane_lions,False,23,Round 23,CD_M20260142301,2026_R23_brisbane_lions_v_gold_coast_2026-08-15,played,2,1
2026,31,12610,CD_I1002312,Zac Bailey,brisbane_lions,False,24,Round 24,,,played,0,0
2026,32,13193,CD_I1020855,Max Hall,st_kilda,True,0,Opening Round,,,played,0,0
2026,32,13193,CD_I1020855,Max Hall,st_kilda,True,1,Round 1,CD_M20260140108,2026_R1_melbourne_v_st_kilda_2026-03-15,played,3,1
2026,32,13193,CD_I1020855,Max Hall,st_kilda,True,2,Round 2,,,played,0,0
2026,32,13193,CD_I1020855,Max Hall,st_kilda,True,3,Round 3,,,played,0,0
2026,32,13193,CD_I1020855,Max Hall,st_kilda,True,4,Round 4,,,bye,,
2026,32,13193,CD_I1020855,Max Hall,st_kilda,True,5,Round 5,,,played,0,0
2026,32,13193,CD_I1020855,Max Hall,st_kilda,True,6,Round 6,,,played,0,0
2026,32,13193,CD_I1020855,Max Hall,st_kilda,True,7,Round 7,,,played,0,0
2026,32,13193,CD_I1020855,Max Hall,st_kilda,True,8,Round 8,,,played,0,0
2026,32,13193,CD_I1020855,Max Hall,st_kilda,True,9,Round 9,,,played,0,0
2026,32,13193,CD_I1020855,Max Hall,st_kilda,True,10,Round 10,CD_M20260141008,2026_R10_st_kilda_v_richmond_2026-05-17,played,2,2
2026,32,13193,CD_I1020855,Max Hall,st_kilda,True,11,Round 11,,,played,0,0
2026,32,13193,CD_I1020855,Max Hall,st_kilda,True,12,Round 12,,,played,0,0
2026,32,13193,CD_I1020855,Max Hall,st_kilda,True,13,Round 13,,,played,0,0
2026,32,13193,CD_I1020855,Max Hall,st_kilda,True,14,Round 14,,,played,0,0
2026,32,13193,CD_I1020855,Max Hall,st_kilda,True,15,Round 15,,,played,0,0
2026,32,13193,CD_I1020855,Max Hall,st_kilda,True,16,Round 16,,,bye,,
2026,32,13193,CD_I1020855,Max Hall,st_kilda,True,17,Round 17,CD_M20260141701,2026_R17_essendon_v_st_kilda_2026-07-05,played,2,1
2026,32,13193,CD_I1020855,Max Hall,st_kilda,True,18,Round 18,,,played,0,0
2026,32,13193,CD_I1020855,Max Hall,st_kilda,True,19,Round 19,,,played,0,0
2026,32,13193,CD_I1020855,Max Hall,st_kilda,True,20,Round 20,,,played,0,0
2026,32,13193,CD_I1020855,Max Hall,st_kilda,True,21,Round 21,CD_M20260142109,2026_R21_st_kilda_v_sydney_2026-08-01,played,0,1
2026,32,13193,CD_I1020855,Max Hall,st_kilda,True,22,Round 22,CD_M20260142206,2026_R22_st_kilda_v_carlton_2026-08-09,played,1,2
2026,32,13193,CD_I1020855,Max Hall,st_kilda,True,23,Round 23,CD_M20260142308,2026_R23_richmond_v_st_kilda_2026-08-15,played,3,1
2026,32,13193,CD_I1020855,Max Hall,st_kilda,True,24,Round 24,CD_M20260142407,2026_R24_st_kilda_v_gold_coast_2026-08-20,played,1,0
2026,33,12768,CD_I1009208,Matt Rowell,gold_coast,True,0,Opening Round,CD_M20260140002,2026_R0_gold_coast_v_geelong_2026-03-06,did_not_play,,
2026,33,12768,CD_I1009208,Matt Rowell,gold_coast,True,1,Round 1,CD_M20260140109,2026_R1_gold_coast_v_west_coast_2026-03-15,did_not_play,,
2026,33,12768,CD_I1009208,Matt Rowell,gold_coast,True,2,Round 2,CD_M20260140203,2026_R2_richmond_v_gold_coast_2026-03-21,did_not_play,,
2026,33,12768,CD_I1009208,Matt Rowell,gold_coast,True,3,Round 3,,,bye,,
2026,33,12768,CD_I1009208,Matt Rowell,gold_coast,True,4,Round 4,,,played,0,0
2026,33,12768,CD_I1009208,Matt Rowell,gold_coast,True,5,Round 5,CD_M20260140505,2026_R5_sydney_v_gold_coast_2026-04-11,played,2,0
2026,33,12768,CD_I1009208,Matt Rowell,gold_coast,True,6,Round 6,CD_M20260140604,2026_R6_gold_coast_v_essendon_2026-04-18,played,2,2
2026,33,12768,CD_I1009208,Matt Rowell,gold_coast,True,7,Round 7,,,played,0,0
2026,33,12768,CD_I1009208,Matt Rowell,gold_coast,True,8,Round 8,CD_M20260140809,2026_R8_gold_coast_v_greater_western_sydney_2026-05-03,did_not_play,,
2026,33,12768,CD_I1009208,Matt Rowell,gold_coast,True,9,Round 9,CD_M20260140906,2026_R9_gold_coast_v_st_kilda_2026-05-09,did_not_play,,
2026,33,12768,CD_I1009208,Matt Rowell,gold_coast,True,10,Round 10,,,played,0,0
2026,33,12768,CD_I1009208,Matt Rowell,gold_coast,True,11,Round 11,CD_M20260141104,2026_R11_north_melbourne_v_gold_coast_2026-05-23,played,1,2
2026,33,12768,CD_I1009208,Matt Rowell,gold_coast,True,12,Round 12,,,bye,,
2026,33,12768,CD_I1009208,Matt Rowell,gold_coast,True,13,Round 13,,,played,0,0
2026,33,12768,CD_I1009208,Matt Rowell,gold_coast,True,14,Round 14,,,played,0,0
2026,33,12768,CD_I1009208,Matt Rowell,gold_coast,True,15,Round 15,,,played,0,0
2026,33,12768,CD_I1009208,Matt Rowell,gold_coast,True,16,Round 16,,,played,0,0
2026,33,12768,CD_I1009208,Matt Rowell,gold_coast,True,17,Round 17,,,played,0,0
2026,33,12768,CD_I1009208,Matt Rowell,gold_coast,True,18,Round 18,,,played,0,0
2026,33,12768,CD_I1009208,Matt Rowell,gold_coast,True,19,Round 19,,,played,0,0
2026,33,12768,CD_I1009208,Matt Rowell,gold_coast,True,20,Round 20,CD_M20260142003,2026_R20_carlton_v_gold_coast_2026-07-25,played,1,0
2026,33,12768,CD_I1009208,Matt Rowell,gold_coast,True,21,Round 21,CD_M20260142105,2026_R21_gold_coast_v_melbourne_2026-08-02,played,0,2
2026,33,12768,CD_I1009208,Matt Rowell,gold_coast,True,22,Round 22,CD_M20260142204,2026_R22_greater_western_sydney_v_gold_coast_2026-08-09,played,3,3
2026,33,12768,CD_I1009208,Matt Rowell,gold_coast,True,23,Round 23,,,played,0,0
2026,33,12768,CD_I1009208,Matt Rowell,gold_coast,True,24,Round 24,CD_M20260142407,2026_R24_st_kilda_v_gold_coast_2026-08-20,played,3,3
2026,34,13274,CD_I1028515,Jagga Smith,carlton,True,0,Opening Round,,,played,0,0
2026,34,13274,CD_I1028515,Jagga Smith,carlton,True,1,Round 1,CD_M20260140101,2026_R1_carlton_v_richmond_2026-03-12,played,3,3
2026,34,13274,CD_I1028515,Jagga Smith,carlton,True,2,Round 2,,,bye,,
2026,34,13274,CD_I1028515,Jagga Smith,carlton,True,3,Round 3,CD_M20260140307,2026_R3_carlton_v_melbourne_2026-03-29,played,0,1
2026,34,13274,CD_I1028515,Jagga Smith,carlton,True,4,Round 4,,,played,0,0
2026,34,13274,CD_I1028515,Jagga Smith,carlton,True,5,Round 5,,,played,0,0
2026,34,13274,CD_I1028515,Jagga Smith,carlton,True,6,Round 6,,,played,0,0
2026,34,13274,CD_I1028515,Jagga Smith,carlton,True,7,Round 7,,,played,0,0
2026,34,13274,CD_I1028515,Jagga Smith,carlton,True,8,Round 8,,,played,0,0
2026,34,13274,CD_I1028515,Jagga Smith,carlton,True,9,Round 9,,,played,0,0
2026,34,13274,CD_I1028515,Jagga Smith,carlton,True,10,Round 10,CD_M20260141006,2026_R10_carlton_v_western_bulldogs_2026-05-16,played,1,0
2026,34,13274,CD_I1028515,Jagga Smith,carlton,True,11,Round 11,CD_M20260141107,2026_R11_port_adelaide_v_carlton_2026-05-23,played,1,0
2026,34,13274,CD_I1028515,Jagga Smith,carlton,True,12,Round 12,,,played,0,0
2026,34,13274,CD_I1028515,Jagga Smith,carlton,True,13,Round 13,,,played,0,0
2026,34,13274,CD_I1028515,Jagga Smith,carlton,True,14,Round 14,,,bye,,
2026,34,13274,CD_I1028515,Jagga Smith,carlton,True,15,Round 15,,,played,0,0
2026,34,13274,CD_I1028515,Jagga Smith,carlton,True,16,Round 16,,,played,0,0
2026,34,13274,CD_I1028515,Jagga Smith,carlton,True,17,Round 17,CD_M20260141707,2026_R17_richmond_v_carlton_2026-07-04,played,1,0
2026,34,13274,CD_I1028515,Jagga Smith,carlton,True,18,Round 18,,,played,0,0
2026,34,13274,CD_I1028515,Jagga Smith,carlton,True,19,Round 19,,,played,0,0
2026,34,13274,CD_I1028515,Jagga Smith,carlton,True,20,Round 20,CD_M20260142003,2026_R20_carlton_v_gold_coast_2026-07-25,played,0,3
2026,34,13274,CD_I1028515,Jagga Smith,carlton,True,21,Round 21,CD_M20260142101,2026_R21_carlton_v_brisbane_lions_2026-08-01,played,3,3
2026,34,13274,CD_I1028515,Jagga Smith,carlton,True,22,Round 22,,,played,0,0
2026,34,13274,CD_I1028515,Jagga Smith,carlton,True,23,Round 23,,,played,0,0
2026,34,13274,CD_I1028515,Jagga Smith,carlton,True,24,Round 24,CD_M20260142403,2026_R24_carlton_v_fremantle_2026-08-22,played,3,2
2026,35,12693,CD_I999391,Tom Sparrow,melbourne,True,0,Opening Round,,,bye,,
2026,35,12693,CD_I999391,Tom Sparrow,melbourne,True,1,Round 1,,,played,0,0
2026,35,12693,CD_I999391,Tom Sparrow,melbourne,True,2,Round 2,,,played,0,0
2026,35,12693,CD_I999391,Tom Sparrow,melbourne,True,3,Round 3,,,played,0,0
2026,35,12693,CD_I999391,Tom Sparrow,melbourne,True,4,Round 4,CD_M20260140406,2026_R4_melbourne_v_gold_coast_2026-04-05,played,1,0
2026,35,12693,CD_I999391,Tom Sparrow,melbourne,True,5,Round 5,,,played,0,0
2026,35,12693,CD_I999391,Tom Sparrow,melbourne,True,6,Round 6,,,played,0,0
2026,35,12693,CD_I999391,Tom Sparrow,melbourne,True,7,Round 7,CD_M20260140702,2026_R7_richmond_v_melbourne_2026-04-24,played,1,1
2026,35,12693,CD_I999391,Tom Sparrow,melbourne,True,8,Round 8,,,played,0,0
2026,35,12693,CD_I999391,Tom Sparrow,melbourne,True,9,Round 9,,,played,0,0
2026,35,12693,CD_I999391,Tom Sparrow,melbourne,True,10,Round 10,CD_M20260141005,2026_R10_melbourne_v_hawthorn_2026-05-16,played,1,3
2026,35,12693,CD_I999391,Tom Sparrow,melbourne,True,11,Round 11,,,played,0,0
2026,35,12693,CD_I999391,Tom Sparrow,melbourne,True,12,Round 12,,,played,0,0
2026,35,12693,CD_I999391,Tom Sparrow,melbourne,True,13,Round 13,,,played,0,0
2026,35,12693,CD_I999391,Tom Sparrow,melbourne,True,14,Round 14,,,played,0,0
2026,35,12693,CD_I999391,Tom Sparrow,melbourne,True,15,Round 15,,,played,0,0
2026,35,12693,CD_I999391,Tom Sparrow,melbourne,True,16,Round 16,,,bye,,
2026,35,12693,CD_I999391,Tom Sparrow,melbourne,True,17,Round 17,,,played,0,0
2026,35,12693,CD_I999391,Tom Sparrow,melbourne,True,18,Round 18,CD_M20260141807,2026_R18_melbourne_v_richmond_2026-07-12,played,2,0
2026,35,12693,CD_I999391,Tom Sparrow,melbourne,True,19,Round 19,CD_M20260141905,2026_R19_north_melbourne_v_melbourne_2026-07-18,played,3,2
2026,35,12693,CD_I999391,Tom Sparrow,melbourne,True,20,Round 20,,,played,0,0
2026,35,12693,CD_I999391,Tom Sparrow,melbourne,True,21,Round 21,CD_M20260142105,2026_R21_gold_coast_v_melbourne_2026-08-02,played,2,0
2026,35,12693,CD_I999391,Tom Sparrow,melbourne,True,22,Round 22,CD_M20260142205,2026_R22_melbourne_v_fremantle_2026-08-08,played,2,2
2026,35,12693,CD_I999391,Tom Sparrow,melbourne,True,23,Round 23,,,played,0,0
2026,35,12693,CD_I999391,Tom Sparrow,melbourne,True,24,Round 24,,,played,0,0
2026,36,12797,CD_I1012014,Chad Warner,sydney,True,0,Opening Round,,,played,0,0
2026,36,12797,CD_I1012014,Chad Warner,sydney,True,1,Round 1,,,played,0,0
2026,36,12797,CD_I1012014,Chad Warner,sydney,True,2,Round 2,CD_M20260140201,2026_R2_hawthorn_v_sydney_2026-03-19,played,0,2
2026,36,12797,CD_I1012014,Chad Warner,sydney,True,3,Round 3,,,bye,,
2026,36,12797,CD_I1012014,Chad Warner,sydney,True,4,Round 4,CD_M20260140405,2026_R4_west_coast_v_sydney_2026-04-04,played,1,1
2026,36,12797,CD_I1012014,Chad Warner,sydney,True,5,Round 5,,,played,0,0
2026,36,12797,CD_I1012014,Chad Warner,sydney,True,6,Round 6,,,played,0,0
2026,36,12797,CD_I1012014,Chad Warner,sydney,True,7,Round 7,,,played,0,0
2026,36,12797,CD_I1012014,Chad Warner,sydney,True,8,Round 8,,,played,0,0
2026,36,12797,CD_I1012014,Chad Warner,sydney,True,9,Round 9,,,played,0,0
2026,36,12797,CD_I1012014,Chad Warner,sydney,True,10,Round 10,,,played,0,0
2026,36,12797,CD_I1012014,Chad Warner,sydney,True,11,Round 11,,,played,0,0
2026,36,12797,CD_I1012014,Chad Warner,sydney,True,12,Round 12,CD_M20260141203,2026_R12_sydney_v_richmond_2026-05-30,played,1,1
2026,36,12797,CD_I1012014,Chad Warner,sydney,True,13,Round 13,CD_M20260141306,2026_R13_sydney_v_st_kilda_2026-06-07,played,1,1
2026,36,12797,CD_I1012014,Chad Warner,sydney,True,14,Round 14,CD_M20260141405,2026_R14_port_adelaide_v_sydney_2026-06-13,played,0,2
2026,36,12797,CD_I1012014,Chad Warner,sydney,True,15,Round 15,,,bye,,
2026,36,12797,CD_I1012014,Chad Warner,sydney,True,16,Round 16,CD_M20260141601,2026_R16_brisbane_lions_v_sydney_2026-06-25,played,3,3
2026,36,12797,CD_I1012014,Chad Warner,sydney,True,17,Round 17,,,played,0,0
2026,36,12797,CD_I1012014,Chad Warner,sydney,True,18,Round 18,,,played,0,0
2026,36,12797,CD_I1012014,Chad Warner,sydney,True,19,Round 19,,,played,0,0
2026,36,12797,CD_I1012014,Chad Warner,sydney,True,20,Round 20,CD_M20260142005,2026_R20_greater_western_sydney_v_sydney_2026-07-25,played,2,0
2026,36,12797,CD_I1012014,Chad Warner,sydney,True,21,Round 21,CD_M20260142109,2026_R21_st_kilda_v_sydney_2026-08-01,played,1,0
2026,36,12797,CD_I1012014,Chad Warner,sydney,True,22,Round 22,CD_M20260142207,2026_R22_sydney_v_port_adelaide_2026-08-08,played,2,2
2026,36,12797,CD_I1012014,Chad Warner,sydney,True,23,Round 23,CD_M20260142302,2026_R23_essendon_v_sydney_2026-08-16,played,1,2
2026,36,12797,CD_I1012014,Chad Warner,sydney,True,24,Round 24,CD_M20260142408,2026_R24_sydney_v_north_melbourne_2026-08-23,did_not_play,,
2026,37,12954,CD_I1017094,Connor Macdonald,hawthorn,True,0,Opening Round,,,played,0,0
2026,37,12954,CD_I1017094,Connor Macdonald,hawthorn,True,1,Round 1,CD_M20260140102,2026_R1_essendon_v_hawthorn_2026-03-13,played,3,3
2026,37,12954,CD_I1017094,Connor Macdonald,hawthorn,True,2,Round 2,,,played,0,0
2026,37,12954,CD_I1017094,Connor Macdonald,hawthorn,True,3,Round 3,,,bye,,
2026,37,12954,CD_I1017094,Connor Macdonald,hawthorn,True,4,Round 4,CD_M20260140408,2026_R4_hawthorn_v_geelong_2026-04-06,played,1,1
2026,37,12954,CD_I1017094,Connor Macdonald,hawthorn,True,5,Round 5,,,played,0,0
2026,37,12954,CD_I1017094,Connor Macdonald,hawthorn,True,6,Round 6,,,played,0,0
2026,37,12954,CD_I1017094,Connor Macdonald,hawthorn,True,7,Round 7,,,played,0,0
2026,37,12954,CD_I1017094,Connor Macdonald,hawthorn,True,8,Round 8,CD_M20260140801,2026_R8_collingwood_v_hawthorn_2026-04-30,played,3,1
2026,37,12954,CD_I1017094,Connor Macdonald,hawthorn,True,9,Round 9,,,played,0,0
2026,37,12954,CD_I1017094,Connor Macdonald,hawthorn,True,10,Round 10,,,played,0,0
2026,37,12954,CD_I1017094,Connor Macdonald,hawthorn,True,11,Round 11,,,played,0,0
2026,37,12954,CD_I1017094,Connor Macdonald,hawthorn,True,12,Round 12,,,played,0,0
2026,37,12954,CD_I1017094,Connor Macdonald,hawthorn,True,13,Round 13,,,played,0,0
2026,37,12954,CD_I1017094,Connor Macdonald,hawthorn,True,14,Round 14,,,bye,,
2026,37,12954,CD_I1017094,Connor Macdonald,hawthorn,True,15,Round 15,,,played,0,0
2026,37,12954,CD_I1017094,Connor Macdonald,hawthorn,True,16,Round 16,,,played,0,0
2026,37,12954,CD_I1017094,Connor Macdonald,hawthorn,True,17,Round 17,,,played,0,0
2026,37,12954,CD_I1017094,Connor Macdonald,hawthorn,True,18,Round 18,CD_M20260141803,2026_R18_carlton_v_hawthorn_2026-07-11,played,2,0
2026,37,12954,CD_I1017094,Connor Macdonald,hawthorn,True,19,Round 19,CD_M20260141907,2026_R19_richmond_v_hawthorn_2026-07-19,played,2,0
2026,37,12954,CD_I1017094,Connor Macdonald,hawthorn,True,20,Round 20,,,played,0,0
2026,37,12954,CD_I1017094,Connor Macdonald,hawthorn,True,21,Round 21,,,played,0,0
2026,37,12954,CD_I1017094,Connor Macdonald,hawthorn,True,22,Round 22,,,played,0,0
2026,37,12954,CD_I1017094,Connor Macdonald,hawthorn,True,23,Round 23,,,played,0,0
2026,37,12954,CD_I1017094,Connor Macdonald,hawthorn,True,24,Round 24,,,played,0,0
2026,38,12849,CD_I1012807,Sam Berry,adelaide,True,0,Opening Round,,,bye,,
2026,38,12849,CD_I1012807,Sam Berry,adelaide,True,1,Round 1,,,played,0,0
2026,38,12849,CD_I1012807,Sam Berry,adelaide,True,2,Round 2,,,played,0,0
2026,38,12849,CD_I1012807,Sam Berry,adelaide,True,3,Round 3,,,played,0,0
2026,38,12849,CD_I1012807,Sam Berry,adelaide,True,4,Round 4,,,played,0,0
2026,38,12849,CD_I1012807,Sam Berry,adelaide,True,5,Round 5,CD_M20260140501,2026_R5_adelaide_v_carlton_2026-04-09,played,0,2
2026,38,12849,CD_I1012807,Sam Berry,adelaide,True,6,Round 6,,,played,0,0
2026,38,12849,CD_I1012807,Sam Berry,adelaide,True,7,Round 7,,,played,0,0
2026,38,12849,CD_I1012807,Sam Berry,adelaide,True,8,Round 8,CD_M20260140803,2026_R8_adelaide_v_port_adelaide_2026-05-01,played,3,2
2026,38,12849,CD_I1012807,Sam Berry,adelaide,True,9,Round 9,,,played,0,0
2026,38,12849,CD_I1012807,Sam Berry,adelaide,True,10,Round 10,,,played,0,0
2026,38,12849,CD_I1012807,Sam Berry,adelaide,True,11,Round 11,CD_M20260141101,2026_R11_hawthorn_v_adelaide_2026-05-21,played,1,0
2026,38,12849,CD_I1012807,Sam Berry,adelaide,True,12,Round 12,,,bye,,
2026,38,12849,CD_I1012807,Sam Berry,adelaide,True,13,Round 13,,,played,0,0
2026,38,12849,CD_I1012807,Sam Berry,adelaide,True,14,Round 14,CD_M20260141401,2026_R14_western_bulldogs_v_adelaide_2026-06-11,played,2,2
2026,38,12849,CD_I1012807,Sam Berry,adelaide,True,15,Round 15,CD_M20260141503,2026_R15_adelaide_v_melbourne_2026-06-20,played,2,1
2026,38,12849,CD_I1012807,Sam Berry,adelaide,True,16,Round 16,,,played,0,0
2026,38,12849,CD_I1012807,Sam Berry,adelaide,True,17,Round 17,,,played,0,0
2026,38,12849,CD_I1012807,Sam Berry,adelaide,True,18,Round 18,CD_M20260141801,2026_R18_adelaide_v_gold_coast_2026-07-11,played,1,0
2026,38,12849,CD_I1012807,Sam Berry,adelaide,True,19,Round 19,,,played,0,0
2026,38,12849,CD_I1012807,Sam Berry,adelaide,True,20,Round 20,CD_M20260142001,2026_R20_adelaide_v_collingwood_2026-07-23,played,1,0
2026,38,12849,CD_I1012807,Sam Berry,adelaide,True,21,Round 21,CD_M20260142103,2026_R21_essendon_v_adelaide_2026-08-02,did_not_play,,
2026,38,12849,CD_I1012807,Sam Berry,adelaide,True,22,Round 22,,,played,0,0
2026,38,12849,CD_I1012807,Sam Berry,adelaide,True,23,Round 23,,,played,0,0
2026,38,12849,CD_I1012807,Sam Berry,adelaide,True,24,Round 24,,,played,0,0
2026,39,12969,CD_I1023266,Finn Callaghan,greater_western_sydney,True,0,Opening Round,CD_M20260140003,2026_R0_greater_western_sydney_v_hawthorn_2026-03-07,played,1,1
2026,39,12969,CD_I1023266,Finn Callaghan,greater_western_sydney,True,1,Round 1,,,played,0,0
2026,39,12969,CD_I1023266,Finn Callaghan,greater_western_sydney,True,2,Round 2,,,played,0,0
2026,39,12969,CD_I1023266,Finn Callaghan,greater_western_sydney,True,3,Round 3,CD_M20260140302,2026_R3_collingwood_v_greater_western_sydney_2026-03-27,played,0,2
2026,39,12969,CD_I1023266,Finn Callaghan,greater_western_sydney,True,4,Round 4,,,bye,,
2026,39,12969,CD_I1023266,Finn Callaghan,greater_western_sydney,True,5,Round 5,CD_M20260140508,2026_R5_greater_western_sydney_v_richmond_2026-04-12,played,3,3
2026,39,12969,CD_I1023266,Finn Callaghan,greater_western_sydney,True,6,Round 6,,,played,0,0
2026,39,12969,CD_I1023266,Finn Callaghan,greater_western_sydney,True,7,Round 7,,,played,0,0
2026,39,12969,CD_I1023266,Finn Callaghan,greater_western_sydney,True,8,Round 8,CD_M20260140809,2026_R8_gold_coast_v_greater_western_sydney_2026-05-03,played,0,2
2026,39,12969,CD_I1023266,Finn Callaghan,greater_western_sydney,True,9,Round 9,CD_M20260140905,2026_R9_greater_western_sydney_v_essendon_2026-05-09,played,2,0
2026,39,12969,CD_I1023266,Finn Callaghan,greater_western_sydney,True,10,Round 10,,,played,0,0
2026,39,12969,CD_I1023266,Finn Callaghan,greater_western_sydney,True,11,Round 11,CD_M20260141108,2026_R11_greater_western_sydney_v_brisbane_lions_2026-05-24,played,0,1
2026,39,12969,CD_I1023266,Finn Callaghan,greater_western_sydney,True,12,Round 12,CD_M20260141206,2026_R12_melbourne_v_greater_western_sydney_2026-05-31,played,3,3
2026,39,12969,CD_I1023266,Finn Callaghan,greater_western_sydney,True,13,Round 13,,,bye,,
2026,39,12969,CD_I1023266,Finn Callaghan,greater_western_sydney,True,14,Round 14,,,played,0,0
2026,39,12969,CD_I1023266,Finn Callaghan,greater_western_sydney,True,15,Round 15,,,played,0,0
2026,39,12969,CD_I1023266,Finn Callaghan,greater_western_sydney,True,16,Round 16,CD_M20260141605,2026_R16_hawthorn_v_greater_western_sydney_2026-06-26,played,1,0
2026,39,12969,CD_I1023266,Finn Callaghan,greater_western_sydney,True,17,Round 17,,,played,0,0
2026,39,12969,CD_I1023266,Finn Callaghan,greater_western_sydney,True,18,Round 18,,,played,0,0
2026,39,12969,CD_I1023266,Finn Callaghan,greater_western_sydney,True,19,Round 19,,,played,0,0
2026,39,12969,CD_I1023266,Finn Callaghan,greater_western_sydney,True,20,Round 20,,,played,0,0
2026,39,12969,CD_I1023266,Finn Callaghan,greater_western_sydney,True,21,Round 21,CD_M20260142107,2026_R21_port_adelaide_v_greater_western_sydney_2026-08-01,did_not_play,,
2026,39,12969,CD_I1023266,Finn Callaghan,greater_western_sydney,True,22,Round 22,CD_M20260142204,2026_R22_greater_western_sydney_v_gold_coast_2026-08-09,did_not_play,,
2026,39,12969,CD_I1023266,Finn Callaghan,greater_western_sydney,True,23,Round 23,CD_M20260142304,2026_R23_greater_western_sydney_v_west_coast_2026-08-16,did_not_play,,
2026,39,12969,CD_I1023266,Finn Callaghan,greater_western_sydney,True,24,Round 24,CD_M20260142401,2026_R24_adelaide_v_greater_western_sydney_2026-08-22,did_not_play,,
2026,40,12421,CD_I996731,Charlie Curnow,sydney,True,0,Opening Round,,,played,0,0
2026,40,12421,CD_I996731,Charlie Curnow,sydney,True,1,Round 1,,,played,0,0
2026,40,12421,CD_I996731,Charlie Curnow,sydney,True,2,Round 2,,,played,0,0
2026,40,12421,CD_I996731,Charlie Curnow,sydney,True,3,Round 3,,,bye,,
2026,40,12421,CD_I996731,Charlie Curnow,sydney,True,4,Round 4,,,played,0,0
2026,40,12421,CD_I996731,Charlie Curnow,sydney,True,5,Round 5,,,played,0,0
2026,40,12421,CD_I996731,Charlie Curnow,sydney,True,6,Round 6,,,played,0,0
2026,40,12421,CD_I996731,Charlie Curnow,sydney,True,7,Round 7,CD_M20260140701,2026_R7_western_bulldogs_v_sydney_2026-04-23,played,3,3
2026,40,12421,CD_I996731,Charlie Curnow,sydney,True,8,Round 8,,,played,0,0
2026,40,12421,CD_I996731,Charlie Curnow,sydney,True,9,Round 9,CD_M20260140904,2026_R9_north_melbourne_v_sydney_2026-05-09,did_not_play,,
2026,40,12421,CD_I996731,Charlie Curnow,sydney,True,10,Round 10,,,played,0,0
2026,40,12421,CD_I996731,Charlie Curnow,sydney,True,11,Round 11,,,played,0,0
2026,40,12421,CD_I996731,Charlie Curnow,sydney,True,12,Round 12,CD_M20260141203,2026_R12_sydney_v_richmond_2026-05-30,played,2,2
2026,40,12421,CD_I996731,Charlie Curnow,sydney,True,13,Round 13,,,played,0,0
2026,40,12421,CD_I996731,Charlie Curnow,sydney,True,14,Round 14,,,played,0,0
2026,40,12421,CD_I996731,Charlie Curnow,sydney,True,15,Round 15,,,bye,,
2026,40,12421,CD_I996731,Charlie Curnow,sydney,True,16,Round 16,,,played,0,0
2026,40,12421,CD_I996731,Charlie Curnow,sydney,True,17,Round 17,CD_M20260141708,2026_R17_sydney_v_western_bulldogs_2026-07-03,played,3,3
2026,40,12421,CD_I996731,Charlie Curnow,sydney,True,18,Round 18,CD_M20260141805,2026_R18_fremantle_v_sydney_2026-07-09,played,2,0
2026,40,12421,CD_I996731,Charlie Curnow,sydney,True,19,Round 19,,,played,0,0
2026,40,12421,CD_I996731,Charlie Curnow,sydney,True,20,Round 20,,,played,0,0
2026,40,12421,CD_I996731,Charlie Curnow,sydney,True,21,Round 21,,,played,0,0
2026,40,12421,CD_I996731,Charlie Curnow,sydney,True,22,Round 22,,,played,0,0
2026,40,12421,CD_I996731,Charlie Curnow,sydney,True,23,Round 23,,,played,0,0
2026,40,12421,CD_I996731,Charlie Curnow,sydney,True,24,Round 24,,,played,0,0
2026,41,12025,CD_I295344,Toby Greene,greater_western_sydney,True,0,Opening Round,,,played,0,0
2026,41,12025,CD_I295344,Toby Greene,greater_western_sydney,True,1,Round 1,,,played,0,0
2026,41,12025,CD_I295344,Toby Greene,greater_western_sydney,True,2,Round 2,,,played,0,0
2026,41,12025,CD_I295344,Toby Greene,greater_western_sydney,True,3,Round 3,,,played,0,0
2026,41,12025,CD_I295344,Toby Greene,greater_western_sydney,True,4,Round 4,,,bye,,
2026,41,12025,CD_I295344,Toby Greene,greater_western_sydney,True,5,Round 5,CD_M20260140508,2026_R5_greater_western_sydney_v_richmond_2026-04-12,played,1,0
2026,41,12025,CD_I295344,Toby Greene,greater_western_sydney,True,6,Round 6,,,played,0,0
2026,41,12025,CD_I295344,Toby Greene,greater_western_sydney,True,7,Round 7,CD_M20260140709,2026_R7_greater_western_sydney_v_north_melbourne_2026-04-26,played,3,3
2026,41,12025,CD_I295344,Toby Greene,greater_western_sydney,True,8,Round 8,,,played,0,0
2026,41,12025,CD_I295344,Toby Greene,greater_western_sydney,True,9,Round 9,CD_M20260140905,2026_R9_greater_western_sydney_v_essendon_2026-05-09,played,0,1
2026,41,12025,CD_I295344,Toby Greene,greater_western_sydney,True,10,Round 10,,,played,0,0
2026,41,12025,CD_I295344,Toby Greene,greater_western_sydney,True,11,Round 11,CD_M20260141108,2026_R11_greater_western_sydney_v_brisbane_lions_2026-05-24,played,1,0
2026,41,12025,CD_I295344,Toby Greene,greater_western_sydney,True,12,Round 12,,,played,0,0
2026,41,12025,CD_I295344,Toby Greene,greater_western_sydney,True,13,Round 13,,,bye,,
2026,41,12025,CD_I295344,Toby Greene,greater_western_sydney,True,14,Round 14,,,played,0,0
2026,41,12025,CD_I295344,Toby Greene,greater_western_sydney,True,15,Round 15,,,played,0,0
2026,41,12025,CD_I295344,Toby Greene,greater_western_sydney,True,16,Round 16,,,played,0,0
2026,41,12025,CD_I295344,Toby Greene,greater_western_sydney,True,17,Round 17,CD_M20260141704,2026_R17_greater_western_sydney_v_fremantle_2026-07-04,played,2,2
2026,41,12025,CD_I295344,Toby Greene,greater_western_sydney,True,18,Round 18,CD_M20260141806,2026_R18_greater_western_sydney_v_geelong_2026-07-11,played,2,0
2026,41,12025,CD_I295344,Toby Greene,greater_western_sydney,True,19,Round 19,,,played,0,0
2026,41,12025,CD_I295344,Toby Greene,greater_western_sydney,True,20,Round 20,CD_M20260142005,2026_R20_greater_western_sydney_v_sydney_2026-07-25,did_not_play,,
2026,41,12025,CD_I295344,Toby Greene,greater_western_sydney,True,21,Round 21,CD_M20260142107,2026_R21_port_adelaide_v_greater_western_sydney_2026-08-01,did_not_play,,
2026,41,12025,CD_I295344,Toby Greene,greater_western_sydney,True,22,Round 22,CD_M20260142204,2026_R22_greater_western_sydney_v_gold_coast_2026-08-09,played,1,0
2026,41,12025,CD_I295344,Toby Greene,greater_western_sydney,True,23,Round 23,CD_M20260142304,2026_R23_greater_western_sydney_v_west_coast_2026-08-16,played,0,3
2026,41,12025,CD_I295344,Toby Greene,greater_western_sydney,True,24,Round 24,,,played,0,0
2026,42,12881,CD_I1015889,Max Holmes,geelong,True,0,Opening Round,,,played,0,0
2026,42,12881,CD_I1015889,Max Holmes,geelong,True,1,Round 1,CD_M20260140104,2026_R1_geelong_v_fremantle_2026-03-14,played,2,2
2026,42,12881,CD_I1015889,Max Holmes,geelong,True,2,Round 2,,,bye,,
2026,42,12881,CD_I1015889,Max Holmes,geelong,True,3,Round 3,CD_M20260140301,2026_R3_geelong_v_adelaide_2026-03-26,played,1,0
2026,42,12881,CD_I1015889,Max Holmes,geelong,True,4,Round 4,,,played,0,0
2026,42,12881,CD_I1015889,Max Holmes,geelong,True,5,Round 5,CD_M20260140507,2026_R5_geelong_v_west_coast_2026-04-12,played,0,2
2026,42,12881,CD_I1015889,Max Holmes,geelong,True,6,Round 6,CD_M20260140602,2026_R6_geelong_v_western_bulldogs_2026-04-17,played,1,1
2026,42,12881,CD_I1015889,Max Holmes,geelong,True,7,Round 7,,,played,0,0
2026,42,12881,CD_I1015889,Max Holmes,geelong,True,8,Round 8,CD_M20260140806,2026_R8_geelong_v_north_melbourne_2026-05-02,played,3,3
2026,42,12881,CD_I1015889,Max Holmes,geelong,True,9,Round 9,CD_M20260140907,2026_R9_geelong_v_collingwood_2026-05-09,played,0,2
2026,42,12881,CD_I1015889,Max Holmes,geelong,True,10,Round 10,,,played,0,0
2026,42,12881,CD_I1015889,Max Holmes,geelong,True,11,Round 11,CD_M20260141105,2026_R11_geelong_v_sydney_2026-05-23,played,3,1
2026,42,12881,CD_I1015889,Max Holmes,geelong,True,12,Round 12,,,played,0,0
2026,42,12881,CD_I1015889,Max Holmes,geelong,True,13,Round 13,,,played,0,0
2026,42,12881,CD_I1015889,Max Holmes,geelong,True,14,Round 14,CD_M20260141402,2026_R14_geelong_v_gold_coast_2026-06-12,played,0,2
2026,42,12881,CD_I1015889,Max Holmes,geelong,True,15,Round 15,,,played,0,0
2026,42,12881,CD_I1015889,Max Holmes,geelong,True,16,Round 16,,,bye,,
2026,42,12881,CD_I1015889,Max Holmes,geelong,True,17,Round 17,,,played,0,0
2026,42,12881,CD_I1015889,Max Holmes,geelong,True,18,Round 18,,,played,0,0
2026,42,12881,CD_I1015889,Max Holmes,geelong,True,19,Round 19,,,played,0,0
2026,42,12881,CD_I1015889,Max Holmes,geelong,True,20,Round 20,CD_M20260142008,2026_R20_melbourne_v_geelong_2026-07-24,did_not_play,,
2026,42,12881,CD_I1015889,Max Holmes,geelong,True,21,Round 21,CD_M20260142102,2026_R21_collingwood_v_geelong_2026-07-30,did_not_play,,
2026,42,12881,CD_I1015889,Max Holmes,geelong,True,22,Round 22,CD_M20260142203,2026_R22_geelong_v_essendon_2026-08-08,did_not_play,,
2026,42,12881,CD_I1015889,Max Holmes,geelong,True,23,Round 23,CD_M20260142306,2026_R23_north_melbourne_v_geelong_2026-08-15,did_not_play,,
2026,42,12881,CD_I1015889,Max Holmes,geelong,True,24,Round 24,CD_M20260142405,2026_R24_geelong_v_richmond_2026-08-22,did_not_play,,
2026,43,12504,CD_I998172,Tim Taranto,richmond,True,0,Opening Round,,,bye,,
2026,43,12504,CD_I998172,Tim Taranto,richmond,True,1,Round 1,CD_M20260140101,2026_R1_carlton_v_richmond_2026-03-12,played,1,0
2026,43,12504,CD_I998172,Tim Taranto,richmond,True,2,Round 2,,,played,0,0
2026,43,12504,CD_I998172,Tim Taranto,richmond,True,3,Round 3,,,played,0,0
2026,43,12504,CD_I998172,Tim Taranto,richmond,True,4,Round 4,CD_M20260140404,2026_R4_richmond_v_port_adelaide_2026-04-04,played,0,1
2026,43,12504,CD_I998172,Tim Taranto,richmond,True,5,Round 5,,,played,0,0
2026,43,12504,CD_I998172,Tim Taranto,richmond,True,6,Round 6,,,played,0,0
2026,43,12504,CD_I998172,Tim Taranto,richmond,True,7,Round 7,CD_M20260140702,2026_R7_richmond_v_melbourne_2026-04-24,did_not_play,,
2026,43,12504,CD_I998172,Tim Taranto,richmond,True,8,Round 8,CD_M20260140805,2026_R8_west_coast_v_richmond_2026-05-02,did_not_play,,
2026,43,12504,CD_I998172,Tim Taranto,richmond,True,9,Round 9,CD_M20260140909,2026_R9_richmond_v_adelaide_2026-05-10,played,1,0
2026,43,12504,CD_I998172,Tim Taranto,richmond,True,10,Round 10,,,played,0,0
2026,43,12504,CD_I998172,Tim Taranto,richmond,True,11,Round 11,CD_M20260141102,2026_R11_richmond_v_essendon_2026-05-22,played,2,1
2026,43,12504,CD_I998172,Tim Taranto,richmond,True,12,Round 12,,,played,0,0
2026,43,12504,CD_I998172,Tim Taranto,richmond,True,13,Round 13,,,bye,,
2026,43,12504,CD_I998172,Tim Taranto,richmond,True,14,Round 14,CD_M20260141406,2026_R14_richmond_v_brisbane_lions_2026-06-14,played,1,1
2026,43,12504,CD_I998172,Tim Taranto,richmond,True,15,Round 15,,,played,0,0
2026,43,12504,CD_I998172,Tim Taranto,richmond,True,16,Round 16,CD_M20260141603,2026_R16_collingwood_v_richmond_2026-06-27,played,1,1
2026,43,12504,CD_I998172,Tim Taranto,richmond,True,17,Round 17,CD_M20260141707,2026_R17_richmond_v_carlton_2026-07-04,played,0,2
2026,43,12504,CD_I998172,Tim Taranto,richmond,True,18,Round 18,,,played,0,0
2026,43,12504,CD_I998172,Tim Taranto,richmond,True,19,Round 19,,,played,0,0
2026,43,12504,CD_I998172,Tim Taranto,richmond,True,20,Round 20,,,played,0,0
2026,43,12504,CD_I998172,Tim Taranto,richmond,True,21,Round 21,CD_M20260142108,2026_R21_richmond_v_west_coast_2026-08-02,played,3,3
2026,43,12504,CD_I998172,Tim Taranto,richmond,True,22,Round 22,,,played,0,0
2026,43,12504,CD_I998172,Tim Taranto,richmond,True,23,Round 23,,,played,0,0
2026,43,12504,CD_I998172,Tim Taranto,richmond,True,24,Round 24,CD_M20260142405,2026_R24_geelong_v_richmond_2026-08-22,played,1,0
2026,44,13048,CD_I1017720,Jacob van Rooyen,melbourne,False,0,Opening Round,,,bye,,
2026,44,13048,CD_I1017720,Jacob van Rooyen,melbourne,False,1,Round 1,CD_M20260140108,2026_R1_melbourne_v_st_kilda_2026-03-15,played,2,2
2026,44,13048,CD_I1017720,Jacob van Rooyen,melbourne,False,2,Round 2,,,played,0,0
2026,44,13048,CD_I1017720,Jacob van Rooyen,melbourne,False,3,Round 3,,,played,0,0
2026,44,13048,CD_I1017720,Jacob van Rooyen,melbourne,False,4,Round 4,,,played,0,0
2026,44,13048,CD_I1017720,Jacob van Rooyen,melbourne,False,5,Round 5,,,played,0,0
2026,44,13048,CD_I1017720,Jacob van Rooyen,melbourne,False,6,Round 6,,,played,0,0
2026,44,13048,CD_I1017720,Jacob van Rooyen,melbourne,False,7,Round 7,,,played,0,0
2026,44,13048,CD_I1017720,Jacob van Rooyen,melbourne,False,8,Round 8,,,played,0,0
2026,44,13048,CD_I1017720,Jacob van Rooyen,melbourne,False,9,Round 9,CD_M20260140908,2026_R9_melbourne_v_west_coast_2026-05-10,played,2,2
2026,44,13048,CD_I1017720,Jacob van Rooyen,melbourne,False,10,Round 10,,,played,0,0
2026,44,13048,CD_I1017720,Jacob van Rooyen,melbourne,False,11,Round 11,,,played,0,0
2026,44,13048,CD_I1017720,Jacob van Rooyen,melbourne,False,12,Round 12,,,played,0,0
2026,44,13048,CD_I1017720,Jacob van Rooyen,melbourne,False,13,Round 13,,,played,0,0
2026,44,13048,CD_I1017720,Jacob van Rooyen,melbourne,False,14,Round 14,,,played,0,0
2026,44,13048,CD_I1017720,Jacob van Rooyen,melbourne,False,15,Round 15,,,played,0,0
2026,44,13048,CD_I1017720,Jacob van Rooyen,melbourne,False,16,Round 16,,,bye,,
2026,44,13048,CD_I1017720,Jacob van Rooyen,melbourne,False,17,Round 17,CD_M20260141705,2026_R17_hawthorn_v_melbourne_2026-07-04,played,3,3
2026,44,13048,CD_I1017720,Jacob van Rooyen,melbourne,False,18,Round 18,CD_M20260141807,2026_R18_melbourne_v_richmond_2026-07-12,played,3,3
2026,44,13048,CD_I1017720,Jacob van Rooyen,melbourne,False,19,Round 19,,,played,0,0
2026,44,13048,CD_I1017720,Jacob van Rooyen,melbourne,False,20,Round 20,,,played,0,0
2026,44,13048,CD_I1017720,Jacob van Rooyen,melbourne,False,21,Round 21,CD_M20260142105,2026_R21_gold_coast_v_melbourne_2026-08-02,played,0,1
2026,44,13048,CD_I1017720,Jacob van Rooyen,melbourne,False,22,Round 22,,,played,0,0
2026,44,13048,CD_I1017720,Jacob van Rooyen,melbourne,False,23,Round 23,,,played,0,0
2026,44,13048,CD_I1017720,Jacob van Rooyen,melbourne,False,24,Round 24,CD_M20260142406,2026_R24_melbourne_v_western_bulldogs_2026-08-22,did_not_play,,
2026,45,12589,CD_I1002232,Andrew Brayshaw,fremantle,True,0,Opening Round,,,bye,,
2026,45,12589,CD_I1002232,Andrew Brayshaw,fremantle,True,1,Round 1,,,played,0,0
2026,45,12589,CD_I1002232,Andrew Brayshaw,fremantle,True,2,Round 2,CD_M20260140205,2026_R2_fremantle_v_melbourne_2026-03-21,played,2,3
2026,45,12589,CD_I1002232,Andrew Brayshaw,fremantle,True,3,Round 3,,,played,0,0
2026,45,12589,CD_I1002232,Andrew Brayshaw,fremantle,True,4,Round 4,CD_M20260140403,2026_R4_adelaide_v_fremantle_2026-04-03,played,1,0
2026,45,12589,CD_I1002232,Andrew Brayshaw,fremantle,True,5,Round 5,,,played,0,0
2026,45,12589,CD_I1002232,Andrew Brayshaw,fremantle,True,6,Round 6,,,played,0,0
2026,45,12589,CD_I1002232,Andrew Brayshaw,fremantle,True,7,Round 7,,,played,0,0
2026,45,12589,CD_I1002232,Andrew Brayshaw,fremantle,True,8,Round 8,,,played,0,0
2026,45,12589,CD_I1002232,Andrew Brayshaw,fremantle,True,9,Round 9,,,played,0,0
2026,45,12589,CD_I1002232,Andrew Brayshaw,fremantle,True,10,Round 10,,,played,0,0
2026,45,12589,CD_I1002232,Andrew Brayshaw,fremantle,True,11,Round 11,,,played,0,0
2026,45,12589,CD_I1002232,Andrew Brayshaw,fremantle,True,12,Round 12,,,played,0,0
2026,45,12589,CD_I1002232,Andrew Brayshaw,fremantle,True,13,Round 13,CD_M20260141303,2026_R13_north_melbourne_v_fremantle_2026-06-06,played,1,0
2026,45,12589,CD_I1002232,Andrew Brayshaw,fremantle,True,14,Round 14,,,bye,,
2026,45,12589,CD_I1002232,Andrew Brayshaw,fremantle,True,15,Round 15,CD_M20260141501,2026_R15_fremantle_v_geelong_2026-06-18,played,2,2
2026,45,12589,CD_I1002232,Andrew Brayshaw,fremantle,True,16,Round 16,CD_M20260141604,2026_R16_fremantle_v_gold_coast_2026-06-28,played,3,3
2026,45,12589,CD_I1002232,Andrew Brayshaw,fremantle,True,17,Round 17,,,played,0,0
2026,45,12589,CD_I1002232,Andrew Brayshaw,fremantle,True,18,Round 18,CD_M20260141805,2026_R18_fremantle_v_sydney_2026-07-09,played,0,2
2026,45,12589,CD_I1002232,Andrew Brayshaw,fremantle,True,19,Round 19,,,played,0,0
2026,45,12589,CD_I1002232,Andrew Brayshaw,fremantle,True,20,Round 20,,,played,0,0
2026,45,12589,CD_I1002232,Andrew Brayshaw,fremantle,True,21,Round 21,,,played,0,0
2026,45,12589,CD_I1002232,Andrew Brayshaw,fremantle,True,22,Round 22,,,played,0,0
2026,45,12589,CD_I1002232,Andrew Brayshaw,fremantle,True,23,Round 23,,,played,0,0
2026,45,12589,CD_I1002232,Andrew Brayshaw,fremantle,True,24,Round 24,,,played,0,0
2026,46,11845,CD_I291351,Jack Gunston,hawthorn,True,0,Opening Round,,,played,0,0
2026,46,11845,CD_I291351,Jack Gunston,hawthorn,True,1,Round 1,CD_M20260140102,2026_R1_essendon_v_hawthorn_2026-03-13,played,1,1
2026,46,11845,CD_I291351,Jack Gunston,hawthorn,True,2,Round 2,,,played,0,0
2026,46,11845,CD_I291351,Jack Gunston,hawthorn,True,3,Round 3,,,bye,,
2026,46,11845,CD_I291351,Jack Gunston,hawthorn,True,4,Round 4,,,played,0,0
2026,46,11845,CD_I291351,Jack Gunston,hawthorn,True,5,Round 5,,,played,0,0
2026,46,11845,CD_I291351,Jack Gunston,hawthorn,True,6,Round 6,CD_M20260140605,2026_R6_hawthorn_v_port_adelaide_2026-04-18,did_not_play,,
2026,46,11845,CD_I291351,Jack Gunston,hawthorn,True,7,Round 7,CD_M20260140703,2026_R7_hawthorn_v_gold_coast_2026-04-25,played,0,1
2026,46,11845,CD_I291351,Jack Gunston,hawthorn,True,8,Round 8,,,played,0,0
2026,46,11845,CD_I291351,Jack Gunston,hawthorn,True,9,Round 9,CD_M20260140901,2026_R9_fremantle_v_hawthorn_2026-05-07,played,2,1
2026,46,11845,CD_I291351,Jack Gunston,hawthorn,True,10,Round 10,CD_M20260141005,2026_R10_melbourne_v_hawthorn_2026-05-16,did_not_play,,
2026,46,11845,CD_I291351,Jack Gunston,hawthorn,True,11,Round 11,CD_M20260141101,2026_R11_hawthorn_v_adelaide_2026-05-21,did_not_play,,
2026,46,11845,CD_I291351,Jack Gunston,hawthorn,True,12,Round 12,CD_M20260141201,2026_R12_st_kilda_v_hawthorn_2026-05-28,played,1,2
2026,46,11845,CD_I291351,Jack Gunston,hawthorn,True,13,Round 13,CD_M20260141302,2026_R13_hawthorn_v_western_bulldogs_2026-06-05,did_not_play,,
2026,46,11845,CD_I291351,Jack Gunston,hawthorn,True,14,Round 14,,,bye,,
2026,46,11845,CD_I291351,Jack Gunston,hawthorn,True,15,Round 15,CD_M20260141502,2026_R15_gold_coast_v_hawthorn_2026-06-19,did_not_play,,
2026,46,11845,CD_I291351,Jack Gunston,hawthorn,True,16,Round 16,CD_M20260141605,2026_R16_hawthorn_v_greater_western_sydney_2026-06-26,did_not_play,,
2026,46,11845,CD_I291351,Jack Gunston,hawthorn,True,17,Round 17,,,played,0,0
2026,46,11845,CD_I291351,Jack Gunston,hawthorn,True,18,Round 18,,,played,0,0
2026,46,11845,CD_I291351,Jack Gunston,hawthorn,True,19,Round 19,,,played,0,0
2026,46,11845,CD_I291351,Jack Gunston,hawthorn,True,20,Round 20,CD_M20260142006,2026_R20_hawthorn_v_essendon_2026-07-25,played,3,2
2026,46,11845,CD_I291351,Jack Gunston,hawthorn,True,21,Round 21,,,played,0,0
2026,46,11845,CD_I291351,Jack Gunston,hawthorn,True,22,Round 22,,,played,0,0
2026,46,11845,CD_I291351,Jack Gunston,hawthorn,True,23,Round 23,,,played,0,0
2026,46,11845,CD_I291351,Jack Gunston,hawthorn,True,24,Round 24,CD_M20260142409,2026_R24_west_coast_v_hawthorn_2026-08-23,played,2,1
2026,47,13104,CD_I993878,Shaun Mannagh,geelong,True,0,Opening Round,,,played,0,0
2026,47,13104,CD_I993878,Shaun Mannagh,geelong,True,1,Round 1,,,played,0,0
2026,47,13104,CD_I993878,Shaun Mannagh,geelong,True,2,Round 2,,,bye,,
2026,47,13104,CD_I993878,Shaun Mannagh,geelong,True,3,Round 3,,,played,0,0
2026,47,13104,CD_I993878,Shaun Mannagh,geelong,True,4,Round 4,,,played,0,0
2026,47,13104,CD_I993878,Shaun Mannagh,geelong,True,5,Round 5,,,played,0,0
2026,47,13104,CD_I993878,Shaun Mannagh,geelong,True,6,Round 6,,,played,0,0
2026,47,13104,CD_I993878,Shaun Mannagh,geelong,True,7,Round 7,,,played,0,0
2026,47,13104,CD_I993878,Shaun Mannagh,geelong,True,8,Round 8,CD_M20260140806,2026_R8_geelong_v_north_melbourne_2026-05-02,played,1,2
2026,47,13104,CD_I993878,Shaun Mannagh,geelong,True,9,Round 9,,,played,0,0
2026,47,13104,CD_I993878,Shaun Mannagh,geelong,True,10,Round 10,CD_M20260141001,2026_R10_brisbane_lions_v_geelong_2026-05-14,played,3,3
2026,47,13104,CD_I993878,Shaun Mannagh,geelong,True,11,Round 11,,,played,0,0
2026,47,13104,CD_I993878,Shaun Mannagh,geelong,True,12,Round 12,,,played,0,0
2026,47,13104,CD_I993878,Shaun Mannagh,geelong,True,13,Round 13,,,played,0,0
2026,47,13104,CD_I993878,Shaun Mannagh,geelong,True,14,Round 14,,,played,0,0
2026,47,13104,CD_I993878,Shaun Mannagh,geelong,True,15,Round 15,,,played,0,0
2026,47,13104,CD_I993878,Shaun Mannagh,geelong,True,16,Round 16,,,bye,,
2026,47,13104,CD_I993878,Shaun Mannagh,geelong,True,17,Round 17,,,played,0,0
2026,47,13104,CD_I993878,Shaun Mannagh,geelong,True,18,Round 18,CD_M20260141806,2026_R18_greater_western_sydney_v_geelong_2026-07-11,played,3,0
2026,47,13104,CD_I993878,Shaun Mannagh,geelong,True,19,Round 19,,,played,0,0
2026,47,13104,CD_I993878,Shaun Mannagh,geelong,True,20,Round 20,,,played,0,0
2026,47,13104,CD_I993878,Shaun Mannagh,geelong,True,21,Round 21,,,played,0,0
2026,47,13104,CD_I993878,Shaun Mannagh,geelong,True,22,Round 22,,,played,0,0
2026,47,13104,CD_I993878,Shaun Mannagh,geelong,True,23,Round 23,,,played,0,0
2026,47,13104,CD_I993878,Shaun Mannagh,geelong,True,24,Round 24,CD_M20260142405,2026_R24_geelong_v_richmond_2026-08-22,played,2,2
2026,48,12241,CD_I992016,Zach Merrett,essendon,True,0,Opening Round,,,bye,,
2026,48,12241,CD_I992016,Zach Merrett,essendon,True,1,Round 1,,,played,0,0
2026,48,12241,CD_I992016,Zach Merrett,essendon,True,2,Round 2,,,played,0,0
2026,48,12241,CD_I992016,Zach Merrett,essendon,True,3,Round 3,,,played,0,0
2026,48,12241,CD_I992016,Zach Merrett,essendon,True,4,Round 4,,,played,0,0
2026,48,12241,CD_I992016,Zach Merrett,essendon,True,5,Round 5,CD_M20260140504,2026_R5_essendon_v_melbourne_2026-04-11,played,2,0
2026,48,12241,CD_I992016,Zach Merrett,essendon,True,6,Round 6,CD_M20260140604,2026_R6_gold_coast_v_essendon_2026-04-18,played,1,0
2026,48,12241,CD_I992016,Zach Merrett,essendon,True,7,Round 7,,,played,0,0
2026,48,12241,CD_I992016,Zach Merrett,essendon,True,8,Round 8,,,played,0,0
2026,48,12241,CD_I992016,Zach Merrett,essendon,True,9,Round 9,,,played,0,0
2026,48,12241,CD_I992016,Zach Merrett,essendon,True,10,Round 10,,,played,0,0
2026,48,12241,CD_I992016,Zach Merrett,essendon,True,11,Round 11,CD_M20260141102,2026_R11_richmond_v_essendon_2026-05-22,played,1,0
2026,48,12241,CD_I992016,Zach Merrett,essendon,True,12,Round 12,,,played,0,0
2026,48,12241,CD_I992016,Zach Merrett,essendon,True,13,Round 13,,,played,0,0
2026,48,12241,CD_I992016,Zach Merrett,essendon,True,14,Round 14,,,played,0,0
2026,48,12241,CD_I992016,Zach Merrett,essendon,True,15,Round 15,,,bye,,
2026,48,12241,CD_I992016,Zach Merrett,essendon,True,16,Round 16,,,played,0,0
2026,48,12241,CD_I992016,Zach Merrett,essendon,True,17,Round 17,,,played,0,0
2026,48,12241,CD_I992016,Zach Merrett,essendon,True,18,Round 18,,,played,0,0
2026,48,12241,CD_I992016,Zach Merrett,essendon,True,19,Round 19,CD_M20260141902,2026_R19_essendon_v_greater_western_sydney_2026-07-19,played,3,2
2026,48,12241,CD_I992016,Zach Merrett,essendon,True,20,Round 20,,,played,0,0
2026,48,12241,CD_I992016,Zach Merrett,essendon,True,21,Round 21,,,played,0,0
2026,48,12241,CD_I992016,Zach Merrett,essendon,True,22,Round 22,CD_M20260142203,2026_R22_geelong_v_essendon_2026-08-08,played,0,1
2026,48,12241,CD_I992016,Zach Merrett,essendon,True,23,Round 23,,,played,0,0
2026,48,12241,CD_I992016,Zach Merrett,essendon,True,24,Round 24,CD_M20260142404,2026_R24_essendon_v_port_adelaide_2026-08-23,played,2,1
2026,49,12331,CD_I298272,Touk Miller,gold_coast,True,0,Opening Round,,,played,0,0
2026,49,12331,CD_I298272,Touk Miller,gold_coast,True,1,Round 1,,,played,0,0
2026,49,12331,CD_I298272,Touk Miller,gold_coast,True,2,Round 2,CD_M20260140203,2026_R2_richmond_v_gold_coast_2026-03-21,played,2,0
2026,49,12331,CD_I298272,Touk Miller,gold_coast,True,3,Round 3,,,bye,,
2026,49,12331,CD_I298272,Touk Miller,gold_coast,True,4,Round 4,,,played,0,0
2026,49,12331,CD_I298272,Touk Miller,gold_coast,True,5,Round 5,,,played,0,0
2026,49,12331,CD_I298272,Touk Miller,gold_coast,True,6,Round 6,,,played,0,0
2026,49,12331,CD_I298272,Touk Miller,gold_coast,True,7,Round 7,,,played,0,0
2026,49,12331,CD_I298272,Touk Miller,gold_coast,True,8,Round 8,,,played,0,0
2026,49,12331,CD_I298272,Touk Miller,gold_coast,True,9,Round 9,CD_M20260140906,2026_R9_gold_coast_v_st_kilda_2026-05-09,played,3,0
2026,49,12331,CD_I298272,Touk Miller,gold_coast,True,10,Round 10,,,played,0,0
2026,49,12331,CD_I298272,Touk Miller,gold_coast,True,11,Round 11,,,played,0,0
2026,49,12331,CD_I298272,Touk Miller,gold_coast,True,12,Round 12,,,bye,,
2026,49,12331,CD_I298272,Touk Miller,gold_coast,True,13,Round 13,,,played,0,0
2026,49,12331,CD_I298272,Touk Miller,gold_coast,True,14,Round 14,,,played,0,0
2026,49,12331,CD_I298272,Touk Miller,gold_coast,True,15,Round 15,,,played,0,0
2026,49,12331,CD_I298272,Touk Miller,gold_coast,True,16,Round 16,,,played,0,0
2026,49,12331,CD_I298272,Touk Miller,gold_coast,True,17,Round 17,,,played,0,0
2026,49,12331,CD_I298272,Touk Miller,gold_coast,True,18,Round 18,,,played,0,0
2026,49,12331,CD_I298272,Touk Miller,gold_coast,True,19,Round 19,CD_M20260141904,2026_R19_gold_coast_v_western_bulldogs_2026-07-19,played,2,2
2026,49,12331,CD_I298272,Touk Miller,gold_coast,True,20,Round 20,,,played,0,0
2026,49,12331,CD_I298272,Touk Miller,gold_coast,True,21,Round 21,,,played,0,0
2026,49,12331,CD_I298272,Touk Miller,gold_coast,True,22,Round 22,CD_M20260142204,2026_R22_greater_western_sydney_v_gold_coast_2026-08-09,played,2,2
2026,49,12331,CD_I298272,Touk Miller,gold_coast,True,23,Round 23,,,played,0,0
2026,49,12331,CD_I298272,Touk Miller,gold_coast,True,24,Round 24,CD_M20260142407,2026_R24_st_kilda_v_gold_coast_2026-08-20,played,0,2
2026,50,13137,CD_I1028019,Logan Morris,brisbane_lions,True,0,Opening Round,,,played,0,0
2026,50,13137,CD_I1028019,Logan Morris,brisbane_lions,True,1,Round 1,CD_M20260140105,2026_R1_sydney_v_brisbane_lions_2026-03-14,did_not_play,,
2026,50,13137,CD_I1028019,Logan Morris,brisbane_lions,True,2,Round 2,,,bye,,
2026,50,13137,CD_I1028019,Logan Morris,brisbane_lions,True,3,Round 3,,,played,0,0
2026,50,13137,CD_I1028019,Logan Morris,brisbane_lions,True,4,Round 4,CD_M20260140401,2026_R4_brisbane_lions_v_collingwood_2026-04-02,played,2,1
2026,50,13137,CD_I1028019,Logan Morris,brisbane_lions,True,5,Round 5,,,played,0,0
2026,50,13137,CD_I1028019,Logan Morris,brisbane_lions,True,6,Round 6,,,played,0,0
2026,50,13137,CD_I1028019,Logan Morris,brisbane_lions,True,7,Round 7,,,played,0,0
2026,50,13137,CD_I1028019,Logan Morris,brisbane_lions,True,8,Round 8,,,played,0,0
2026,50,13137,CD_I1028019,Logan Morris,brisbane_lions,True,9,Round 9,,,played,0,0
2026,50,13137,CD_I1028019,Logan Morris,brisbane_lions,True,10,Round 10,,,played,0,0
2026,50,13137,CD_I1028019,Logan Morris,brisbane_lions,True,11,Round 11,,,played,0,0
2026,50,13137,CD_I1028019,Logan Morris,brisbane_lions,True,12,Round 12,,,played,0,0
2026,50,13137,CD_I1028019,Logan Morris,brisbane_lions,True,13,Round 13,CD_M20260141304,2026_R13_gold_coast_v_brisbane_lions_2026-06-06,played,3,3
2026,50,13137,CD_I1028019,Logan Morris,brisbane_lions,True,14,Round 14,,,played,0,0
2026,50,13137,CD_I1028019,Logan Morris,brisbane_lions,True,15,Round 15,,,bye,,
2026,50,13137,CD_I1028019,Logan Morris,brisbane_lions,True,16,Round 16,,,played,0,0
2026,50,13137,CD_I1028019,Logan Morris,brisbane_lions,True,17,Round 17,,,played,0,0
2026,50,13137,CD_I1028019,Logan Morris,brisbane_lions,True,18,Round 18,,,played,0,0
2026,50,13137,CD_I1028019,Logan Morris,brisbane_lions,True,19,Round 19,,,played,0,0
2026,50,13137,CD_I1028019,Logan Morris,brisbane_lions,True,20,Round 20,,,played,0,0
2026,50,13137,CD_I1028019,Logan Morris,brisbane_lions,True,21,Round 21,,,played,0,0
2026,50,13137,CD_I1028019,Logan Morris,brisbane_lions,True,22,Round 22,CD_M20260142202,2026_R22_brisbane_lions_v_hawthorn_2026-08-07,played,1,0
2026,50,13137,CD_I1028019,Logan Morris,brisbane_lions,True,23,Round 23,,,played,0,0
2026,50,13137,CD_I1028019,Logan Morris,brisbane_lions,True,24,Round 24,CD_M20260142402,2026_R24_collingwood_v_brisbane_lions_2026-08-21,played,3,3
2026,51,13105,CD_I1023473,Nick Watson,hawthorn,True,0,Opening Round,,,played,0,0
2026,51,13105,CD_I1023473,Nick Watson,hawthorn,True,1,Round 1,CD_M20260140102,2026_R1_essendon_v_hawthorn_2026-03-13,played,2,2
2026,51,13105,CD_I1023473,Nick Watson,hawthorn,True,2,Round 2,,,played,0,0
2026,51,13105,CD_I1023473,Nick Watson,hawthorn,True,3,Round 3,,,bye,,
2026,51,13105,CD_I1023473,Nick Watson,hawthorn,True,4,Round 4,,,played,0,0
2026,51,13105,CD_I1023473,Nick Watson,hawthorn,True,5,Round 5,,,played,0,0
2026,51,13105,CD_I1023473,Nick Watson,hawthorn,True,6,Round 6,CD_M20260140605,2026_R6_hawthorn_v_port_adelaide_2026-04-18,played,3,3
2026,51,13105,CD_I1023473,Nick Watson,hawthorn,True,7,Round 7,,,played,0,0
2026,51,13105,CD_I1023473,Nick Watson,hawthorn,True,8,Round 8,,,played,0,0
2026,51,13105,CD_I1023473,Nick Watson,hawthorn,True,9,Round 9,,,played,0,0
2026,51,13105,CD_I1023473,Nick Watson,hawthorn,True,10,Round 10,,,played,0,0
2026,51,13105,CD_I1023473,Nick Watson,hawthorn,True,11,Round 11,,,played,0,0
2026,51,13105,CD_I1023473,Nick Watson,hawthorn,True,12,Round 12,CD_M20260141201,2026_R12_st_kilda_v_hawthorn_2026-05-28,played,2,3
2026,51,13105,CD_I1023473,Nick Watson,hawthorn,True,13,Round 13,,,played,0,0
2026,51,13105,CD_I1023473,Nick Watson,hawthorn,True,14,Round 14,,,bye,,
2026,51,13105,CD_I1023473,Nick Watson,hawthorn,True,15,Round 15,,,played,0,0
2026,51,13105,CD_I1023473,Nick Watson,hawthorn,True,16,Round 16,,,played,0,0
2026,51,13105,CD_I1023473,Nick Watson,hawthorn,True,17,Round 17,CD_M20260141705,2026_R17_hawthorn_v_melbourne_2026-07-04,did_not_play,,
2026,51,13105,CD_I1023473,Nick Watson,hawthorn,True,18,Round 18,CD_M20260141803,2026_R18_carlton_v_hawthorn_2026-07-11,did_not_play,,
2026,51,13105,CD_I1023473,Nick Watson,hawthorn,True,19,Round 19,CD_M20260141907,2026_R19_richmond_v_hawthorn_2026-07-19,played,0,2
2026,51,13105,CD_I1023473,Nick Watson,hawthorn,True,20,Round 20,,,played,0,0
2026,51,13105,CD_I1023473,Nick Watson,hawthorn,True,21,Round 21,CD_M20260142106,2026_R21_hawthorn_v_north_melbourne_2026-08-01,played,2,1
2026,51,13105,CD_I1023473,Nick Watson,hawthorn,True,22,Round 22,,,played,0,0
2026,51,13105,CD_I1023473,Nick Watson,hawthorn,True,23,Round 23,,,played,0,0
2026,51,13105,CD_I1023473,Nick Watson,hawthorn,True,24,Round 24,CD_M20260142409,2026_R24_west_coast_v_hawthorn_2026-08-23,played,0,3
2026,52,12703,CD_I296422,Callum Wilkie,st_kilda,True,0,Opening Round,CD_M20260140005,2026_R0_st_kilda_v_collingwood_2026-03-08,played,2,0
2026,52,12703,CD_I296422,Callum Wilkie,st_kilda,True,1,Round 1,,,played,0,0
2026,52,12703,CD_I296422,Callum Wilkie,st_kilda,True,2,Round 2,CD_M20260140204,2026_R2_greater_western_sydney_v_st_kilda_2026-03-21,played,3,2
2026,52,12703,CD_I296422,Callum Wilkie,st_kilda,True,3,Round 3,,,played,0,0
2026,52,12703,CD_I296422,Callum Wilkie,st_kilda,True,4,Round 4,,,bye,,
2026,52,12703,CD_I296422,Callum Wilkie,st_kilda,True,5,Round 5,,,played,0,0
2026,52,12703,CD_I296422,Callum Wilkie,st_kilda,True,6,Round 6,CD_M20260140606,2026_R6_adelaide_v_st_kilda_2026-04-18,played,0,3
2026,52,12703,CD_I296422,Callum Wilkie,st_kilda,True,7,Round 7,CD_M20260140707,2026_R7_st_kilda_v_west_coast_2026-04-26,played,0,2
2026,52,12703,CD_I296422,Callum Wilkie,st_kilda,True,8,Round 8,,,played,0,0
2026,52,12703,CD_I296422,Callum Wilkie,st_kilda,True,9,Round 9,,,played,0,0
2026,52,12703,CD_I296422,Callum Wilkie,st_kilda,True,10,Round 10,,,played,0,0
2026,52,12703,CD_I296422,Callum Wilkie,st_kilda,True,11,Round 11,,,played,0,0
2026,52,12703,CD_I296422,Callum Wilkie,st_kilda,True,12,Round 12,,,played,0,0
2026,52,12703,CD_I296422,Callum Wilkie,st_kilda,True,13,Round 13,,,played,0,0
2026,52,12703,CD_I296422,Callum Wilkie,st_kilda,True,14,Round 14,,,played,0,0
2026,52,12703,CD_I296422,Callum Wilkie,st_kilda,True,15,Round 15,,,played,0,0
2026,52,12703,CD_I296422,Callum Wilkie,st_kilda,True,16,Round 16,,,bye,,
2026,52,12703,CD_I296422,Callum Wilkie,st_kilda,True,17,Round 17,,,played,0,0
2026,52,12703,CD_I296422,Callum Wilkie,st_kilda,True,18,Round 18,CD_M20260141808,2026_R18_st_kilda_v_port_adelaide_2026-07-11,played,2,3
2026,52,12703,CD_I296422,Callum Wilkie,st_kilda,True,19,Round 19,,,played,0,0
2026,52,12703,CD_I296422,Callum Wilkie,st_kilda,True,20,Round 20,,,played,0,0
2026,52,12703,CD_I296422,Callum Wilkie,st_kilda,True,21,Round 21,CD_M20260142109,2026_R21_st_kilda_v_sydney_2026-08-01,played,2,0
2026,52,12703,CD_I296422,Callum Wilkie,st_kilda,True,22,Round 22,,,played,0,0
2026,52,12703,CD_I296422,Callum Wilkie,st_kilda,True,23,Round 23,,,played,0,0
2026,52,12703,CD_I296422,Callum Wilkie,st_kilda,True,24,Round 24,,,played,0,0
2026,53,12983,CD_I1020594,Jye Amiss,fremantle,True,0,Opening Round,,,bye,,
2026,53,12983,CD_I1020594,Jye Amiss,fremantle,True,1,Round 1,,,played,0,0
2026,53,12983,CD_I1020594,Jye Amiss,fremantle,True,2,Round 2,,,played,0,0
2026,53,12983,CD_I1020594,Jye Amiss,fremantle,True,3,Round 3,,,played,0,0
2026,53,12983,CD_I1020594,Jye Amiss,fremantle,True,4,Round 4,,,played,0,0
2026,53,12983,CD_I1020594,Jye Amiss,fremantle,True,5,Round 5,,,played,0,0
2026,53,12983,CD_I1020594,Jye Amiss,fremantle,True,6,Round 6,CD_M20260140609,2026_R6_west_coast_v_fremantle_2026-04-19,played,2,1
2026,53,12983,CD_I1020594,Jye Amiss,fremantle,True,7,Round 7,,,played,0,0
2026,53,12983,CD_I1020594,Jye Amiss,fremantle,True,8,Round 8,,,played,0,0
2026,53,12983,CD_I1020594,Jye Amiss,fremantle,True,9,Round 9,,,played,0,0
2026,53,12983,CD_I1020594,Jye Amiss,fremantle,True,10,Round 10,,,played,0,0
2026,53,12983,CD_I1020594,Jye Amiss,fremantle,True,11,Round 11,,,played,0,0
2026,53,12983,CD_I1020594,Jye Amiss,fremantle,True,12,Round 12,CD_M20260141204,2026_R12_brisbane_lions_v_fremantle_2026-05-30,played,2,0
2026,53,12983,CD_I1020594,Jye Amiss,fremantle,True,13,Round 13,,,played,0,0
2026,53,12983,CD_I1020594,Jye Amiss,fremantle,True,14,Round 14,,,bye,,
2026,53,12983,CD_I1020594,Jye Amiss,fremantle,True,15,Round 15,,,played,0,0
2026,53,12983,CD_I1020594,Jye Amiss,fremantle,True,16,Round 16,,,played,0,0
2026,53,12983,CD_I1020594,Jye Amiss,fremantle,True,17,Round 17,,,played,0,0
2026,53,12983,CD_I1020594,Jye Amiss,fremantle,True,18,Round 18,,,played,0,0
2026,53,12983,CD_I1020594,Jye Amiss,fremantle,True,19,Round 19,CD_M20260141906,2026_R19_port_adelaide_v_fremantle_2026-07-18,played,1,0
2026,53,12983,CD_I1020594,Jye Amiss,fremantle,True,20,Round 20,CD_M20260142004,2026_R20_fremantle_v_west_coast_2026-07-24,played,1,1
2026,53,12983,CD_I1020594,Jye Amiss,fremantle,True,21,Round 21,,,played,0,0
2026,53,12983,CD_I1020594,Jye Amiss,fremantle,True,22,Round 22,CD_M20260142205,2026_R22_melbourne_v_fremantle_2026-08-08,played,1,1
2026,53,12983,CD_I1020594,Jye Amiss,fremantle,True,23,Round 23,CD_M20260142303,2026_R23_fremantle_v_adelaide_2026-08-14,played,1,0
2026,53,12983,CD_I1020594,Jye Amiss,fremantle,True,24,Round 24,CD_M20260142403,2026_R24_carlton_v_fremantle_2026-08-22,did_not_play,,
2026,54,12318,CD_I994185,Jordan De Goey,collingwood,True,0,Opening Round,,,played,0,0
2026,54,12318,CD_I994185,Jordan De Goey,collingwood,True,1,Round 1,,,played,0,0
2026,54,12318,CD_I994185,Jordan De Goey,collingwood,True,2,Round 2,,,bye,,
2026,54,12318,CD_I994185,Jordan De Goey,collingwood,True,3,Round 3,,,played,0,0
2026,54,12318,CD_I994185,Jordan De Goey,collingwood,True,4,Round 4,,,played,0,0
2026,54,12318,CD_I994185,Jordan De Goey,collingwood,True,5,Round 5,,,played,0,0
2026,54,12318,CD_I994185,Jordan De Goey,collingwood,True,6,Round 6,CD_M20260140601,2026_R6_carlton_v_collingwood_2026-04-16,did_not_play,,
2026,54,12318,CD_I994185,Jordan De Goey,collingwood,True,7,Round 7,CD_M20260140704,2026_R7_essendon_v_collingwood_2026-04-25,played,0,1
2026,54,12318,CD_I994185,Jordan De Goey,collingwood,True,8,Round 8,,,played,0,0
2026,54,12318,CD_I994185,Jordan De Goey,collingwood,True,9,Round 9,CD_M20260140907,2026_R9_geelong_v_collingwood_2026-05-09,played,0,1
2026,54,12318,CD_I994185,Jordan De Goey,collingwood,True,10,Round 10,,,played,0,0
2026,54,12318,CD_I994185,Jordan De Goey,collingwood,True,11,Round 11,,,played,0,0
2026,54,12318,CD_I994185,Jordan De Goey,collingwood,True,12,Round 12,CD_M20260141205,2026_R12_western_bulldogs_v_collingwood_2026-05-30,played,3,2
2026,54,12318,CD_I994185,Jordan De Goey,collingwood,True,13,Round 13,,,played,0,0
2026,54,12318,CD_I994185,Jordan De Goey,collingwood,True,14,Round 14,,,bye,,
2026,54,12318,CD_I994185,Jordan De Goey,collingwood,True,15,Round 15,CD_M20260141505,2026_R15_collingwood_v_port_adelaide_2026-06-20,played,2,3
2026,54,12318,CD_I994185,Jordan De Goey,collingwood,True,16,Round 16,CD_M20260141603,2026_R16_collingwood_v_richmond_2026-06-27,played,2,2
2026,54,12318,CD_I994185,Jordan De Goey,collingwood,True,17,Round 17,,,played,0,0
2026,54,12318,CD_I994185,Jordan De Goey,collingwood,True,18,Round 18,,,played,0,0
2026,54,12318,CD_I994185,Jordan De Goey,collingwood,True,19,Round 19,CD_M20260141901,2026_R19_collingwood_v_carlton_2026-07-18,played,1,0
2026,54,12318,CD_I994185,Jordan De Goey,collingwood,True,20,Round 20,,,played,0,0
2026,54,12318,CD_I994185,Jordan De Goey,collingwood,True,21,Round 21,,,played,0,0
2026,54,12318,CD_I994185,Jordan De Goey,collingwood,True,22,Round 22,CD_M20260142208,2026_R22_west_coast_v_collingwood_2026-08-09,did_not_play,,
2026,54,12318,CD_I994185,Jordan De Goey,collingwood,True,23,Round 23,,,played,0,0
2026,54,12318,CD_I994185,Jordan De Goey,collingwood,True,24,Round 24,,,played,0,0
2026,55,12953,CD_I1017051,Josh Rachele,adelaide,True,0,Opening Round,,,bye,,
2026,55,12953,CD_I1017051,Josh Rachele,adelaide,True,1,Round 1,,,played,0,0
2026,55,12953,CD_I1017051,Josh Rachele,adelaide,True,2,Round 2,,,played,0,0
2026,55,12953,CD_I1017051,Josh Rachele,adelaide,True,3,Round 3,CD_M20260140301,2026_R3_geelong_v_adelaide_2026-03-26,played,2,2
2026,55,12953,CD_I1017051,Josh Rachele,adelaide,True,4,Round 4,,,played,0,0
2026,55,12953,CD_I1017051,Josh Rachele,adelaide,True,5,Round 5,CD_M20260140501,2026_R5_adelaide_v_carlton_2026-04-09,played,3,3
2026,55,12953,CD_I1017051,Josh Rachele,adelaide,True,6,Round 6,,,played,0,0
2026,55,12953,CD_I1017051,Josh Rachele,adelaide,True,7,Round 7,,,played,0,0
2026,55,12953,CD_I1017051,Josh Rachele,adelaide,True,8,Round 8,,,played,0,0
2026,55,12953,CD_I1017051,Josh Rachele,adelaide,True,9,Round 9,,,played,0,0
2026,55,12953,CD_I1017051,Josh Rachele,adelaide,True,10,Round 10,CD_M20260141004,2026_R10_adelaide_v_north_melbourne_2026-05-16,played,2,0
2026,55,12953,CD_I1017051,Josh Rachele,adelaide,True,11,Round 11,,,played,0,0
2026,55,12953,CD_I1017051,Josh Rachele,adelaide,True,12,Round 12,,,bye,,
2026,55,12953,CD_I1017051,Josh Rachele,adelaide,True,13,Round 13,,,played,0,0
2026,55,12953,CD_I1017051,Josh Rachele,adelaide,True,14,Round 14,CD_M20260141401,2026_R14_western_bulldogs_v_adelaide_2026-06-11,played,0,1
2026,55,12953,CD_I1017051,Josh Rachele,adelaide,True,15,Round 15,CD_M20260141503,2026_R15_adelaide_v_melbourne_2026-06-20,played,1,0
2026,55,12953,CD_I1017051,Josh Rachele,adelaide,True,16,Round 16,,,played,0,0
2026,55,12953,CD_I1017051,Josh Rachele,adelaide,True,17,Round 17,,,played,0,0
2026,55,12953,CD_I1017051,Josh Rachele,adelaide,True,18,Round 18,,,played,0,0
2026,55,12953,CD_I1017051,Josh Rachele,adelaide,True,19,Round 19,,,played,0,0
2026,55,12953,CD_I1017051,Josh Rachele,adelaide,True,20,Round 20,,,played,0,0
2026,55,12953,CD_I1017051,Josh Rachele,adelaide,True,21,Round 21,,,played,0,0
2026,55,12953,CD_I1017051,Josh Rachele,adelaide,True,22,Round 22,,,played,0,0
2026,55,12953,CD_I1017051,Josh Rachele,adelaide,True,23,Round 23,,,played,0,0
2026,55,12953,CD_I1017051,Josh Rachele,adelaide,True,24,Round 24,,,played,0,0
2026,56,13125,CD_I1027790,Hugo Garcia,st_kilda,True,0,Opening Round,,,played,0,0
2026,56,13125,CD_I1027790,Hugo Garcia,st_kilda,True,1,Round 1,,,played,0,0
2026,56,13125,CD_I1027790,Hugo Garcia,st_kilda,True,2,Round 2,,,played,0,0
2026,56,13125,CD_I1027790,Hugo Garcia,st_kilda,True,3,Round 3,,,played,0,0
2026,56,13125,CD_I1027790,Hugo Garcia,st_kilda,True,4,Round 4,,,bye,,
2026,56,13125,CD_I1027790,Hugo Garcia,st_kilda,True,5,Round 5,,,played,0,0
2026,56,13125,CD_I1027790,Hugo Garcia,st_kilda,True,6,Round 6,,,played,0,0
2026,56,13125,CD_I1027790,Hugo Garcia,st_kilda,True,7,Round 7,CD_M20260140707,2026_R7_st_kilda_v_west_coast_2026-04-26,played,3,1
2026,56,13125,CD_I1027790,Hugo Garcia,st_kilda,True,8,Round 8,,,played,0,0
2026,56,13125,CD_I1027790,Hugo Garcia,st_kilda,True,9,Round 9,,,played,0,0
2026,56,13125,CD_I1027790,Hugo Garcia,st_kilda,True,10,Round 10,CD_M20260141008,2026_R10_st_kilda_v_richmond_2026-05-17,played,3,3
2026,56,13125,CD_I1027790,Hugo Garcia,st_kilda,True,11,Round 11,,,played,0,0
2026,56,13125,CD_I1027790,Hugo Garcia,st_kilda,True,12,Round 12,,,played,0,0
2026,56,13125,CD_I1027790,Hugo Garcia,st_kilda,True,13,Round 13,,,played,0,0
2026,56,13125,CD_I1027790,Hugo Garcia,st_kilda,True,14,Round 14,,,played,0,0
2026,56,13125,CD_I1027790,Hugo Garcia,st_kilda,True,15,Round 15,CD_M20260141507,2026_R15_st_kilda_v_western_bulldogs_2026-06-21,played,1,1
2026,56,13125,CD_I1027790,Hugo Garcia,st_kilda,True,16,Round 16,,,bye,,
2026,56,13125,CD_I1027790,Hugo Garcia,st_kilda,True,17,Round 17,,,played,0,0
2026,56,13125,CD_I1027790,Hugo Garcia,st_kilda,True,18,Round 18,,,played,0,0
2026,56,13125,CD_I1027790,Hugo Garcia,st_kilda,True,19,Round 19,,,played,0,0
2026,56,13125,CD_I1027790,Hugo Garcia,st_kilda,True,20,Round 20,,,played,0,0
2026,56,13125,CD_I1027790,Hugo Garcia,st_kilda,True,21,Round 21,,,played,0,0
2026,56,13125,CD_I1027790,Hugo Garcia,st_kilda,True,22,Round 22,,,played,0,0
2026,56,13125,CD_I1027790,Hugo Garcia,st_kilda,True,23,Round 23,,,played,0,0
2026,56,13125,CD_I1027790,Hugo Garcia,st_kilda,True,24,Round 24,,,played,0,0
2026,57,12927,CD_I1012857,Jack Ginnivan,hawthorn,True,0,Opening Round,,,played,0,0
2026,57,12927,CD_I1012857,Jack Ginnivan,hawthorn,True,1,Round 1,,,played,0,0
2026,57,12927,CD_I1012857,Jack Ginnivan,hawthorn,True,2,Round 2,,,played,0,0
2026,57,12927,CD_I1012857,Jack Ginnivan,hawthorn,True,3,Round 3,,,bye,,
2026,57,12927,CD_I1012857,Jack Ginnivan,hawthorn,True,4,Round 4,CD_M20260140408,2026_R4_hawthorn_v_geelong_2026-04-06,played,0,2
2026,57,12927,CD_I1012857,Jack Ginnivan,hawthorn,True,5,Round 5,CD_M20260140506,2026_R5_hawthorn_v_western_bulldogs_2026-04-11,played,1,2
2026,57,12927,CD_I1012857,Jack Ginnivan,hawthorn,True,6,Round 6,,,played,0,0
2026,57,12927,CD_I1012857,Jack Ginnivan,hawthorn,True,7,Round 7,,,played,0,0
2026,57,12927,CD_I1012857,Jack Ginnivan,hawthorn,True,8,Round 8,,,played,0,0
2026,57,12927,CD_I1012857,Jack Ginnivan,hawthorn,True,9,Round 9,,,played,0,0
2026,57,12927,CD_I1012857,Jack Ginnivan,hawthorn,True,10,Round 10,,,played,0,0
2026,57,12927,CD_I1012857,Jack Ginnivan,hawthorn,True,11,Round 11,,,played,0,0
2026,57,12927,CD_I1012857,Jack Ginnivan,hawthorn,True,12,Round 12,,,played,0,0
2026,57,12927,CD_I1012857,Jack Ginnivan,hawthorn,True,13,Round 13,,,played,0,0
2026,57,12927,CD_I1012857,Jack Ginnivan,hawthorn,True,14,Round 14,,,bye,,
2026,57,12927,CD_I1012857,Jack Ginnivan,hawthorn,True,15,Round 15,,,played,0,0
2026,57,12927,CD_I1012857,Jack Ginnivan,hawthorn,True,16,Round 16,CD_M20260141605,2026_R16_hawthorn_v_greater_western_sydney_2026-06-26,played,3,0
2026,57,12927,CD_I1012857,Jack Ginnivan,hawthorn,True,17,Round 17,,,played,0,0
2026,57,12927,CD_I1012857,Jack Ginnivan,hawthorn,True,18,Round 18,CD_M20260141803,2026_R18_carlton_v_hawthorn_2026-07-11,played,3,3
2026,57,12927,CD_I1012857,Jack Ginnivan,hawthorn,True,19,Round 19,,,played,0,0
2026,57,12927,CD_I1012857,Jack Ginnivan,hawthorn,True,20,Round 20,,,played,0,0
2026,57,12927,CD_I1012857,Jack Ginnivan,hawthorn,True,21,Round 21,,,played,0,0
2026,57,12927,CD_I1012857,Jack Ginnivan,hawthorn,True,22,Round 22,,,played,0,0
2026,57,12927,CD_I1012857,Jack Ginnivan,hawthorn,True,23,Round 23,,,played,0,0
2026,57,12927,CD_I1012857,Jack Ginnivan,hawthorn,True,24,Round 24,CD_M20260142409,2026_R24_west_coast_v_hawthorn_2026-08-23,did_not_play,,
2026,58,12060,CD_I295584,Bradley Hill,st_kilda,True,0,Opening Round,,,played,0,0
2026,58,12060,CD_I295584,Bradley Hill,st_kilda,True,1,Round 1,,,played,0,0
2026,58,12060,CD_I295584,Bradley Hill,st_kilda,True,2,Round 2,,,played,0,0
2026,58,12060,CD_I295584,Bradley Hill,st_kilda,True,3,Round 3,,,played,0,0
2026,58,12060,CD_I295584,Bradley Hill,st_kilda,True,4,Round 4,,,bye,,
2026,58,12060,CD_I295584,Bradley Hill,st_kilda,True,5,Round 5,,,played,0,0
2026,58,12060,CD_I295584,Bradley Hill,st_kilda,True,6,Round 6,,,played,0,0
2026,58,12060,CD_I295584,Bradley Hill,st_kilda,True,7,Round 7,,,played,0,0
2026,58,12060,CD_I295584,Bradley Hill,st_kilda,True,8,Round 8,,,played,0,0
2026,58,12060,CD_I295584,Bradley Hill,st_kilda,True,9,Round 9,,,played,0,0
2026,58,12060,CD_I295584,Bradley Hill,st_kilda,True,10,Round 10,,,played,0,0
2026,58,12060,CD_I295584,Bradley Hill,st_kilda,True,11,Round 11,,,played,0,0
2026,58,12060,CD_I295584,Bradley Hill,st_kilda,True,12,Round 12,,,played,0,0
2026,58,12060,CD_I295584,Bradley Hill,st_kilda,True,13,Round 13,,,played,0,0
2026,58,12060,CD_I295584,Bradley Hill,st_kilda,True,14,Round 14,,,played,0,0
2026,58,12060,CD_I295584,Bradley Hill,st_kilda,True,15,Round 15,,,played,0,0
2026,58,12060,CD_I295584,Bradley Hill,st_kilda,True,16,Round 16,,,bye,,
2026,58,12060,CD_I295584,Bradley Hill,st_kilda,True,17,Round 17,CD_M20260141701,2026_R17_essendon_v_st_kilda_2026-07-05,played,1,2
2026,58,12060,CD_I295584,Bradley Hill,st_kilda,True,18,Round 18,CD_M20260141808,2026_R18_st_kilda_v_port_adelaide_2026-07-11,played,3,1
2026,58,12060,CD_I295584,Bradley Hill,st_kilda,True,19,Round 19,,,played,0,0
2026,58,12060,CD_I295584,Bradley Hill,st_kilda,True,20,Round 20,CD_M20260142007,2026_R20_north_melbourne_v_st_kilda_2026-07-26,played,2,0
2026,58,12060,CD_I295584,Bradley Hill,st_kilda,True,21,Round 21,,,played,0,0
2026,58,12060,CD_I295584,Bradley Hill,st_kilda,True,22,Round 22,,,played,0,0
2026,58,12060,CD_I295584,Bradley Hill,st_kilda,True,23,Round 23,CD_M20260142308,2026_R23_richmond_v_st_kilda_2026-08-15,played,1,3
2026,58,12060,CD_I295584,Bradley Hill,st_kilda,True,24,Round 24,CD_M20260142407,2026_R24_st_kilda_v_gold_coast_2026-08-20,played,0,1
2026,59,12743,CD_I1000072,John Noble,gold_coast,True,0,Opening Round,CD_M20260140002,2026_R0_gold_coast_v_geelong_2026-03-06,played,2,2
2026,59,12743,CD_I1000072,John Noble,gold_coast,True,1,Round 1,,,played,0,0
2026,59,12743,CD_I1000072,John Noble,gold_coast,True,2,Round 2,,,played,0,0
2026,59,12743,CD_I1000072,John Noble,gold_coast,True,3,Round 3,,,bye,,
2026,59,12743,CD_I1000072,John Noble,gold_coast,True,4,Round 4,,,played,0,0
2026,59,12743,CD_I1000072,John Noble,gold_coast,True,5,Round 5,,,played,0,0
2026,59,12743,CD_I1000072,John Noble,gold_coast,True,6,Round 6,,,played,0,0
2026,59,12743,CD_I1000072,John Noble,gold_coast,True,7,Round 7,,,played,0,0
2026,59,12743,CD_I1000072,John Noble,gold_coast,True,8,Round 8,CD_M20260140809,2026_R8_gold_coast_v_greater_western_sydney_2026-05-03,played,2,1
2026,59,12743,CD_I1000072,John Noble,gold_coast,True,9,Round 9,CD_M20260140906,2026_R9_gold_coast_v_st_kilda_2026-05-09,played,1,2
2026,59,12743,CD_I1000072,John Noble,gold_coast,True,10,Round 10,CD_M20260141003,2026_R10_gold_coast_v_port_adelaide_2026-05-15,played,0,2
2026,59,12743,CD_I1000072,John Noble,gold_coast,True,11,Round 11,,,played,0,0
2026,59,12743,CD_I1000072,John Noble,gold_coast,True,12,Round 12,,,bye,,
2026,59,12743,CD_I1000072,John Noble,gold_coast,True,13,Round 13,CD_M20260141304,2026_R13_gold_coast_v_brisbane_lions_2026-06-06,played,1,0
2026,59,12743,CD_I1000072,John Noble,gold_coast,True,14,Round 14,,,played,0,0
2026,59,12743,CD_I1000072,John Noble,gold_coast,True,15,Round 15,,,played,0,0
2026,59,12743,CD_I1000072,John Noble,gold_coast,True,16,Round 16,,,played,0,0
2026,59,12743,CD_I1000072,John Noble,gold_coast,True,17,Round 17,,,played,0,0
2026,59,12743,CD_I1000072,John Noble,gold_coast,True,18,Round 18,,,played,0,0
2026,59,12743,CD_I1000072,John Noble,gold_coast,True,19,Round 19,CD_M20260141904,2026_R19_gold_coast_v_western_bulldogs_2026-07-19,played,1,0
2026,59,12743,CD_I1000072,John Noble,gold_coast,True,20,Round 20,,,played,0,0
2026,59,12743,CD_I1000072,John Noble,gold_coast,True,21,Round 21,,,played,0,0
2026,59,12743,CD_I1000072,John Noble,gold_coast,True,22,Round 22,,,played,0,0
2026,59,12743,CD_I1000072,John Noble,gold_coast,True,23,Round 23,,,played,0,0
2026,59,12743,CD_I1000072,John Noble,gold_coast,True,24,Round 24,,,played,0,0
2026,60,12887,CD_I1012819,Josh Treacy,fremantle,True,0,Opening Round,,,bye,,
2026,60,12887,CD_I1012819,Josh Treacy,fremantle,True,1,Round 1,,,played,0,0
2026,60,12887,CD_I1012819,Josh Treacy,fremantle,True,2,Round 2,CD_M20260140205,2026_R2_fremantle_v_melbourne_2026-03-21,played,1,1
2026,60,12887,CD_I1012819,Josh Treacy,fremantle,True,3,Round 3,CD_M20260140304,2026_R3_fremantle_v_richmond_2026-03-28,played,2,3
2026,60,12887,CD_I1012819,Josh Treacy,fremantle,True,4,Round 4,,,played,0,0
2026,60,12887,CD_I1012819,Josh Treacy,fremantle,True,5,Round 5,,,played,0,0
2026,60,12887,CD_I1012819,Josh Treacy,fremantle,True,6,Round 6,,,played,0,0
2026,60,12887,CD_I1012819,Josh Treacy,fremantle,True,7,Round 7,,,played,0,0
2026,60,12887,CD_I1012819,Josh Treacy,fremantle,True,8,Round 8,,,played,0,0
2026,60,12887,CD_I1012819,Josh Treacy,fremantle,True,9,Round 9,,,played,0,0
2026,60,12887,CD_I1012819,Josh Treacy,fremantle,True,10,Round 10,CD_M20260141007,2026_R10_essendon_v_fremantle_2026-05-17,played,0,1
2026,60,12887,CD_I1012819,Josh Treacy,fremantle,True,11,Round 11,CD_M20260141103,2026_R11_fremantle_v_st_kilda_2026-05-22,played,0,2
2026,60,12887,CD_I1012819,Josh Treacy,fremantle,True,12,Round 12,,,played,0,0
2026,60,12887,CD_I1012819,Josh Treacy,fremantle,True,13,Round 13,,,played,0,0
2026,60,12887,CD_I1012819,Josh Treacy,fremantle,True,14,Round 14,,,bye,,
2026,60,12887,CD_I1012819,Josh Treacy,fremantle,True,15,Round 15,,,played,0,0
2026,60,12887,CD_I1012819,Josh Treacy,fremantle,True,16,Round 16,,,played,0,0
2026,60,12887,CD_I1012819,Josh Treacy,fremantle,True,17,Round 17,,,played,0,0
2026,60,12887,CD_I1012819,Josh Treacy,fremantle,True,18,Round 18,CD_M20260141805,2026_R18_fremantle_v_sydney_2026-07-09,played,3,0
2026,60,12887,CD_I1012819,Josh Treacy,fremantle,True,19,Round 19,,,played,0,0
2026,60,12887,CD_I1012819,Josh Treacy,fremantle,True,20,Round 20,,,played,0,0
2026,60,12887,CD_I1012819,Josh Treacy,fremantle,True,21,Round 21,CD_M20260142104,2026_R21_fremantle_v_western_bulldogs_2026-07-31,played,1,3
2026,60,12887,CD_I1012819,Josh Treacy,fremantle,True,22,Round 22,,,played,0,0
2026,60,12887,CD_I1012819,Josh Treacy,fremantle,True,23,Round 23,,,played,0,0
2026,60,12887,CD_I1012819,Josh Treacy,fremantle,True,24,Round 24,,,played,0,0
2026,61,13129,CD_I1017754,Patrick Voss,fremantle,True,0,Opening Round,,,bye,,
2026,61,13129,CD_I1017754,Patrick Voss,fremantle,True,1,Round 1,,,played,0,0
2026,61,13129,CD_I1017754,Patrick Voss,fremantle,True,2,Round 2,,,played,0,0
2026,61,13129,CD_I1017754,Patrick Voss,fremantle,True,3,Round 3,,,played,0,0
2026,61,13129,CD_I1017754,Patrick Voss,fremantle,True,4,Round 4,,,played,0,0
2026,61,13129,CD_I1017754,Patrick Voss,fremantle,True,5,Round 5,,,played,0,0
2026,61,13129,CD_I1017754,Patrick Voss,fremantle,True,6,Round 6,,,played,0,0
2026,61,13129,CD_I1017754,Patrick Voss,fremantle,True,7,Round 7,,,played,0,0
2026,61,13129,CD_I1017754,Patrick Voss,fremantle,True,8,Round 8,,,played,0,0
2026,61,13129,CD_I1017754,Patrick Voss,fremantle,True,9,Round 9,,,played,0,0
2026,61,13129,CD_I1017754,Patrick Voss,fremantle,True,10,Round 10,CD_M20260141007,2026_R10_essendon_v_fremantle_2026-05-17,played,1,3
2026,61,13129,CD_I1017754,Patrick Voss,fremantle,True,11,Round 11,,,played,0,0
2026,61,13129,CD_I1017754,Patrick Voss,fremantle,True,12,Round 12,CD_M20260141204,2026_R12_brisbane_lions_v_fremantle_2026-05-30,played,3,3
2026,61,13129,CD_I1017754,Patrick Voss,fremantle,True,13,Round 13,CD_M20260141303,2026_R13_north_melbourne_v_fremantle_2026-06-06,played,3,2
2026,61,13129,CD_I1017754,Patrick Voss,fremantle,True,14,Round 14,,,bye,,
2026,61,13129,CD_I1017754,Patrick Voss,fremantle,True,15,Round 15,,,played,0,0
2026,61,13129,CD_I1017754,Patrick Voss,fremantle,True,16,Round 16,,,played,0,0
2026,61,13129,CD_I1017754,Patrick Voss,fremantle,True,17,Round 17,,,played,0,0
2026,61,13129,CD_I1017754,Patrick Voss,fremantle,True,18,Round 18,,,played,0,0
2026,61,13129,CD_I1017754,Patrick Voss,fremantle,True,19,Round 19,,,played,0,0
2026,61,13129,CD_I1017754,Patrick Voss,fremantle,True,20,Round 20,,,played,0,0
2026,61,13129,CD_I1017754,Patrick Voss,fremantle,True,21,Round 21,,,played,0,0
2026,61,13129,CD_I1017754,Patrick Voss,fremantle,True,22,Round 22,,,played,0,0
2026,61,13129,CD_I1017754,Patrick Voss,fremantle,True,23,Round 23,,,played,0,0
2026,61,13129,CD_I1017754,Patrick Voss,fremantle,True,24,Round 24,,,played,0,0
2026,62,12794,CD_I1008550,Will Day,hawthorn,True,0,Opening Round,CD_M20260140003,2026_R0_greater_western_sydney_v_hawthorn_2026-03-07,did_not_play,,
2026,62,12794,CD_I1008550,Will Day,hawthorn,True,1,Round 1,CD_M20260140102,2026_R1_essendon_v_hawthorn_2026-03-13,did_not_play,,
2026,62,12794,CD_I1008550,Will Day,hawthorn,True,2,Round 2,CD_M20260140201,2026_R2_hawthorn_v_sydney_2026-03-19,did_not_play,,
2026,62,12794,CD_I1008550,Will Day,hawthorn,True,3,Round 3,,,bye,,
2026,62,12794,CD_I1008550,Will Day,hawthorn,True,4,Round 4,CD_M20260140408,2026_R4_hawthorn_v_geelong_2026-04-06,did_not_play,,
2026,62,12794,CD_I1008550,Will Day,hawthorn,True,5,Round 5,CD_M20260140506,2026_R5_hawthorn_v_western_bulldogs_2026-04-11,did_not_play,,
2026,62,12794,CD_I1008550,Will Day,hawthorn,True,6,Round 6,CD_M20260140605,2026_R6_hawthorn_v_port_adelaide_2026-04-18,did_not_play,,
2026,62,12794,CD_I1008550,Will Day,hawthorn,True,7,Round 7,CD_M20260140703,2026_R7_hawthorn_v_gold_coast_2026-04-25,did_not_play,,
2026,62,12794,CD_I1008550,Will Day,hawthorn,True,8,Round 8,CD_M20260140801,2026_R8_collingwood_v_hawthorn_2026-04-30,did_not_play,,
2026,62,12794,CD_I1008550,Will Day,hawthorn,True,9,Round 9,CD_M20260140901,2026_R9_fremantle_v_hawthorn_2026-05-07,did_not_play,,
2026,62,12794,CD_I1008550,Will Day,hawthorn,True,10,Round 10,CD_M20260141005,2026_R10_melbourne_v_hawthorn_2026-05-16,did_not_play,,
2026,62,12794,CD_I1008550,Will Day,hawthorn,True,11,Round 11,CD_M20260141101,2026_R11_hawthorn_v_adelaide_2026-05-21,did_not_play,,
2026,62,12794,CD_I1008550,Will Day,hawthorn,True,12,Round 12,,,played,0,0
2026,62,12794,CD_I1008550,Will Day,hawthorn,True,13,Round 13,,,played,0,0
2026,62,12794,CD_I1008550,Will Day,hawthorn,True,14,Round 14,,,bye,,
2026,62,12794,CD_I1008550,Will Day,hawthorn,True,15,Round 15,CD_M20260141502,2026_R15_gold_coast_v_hawthorn_2026-06-19,played,0,2
2026,62,12794,CD_I1008550,Will Day,hawthorn,True,16,Round 16,CD_M20260141605,2026_R16_hawthorn_v_greater_western_sydney_2026-06-26,played,2,2
2026,62,12794,CD_I1008550,Will Day,hawthorn,True,17,Round 17,,,played,0,0
2026,62,12794,CD_I1008550,Will Day,hawthorn,True,18,Round 18,CD_M20260141803,2026_R18_carlton_v_hawthorn_2026-07-11,played,1,0
2026,62,12794,CD_I1008550,Will Day,hawthorn,True,19,Round 19,CD_M20260141907,2026_R19_richmond_v_hawthorn_2026-07-19,did_not_play,,
2026,62,12794,CD_I1008550,Will Day,hawthorn,True,20,Round 20,,,played,0,0
2026,62,12794,CD_I1008550,Will Day,hawthorn,True,21,Round 21,,,played,0,0
2026,62,12794,CD_I1008550,Will Day,hawthorn,True,22,Round 22,,,played,0,0
2026,62,12794,CD_I1008550,Will Day,hawthorn,True,23,Round 23,,,played,0,0
2026,62,12794,CD_I1008550,Will Day,hawthorn,True,24,Round 24,CD_M20260142409,2026_R24_west_coast_v_hawthorn_2026-08-23,played,3,0
2026,63,12974,CD_I1025034,Oliver Dempsey,geelong,True,0,Opening Round,,,played,0,0
2026,63,12974,CD_I1025034,Oliver Dempsey,geelong,True,1,Round 1,,,played,0,0
2026,63,12974,CD_I1025034,Oliver Dempsey,geelong,True,2,Round 2,,,bye,,
2026,63,12974,CD_I1025034,Oliver Dempsey,geelong,True,3,Round 3,CD_M20260140301,2026_R3_geelong_v_adelaide_2026-03-26,played,0,1
2026,63,12974,CD_I1025034,Oliver Dempsey,geelong,True,4,Round 4,,,played,0,0
2026,63,12974,CD_I1025034,Oliver Dempsey,geelong,True,5,Round 5,,,played,0,0
2026,63,12974,CD_I1025034,Oliver Dempsey,geelong,True,6,Round 6,,,played,0,0
2026,63,12974,CD_I1025034,Oliver Dempsey,geelong,True,7,Round 7,,,played,0,0
2026,63,12974,CD_I1025034,Oliver Dempsey,geelong,True,8,Round 8,,,played,0,0
2026,63,12974,CD_I1025034,Oliver Dempsey,geelong,True,9,Round 9,,,played,0,0
2026,63,12974,CD_I1025034,Oliver Dempsey,geelong,True,10,Round 10,,,played,0,0
2026,63,12974,CD_I1025034,Oliver Dempsey,geelong,True,11,Round 11,,,played,0,0
2026,63,12974,CD_I1025034,Oliver Dempsey,geelong,True,12,Round 12,,,played,0,0
2026,63,12974,CD_I1025034,Oliver Dempsey,geelong,True,13,Round 13,,,played,0,0
2026,63,12974,CD_I1025034,Oliver Dempsey,geelong,True,14,Round 14,CD_M20260141402,2026_R14_geelong_v_gold_coast_2026-06-12,played,1,1
2026,63,12974,CD_I1025034,Oliver Dempsey,geelong,True,15,Round 15,,,played,0,0
2026,63,12974,CD_I1025034,Oliver Dempsey,geelong,True,16,Round 16,,,bye,,
2026,63,12974,CD_I1025034,Oliver Dempsey,geelong,True,17,Round 17,,,played,0,0
2026,63,12974,CD_I1025034,Oliver Dempsey,geelong,True,18,Round 18,,,played,0,0
2026,63,12974,CD_I1025034,Oliver Dempsey,geelong,True,19,Round 19,,,played,0,0
2026,63,12974,CD_I1025034,Oliver Dempsey,geelong,True,20,Round 20,,,played,0,0
2026,63,12974,CD_I1025034,Oliver Dempsey,geelong,True,21,Round 21,CD_M20260142102,2026_R21_collingwood_v_geelong_2026-07-30,played,3,3
2026,63,12974,CD_I1025034,Oliver Dempsey,geelong,True,22,Round 22,CD_M20260142203,2026_R22_geelong_v_essendon_2026-08-08,played,2,2
2026,63,12974,CD_I1025034,Oliver Dempsey,geelong,True,23,Round 23,,,played,0,0
2026,63,12974,CD_I1025034,Oliver Dempsey,geelong,True,24,Round 24,,,played,0,0
2026,64,12406,CD_I993817,Darcy Parish,essendon,True,0,Opening Round,,,bye,,
2026,64,12406,CD_I993817,Darcy Parish,essendon,True,1,Round 1,,,played,0,0
2026,64,12406,CD_I993817,Darcy Parish,essendon,True,2,Round 2,,,played,0,0
2026,64,12406,CD_I993817,Darcy Parish,essendon,True,3,Round 3,,,played,0,0
2026,64,12406,CD_I993817,Darcy Parish,essendon,True,4,Round 4,,,played,0,0
2026,64,12406,CD_I993817,Darcy Parish,essendon,True,5,Round 5,CD_M20260140504,2026_R5_essendon_v_melbourne_2026-04-11,played,3,2
2026,64,12406,CD_I993817,Darcy Parish,essendon,True,6,Round 6,CD_M20260140604,2026_R6_gold_coast_v_essendon_2026-04-18,played,0,1
2026,64,12406,CD_I993817,Darcy Parish,essendon,True,7,Round 7,,,played,0,0
2026,64,12406,CD_I993817,Darcy Parish,essendon,True,8,Round 8,CD_M20260140804,2026_R8_essendon_v_brisbane_lions_2026-05-02,did_not_play,,
2026,64,12406,CD_I993817,Darcy Parish,essendon,True,9,Round 9,,,played,0,0
2026,64,12406,CD_I993817,Darcy Parish,essendon,True,10,Round 10,,,played,0,0
2026,64,12406,CD_I993817,Darcy Parish,essendon,True,11,Round 11,CD_M20260141102,2026_R11_richmond_v_essendon_2026-05-22,played,3,3
2026,64,12406,CD_I993817,Darcy Parish,essendon,True,12,Round 12,,,played,0,0
2026,64,12406,CD_I993817,Darcy Parish,essendon,True,13,Round 13,CD_M20260141307,2026_R13_essendon_v_carlton_2026-06-07,did_not_play,,
2026,64,12406,CD_I993817,Darcy Parish,essendon,True,14,Round 14,CD_M20260141403,2026_R14_melbourne_v_essendon_2026-06-13,did_not_play,,
2026,64,12406,CD_I993817,Darcy Parish,essendon,True,15,Round 15,,,bye,,
2026,64,12406,CD_I993817,Darcy Parish,essendon,True,16,Round 16,,,played,0,0
2026,64,12406,CD_I993817,Darcy Parish,essendon,True,17,Round 17,,,played,0,0
2026,64,12406,CD_I993817,Darcy Parish,essendon,True,18,Round 18,,,played,0,0
2026,64,12406,CD_I993817,Darcy Parish,essendon,True,19,Round 19,CD_M20260141902,2026_R19_essendon_v_greater_western_sydney_2026-07-19,did_not_play,,
2026,64,12406,CD_I993817,Darcy Parish,essendon,True,20,Round 20,CD_M20260142006,2026_R20_hawthorn_v_essendon_2026-07-25,did_not_play,,
2026,64,12406,CD_I993817,Darcy Parish,essendon,True,21,Round 21,CD_M20260142103,2026_R21_essendon_v_adelaide_2026-08-02,did_not_play,,
2026,64,12406,CD_I993817,Darcy Parish,essendon,True,22,Round 22,CD_M20260142203,2026_R22_geelong_v_essendon_2026-08-08,did_not_play,,
2026,64,12406,CD_I993817,Darcy Parish,essendon,True,23,Round 23,CD_M20260142302,2026_R23_essendon_v_sydney_2026-08-16,did_not_play,,
2026,64,12406,CD_I993817,Darcy Parish,essendon,True,24,Round 24,CD_M20260142404,2026_R24_essendon_v_port_adelaide_2026-08-23,did_not_play,,
2026,65,11953,CD_I290778,Luke Parker,north_melbourne,True,0,Opening Round,,,bye,,
2026,65,11953,CD_I290778,Luke Parker,north_melbourne,True,1,Round 1,CD_M20260140107,2026_R1_north_melbourne_v_port_adelaide_2026-03-15,played,0,2
2026,65,11953,CD_I290778,Luke Parker,north_melbourne,True,2,Round 2,,,played,0,0
2026,65,11953,CD_I290778,Luke Parker,north_melbourne,True,3,Round 3,CD_M20260140305,2026_R3_essendon_v_north_melbourne_2026-03-28,played,3,2
2026,65,11953,CD_I290778,Luke Parker,north_melbourne,True,4,Round 4,,,played,0,0
2026,65,11953,CD_I290778,Luke Parker,north_melbourne,True,5,Round 5,CD_M20260140503,2026_R5_north_melbourne_v_brisbane_lions_2026-04-11,played,2,0
2026,65,11953,CD_I290778,Luke Parker,north_melbourne,True,6,Round 6,,,played,0,0
2026,65,11953,CD_I290778,Luke Parker,north_melbourne,True,7,Round 7,,,played,0,0
2026,65,11953,CD_I290778,Luke Parker,north_melbourne,True,8,Round 8,,,played,0,0
2026,65,11953,CD_I290778,Luke Parker,north_melbourne,True,9,Round 9,,,played,0,0
2026,65,11953,CD_I290778,Luke Parker,north_melbourne,True,10,Round 10,,,played,0,0
2026,65,11953,CD_I290778,Luke Parker,north_melbourne,True,11,Round 11,,,played,0,0
2026,65,11953,CD_I290778,Luke Parker,north_melbourne,True,12,Round 12,,,bye,,
2026,65,11953,CD_I290778,Luke Parker,north_melbourne,True,13,Round 13,,,played,0,0
2026,65,11953,CD_I290778,Luke Parker,north_melbourne,True,14,Round 14,,,played,0,0
2026,65,11953,CD_I290778,Luke Parker,north_melbourne,True,15,Round 15,CD_M20260141506,2026_R15_richmond_v_north_melbourne_2026-06-21,played,1,0
2026,65,11953,CD_I290778,Luke Parker,north_melbourne,True,16,Round 16,,,played,0,0
2026,65,11953,CD_I290778,Luke Parker,north_melbourne,True,17,Round 17,,,played,0,0
2026,65,11953,CD_I290778,Luke Parker,north_melbourne,True,18,Round 18,,,played,0,0
2026,65,11953,CD_I290778,Luke Parker,north_melbourne,True,19,Round 19,,,played,0,0
2026,65,11953,CD_I290778,Luke Parker,north_melbourne,True,20,Round 20,,,played,0,0
2026,65,11953,CD_I290778,Luke Parker,north_melbourne,True,21,Round 21,,,played,0,0
2026,65,11953,CD_I290778,Luke Parker,north_melbourne,True,22,Round 22,,,played,0,0
2026,65,11953,CD_I290778,Luke Parker,north_melbourne,True,23,Round 23,,,played,0,0
2026,65,11953,CD_I290778,Luke Parker,north_melbourne,True,24,Round 24,,,played,0,0
2026,66,12167,CD_I293884,Jake Stringer,greater_western_sydney,True,0,Opening Round,CD_M20260140003,2026_R0_greater_western_sydney_v_hawthorn_2026-03-07,played,3,2
2026,66,12167,CD_I293884,Jake Stringer,greater_western_sydney,True,1,Round 1,,,played,0,0
2026,66,12167,CD_I293884,Jake Stringer,greater_western_sydney,True,2,Round 2,,,played,0,0
2026,66,12167,CD_I293884,Jake Stringer,greater_western_sydney,True,3,Round 3,,,played,0,0
2026,66,12167,CD_I293884,Jake Stringer,greater_western_sydney,True,4,Round 4,,,bye,,
2026,66,12167,CD_I293884,Jake Stringer,greater_western_sydney,True,5,Round 5,,,played,0,0
2026,66,12167,CD_I293884,Jake Stringer,greater_western_sydney,True,6,Round 6,,,played,0,0
2026,66,12167,CD_I293884,Jake Stringer,greater_western_sydney,True,7,Round 7,,,played,0,0
2026,66,12167,CD_I293884,Jake Stringer,greater_western_sydney,True,8,Round 8,,,played,0,0
2026,66,12167,CD_I293884,Jake Stringer,greater_western_sydney,True,9,Round 9,,,played,0,0
2026,66,12167,CD_I293884,Jake Stringer,greater_western_sydney,True,10,Round 10,,,played,0,0
2026,66,12167,CD_I293884,Jake Stringer,greater_western_sydney,True,11,Round 11,,,played,0,0
2026,66,12167,CD_I293884,Jake Stringer,greater_western_sydney,True,12,Round 12,,,played,0,0
2026,66,12167,CD_I293884,Jake Stringer,greater_western_sydney,True,13,Round 13,,,bye,,
2026,66,12167,CD_I293884,Jake Stringer,greater_western_sydney,True,14,Round 14,,,played,0,0
2026,66,12167,CD_I293884,Jake Stringer,greater_western_sydney,True,15,Round 15,,,played,0,0
2026,66,12167,CD_I293884,Jake Stringer,greater_western_sydney,True,16,Round 16,,,played,0,0
2026,66,12167,CD_I293884,Jake Stringer,greater_western_sydney,True,17,Round 17,CD_M20260141704,2026_R17_greater_western_sydney_v_fremantle_2026-07-04,played,3,3
2026,66,12167,CD_I293884,Jake Stringer,greater_western_sydney,True,18,Round 18,,,played,0,0
2026,66,12167,CD_I293884,Jake Stringer,greater_western_sydney,True,19,Round 19,,,played,0,0
2026,66,12167,CD_I293884,Jake Stringer,greater_western_sydney,True,20,Round 20,,,played,0,0
2026,66,12167,CD_I293884,Jake Stringer,greater_western_sydney,True,21,Round 21,,,played,0,0
2026,66,12167,CD_I293884,Jake Stringer,greater_western_sydney,True,22,Round 22,,,played,0,0
2026,66,12167,CD_I293884,Jake Stringer,greater_western_sydney,True,23,Round 23,,,played,0,0
2026,66,12167,CD_I293884,Jake Stringer,greater_western_sydney,True,24,Round 24,CD_M20260142401,2026_R24_adelaide_v_greater_western_sydney_2026-08-22,played,0,1
2026,67,12601,CD_I996554,Jake Waterman,west_coast,True,0,Opening Round,,,bye,,
2026,67,12601,CD_I996554,Jake Waterman,west_coast,True,1,Round 1,,,played,0,0
2026,67,12601,CD_I996554,Jake Waterman,west_coast,True,2,Round 2,,,played,0,0
2026,67,12601,CD_I996554,Jake Waterman,west_coast,True,3,Round 3,CD_M20260140306,2026_R3_port_adelaide_v_west_coast_2026-03-29,played,3,2
2026,67,12601,CD_I996554,Jake Waterman,west_coast,True,4,Round 4,,,played,0,0
2026,67,12601,CD_I996554,Jake Waterman,west_coast,True,5,Round 5,,,played,0,0
2026,67,12601,CD_I996554,Jake Waterman,west_coast,True,6,Round 6,,,played,0,0
2026,67,12601,CD_I996554,Jake Waterman,west_coast,True,7,Round 7,,,played,0,0
2026,67,12601,CD_I996554,Jake Waterman,west_coast,True,8,Round 8,,,played,0,0
2026,67,12601,CD_I996554,Jake Waterman,west_coast,True,9,Round 9,,,played,0,0
2026,67,12601,CD_I996554,Jake Waterman,west_coast,True,10,Round 10,,,played,0,0
2026,67,12601,CD_I996554,Jake Waterman,west_coast,True,11,Round 11,,,played,0,0
2026,67,12601,CD_I996554,Jake Waterman,west_coast,True,12,Round 12,CD_M20260141207,2026_R12_west_coast_v_essendon_2026-05-31,played,1,0
2026,67,12601,CD_I996554,Jake Waterman,west_coast,True,13,Round 13,CD_M20260141305,2026_R13_west_coast_v_port_adelaide_2026-06-06,played,2,0
2026,67,12601,CD_I996554,Jake Waterman,west_coast,True,14,Round 14,,,played,0,0
2026,67,12601,CD_I996554,Jake Waterman,west_coast,True,15,Round 15,,,bye,,
2026,67,12601,CD_I996554,Jake Waterman,west_coast,True,16,Round 16,,,played,0,0
2026,67,12601,CD_I996554,Jake Waterman,west_coast,True,17,Round 17,,,played,0,0
2026,67,12601,CD_I996554,Jake Waterman,west_coast,True,18,Round 18,,,played,0,0
2026,67,12601,CD_I996554,Jake Waterman,west_coast,True,19,Round 19,,,played,0,0
2026,67,12601,CD_I996554,Jake Waterman,west_coast,True,20,Round 20,,,played,0,0
2026,67,12601,CD_I996554,Jake Waterman,west_coast,True,21,Round 21,,,played,0,0
2026,67,12601,CD_I996554,Jake Waterman,west_coast,True,22,Round 22,,,played,0,0
2026,67,12601,CD_I996554,Jake Waterman,west_coast,True,23,Round 23,,,played,0,0
2026,67,12601,CD_I996554,Jake Waterman,west_coast,True,24,Round 24,,,played,0,0
2026,68,12782,CD_I1009253,Lachie Ash,greater_western_sydney,True,0,Opening Round,,,played,0,0
2026,68,12782,CD_I1009253,Lachie Ash,greater_western_sydney,True,1,Round 1,,,played,0,0
2026,68,12782,CD_I1009253,Lachie Ash,greater_western_sydney,True,2,Round 2,CD_M20260140204,2026_R2_greater_western_sydney_v_st_kilda_2026-03-21,played,1,1
2026,68,12782,CD_I1009253,Lachie Ash,greater_western_sydney,True,3,Round 3,,,played,0,0
2026,68,12782,CD_I1009253,Lachie Ash,greater_western_sydney,True,4,Round 4,,,bye,,
2026,68,12782,CD_I1009253,Lachie Ash,greater_western_sydney,True,5,Round 5,CD_M20260140508,2026_R5_greater_western_sydney_v_richmond_2026-04-12,played,0,2
2026,68,12782,CD_I1009253,Lachie Ash,greater_western_sydney,True,6,Round 6,,,played,0,0
2026,68,12782,CD_I1009253,Lachie Ash,greater_western_sydney,True,7,Round 7,CD_M20260140709,2026_R7_greater_western_sydney_v_north_melbourne_2026-04-26,played,1,1
2026,68,12782,CD_I1009253,Lachie Ash,greater_western_sydney,True,8,Round 8,,,played,0,0
2026,68,12782,CD_I1009253,Lachie Ash,greater_western_sydney,True,9,Round 9,,,played,0,0
2026,68,12782,CD_I1009253,Lachie Ash,greater_western_sydney,True,10,Round 10,,,played,0,0
2026,68,12782,CD_I1009253,Lachie Ash,greater_western_sydney,True,11,Round 11,,,played,0,0
2026,68,12782,CD_I1009253,Lachie Ash,greater_western_sydney,True,12,Round 12,CD_M20260141206,2026_R12_melbourne_v_greater_western_sydney_2026-05-31,played,0,2
2026,68,12782,CD_I1009253,Lachie Ash,greater_western_sydney,True,13,Round 13,,,bye,,
2026,68,12782,CD_I1009253,Lachie Ash,greater_western_sydney,True,14,Round 14,,,played,0,0
2026,68,12782,CD_I1009253,Lachie Ash,greater_western_sydney,True,15,Round 15,,,played,0,0
2026,68,12782,CD_I1009253,Lachie Ash,greater_western_sydney,True,16,Round 16,,,played,0,0
2026,68,12782,CD_I1009253,Lachie Ash,greater_western_sydney,True,17,Round 17,CD_M20260141704,2026_R17_greater_western_sydney_v_fremantle_2026-07-04,played,0,1
2026,68,12782,CD_I1009253,Lachie Ash,greater_western_sydney,True,18,Round 18,,,played,0,0
2026,68,12782,CD_I1009253,Lachie Ash,greater_western_sydney,True,19,Round 19,,,played,0,0
2026,68,12782,CD_I1009253,Lachie Ash,greater_western_sydney,True,20,Round 20,,,played,0,0
2026,68,12782,CD_I1009253,Lachie Ash,greater_western_sydney,True,21,Round 21,,,played,0,0
2026,68,12782,CD_I1009253,Lachie Ash,greater_western_sydney,True,22,Round 22,,,played,0,0
2026,68,12782,CD_I1009253,Lachie Ash,greater_western_sydney,True,23,Round 23,CD_M20260142304,2026_R23_greater_western_sydney_v_west_coast_2026-08-16,played,3,2
2026,68,12782,CD_I1009253,Lachie Ash,greater_western_sydney,True,24,Round 24,,,played,0,0
2026,69,12558,CD_I998134,Josh Battle,hawthorn,True,0,Opening Round,,,played,0,0
2026,69,12558,CD_I998134,Josh Battle,hawthorn,True,1,Round 1,,,played,0,0
2026,69,12558,CD_I998134,Josh Battle,hawthorn,True,2,Round 2,,,played,0,0
2026,69,12558,CD_I998134,Josh Battle,hawthorn,True,3,Round 3,,,bye,,
2026,69,12558,CD_I998134,Josh Battle,hawthorn,True,4,Round 4,,,played,0,0
2026,69,12558,CD_I998134,Josh Battle,hawthorn,True,5,Round 5,CD_M20260140506,2026_R5_hawthorn_v_western_bulldogs_2026-04-11,played,2,0
2026,69,12558,CD_I998134,Josh Battle,hawthorn,True,6,Round 6,,,played,0,0
2026,69,12558,CD_I998134,Josh Battle,hawthorn,True,7,Round 7,CD_M20260140703,2026_R7_hawthorn_v_gold_coast_2026-04-25,played,3,0
2026,69,12558,CD_I998134,Josh Battle,hawthorn,True,8,Round 8,,,played,0,0
2026,69,12558,CD_I998134,Josh Battle,hawthorn,True,9,Round 9,,,played,0,0
2026,69,12558,CD_I998134,Josh Battle,hawthorn,True,10,Round 10,,,played,0,0
2026,69,12558,CD_I998134,Josh Battle,hawthorn,True,11,Round 11,,,played,0,0
2026,69,12558,CD_I998134,Josh Battle,hawthorn,True,12,Round 12,,,played,0,0
2026,69,12558,CD_I998134,Josh Battle,hawthorn,True,13,Round 13,,,played,0,0
2026,69,12558,CD_I998134,Josh Battle,hawthorn,True,14,Round 14,,,bye,,
2026,69,12558,CD_I998134,Josh Battle,hawthorn,True,15,Round 15,,,played,0,0
2026,69,12558,CD_I998134,Josh Battle,hawthorn,True,16,Round 16,,,played,0,0
2026,69,12558,CD_I998134,Josh Battle,hawthorn,True,17,Round 17,CD_M20260141705,2026_R17_hawthorn_v_melbourne_2026-07-04,did_not_play,,
2026,69,12558,CD_I998134,Josh Battle,hawthorn,True,18,Round 18,CD_M20260141803,2026_R18_carlton_v_hawthorn_2026-07-11,did_not_play,,
2026,69,12558,CD_I998134,Josh Battle,hawthorn,True,19,Round 19,,,played,0,0
2026,69,12558,CD_I998134,Josh Battle,hawthorn,True,20,Round 20,,,played,0,0
2026,69,12558,CD_I998134,Josh Battle,hawthorn,True,21,Round 21,,,played,0,0
2026,69,12558,CD_I998134,Josh Battle,hawthorn,True,22,Round 22,,,played,0,0
2026,69,12558,CD_I998134,Josh Battle,hawthorn,True,23,Round 23,,,played,0,0
2026,69,12558,CD_I998134,Josh Battle,hawthorn,True,24,Round 24,,,played,0,0
2026,70,12699,CD_I1006028,Nick Blakey,sydney,True,0,Opening Round,,,played,0,0
2026,70,12699,CD_I1006028,Nick Blakey,sydney,True,1,Round 1,,,played,0,0
2026,70,12699,CD_I1006028,Nick Blakey,sydney,True,2,Round 2,,,played,0,0
2026,70,12699,CD_I1006028,Nick Blakey,sydney,True,3,Round 3,,,bye,,
2026,70,12699,CD_I1006028,Nick Blakey,sydney,True,4,Round 4,,,played,0,0
2026,70,12699,CD_I1006028,Nick Blakey,sydney,True,5,Round 5,,,played,0,0
2026,70,12699,CD_I1006028,Nick Blakey,sydney,True,6,Round 6,CD_M20260140603,2026_R6_sydney_v_greater_western_sydney_2026-04-17,played,3,3
2026,70,12699,CD_I1006028,Nick Blakey,sydney,True,7,Round 7,,,played,0,0
2026,70,12699,CD_I1006028,Nick Blakey,sydney,True,8,Round 8,,,played,0,0
2026,70,12699,CD_I1006028,Nick Blakey,sydney,True,9,Round 9,CD_M20260140904,2026_R9_north_melbourne_v_sydney_2026-05-09,played,1,1
2026,70,12699,CD_I1006028,Nick Blakey,sydney,True,10,Round 10,CD_M20260141002,2026_R10_sydney_v_collingwood_2026-05-15,played,1,2
2026,70,12699,CD_I1006028,Nick Blakey,sydney,True,11,Round 11,,,played,0,0
2026,70,12699,CD_I1006028,Nick Blakey,sydney,True,12,Round 12,,,played,0,0
2026,70,12699,CD_I1006028,Nick Blakey,sydney,True,13,Round 13,,,played,0,0
2026,70,12699,CD_I1006028,Nick Blakey,sydney,True,14,Round 14,,,played,0,0
2026,70,12699,CD_I1006028,Nick Blakey,sydney,True,15,Round 15,,,bye,,
2026,70,12699,CD_I1006028,Nick Blakey,sydney,True,16,Round 16,,,played,0,0
2026,70,12699,CD_I1006028,Nick Blakey,sydney,True,17,Round 17,,,played,0,0
2026,70,12699,CD_I1006028,Nick Blakey,sydney,True,18,Round 18,,,played,0,0
2026,70,12699,CD_I1006028,Nick Blakey,sydney,True,19,Round 19,,,played,0,0
2026,70,12699,CD_I1006028,Nick Blakey,sydney,True,20,Round 20,,,played,0,0
2026,70,12699,CD_I1006028,Nick Blakey,sydney,True,21,Round 21,,,played,0,0
2026,70,12699,CD_I1006028,Nick Blakey,sydney,True,22,Round 22,,,played,0,0
2026,70,12699,CD_I1006028,Nick Blakey,sydney,True,23,Round 23,,,played,0,0
2026,70,12699,CD_I1006028,Nick Blakey,sydney,True,24,Round 24,CD_M20260142408,2026_R24_sydney_v_north_melbourne_2026-08-23,did_not_play,,
2026,71,12237,CD_I296254,Jarman Impey,hawthorn,True,0,Opening Round,,,played,0,0
2026,71,12237,CD_I296254,Jarman Impey,hawthorn,True,1,Round 1,,,played,0,0
2026,71,12237,CD_I296254,Jarman Impey,hawthorn,True,2,Round 2,,,played,0,0
2026,71,12237,CD_I296254,Jarman Impey,hawthorn,True,3,Round 3,,,bye,,
2026,71,12237,CD_I296254,Jarman Impey,hawthorn,True,4,Round 4,,,played,0,0
2026,71,12237,CD_I296254,Jarman Impey,hawthorn,True,5,Round 5,,,played,0,0
2026,71,12237,CD_I296254,Jarman Impey,hawthorn,True,6,Round 6,,,played,0,0
2026,71,12237,CD_I296254,Jarman Impey,hawthorn,True,7,Round 7,,,played,0,0
2026,71,12237,CD_I296254,Jarman Impey,hawthorn,True,8,Round 8,,,played,0,0
2026,71,12237,CD_I296254,Jarman Impey,hawthorn,True,9,Round 9,,,played,0,0
2026,71,12237,CD_I296254,Jarman Impey,hawthorn,True,10,Round 10,,,played,0,0
2026,71,12237,CD_I296254,Jarman Impey,hawthorn,True,11,Round 11,CD_M20260141101,2026_R11_hawthorn_v_adelaide_2026-05-21,played,0,1
2026,71,12237,CD_I296254,Jarman Impey,hawthorn,True,12,Round 12,,,played,0,0
2026,71,12237,CD_I296254,Jarman Impey,hawthorn,True,13,Round 13,,,played,0,0
2026,71,12237,CD_I296254,Jarman Impey,hawthorn,True,14,Round 14,,,bye,,
2026,71,12237,CD_I296254,Jarman Impey,hawthorn,True,15,Round 15,,,played,0,0
2026,71,12237,CD_I296254,Jarman Impey,hawthorn,True,16,Round 16,CD_M20260141605,2026_R16_hawthorn_v_greater_western_sydney_2026-06-26,did_not_play,,
2026,71,12237,CD_I296254,Jarman Impey,hawthorn,True,17,Round 17,CD_M20260141705,2026_R17_hawthorn_v_melbourne_2026-07-04,did_not_play,,
2026,71,12237,CD_I296254,Jarman Impey,hawthorn,True,18,Round 18,,,played,0,0
2026,71,12237,CD_I296254,Jarman Impey,hawthorn,True,19,Round 19,CD_M20260141907,2026_R19_richmond_v_hawthorn_2026-07-19,played,3,1
2026,71,12237,CD_I296254,Jarman Impey,hawthorn,True,20,Round 20,CD_M20260142006,2026_R20_hawthorn_v_essendon_2026-07-25,played,2,3
2026,71,12237,CD_I296254,Jarman Impey,hawthorn,True,21,Round 21,,,played,0,0
2026,71,12237,CD_I296254,Jarman Impey,hawthorn,True,22,Round 22,,,played,0,0
2026,71,12237,CD_I296254,Jarman Impey,hawthorn,True,23,Round 23,,,played,0,0
2026,71,12237,CD_I296254,Jarman Impey,hawthorn,True,24,Round 24,,,played,0,0
2026,72,12968,CD_I1014026,Kai Lohmann,brisbane_lions,True,0,Opening Round,,,played,0,0
2026,72,12968,CD_I1014026,Kai Lohmann,brisbane_lions,True,1,Round 1,,,played,0,0
2026,72,12968,CD_I1014026,Kai Lohmann,brisbane_lions,True,2,Round 2,,,bye,,
2026,72,12968,CD_I1014026,Kai Lohmann,brisbane_lions,True,3,Round 3,,,played,0,0
2026,72,12968,CD_I1014026,Kai Lohmann,brisbane_lions,True,4,Round 4,,,played,0,0
2026,72,12968,CD_I1014026,Kai Lohmann,brisbane_lions,True,5,Round 5,,,played,0,0
2026,72,12968,CD_I1014026,Kai Lohmann,brisbane_lions,True,6,Round 6,,,played,0,0
2026,72,12968,CD_I1014026,Kai Lohmann,brisbane_lions,True,7,Round 7,,,played,0,0
2026,72,12968,CD_I1014026,Kai Lohmann,brisbane_lions,True,8,Round 8,CD_M20260140804,2026_R8_essendon_v_brisbane_lions_2026-05-02,played,1,1
2026,72,12968,CD_I1014026,Kai Lohmann,brisbane_lions,True,9,Round 9,,,played,0,0
2026,72,12968,CD_I1014026,Kai Lohmann,brisbane_lions,True,10,Round 10,,,played,0,0
2026,72,12968,CD_I1014026,Kai Lohmann,brisbane_lions,True,11,Round 11,,,played,0,0
2026,72,12968,CD_I1014026,Kai Lohmann,brisbane_lions,True,12,Round 12,,,played,0,0
2026,72,12968,CD_I1014026,Kai Lohmann,brisbane_lions,True,13,Round 13,,,played,0,0
2026,72,12968,CD_I1014026,Kai Lohmann,brisbane_lions,True,14,Round 14,,,played,0,0
2026,72,12968,CD_I1014026,Kai Lohmann,brisbane_lions,True,15,Round 15,,,bye,,
2026,72,12968,CD_I1014026,Kai Lohmann,brisbane_lions,True,16,Round 16,,,played,0,0
2026,72,12968,CD_I1014026,Kai Lohmann,brisbane_lions,True,17,Round 17,CD_M20260141702,2026_R17_geelong_v_brisbane_lions_2026-07-02,played,1,0
2026,72,12968,CD_I1014026,Kai Lohmann,brisbane_lions,True,18,Round 18,,,played,0,0
2026,72,12968,CD_I1014026,Kai Lohmann,brisbane_lions,True,19,Round 19,,,played,0,0
2026,72,12968,CD_I1014026,Kai Lohmann,brisbane_lions,True,20,Round 20,,,played,0,0
2026,72,12968,CD_I1014026,Kai Lohmann,brisbane_lions,True,21,Round 21,,,played,0,0
2026,72,12968,CD_I1014026,Kai Lohmann,brisbane_lions,True,22,Round 22,CD_M20260142202,2026_R22_brisbane_lions_v_hawthorn_2026-08-07,played,3,3
2026,72,12968,CD_I1014026,Kai Lohmann,brisbane_lions,True,23,Round 23,,,played,0,0
2026,72,12968,CD_I1014026,Kai Lohmann,brisbane_lions,True,24,Round 24,,,played,0,0
2026,73,12564,CD_I992468,Rowan Marshall,st_kilda,True,0,Opening Round,,,played,0,0
2026,73,12564,CD_I992468,Rowan Marshall,st_kilda,True,1,Round 1,CD_M20260140108,2026_R1_melbourne_v_st_kilda_2026-03-15,did_not_play,,
2026,73,12564,CD_I992468,Rowan Marshall,st_kilda,True,2,Round 2,,,played,0,0
2026,73,12564,CD_I992468,Rowan Marshall,st_kilda,True,3,Round 3,,,played,0,0
2026,73,12564,CD_I992468,Rowan Marshall,st_kilda,True,4,Round 4,,,bye,,
2026,73,12564,CD_I992468,Rowan Marshall,st_kilda,True,5,Round 5,,,played,0,0
2026,73,12564,CD_I992468,Rowan Marshall,st_kilda,True,6,Round 6,CD_M20260140606,2026_R6_adelaide_v_st_kilda_2026-04-18,played,1,0
2026,73,12564,CD_I992468,Rowan Marshall,st_kilda,True,7,Round 7,,,played,0,0
2026,73,12564,CD_I992468,Rowan Marshall,st_kilda,True,8,Round 8,CD_M20260140807,2026_R8_carlton_v_st_kilda_2026-05-02,played,3,1
2026,73,12564,CD_I992468,Rowan Marshall,st_kilda,True,9,Round 9,,,played,0,0
2026,73,12564,CD_I992468,Rowan Marshall,st_kilda,True,10,Round 10,,,played,0,0
2026,73,12564,CD_I992468,Rowan Marshall,st_kilda,True,11,Round 11,,,played,0,0
2026,73,12564,CD_I992468,Rowan Marshall,st_kilda,True,12,Round 12,,,played,0,0
2026,73,12564,CD_I992468,Rowan Marshall,st_kilda,True,13,Round 13,,,played,0,0
2026,73,12564,CD_I992468,Rowan Marshall,st_kilda,True,14,Round 14,,,played,0,0
2026,73,12564,CD_I992468,Rowan Marshall,st_kilda,True,15,Round 15,,,played,0,0
2026,73,12564,CD_I992468,Rowan Marshall,st_kilda,True,16,Round 16,,,bye,,
2026,73,12564,CD_I992468,Rowan Marshall,st_kilda,True,17,Round 17,,,played,0,0
2026,73,12564,CD_I992468,Rowan Marshall,st_kilda,True,18,Round 18,,,played,0,0
2026,73,12564,CD_I992468,Rowan Marshall,st_kilda,True,19,Round 19,CD_M20260141903,2026_R19_geelong_v_st_kilda_2026-07-16,played,1,3
2026,73,12564,CD_I992468,Rowan Marshall,st_kilda,True,20,Round 20,CD_M20260142007,2026_R20_north_melbourne_v_st_kilda_2026-07-26,did_not_play,,
2026,73,12564,CD_I992468,Rowan Marshall,st_kilda,True,21,Round 21,,,played,0,0
2026,73,12564,CD_I992468,Rowan Marshall,st_kilda,True,22,Round 22,,,played,0,0
2026,73,12564,CD_I992468,Rowan Marshall,st_kilda,True,23,Round 23,,,played,0,0
2026,73,12564,CD_I992468,Rowan Marshall,st_kilda,True,24,Round 24,,,played,0,0
2026,74,12992,CD_I1016433,Shannon Neale,geelong,True,0,Opening Round,,,played,0,0
2026,74,12992,CD_I1016433,Shannon Neale,geelong,True,1,Round 1,CD_M20260140104,2026_R1_geelong_v_fremantle_2026-03-14,played,0,1
2026,74,12992,CD_I1016433,Shannon Neale,geelong,True,2,Round 2,,,bye,,
2026,74,12992,CD_I1016433,Shannon Neale,geelong,True,3,Round 3,,,played,0,0
2026,74,12992,CD_I1016433,Shannon Neale,geelong,True,4,Round 4,,,played,0,0
2026,74,12992,CD_I1016433,Shannon Neale,geelong,True,5,Round 5,,,played,0,0
2026,74,12992,CD_I1016433,Shannon Neale,geelong,True,6,Round 6,,,played,0,0
2026,74,12992,CD_I1016433,Shannon Neale,geelong,True,7,Round 7,,,played,0,0
2026,74,12992,CD_I1016433,Shannon Neale,geelong,True,8,Round 8,,,played,0,0
2026,74,12992,CD_I1016433,Shannon Neale,geelong,True,9,Round 9,CD_M20260140907,2026_R9_geelong_v_collingwood_2026-05-09,played,2,0
2026,74,12992,CD_I1016433,Shannon Neale,geelong,True,10,Round 10,,,played,0,0
2026,74,12992,CD_I1016433,Shannon Neale,geelong,True,11,Round 11,,,played,0,0
2026,74,12992,CD_I1016433,Shannon Neale,geelong,True,12,Round 12,,,played,0,0
2026,74,12992,CD_I1016433,Shannon Neale,geelong,True,13,Round 13,,,played,0,0
2026,74,12992,CD_I1016433,Shannon Neale,geelong,True,14,Round 14,,,played,0,0
2026,74,12992,CD_I1016433,Shannon Neale,geelong,True,15,Round 15,,,played,0,0
2026,74,12992,CD_I1016433,Shannon Neale,geelong,True,16,Round 16,,,bye,,
2026,74,12992,CD_I1016433,Shannon Neale,geelong,True,17,Round 17,,,played,0,0
2026,74,12992,CD_I1016433,Shannon Neale,geelong,True,18,Round 18,,,played,0,0
2026,74,12992,CD_I1016433,Shannon Neale,geelong,True,19,Round 19,,,played,0,0
2026,74,12992,CD_I1016433,Shannon Neale,geelong,True,20,Round 20,CD_M20260142008,2026_R20_melbourne_v_geelong_2026-07-24,played,3,3
2026,74,12992,CD_I1016433,Shannon Neale,geelong,True,21,Round 21,,,played,0,0
2026,74,12992,CD_I1016433,Shannon Neale,geelong,True,22,Round 22,,,played,0,0
2026,74,12992,CD_I1016433,Shannon Neale,geelong,True,23,Round 23,,,played,0,0
2026,74,12992,CD_I1016433,Shannon Neale,geelong,True,24,Round 24,CD_M20260142405,2026_R24_geelong_v_richmond_2026-08-22,played,0,1
2026,75,4182,CD_I260257,Scott Pendlebury,collingwood,True,0,Opening Round,CD_M20260140005,2026_R0_st_kilda_v_collingwood_2026-03-08,played,0,1
2026,75,4182,CD_I260257,Scott Pendlebury,collingwood,True,1,Round 1,,,played,0,0
2026,75,4182,CD_I260257,Scott Pendlebury,collingwood,True,2,Round 2,,,bye,,
2026,75,4182,CD_I260257,Scott Pendlebury,collingwood,True,3,Round 3,,,played,0,0
2026,75,4182,CD_I260257,Scott Pendlebury,collingwood,True,4,Round 4,CD_M20260140401,2026_R4_brisbane_lions_v_collingwood_2026-04-02,did_not_play,,
2026,75,4182,CD_I260257,Scott Pendlebury,collingwood,True,5,Round 5,,,played,0,0
2026,75,4182,CD_I260257,Scott Pendlebury,collingwood,True,6,Round 6,,,played,0,0
2026,75,4182,CD_I260257,Scott Pendlebury,collingwood,True,7,Round 7,CD_M20260140704,2026_R7_essendon_v_collingwood_2026-04-25,played,3,3
2026,75,4182,CD_I260257,Scott Pendlebury,collingwood,True,8,Round 8,CD_M20260140801,2026_R8_collingwood_v_hawthorn_2026-04-30,did_not_play,,
2026,75,4182,CD_I260257,Scott Pendlebury,collingwood,True,9,Round 9,,,played,0,0
2026,75,4182,CD_I260257,Scott Pendlebury,collingwood,True,10,Round 10,CD_M20260141002,2026_R10_sydney_v_collingwood_2026-05-15,did_not_play,,
2026,75,4182,CD_I260257,Scott Pendlebury,collingwood,True,11,Round 11,,,played,0,0
2026,75,4182,CD_I260257,Scott Pendlebury,collingwood,True,12,Round 12,,,played,0,0
2026,75,4182,CD_I260257,Scott Pendlebury,collingwood,True,13,Round 13,,,played,0,0
2026,75,4182,CD_I260257,Scott Pendlebury,collingwood,True,14,Round 14,,,bye,,
2026,75,4182,CD_I260257,Scott Pendlebury,collingwood,True,15,Round 15,CD_M20260141505,2026_R15_collingwood_v_port_adelaide_2026-06-20,did_not_play,,
2026,75,4182,CD_I260257,Scott Pendlebury,collingwood,True,16,Round 16,,,played,0,0
2026,75,4182,CD_I260257,Scott Pendlebury,collingwood,True,17,Round 17,CD_M20260141703,2026_R17_gold_coast_v_collingwood_2026-07-04,did_not_play,,
2026,75,4182,CD_I260257,Scott Pendlebury,collingwood,True,18,Round 18,,,played,0,0
2026,75,4182,CD_I260257,Scott Pendlebury,collingwood,True,19,Round 19,,,played,0,0
2026,75,4182,CD_I260257,Scott Pendlebury,collingwood,True,20,Round 20,CD_M20260142001,2026_R20_adelaide_v_collingwood_2026-07-23,played,2,1
2026,75,4182,CD_I260257,Scott Pendlebury,collingwood,True,21,Round 21,,,played,0,0
2026,75,4182,CD_I260257,Scott Pendlebury,collingwood,True,22,Round 22,CD_M20260142208,2026_R22_west_coast_v_collingwood_2026-08-09,did_not_play,,
2026,75,4182,CD_I260257,Scott Pendlebury,collingwood,True,23,Round 23,,,played,0,0
2026,75,4182,CD_I260257,Scott Pendlebury,collingwood,True,24,Round 24,,,played,0,0
2026,76,12892,CD_I1008384,Riley Thilthorpe,adelaide,False,0,Opening Round,,,bye,,
2026,76,12892,CD_I1008384,Riley Thilthorpe,adelaide,False,1,Round 1,CD_M20260140106,2026_R1_collingwood_v_adelaide_2026-03-14,played,2,0
2026,76,12892,CD_I1008384,Riley Thilthorpe,adelaide,False,2,Round 2,,,played,0,0
2026,76,12892,CD_I1008384,Riley Thilthorpe,adelaide,False,3,Round 3,,,played,0,0
2026,76,12892,CD_I1008384,Riley Thilthorpe,adelaide,False,4,Round 4,,,played,0,0
2026,76,12892,CD_I1008384,Riley Thilthorpe,adelaide,False,5,Round 5,,,played,0,0
2026,76,12892,CD_I1008384,Riley Thilthorpe,adelaide,False,6,Round 6,,,played,0,0
2026,76,12892,CD_I1008384,Riley Thilthorpe,adelaide,False,7,Round 7,,,played,0,0
2026,76,12892,CD_I1008384,Riley Thilthorpe,adelaide,False,8,Round 8,,,played,0,0
2026,76,12892,CD_I1008384,Riley Thilthorpe,adelaide,False,9,Round 9,,,played,0,0
2026,76,12892,CD_I1008384,Riley Thilthorpe,adelaide,False,10,Round 10,CD_M20260141004,2026_R10_adelaide_v_north_melbourne_2026-05-16,did_not_play,,
2026,76,12892,CD_I1008384,Riley Thilthorpe,adelaide,False,11,Round 11,,,played,0,0
2026,76,12892,CD_I1008384,Riley Thilthorpe,adelaide,False,12,Round 12,,,bye,,
2026,76,12892,CD_I1008384,Riley Thilthorpe,adelaide,False,13,Round 13,CD_M20260141301,2026_R13_adelaide_v_geelong_2026-06-04,did_not_play,,
2026,76,12892,CD_I1008384,Riley Thilthorpe,adelaide,False,14,Round 14,,,played,0,0
2026,76,12892,CD_I1008384,Riley Thilthorpe,adelaide,False,15,Round 15,,,played,0,0
2026,76,12892,CD_I1008384,Riley Thilthorpe,adelaide,False,16,Round 16,,,played,0,0
2026,76,12892,CD_I1008384,Riley Thilthorpe,adelaide,False,17,Round 17,CD_M20260141709,2026_R17_west_coast_v_adelaide_2026-07-03,did_not_play,,
2026,76,12892,CD_I1008384,Riley Thilthorpe,adelaide,False,18,Round 18,,,played,0,0
2026,76,12892,CD_I1008384,Riley Thilthorpe,adelaide,False,19,Round 19,,,played,0,0
2026,76,12892,CD_I1008384,Riley Thilthorpe,adelaide,False,20,Round 20,,,played,0,0
2026,76,12892,CD_I1008384,Riley Thilthorpe,adelaide,False,21,Round 21,CD_M20260142103,2026_R21_essendon_v_adelaide_2026-08-02,played,1,3
2026,76,12892,CD_I1008384,Riley Thilthorpe,adelaide,False,22,Round 22,,,played,0,0
2026,76,12892,CD_I1008384,Riley Thilthorpe,adelaide,False,23,Round 23,,,played,0,0
2026,76,12892,CD_I1008384,Riley Thilthorpe,adelaide,False,24,Round 24,CD_M20260142401,2026_R24_adelaide_v_greater_western_sydney_2026-08-22,played,2,0
2026,77,12433,CD_I294469,Aliir Aliir,port_adelaide,True,0,Opening Round,,,bye,,
2026,77,12433,CD_I294469,Aliir Aliir,port_adelaide,True,1,Round 1,,,played,0,0
2026,77,12433,CD_I294469,Aliir Aliir,port_adelaide,True,2,Round 2,CD_M20260140206,2026_R2_port_adelaide_v_essendon_2026-03-22,played,1,1
2026,77,12433,CD_I294469,Aliir Aliir,port_adelaide,True,3,Round 3,,,played,0,0
2026,77,12433,CD_I294469,Aliir Aliir,port_adelaide,True,4,Round 4,CD_M20260140404,2026_R4_richmond_v_port_adelaide_2026-04-04,played,2,3
2026,77,12433,CD_I294469,Aliir Aliir,port_adelaide,True,5,Round 5,,,played,0,0
2026,77,12433,CD_I294469,Aliir Aliir,port_adelaide,True,6,Round 6,,,played,0,0
2026,77,12433,CD_I294469,Aliir Aliir,port_adelaide,True,7,Round 7,,,played,0,0
2026,77,12433,CD_I294469,Aliir Aliir,port_adelaide,True,8,Round 8,CD_M20260140803,2026_R8_adelaide_v_port_adelaide_2026-05-01,played,1,1
2026,77,12433,CD_I294469,Aliir Aliir,port_adelaide,True,9,Round 9,,,played,0,0
2026,77,12433,CD_I294469,Aliir Aliir,port_adelaide,True,10,Round 10,,,played,0,0
2026,77,12433,CD_I294469,Aliir Aliir,port_adelaide,True,11,Round 11,,,played,0,0
2026,77,12433,CD_I294469,Aliir Aliir,port_adelaide,True,12,Round 12,,,bye,,
2026,77,12433,CD_I294469,Aliir Aliir,port_adelaide,True,13,Round 13,,,played,0,0
2026,77,12433,CD_I294469,Aliir Aliir,port_adelaide,True,14,Round 14,,,played,0,0
2026,77,12433,CD_I294469,Aliir Aliir,port_adelaide,True,15,Round 15,,,played,0,0
2026,77,12433,CD_I294469,Aliir Aliir,port_adelaide,True,16,Round 16,,,played,0,0
2026,77,12433,CD_I294469,Aliir Aliir,port_adelaide,True,17,Round 17,,,played,0,0
2026,77,12433,CD_I294469,Aliir Aliir,port_adelaide,True,18,Round 18,,,played,0,0
2026,77,12433,CD_I294469,Aliir Aliir,port_adelaide,True,19,Round 19,,,played,0,0
2026,77,12433,CD_I294469,Aliir Aliir,port_adelaide,True,20,Round 20,,,played,0,0
2026,77,12433,CD_I294469,Aliir Aliir,port_adelaide,True,21,Round 21,,,played,0,0
2026,77,12433,CD_I294469,Aliir Aliir,port_adelaide,True,22,Round 22,,,played,0,0
2026,77,12433,CD_I294469,Aliir Aliir,port_adelaide,True,23,Round 23,,,played,0,0
2026,77,12433,CD_I294469,Aliir Aliir,port_adelaide,True,24,Round 24,CD_M20260142404,2026_R24_essendon_v_port_adelaide_2026-08-23,did_not_play,,
2026,78,12017,CD_I293845,Jeremy Cameron,geelong,True,0,Opening Round,CD_M20260140002,2026_R0_gold_coast_v_geelong_2026-03-06,did_not_play,,
2026,78,12017,CD_I293845,Jeremy Cameron,geelong,True,1,Round 1,,,played,0,0
2026,78,12017,CD_I293845,Jeremy Cameron,geelong,True,2,Round 2,,,bye,,
2026,78,12017,CD_I293845,Jeremy Cameron,geelong,True,3,Round 3,,,played,0,0
2026,78,12017,CD_I293845,Jeremy Cameron,geelong,True,4,Round 4,,,played,0,0
2026,78,12017,CD_I293845,Jeremy Cameron,geelong,True,5,Round 5,,,played,0,0
2026,78,12017,CD_I293845,Jeremy Cameron,geelong,True,6,Round 6,CD_M20260140602,2026_R6_geelong_v_western_bulldogs_2026-04-17,played,3,3
2026,78,12017,CD_I293845,Jeremy Cameron,geelong,True,7,Round 7,,,played,0,0
2026,78,12017,CD_I293845,Jeremy Cameron,geelong,True,8,Round 8,,,played,0,0
2026,78,12017,CD_I293845,Jeremy Cameron,geelong,True,9,Round 9,,,played,0,0
2026,78,12017,CD_I293845,Jeremy Cameron,geelong,True,10,Round 10,,,played,0,0
2026,78,12017,CD_I293845,Jeremy Cameron,geelong,True,11,Round 11,CD_M20260141105,2026_R11_geelong_v_sydney_2026-05-23,played,1,2
2026,78,12017,CD_I293845,Jeremy Cameron,geelong,True,12,Round 12,,,played,0,0
2026,78,12017,CD_I293845,Jeremy Cameron,geelong,True,13,Round 13,,,played,0,0
2026,78,12017,CD_I293845,Jeremy Cameron,geelong,True,14,Round 14,,,played,0,0
2026,78,12017,CD_I293845,Jeremy Cameron,geelong,True,15,Round 15,,,played,0,0
2026,78,12017,CD_I293845,Jeremy Cameron,geelong,True,16,Round 16,,,bye,,
2026,78,12017,CD_I293845,Jeremy Cameron,geelong,True,17,Round 17,,,played,0,0
2026,78,12017,CD_I293845,Jeremy Cameron,geelong,True,18,Round 18,,,played,0,0
2026,78,12017,CD_I293845,Jeremy Cameron,geelong,True,19,Round 19,CD_M20260141903,2026_R19_geelong_v_st_kilda_2026-07-16,did_not_play,,
2026,78,12017,CD_I293845,Jeremy Cameron,geelong,True,20,Round 20,CD_M20260142008,2026_R20_melbourne_v_geelong_2026-07-24,did_not_play,,
2026,78,12017,CD_I293845,Jeremy Cameron,geelong,True,21,Round 21,CD_M20260142102,2026_R21_collingwood_v_geelong_2026-07-30,did_not_play,,
2026,78,12017,CD_I293845,Jeremy Cameron,geelong,True,22,Round 22,CD_M20260142203,2026_R22_geelong_v_essendon_2026-08-08,did_not_play,,
2026,78,12017,CD_I293845,Jeremy Cameron,geelong,True,23,Round 23,CD_M20260142306,2026_R23_north_melbourne_v_geelong_2026-08-15,did_not_play,,
2026,78,12017,CD_I293845,Jeremy Cameron,geelong,True,24,Round 24,,,played,0,0
2026,79,12061,CD_I293871,Jack Crisp,collingwood,True,0,Opening Round,CD_M20260140005,2026_R0_st_kilda_v_collingwood_2026-03-08,played,1,0
2026,79,12061,CD_I293871,Jack Crisp,collingwood,True,1,Round 1,,,played,0,0
2026,79,12061,CD_I293871,Jack Crisp,collingwood,True,2,Round 2,,,bye,,
2026,79,12061,CD_I293871,Jack Crisp,collingwood,True,3,Round 3,,,played,0,0
2026,79,12061,CD_I293871,Jack Crisp,collingwood,True,4,Round 4,,,played,0,0
2026,79,12061,CD_I293871,Jack Crisp,collingwood,True,5,Round 5,CD_M20260140502,2026_R5_collingwood_v_fremantle_2026-04-10,played,2,0
2026,79,12061,CD_I293871,Jack Crisp,collingwood,True,6,Round 6,,,played,0,0
2026,79,12061,CD_I293871,Jack Crisp,collingwood,True,7,Round 7,CD_M20260140704,2026_R7_essendon_v_collingwood_2026-04-25,played,1,0
2026,79,12061,CD_I293871,Jack Crisp,collingwood,True,8,Round 8,,,played,0,0
2026,79,12061,CD_I293871,Jack Crisp,collingwood,True,9,Round 9,,,played,0,0
2026,79,12061,CD_I293871,Jack Crisp,collingwood,True,10,Round 10,,,played,0,0
2026,79,12061,CD_I293871,Jack Crisp,collingwood,True,11,Round 11,,,played,0,0
2026,79,12061,CD_I293871,Jack Crisp,collingwood,True,12,Round 12,,,played,0,0
2026,79,12061,CD_I293871,Jack Crisp,collingwood,True,13,Round 13,,,played,0,0
2026,79,12061,CD_I293871,Jack Crisp,collingwood,True,14,Round 14,,,bye,,
2026,79,12061,CD_I293871,Jack Crisp,collingwood,True,15,Round 15,,,played,0,0
2026,79,12061,CD_I293871,Jack Crisp,collingwood,True,16,Round 16,,,played,0,0
2026,79,12061,CD_I293871,Jack Crisp,collingwood,True,17,Round 17,,,played,0,0
2026,79,12061,CD_I293871,Jack Crisp,collingwood,True,18,Round 18,,,played,0,0
2026,79,12061,CD_I293871,Jack Crisp,collingwood,True,19,Round 19,,,played,0,0
2026,79,12061,CD_I293871,Jack Crisp,collingwood,True,20,Round 20,,,played,0,0
2026,79,12061,CD_I293871,Jack Crisp,collingwood,True,21,Round 21,,,played,0,0
2026,79,12061,CD_I293871,Jack Crisp,collingwood,True,22,Round 22,,,played,0,0
2026,79,12061,CD_I293871,Jack Crisp,collingwood,True,23,Round 23,,,played,0,0
2026,79,12061,CD_I293871,Jack Crisp,collingwood,True,24,Round 24,,,played,0,0
2026,80,12925,CD_I1015810,Sam Durham,essendon,True,0,Opening Round,,,bye,,
2026,80,12925,CD_I1015810,Sam Durham,essendon,True,1,Round 1,,,played,0,0
2026,80,12925,CD_I1015810,Sam Durham,essendon,True,2,Round 2,,,played,0,0
2026,80,12925,CD_I1015810,Sam Durham,essendon,True,3,Round 3,,,played,0,0
2026,80,12925,CD_I1015810,Sam Durham,essendon,True,4,Round 4,,,played,0,0
2026,80,12925,CD_I1015810,Sam Durham,essendon,True,5,Round 5,,,played,0,0
2026,80,12925,CD_I1015810,Sam Durham,essendon,True,6,Round 6,,,played,0,0
2026,80,12925,CD_I1015810,Sam Durham,essendon,True,7,Round 7,,,played,0,0
2026,80,12925,CD_I1015810,Sam Durham,essendon,True,8,Round 8,,,played,0,0
2026,80,12925,CD_I1015810,Sam Durham,essendon,True,9,Round 9,CD_M20260140905,2026_R9_greater_western_sydney_v_essendon_2026-05-09,played,1,0
2026,80,12925,CD_I1015810,Sam Durham,essendon,True,10,Round 10,,,played,0,0
2026,80,12925,CD_I1015810,Sam Durham,essendon,True,11,Round 11,,,played,0,0
2026,80,12925,CD_I1015810,Sam Durham,essendon,True,12,Round 12,CD_M20260141207,2026_R12_west_coast_v_essendon_2026-05-31,did_not_play,,
2026,80,12925,CD_I1015810,Sam Durham,essendon,True,13,Round 13,CD_M20260141307,2026_R13_essendon_v_carlton_2026-06-07,played,2,1
2026,80,12925,CD_I1015810,Sam Durham,essendon,True,14,Round 14,,,played,0,0
2026,80,12925,CD_I1015810,Sam Durham,essendon,True,15,Round 15,,,bye,,
2026,80,12925,CD_I1015810,Sam Durham,essendon,True,16,Round 16,CD_M20260141606,2026_R16_north_melbourne_v_essendon_2026-06-28,played,1,0
2026,80,12925,CD_I1015810,Sam Durham,essendon,True,17,Round 17,,,played,0,0
2026,80,12925,CD_I1015810,Sam Durham,essendon,True,18,Round 18,,,played,0,0
2026,80,12925,CD_I1015810,Sam Durham,essendon,True,19,Round 19,CD_M20260141902,2026_R19_essendon_v_greater_western_sydney_2026-07-19,played,0,3
2026,80,12925,CD_I1015810,Sam Durham,essendon,True,20,Round 20,,,played,0,0
2026,80,12925,CD_I1015810,Sam Durham,essendon,True,21,Round 21,,,played,0,0
2026,80,12925,CD_I1015810,Sam Durham,essendon,True,22,Round 22,,,played,0,0
2026,80,12925,CD_I1015810,Sam Durham,essendon,True,23,Round 23,CD_M20260142302,2026_R23_essendon_v_sydney_2026-08-16,did_not_play,,
2026,80,12925,CD_I1015810,Sam Durham,essendon,True,24,Round 24,CD_M20260142404,2026_R24_essendon_v_port_adelaide_2026-08-23,did_not_play,,
2026,81,12728,CD_I1006144,Ben King,gold_coast,True,0,Opening Round,,,played,0,0
2026,81,12728,CD_I1006144,Ben King,gold_coast,True,1,Round 1,CD_M20260140109,2026_R1_gold_coast_v_west_coast_2026-03-15,played,1,0
2026,81,12728,CD_I1006144,Ben King,gold_coast,True,2,Round 2,CD_M20260140203,2026_R2_richmond_v_gold_coast_2026-03-21,played,3,3
2026,81,12728,CD_I1006144,Ben King,gold_coast,True,3,Round 3,,,bye,,
2026,81,12728,CD_I1006144,Ben King,gold_coast,True,4,Round 4,,,played,0,0
2026,81,12728,CD_I1006144,Ben King,gold_coast,True,5,Round 5,,,played,0,0
2026,81,12728,CD_I1006144,Ben King,gold_coast,True,6,Round 6,,,played,0,0
2026,81,12728,CD_I1006144,Ben King,gold_coast,True,7,Round 7,,,played,0,0
2026,81,12728,CD_I1006144,Ben King,gold_coast,True,8,Round 8,,,played,0,0
2026,81,12728,CD_I1006144,Ben King,gold_coast,True,9,Round 9,,,played,0,0
2026,81,12728,CD_I1006144,Ben King,gold_coast,True,10,Round 10,,,played,0,0
2026,81,12728,CD_I1006144,Ben King,gold_coast,True,11,Round 11,,,played,0,0
2026,81,12728,CD_I1006144,Ben King,gold_coast,True,12,Round 12,,,bye,,
2026,81,12728,CD_I1006144,Ben King,gold_coast,True,13,Round 13,,,played,0,0
2026,81,12728,CD_I1006144,Ben King,gold_coast,True,14,Round 14,,,played,0,0
2026,81,12728,CD_I1006144,Ben King,gold_coast,True,15,Round 15,,,played,0,0
2026,81,12728,CD_I1006144,Ben King,gold_coast,True,16,Round 16,,,played,0,0
2026,81,12728,CD_I1006144,Ben King,gold_coast,True,17,Round 17,,,played,0,0
2026,81,12728,CD_I1006144,Ben King,gold_coast,True,18,Round 18,,,played,0,0
2026,81,12728,CD_I1006144,Ben King,gold_coast,True,19,Round 19,,,played,0,0
2026,81,12728,CD_I1006144,Ben King,gold_coast,True,20,Round 20,,,played,0,0
2026,81,12728,CD_I1006144,Ben King,gold_coast,True,21,Round 21,,,played,0,0
2026,81,12728,CD_I1006144,Ben King,gold_coast,True,22,Round 22,,,played,0,0
2026,81,12728,CD_I1006144,Ben King,gold_coast,True,23,Round 23,,,played,0,0
2026,81,12728,CD_I1006144,Ben King,gold_coast,True,24,Round 24,,,played,0,0
2026,82,12566,CD_I1000953,Harry McKay,carlton,True,0,Opening Round,,,played,0,0
2026,82,12566,CD_I1000953,Harry McKay,carlton,True,1,Round 1,,,played,0,0
2026,82,12566,CD_I1000953,Harry McKay,carlton,True,2,Round 2,,,bye,,
2026,82,12566,CD_I1000953,Harry McKay,carlton,True,3,Round 3,,,played,0,0
2026,82,12566,CD_I1000953,Harry McKay,carlton,True,4,Round 4,,,played,0,0
2026,82,12566,CD_I1000953,Harry McKay,carlton,True,5,Round 5,,,played,0,0
2026,82,12566,CD_I1000953,Harry McKay,carlton,True,6,Round 6,,,played,0,0
2026,82,12566,CD_I1000953,Harry McKay,carlton,True,7,Round 7,CD_M20260140706,2026_R7_fremantle_v_carlton_2026-04-25,did_not_play,,
2026,82,12566,CD_I1000953,Harry McKay,carlton,True,8,Round 8,,,played,0,0
2026,82,12566,CD_I1000953,Harry McKay,carlton,True,9,Round 9,CD_M20260140902,2026_R9_brisbane_lions_v_carlton_2026-05-08,played,2,0
2026,82,12566,CD_I1000953,Harry McKay,carlton,True,10,Round 10,,,played,0,0
2026,82,12566,CD_I1000953,Harry McKay,carlton,True,11,Round 11,,,played,0,0
2026,82,12566,CD_I1000953,Harry McKay,carlton,True,12,Round 12,,,played,0,0
2026,82,12566,CD_I1000953,Harry McKay,carlton,True,13,Round 13,CD_M20260141307,2026_R13_essendon_v_carlton_2026-06-07,played,1,3
2026,82,12566,CD_I1000953,Harry McKay,carlton,True,14,Round 14,,,bye,,
2026,82,12566,CD_I1000953,Harry McKay,carlton,True,15,Round 15,,,played,0,0
2026,82,12566,CD_I1000953,Harry McKay,carlton,True,16,Round 16,,,played,0,0
2026,82,12566,CD_I1000953,Harry McKay,carlton,True,17,Round 17,,,played,0,0
2026,82,12566,CD_I1000953,Harry McKay,carlton,True,18,Round 18,,,played,0,0
2026,82,12566,CD_I1000953,Harry McKay,carlton,True,19,Round 19,,,played,0,0
2026,82,12566,CD_I1000953,Harry McKay,carlton,True,20,Round 20,CD_M20260142003,2026_R20_carlton_v_gold_coast_2026-07-25,did_not_play,,
2026,82,12566,CD_I1000953,Harry McKay,carlton,True,21,Round 21,CD_M20260142101,2026_R21_carlton_v_brisbane_lions_2026-08-01,played,1,0
2026,82,12566,CD_I1000953,Harry McKay,carlton,True,22,Round 22,,,played,0,0
2026,82,12566,CD_I1000953,Harry McKay,carlton,True,23,Round 23,,,played,0,0
2026,82,12566,CD_I1000953,Harry McKay,carlton,True,24,Round 24,,,played,0,0
2026,83,12594,CD_I1002404,Aaron Naughton,western_bulldogs,True,0,Opening Round,,,played,0,0
2026,83,12594,CD_I1002404,Aaron Naughton,western_bulldogs,True,1,Round 1,CD_M20260140103,2026_R1_western_bulldogs_v_greater_western_sydney_2026-03-14,played,2,2
2026,83,12594,CD_I1002404,Aaron Naughton,western_bulldogs,True,2,Round 2,,,played,0,0
2026,83,12594,CD_I1002404,Aaron Naughton,western_bulldogs,True,3,Round 3,,,bye,,
2026,83,12594,CD_I1002404,Aaron Naughton,western_bulldogs,True,4,Round 4,,,played,0,0
2026,83,12594,CD_I1002404,Aaron Naughton,western_bulldogs,True,5,Round 5,,,played,0,0
2026,83,12594,CD_I1002404,Aaron Naughton,western_bulldogs,True,6,Round 6,,,played,0,0
2026,83,12594,CD_I1002404,Aaron Naughton,western_bulldogs,True,7,Round 7,,,played,0,0
2026,83,12594,CD_I1002404,Aaron Naughton,western_bulldogs,True,8,Round 8,,,played,0,0
2026,83,12594,CD_I1002404,Aaron Naughton,western_bulldogs,True,9,Round 9,,,played,0,0
2026,83,12594,CD_I1002404,Aaron Naughton,western_bulldogs,True,10,Round 10,,,played,0,0
2026,83,12594,CD_I1002404,Aaron Naughton,western_bulldogs,True,11,Round 11,,,played,0,0
2026,83,12594,CD_I1002404,Aaron Naughton,western_bulldogs,True,12,Round 12,,,played,0,0
2026,83,12594,CD_I1002404,Aaron Naughton,western_bulldogs,True,13,Round 13,,,played,0,0
2026,83,12594,CD_I1002404,Aaron Naughton,western_bulldogs,True,14,Round 14,,,played,0,0
2026,83,12594,CD_I1002404,Aaron Naughton,western_bulldogs,True,15,Round 15,,,played,0,0
2026,83,12594,CD_I1002404,Aaron Naughton,western_bulldogs,True,16,Round 16,,,bye,,
2026,83,12594,CD_I1002404,Aaron Naughton,western_bulldogs,True,17,Round 17,,,played,0,0
2026,83,12594,CD_I1002404,Aaron Naughton,western_bulldogs,True,18,Round 18,CD_M20260141809,2026_R18_western_bulldogs_v_west_coast_2026-07-12,played,2,0
2026,83,12594,CD_I1002404,Aaron Naughton,western_bulldogs,True,19,Round 19,,,played,0,0
2026,83,12594,CD_I1002404,Aaron Naughton,western_bulldogs,True,20,Round 20,,,played,0,0
2026,83,12594,CD_I1002404,Aaron Naughton,western_bulldogs,True,21,Round 21,CD_M20260142104,2026_R21_fremantle_v_western_bulldogs_2026-07-31,did_not_play,,
2026,83,12594,CD_I1002404,Aaron Naughton,western_bulldogs,True,22,Round 22,,,played,0,0
2026,83,12594,CD_I1002404,Aaron Naughton,western_bulldogs,True,23,Round 23,,,played,0,0
2026,83,12594,CD_I1002404,Aaron Naughton,western_bulldogs,True,24,Round 24,,,played,0,0
2026,84,12368,CD_I296205,Jack Steele,melbourne,True,0,Opening Round,,,bye,,
2026,84,12368,CD_I296205,Jack Steele,melbourne,True,1,Round 1,,,played,0,0
2026,84,12368,CD_I296205,Jack Steele,melbourne,True,2,Round 2,,,played,0,0
2026,84,12368,CD_I296205,Jack Steele,melbourne,True,3,Round 3,,,played,0,0
2026,84,12368,CD_I296205,Jack Steele,melbourne,True,4,Round 4,CD_M20260140406,2026_R4_melbourne_v_gold_coast_2026-04-05,played,0,2
2026,84,12368,CD_I296205,Jack Steele,melbourne,True,5,Round 5,,,played,0,0
2026,84,12368,CD_I296205,Jack Steele,melbourne,True,6,Round 6,,,played,0,0
2026,84,12368,CD_I296205,Jack Steele,melbourne,True,7,Round 7,,,played,0,0
2026,84,12368,CD_I296205,Jack Steele,melbourne,True,8,Round 8,,,played,0,0
2026,84,12368,CD_I296205,Jack Steele,melbourne,True,9,Round 9,CD_M20260140908,2026_R9_melbourne_v_west_coast_2026-05-10,played,0,3
2026,84,12368,CD_I296205,Jack Steele,melbourne,True,10,Round 10,CD_M20260141005,2026_R10_melbourne_v_hawthorn_2026-05-16,played,2,1
2026,84,12368,CD_I296205,Jack Steele,melbourne,True,11,Round 11,,,played,0,0
2026,84,12368,CD_I296205,Jack Steele,melbourne,True,12,Round 12,,,played,0,0
2026,84,12368,CD_I296205,Jack Steele,melbourne,True,13,Round 13,,,played,0,0
2026,84,12368,CD_I296205,Jack Steele,melbourne,True,14,Round 14,,,played,0,0
2026,84,12368,CD_I296205,Jack Steele,melbourne,True,15,Round 15,,,played,0,0
2026,84,12368,CD_I296205,Jack Steele,melbourne,True,16,Round 16,,,bye,,
2026,84,12368,CD_I296205,Jack Steele,melbourne,True,17,Round 17,,,played,0,0
2026,84,12368,CD_I296205,Jack Steele,melbourne,True,18,Round 18,CD_M20260141807,2026_R18_melbourne_v_richmond_2026-07-12,played,1,0
2026,84,12368,CD_I296205,Jack Steele,melbourne,True,19,Round 19,,,played,0,0
2026,84,12368,CD_I296205,Jack Steele,melbourne,True,20,Round 20,CD_M20260142008,2026_R20_melbourne_v_geelong_2026-07-24,played,0,1
2026,84,12368,CD_I296205,Jack Steele,melbourne,True,21,Round 21,,,played,0,0
2026,84,12368,CD_I296205,Jack Steele,melbourne,True,22,Round 22,,,played,0,0
2026,84,12368,CD_I296205,Jack Steele,melbourne,True,23,Round 23,CD_M20260142307,2026_R23_port_adelaide_v_melbourne_2026-08-15,played,1,0
2026,84,12368,CD_I296205,Jack Steele,melbourne,True,24,Round 24,,,played,0,0
2026,85,12087,CD_I292128,Elliot Yeo,west_coast,True,0,Opening Round,,,bye,,
2026,85,12087,CD_I292128,Elliot Yeo,west_coast,True,1,Round 1,,,played,0,0
2026,85,12087,CD_I292128,Elliot Yeo,west_coast,True,2,Round 2,CD_M20260140207,2026_R2_west_coast_v_north_melbourne_2026-03-22,played,0,2
2026,85,12087,CD_I292128,Elliot Yeo,west_coast,True,3,Round 3,,,played,0,0
2026,85,12087,CD_I292128,Elliot Yeo,west_coast,True,4,Round 4,CD_M20260140405,2026_R4_west_coast_v_sydney_2026-04-04,did_not_play,,
2026,85,12087,CD_I292128,Elliot Yeo,west_coast,True,5,Round 5,CD_M20260140507,2026_R5_geelong_v_west_coast_2026-04-12,did_not_play,,
2026,85,12087,CD_I292128,Elliot Yeo,west_coast,True,6,Round 6,,,played,0,0
2026,85,12087,CD_I292128,Elliot Yeo,west_coast,True,7,Round 7,,,played,0,0
2026,85,12087,CD_I292128,Elliot Yeo,west_coast,True,8,Round 8,,,played,0,0
2026,85,12087,CD_I292128,Elliot Yeo,west_coast,True,9,Round 9,CD_M20260140908,2026_R9_melbourne_v_west_coast_2026-05-10,played,0,1
2026,85,12087,CD_I292128,Elliot Yeo,west_coast,True,10,Round 10,,,played,0,0
2026,85,12087,CD_I292128,Elliot Yeo,west_coast,True,11,Round 11,CD_M20260141106,2026_R11_collingwood_v_west_coast_2026-05-23,played,2,0
2026,85,12087,CD_I292128,Elliot Yeo,west_coast,True,12,Round 12,,,played,0,0
2026,85,12087,CD_I292128,Elliot Yeo,west_coast,True,13,Round 13,,,played,0,0
2026,85,12087,CD_I292128,Elliot Yeo,west_coast,True,14,Round 14,,,played,0,0
2026,85,12087,CD_I292128,Elliot Yeo,west_coast,True,15,Round 15,,,bye,,
2026,85,12087,CD_I292128,Elliot Yeo,west_coast,True,16,Round 16,,,played,0,0
2026,85,12087,CD_I292128,Elliot Yeo,west_coast,True,17,Round 17,,,played,0,0
2026,85,12087,CD_I292128,Elliot Yeo,west_coast,True,18,Round 18,,,played,0,0
2026,85,12087,CD_I292128,Elliot Yeo,west_coast,True,19,Round 19,,,played,0,0
2026,85,12087,CD_I292128,Elliot Yeo,west_coast,True,20,Round 20,,,played,0,0
2026,85,12087,CD_I292128,Elliot Yeo,west_coast,True,21,Round 21,,,played,0,0
2026,85,12087,CD_I292128,Elliot Yeo,west_coast,True,22,Round 22,CD_M20260142208,2026_R22_west_coast_v_collingwood_2026-08-09,played,2,0
2026,85,12087,CD_I292128,Elliot Yeo,west_coast,True,23,Round 23,,,played,0,0
2026,85,12087,CD_I292128,Elliot Yeo,west_coast,True,24,Round 24,,,played,0,0
2026,86,12584,CD_I999331,Darcy Fogarty,adelaide,False,0,Opening Round,,,bye,,
2026,86,12584,CD_I999331,Darcy Fogarty,adelaide,False,1,Round 1,,,played,0,0
2026,86,12584,CD_I999331,Darcy Fogarty,adelaide,False,2,Round 2,,,played,0,0
2026,86,12584,CD_I999331,Darcy Fogarty,adelaide,False,3,Round 3,,,played,0,0
2026,86,12584,CD_I999331,Darcy Fogarty,adelaide,False,4,Round 4,CD_M20260140403,2026_R4_adelaide_v_fremantle_2026-04-03,did_not_play,,
2026,86,12584,CD_I999331,Darcy Fogarty,adelaide,False,5,Round 5,CD_M20260140501,2026_R5_adelaide_v_carlton_2026-04-09,did_not_play,,
2026,86,12584,CD_I999331,Darcy Fogarty,adelaide,False,6,Round 6,CD_M20260140606,2026_R6_adelaide_v_st_kilda_2026-04-18,did_not_play,,
2026,86,12584,CD_I999331,Darcy Fogarty,adelaide,False,7,Round 7,CD_M20260140708,2026_R7_brisbane_lions_v_adelaide_2026-04-26,did_not_play,,
2026,86,12584,CD_I999331,Darcy Fogarty,adelaide,False,8,Round 8,CD_M20260140803,2026_R8_adelaide_v_port_adelaide_2026-05-01,did_not_play,,
2026,86,12584,CD_I999331,Darcy Fogarty,adelaide,False,9,Round 9,CD_M20260140909,2026_R9_richmond_v_adelaide_2026-05-10,did_not_play,,
2026,86,12584,CD_I999331,Darcy Fogarty,adelaide,False,10,Round 10,,,played,0,0
2026,86,12584,CD_I999331,Darcy Fogarty,adelaide,False,11,Round 11,,,played,0,0
2026,86,12584,CD_I999331,Darcy Fogarty,adelaide,False,12,Round 12,,,bye,,
2026,86,12584,CD_I999331,Darcy Fogarty,adelaide,False,13,Round 13,,,played,0,0
2026,86,12584,CD_I999331,Darcy Fogarty,adelaide,False,14,Round 14,,,played,0,0
2026,86,12584,CD_I999331,Darcy Fogarty,adelaide,False,15,Round 15,,,played,0,0
2026,86,12584,CD_I999331,Darcy Fogarty,adelaide,False,16,Round 16,CD_M20260141607,2026_R16_port_adelaide_v_adelaide_2026-06-27,played,1,0
2026,86,12584,CD_I999331,Darcy Fogarty,adelaide,False,17,Round 17,,,played,0,0
2026,86,12584,CD_I999331,Darcy Fogarty,adelaide,False,18,Round 18,,,played,0,0
2026,86,12584,CD_I999331,Darcy Fogarty,adelaide,False,19,Round 19,CD_M20260141908,2026_R19_sydney_v_adelaide_2026-07-17,played,3,0
2026,86,12584,CD_I999331,Darcy Fogarty,adelaide,False,20,Round 20,CD_M20260142001,2026_R20_adelaide_v_collingwood_2026-07-23,did_not_play,,
2026,86,12584,CD_I999331,Darcy Fogarty,adelaide,False,21,Round 21,CD_M20260142103,2026_R21_essendon_v_adelaide_2026-08-02,did_not_play,,
2026,86,12584,CD_I999331,Darcy Fogarty,adelaide,False,22,Round 22,CD_M20260142201,2026_R22_adelaide_v_richmond_2026-08-08,did_not_play,,
2026,86,12584,CD_I999331,Darcy Fogarty,adelaide,False,23,Round 23,,,played,0,0
2026,86,12584,CD_I999331,Darcy Fogarty,adelaide,False,24,Round 24,,,played,0,0
2026,87,12519,CD_I998133,Jarrod Berry,brisbane_lions,True,0,Opening Round,,,played,0,0
2026,87,12519,CD_I998133,Jarrod Berry,brisbane_lions,True,1,Round 1,,,played,0,0
2026,87,12519,CD_I998133,Jarrod Berry,brisbane_lions,True,2,Round 2,,,bye,,
2026,87,12519,CD_I998133,Jarrod Berry,brisbane_lions,True,3,Round 3,CD_M20260140303,2026_R3_st_kilda_v_brisbane_lions_2026-03-28,played,3,1
2026,87,12519,CD_I998133,Jarrod Berry,brisbane_lions,True,4,Round 4,,,played,0,0
2026,87,12519,CD_I998133,Jarrod Berry,brisbane_lions,True,5,Round 5,,,played,0,0
2026,87,12519,CD_I998133,Jarrod Berry,brisbane_lions,True,6,Round 6,,,played,0,0
2026,87,12519,CD_I998133,Jarrod Berry,brisbane_lions,True,7,Round 7,CD_M20260140708,2026_R7_brisbane_lions_v_adelaide_2026-04-26,did_not_play,,
2026,87,12519,CD_I998133,Jarrod Berry,brisbane_lions,True,8,Round 8,CD_M20260140804,2026_R8_essendon_v_brisbane_lions_2026-05-02,did_not_play,,
2026,87,12519,CD_I998133,Jarrod Berry,brisbane_lions,True,9,Round 9,CD_M20260140902,2026_R9_brisbane_lions_v_carlton_2026-05-08,did_not_play,,
2026,87,12519,CD_I998133,Jarrod Berry,brisbane_lions,True,10,Round 10,CD_M20260141001,2026_R10_brisbane_lions_v_geelong_2026-05-14,did_not_play,,
2026,87,12519,CD_I998133,Jarrod Berry,brisbane_lions,True,11,Round 11,CD_M20260141108,2026_R11_greater_western_sydney_v_brisbane_lions_2026-05-24,did_not_play,,
2026,87,12519,CD_I998133,Jarrod Berry,brisbane_lions,True,12,Round 12,,,played,0,0
2026,87,12519,CD_I998133,Jarrod Berry,brisbane_lions,True,13,Round 13,,,played,0,0
2026,87,12519,CD_I998133,Jarrod Berry,brisbane_lions,True,14,Round 14,,,played,0,0
2026,87,12519,CD_I998133,Jarrod Berry,brisbane_lions,True,15,Round 15,,,bye,,
2026,87,12519,CD_I998133,Jarrod Berry,brisbane_lions,True,16,Round 16,,,played,0,0
2026,87,12519,CD_I998133,Jarrod Berry,brisbane_lions,True,17,Round 17,,,played,0,0
2026,87,12519,CD_I998133,Jarrod Berry,brisbane_lions,True,18,Round 18,,,played,0,0
2026,87,12519,CD_I998133,Jarrod Berry,brisbane_lions,True,19,Round 19,,,played,0,0
2026,87,12519,CD_I998133,Jarrod Berry,brisbane_lions,True,20,Round 20,,,played,0,0
2026,87,12519,CD_I998133,Jarrod Berry,brisbane_lions,True,21,Round 21,,,played,0,0
2026,87,12519,CD_I998133,Jarrod Berry,brisbane_lions,True,22,Round 22,,,played,0,0
2026,87,12519,CD_I998133,Jarrod Berry,brisbane_lions,True,23,Round 23,,,played,0,0
2026,87,12519,CD_I998133,Jarrod Berry,brisbane_lions,True,24,Round 24,,,played,0,0
2026,88,12871,CD_I1012805,Tanner Bruhn,geelong,True,0,Opening Round,,,played,0,0
2026,88,12871,CD_I1012805,Tanner Bruhn,geelong,True,1,Round 1,,,played,0,0
2026,88,12871,CD_I1012805,Tanner Bruhn,geelong,True,2,Round 2,,,bye,,
2026,88,12871,CD_I1012805,Tanner Bruhn,geelong,True,3,Round 3,,,played,0,0
2026,88,12871,CD_I1012805,Tanner Bruhn,geelong,True,4,Round 4,,,played,0,0
2026,88,12871,CD_I1012805,Tanner Bruhn,geelong,True,5,Round 5,CD_M20260140507,2026_R5_geelong_v_west_coast_2026-04-12,played,2,1
2026,88,12871,CD_I1012805,Tanner Bruhn,geelong,True,6,Round 6,,,played,0,0
2026,88,12871,CD_I1012805,Tanner Bruhn,geelong,True,7,Round 7,,,played,0,0
2026,88,12871,CD_I1012805,Tanner Bruhn,geelong,True,8,Round 8,,,played,0,0
2026,88,12871,CD_I1012805,Tanner Bruhn,geelong,True,9,Round 9,,,played,0,0
2026,88,12871,CD_I1012805,Tanner Bruhn,geelong,True,10,Round 10,,,played,0,0
2026,88,12871,CD_I1012805,Tanner Bruhn,geelong,True,11,Round 11,CD_M20260141105,2026_R11_geelong_v_sydney_2026-05-23,did_not_play,,
2026,88,12871,CD_I1012805,Tanner Bruhn,geelong,True,12,Round 12,,,played,0,0
2026,88,12871,CD_I1012805,Tanner Bruhn,geelong,True,13,Round 13,,,played,0,0
2026,88,12871,CD_I1012805,Tanner Bruhn,geelong,True,14,Round 14,,,played,0,0
2026,88,12871,CD_I1012805,Tanner Bruhn,geelong,True,15,Round 15,,,played,0,0
2026,88,12871,CD_I1012805,Tanner Bruhn,geelong,True,16,Round 16,,,bye,,
2026,88,12871,CD_I1012805,Tanner Bruhn,geelong,True,17,Round 17,,,played,0,0
2026,88,12871,CD_I1012805,Tanner Bruhn,geelong,True,18,Round 18,,,played,0,0
2026,88,12871,CD_I1012805,Tanner Bruhn,geelong,True,19,Round 19,CD_M20260141903,2026_R19_geelong_v_st_kilda_2026-07-16,did_not_play,,
2026,88,12871,CD_I1012805,Tanner Bruhn,geelong,True,20,Round 20,,,played,0,0
2026,88,12871,CD_I1012805,Tanner Bruhn,geelong,True,21,Round 21,,,played,0,0
2026,88,12871,CD_I1012805,Tanner Bruhn,geelong,True,22,Round 22,,,played,0,0
2026,88,12871,CD_I1012805,Tanner Bruhn,geelong,True,23,Round 23,CD_M20260142306,2026_R23_north_melbourne_v_geelong_2026-08-15,played,1,3
2026,88,12871,CD_I1012805,Tanner Bruhn,geelong,True,24,Round 24,,,played,0,0
2026,89,13007,CD_I1013462,Jase Burgoyne,port_adelaide,True,0,Opening Round,,,bye,,
2026,89,13007,CD_I1013462,Jase Burgoyne,port_adelaide,True,1,Round 1,,,played,0,0
2026,89,13007,CD_I1013462,Jase Burgoyne,port_adelaide,True,2,Round 2,,,played,0,0
2026,89,13007,CD_I1013462,Jase Burgoyne,port_adelaide,True,3,Round 3,,,played,0,0
2026,89,13007,CD_I1013462,Jase Burgoyne,port_adelaide,True,4,Round 4,,,played,0,0
2026,89,13007,CD_I1013462,Jase Burgoyne,port_adelaide,True,5,Round 5,,,played,0,0
2026,89,13007,CD_I1013462,Jase Burgoyne,port_adelaide,True,6,Round 6,,,played,0,0
2026,89,13007,CD_I1013462,Jase Burgoyne,port_adelaide,True,7,Round 7,,,played,0,0
2026,89,13007,CD_I1013462,Jase Burgoyne,port_adelaide,True,8,Round 8,,,played,0,0
2026,89,13007,CD_I1013462,Jase Burgoyne,port_adelaide,True,9,Round 9,,,played,0,0
2026,89,13007,CD_I1013462,Jase Burgoyne,port_adelaide,True,10,Round 10,,,played,0,0
2026,89,13007,CD_I1013462,Jase Burgoyne,port_adelaide,True,11,Round 11,,,played,0,0
2026,89,13007,CD_I1013462,Jase Burgoyne,port_adelaide,True,12,Round 12,,,bye,,
2026,89,13007,CD_I1013462,Jase Burgoyne,port_adelaide,True,13,Round 13,,,played,0,0
2026,89,13007,CD_I1013462,Jase Burgoyne,port_adelaide,True,14,Round 14,,,played,0,0
2026,89,13007,CD_I1013462,Jase Burgoyne,port_adelaide,True,15,Round 15,,,played,0,0
2026,89,13007,CD_I1013462,Jase Burgoyne,port_adelaide,True,16,Round 16,,,played,0,0
2026,89,13007,CD_I1013462,Jase Burgoyne,port_adelaide,True,17,Round 17,,,played,0,0
2026,89,13007,CD_I1013462,Jase Burgoyne,port_adelaide,True,18,Round 18,,,played,0,0
2026,89,13007,CD_I1013462,Jase Burgoyne,port_adelaide,True,19,Round 19,,,played,0,0
2026,89,13007,CD_I1013462,Jase Burgoyne,port_adelaide,True,20,Round 20,,,played,0,0
2026,89,13007,CD_I1013462,Jase Burgoyne,port_adelaide,True,21,Round 21,,,played,0,0
2026,89,13007,CD_I1013462,Jase Burgoyne,port_adelaide,True,22,Round 22,,,played,0,0
2026,89,13007,CD_I1013462,Jase Burgoyne,port_adelaide,True,23,Round 23,,,played,0,0
2026,89,13007,CD_I1013462,Jase Burgoyne,port_adelaide,True,24,Round 24,CD_M20260142404,2026_R24_essendon_v_port_adelaide_2026-08-23,played,3,3
2026,90,12756,CD_I1005330,Kade Chandler,melbourne,True,0,Opening Round,,,bye,,
2026,90,12756,CD_I1005330,Kade Chandler,melbourne,True,1,Round 1,,,played,0,0
2026,90,12756,CD_I1005330,Kade Chandler,melbourne,True,2,Round 2,,,played,0,0
2026,90,12756,CD_I1005330,Kade Chandler,melbourne,True,3,Round 3,,,played,0,0
2026,90,12756,CD_I1005330,Kade Chandler,melbourne,True,4,Round 4,,,played,0,0
2026,90,12756,CD_I1005330,Kade Chandler,melbourne,True,5,Round 5,,,played,0,0
2026,90,12756,CD_I1005330,Kade Chandler,melbourne,True,6,Round 6,CD_M20260140608,2026_R6_melbourne_v_brisbane_lions_2026-04-19,played,1,1
2026,90,12756,CD_I1005330,Kade Chandler,melbourne,True,7,Round 7,,,played,0,0
2026,90,12756,CD_I1005330,Kade Chandler,melbourne,True,8,Round 8,,,played,0,0
2026,90,12756,CD_I1005330,Kade Chandler,melbourne,True,9,Round 9,,,played,0,0
2026,90,12756,CD_I1005330,Kade Chandler,melbourne,True,10,Round 10,,,played,0,0
2026,90,12756,CD_I1005330,Kade Chandler,melbourne,True,11,Round 11,,,played,0,0
2026,90,12756,CD_I1005330,Kade Chandler,melbourne,True,12,Round 12,,,played,0,0
2026,90,12756,CD_I1005330,Kade Chandler,melbourne,True,13,Round 13,,,played,0,0
2026,90,12756,CD_I1005330,Kade Chandler,melbourne,True,14,Round 14,,,played,0,0
2026,90,12756,CD_I1005330,Kade Chandler,melbourne,True,15,Round 15,,,played,0,0
2026,90,12756,CD_I1005330,Kade Chandler,melbourne,True,16,Round 16,,,bye,,
2026,90,12756,CD_I1005330,Kade Chandler,melbourne,True,17,Round 17,,,played,0,0
2026,90,12756,CD_I1005330,Kade Chandler,melbourne,True,18,Round 18,,,played,0,0
2026,90,12756,CD_I1005330,Kade Chandler,melbourne,True,19,Round 19,,,played,0,0
2026,90,12756,CD_I1005330,Kade Chandler,melbourne,True,20,Round 20,,,played,0,0
2026,90,12756,CD_I1005330,Kade Chandler,melbourne,True,21,Round 21,CD_M20260142105,2026_R21_gold_coast_v_melbourne_2026-08-02,did_not_play,,
2026,90,12756,CD_I1005330,Kade Chandler,melbourne,True,22,Round 22,,,played,0,0
2026,90,12756,CD_I1005330,Kade Chandler,melbourne,True,23,Round 23,CD_M20260142307,2026_R23_port_adelaide_v_melbourne_2026-08-15,played,2,2
2026,90,12756,CD_I1005330,Kade Chandler,melbourne,True,24,Round 24,,,played,0,0
2026,91,12688,CD_I1006152,Jordan Clark,fremantle,True,0,Opening Round,,,bye,,
2026,91,12688,CD_I1006152,Jordan Clark,fremantle,True,1,Round 1,,,played,0,0
2026,91,12688,CD_I1006152,Jordan Clark,fremantle,True,2,Round 2,,,played,0,0
2026,91,12688,CD_I1006152,Jordan Clark,fremantle,True,3,Round 3,,,played,0,0
2026,91,12688,CD_I1006152,Jordan Clark,fremantle,True,4,Round 4,,,played,0,0
2026,91,12688,CD_I1006152,Jordan Clark,fremantle,True,5,Round 5,,,played,0,0
2026,91,12688,CD_I1006152,Jordan Clark,fremantle,True,6,Round 6,CD_M20260140609,2026_R6_west_coast_v_fremantle_2026-04-19,played,3,3
2026,91,12688,CD_I1006152,Jordan Clark,fremantle,True,7,Round 7,,,played,0,0
2026,91,12688,CD_I1006152,Jordan Clark,fremantle,True,8,Round 8,,,played,0,0
2026,91,12688,CD_I1006152,Jordan Clark,fremantle,True,9,Round 9,,,played,0,0
2026,91,12688,CD_I1006152,Jordan Clark,fremantle,True,10,Round 10,,,played,0,0
2026,91,12688,CD_I1006152,Jordan Clark,fremantle,True,11,Round 11,,,played,0,0
2026,91,12688,CD_I1006152,Jordan Clark,fremantle,True,12,Round 12,,,played,0,0
2026,91,12688,CD_I1006152,Jordan Clark,fremantle,True,13,Round 13,,,played,0,0
2026,91,12688,CD_I1006152,Jordan Clark,fremantle,True,14,Round 14,,,bye,,
2026,91,12688,CD_I1006152,Jordan Clark,fremantle,True,15,Round 15,,,played,0,0
2026,91,12688,CD_I1006152,Jordan Clark,fremantle,True,16,Round 16,,,played,0,0
2026,91,12688,CD_I1006152,Jordan Clark,fremantle,True,17,Round 17,,,played,0,0
2026,91,12688,CD_I1006152,Jordan Clark,fremantle,True,18,Round 18,,,played,0,0
2026,91,12688,CD_I1006152,Jordan Clark,fremantle,True,19,Round 19,,,played,0,0
2026,91,12688,CD_I1006152,Jordan Clark,fremantle,True,20,Round 20,,,played,0,0
2026,91,12688,CD_I1006152,Jordan Clark,fremantle,True,21,Round 21,,,played,0,0
2026,91,12688,CD_I1006152,Jordan Clark,fremantle,True,22,Round 22,,,played,0,0
2026,91,12688,CD_I1006152,Jordan Clark,fremantle,True,23,Round 23,,,played,0,0
2026,91,12688,CD_I1006152,Jordan Clark,fremantle,True,24,Round 24,,,played,0,0
2026,92,11700,CD_I270917,Patrick Dangerfield,geelong,True,0,Opening Round,CD_M20260140002,2026_R0_gold_coast_v_geelong_2026-03-06,did_not_play,,
2026,92,11700,CD_I270917,Patrick Dangerfield,geelong,True,1,Round 1,,,played,0,0
2026,92,11700,CD_I270917,Patrick Dangerfield,geelong,True,2,Round 2,,,bye,,
2026,92,11700,CD_I270917,Patrick Dangerfield,geelong,True,3,Round 3,CD_M20260140301,2026_R3_geelong_v_adelaide_2026-03-26,did_not_play,,
2026,92,11700,CD_I270917,Patrick Dangerfield,geelong,True,4,Round 4,CD_M20260140408,2026_R4_hawthorn_v_geelong_2026-04-06,did_not_play,,
2026,92,11700,CD_I270917,Patrick Dangerfield,geelong,True,5,Round 5,CD_M20260140507,2026_R5_geelong_v_west_coast_2026-04-12,did_not_play,,
2026,92,11700,CD_I270917,Patrick Dangerfield,geelong,True,6,Round 6,,,played,0,0
2026,92,11700,CD_I270917,Patrick Dangerfield,geelong,True,7,Round 7,,,played,0,0
2026,92,11700,CD_I270917,Patrick Dangerfield,geelong,True,8,Round 8,,,played,0,0
2026,92,11700,CD_I270917,Patrick Dangerfield,geelong,True,9,Round 9,,,played,0,0
2026,92,11700,CD_I270917,Patrick Dangerfield,geelong,True,10,Round 10,,,played,0,0
2026,92,11700,CD_I270917,Patrick Dangerfield,geelong,True,11,Round 11,,,played,0,0
2026,92,11700,CD_I270917,Patrick Dangerfield,geelong,True,12,Round 12,,,played,0,0
2026,92,11700,CD_I270917,Patrick Dangerfield,geelong,True,13,Round 13,CD_M20260141301,2026_R13_adelaide_v_geelong_2026-06-04,played,1,1
2026,92,11700,CD_I270917,Patrick Dangerfield,geelong,True,14,Round 14,,,played,0,0
2026,92,11700,CD_I270917,Patrick Dangerfield,geelong,True,15,Round 15,,,played,0,0
2026,92,11700,CD_I270917,Patrick Dangerfield,geelong,True,16,Round 16,,,bye,,
2026,92,11700,CD_I270917,Patrick Dangerfield,geelong,True,17,Round 17,CD_M20260141702,2026_R17_geelong_v_brisbane_lions_2026-07-02,played,2,2
2026,92,11700,CD_I270917,Patrick Dangerfield,geelong,True,18,Round 18,,,played,0,0
2026,92,11700,CD_I270917,Patrick Dangerfield,geelong,True,19,Round 19,,,played,0,0
2026,92,11700,CD_I270917,Patrick Dangerfield,geelong,True,20,Round 20,,,played,0,0
2026,92,11700,CD_I270917,Patrick Dangerfield,geelong,True,21,Round 21,CD_M20260142102,2026_R21_collingwood_v_geelong_2026-07-30,did_not_play,,
2026,92,11700,CD_I270917,Patrick Dangerfield,geelong,True,22,Round 22,CD_M20260142203,2026_R22_geelong_v_essendon_2026-08-08,did_not_play,,
2026,92,11700,CD_I270917,Patrick Dangerfield,geelong,True,23,Round 23,,,played,0,0
2026,92,11700,CD_I270917,Patrick Dangerfield,geelong,True,24,Round 24,,,played,0,0
2026,93,12824,CD_I1009260,Sam Flanders,st_kilda,True,0,Opening Round,,,played,0,0
2026,93,12824,CD_I1009260,Sam Flanders,st_kilda,True,1,Round 1,,,played,0,0
2026,93,12824,CD_I1009260,Sam Flanders,st_kilda,True,2,Round 2,,,played,0,0
2026,93,12824,CD_I1009260,Sam Flanders,st_kilda,True,3,Round 3,,,played,0,0
2026,93,12824,CD_I1009260,Sam Flanders,st_kilda,True,4,Round 4,,,bye,,
2026,93,12824,CD_I1009260,Sam Flanders,st_kilda,True,5,Round 5,,,played,0,0
2026,93,12824,CD_I1009260,Sam Flanders,st_kilda,True,6,Round 6,CD_M20260140606,2026_R6_adelaide_v_st_kilda_2026-04-18,played,3,1
2026,93,12824,CD_I1009260,Sam Flanders,st_kilda,True,7,Round 7,,,played,0,0
2026,93,12824,CD_I1009260,Sam Flanders,st_kilda,True,8,Round 8,,,played,0,0
2026,93,12824,CD_I1009260,Sam Flanders,st_kilda,True,9,Round 9,,,played,0,0
2026,93,12824,CD_I1009260,Sam Flanders,st_kilda,True,10,Round 10,,,played,0,0
2026,93,12824,CD_I1009260,Sam Flanders,st_kilda,True,11,Round 11,,,played,0,0
2026,93,12824,CD_I1009260,Sam Flanders,st_kilda,True,12,Round 12,,,played,0,0
2026,93,12824,CD_I1009260,Sam Flanders,st_kilda,True,13,Round 13,CD_M20260141306,2026_R13_sydney_v_st_kilda_2026-06-07,did_not_play,,
2026,93,12824,CD_I1009260,Sam Flanders,st_kilda,True,14,Round 14,CD_M20260141407,2026_R14_st_kilda_v_greater_western_sydney_2026-06-14,did_not_play,,
2026,93,12824,CD_I1009260,Sam Flanders,st_kilda,True,15,Round 15,CD_M20260141507,2026_R15_st_kilda_v_western_bulldogs_2026-06-21,did_not_play,,
2026,93,12824,CD_I1009260,Sam Flanders,st_kilda,True,16,Round 16,,,bye,,
2026,93,12824,CD_I1009260,Sam Flanders,st_kilda,True,17,Round 17,CD_M20260141701,2026_R17_essendon_v_st_kilda_2026-07-05,did_not_play,,
2026,93,12824,CD_I1009260,Sam Flanders,st_kilda,True,18,Round 18,CD_M20260141808,2026_R18_st_kilda_v_port_adelaide_2026-07-11,did_not_play,,
2026,93,12824,CD_I1009260,Sam Flanders,st_kilda,True,19,Round 19,CD_M20260141903,2026_R19_geelong_v_st_kilda_2026-07-16,did_not_play,,
2026,93,12824,CD_I1009260,Sam Flanders,st_kilda,True,20,Round 20,CD_M20260142007,2026_R20_north_melbourne_v_st_kilda_2026-07-26,did_not_play,,
2026,93,12824,CD_I1009260,Sam Flanders,st_kilda,True,21,Round 21,CD_M20260142109,2026_R21_st_kilda_v_sydney_2026-08-01,did_not_play,,
2026,93,12824,CD_I1009260,Sam Flanders,st_kilda,True,22,Round 22,CD_M20260142206,2026_R22_st_kilda_v_carlton_2026-08-09,did_not_play,,
2026,93,12824,CD_I1009260,Sam Flanders,st_kilda,True,23,Round 23,CD_M20260142308,2026_R23_richmond_v_st_kilda_2026-08-15,did_not_play,,
2026,93,12824,CD_I1009260,Sam Flanders,st_kilda,True,24,Round 24,CD_M20260142407,2026_R24_st_kilda_v_gold_coast_2026-08-20,did_not_play,,
2026,94,13140,CD_I1027704,Joel Freijah,western_bulldogs,True,0,Opening Round,,,played,0,0
2026,94,13140,CD_I1027704,Joel Freijah,western_bulldogs,True,1,Round 1,,,played,0,0
2026,94,13140,CD_I1027704,Joel Freijah,western_bulldogs,True,2,Round 2,CD_M20260140202,2026_R2_adelaide_v_western_bulldogs_2026-03-20,played,3,3
2026,94,13140,CD_I1027704,Joel Freijah,western_bulldogs,True,3,Round 3,,,bye,,
2026,94,13140,CD_I1027704,Joel Freijah,western_bulldogs,True,4,Round 4,,,played,0,0
2026,94,13140,CD_I1027704,Joel Freijah,western_bulldogs,True,5,Round 5,,,played,0,0
2026,94,13140,CD_I1027704,Joel Freijah,western_bulldogs,True,6,Round 6,,,played,0,0
2026,94,13140,CD_I1027704,Joel Freijah,western_bulldogs,True,7,Round 7,,,played,0,0
2026,94,13140,CD_I1027704,Joel Freijah,western_bulldogs,True,8,Round 8,,,played,0,0
2026,94,13140,CD_I1027704,Joel Freijah,western_bulldogs,True,9,Round 9,,,played,0,0
2026,94,13140,CD_I1027704,Joel Freijah,western_bulldogs,True,10,Round 10,,,played,0,0
2026,94,13140,CD_I1027704,Joel Freijah,western_bulldogs,True,11,Round 11,,,played,0,0
2026,94,13140,CD_I1027704,Joel Freijah,western_bulldogs,True,12,Round 12,,,played,0,0
2026,94,13140,CD_I1027704,Joel Freijah,western_bulldogs,True,13,Round 13,,,played,0,0
2026,94,13140,CD_I1027704,Joel Freijah,western_bulldogs,True,14,Round 14,,,played,0,0
2026,94,13140,CD_I1027704,Joel Freijah,western_bulldogs,True,15,Round 15,,,played,0,0
2026,94,13140,CD_I1027704,Joel Freijah,western_bulldogs,True,16,Round 16,,,bye,,
2026,94,13140,CD_I1027704,Joel Freijah,western_bulldogs,True,17,Round 17,,,played,0,0
2026,94,13140,CD_I1027704,Joel Freijah,western_bulldogs,True,18,Round 18,,,played,0,0
2026,94,13140,CD_I1027704,Joel Freijah,western_bulldogs,True,19,Round 19,,,played,0,0
2026,94,13140,CD_I1027704,Joel Freijah,western_bulldogs,True,20,Round 20,CD_M20260142009,2026_R20_western_bulldogs_v_richmond_2026-07-25,played,0,1
2026,94,13140,CD_I1027704,Joel Freijah,western_bulldogs,True,21,Round 21,,,played,0,0
2026,94,13140,CD_I1027704,Joel Freijah,western_bulldogs,True,22,Round 22,,,played,0,0
2026,94,13140,CD_I1027704,Joel Freijah,western_bulldogs,True,23,Round 23,,,played,0,0
2026,94,13140,CD_I1027704,Joel Freijah,western_bulldogs,True,24,Round 24,,,played,0,0
2026,95,13279,CD_I1032042,Phoenix Gothard,greater_western_sydney,True,0,Opening Round,,,played,0,0
2026,95,13279,CD_I1032042,Phoenix Gothard,greater_western_sydney,True,1,Round 1,,,played,0,0
2026,95,13279,CD_I1032042,Phoenix Gothard,greater_western_sydney,True,2,Round 2,,,played,0,0
2026,95,13279,CD_I1032042,Phoenix Gothard,greater_western_sydney,True,3,Round 3,,,played,0,0
2026,95,13279,CD_I1032042,Phoenix Gothard,greater_western_sydney,True,4,Round 4,,,bye,,
2026,95,13279,CD_I1032042,Phoenix Gothard,greater_western_sydney,True,5,Round 5,,,played,0,0
2026,95,13279,CD_I1032042,Phoenix Gothard,greater_western_sydney,True,6,Round 6,,,played,0,0
2026,95,13279,CD_I1032042,Phoenix Gothard,greater_western_sydney,True,7,Round 7,,,played,0,0
2026,95,13279,CD_I1032042,Phoenix Gothard,greater_western_sydney,True,8,Round 8,,,played,0,0
2026,95,13279,CD_I1032042,Phoenix Gothard,greater_western_sydney,True,9,Round 9,,,played,0,0
2026,95,13279,CD_I1032042,Phoenix Gothard,greater_western_sydney,True,10,Round 10,,,played,0,0
2026,95,13279,CD_I1032042,Phoenix Gothard,greater_western_sydney,True,11,Round 11,CD_M20260141108,2026_R11_greater_western_sydney_v_brisbane_lions_2026-05-24,played,3,3
2026,95,13279,CD_I1032042,Phoenix Gothard,greater_western_sydney,True,12,Round 12,,,played,0,0
2026,95,13279,CD_I1032042,Phoenix Gothard,greater_western_sydney,True,13,Round 13,,,bye,,
2026,95,13279,CD_I1032042,Phoenix Gothard,greater_western_sydney,True,14,Round 14,,,played,0,0
2026,95,13279,CD_I1032042,Phoenix Gothard,greater_western_sydney,True,15,Round 15,,,played,0,0
2026,95,13279,CD_I1032042,Phoenix Gothard,greater_western_sydney,True,16,Round 16,,,played,0,0
2026,95,13279,CD_I1032042,Phoenix Gothard,greater_western_sydney,True,17,Round 17,CD_M20260141704,2026_R17_greater_western_sydney_v_fremantle_2026-07-04,did_not_play,,
2026,95,13279,CD_I1032042,Phoenix Gothard,greater_western_sydney,True,18,Round 18,,,played,0,0
2026,95,13279,CD_I1032042,Phoenix Gothard,greater_western_sydney,True,19,Round 19,CD_M20260141902,2026_R19_essendon_v_greater_western_sydney_2026-07-19,did_not_play,,
2026,95,13279,CD_I1032042,Phoenix Gothard,greater_western_sydney,True,20,Round 20,CD_M20260142005,2026_R20_greater_western_sydney_v_sydney_2026-07-25,did_not_play,,
2026,95,13279,CD_I1032042,Phoenix Gothard,greater_western_sydney,True,21,Round 21,CD_M20260142107,2026_R21_port_adelaide_v_greater_western_sydney_2026-08-01,did_not_play,,
2026,95,13279,CD_I1032042,Phoenix Gothard,greater_western_sydney,True,22,Round 22,CD_M20260142204,2026_R22_greater_western_sydney_v_gold_coast_2026-08-09,did_not_play,,
2026,95,13279,CD_I1032042,Phoenix Gothard,greater_western_sydney,True,23,Round 23,CD_M20260142304,2026_R23_greater_western_sydney_v_west_coast_2026-08-16,did_not_play,,
2026,95,13279,CD_I1032042,Phoenix Gothard,greater_western_sydney,True,24,Round 24,CD_M20260142401,2026_R24_adelaide_v_greater_western_sydney_2026-08-22,did_not_play,,
2026,96,12469,CD_I993794,Blake Hardwick,hawthorn,True,0,Opening Round,,,played,0,0
2026,96,12469,CD_I993794,Blake Hardwick,hawthorn,True,1,Round 1,,,played,0,0
2026,96,12469,CD_I993794,Blake Hardwick,hawthorn,True,2,Round 2,,,played,0,0
2026,96,12469,CD_I993794,Blake Hardwick,hawthorn,True,3,Round 3,,,bye,,
2026,96,12469,CD_I993794,Blake Hardwick,hawthorn,True,4,Round 4,,,played,0,0
2026,96,12469,CD_I993794,Blake Hardwick,hawthorn,True,5,Round 5,,,played,0,0
2026,96,12469,CD_I993794,Blake Hardwick,hawthorn,True,6,Round 6,,,played,0,0
2026,96,12469,CD_I993794,Blake Hardwick,hawthorn,True,7,Round 7,,,played,0,0
2026,96,12469,CD_I993794,Blake Hardwick,hawthorn,True,8,Round 8,,,played,0,0
2026,96,12469,CD_I993794,Blake Hardwick,hawthorn,True,9,Round 9,,,played,0,0
2026,96,12469,CD_I993794,Blake Hardwick,hawthorn,True,10,Round 10,,,played,0,0
2026,96,12469,CD_I993794,Blake Hardwick,hawthorn,True,11,Round 11,CD_M20260141101,2026_R11_hawthorn_v_adelaide_2026-05-21,played,3,0
2026,96,12469,CD_I993794,Blake Hardwick,hawthorn,True,12,Round 12,,,played,0,0
2026,96,12469,CD_I993794,Blake Hardwick,hawthorn,True,13,Round 13,,,played,0,0
2026,96,12469,CD_I993794,Blake Hardwick,hawthorn,True,14,Round 14,,,bye,,
2026,96,12469,CD_I993794,Blake Hardwick,hawthorn,True,15,Round 15,,,played,0,0
2026,96,12469,CD_I993794,Blake Hardwick,hawthorn,True,16,Round 16,,,played,0,0
2026,96,12469,CD_I993794,Blake Hardwick,hawthorn,True,17,Round 17,,,played,0,0
2026,96,12469,CD_I993794,Blake Hardwick,hawthorn,True,18,Round 18,CD_M20260141803,2026_R18_carlton_v_hawthorn_2026-07-11,played,0,2
2026,96,12469,CD_I993794,Blake Hardwick,hawthorn,True,19,Round 19,,,played,0,0
2026,96,12469,CD_I993794,Blake Hardwick,hawthorn,True,20,Round 20,,,played,0,0
2026,96,12469,CD_I993794,Blake Hardwick,hawthorn,True,21,Round 21,,,played,0,0
2026,96,12469,CD_I993794,Blake Hardwick,hawthorn,True,22,Round 22,,,played,0,0
2026,96,12469,CD_I993794,Blake Hardwick,hawthorn,True,23,Round 23,,,played,0,0
2026,96,12469,CD_I993794,Blake Hardwick,hawthorn,True,24,Round 24,,,played,0,0
2026,97,12393,CD_I298264,Ed Langdon,melbourne,True,0,Opening Round,,,bye,,
2026,97,12393,CD_I298264,Ed Langdon,melbourne,True,1,Round 1,,,played,0,0
2026,97,12393,CD_I298264,Ed Langdon,melbourne,True,2,Round 2,,,played,0,0
2026,97,12393,CD_I298264,Ed Langdon,melbourne,True,3,Round 3,,,played,0,0
2026,97,12393,CD_I298264,Ed Langdon,melbourne,True,4,Round 4,,,played,0,0
2026,97,12393,CD_I298264,Ed Langdon,melbourne,True,5,Round 5,,,played,0,0
2026,97,12393,CD_I298264,Ed Langdon,melbourne,True,6,Round 6,,,played,0,0
2026,97,12393,CD_I298264,Ed Langdon,melbourne,True,7,Round 7,,,played,0,0
2026,97,12393,CD_I298264,Ed Langdon,melbourne,True,8,Round 8,,,played,0,0
2026,97,12393,CD_I298264,Ed Langdon,melbourne,True,9,Round 9,CD_M20260140908,2026_R9_melbourne_v_west_coast_2026-05-10,played,3,0
2026,97,12393,CD_I298264,Ed Langdon,melbourne,True,10,Round 10,,,played,0,0
2026,97,12393,CD_I298264,Ed Langdon,melbourne,True,11,Round 11,,,played,0,0
2026,97,12393,CD_I298264,Ed Langdon,melbourne,True,12,Round 12,,,played,0,0
2026,97,12393,CD_I298264,Ed Langdon,melbourne,True,13,Round 13,,,played,0,0
2026,97,12393,CD_I298264,Ed Langdon,melbourne,True,14,Round 14,CD_M20260141403,2026_R14_melbourne_v_essendon_2026-06-13,played,0,1
2026,97,12393,CD_I298264,Ed Langdon,melbourne,True,15,Round 15,,,played,0,0
2026,97,12393,CD_I298264,Ed Langdon,melbourne,True,16,Round 16,,,bye,,
2026,97,12393,CD_I298264,Ed Langdon,melbourne,True,17,Round 17,,,played,0,0
2026,97,12393,CD_I298264,Ed Langdon,melbourne,True,18,Round 18,,,played,0,0
2026,97,12393,CD_I298264,Ed Langdon,melbourne,True,19,Round 19,,,played,0,0
2026,97,12393,CD_I298264,Ed Langdon,melbourne,True,20,Round 20,,,played,0,0
2026,97,12393,CD_I298264,Ed Langdon,melbourne,True,21,Round 21,,,played,0,0
2026,97,12393,CD_I298264,Ed Langdon,melbourne,True,22,Round 22,,,played,0,0
2026,97,12393,CD_I298264,Ed Langdon,melbourne,True,23,Round 23,,,played,0,0
2026,97,12393,CD_I298264,Ed Langdon,melbourne,True,24,Round 24,,,played,0,0
2026,98,13184,CD_I1028546,Harvey Langford,melbourne,True,0,Opening Round,,,bye,,
2026,98,13184,CD_I1028546,Harvey Langford,melbourne,True,1,Round 1,,,played,0,0
2026,98,13184,CD_I1028546,Harvey Langford,melbourne,True,2,Round 2,,,played,0,0
2026,98,13184,CD_I1028546,Harvey Langford,melbourne,True,3,Round 3,,,played,0,0
2026,98,13184,CD_I1028546,Harvey Langford,melbourne,True,4,Round 4,,,played,0,0
2026,98,13184,CD_I1028546,Harvey Langford,melbourne,True,5,Round 5,,,played,0,0
2026,98,13184,CD_I1028546,Harvey Langford,melbourne,True,6,Round 6,CD_M20260140608,2026_R6_melbourne_v_brisbane_lions_2026-04-19,played,3,3
2026,98,13184,CD_I1028546,Harvey Langford,melbourne,True,7,Round 7,,,played,0,0
2026,98,13184,CD_I1028546,Harvey Langford,melbourne,True,8,Round 8,,,played,0,0
2026,98,13184,CD_I1028546,Harvey Langford,melbourne,True,9,Round 9,,,played,0,0
2026,98,13184,CD_I1028546,Harvey Langford,melbourne,True,10,Round 10,,,played,0,0
2026,98,13184,CD_I1028546,Harvey Langford,melbourne,True,11,Round 11,,,played,0,0
2026,98,13184,CD_I1028546,Harvey Langford,melbourne,True,12,Round 12,,,played,0,0
2026,98,13184,CD_I1028546,Harvey Langford,melbourne,True,13,Round 13,,,played,0,0
2026,98,13184,CD_I1028546,Harvey Langford,melbourne,True,14,Round 14,,,played,0,0
2026,98,13184,CD_I1028546,Harvey Langford,melbourne,True,15,Round 15,,,played,0,0
2026,98,13184,CD_I1028546,Harvey Langford,melbourne,True,16,Round 16,,,bye,,
2026,98,13184,CD_I1028546,Harvey Langford,melbourne,True,17,Round 17,,,played,0,0
2026,98,13184,CD_I1028546,Harvey Langford,melbourne,True,18,Round 18,,,played,0,0
2026,98,13184,CD_I1028546,Harvey Langford,melbourne,True,19,Round 19,,,played,0,0
2026,98,13184,CD_I1028546,Harvey Langford,melbourne,True,20,Round 20,,,played,0,0
2026,98,13184,CD_I1028546,Harvey Langford,melbourne,True,21,Round 21,,,played,0,0
2026,98,13184,CD_I1028546,Harvey Langford,melbourne,True,22,Round 22,,,played,0,0
2026,98,13184,CD_I1028546,Harvey Langford,melbourne,True,23,Round 23,,,played,0,0
2026,98,13184,CD_I1028546,Harvey Langford,melbourne,True,24,Round 24,,,played,0,0
2026,99,12627,CD_I1008198,Tom McCartin,sydney,True,0,Opening Round,,,played,0,0
2026,99,12627,CD_I1008198,Tom McCartin,sydney,True,1,Round 1,CD_M20260140105,2026_R1_sydney_v_brisbane_lions_2026-03-14,played,3,3
2026,99,12627,CD_I1008198,Tom McCartin,sydney,True,2,Round 2,,,played,0,0
2026,99,12627,CD_I1008198,Tom McCartin,sydney,True,3,Round 3,,,bye,,
2026,99,12627,CD_I1008198,Tom McCartin,sydney,True,4,Round 4,,,played,0,0
2026,99,12627,CD_I1008198,Tom McCartin,sydney,True,5,Round 5,,,played,0,0
2026,99,12627,CD_I1008198,Tom McCartin,sydney,True,6,Round 6,,,played,0,0
2026,99,12627,CD_I1008198,Tom McCartin,sydney,True,7,Round 7,,,played,0,0
2026,99,12627,CD_I1008198,Tom McCartin,sydney,True,8,Round 8,CD_M20260140808,2026_R8_sydney_v_melbourne_2026-05-03,did_not_play,,
2026,99,12627,CD_I1008198,Tom McCartin,sydney,True,9,Round 9,CD_M20260140904,2026_R9_north_melbourne_v_sydney_2026-05-09,did_not_play,,
2026,99,12627,CD_I1008198,Tom McCartin,sydney,True,10,Round 10,,,played,0,0
2026,99,12627,CD_I1008198,Tom McCartin,sydney,True,11,Round 11,,,played,0,0
2026,99,12627,CD_I1008198,Tom McCartin,sydney,True,12,Round 12,,,played,0,0
2026,99,12627,CD_I1008198,Tom McCartin,sydney,True,13,Round 13,,,played,0,0
2026,99,12627,CD_I1008198,Tom McCartin,sydney,True,14,Round 14,CD_M20260141405,2026_R14_port_adelaide_v_sydney_2026-06-13,did_not_play,,
2026,99,12627,CD_I1008198,Tom McCartin,sydney,True,15,Round 15,,,bye,,
2026,99,12627,CD_I1008198,Tom McCartin,sydney,True,16,Round 16,,,played,0,0
2026,99,12627,CD_I1008198,Tom McCartin,sydney,True,17,Round 17,,,played,0,0
2026,99,12627,CD_I1008198,Tom McCartin,sydney,True,18,Round 18,,,played,0,0
2026,99,12627,CD_I1008198,Tom McCartin,sydney,True,19,Round 19,,,played,0,0
2026,99,12627,CD_I1008198,Tom McCartin,sydney,True,20,Round 20,,,played,0,0
2026,99,12627,CD_I1008198,Tom McCartin,sydney,True,21,Round 21,,,played,0,0
2026,99,12627,CD_I1008198,Tom McCartin,sydney,True,22,Round 22,,,played,0,0
2026,99,12627,CD_I1008198,Tom McCartin,sydney,True,23,Round 23,,,played,0,0
2026,99,12627,CD_I1008198,Tom McCartin,sydney,True,24,Round 24,,,played,0,0
2026,100,12711,CD_I1011936,Justin McInerney,sydney,True,0,Opening Round,CD_M20260140001,2026_R0_sydney_v_carlton_2026-03-05,played,3,3
2026,100,12711,CD_I1011936,Justin McInerney,sydney,True,1,Round 1,,,played,0,0
2026,100,12711,CD_I1011936,Justin McInerney,sydney,True,2,Round 2,,,played,0,0
2026,100,12711,CD_I1011936,Justin McInerney,sydney,True,3,Round 3,,,bye,,
2026,100,12711,CD_I1011936,Justin McInerney,sydney,True,4,Round 4,,,played,0,0
2026,100,12711,CD_I1011936,Justin McInerney,sydney,True,5,Round 5,,,played,0,0
2026,100,12711,CD_I1011936,Justin McInerney,sydney,True,6,Round 6,CD_M20260140603,2026_R6_sydney_v_greater_western_sydney_2026-04-17,played,0,1
2026,100,12711,CD_I1011936,Justin McInerney,sydney,True,7,Round 7,,,played,0,0
2026,100,12711,CD_I1011936,Justin McInerney,sydney,True,8,Round 8,,,played,0,0
2026,100,12711,CD_I1011936,Justin McInerney,sydney,True,9,Round 9,,,played,0,0
2026,100,12711,CD_I1011936,Justin McInerney,sydney,True,10,Round 10,,,played,0,0
2026,100,12711,CD_I1011936,Justin McInerney,sydney,True,11,Round 11,,,played,0,0
2026,100,12711,CD_I1011936,Justin McInerney,sydney,True,12,Round 12,,,played,0,0
2026,100,12711,CD_I1011936,Justin McInerney,sydney,True,13,Round 13,,,played,0,0
2026,100,12711,CD_I1011936,Justin McInerney,sydney,True,14,Round 14,CD_M20260141405,2026_R14_port_adelaide_v_sydney_2026-06-13,did_not_play,,
2026,100,12711,CD_I1011936,Justin McInerney,sydney,True,15,Round 15,,,bye,,
2026,100,12711,CD_I1011936,Justin McInerney,sydney,True,16,Round 16,CD_M20260141601,2026_R16_brisbane_lions_v_sydney_2026-06-25,did_not_play,,
2026,100,12711,CD_I1011936,Justin McInerney,sydney,True,17,Round 17,CD_M20260141708,2026_R17_sydney_v_western_bulldogs_2026-07-03,did_not_play,,
2026,100,12711,CD_I1011936,Justin McInerney,sydney,True,18,Round 18,CD_M20260141805,2026_R18_fremantle_v_sydney_2026-07-09,did_not_play,,
2026,100,12711,CD_I1011936,Justin McInerney,sydney,True,19,Round 19,CD_M20260141908,2026_R19_sydney_v_adelaide_2026-07-17,did_not_play,,
2026,100,12711,CD_I1011936,Justin McInerney,sydney,True,20,Round 20,CD_M20260142005,2026_R20_greater_western_sydney_v_sydney_2026-07-25,did_not_play,,
2026,100,12711,CD_I1011936,Justin McInerney,sydney,True,21,Round 21,CD_M20260142109,2026_R21_st_kilda_v_sydney_2026-08-01,did_not_play,,
2026,100,12711,CD_I1011936,Justin McInerney,sydney,True,22,Round 22,CD_M20260142207,2026_R22_sydney_v_port_adelaide_2026-08-08,did_not_play,,
2026,100,12711,CD_I1011936,Justin McInerney,sydney,True,23,Round 23,CD_M20260142302,2026_R23_essendon_v_sydney_2026-08-16,did_not_play,,
2026,100,12711,CD_I1011936,Justin McInerney,sydney,True,24,Round 24,CD_M20260142408,2026_R24_sydney_v_north_melbourne_2026-08-23,did_not_play,,
2026,101,12291,CD_I297504,Daniel McStay,collingwood,True,0,Opening Round,,,played,0,0
2026,101,12291,CD_I297504,Daniel McStay,collingwood,True,1,Round 1,,,played,0,0
2026,101,12291,CD_I297504,Daniel McStay,collingwood,True,2,Round 2,,,bye,,
2026,101,12291,CD_I297504,Daniel McStay,collingwood,True,3,Round 3,,,played,0,0
2026,101,12291,CD_I297504,Daniel McStay,collingwood,True,4,Round 4,,,played,0,0
2026,101,12291,CD_I297504,Daniel McStay,collingwood,True,5,Round 5,,,played,0,0
2026,101,12291,CD_I297504,Daniel McStay,collingwood,True,6,Round 6,,,played,0,0
2026,101,12291,CD_I297504,Daniel McStay,collingwood,True,7,Round 7,,,played,0,0
2026,101,12291,CD_I297504,Daniel McStay,collingwood,True,8,Round 8,,,played,0,0
2026,101,12291,CD_I297504,Daniel McStay,collingwood,True,9,Round 9,,,played,0,0
2026,101,12291,CD_I297504,Daniel McStay,collingwood,True,10,Round 10,,,played,0,0
2026,101,12291,CD_I297504,Daniel McStay,collingwood,True,11,Round 11,,,played,0,0
2026,101,12291,CD_I297504,Daniel McStay,collingwood,True,12,Round 12,,,played,0,0
2026,101,12291,CD_I297504,Daniel McStay,collingwood,True,13,Round 13,,,played,0,0
2026,101,12291,CD_I297504,Daniel McStay,collingwood,True,14,Round 14,,,bye,,
2026,101,12291,CD_I297504,Daniel McStay,collingwood,True,15,Round 15,,,played,0,0
2026,101,12291,CD_I297504,Daniel McStay,collingwood,True,16,Round 16,,,played,0,0
2026,101,12291,CD_I297504,Daniel McStay,collingwood,True,17,Round 17,,,played,0,0
2026,101,12291,CD_I297504,Daniel McStay,collingwood,True,18,Round 18,,,played,0,0
2026,101,12291,CD_I297504,Daniel McStay,collingwood,True,19,Round 19,,,played,0,0
2026,101,12291,CD_I297504,Daniel McStay,collingwood,True,20,Round 20,,,played,0,0
2026,101,12291,CD_I297504,Daniel McStay,collingwood,True,21,Round 21,CD_M20260142102,2026_R21_collingwood_v_geelong_2026-07-30,played,2,2
2026,101,12291,CD_I297504,Daniel McStay,collingwood,True,22,Round 22,CD_M20260142208,2026_R22_west_coast_v_collingwood_2026-08-09,played,1,0
2026,101,12291,CD_I297504,Daniel McStay,collingwood,True,23,Round 23,,,played,0,0
2026,101,12291,CD_I297504,Daniel McStay,collingwood,True,24,Round 24,,,played,0,0
2026,102,12948,CD_I1023272,Mitch Owens,st_kilda,True,0,Opening Round,,,played,0,0
2026,102,12948,CD_I1023272,Mitch Owens,st_kilda,True,1,Round 1,,,played,0,0
2026,102,12948,CD_I1023272,Mitch Owens,st_kilda,True,2,Round 2,,,played,0,0
2026,102,12948,CD_I1023272,Mitch Owens,st_kilda,True,3,Round 3,,,played,0,0
2026,102,12948,CD_I1023272,Mitch Owens,st_kilda,True,4,Round 4,,,bye,,
2026,102,12948,CD_I1023272,Mitch Owens,st_kilda,True,5,Round 5,,,played,0,0
2026,102,12948,CD_I1023272,Mitch Owens,st_kilda,True,6,Round 6,,,played,0,0
2026,102,12948,CD_I1023272,Mitch Owens,st_kilda,True,7,Round 7,,,played,0,0
2026,102,12948,CD_I1023272,Mitch Owens,st_kilda,True,8,Round 8,CD_M20260140807,2026_R8_carlton_v_st_kilda_2026-05-02,played,1,0
2026,102,12948,CD_I1023272,Mitch Owens,st_kilda,True,9,Round 9,,,played,0,0
2026,102,12948,CD_I1023272,Mitch Owens,st_kilda,True,10,Round 10,CD_M20260141008,2026_R10_st_kilda_v_richmond_2026-05-17,did_not_play,,
2026,102,12948,CD_I1023272,Mitch Owens,st_kilda,True,11,Round 11,CD_M20260141103,2026_R11_fremantle_v_st_kilda_2026-05-22,did_not_play,,
2026,102,12948,CD_I1023272,Mitch Owens,st_kilda,True,12,Round 12,CD_M20260141201,2026_R12_st_kilda_v_hawthorn_2026-05-28,did_not_play,,
2026,102,12948,CD_I1023272,Mitch Owens,st_kilda,True,13,Round 13,,,played,0,0
2026,102,12948,CD_I1023272,Mitch Owens,st_kilda,True,14,Round 14,,,played,0,0
2026,102,12948,CD_I1023272,Mitch Owens,st_kilda,True,15,Round 15,,,played,0,0
2026,102,12948,CD_I1023272,Mitch Owens,st_kilda,True,16,Round 16,,,bye,,
2026,102,12948,CD_I1023272,Mitch Owens,st_kilda,True,17,Round 17,,,played,0,0
2026,102,12948,CD_I1023272,Mitch Owens,st_kilda,True,18,Round 18,,,played,0,0
2026,102,12948,CD_I1023272,Mitch Owens,st_kilda,True,19,Round 19,,,played,0,0
2026,102,12948,CD_I1023272,Mitch Owens,st_kilda,True,20,Round 20,,,played,0,0
2026,102,12948,CD_I1023272,Mitch Owens,st_kilda,True,21,Round 21,,,played,0,0
2026,102,12948,CD_I1023272,Mitch Owens,st_kilda,True,22,Round 22,,,played,0,0
2026,102,12948,CD_I1023272,Mitch Owens,st_kilda,True,23,Round 23,CD_M20260142308,2026_R23_richmond_v_st_kilda_2026-08-15,played,2,2
2026,102,12948,CD_I1023272,Mitch Owens,st_kilda,True,24,Round 24,,,played,0,0
2026,103,12412,CD_I996765,Tom Papley,sydney,True,0,Opening Round,,,played,0,0
2026,103,12412,CD_I996765,Tom Papley,sydney,True,1,Round 1,,,played,0,0
2026,103,12412,CD_I996765,Tom Papley,sydney,True,2,Round 2,,,played,0,0
2026,103,12412,CD_I996765,Tom Papley,sydney,True,3,Round 3,,,bye,,
2026,103,12412,CD_I996765,Tom Papley,sydney,True,4,Round 4,,,played,0,0
2026,103,12412,CD_I996765,Tom Papley,sydney,True,5,Round 5,CD_M20260140505,2026_R5_sydney_v_gold_coast_2026-04-11,played,1,1
2026,103,12412,CD_I996765,Tom Papley,sydney,True,6,Round 6,,,played,0,0
2026,103,12412,CD_I996765,Tom Papley,sydney,True,7,Round 7,,,played,0,0
2026,103,12412,CD_I996765,Tom Papley,sydney,True,8,Round 8,,,played,0,0
2026,103,12412,CD_I996765,Tom Papley,sydney,True,9,Round 9,,,played,0,0
2026,103,12412,CD_I996765,Tom Papley,sydney,True,10,Round 10,,,played,0,0
2026,103,12412,CD_I996765,Tom Papley,sydney,True,11,Round 11,,,played,0,0
2026,103,12412,CD_I996765,Tom Papley,sydney,True,12,Round 12,CD_M20260141203,2026_R12_sydney_v_richmond_2026-05-30,did_not_play,,
2026,103,12412,CD_I996765,Tom Papley,sydney,True,13,Round 13,CD_M20260141306,2026_R13_sydney_v_st_kilda_2026-06-07,did_not_play,,
2026,103,12412,CD_I996765,Tom Papley,sydney,True,14,Round 14,CD_M20260141405,2026_R14_port_adelaide_v_sydney_2026-06-13,did_not_play,,
2026,103,12412,CD_I996765,Tom Papley,sydney,True,15,Round 15,,,bye,,
2026,103,12412,CD_I996765,Tom Papley,sydney,True,16,Round 16,CD_M20260141601,2026_R16_brisbane_lions_v_sydney_2026-06-25,did_not_play,,
2026,103,12412,CD_I996765,Tom Papley,sydney,True,17,Round 17,CD_M20260141708,2026_R17_sydney_v_western_bulldogs_2026-07-03,did_not_play,,
2026,103,12412,CD_I996765,Tom Papley,sydney,True,18,Round 18,,,played,0,0
2026,103,12412,CD_I996765,Tom Papley,sydney,True,19,Round 19,CD_M20260141908,2026_R19_sydney_v_adelaide_2026-07-17,played,2,0
2026,103,12412,CD_I996765,Tom Papley,sydney,True,20,Round 20,,,played,0,0
2026,103,12412,CD_I996765,Tom Papley,sydney,True,21,Round 21,,,played,0,0
2026,103,12412,CD_I996765,Tom Papley,sydney,True,22,Round 22,,,played,0,0
2026,103,12412,CD_I996765,Tom Papley,sydney,True,23,Round 23,,,played,0,0
2026,103,12412,CD_I996765,Tom Papley,sydney,True,24,Round 24,,,played,0,0
2026,104,12903,CD_I1005986,Malcolm Rosas,sydney,True,0,Opening Round,,,played,0,0
2026,104,12903,CD_I1005986,Malcolm Rosas,sydney,True,1,Round 1,,,played,0,0
2026,104,12903,CD_I1005986,Malcolm Rosas,sydney,True,2,Round 2,,,played,0,0
2026,104,12903,CD_I1005986,Malcolm Rosas,sydney,True,3,Round 3,,,bye,,
2026,104,12903,CD_I1005986,Malcolm Rosas,sydney,True,4,Round 4,CD_M20260140405,2026_R4_west_coast_v_sydney_2026-04-04,did_not_play,,
2026,104,12903,CD_I1005986,Malcolm Rosas,sydney,True,5,Round 5,,,played,0,0
2026,104,12903,CD_I1005986,Malcolm Rosas,sydney,True,6,Round 6,,,played,0,0
2026,104,12903,CD_I1005986,Malcolm Rosas,sydney,True,7,Round 7,,,played,0,0
2026,104,12903,CD_I1005986,Malcolm Rosas,sydney,True,8,Round 8,CD_M20260140808,2026_R8_sydney_v_melbourne_2026-05-03,played,3,3
2026,104,12903,CD_I1005986,Malcolm Rosas,sydney,True,9,Round 9,,,played,0,0
2026,104,12903,CD_I1005986,Malcolm Rosas,sydney,True,10,Round 10,,,played,0,0
2026,104,12903,CD_I1005986,Malcolm Rosas,sydney,True,11,Round 11,,,played,0,0
2026,104,12903,CD_I1005986,Malcolm Rosas,sydney,True,12,Round 12,CD_M20260141203,2026_R12_sydney_v_richmond_2026-05-30,did_not_play,,
2026,104,12903,CD_I1005986,Malcolm Rosas,sydney,True,13,Round 13,,,played,0,0
2026,104,12903,CD_I1005986,Malcolm Rosas,sydney,True,14,Round 14,,,played,0,0
2026,104,12903,CD_I1005986,Malcolm Rosas,sydney,True,15,Round 15,,,bye,,
2026,104,12903,CD_I1005986,Malcolm Rosas,sydney,True,16,Round 16,,,played,0,0
2026,104,12903,CD_I1005986,Malcolm Rosas,sydney,True,17,Round 17,CD_M20260141708,2026_R17_sydney_v_western_bulldogs_2026-07-03,did_not_play,,
2026,104,12903,CD_I1005986,Malcolm Rosas,sydney,True,18,Round 18,CD_M20260141805,2026_R18_fremantle_v_sydney_2026-07-09,did_not_play,,
2026,104,12903,CD_I1005986,Malcolm Rosas,sydney,True,19,Round 19,,,played,0,0
2026,104,12903,CD_I1005986,Malcolm Rosas,sydney,True,20,Round 20,,,played,0,0
2026,104,12903,CD_I1005986,Malcolm Rosas,sydney,True,21,Round 21,,,played,0,0
2026,104,12903,CD_I1005986,Malcolm Rosas,sydney,True,22,Round 22,CD_M20260142207,2026_R22_sydney_v_port_adelaide_2026-08-08,did_not_play,,
2026,104,12903,CD_I1005986,Malcolm Rosas,sydney,True,23,Round 23,CD_M20260142302,2026_R23_essendon_v_sydney_2026-08-16,did_not_play,,
2026,104,12903,CD_I1005986,Malcolm Rosas,sydney,True,24,Round 24,CD_M20260142408,2026_R24_sydney_v_north_melbourne_2026-08-23,did_not_play,,
2026,105,,CD_I1006133,Jack Ross,richmond,True,0,Opening Round,,,bye,,
2026,105,,CD_I1006133,Jack Ross,richmond,True,1,Round 1,,,played,0,0
2026,105,,CD_I1006133,Jack Ross,richmond,True,2,Round 2,,,played,0,0
2026,105,,CD_I1006133,Jack Ross,richmond,True,3,Round 3,,,played,0,0
2026,105,,CD_I1006133,Jack Ross,richmond,True,4,Round 4,,,played,0,0
2026,105,,CD_I1006133,Jack Ross,richmond,True,5,Round 5,,,played,0,0
2026,105,,CD_I1006133,Jack Ross,richmond,True,6,Round 6,,,played,0,0
2026,105,,CD_I1006133,Jack Ross,richmond,True,7,Round 7,,,played,0,0
2026,105,,CD_I1006133,Jack Ross,richmond,True,8,Round 8,CD_M20260140805,2026_R8_west_coast_v_richmond_2026-05-02,played,2,2
2026,105,,CD_I1006133,Jack Ross,richmond,True,9,Round 9,,,played,0,0
2026,105,,CD_I1006133,Jack Ross,richmond,True,10,Round 10,,,played,0,0
2026,105,,CD_I1006133,Jack Ross,richmond,True,11,Round 11,,,played,0,0
2026,105,,CD_I1006133,Jack Ross,richmond,True,12,Round 12,,,played,0,0
2026,105,,CD_I1006133,Jack Ross,richmond,True,13,Round 13,,,bye,,
2026,105,,CD_I1006133,Jack Ross,richmond,True,14,Round 14,CD_M20260141406,2026_R14_richmond_v_brisbane_lions_2026-06-14,did_not_play,,
2026,105,,CD_I1006133,Jack Ross,richmond,True,15,Round 15,CD_M20260141506,2026_R15_richmond_v_north_melbourne_2026-06-21,did_not_play,,
2026,105,,CD_I1006133,Jack Ross,richmond,True,16,Round 16,,,played,0,0
2026,105,,CD_I1006133,Jack Ross,richmond,True,17,Round 17,,,played,0,0
2026,105,,CD_I1006133,Jack Ross,richmond,True,18,Round 18,CD_M20260141807,2026_R18_melbourne_v_richmond_2026-07-12,did_not_play,,
2026,105,,CD_I1006133,Jack Ross,richmond,True,19,Round 19,CD_M20260141907,2026_R19_richmond_v_hawthorn_2026-07-19,did_not_play,,
2026,105,,CD_I1006133,Jack Ross,richmond,True,20,Round 20,,,played,0,0
2026,105,,CD_I1006133,Jack Ross,richmond,True,21,Round 21,,,played,0,0
2026,105,,CD_I1006133,Jack Ross,richmond,True,22,Round 22,CD_M20260142201,2026_R22_adelaide_v_richmond_2026-08-08,played,1,0
2026,105,,CD_I1006133,Jack Ross,richmond,True,23,Round 23,,,played,0,0
2026,105,,CD_I1006133,Jack Ross,richmond,True,24,Round 24,,,played,0,0
2026,106,12505,CD_I291800,Tom Stewart,geelong,True,0,Opening Round,,,played,0,0
2026,106,12505,CD_I291800,Tom Stewart,geelong,True,1,Round 1,,,played,0,0
2026,106,12505,CD_I291800,Tom Stewart,geelong,True,2,Round 2,,,bye,,
2026,106,12505,CD_I291800,Tom Stewart,geelong,True,3,Round 3,,,played,0,0
2026,106,12505,CD_I291800,Tom Stewart,geelong,True,4,Round 4,,,played,0,0
2026,106,12505,CD_I291800,Tom Stewart,geelong,True,5,Round 5,,,played,0,0
2026,106,12505,CD_I291800,Tom Stewart,geelong,True,6,Round 6,,,played,0,0
2026,106,12505,CD_I291800,Tom Stewart,geelong,True,7,Round 7,,,played,0,0
2026,106,12505,CD_I291800,Tom Stewart,geelong,True,8,Round 8,,,played,0,0
2026,106,12505,CD_I291800,Tom Stewart,geelong,True,9,Round 9,,,played,0,0
2026,106,12505,CD_I291800,Tom Stewart,geelong,True,10,Round 10,CD_M20260141001,2026_R10_brisbane_lions_v_geelong_2026-05-14,played,1,2
2026,106,12505,CD_I291800,Tom Stewart,geelong,True,11,Round 11,,,played,0,0
2026,106,12505,CD_I291800,Tom Stewart,geelong,True,12,Round 12,,,played,0,0
2026,106,12505,CD_I291800,Tom Stewart,geelong,True,13,Round 13,,,played,0,0
2026,106,12505,CD_I291800,Tom Stewart,geelong,True,14,Round 14,CD_M20260141402,2026_R14_geelong_v_gold_coast_2026-06-12,did_not_play,,
2026,106,12505,CD_I291800,Tom Stewart,geelong,True,15,Round 15,CD_M20260141501,2026_R15_fremantle_v_geelong_2026-06-18,did_not_play,,
2026,106,12505,CD_I291800,Tom Stewart,geelong,True,16,Round 16,,,bye,,
2026,106,12505,CD_I291800,Tom Stewart,geelong,True,17,Round 17,,,played,0,0
2026,106,12505,CD_I291800,Tom Stewart,geelong,True,18,Round 18,,,played,0,0
2026,106,12505,CD_I291800,Tom Stewart,geelong,True,19,Round 19,,,played,0,0
2026,106,12505,CD_I291800,Tom Stewart,geelong,True,20,Round 20,CD_M20260142008,2026_R20_melbourne_v_geelong_2026-07-24,played,2,0
2026,106,12505,CD_I291800,Tom Stewart,geelong,True,21,Round 21,,,played,0,0
2026,106,12505,CD_I291800,Tom Stewart,geelong,True,22,Round 22,,,played,0,0
2026,106,12505,CD_I291800,Tom Stewart,geelong,True,23,Round 23,,,played,0,0
2026,106,12505,CD_I291800,Tom Stewart,geelong,True,24,Round 24,,,played,0,0
2026,107,12955,CD_I1017110,Josh Ward,hawthorn,True,0,Opening Round,,,played,0,0
2026,107,12955,CD_I1017110,Josh Ward,hawthorn,True,1,Round 1,,,played,0,0
2026,107,12955,CD_I1017110,Josh Ward,hawthorn,True,2,Round 2,,,played,0,0
2026,107,12955,CD_I1017110,Josh Ward,hawthorn,True,3,Round 3,,,bye,,
2026,107,12955,CD_I1017110,Josh Ward,hawthorn,True,4,Round 4,CD_M20260140408,2026_R4_hawthorn_v_geelong_2026-04-06,played,2,0
2026,107,12955,CD_I1017110,Josh Ward,hawthorn,True,5,Round 5,,,played,0,0
2026,107,12955,CD_I1017110,Josh Ward,hawthorn,True,6,Round 6,,,played,0,0
2026,107,12955,CD_I1017110,Josh Ward,hawthorn,True,7,Round 7,,,played,0,0
2026,107,12955,CD_I1017110,Josh Ward,hawthorn,True,8,Round 8,,,played,0,0
2026,107,12955,CD_I1017110,Josh Ward,hawthorn,True,9,Round 9,,,played,0,0
2026,107,12955,CD_I1017110,Josh Ward,hawthorn,True,10,Round 10,,,played,0,0
2026,107,12955,CD_I1017110,Josh Ward,hawthorn,True,11,Round 11,,,played,0,0
2026,107,12955,CD_I1017110,Josh Ward,hawthorn,True,12,Round 12,,,played,0,0
2026,107,12955,CD_I1017110,Josh Ward,hawthorn,True,13,Round 13,,,played,0,0
2026,107,12955,CD_I1017110,Josh Ward,hawthorn,True,14,Round 14,,,bye,,
2026,107,12955,CD_I1017110,Josh Ward,hawthorn,True,15,Round 15,,,played,0,0
2026,107,12955,CD_I1017110,Josh Ward,hawthorn,True,16,Round 16,,,played,0,0
2026,107,12955,CD_I1017110,Josh Ward,hawthorn,True,17,Round 17,CD_M20260141705,2026_R17_hawthorn_v_melbourne_2026-07-04,played,0,1
2026,107,12955,CD_I1017110,Josh Ward,hawthorn,True,18,Round 18,,,played,0,0
2026,107,12955,CD_I1017110,Josh Ward,hawthorn,True,19,Round 19,,,played,0,0
2026,107,12955,CD_I1017110,Josh Ward,hawthorn,True,20,Round 20,CD_M20260142006,2026_R20_hawthorn_v_essendon_2026-07-25,played,1,1
2026,107,12955,CD_I1017110,Josh Ward,hawthorn,True,21,Round 21,,,played,0,0
2026,107,12955,CD_I1017110,Josh Ward,hawthorn,True,22,Round 22,,,played,0,0
2026,107,12955,CD_I1017110,Josh Ward,hawthorn,True,23,Round 23,CD_M20260142305,2026_R23_hawthorn_v_collingwood_2026-08-15,played,0,1
2026,107,12955,CD_I1017110,Josh Ward,hawthorn,True,24,Round 24,CD_M20260142409,2026_R24_west_coast_v_hawthorn_2026-08-23,played,0,2
2026,108,13026,CD_I1017067,Darcy Wilmot,brisbane_lions,True,0,Opening Round,,,played,0,0
2026,108,13026,CD_I1017067,Darcy Wilmot,brisbane_lions,True,1,Round 1,,,played,0,0
2026,108,13026,CD_I1017067,Darcy Wilmot,brisbane_lions,True,2,Round 2,,,bye,,
2026,108,13026,CD_I1017067,Darcy Wilmot,brisbane_lions,True,3,Round 3,,,played,0,0
2026,108,13026,CD_I1017067,Darcy Wilmot,brisbane_lions,True,4,Round 4,,,played,0,0
2026,108,13026,CD_I1017067,Darcy Wilmot,brisbane_lions,True,5,Round 5,,,played,0,0
2026,108,13026,CD_I1017067,Darcy Wilmot,brisbane_lions,True,6,Round 6,,,played,0,0
2026,108,13026,CD_I1017067,Darcy Wilmot,brisbane_lions,True,7,Round 7,,,played,0,0
2026,108,13026,CD_I1017067,Darcy Wilmot,brisbane_lions,True,8,Round 8,CD_M20260140804,2026_R8_essendon_v_brisbane_lions_2026-05-02,played,3,2
2026,108,13026,CD_I1017067,Darcy Wilmot,brisbane_lions,True,9,Round 9,,,played,0,0
2026,108,13026,CD_I1017067,Darcy Wilmot,brisbane_lions,True,10,Round 10,,,played,0,0
2026,108,13026,CD_I1017067,Darcy Wilmot,brisbane_lions,True,11,Round 11,,,played,0,0
2026,108,13026,CD_I1017067,Darcy Wilmot,brisbane_lions,True,12,Round 12,CD_M20260141204,2026_R12_brisbane_lions_v_fremantle_2026-05-30,played,0,1
2026,108,13026,CD_I1017067,Darcy Wilmot,brisbane_lions,True,13,Round 13,CD_M20260141304,2026_R13_gold_coast_v_brisbane_lions_2026-06-06,played,0,1
2026,108,13026,CD_I1017067,Darcy Wilmot,brisbane_lions,True,14,Round 14,,,played,0,0
2026,108,13026,CD_I1017067,Darcy Wilmot,brisbane_lions,True,15,Round 15,,,bye,,
2026,108,13026,CD_I1017067,Darcy Wilmot,brisbane_lions,True,16,Round 16,,,played,0,0
2026,108,13026,CD_I1017067,Darcy Wilmot,brisbane_lions,True,17,Round 17,,,played,0,0
2026,108,13026,CD_I1017067,Darcy Wilmot,brisbane_lions,True,18,Round 18,,,played,0,0
2026,108,13026,CD_I1017067,Darcy Wilmot,brisbane_lions,True,19,Round 19,,,played,0,0
2026,108,13026,CD_I1017067,Darcy Wilmot,brisbane_lions,True,20,Round 20,,,played,0,0
2026,108,13026,CD_I1017067,Darcy Wilmot,brisbane_lions,True,21,Round 21,,,played,0,0
2026,108,13026,CD_I1017067,Darcy Wilmot,brisbane_lions,True,22,Round 22,,,played,0,0
2026,108,13026,CD_I1017067,Darcy Wilmot,brisbane_lions,True,23,Round 23,,,played,0,0
2026,108,13026,CD_I1017067,Darcy Wilmot,brisbane_lions,True,24,Round 24,,,played,0,0
2026,109,12332,CD_I297566,James Sicily,hawthorn,False,0,Opening Round,,,played,0,0
2026,109,12332,CD_I297566,James Sicily,hawthorn,False,1,Round 1,,,played,0,0
2026,109,12332,CD_I297566,James Sicily,hawthorn,False,2,Round 2,,,played,0,0
2026,109,12332,CD_I297566,James Sicily,hawthorn,False,3,Round 3,,,bye,,
2026,109,12332,CD_I297566,James Sicily,hawthorn,False,4,Round 4,,,played,0,0
2026,109,12332,CD_I297566,James Sicily,hawthorn,False,5,Round 5,,,played,0,0
2026,109,12332,CD_I297566,James Sicily,hawthorn,False,6,Round 6,,,played,0,0
2026,109,12332,CD_I297566,James Sicily,hawthorn,False,7,Round 7,CD_M20260140703,2026_R7_hawthorn_v_gold_coast_2026-04-25,did_not_play,,
2026,109,12332,CD_I297566,James Sicily,hawthorn,False,8,Round 8,,,played,0,0
2026,109,12332,CD_I297566,James Sicily,hawthorn,False,9,Round 9,,,played,0,0
2026,109,12332,CD_I297566,James Sicily,hawthorn,False,10,Round 10,,,played,0,0
2026,109,12332,CD_I297566,James Sicily,hawthorn,False,11,Round 11,,,played,0,0
2026,109,12332,CD_I297566,James Sicily,hawthorn,False,12,Round 12,CD_M20260141201,2026_R12_st_kilda_v_hawthorn_2026-05-28,played,3,1
2026,109,12332,CD_I297566,James Sicily,hawthorn,False,13,Round 13,,,played,0,0
2026,109,12332,CD_I297566,James Sicily,hawthorn,False,14,Round 14,,,bye,,
2026,109,12332,CD_I297566,James Sicily,hawthorn,False,15,Round 15,,,played,0,0
2026,109,12332,CD_I297566,James Sicily,hawthorn,False,16,Round 16,,,played,0,0
2026,109,12332,CD_I297566,James Sicily,hawthorn,False,17,Round 17,,,played,0,0
2026,109,12332,CD_I297566,James Sicily,hawthorn,False,18,Round 18,,,played,0,0
2026,109,12332,CD_I297566,James Sicily,hawthorn,False,19,Round 19,,,played,0,0
2026,109,12332,CD_I297566,James Sicily,hawthorn,False,20,Round 20,,,played,0,0
2026,109,12332,CD_I297566,James Sicily,hawthorn,False,21,Round 21,,,played,0,0
2026,109,12332,CD_I297566,James Sicily,hawthorn,False,22,Round 22,,,played,0,0
2026,109,12332,CD_I297566,James Sicily,hawthorn,False,23,Round 23,,,played,0,0
2026,109,12332,CD_I297566,James Sicily,hawthorn,False,24,Round 24,,,played,0,0
2026,110,11713,CD_I280506,Taylor Walker,adelaide,False,0,Opening Round,,,bye,,
2026,110,11713,CD_I280506,Taylor Walker,adelaide,False,1,Round 1,,,played,0,0
2026,110,11713,CD_I280506,Taylor Walker,adelaide,False,2,Round 2,,,played,0,0
2026,110,11713,CD_I280506,Taylor Walker,adelaide,False,3,Round 3,CD_M20260140301,2026_R3_geelong_v_adelaide_2026-03-26,did_not_play,,
2026,110,11713,CD_I280506,Taylor Walker,adelaide,False,4,Round 4,,,played,0,0
2026,110,11713,CD_I280506,Taylor Walker,adelaide,False,5,Round 5,,,played,0,0
2026,110,11713,CD_I280506,Taylor Walker,adelaide,False,6,Round 6,CD_M20260140606,2026_R6_adelaide_v_st_kilda_2026-04-18,played,2,0
2026,110,11713,CD_I280506,Taylor Walker,adelaide,False,7,Round 7,,,played,0,0
2026,110,11713,CD_I280506,Taylor Walker,adelaide,False,8,Round 8,,,played,0,0
2026,110,11713,CD_I280506,Taylor Walker,adelaide,False,9,Round 9,CD_M20260140909,2026_R9_richmond_v_adelaide_2026-05-10,did_not_play,,
2026,110,11713,CD_I280506,Taylor Walker,adelaide,False,10,Round 10,CD_M20260141004,2026_R10_adelaide_v_north_melbourne_2026-05-16,did_not_play,,
2026,110,11713,CD_I280506,Taylor Walker,adelaide,False,11,Round 11,CD_M20260141101,2026_R11_hawthorn_v_adelaide_2026-05-21,did_not_play,,
2026,110,11713,CD_I280506,Taylor Walker,adelaide,False,12,Round 12,,,bye,,
2026,110,11713,CD_I280506,Taylor Walker,adelaide,False,13,Round 13,,,played,0,0
2026,110,11713,CD_I280506,Taylor Walker,adelaide,False,14,Round 14,CD_M20260141401,2026_R14_western_bulldogs_v_adelaide_2026-06-11,did_not_play,,
2026,110,11713,CD_I280506,Taylor Walker,adelaide,False,15,Round 15,,,played,0,0
2026,110,11713,CD_I280506,Taylor Walker,adelaide,False,16,Round 16,,,played,0,0
2026,110,11713,CD_I280506,Taylor Walker,adelaide,False,17,Round 17,,,played,0,0
2026,110,11713,CD_I280506,Taylor Walker,adelaide,False,18,Round 18,,,played,0,0
2026,110,11713,CD_I280506,Taylor Walker,adelaide,False,19,Round 19,CD_M20260141908,2026_R19_sydney_v_adelaide_2026-07-17,did_not_play,,
2026,110,11713,CD_I280506,Taylor Walker,adelaide,False,20,Round 20,,,played,0,0
2026,110,11713,CD_I280506,Taylor Walker,adelaide,False,21,Round 21,,,played,0,0
2026,110,11713,CD_I280506,Taylor Walker,adelaide,False,22,Round 22,,,played,0,0
2026,110,11713,CD_I280506,Taylor Walker,adelaide,False,23,Round 23,CD_M20260142303,2026_R23_fremantle_v_adelaide_2026-08-14,did_not_play,,
2026,110,11713,CD_I280506,Taylor Walker,adelaide,False,24,Round 24,CD_M20260142401,2026_R24_adelaide_v_greater_western_sydney_2026-08-22,played,1,2
2026,111,12788,CD_I1004965,Tristan Xerri,north_melbourne,False,0,Opening Round,,,bye,,
2026,111,12788,CD_I1004965,Tristan Xerri,north_melbourne,False,1,Round 1,,,played,0,0
2026,111,12788,CD_I1004965,Tristan Xerri,north_melbourne,False,2,Round 2,,,played,0,0
2026,111,12788,CD_I1004965,Tristan Xerri,north_melbourne,False,3,Round 3,,,played,0,0
2026,111,12788,CD_I1004965,Tristan Xerri,north_melbourne,False,4,Round 4,CD_M20260140402,2026_R4_north_melbourne_v_carlton_2026-04-03,did_not_play,,
2026,111,12788,CD_I1004965,Tristan Xerri,north_melbourne,False,5,Round 5,CD_M20260140503,2026_R5_north_melbourne_v_brisbane_lions_2026-04-11,did_not_play,,
2026,111,12788,CD_I1004965,Tristan Xerri,north_melbourne,False,6,Round 6,CD_M20260140607,2026_R6_north_melbourne_v_richmond_2026-04-19,did_not_play,,
2026,111,12788,CD_I1004965,Tristan Xerri,north_melbourne,False,7,Round 7,CD_M20260140709,2026_R7_greater_western_sydney_v_north_melbourne_2026-04-26,played,0,2
2026,111,12788,CD_I1004965,Tristan Xerri,north_melbourne,False,8,Round 8,CD_M20260140806,2026_R8_geelong_v_north_melbourne_2026-05-02,played,2,1
2026,111,12788,CD_I1004965,Tristan Xerri,north_melbourne,False,9,Round 9,,,played,0,0
2026,111,12788,CD_I1004965,Tristan Xerri,north_melbourne,False,10,Round 10,,,played,0,0
2026,111,12788,CD_I1004965,Tristan Xerri,north_melbourne,False,11,Round 11,,,played,0,0
2026,111,12788,CD_I1004965,Tristan Xerri,north_melbourne,False,12,Round 12,,,bye,,
2026,111,12788,CD_I1004965,Tristan Xerri,north_melbourne,False,13,Round 13,,,played,0,0
2026,111,12788,CD_I1004965,Tristan Xerri,north_melbourne,False,14,Round 14,,,played,0,0
2026,111,12788,CD_I1004965,Tristan Xerri,north_melbourne,False,15,Round 15,,,played,0,0
2026,111,12788,CD_I1004965,Tristan Xerri,north_melbourne,False,16,Round 16,CD_M20260141606,2026_R16_north_melbourne_v_essendon_2026-06-28,did_not_play,,
2026,111,12788,CD_I1004965,Tristan Xerri,north_melbourne,False,17,Round 17,,,played,0,0
2026,111,12788,CD_I1004965,Tristan Xerri,north_melbourne,False,18,Round 18,CD_M20260141804,2026_R18_collingwood_v_north_melbourne_2026-07-10,played,1,0
2026,111,12788,CD_I1004965,Tristan Xerri,north_melbourne,False,19,Round 19,,,played,0,0
2026,111,12788,CD_I1004965,Tristan Xerri,north_melbourne,False,20,Round 20,,,played,0,0
2026,111,12788,CD_I1004965,Tristan Xerri,north_melbourne,False,21,Round 21,,,played,0,0
2026,111,12788,CD_I1004965,Tristan Xerri,north_melbourne,False,22,Round 22,,,played,0,0
2026,111,12788,CD_I1004965,Tristan Xerri,north_melbourne,False,23,Round 23,,,played,0,0
2026,111,12788,CD_I1004965,Tristan Xerri,north_melbourne,False,24,Round 24,,,played,0,0
2026,112,12498,CD_I998130,Ben Ainsworth,carlton,True,0,Opening Round,,,played,0,0
2026,112,12498,CD_I998130,Ben Ainsworth,carlton,True,1,Round 1,,,played,0,0
2026,112,12498,CD_I998130,Ben Ainsworth,carlton,True,2,Round 2,,,bye,,
2026,112,12498,CD_I998130,Ben Ainsworth,carlton,True,3,Round 3,,,played,0,0
2026,112,12498,CD_I998130,Ben Ainsworth,carlton,True,4,Round 4,,,played,0,0
2026,112,12498,CD_I998130,Ben Ainsworth,carlton,True,5,Round 5,,,played,0,0
2026,112,12498,CD_I998130,Ben Ainsworth,carlton,True,6,Round 6,,,played,0,0
2026,112,12498,CD_I998130,Ben Ainsworth,carlton,True,7,Round 7,,,played,0,0
2026,112,12498,CD_I998130,Ben Ainsworth,carlton,True,8,Round 8,,,played,0,0
2026,112,12498,CD_I998130,Ben Ainsworth,carlton,True,9,Round 9,,,played,0,0
2026,112,12498,CD_I998130,Ben Ainsworth,carlton,True,10,Round 10,,,played,0,0
2026,112,12498,CD_I998130,Ben Ainsworth,carlton,True,11,Round 11,,,played,0,0
2026,112,12498,CD_I998130,Ben Ainsworth,carlton,True,12,Round 12,,,played,0,0
2026,112,12498,CD_I998130,Ben Ainsworth,carlton,True,13,Round 13,,,played,0,0
2026,112,12498,CD_I998130,Ben Ainsworth,carlton,True,14,Round 14,,,bye,,
2026,112,12498,CD_I998130,Ben Ainsworth,carlton,True,15,Round 15,,,played,0,0
2026,112,12498,CD_I998130,Ben Ainsworth,carlton,True,16,Round 16,,,played,0,0
2026,112,12498,CD_I998130,Ben Ainsworth,carlton,True,17,Round 17,,,played,0,0
2026,112,12498,CD_I998130,Ben Ainsworth,carlton,True,18,Round 18,,,played,0,0
2026,112,12498,CD_I998130,Ben Ainsworth,carlton,True,19,Round 19,,,played,0,0
2026,112,12498,CD_I998130,Ben Ainsworth,carlton,True,20,Round 20,,,played,0,0
2026,112,12498,CD_I998130,Ben Ainsworth,carlton,True,21,Round 21,,,played,0,0
2026,112,12498,CD_I998130,Ben Ainsworth,carlton,True,22,Round 22,,,played,0,0
2026,112,12498,CD_I998130,Ben Ainsworth,carlton,True,23,Round 23,,,played,0,0
2026,112,12498,CD_I998130,Ben Ainsworth,carlton,True,24,Round 24,CD_M20260142403,2026_R24_carlton_v_fremantle_2026-08-22,played,2,0
2026,113,12690,CD_I994386,Tom Atkins,geelong,True,0,Opening Round,,,played,0,0
2026,113,12690,CD_I994386,Tom Atkins,geelong,True,1,Round 1,,,played,0,0
2026,113,12690,CD_I994386,Tom Atkins,geelong,True,2,Round 2,,,bye,,
2026,113,12690,CD_I994386,Tom Atkins,geelong,True,3,Round 3,,,played,0,0
2026,113,12690,CD_I994386,Tom Atkins,geelong,True,4,Round 4,,,played,0,0
2026,113,12690,CD_I994386,Tom Atkins,geelong,True,5,Round 5,CD_M20260140507,2026_R5_geelong_v_west_coast_2026-04-12,played,1,0
2026,113,12690,CD_I994386,Tom Atkins,geelong,True,6,Round 6,,,played,0,0
2026,113,12690,CD_I994386,Tom Atkins,geelong,True,7,Round 7,,,played,0,0
2026,113,12690,CD_I994386,Tom Atkins,geelong,True,8,Round 8,,,played,0,0
2026,113,12690,CD_I994386,Tom Atkins,geelong,True,9,Round 9,,,played,0,0
2026,113,12690,CD_I994386,Tom Atkins,geelong,True,10,Round 10,,,played,0,0
2026,113,12690,CD_I994386,Tom Atkins,geelong,True,11,Round 11,,,played,0,0
2026,113,12690,CD_I994386,Tom Atkins,geelong,True,12,Round 12,,,played,0,0
2026,113,12690,CD_I994386,Tom Atkins,geelong,True,13,Round 13,,,played,0,0
2026,113,12690,CD_I994386,Tom Atkins,geelong,True,14,Round 14,,,played,0,0
2026,113,12690,CD_I994386,Tom Atkins,geelong,True,15,Round 15,,,played,0,0
2026,113,12690,CD_I994386,Tom Atkins,geelong,True,16,Round 16,,,bye,,
2026,113,12690,CD_I994386,Tom Atkins,geelong,True,17,Round 17,,,played,0,0
2026,113,12690,CD_I994386,Tom Atkins,geelong,True,18,Round 18,,,played,0,0
2026,113,12690,CD_I994386,Tom Atkins,geelong,True,19,Round 19,,,played,0,0
2026,113,12690,CD_I994386,Tom Atkins,geelong,True,20,Round 20,CD_M20260142008,2026_R20_melbourne_v_geelong_2026-07-24,played,1,0
2026,113,12690,CD_I994386,Tom Atkins,geelong,True,21,Round 21,,,played,0,0
2026,113,12690,CD_I994386,Tom Atkins,geelong,True,22,Round 22,,,played,0,0
2026,113,12690,CD_I994386,Tom Atkins,geelong,True,23,Round 23,,,played,0,0
2026,113,12690,CD_I994386,Tom Atkins,geelong,True,24,Round 24,,,played,0,0
2026,114,13195,CD_I1008224,Riley Bice,sydney,True,0,Opening Round,,,played,0,0
2026,114,13195,CD_I1008224,Riley Bice,sydney,True,1,Round 1,CD_M20260140105,2026_R1_sydney_v_brisbane_lions_2026-03-14,played,2,2
2026,114,13195,CD_I1008224,Riley Bice,sydney,True,2,Round 2,,,played,0,0
2026,114,13195,CD_I1008224,Riley Bice,sydney,True,3,Round 3,,,bye,,
2026,114,13195,CD_I1008224,Riley Bice,sydney,True,4,Round 4,,,played,0,0
2026,114,13195,CD_I1008224,Riley Bice,sydney,True,5,Round 5,,,played,0,0
2026,114,13195,CD_I1008224,Riley Bice,sydney,True,6,Round 6,,,played,0,0
2026,114,13195,CD_I1008224,Riley Bice,sydney,True,7,Round 7,,,played,0,0
2026,114,13195,CD_I1008224,Riley Bice,sydney,True,8,Round 8,,,played,0,0
2026,114,13195,CD_I1008224,Riley Bice,sydney,True,9,Round 9,,,played,0,0
2026,114,13195,CD_I1008224,Riley Bice,sydney,True,10,Round 10,,,played,0,0
2026,114,13195,CD_I1008224,Riley Bice,sydney,True,11,Round 11,,,played,0,0
2026,114,13195,CD_I1008224,Riley Bice,sydney,True,12,Round 12,,,played,0,0
2026,114,13195,CD_I1008224,Riley Bice,sydney,True,13,Round 13,,,played,0,0
2026,114,13195,CD_I1008224,Riley Bice,sydney,True,14,Round 14,,,played,0,0
2026,114,13195,CD_I1008224,Riley Bice,sydney,True,15,Round 15,,,bye,,
2026,114,13195,CD_I1008224,Riley Bice,sydney,True,16,Round 16,,,played,0,0
2026,114,13195,CD_I1008224,Riley Bice,sydney,True,17,Round 17,CD_M20260141708,2026_R17_sydney_v_western_bulldogs_2026-07-03,did_not_play,,
2026,114,13195,CD_I1008224,Riley Bice,sydney,True,18,Round 18,CD_M20260141805,2026_R18_fremantle_v_sydney_2026-07-09,did_not_play,,
2026,114,13195,CD_I1008224,Riley Bice,sydney,True,19,Round 19,,,played,0,0
2026,114,13195,CD_I1008224,Riley Bice,sydney,True,20,Round 20,,,played,0,0
2026,114,13195,CD_I1008224,Riley Bice,sydney,True,21,Round 21,,,played,0,0
2026,114,13195,CD_I1008224,Riley Bice,sydney,True,22,Round 22,,,played,0,0
2026,114,13195,CD_I1008224,Riley Bice,sydney,True,23,Round 23,,,played,0,0
2026,114,13195,CD_I1008224,Riley Bice,sydney,True,24,Round 24,CD_M20260142408,2026_R24_sydney_v_north_melbourne_2026-08-23,did_not_play,,
2026,115,12028,CD_I291969,Stephen Coniglio,greater_western_sydney,True,0,Opening Round,,,played,0,0
2026,115,12028,CD_I291969,Stephen Coniglio,greater_western_sydney,True,1,Round 1,,,played,0,0
2026,115,12028,CD_I291969,Stephen Coniglio,greater_western_sydney,True,2,Round 2,,,played,0,0
2026,115,12028,CD_I291969,Stephen Coniglio,greater_western_sydney,True,3,Round 3,,,played,0,0
2026,115,12028,CD_I291969,Stephen Coniglio,greater_western_sydney,True,4,Round 4,,,bye,,
2026,115,12028,CD_I291969,Stephen Coniglio,greater_western_sydney,True,5,Round 5,,,played,0,0
2026,115,12028,CD_I291969,Stephen Coniglio,greater_western_sydney,True,6,Round 6,CD_M20260140603,2026_R6_sydney_v_greater_western_sydney_2026-04-17,did_not_play,,
2026,115,12028,CD_I291969,Stephen Coniglio,greater_western_sydney,True,7,Round 7,,,played,0,0
2026,115,12028,CD_I291969,Stephen Coniglio,greater_western_sydney,True,8,Round 8,,,played,0,0
2026,115,12028,CD_I291969,Stephen Coniglio,greater_western_sydney,True,9,Round 9,,,played,0,0
2026,115,12028,CD_I291969,Stephen Coniglio,greater_western_sydney,True,10,Round 10,,,played,0,0
2026,115,12028,CD_I291969,Stephen Coniglio,greater_western_sydney,True,11,Round 11,,,played,0,0
2026,115,12028,CD_I291969,Stephen Coniglio,greater_western_sydney,True,12,Round 12,,,played,0,0
2026,115,12028,CD_I291969,Stephen Coniglio,greater_western_sydney,True,13,Round 13,,,bye,,
2026,115,12028,CD_I291969,Stephen Coniglio,greater_western_sydney,True,14,Round 14,CD_M20260141407,2026_R14_st_kilda_v_greater_western_sydney_2026-06-14,did_not_play,,
2026,115,12028,CD_I291969,Stephen Coniglio,greater_western_sydney,True,15,Round 15,,,played,0,0
2026,115,12028,CD_I291969,Stephen Coniglio,greater_western_sydney,True,16,Round 16,,,played,0,0
2026,115,12028,CD_I291969,Stephen Coniglio,greater_western_sydney,True,17,Round 17,,,played,0,0
2026,115,12028,CD_I291969,Stephen Coniglio,greater_western_sydney,True,18,Round 18,,,played,0,0
2026,115,12028,CD_I291969,Stephen Coniglio,greater_western_sydney,True,19,Round 19,,,played,0,0
2026,115,12028,CD_I291969,Stephen Coniglio,greater_western_sydney,True,20,Round 20,,,played,0,0
2026,115,12028,CD_I291969,Stephen Coniglio,greater_western_sydney,True,21,Round 21,CD_M20260142107,2026_R21_port_adelaide_v_greater_western_sydney_2026-08-01,played,2,1
2026,115,12028,CD_I291969,Stephen Coniglio,greater_western_sydney,True,22,Round 22,,,played,0,0
2026,115,12028,CD_I291969,Stephen Coniglio,greater_western_sydney,True,23,Round 23,,,played,0,0
2026,115,12028,CD_I291969,Stephen Coniglio,greater_western_sydney,True,24,Round 24,,,played,0,0
2026,116,12573,CD_I1005054,Josh Daicos,collingwood,True,0,Opening Round,CD_M20260140005,2026_R0_st_kilda_v_collingwood_2026-03-08,played,0,2
2026,116,12573,CD_I1005054,Josh Daicos,collingwood,True,1,Round 1,,,played,0,0
2026,116,12573,CD_I1005054,Josh Daicos,collingwood,True,2,Round 2,,,bye,,
2026,116,12573,CD_I1005054,Josh Daicos,collingwood,True,3,Round 3,,,played,0,0
2026,116,12573,CD_I1005054,Josh Daicos,collingwood,True,4,Round 4,,,played,0,0
2026,116,12573,CD_I1005054,Josh Daicos,collingwood,True,5,Round 5,,,played,0,0
2026,116,12573,CD_I1005054,Josh Daicos,collingwood,True,6,Round 6,,,played,0,0
2026,116,12573,CD_I1005054,Josh Daicos,collingwood,True,7,Round 7,,,played,0,0
2026,116,12573,CD_I1005054,Josh Daicos,collingwood,True,8,Round 8,,,played,0,0
2026,116,12573,CD_I1005054,Josh Daicos,collingwood,True,9,Round 9,,,played,0,0
2026,116,12573,CD_I1005054,Josh Daicos,collingwood,True,10,Round 10,,,played,0,0
2026,116,12573,CD_I1005054,Josh Daicos,collingwood,True,11,Round 11,,,played,0,0
2026,116,12573,CD_I1005054,Josh Daicos,collingwood,True,12,Round 12,,,played,0,0
2026,116,12573,CD_I1005054,Josh Daicos,collingwood,True,13,Round 13,CD_M20260141308,2026_R13_collingwood_v_melbourne_2026-06-08,played,0,1
2026,116,12573,CD_I1005054,Josh Daicos,collingwood,True,14,Round 14,,,bye,,
2026,116,12573,CD_I1005054,Josh Daicos,collingwood,True,15,Round 15,,,played,0,0
2026,116,12573,CD_I1005054,Josh Daicos,collingwood,True,16,Round 16,,,played,0,0
2026,116,12573,CD_I1005054,Josh Daicos,collingwood,True,17,Round 17,,,played,0,0
2026,116,12573,CD_I1005054,Josh Daicos,collingwood,True,18,Round 18,CD_M20260141804,2026_R18_collingwood_v_north_melbourne_2026-07-10,played,2,3
2026,116,12573,CD_I1005054,Josh Daicos,collingwood,True,19,Round 19,,,played,0,0
2026,116,12573,CD_I1005054,Josh Daicos,collingwood,True,20,Round 20,,,played,0,0
2026,116,12573,CD_I1005054,Josh Daicos,collingwood,True,21,Round 21,,,played,0,0
2026,116,12573,CD_I1005054,Josh Daicos,collingwood,True,22,Round 22,CD_M20260142208,2026_R22_west_coast_v_collingwood_2026-08-09,played,0,1
2026,116,12573,CD_I1005054,Josh Daicos,collingwood,True,23,Round 23,CD_M20260142305,2026_R23_hawthorn_v_collingwood_2026-08-15,played,0,2
2026,116,12573,CD_I1005054,Josh Daicos,collingwood,True,24,Round 24,,,played,0,0
2026,117,12497,CD_I998103,Oliver Florent,carlton,True,0,Opening Round,,,played,0,0
2026,117,12497,CD_I998103,Oliver Florent,carlton,True,1,Round 1,,,played,0,0
2026,117,12497,CD_I998103,Oliver Florent,carlton,True,2,Round 2,,,bye,,
2026,117,12497,CD_I998103,Oliver Florent,carlton,True,3,Round 3,,,played,0,0
2026,117,12497,CD_I998103,Oliver Florent,carlton,True,4,Round 4,,,played,0,0
2026,117,12497,CD_I998103,Oliver Florent,carlton,True,5,Round 5,,,played,0,0
2026,117,12497,CD_I998103,Oliver Florent,carlton,True,6,Round 6,,,played,0,0
2026,117,12497,CD_I998103,Oliver Florent,carlton,True,7,Round 7,,,played,0,0
2026,117,12497,CD_I998103,Oliver Florent,carlton,True,8,Round 8,,,played,0,0
2026,117,12497,CD_I998103,Oliver Florent,carlton,True,9,Round 9,,,played,0,0
2026,117,12497,CD_I998103,Oliver Florent,carlton,True,10,Round 10,CD_M20260141006,2026_R10_carlton_v_western_bulldogs_2026-05-16,played,2,1
2026,117,12497,CD_I998103,Oliver Florent,carlton,True,11,Round 11,,,played,0,0
2026,117,12497,CD_I998103,Oliver Florent,carlton,True,12,Round 12,,,played,0,0
2026,117,12497,CD_I998103,Oliver Florent,carlton,True,13,Round 13,,,played,0,0
2026,117,12497,CD_I998103,Oliver Florent,carlton,True,14,Round 14,,,bye,,
2026,117,12497,CD_I998103,Oliver Florent,carlton,True,15,Round 15,,,played,0,0
2026,117,12497,CD_I998103,Oliver Florent,carlton,True,16,Round 16,,,played,0,0
2026,117,12497,CD_I998103,Oliver Florent,carlton,True,17,Round 17,,,played,0,0
2026,117,12497,CD_I998103,Oliver Florent,carlton,True,18,Round 18,,,played,0,0
2026,117,12497,CD_I998103,Oliver Florent,carlton,True,19,Round 19,,,played,0,0
2026,117,12497,CD_I998103,Oliver Florent,carlton,True,20,Round 20,,,played,0,0
2026,117,12497,CD_I998103,Oliver Florent,carlton,True,21,Round 21,,,played,0,0
2026,117,12497,CD_I998103,Oliver Florent,carlton,True,22,Round 22,,,played,0,0
2026,117,12497,CD_I998103,Oliver Florent,carlton,True,23,Round 23,,,played,0,0
2026,117,12497,CD_I998103,Oliver Florent,carlton,True,24,Round 24,,,played,0,0
2026,118,12766,CD_I1010174,Mitch Georgiades,port_adelaide,True,0,Opening Round,,,bye,,
2026,118,12766,CD_I1010174,Mitch Georgiades,port_adelaide,True,1,Round 1,,,played,0,0
2026,118,12766,CD_I1010174,Mitch Georgiades,port_adelaide,True,2,Round 2,,,played,0,0
2026,118,12766,CD_I1010174,Mitch Georgiades,port_adelaide,True,3,Round 3,,,played,0,0
2026,118,12766,CD_I1010174,Mitch Georgiades,port_adelaide,True,4,Round 4,,,played,0,0
2026,118,12766,CD_I1010174,Mitch Georgiades,port_adelaide,True,5,Round 5,,,played,0,0
2026,118,12766,CD_I1010174,Mitch Georgiades,port_adelaide,True,6,Round 6,,,played,0,0
2026,118,12766,CD_I1010174,Mitch Georgiades,port_adelaide,True,7,Round 7,CD_M20260140705,2026_R7_port_adelaide_v_geelong_2026-04-25,played,2,2
2026,118,12766,CD_I1010174,Mitch Georgiades,port_adelaide,True,8,Round 8,,,played,0,0
2026,118,12766,CD_I1010174,Mitch Georgiades,port_adelaide,True,9,Round 9,,,played,0,0
2026,118,12766,CD_I1010174,Mitch Georgiades,port_adelaide,True,10,Round 10,,,played,0,0
2026,118,12766,CD_I1010174,Mitch Georgiades,port_adelaide,True,11,Round 11,,,played,0,0
2026,118,12766,CD_I1010174,Mitch Georgiades,port_adelaide,True,12,Round 12,,,bye,,
2026,118,12766,CD_I1010174,Mitch Georgiades,port_adelaide,True,13,Round 13,,,played,0,0
2026,118,12766,CD_I1010174,Mitch Georgiades,port_adelaide,True,14,Round 14,,,played,0,0
2026,118,12766,CD_I1010174,Mitch Georgiades,port_adelaide,True,15,Round 15,,,played,0,0
2026,118,12766,CD_I1010174,Mitch Georgiades,port_adelaide,True,16,Round 16,CD_M20260141607,2026_R16_port_adelaide_v_adelaide_2026-06-27,played,0,1
2026,118,12766,CD_I1010174,Mitch Georgiades,port_adelaide,True,17,Round 17,,,played,0,0
2026,118,12766,CD_I1010174,Mitch Georgiades,port_adelaide,True,18,Round 18,,,played,0,0
2026,118,12766,CD_I1010174,Mitch Georgiades,port_adelaide,True,19,Round 19,CD_M20260141906,2026_R19_port_adelaide_v_fremantle_2026-07-18,did_not_play,,
2026,118,12766,CD_I1010174,Mitch Georgiades,port_adelaide,True,20,Round 20,,,played,0,0
2026,118,12766,CD_I1010174,Mitch Georgiades,port_adelaide,True,21,Round 21,,,played,0,0
2026,118,12766,CD_I1010174,Mitch Georgiades,port_adelaide,True,22,Round 22,CD_M20260142207,2026_R22_sydney_v_port_adelaide_2026-08-08,did_not_play,,
2026,118,12766,CD_I1010174,Mitch Georgiades,port_adelaide,True,23,Round 23,,,played,0,0
2026,118,12766,CD_I1010174,Mitch Georgiades,port_adelaide,True,24,Round 24,,,played,0,0
2026,119,13038,CD_I1023025,Reuben Ginbey,west_coast,True,0,Opening Round,,,bye,,
2026,119,13038,CD_I1023025,Reuben Ginbey,west_coast,True,1,Round 1,,,played,0,0
2026,119,13038,CD_I1023025,Reuben Ginbey,west_coast,True,2,Round 2,,,played,0,0
2026,119,13038,CD_I1023025,Reuben Ginbey,west_coast,True,3,Round 3,,,played,0,0
2026,119,13038,CD_I1023025,Reuben Ginbey,west_coast,True,4,Round 4,,,played,0,0
2026,119,13038,CD_I1023025,Reuben Ginbey,west_coast,True,5,Round 5,,,played,0,0
2026,119,13038,CD_I1023025,Reuben Ginbey,west_coast,True,6,Round 6,,,played,0,0
2026,119,13038,CD_I1023025,Reuben Ginbey,west_coast,True,7,Round 7,,,played,0,0
2026,119,13038,CD_I1023025,Reuben Ginbey,west_coast,True,8,Round 8,,,played,0,0
2026,119,13038,CD_I1023025,Reuben Ginbey,west_coast,True,9,Round 9,,,played,0,0
2026,119,13038,CD_I1023025,Reuben Ginbey,west_coast,True,10,Round 10,,,played,0,0
2026,119,13038,CD_I1023025,Reuben Ginbey,west_coast,True,11,Round 11,,,played,0,0
2026,119,13038,CD_I1023025,Reuben Ginbey,west_coast,True,12,Round 12,CD_M20260141207,2026_R12_west_coast_v_essendon_2026-05-31,played,2,3
2026,119,13038,CD_I1023025,Reuben Ginbey,west_coast,True,13,Round 13,,,played,0,0
2026,119,13038,CD_I1023025,Reuben Ginbey,west_coast,True,14,Round 14,CD_M20260141404,2026_R14_north_melbourne_v_west_coast_2026-06-13,did_not_play,,
2026,119,13038,CD_I1023025,Reuben Ginbey,west_coast,True,15,Round 15,,,bye,,
2026,119,13038,CD_I1023025,Reuben Ginbey,west_coast,True,16,Round 16,CD_M20260141602,2026_R16_carlton_v_west_coast_2026-06-27,did_not_play,,
2026,119,13038,CD_I1023025,Reuben Ginbey,west_coast,True,17,Round 17,CD_M20260141709,2026_R17_west_coast_v_adelaide_2026-07-03,did_not_play,,
2026,119,13038,CD_I1023025,Reuben Ginbey,west_coast,True,18,Round 18,CD_M20260141809,2026_R18_western_bulldogs_v_west_coast_2026-07-12,did_not_play,,
2026,119,13038,CD_I1023025,Reuben Ginbey,west_coast,True,19,Round 19,CD_M20260141909,2026_R19_west_coast_v_brisbane_lions_2026-07-18,did_not_play,,
2026,119,13038,CD_I1023025,Reuben Ginbey,west_coast,True,20,Round 20,CD_M20260142004,2026_R20_fremantle_v_west_coast_2026-07-24,did_not_play,,
2026,119,13038,CD_I1023025,Reuben Ginbey,west_coast,True,21,Round 21,CD_M20260142108,2026_R21_richmond_v_west_coast_2026-08-02,did_not_play,,
2026,119,13038,CD_I1023025,Reuben Ginbey,west_coast,True,22,Round 22,CD_M20260142208,2026_R22_west_coast_v_collingwood_2026-08-09,did_not_play,,
2026,119,13038,CD_I1023025,Reuben Ginbey,west_coast,True,23,Round 23,CD_M20260142304,2026_R23_greater_western_sydney_v_west_coast_2026-08-16,did_not_play,,
2026,119,13038,CD_I1023025,Reuben Ginbey,west_coast,True,24,Round 24,CD_M20260142409,2026_R24_west_coast_v_hawthorn_2026-08-23,did_not_play,,
2026,120,12851,CD_I1012860,Oliver Henry,geelong,True,0,Opening Round,,,played,0,0
2026,120,12851,CD_I1012860,Oliver Henry,geelong,True,1,Round 1,CD_M20260140104,2026_R1_geelong_v_fremantle_2026-03-14,did_not_play,,
2026,120,12851,CD_I1012860,Oliver Henry,geelong,True,2,Round 2,,,bye,,
2026,120,12851,CD_I1012860,Oliver Henry,geelong,True,3,Round 3,,,played,0,0
2026,120,12851,CD_I1012860,Oliver Henry,geelong,True,4,Round 4,,,played,0,0
2026,120,12851,CD_I1012860,Oliver Henry,geelong,True,5,Round 5,,,played,0,0
2026,120,12851,CD_I1012860,Oliver Henry,geelong,True,6,Round 6,,,played,0,0
2026,120,12851,CD_I1012860,Oliver Henry,geelong,True,7,Round 7,,,played,0,0
2026,120,12851,CD_I1012860,Oliver Henry,geelong,True,8,Round 8,,,played,0,0
2026,120,12851,CD_I1012860,Oliver Henry,geelong,True,9,Round 9,CD_M20260140907,2026_R9_geelong_v_collingwood_2026-05-09,played,1,0
2026,120,12851,CD_I1012860,Oliver Henry,geelong,True,10,Round 10,,,played,0,0
2026,120,12851,CD_I1012860,Oliver Henry,geelong,True,11,Round 11,,,played,0,0
2026,120,12851,CD_I1012860,Oliver Henry,geelong,True,12,Round 12,,,played,0,0
2026,120,12851,CD_I1012860,Oliver Henry,geelong,True,13,Round 13,,,played,0,0
2026,120,12851,CD_I1012860,Oliver Henry,geelong,True,14,Round 14,,,played,0,0
2026,120,12851,CD_I1012860,Oliver Henry,geelong,True,15,Round 15,,,played,0,0
2026,120,12851,CD_I1012860,Oliver Henry,geelong,True,16,Round 16,,,bye,,
2026,120,12851,CD_I1012860,Oliver Henry,geelong,True,17,Round 17,,,played,0,0
2026,120,12851,CD_I1012860,Oliver Henry,geelong,True,18,Round 18,,,played,0,0
2026,120,12851,CD_I1012860,Oliver Henry,geelong,True,19,Round 19,,,played,0,0
2026,120,12851,CD_I1012860,Oliver Henry,geelong,True,20,Round 20,,,played,0,0
2026,120,12851,CD_I1012860,Oliver Henry,geelong,True,21,Round 21,,,played,0,0
2026,120,12851,CD_I1012860,Oliver Henry,geelong,True,22,Round 22,CD_M20260142203,2026_R22_geelong_v_essendon_2026-08-08,played,1,0
2026,120,12851,CD_I1012860,Oliver Henry,geelong,True,23,Round 23,,,played,0,0
2026,120,12851,CD_I1012860,Oliver Henry,geelong,True,24,Round 24,,,played,0,0
2026,121,13160,CD_I1013464,Lawson Humphries,geelong,True,0,Opening Round,,,played,0,0
2026,121,13160,CD_I1013464,Lawson Humphries,geelong,True,1,Round 1,,,played,0,0
2026,121,13160,CD_I1013464,Lawson Humphries,geelong,True,2,Round 2,,,bye,,
2026,121,13160,CD_I1013464,Lawson Humphries,geelong,True,3,Round 3,,,played,0,0
2026,121,13160,CD_I1013464,Lawson Humphries,geelong,True,4,Round 4,,,played,0,0
2026,121,13160,CD_I1013464,Lawson Humphries,geelong,True,5,Round 5,,,played,0,0
2026,121,13160,CD_I1013464,Lawson Humphries,geelong,True,6,Round 6,,,played,0,0
2026,121,13160,CD_I1013464,Lawson Humphries,geelong,True,7,Round 7,,,played,0,0
2026,121,13160,CD_I1013464,Lawson Humphries,geelong,True,8,Round 8,,,played,0,0
2026,121,13160,CD_I1013464,Lawson Humphries,geelong,True,9,Round 9,,,played,0,0
2026,121,13160,CD_I1013464,Lawson Humphries,geelong,True,10,Round 10,,,played,0,0
2026,121,13160,CD_I1013464,Lawson Humphries,geelong,True,11,Round 11,CD_M20260141105,2026_R11_geelong_v_sydney_2026-05-23,played,2,3
2026,121,13160,CD_I1013464,Lawson Humphries,geelong,True,12,Round 12,,,played,0,0
2026,121,13160,CD_I1013464,Lawson Humphries,geelong,True,13,Round 13,CD_M20260141301,2026_R13_adelaide_v_geelong_2026-06-04,did_not_play,,
2026,121,13160,CD_I1013464,Lawson Humphries,geelong,True,14,Round 14,,,played,0,0
2026,121,13160,CD_I1013464,Lawson Humphries,geelong,True,15,Round 15,,,played,0,0
2026,121,13160,CD_I1013464,Lawson Humphries,geelong,True,16,Round 16,,,bye,,
2026,121,13160,CD_I1013464,Lawson Humphries,geelong,True,17,Round 17,,,played,0,0
2026,121,13160,CD_I1013464,Lawson Humphries,geelong,True,18,Round 18,,,played,0,0
2026,121,13160,CD_I1013464,Lawson Humphries,geelong,True,19,Round 19,,,played,0,0
2026,121,13160,CD_I1013464,Lawson Humphries,geelong,True,20,Round 20,,,played,0,0
2026,121,13160,CD_I1013464,Lawson Humphries,geelong,True,21,Round 21,,,played,0,0
2026,121,13160,CD_I1013464,Lawson Humphries,geelong,True,22,Round 22,,,played,0,0
2026,121,13160,CD_I1013464,Lawson Humphries,geelong,True,23,Round 23,,,played,0,0
2026,121,13160,CD_I1013464,Lawson Humphries,geelong,True,24,Round 24,,,played,0,0
2026,122,13047,CD_I1016825,Matthew Johnson,fremantle,True,0,Opening Round,,,bye,,
2026,122,13047,CD_I1016825,Matthew Johnson,fremantle,True,1,Round 1,,,played,0,0
2026,122,13047,CD_I1016825,Matthew Johnson,fremantle,True,2,Round 2,,,played,0,0
2026,122,13047,CD_I1016825,Matthew Johnson,fremantle,True,3,Round 3,,,played,0,0
2026,122,13047,CD_I1016825,Matthew Johnson,fremantle,True,4,Round 4,,,played,0,0
2026,122,13047,CD_I1016825,Matthew Johnson,fremantle,True,5,Round 5,,,played,0,0
2026,122,13047,CD_I1016825,Matthew Johnson,fremantle,True,6,Round 6,,,played,0,0
2026,122,13047,CD_I1016825,Matthew Johnson,fremantle,True,7,Round 7,,,played,0,0
2026,122,13047,CD_I1016825,Matthew Johnson,fremantle,True,8,Round 8,,,played,0,0
2026,122,13047,CD_I1016825,Matthew Johnson,fremantle,True,9,Round 9,,,played,0,0
2026,122,13047,CD_I1016825,Matthew Johnson,fremantle,True,10,Round 10,,,played,0,0
2026,122,13047,CD_I1016825,Matthew Johnson,fremantle,True,11,Round 11,,,played,0,0
2026,122,13047,CD_I1016825,Matthew Johnson,fremantle,True,12,Round 12,,,played,0,0
2026,122,13047,CD_I1016825,Matthew Johnson,fremantle,True,13,Round 13,CD_M20260141303,2026_R13_north_melbourne_v_fremantle_2026-06-06,did_not_play,,
2026,122,13047,CD_I1016825,Matthew Johnson,fremantle,True,14,Round 14,,,bye,,
2026,122,13047,CD_I1016825,Matthew Johnson,fremantle,True,15,Round 15,,,played,0,0
2026,122,13047,CD_I1016825,Matthew Johnson,fremantle,True,16,Round 16,,,played,0,0
2026,122,13047,CD_I1016825,Matthew Johnson,fremantle,True,17,Round 17,,,played,0,0
2026,122,13047,CD_I1016825,Matthew Johnson,fremantle,True,18,Round 18,,,played,0,0
2026,122,13047,CD_I1016825,Matthew Johnson,fremantle,True,19,Round 19,,,played,0,0
2026,122,13047,CD_I1016825,Matthew Johnson,fremantle,True,20,Round 20,CD_M20260142004,2026_R20_fremantle_v_west_coast_2026-07-24,played,2,3
2026,122,13047,CD_I1016825,Matthew Johnson,fremantle,True,21,Round 21,,,played,0,0
2026,122,13047,CD_I1016825,Matthew Johnson,fremantle,True,22,Round 22,,,played,0,0
2026,122,13047,CD_I1016825,Matthew Johnson,fremantle,True,23,Round 23,,,played,0,0
2026,122,13047,CD_I1016825,Matthew Johnson,fremantle,True,24,Round 24,,,played,0,0
2026,123,12595,CD_I295898,Tim Kelly,west_coast,True,0,Opening Round,,,bye,,
2026,123,12595,CD_I295898,Tim Kelly,west_coast,True,1,Round 1,CD_M20260140109,2026_R1_gold_coast_v_west_coast_2026-03-15,did_not_play,,
2026,123,12595,CD_I295898,Tim Kelly,west_coast,True,2,Round 2,,,played,0,0
2026,123,12595,CD_I295898,Tim Kelly,west_coast,True,3,Round 3,,,played,0,0
2026,123,12595,CD_I295898,Tim Kelly,west_coast,True,4,Round 4,,,played,0,0
2026,123,12595,CD_I295898,Tim Kelly,west_coast,True,5,Round 5,,,played,0,0
2026,123,12595,CD_I295898,Tim Kelly,west_coast,True,6,Round 6,,,played,0,0
2026,123,12595,CD_I295898,Tim Kelly,west_coast,True,7,Round 7,,,played,0,0
2026,123,12595,CD_I295898,Tim Kelly,west_coast,True,8,Round 8,,,played,0,0
2026,123,12595,CD_I295898,Tim Kelly,west_coast,True,9,Round 9,,,played,0,0
2026,123,12595,CD_I295898,Tim Kelly,west_coast,True,10,Round 10,,,played,0,0
2026,123,12595,CD_I295898,Tim Kelly,west_coast,True,11,Round 11,,,played,0,0
2026,123,12595,CD_I295898,Tim Kelly,west_coast,True,12,Round 12,CD_M20260141207,2026_R12_west_coast_v_essendon_2026-05-31,played,0,1
2026,123,12595,CD_I295898,Tim Kelly,west_coast,True,13,Round 13,,,played,0,0
2026,123,12595,CD_I295898,Tim Kelly,west_coast,True,14,Round 14,CD_M20260141404,2026_R14_north_melbourne_v_west_coast_2026-06-13,played,2,2
2026,123,12595,CD_I295898,Tim Kelly,west_coast,True,15,Round 15,,,bye,,
2026,123,12595,CD_I295898,Tim Kelly,west_coast,True,16,Round 16,CD_M20260141602,2026_R16_carlton_v_west_coast_2026-06-27,did_not_play,,
2026,123,12595,CD_I295898,Tim Kelly,west_coast,True,17,Round 17,,,played,0,0
2026,123,12595,CD_I295898,Tim Kelly,west_coast,True,18,Round 18,,,played,0,0
2026,123,12595,CD_I295898,Tim Kelly,west_coast,True,19,Round 19,,,played,0,0
2026,123,12595,CD_I295898,Tim Kelly,west_coast,True,20,Round 20,,,played,0,0
2026,123,12595,CD_I295898,Tim Kelly,west_coast,True,21,Round 21,,,played,0,0
2026,123,12595,CD_I295898,Tim Kelly,west_coast,True,22,Round 22,,,played,0,0
2026,123,12595,CD_I295898,Tim Kelly,west_coast,True,23,Round 23,,,played,0,0
2026,123,12595,CD_I295898,Tim Kelly,west_coast,True,24,Round 24,,,played,0,0
2026,124,12455,CD_I1001398,Matthew Kennedy,western_bulldogs,True,0,Opening Round,,,played,0,0
2026,124,12455,CD_I1001398,Matthew Kennedy,western_bulldogs,True,1,Round 1,,,played,0,0
2026,124,12455,CD_I1001398,Matthew Kennedy,western_bulldogs,True,2,Round 2,,,played,0,0
2026,124,12455,CD_I1001398,Matthew Kennedy,western_bulldogs,True,3,Round 3,,,bye,,
2026,124,12455,CD_I1001398,Matthew Kennedy,western_bulldogs,True,4,Round 4,CD_M20260140407,2026_R4_western_bulldogs_v_essendon_2026-04-05,played,2,3
2026,124,12455,CD_I1001398,Matthew Kennedy,western_bulldogs,True,5,Round 5,,,played,0,0
2026,124,12455,CD_I1001398,Matthew Kennedy,western_bulldogs,True,6,Round 6,,,played,0,0
2026,124,12455,CD_I1001398,Matthew Kennedy,western_bulldogs,True,7,Round 7,,,played,0,0
2026,124,12455,CD_I1001398,Matthew Kennedy,western_bulldogs,True,8,Round 8,,,played,0,0
2026,124,12455,CD_I1001398,Matthew Kennedy,western_bulldogs,True,9,Round 9,,,played,0,0
2026,124,12455,CD_I1001398,Matthew Kennedy,western_bulldogs,True,10,Round 10,,,played,0,0
2026,124,12455,CD_I1001398,Matthew Kennedy,western_bulldogs,True,11,Round 11,,,played,0,0
2026,124,12455,CD_I1001398,Matthew Kennedy,western_bulldogs,True,12,Round 12,,,played,0,0
2026,124,12455,CD_I1001398,Matthew Kennedy,western_bulldogs,True,13,Round 13,,,played,0,0
2026,124,12455,CD_I1001398,Matthew Kennedy,western_bulldogs,True,14,Round 14,,,played,0,0
2026,124,12455,CD_I1001398,Matthew Kennedy,western_bulldogs,True,15,Round 15,,,played,0,0
2026,124,12455,CD_I1001398,Matthew Kennedy,western_bulldogs,True,16,Round 16,,,bye,,
2026,124,12455,CD_I1001398,Matthew Kennedy,western_bulldogs,True,17,Round 17,,,played,0,0
2026,124,12455,CD_I1001398,Matthew Kennedy,western_bulldogs,True,18,Round 18,,,played,0,0
2026,124,12455,CD_I1001398,Matthew Kennedy,western_bulldogs,True,19,Round 19,,,played,0,0
2026,124,12455,CD_I1001398,Matthew Kennedy,western_bulldogs,True,20,Round 20,,,played,0,0
2026,124,12455,CD_I1001398,Matthew Kennedy,western_bulldogs,True,21,Round 21,,,played,0,0
2026,124,12455,CD_I1001398,Matthew Kennedy,western_bulldogs,True,22,Round 22,,,played,0,0
2026,124,12455,CD_I1001398,Matthew Kennedy,western_bulldogs,True,23,Round 23,,,played,0,0
2026,124,12455,CD_I1001398,Matthew Kennedy,western_bulldogs,True,24,Round 24,,,played,0,0
2026,125,12518,CD_I1000978,Hugh McCluggage,brisbane_lions,True,0,Opening Round,,,played,0,0
2026,125,12518,CD_I1000978,Hugh McCluggage,brisbane_lions,True,1,Round 1,CD_M20260140105,2026_R1_sydney_v_brisbane_lions_2026-03-14,did_not_play,,
2026,125,12518,CD_I1000978,Hugh McCluggage,brisbane_lions,True,2,Round 2,,,bye,,
2026,125,12518,CD_I1000978,Hugh McCluggage,brisbane_lions,True,3,Round 3,CD_M20260140303,2026_R3_st_kilda_v_brisbane_lions_2026-03-28,did_not_play,,
2026,125,12518,CD_I1000978,Hugh McCluggage,brisbane_lions,True,4,Round 4,CD_M20260140401,2026_R4_brisbane_lions_v_collingwood_2026-04-02,did_not_play,,
2026,125,12518,CD_I1000978,Hugh McCluggage,brisbane_lions,True,5,Round 5,,,played,0,0
2026,125,12518,CD_I1000978,Hugh McCluggage,brisbane_lions,True,6,Round 6,,,played,0,0
2026,125,12518,CD_I1000978,Hugh McCluggage,brisbane_lions,True,7,Round 7,,,played,0,0
2026,125,12518,CD_I1000978,Hugh McCluggage,brisbane_lions,True,8,Round 8,CD_M20260140804,2026_R8_essendon_v_brisbane_lions_2026-05-02,played,2,0
2026,125,12518,CD_I1000978,Hugh McCluggage,brisbane_lions,True,9,Round 9,,,played,0,0
2026,125,12518,CD_I1000978,Hugh McCluggage,brisbane_lions,True,10,Round 10,,,played,0,0
2026,125,12518,CD_I1000978,Hugh McCluggage,brisbane_lions,True,11,Round 11,,,played,0,0
2026,125,12518,CD_I1000978,Hugh McCluggage,brisbane_lions,True,12,Round 12,,,played,0,0
2026,125,12518,CD_I1000978,Hugh McCluggage,brisbane_lions,True,13,Round 13,CD_M20260141304,2026_R13_gold_coast_v_brisbane_lions_2026-06-06,did_not_play,,
2026,125,12518,CD_I1000978,Hugh McCluggage,brisbane_lions,True,14,Round 14,CD_M20260141406,2026_R14_richmond_v_brisbane_lions_2026-06-14,did_not_play,,
2026,125,12518,CD_I1000978,Hugh McCluggage,brisbane_lions,True,15,Round 15,,,bye,,
2026,125,12518,CD_I1000978,Hugh McCluggage,brisbane_lions,True,16,Round 16,CD_M20260141601,2026_R16_brisbane_lions_v_sydney_2026-06-25,did_not_play,,
2026,125,12518,CD_I1000978,Hugh McCluggage,brisbane_lions,True,17,Round 17,CD_M20260141702,2026_R17_geelong_v_brisbane_lions_2026-07-02,did_not_play,,
2026,125,12518,CD_I1000978,Hugh McCluggage,brisbane_lions,True,18,Round 18,,,played,0,0
2026,125,12518,CD_I1000978,Hugh McCluggage,brisbane_lions,True,19,Round 19,,,played,0,0
2026,125,12518,CD_I1000978,Hugh McCluggage,brisbane_lions,True,20,Round 20,CD_M20260142002,2026_R20_brisbane_lions_v_port_adelaide_2026-07-26,played,0,1
2026,125,12518,CD_I1000978,Hugh McCluggage,brisbane_lions,True,21,Round 21,,,played,0,0
2026,125,12518,CD_I1000978,Hugh McCluggage,brisbane_lions,True,22,Round 22,CD_M20260142202,2026_R22_brisbane_lions_v_hawthorn_2026-08-07,did_not_play,,
2026,125,12518,CD_I1000978,Hugh McCluggage,brisbane_lions,True,23,Round 23,CD_M20260142301,2026_R23_brisbane_lions_v_gold_coast_2026-08-15,did_not_play,,
2026,125,12518,CD_I1000978,Hugh McCluggage,brisbane_lions,True,24,Round 24,CD_M20260142402,2026_R24_collingwood_v_brisbane_lions_2026-08-21,did_not_play,,
2026,126,13107,CD_I1024272,Colby McKercher,north_melbourne,True,0,Opening Round,,,bye,,
2026,126,13107,CD_I1024272,Colby McKercher,north_melbourne,True,1,Round 1,,,played,0,0
2026,126,13107,CD_I1024272,Colby McKercher,north_melbourne,True,2,Round 2,,,played,0,0
2026,126,13107,CD_I1024272,Colby McKercher,north_melbourne,True,3,Round 3,CD_M20260140305,2026_R3_essendon_v_north_melbourne_2026-03-28,played,2,1
2026,126,13107,CD_I1024272,Colby McKercher,north_melbourne,True,4,Round 4,,,played,0,0
2026,126,13107,CD_I1024272,Colby McKercher,north_melbourne,True,5,Round 5,,,played,0,0
2026,126,13107,CD_I1024272,Colby McKercher,north_melbourne,True,6,Round 6,CD_M20260140607,2026_R6_north_melbourne_v_richmond_2026-04-19,played,0,2
2026,126,13107,CD_I1024272,Colby McKercher,north_melbourne,True,7,Round 7,,,played,0,0
2026,126,13107,CD_I1024272,Colby McKercher,north_melbourne,True,8,Round 8,,,played,0,0
2026,126,13107,CD_I1024272,Colby McKercher,north_melbourne,True,9,Round 9,,,played,0,0
2026,126,13107,CD_I1024272,Colby McKercher,north_melbourne,True,10,Round 10,,,played,0,0
2026,126,13107,CD_I1024272,Colby McKercher,north_melbourne,True,11,Round 11,,,played,0,0
2026,126,13107,CD_I1024272,Colby McKercher,north_melbourne,True,12,Round 12,,,bye,,
2026,126,13107,CD_I1024272,Colby McKercher,north_melbourne,True,13,Round 13,,,played,0,0
2026,126,13107,CD_I1024272,Colby McKercher,north_melbourne,True,14,Round 14,,,played,0,0
2026,126,13107,CD_I1024272,Colby McKercher,north_melbourne,True,15,Round 15,,,played,0,0
2026,126,13107,CD_I1024272,Colby McKercher,north_melbourne,True,16,Round 16,,,played,0,0
2026,126,13107,CD_I1024272,Colby McKercher,north_melbourne,True,17,Round 17,,,played,0,0
2026,126,13107,CD_I1024272,Colby McKercher,north_melbourne,True,18,Round 18,,,played,0,0
2026,126,13107,CD_I1024272,Colby McKercher,north_melbourne,True,19,Round 19,,,played,0,0
2026,126,13107,CD_I1024272,Colby McKercher,north_melbourne,True,20,Round 20,,,played,0,0
2026,126,13107,CD_I1024272,Colby McKercher,north_melbourne,True,21,Round 21,,,played,0,0
2026,126,13107,CD_I1024272,Colby McKercher,north_melbourne,True,22,Round 22,,,played,0,0
2026,126,13107,CD_I1024272,Colby McKercher,north_melbourne,True,23,Round 23,,,played,0,0
2026,126,13107,CD_I1024272,Colby McKercher,north_melbourne,True,24,Round 24,,,played,0,0
2026,127,12689,CD_I1004938,Gryan Miers,geelong,True,0,Opening Round,,,played,0,0
2026,127,12689,CD_I1004938,Gryan Miers,geelong,True,1,Round 1,,,played,0,0
2026,127,12689,CD_I1004938,Gryan Miers,geelong,True,2,Round 2,,,bye,,
2026,127,12689,CD_I1004938,Gryan Miers,geelong,True,3,Round 3,,,played,0,0
2026,127,12689,CD_I1004938,Gryan Miers,geelong,True,4,Round 4,,,played,0,0
2026,127,12689,CD_I1004938,Gryan Miers,geelong,True,5,Round 5,,,played,0,0
2026,127,12689,CD_I1004938,Gryan Miers,geelong,True,6,Round 6,CD_M20260140602,2026_R6_geelong_v_western_bulldogs_2026-04-17,did_not_play,,
2026,127,12689,CD_I1004938,Gryan Miers,geelong,True,7,Round 7,CD_M20260140705,2026_R7_port_adelaide_v_geelong_2026-04-25,did_not_play,,
2026,127,12689,CD_I1004938,Gryan Miers,geelong,True,8,Round 8,CD_M20260140806,2026_R8_geelong_v_north_melbourne_2026-05-02,did_not_play,,
2026,127,12689,CD_I1004938,Gryan Miers,geelong,True,9,Round 9,CD_M20260140907,2026_R9_geelong_v_collingwood_2026-05-09,did_not_play,,
2026,127,12689,CD_I1004938,Gryan Miers,geelong,True,10,Round 10,,,played,0,0
2026,127,12689,CD_I1004938,Gryan Miers,geelong,True,11,Round 11,,,played,0,0
2026,127,12689,CD_I1004938,Gryan Miers,geelong,True,12,Round 12,,,played,0,0
2026,127,12689,CD_I1004938,Gryan Miers,geelong,True,13,Round 13,,,played,0,0
2026,127,12689,CD_I1004938,Gryan Miers,geelong,True,14,Round 14,CD_M20260141402,2026_R14_geelong_v_gold_coast_2026-06-12,did_not_play,,
2026,127,12689,CD_I1004938,Gryan Miers,geelong,True,15,Round 15,CD_M20260141501,2026_R15_fremantle_v_geelong_2026-06-18,did_not_play,,
2026,127,12689,CD_I1004938,Gryan Miers,geelong,True,16,Round 16,,,bye,,
2026,127,12689,CD_I1004938,Gryan Miers,geelong,True,17,Round 17,CD_M20260141702,2026_R17_geelong_v_brisbane_lions_2026-07-02,did_not_play,,
2026,127,12689,CD_I1004938,Gryan Miers,geelong,True,18,Round 18,CD_M20260141806,2026_R18_greater_western_sydney_v_geelong_2026-07-11,did_not_play,,
2026,127,12689,CD_I1004938,Gryan Miers,geelong,True,19,Round 19,CD_M20260141903,2026_R19_geelong_v_st_kilda_2026-07-16,played,2,1
2026,127,12689,CD_I1004938,Gryan Miers,geelong,True,20,Round 20,,,played,0,0
2026,127,12689,CD_I1004938,Gryan Miers,geelong,True,21,Round 21,,,played,0,0
2026,127,12689,CD_I1004938,Gryan Miers,geelong,True,22,Round 22,,,played,0,0
2026,127,12689,CD_I1004938,Gryan Miers,geelong,True,23,Round 23,,,played,0,0
2026,127,12689,CD_I1004938,Gryan Miers,geelong,True,24,Round 24,,,played,0,0
2026,128,12934,CD_I1006013,James Peatling,adelaide,True,0,Opening Round,,,bye,,
2026,128,12934,CD_I1006013,James Peatling,adelaide,True,1,Round 1,,,played,0,0
2026,128,12934,CD_I1006013,James Peatling,adelaide,True,2,Round 2,,,played,0,0
2026,128,12934,CD_I1006013,James Peatling,adelaide,True,3,Round 3,,,played,0,0
2026,128,12934,CD_I1006013,James Peatling,adelaide,True,4,Round 4,CD_M20260140403,2026_R4_adelaide_v_fremantle_2026-04-03,played,2,2
2026,128,12934,CD_I1006013,James Peatling,adelaide,True,5,Round 5,,,played,0,0
2026,128,12934,CD_I1006013,James Peatling,adelaide,True,6,Round 6,,,played,0,0
2026,128,12934,CD_I1006013,James Peatling,adelaide,True,7,Round 7,,,played,0,0
2026,128,12934,CD_I1006013,James Peatling,adelaide,True,8,Round 8,,,played,0,0
2026,128,12934,CD_I1006013,James Peatling,adelaide,True,9,Round 9,,,played,0,0
2026,128,12934,CD_I1006013,James Peatling,adelaide,True,10,Round 10,CD_M20260141004,2026_R10_adelaide_v_north_melbourne_2026-05-16,played,0,1
2026,128,12934,CD_I1006013,James Peatling,adelaide,True,11,Round 11,,,played,0,0
2026,128,12934,CD_I1006013,James Peatling,adelaide,True,12,Round 12,,,bye,,
2026,128,12934,CD_I1006013,James Peatling,adelaide,True,13,Round 13,,,played,0,0
2026,128,12934,CD_I1006013,James Peatling,adelaide,True,14,Round 14,,,played,0,0
2026,128,12934,CD_I1006013,James Peatling,adelaide,True,15,Round 15,,,played,0,0
2026,128,12934,CD_I1006013,James Peatling,adelaide,True,16,Round 16,,,played,0,0
2026,128,12934,CD_I1006013,James Peatling,adelaide,True,17,Round 17,,,played,0,0
2026,128,12934,CD_I1006013,James Peatling,adelaide,True,18,Round 18,CD_M20260141801,2026_R18_adelaide_v_gold_coast_2026-07-11,played,0,1
2026,128,12934,CD_I1006013,James Peatling,adelaide,True,19,Round 19,,,played,0,0
2026,128,12934,CD_I1006013,James Peatling,adelaide,True,20,Round 20,,,played,0,0
2026,128,12934,CD_I1006013,James Peatling,adelaide,True,21,Round 21,CD_M20260142103,2026_R21_essendon_v_adelaide_2026-08-02,did_not_play,,
2026,128,12934,CD_I1006013,James Peatling,adelaide,True,22,Round 22,,,played,0,0
2026,128,12934,CD_I1006013,James Peatling,adelaide,True,23,Round 23,,,played,0,0
2026,128,12934,CD_I1006013,James Peatling,adelaide,True,24,Round 24,CD_M20260142401,2026_R24_adelaide_v_greater_western_sydney_2026-08-22,did_not_play,,
2026,129,13139,CD_I1008239,Joe Richards,port_adelaide,True,0,Opening Round,,,bye,,
2026,129,13139,CD_I1008239,Joe Richards,port_adelaide,True,1,Round 1,,,played,0,0
2026,129,13139,CD_I1008239,Joe Richards,port_adelaide,True,2,Round 2,,,played,0,0
2026,129,13139,CD_I1008239,Joe Richards,port_adelaide,True,3,Round 3,,,played,0,0
2026,129,13139,CD_I1008239,Joe Richards,port_adelaide,True,4,Round 4,,,played,0,0
2026,129,13139,CD_I1008239,Joe Richards,port_adelaide,True,5,Round 5,,,played,0,0
2026,129,13139,CD_I1008239,Joe Richards,port_adelaide,True,6,Round 6,,,played,0,0
2026,129,13139,CD_I1008239,Joe Richards,port_adelaide,True,7,Round 7,,,played,0,0
2026,129,13139,CD_I1008239,Joe Richards,port_adelaide,True,8,Round 8,,,played,0,0
2026,129,13139,CD_I1008239,Joe Richards,port_adelaide,True,9,Round 9,,,played,0,0
2026,129,13139,CD_I1008239,Joe Richards,port_adelaide,True,10,Round 10,,,played,0,0
2026,129,13139,CD_I1008239,Joe Richards,port_adelaide,True,11,Round 11,,,played,0,0
2026,129,13139,CD_I1008239,Joe Richards,port_adelaide,True,12,Round 12,,,bye,,
2026,129,13139,CD_I1008239,Joe Richards,port_adelaide,True,13,Round 13,,,played,0,0
2026,129,13139,CD_I1008239,Joe Richards,port_adelaide,True,14,Round 14,,,played,0,0
2026,129,13139,CD_I1008239,Joe Richards,port_adelaide,True,15,Round 15,,,played,0,0
2026,129,13139,CD_I1008239,Joe Richards,port_adelaide,True,16,Round 16,,,played,0,0
2026,129,13139,CD_I1008239,Joe Richards,port_adelaide,True,17,Round 17,,,played,0,0
2026,129,13139,CD_I1008239,Joe Richards,port_adelaide,True,18,Round 18,,,played,0,0
2026,129,13139,CD_I1008239,Joe Richards,port_adelaide,True,19,Round 19,CD_M20260141906,2026_R19_port_adelaide_v_fremantle_2026-07-18,played,2,3
2026,129,13139,CD_I1008239,Joe Richards,port_adelaide,True,20,Round 20,CD_M20260142002,2026_R20_brisbane_lions_v_port_adelaide_2026-07-26,did_not_play,,
2026,129,13139,CD_I1008239,Joe Richards,port_adelaide,True,21,Round 21,CD_M20260142107,2026_R21_port_adelaide_v_greater_western_sydney_2026-08-01,did_not_play,,
2026,129,13139,CD_I1008239,Joe Richards,port_adelaide,True,22,Round 22,CD_M20260142207,2026_R22_sydney_v_port_adelaide_2026-08-08,did_not_play,,
2026,129,13139,CD_I1008239,Joe Richards,port_adelaide,True,23,Round 23,,,played,0,0
2026,129,13139,CD_I1008239,Joe Richards,port_adelaide,True,24,Round 24,,,played,0,0
2026,130,12403,CD_I1000981,Daniel Rioli,gold_coast,True,0,Opening Round,,,played,0,0
2026,130,12403,CD_I1000981,Daniel Rioli,gold_coast,True,1,Round 1,,,played,0,0
2026,130,12403,CD_I1000981,Daniel Rioli,gold_coast,True,2,Round 2,,,played,0,0
2026,130,12403,CD_I1000981,Daniel Rioli,gold_coast,True,3,Round 3,,,bye,,
2026,130,12403,CD_I1000981,Daniel Rioli,gold_coast,True,4,Round 4,,,played,0,0
2026,130,12403,CD_I1000981,Daniel Rioli,gold_coast,True,5,Round 5,,,played,0,0
2026,130,12403,CD_I1000981,Daniel Rioli,gold_coast,True,6,Round 6,,,played,0,0
2026,130,12403,CD_I1000981,Daniel Rioli,gold_coast,True,7,Round 7,,,played,0,0
2026,130,12403,CD_I1000981,Daniel Rioli,gold_coast,True,8,Round 8,,,played,0,0
2026,130,12403,CD_I1000981,Daniel Rioli,gold_coast,True,9,Round 9,CD_M20260140906,2026_R9_gold_coast_v_st_kilda_2026-05-09,played,2,0
2026,130,12403,CD_I1000981,Daniel Rioli,gold_coast,True,10,Round 10,,,played,0,0
2026,130,12403,CD_I1000981,Daniel Rioli,gold_coast,True,11,Round 11,,,played,0,0
2026,130,12403,CD_I1000981,Daniel Rioli,gold_coast,True,12,Round 12,,,bye,,
2026,130,12403,CD_I1000981,Daniel Rioli,gold_coast,True,13,Round 13,,,played,0,0
2026,130,12403,CD_I1000981,Daniel Rioli,gold_coast,True,14,Round 14,,,played,0,0
2026,130,12403,CD_I1000981,Daniel Rioli,gold_coast,True,15,Round 15,,,played,0,0
2026,130,12403,CD_I1000981,Daniel Rioli,gold_coast,True,16,Round 16,CD_M20260141604,2026_R16_fremantle_v_gold_coast_2026-06-28,did_not_play,,
2026,130,12403,CD_I1000981,Daniel Rioli,gold_coast,True,17,Round 17,CD_M20260141703,2026_R17_gold_coast_v_collingwood_2026-07-04,did_not_play,,
2026,130,12403,CD_I1000981,Daniel Rioli,gold_coast,True,18,Round 18,CD_M20260141801,2026_R18_adelaide_v_gold_coast_2026-07-11,did_not_play,,
2026,130,12403,CD_I1000981,Daniel Rioli,gold_coast,True,19,Round 19,,,played,0,0
2026,130,12403,CD_I1000981,Daniel Rioli,gold_coast,True,20,Round 20,,,played,0,0
2026,130,12403,CD_I1000981,Daniel Rioli,gold_coast,True,21,Round 21,,,played,0,0
2026,130,12403,CD_I1000981,Daniel Rioli,gold_coast,True,22,Round 22,,,played,0,0
2026,130,12403,CD_I1000981,Daniel Rioli,gold_coast,True,23,Round 23,,,played,0,0
2026,130,12403,CD_I1000981,Daniel Rioli,gold_coast,True,24,Round 24,,,played,0,0
2026,131,12600,CD_I1004364,Liam Ryan,st_kilda,True,0,Opening Round,,,played,0,0
2026,131,12600,CD_I1004364,Liam Ryan,st_kilda,True,1,Round 1,,,played,0,0
2026,131,12600,CD_I1004364,Liam Ryan,st_kilda,True,2,Round 2,,,played,0,0
2026,131,12600,CD_I1004364,Liam Ryan,st_kilda,True,3,Round 3,,,played,0,0
2026,131,12600,CD_I1004364,Liam Ryan,st_kilda,True,4,Round 4,,,bye,,
2026,131,12600,CD_I1004364,Liam Ryan,st_kilda,True,5,Round 5,,,played,0,0
2026,131,12600,CD_I1004364,Liam Ryan,st_kilda,True,6,Round 6,,,played,0,0
2026,131,12600,CD_I1004364,Liam Ryan,st_kilda,True,7,Round 7,,,played,0,0
2026,131,12600,CD_I1004364,Liam Ryan,st_kilda,True,8,Round 8,CD_M20260140807,2026_R8_carlton_v_st_kilda_2026-05-02,did_not_play,,
2026,131,12600,CD_I1004364,Liam Ryan,st_kilda,True,9,Round 9,CD_M20260140906,2026_R9_gold_coast_v_st_kilda_2026-05-09,did_not_play,,
2026,131,12600,CD_I1004364,Liam Ryan,st_kilda,True,10,Round 10,CD_M20260141008,2026_R10_st_kilda_v_richmond_2026-05-17,did_not_play,,
2026,131,12600,CD_I1004364,Liam Ryan,st_kilda,True,11,Round 11,CD_M20260141103,2026_R11_fremantle_v_st_kilda_2026-05-22,did_not_play,,
2026,131,12600,CD_I1004364,Liam Ryan,st_kilda,True,12,Round 12,CD_M20260141201,2026_R12_st_kilda_v_hawthorn_2026-05-28,did_not_play,,
2026,131,12600,CD_I1004364,Liam Ryan,st_kilda,True,13,Round 13,CD_M20260141306,2026_R13_sydney_v_st_kilda_2026-06-07,played,0,2
2026,131,12600,CD_I1004364,Liam Ryan,st_kilda,True,14,Round 14,CD_M20260141407,2026_R14_st_kilda_v_greater_western_sydney_2026-06-14,played,2,2
2026,131,12600,CD_I1004364,Liam Ryan,st_kilda,True,15,Round 15,,,played,0,0
2026,131,12600,CD_I1004364,Liam Ryan,st_kilda,True,16,Round 16,,,bye,,
2026,131,12600,CD_I1004364,Liam Ryan,st_kilda,True,17,Round 17,,,played,0,0
2026,131,12600,CD_I1004364,Liam Ryan,st_kilda,True,18,Round 18,,,played,0,0
2026,131,12600,CD_I1004364,Liam Ryan,st_kilda,True,19,Round 19,,,played,0,0
2026,131,12600,CD_I1004364,Liam Ryan,st_kilda,True,20,Round 20,,,played,0,0
2026,131,12600,CD_I1004364,Liam Ryan,st_kilda,True,21,Round 21,,,played,0,0
2026,131,12600,CD_I1004364,Liam Ryan,st_kilda,True,22,Round 22,,,played,0,0
2026,131,12600,CD_I1004364,Liam Ryan,st_kilda,True,23,Round 23,CD_M20260142308,2026_R23_richmond_v_st_kilda_2026-08-15,did_not_play,,
2026,131,12600,CD_I1004364,Liam Ryan,st_kilda,True,24,Round 24,,,played,0,0
2026,132,13283,CD_I1027168,Dyson Sharp,essendon,True,0,Opening Round,,,bye,,
2026,132,13283,CD_I1027168,Dyson Sharp,essendon,True,1,Round 1,,,played,0,0
2026,132,13283,CD_I1027168,Dyson Sharp,essendon,True,2,Round 2,,,played,0,0
2026,132,13283,CD_I1027168,Dyson Sharp,essendon,True,3,Round 3,CD_M20260140305,2026_R3_essendon_v_north_melbourne_2026-03-28,did_not_play,,
2026,132,13283,CD_I1027168,Dyson Sharp,essendon,True,4,Round 4,CD_M20260140407,2026_R4_western_bulldogs_v_essendon_2026-04-05,did_not_play,,
2026,132,13283,CD_I1027168,Dyson Sharp,essendon,True,5,Round 5,CD_M20260140504,2026_R5_essendon_v_melbourne_2026-04-11,did_not_play,,
2026,132,13283,CD_I1027168,Dyson Sharp,essendon,True,6,Round 6,CD_M20260140604,2026_R6_gold_coast_v_essendon_2026-04-18,did_not_play,,
2026,132,13283,CD_I1027168,Dyson Sharp,essendon,True,7,Round 7,,,played,0,0
2026,132,13283,CD_I1027168,Dyson Sharp,essendon,True,8,Round 8,,,played,0,0
2026,132,13283,CD_I1027168,Dyson Sharp,essendon,True,9,Round 9,,,played,0,0
2026,132,13283,CD_I1027168,Dyson Sharp,essendon,True,10,Round 10,CD_M20260141007,2026_R10_essendon_v_fremantle_2026-05-17,did_not_play,,
2026,132,13283,CD_I1027168,Dyson Sharp,essendon,True,11,Round 11,CD_M20260141102,2026_R11_richmond_v_essendon_2026-05-22,did_not_play,,
2026,132,13283,CD_I1027168,Dyson Sharp,essendon,True,12,Round 12,CD_M20260141207,2026_R12_west_coast_v_essendon_2026-05-31,did_not_play,,
2026,132,13283,CD_I1027168,Dyson Sharp,essendon,True,13,Round 13,CD_M20260141307,2026_R13_essendon_v_carlton_2026-06-07,did_not_play,,
2026,132,13283,CD_I1027168,Dyson Sharp,essendon,True,14,Round 14,,,played,0,0
2026,132,13283,CD_I1027168,Dyson Sharp,essendon,True,15,Round 15,,,bye,,
2026,132,13283,CD_I1027168,Dyson Sharp,essendon,True,16,Round 16,,,played,0,0
2026,132,13283,CD_I1027168,Dyson Sharp,essendon,True,17,Round 17,,,played,0,0
2026,132,13283,CD_I1027168,Dyson Sharp,essendon,True,18,Round 18,,,played,0,0
2026,132,13283,CD_I1027168,Dyson Sharp,essendon,True,19,Round 19,CD_M20260141902,2026_R19_essendon_v_greater_western_sydney_2026-07-19,played,2,0
2026,132,13283,CD_I1027168,Dyson Sharp,essendon,True,20,Round 20,,,played,0,0
2026,132,13283,CD_I1027168,Dyson Sharp,essendon,True,21,Round 21,,,played,0,0
2026,132,13283,CD_I1027168,Dyson Sharp,essendon,True,22,Round 22,,,played,0,0
2026,132,13283,CD_I1027168,Dyson Sharp,essendon,True,23,Round 23,,,played,0,0
2026,132,13283,CD_I1027168,Dyson Sharp,essendon,True,24,Round 24,,,played,0,0
2026,133,11751,CD_I280965,Steele Sidebottom,collingwood,True,0,Opening Round,,,played,0,0
2026,133,11751,CD_I280965,Steele Sidebottom,collingwood,True,1,Round 1,,,played,0,0
2026,133,11751,CD_I280965,Steele Sidebottom,collingwood,True,2,Round 2,,,bye,,
2026,133,11751,CD_I280965,Steele Sidebottom,collingwood,True,3,Round 3,CD_M20260140302,2026_R3_collingwood_v_greater_western_sydney_2026-03-27,played,2,0
2026,133,11751,CD_I280965,Steele Sidebottom,collingwood,True,4,Round 4,,,played,0,0
2026,133,11751,CD_I280965,Steele Sidebottom,collingwood,True,5,Round 5,,,played,0,0
2026,133,11751,CD_I280965,Steele Sidebottom,collingwood,True,6,Round 6,CD_M20260140601,2026_R6_carlton_v_collingwood_2026-04-16,did_not_play,,
2026,133,11751,CD_I280965,Steele Sidebottom,collingwood,True,7,Round 7,,,played,0,0
2026,133,11751,CD_I280965,Steele Sidebottom,collingwood,True,8,Round 8,,,played,0,0
2026,133,11751,CD_I280965,Steele Sidebottom,collingwood,True,9,Round 9,,,played,0,0
2026,133,11751,CD_I280965,Steele Sidebottom,collingwood,True,10,Round 10,,,played,0,0
2026,133,11751,CD_I280965,Steele Sidebottom,collingwood,True,11,Round 11,,,played,0,0
2026,133,11751,CD_I280965,Steele Sidebottom,collingwood,True,12,Round 12,,,played,0,0
2026,133,11751,CD_I280965,Steele Sidebottom,collingwood,True,13,Round 13,CD_M20260141308,2026_R13_collingwood_v_melbourne_2026-06-08,did_not_play,,
2026,133,11751,CD_I280965,Steele Sidebottom,collingwood,True,14,Round 14,,,bye,,
2026,133,11751,CD_I280965,Steele Sidebottom,collingwood,True,15,Round 15,,,played,0,0
2026,133,11751,CD_I280965,Steele Sidebottom,collingwood,True,16,Round 16,,,played,0,0
2026,133,11751,CD_I280965,Steele Sidebottom,collingwood,True,17,Round 17,,,played,0,0
2026,133,11751,CD_I280965,Steele Sidebottom,collingwood,True,18,Round 18,,,played,0,0
2026,133,11751,CD_I280965,Steele Sidebottom,collingwood,True,19,Round 19,,,played,0,0
2026,133,11751,CD_I280965,Steele Sidebottom,collingwood,True,20,Round 20,,,played,0,0
2026,133,11751,CD_I280965,Steele Sidebottom,collingwood,True,21,Round 21,,,played,0,0
2026,133,11751,CD_I280965,Steele Sidebottom,collingwood,True,22,Round 22,,,played,0,0
2026,133,11751,CD_I280965,Steele Sidebottom,collingwood,True,23,Round 23,CD_M20260142305,2026_R23_hawthorn_v_collingwood_2026-08-15,did_not_play,,
2026,133,11751,CD_I280965,Steele Sidebottom,collingwood,True,24,Round 24,,,played,0,0
2026,134,12502,CD_I993998,Jy Simpkin,north_melbourne,True,0,Opening Round,,,bye,,
2026,134,12502,CD_I993998,Jy Simpkin,north_melbourne,True,1,Round 1,,,played,0,0
2026,134,12502,CD_I993998,Jy Simpkin,north_melbourne,True,2,Round 2,,,played,0,0
2026,134,12502,CD_I993998,Jy Simpkin,north_melbourne,True,3,Round 3,,,played,0,0
2026,134,12502,CD_I993998,Jy Simpkin,north_melbourne,True,4,Round 4,,,played,0,0
2026,134,12502,CD_I993998,Jy Simpkin,north_melbourne,True,5,Round 5,,,played,0,0
2026,134,12502,CD_I993998,Jy Simpkin,north_melbourne,True,6,Round 6,,,played,0,0
2026,134,12502,CD_I993998,Jy Simpkin,north_melbourne,True,7,Round 7,,,played,0,0
2026,134,12502,CD_I993998,Jy Simpkin,north_melbourne,True,8,Round 8,,,played,0,0
2026,134,12502,CD_I993998,Jy Simpkin,north_melbourne,True,9,Round 9,,,played,0,0
2026,134,12502,CD_I993998,Jy Simpkin,north_melbourne,True,10,Round 10,,,played,0,0
2026,134,12502,CD_I993998,Jy Simpkin,north_melbourne,True,11,Round 11,CD_M20260141104,2026_R11_north_melbourne_v_gold_coast_2026-05-23,played,0,1
2026,134,12502,CD_I993998,Jy Simpkin,north_melbourne,True,12,Round 12,,,bye,,
2026,134,12502,CD_I993998,Jy Simpkin,north_melbourne,True,13,Round 13,,,played,0,0
2026,134,12502,CD_I993998,Jy Simpkin,north_melbourne,True,14,Round 14,,,played,0,0
2026,134,12502,CD_I993998,Jy Simpkin,north_melbourne,True,15,Round 15,,,played,0,0
2026,134,12502,CD_I993998,Jy Simpkin,north_melbourne,True,16,Round 16,,,played,0,0
2026,134,12502,CD_I993998,Jy Simpkin,north_melbourne,True,17,Round 17,,,played,0,0
2026,134,12502,CD_I993998,Jy Simpkin,north_melbourne,True,18,Round 18,,,played,0,0
2026,134,12502,CD_I993998,Jy Simpkin,north_melbourne,True,19,Round 19,,,played,0,0
2026,134,12502,CD_I993998,Jy Simpkin,north_melbourne,True,20,Round 20,,,played,0,0
2026,134,12502,CD_I993998,Jy Simpkin,north_melbourne,True,21,Round 21,,,played,0,0
2026,134,12502,CD_I993998,Jy Simpkin,north_melbourne,True,22,Round 22,,,played,0,0
2026,134,12502,CD_I993998,Jy Simpkin,north_melbourne,True,23,Round 23,CD_M20260142306,2026_R23_north_melbourne_v_geelong_2026-08-15,played,2,0
2026,134,12502,CD_I993998,Jy Simpkin,north_melbourne,True,24,Round 24,,,played,0,0
2026,135,12796,CD_I1004848,Dylan Stephens,north_melbourne,True,0,Opening Round,,,bye,,
2026,135,12796,CD_I1004848,Dylan Stephens,north_melbourne,True,1,Round 1,CD_M20260140107,2026_R1_north_melbourne_v_port_adelaide_2026-03-15,played,2,3
2026,135,12796,CD_I1004848,Dylan Stephens,north_melbourne,True,2,Round 2,,,played,0,0
2026,135,12796,CD_I1004848,Dylan Stephens,north_melbourne,True,3,Round 3,,,played,0,0
2026,135,12796,CD_I1004848,Dylan Stephens,north_melbourne,True,4,Round 4,CD_M20260140402,2026_R4_north_melbourne_v_carlton_2026-04-03,played,0,3
2026,135,12796,CD_I1004848,Dylan Stephens,north_melbourne,True,5,Round 5,,,played,0,0
2026,135,12796,CD_I1004848,Dylan Stephens,north_melbourne,True,6,Round 6,,,played,0,0
2026,135,12796,CD_I1004848,Dylan Stephens,north_melbourne,True,7,Round 7,,,played,0,0
2026,135,12796,CD_I1004848,Dylan Stephens,north_melbourne,True,8,Round 8,,,played,0,0
2026,135,12796,CD_I1004848,Dylan Stephens,north_melbourne,True,9,Round 9,,,played,0,0
2026,135,12796,CD_I1004848,Dylan Stephens,north_melbourne,True,10,Round 10,,,played,0,0
2026,135,12796,CD_I1004848,Dylan Stephens,north_melbourne,True,11,Round 11,,,played,0,0
2026,135,12796,CD_I1004848,Dylan Stephens,north_melbourne,True,12,Round 12,,,bye,,
2026,135,12796,CD_I1004848,Dylan Stephens,north_melbourne,True,13,Round 13,,,played,0,0
2026,135,12796,CD_I1004848,Dylan Stephens,north_melbourne,True,14,Round 14,,,played,0,0
2026,135,12796,CD_I1004848,Dylan Stephens,north_melbourne,True,15,Round 15,,,played,0,0
2026,135,12796,CD_I1004848,Dylan Stephens,north_melbourne,True,16,Round 16,,,played,0,0
2026,135,12796,CD_I1004848,Dylan Stephens,north_melbourne,True,17,Round 17,,,played,0,0
2026,135,12796,CD_I1004848,Dylan Stephens,north_melbourne,True,18,Round 18,,,played,0,0
2026,135,12796,CD_I1004848,Dylan Stephens,north_melbourne,True,19,Round 19,,,played,0,0
2026,135,12796,CD_I1004848,Dylan Stephens,north_melbourne,True,20,Round 20,,,played,0,0
2026,135,12796,CD_I1004848,Dylan Stephens,north_melbourne,True,21,Round 21,,,played,0,0
2026,135,12796,CD_I1004848,Dylan Stephens,north_melbourne,True,22,Round 22,,,played,0,0
2026,135,12796,CD_I1004848,Dylan Stephens,north_melbourne,True,23,Round 23,,,played,0,0
2026,135,12796,CD_I1004848,Dylan Stephens,north_melbourne,True,24,Round 24,,,played,0,0
2026,136,13263,CD_I1031988,Cooper Trembath,north_melbourne,True,0,Opening Round,,,bye,,
2026,136,13263,CD_I1031988,Cooper Trembath,north_melbourne,True,1,Round 1,,,played,0,0
2026,136,13263,CD_I1031988,Cooper Trembath,north_melbourne,True,2,Round 2,,,played,0,0
2026,136,13263,CD_I1031988,Cooper Trembath,north_melbourne,True,3,Round 3,,,played,0,0
2026,136,13263,CD_I1031988,Cooper Trembath,north_melbourne,True,4,Round 4,CD_M20260140402,2026_R4_north_melbourne_v_carlton_2026-04-03,played,0,1
2026,136,13263,CD_I1031988,Cooper Trembath,north_melbourne,True,5,Round 5,,,played,0,0
2026,136,13263,CD_I1031988,Cooper Trembath,north_melbourne,True,6,Round 6,,,played,0,0
2026,136,13263,CD_I1031988,Cooper Trembath,north_melbourne,True,7,Round 7,,,played,0,0
2026,136,13263,CD_I1031988,Cooper Trembath,north_melbourne,True,8,Round 8,,,played,0,0
2026,136,13263,CD_I1031988,Cooper Trembath,north_melbourne,True,9,Round 9,,,played,0,0
2026,136,13263,CD_I1031988,Cooper Trembath,north_melbourne,True,10,Round 10,,,played,0,0
2026,136,13263,CD_I1031988,Cooper Trembath,north_melbourne,True,11,Round 11,,,played,0,0
2026,136,13263,CD_I1031988,Cooper Trembath,north_melbourne,True,12,Round 12,,,bye,,
2026,136,13263,CD_I1031988,Cooper Trembath,north_melbourne,True,13,Round 13,,,played,0,0
2026,136,13263,CD_I1031988,Cooper Trembath,north_melbourne,True,14,Round 14,,,played,0,0
2026,136,13263,CD_I1031988,Cooper Trembath,north_melbourne,True,15,Round 15,CD_M20260141506,2026_R15_richmond_v_north_melbourne_2026-06-21,played,2,3
2026,136,13263,CD_I1031988,Cooper Trembath,north_melbourne,True,16,Round 16,CD_M20260141606,2026_R16_north_melbourne_v_essendon_2026-06-28,played,0,1
2026,136,13263,CD_I1031988,Cooper Trembath,north_melbourne,True,17,Round 17,,,played,0,0
2026,136,13263,CD_I1031988,Cooper Trembath,north_melbourne,True,18,Round 18,,,played,0,0
2026,136,13263,CD_I1031988,Cooper Trembath,north_melbourne,True,19,Round 19,,,played,0,0
2026,136,13263,CD_I1031988,Cooper Trembath,north_melbourne,True,20,Round 20,,,played,0,0
2026,136,13263,CD_I1031988,Cooper Trembath,north_melbourne,True,21,Round 21,,,played,0,0
2026,136,13263,CD_I1031988,Cooper Trembath,north_melbourne,True,22,Round 22,,,played,0,0
2026,136,13263,CD_I1031988,Cooper Trembath,north_melbourne,True,23,Round 23,,,played,0,0
2026,136,13263,CD_I1031988,Cooper Trembath,north_melbourne,True,24,Round 24,,,played,0,0
2026,137,12143,CD_I294305,Lachie Whitfield,greater_western_sydney,True,0,Opening Round,,,played,0,0
2026,137,12143,CD_I294305,Lachie Whitfield,greater_western_sydney,True,1,Round 1,,,played,0,0
2026,137,12143,CD_I294305,Lachie Whitfield,greater_western_sydney,True,2,Round 2,,,played,0,0
2026,137,12143,CD_I294305,Lachie Whitfield,greater_western_sydney,True,3,Round 3,,,played,0,0
2026,137,12143,CD_I294305,Lachie Whitfield,greater_western_sydney,True,4,Round 4,,,bye,,
2026,137,12143,CD_I294305,Lachie Whitfield,greater_western_sydney,True,5,Round 5,,,played,0,0
2026,137,12143,CD_I294305,Lachie Whitfield,greater_western_sydney,True,6,Round 6,,,played,0,0
2026,137,12143,CD_I294305,Lachie Whitfield,greater_western_sydney,True,7,Round 7,,,played,0,0
2026,137,12143,CD_I294305,Lachie Whitfield,greater_western_sydney,True,8,Round 8,,,played,0,0
2026,137,12143,CD_I294305,Lachie Whitfield,greater_western_sydney,True,9,Round 9,CD_M20260140905,2026_R9_greater_western_sydney_v_essendon_2026-05-09,played,0,3
2026,137,12143,CD_I294305,Lachie Whitfield,greater_western_sydney,True,10,Round 10,,,played,0,0
2026,137,12143,CD_I294305,Lachie Whitfield,greater_western_sydney,True,11,Round 11,CD_M20260141108,2026_R11_greater_western_sydney_v_brisbane_lions_2026-05-24,did_not_play,,
2026,137,12143,CD_I294305,Lachie Whitfield,greater_western_sydney,True,12,Round 12,,,played,0,0
2026,137,12143,CD_I294305,Lachie Whitfield,greater_western_sydney,True,13,Round 13,,,bye,,
2026,137,12143,CD_I294305,Lachie Whitfield,greater_western_sydney,True,14,Round 14,,,played,0,0
2026,137,12143,CD_I294305,Lachie Whitfield,greater_western_sydney,True,15,Round 15,,,played,0,0
2026,137,12143,CD_I294305,Lachie Whitfield,greater_western_sydney,True,16,Round 16,,,played,0,0
2026,137,12143,CD_I294305,Lachie Whitfield,greater_western_sydney,True,17,Round 17,,,played,0,0
2026,137,12143,CD_I294305,Lachie Whitfield,greater_western_sydney,True,18,Round 18,CD_M20260141806,2026_R18_greater_western_sydney_v_geelong_2026-07-11,did_not_play,,
2026,137,12143,CD_I294305,Lachie Whitfield,greater_western_sydney,True,19,Round 19,,,played,0,0
2026,137,12143,CD_I294305,Lachie Whitfield,greater_western_sydney,True,20,Round 20,,,played,0,0
2026,137,12143,CD_I294305,Lachie Whitfield,greater_western_sydney,True,21,Round 21,CD_M20260142107,2026_R21_port_adelaide_v_greater_western_sydney_2026-08-01,played,1,3
2026,137,12143,CD_I294305,Lachie Whitfield,greater_western_sydney,True,22,Round 22,,,played,0,0
2026,137,12143,CD_I294305,Lachie Whitfield,greater_western_sydney,True,23,Round 23,CD_M20260142304,2026_R23_greater_western_sydney_v_west_coast_2026-08-16,played,1,1
2026,137,12143,CD_I294305,Lachie Whitfield,greater_western_sydney,True,24,Round 24,,,played,0,0
2026,138,12975,CD_I1002947,Paul Curtis,north_melbourne,False,0,Opening Round,,,bye,,
2026,138,12975,CD_I1002947,Paul Curtis,north_melbourne,False,1,Round 1,,,played,0,0
2026,138,12975,CD_I1002947,Paul Curtis,north_melbourne,False,2,Round 2,,,played,0,0
2026,138,12975,CD_I1002947,Paul Curtis,north_melbourne,False,3,Round 3,,,played,0,0
2026,138,12975,CD_I1002947,Paul Curtis,north_melbourne,False,4,Round 4,,,played,0,0
2026,138,12975,CD_I1002947,Paul Curtis,north_melbourne,False,5,Round 5,,,played,0,0
2026,138,12975,CD_I1002947,Paul Curtis,north_melbourne,False,6,Round 6,CD_M20260140607,2026_R6_north_melbourne_v_richmond_2026-04-19,played,1,1
2026,138,12975,CD_I1002947,Paul Curtis,north_melbourne,False,7,Round 7,,,played,0,0
2026,138,12975,CD_I1002947,Paul Curtis,north_melbourne,False,8,Round 8,,,played,0,0
2026,138,12975,CD_I1002947,Paul Curtis,north_melbourne,False,9,Round 9,,,played,0,0
2026,138,12975,CD_I1002947,Paul Curtis,north_melbourne,False,10,Round 10,,,played,0,0
2026,138,12975,CD_I1002947,Paul Curtis,north_melbourne,False,11,Round 11,,,played,0,0
2026,138,12975,CD_I1002947,Paul Curtis,north_melbourne,False,12,Round 12,,,bye,,
2026,138,12975,CD_I1002947,Paul Curtis,north_melbourne,False,13,Round 13,,,played,0,0
2026,138,12975,CD_I1002947,Paul Curtis,north_melbourne,False,14,Round 14,,,played,0,0
2026,138,12975,CD_I1002947,Paul Curtis,north_melbourne,False,15,Round 15,CD_M20260141506,2026_R15_richmond_v_north_melbourne_2026-06-21,did_not_play,,
2026,138,12975,CD_I1002947,Paul Curtis,north_melbourne,False,16,Round 16,CD_M20260141606,2026_R16_north_melbourne_v_essendon_2026-06-28,did_not_play,,
2026,138,12975,CD_I1002947,Paul Curtis,north_melbourne,False,17,Round 17,CD_M20260141706,2026_R17_port_adelaide_v_north_melbourne_2026-07-05,did_not_play,,
2026,138,12975,CD_I1002947,Paul Curtis,north_melbourne,False,18,Round 18,,,played,0,0
2026,138,12975,CD_I1002947,Paul Curtis,north_melbourne,False,19,Round 19,,,played,0,0
2026,138,12975,CD_I1002947,Paul Curtis,north_melbourne,False,20,Round 20,,,played,0,0
2026,138,12975,CD_I1002947,Paul Curtis,north_melbourne,False,21,Round 21,,,played,0,0
2026,138,12975,CD_I1002947,Paul Curtis,north_melbourne,False,22,Round 22,CD_M20260142209,2026_R22_western_bulldogs_v_north_melbourne_2026-08-06,played,1,2
2026,138,12975,CD_I1002947,Paul Curtis,north_melbourne,False,23,Round 23,,,played,0,0
2026,138,12975,CD_I1002947,Paul Curtis,north_melbourne,False,24,Round 24,,,played,0,0
2026,139,12710,CD_I1006314,Dylan Moore,hawthorn,False,0,Opening Round,,,played,0,0
2026,139,12710,CD_I1006314,Dylan Moore,hawthorn,False,1,Round 1,,,played,0,0
2026,139,12710,CD_I1006314,Dylan Moore,hawthorn,False,2,Round 2,CD_M20260140201,2026_R2_hawthorn_v_sydney_2026-03-19,played,2,0
2026,139,12710,CD_I1006314,Dylan Moore,hawthorn,False,3,Round 3,,,bye,,
2026,139,12710,CD_I1006314,Dylan Moore,hawthorn,False,4,Round 4,,,played,0,0
2026,139,12710,CD_I1006314,Dylan Moore,hawthorn,False,5,Round 5,,,played,0,0
2026,139,12710,CD_I1006314,Dylan Moore,hawthorn,False,6,Round 6,,,played,0,0
2026,139,12710,CD_I1006314,Dylan Moore,hawthorn,False,7,Round 7,CD_M20260140703,2026_R7_hawthorn_v_gold_coast_2026-04-25,did_not_play,,
2026,139,12710,CD_I1006314,Dylan Moore,hawthorn,False,8,Round 8,,,played,0,0
2026,139,12710,CD_I1006314,Dylan Moore,hawthorn,False,9,Round 9,,,played,0,0
2026,139,12710,CD_I1006314,Dylan Moore,hawthorn,False,10,Round 10,,,played,0,0
2026,139,12710,CD_I1006314,Dylan Moore,hawthorn,False,11,Round 11,,,played,0,0
2026,139,12710,CD_I1006314,Dylan Moore,hawthorn,False,12,Round 12,,,played,0,0
2026,139,12710,CD_I1006314,Dylan Moore,hawthorn,False,13,Round 13,,,played,0,0
2026,139,12710,CD_I1006314,Dylan Moore,hawthorn,False,14,Round 14,,,bye,,
2026,139,12710,CD_I1006314,Dylan Moore,hawthorn,False,15,Round 15,,,played,0,0
2026,139,12710,CD_I1006314,Dylan Moore,hawthorn,False,16,Round 16,,,played,0,0
2026,139,12710,CD_I1006314,Dylan Moore,hawthorn,False,17,Round 17,,,played,0,0
2026,139,12710,CD_I1006314,Dylan Moore,hawthorn,False,18,Round 18,,,played,0,0
2026,139,12710,CD_I1006314,Dylan Moore,hawthorn,False,19,Round 19,,,played,0,0
2026,139,12710,CD_I1006314,Dylan Moore,hawthorn,False,20,Round 20,,,played,0,0
2026,139,12710,CD_I1006314,Dylan Moore,hawthorn,False,21,Round 21,,,played,0,0
2026,139,12710,CD_I1006314,Dylan Moore,hawthorn,False,22,Round 22,,,played,0,0
2026,139,12710,CD_I1006314,Dylan Moore,hawthorn,False,23,Round 23,,,played,0,0
2026,139,12710,CD_I1006314,Dylan Moore,hawthorn,False,24,Round 24,,,played,0,0
2026,140,12844,CD_I1008091,Joel Amartey,sydney,True,0,Opening Round,,,played,0,0
2026,140,12844,CD_I1008091,Joel Amartey,sydney,True,1,Round 1,CD_M20260140105,2026_R1_sydney_v_brisbane_lions_2026-03-14,played,1,1
2026,140,12844,CD_I1008091,Joel Amartey,sydney,True,2,Round 2,,,played,0,0
2026,140,12844,CD_I1008091,Joel Amartey,sydney,True,3,Round 3,,,bye,,
2026,140,12844,CD_I1008091,Joel Amartey,sydney,True,4,Round 4,,,played,0,0
2026,140,12844,CD_I1008091,Joel Amartey,sydney,True,5,Round 5,,,played,0,0
2026,140,12844,CD_I1008091,Joel Amartey,sydney,True,6,Round 6,,,played,0,0
2026,140,12844,CD_I1008091,Joel Amartey,sydney,True,7,Round 7,,,played,0,0
2026,140,12844,CD_I1008091,Joel Amartey,sydney,True,8,Round 8,,,played,0,0
2026,140,12844,CD_I1008091,Joel Amartey,sydney,True,9,Round 9,,,played,0,0
2026,140,12844,CD_I1008091,Joel Amartey,sydney,True,10,Round 10,,,played,0,0
2026,140,12844,CD_I1008091,Joel Amartey,sydney,True,11,Round 11,,,played,0,0
2026,140,12844,CD_I1008091,Joel Amartey,sydney,True,12,Round 12,,,played,0,0
2026,140,12844,CD_I1008091,Joel Amartey,sydney,True,13,Round 13,,,played,0,0
2026,140,12844,CD_I1008091,Joel Amartey,sydney,True,14,Round 14,,,played,0,0
2026,140,12844,CD_I1008091,Joel Amartey,sydney,True,15,Round 15,,,bye,,
2026,140,12844,CD_I1008091,Joel Amartey,sydney,True,16,Round 16,,,played,0,0
2026,140,12844,CD_I1008091,Joel Amartey,sydney,True,17,Round 17,CD_M20260141708,2026_R17_sydney_v_western_bulldogs_2026-07-03,did_not_play,,
2026,140,12844,CD_I1008091,Joel Amartey,sydney,True,18,Round 18,CD_M20260141805,2026_R18_fremantle_v_sydney_2026-07-09,did_not_play,,
2026,140,12844,CD_I1008091,Joel Amartey,sydney,True,19,Round 19,CD_M20260141908,2026_R19_sydney_v_adelaide_2026-07-17,did_not_play,,
2026,140,12844,CD_I1008091,Joel Amartey,sydney,True,20,Round 20,CD_M20260142005,2026_R20_greater_western_sydney_v_sydney_2026-07-25,did_not_play,,
2026,140,12844,CD_I1008091,Joel Amartey,sydney,True,21,Round 21,CD_M20260142109,2026_R21_st_kilda_v_sydney_2026-08-01,did_not_play,,
2026,140,12844,CD_I1008091,Joel Amartey,sydney,True,22,Round 22,CD_M20260142207,2026_R22_sydney_v_port_adelaide_2026-08-08,did_not_play,,
2026,140,12844,CD_I1008091,Joel Amartey,sydney,True,23,Round 23,CD_M20260142302,2026_R23_essendon_v_sydney_2026-08-16,did_not_play,,
2026,140,12844,CD_I1008091,Joel Amartey,sydney,True,24,Round 24,CD_M20260142408,2026_R24_sydney_v_north_melbourne_2026-08-23,did_not_play,,
2026,141,13197,CD_I1028560,Levi Ashcroft,brisbane_lions,True,0,Opening Round,,,played,0,0
2026,141,13197,CD_I1028560,Levi Ashcroft,brisbane_lions,True,1,Round 1,,,played,0,0
2026,141,13197,CD_I1028560,Levi Ashcroft,brisbane_lions,True,2,Round 2,,,bye,,
2026,141,13197,CD_I1028560,Levi Ashcroft,brisbane_lions,True,3,Round 3,CD_M20260140303,2026_R3_st_kilda_v_brisbane_lions_2026-03-28,played,1,0
2026,141,13197,CD_I1028560,Levi Ashcroft,brisbane_lions,True,4,Round 4,,,played,0,0
2026,141,13197,CD_I1028560,Levi Ashcroft,brisbane_lions,True,5,Round 5,,,played,0,0
2026,141,13197,CD_I1028560,Levi Ashcroft,brisbane_lions,True,6,Round 6,,,played,0,0
2026,141,13197,CD_I1028560,Levi Ashcroft,brisbane_lions,True,7,Round 7,,,played,0,0
2026,141,13197,CD_I1028560,Levi Ashcroft,brisbane_lions,True,8,Round 8,,,played,0,0
2026,141,13197,CD_I1028560,Levi Ashcroft,brisbane_lions,True,9,Round 9,,,played,0,0
2026,141,13197,CD_I1028560,Levi Ashcroft,brisbane_lions,True,10,Round 10,,,played,0,0
2026,141,13197,CD_I1028560,Levi Ashcroft,brisbane_lions,True,11,Round 11,,,played,0,0
2026,141,13197,CD_I1028560,Levi Ashcroft,brisbane_lions,True,12,Round 12,,,played,0,0
2026,141,13197,CD_I1028560,Levi Ashcroft,brisbane_lions,True,13,Round 13,,,played,0,0
2026,141,13197,CD_I1028560,Levi Ashcroft,brisbane_lions,True,14,Round 14,,,played,0,0
2026,141,13197,CD_I1028560,Levi Ashcroft,brisbane_lions,True,15,Round 15,,,bye,,
2026,141,13197,CD_I1028560,Levi Ashcroft,brisbane_lions,True,16,Round 16,,,played,0,0
2026,141,13197,CD_I1028560,Levi Ashcroft,brisbane_lions,True,17,Round 17,,,played,0,0
2026,141,13197,CD_I1028560,Levi Ashcroft,brisbane_lions,True,18,Round 18,,,played,0,0
2026,141,13197,CD_I1028560,Levi Ashcroft,brisbane_lions,True,19,Round 19,,,played,0,0
2026,141,13197,CD_I1028560,Levi Ashcroft,brisbane_lions,True,20,Round 20,,,played,0,0
2026,141,13197,CD_I1028560,Levi Ashcroft,brisbane_lions,True,21,Round 21,,,played,0,0
2026,141,13197,CD_I1028560,Levi Ashcroft,brisbane_lions,True,22,Round 22,,,played,0,0
2026,141,13197,CD_I1028560,Levi Ashcroft,brisbane_lions,True,23,Round 23,,,played,0,0
2026,141,13197,CD_I1028560,Levi Ashcroft,brisbane_lions,True,24,Round 24,,,played,0,0
2026,142,12686,CD_I1002245,Noah Balta,richmond,True,0,Opening Round,,,bye,,
2026,142,12686,CD_I1002245,Noah Balta,richmond,True,1,Round 1,,,played,0,0
2026,142,12686,CD_I1002245,Noah Balta,richmond,True,2,Round 2,,,played,0,0
2026,142,12686,CD_I1002245,Noah Balta,richmond,True,3,Round 3,,,played,0,0
2026,142,12686,CD_I1002245,Noah Balta,richmond,True,4,Round 4,CD_M20260140404,2026_R4_richmond_v_port_adelaide_2026-04-04,did_not_play,,
2026,142,12686,CD_I1002245,Noah Balta,richmond,True,5,Round 5,,,played,0,0
2026,142,12686,CD_I1002245,Noah Balta,richmond,True,6,Round 6,,,played,0,0
2026,142,12686,CD_I1002245,Noah Balta,richmond,True,7,Round 7,,,played,0,0
2026,142,12686,CD_I1002245,Noah Balta,richmond,True,8,Round 8,CD_M20260140805,2026_R8_west_coast_v_richmond_2026-05-02,played,1,0
2026,142,12686,CD_I1002245,Noah Balta,richmond,True,9,Round 9,,,played,0,0
2026,142,12686,CD_I1002245,Noah Balta,richmond,True,10,Round 10,,,played,0,0
2026,142,12686,CD_I1002245,Noah Balta,richmond,True,11,Round 11,,,played,0,0
2026,142,12686,CD_I1002245,Noah Balta,richmond,True,12,Round 12,,,played,0,0
2026,142,12686,CD_I1002245,Noah Balta,richmond,True,13,Round 13,,,bye,,
2026,142,12686,CD_I1002245,Noah Balta,richmond,True,14,Round 14,,,played,0,0
2026,142,12686,CD_I1002245,Noah Balta,richmond,True,15,Round 15,,,played,0,0
2026,142,12686,CD_I1002245,Noah Balta,richmond,True,16,Round 16,,,played,0,0
2026,142,12686,CD_I1002245,Noah Balta,richmond,True,17,Round 17,,,played,0,0
2026,142,12686,CD_I1002245,Noah Balta,richmond,True,18,Round 18,,,played,0,0
2026,142,12686,CD_I1002245,Noah Balta,richmond,True,19,Round 19,,,played,0,0
2026,142,12686,CD_I1002245,Noah Balta,richmond,True,20,Round 20,CD_M20260142009,2026_R20_western_bulldogs_v_richmond_2026-07-25,did_not_play,,
2026,142,12686,CD_I1002245,Noah Balta,richmond,True,21,Round 21,CD_M20260142108,2026_R21_richmond_v_west_coast_2026-08-02,did_not_play,,
2026,142,12686,CD_I1002245,Noah Balta,richmond,True,22,Round 22,CD_M20260142201,2026_R22_adelaide_v_richmond_2026-08-08,did_not_play,,
2026,142,12686,CD_I1002245,Noah Balta,richmond,True,23,Round 23,CD_M20260142308,2026_R23_richmond_v_st_kilda_2026-08-15,did_not_play,,
2026,142,12686,CD_I1002245,Noah Balta,richmond,True,24,Round 24,CD_M20260142405,2026_R24_geelong_v_richmond_2026-08-22,did_not_play,,
2026,143,12383,CD_I990290,Tom Barrass,hawthorn,True,0,Opening Round,,,played,0,0
2026,143,12383,CD_I990290,Tom Barrass,hawthorn,True,1,Round 1,,,played,0,0
2026,143,12383,CD_I990290,Tom Barrass,hawthorn,True,2,Round 2,CD_M20260140201,2026_R2_hawthorn_v_sydney_2026-03-19,played,1,1
2026,143,12383,CD_I990290,Tom Barrass,hawthorn,True,3,Round 3,,,bye,,
2026,143,12383,CD_I990290,Tom Barrass,hawthorn,True,4,Round 4,,,played,0,0
2026,143,12383,CD_I990290,Tom Barrass,hawthorn,True,5,Round 5,,,played,0,0
2026,143,12383,CD_I990290,Tom Barrass,hawthorn,True,6,Round 6,,,played,0,0
2026,143,12383,CD_I990290,Tom Barrass,hawthorn,True,7,Round 7,,,played,0,0
2026,143,12383,CD_I990290,Tom Barrass,hawthorn,True,8,Round 8,,,played,0,0
2026,143,12383,CD_I990290,Tom Barrass,hawthorn,True,9,Round 9,,,played,0,0
2026,143,12383,CD_I990290,Tom Barrass,hawthorn,True,10,Round 10,CD_M20260141005,2026_R10_melbourne_v_hawthorn_2026-05-16,did_not_play,,
2026,143,12383,CD_I990290,Tom Barrass,hawthorn,True,11,Round 11,CD_M20260141101,2026_R11_hawthorn_v_adelaide_2026-05-21,did_not_play,,
2026,143,12383,CD_I990290,Tom Barrass,hawthorn,True,12,Round 12,CD_M20260141201,2026_R12_st_kilda_v_hawthorn_2026-05-28,did_not_play,,
2026,143,12383,CD_I990290,Tom Barrass,hawthorn,True,13,Round 13,CD_M20260141302,2026_R13_hawthorn_v_western_bulldogs_2026-06-05,did_not_play,,
2026,143,12383,CD_I990290,Tom Barrass,hawthorn,True,14,Round 14,,,bye,,
2026,143,12383,CD_I990290,Tom Barrass,hawthorn,True,15,Round 15,,,played,0,0
2026,143,12383,CD_I990290,Tom Barrass,hawthorn,True,16,Round 16,,,played,0,0
2026,143,12383,CD_I990290,Tom Barrass,hawthorn,True,17,Round 17,,,played,0,0
2026,143,12383,CD_I990290,Tom Barrass,hawthorn,True,18,Round 18,,,played,0,0
2026,143,12383,CD_I990290,Tom Barrass,hawthorn,True,19,Round 19,,,played,0,0
2026,143,12383,CD_I990290,Tom Barrass,hawthorn,True,20,Round 20,,,played,0,0
2026,143,12383,CD_I990290,Tom Barrass,hawthorn,True,21,Round 21,,,played,0,0
2026,143,12383,CD_I990290,Tom Barrass,hawthorn,True,22,Round 22,,,played,0,0
2026,143,12383,CD_I990290,Tom Barrass,hawthorn,True,23,Round 23,,,played,0,0
2026,143,12383,CD_I990290,Tom Barrass,hawthorn,True,24,Round 24,,,played,0,0
2026,144,12916,CD_I1000864,Lachlan Bramble,western_bulldogs,True,0,Opening Round,,,played,0,0
2026,144,12916,CD_I1000864,Lachlan Bramble,western_bulldogs,True,1,Round 1,,,played,0,0
2026,144,12916,CD_I1000864,Lachlan Bramble,western_bulldogs,True,2,Round 2,,,played,0,0
2026,144,12916,CD_I1000864,Lachlan Bramble,western_bulldogs,True,3,Round 3,,,bye,,
2026,144,12916,CD_I1000864,Lachlan Bramble,western_bulldogs,True,4,Round 4,,,played,0,0
2026,144,12916,CD_I1000864,Lachlan Bramble,western_bulldogs,True,5,Round 5,,,played,0,0
2026,144,12916,CD_I1000864,Lachlan Bramble,western_bulldogs,True,6,Round 6,,,played,0,0
2026,144,12916,CD_I1000864,Lachlan Bramble,western_bulldogs,True,7,Round 7,,,played,0,0
2026,144,12916,CD_I1000864,Lachlan Bramble,western_bulldogs,True,8,Round 8,,,played,0,0
2026,144,12916,CD_I1000864,Lachlan Bramble,western_bulldogs,True,9,Round 9,,,played,0,0
2026,144,12916,CD_I1000864,Lachlan Bramble,western_bulldogs,True,10,Round 10,,,played,0,0
2026,144,12916,CD_I1000864,Lachlan Bramble,western_bulldogs,True,11,Round 11,,,played,0,0
2026,144,12916,CD_I1000864,Lachlan Bramble,western_bulldogs,True,12,Round 12,,,played,0,0
2026,144,12916,CD_I1000864,Lachlan Bramble,western_bulldogs,True,13,Round 13,,,played,0,0
2026,144,12916,CD_I1000864,Lachlan Bramble,western_bulldogs,True,14,Round 14,,,played,0,0
2026,144,12916,CD_I1000864,Lachlan Bramble,western_bulldogs,True,15,Round 15,,,played,0,0
2026,144,12916,CD_I1000864,Lachlan Bramble,western_bulldogs,True,16,Round 16,,,bye,,
2026,144,12916,CD_I1000864,Lachlan Bramble,western_bulldogs,True,17,Round 17,,,played,0,0
2026,144,12916,CD_I1000864,Lachlan Bramble,western_bulldogs,True,18,Round 18,,,played,0,0
2026,144,12916,CD_I1000864,Lachlan Bramble,western_bulldogs,True,19,Round 19,,,played,0,0
2026,144,12916,CD_I1000864,Lachlan Bramble,western_bulldogs,True,20,Round 20,CD_M20260142009,2026_R20_western_bulldogs_v_richmond_2026-07-25,played,1,0
2026,144,12916,CD_I1000864,Lachlan Bramble,western_bulldogs,True,21,Round 21,,,played,0,0
2026,144,12916,CD_I1000864,Lachlan Bramble,western_bulldogs,True,22,Round 22,,,played,0,0
2026,144,12916,CD_I1000864,Lachlan Bramble,western_bulldogs,True,23,Round 23,,,played,0,0
2026,144,12916,CD_I1000864,Lachlan Bramble,western_bulldogs,True,24,Round 24,,,played,0,0
2026,145,13148,CD_I1027899,Nate Caddy,essendon,True,0,Opening Round,,,bye,,
2026,145,13148,CD_I1027899,Nate Caddy,essendon,True,1,Round 1,,,played,0,0
2026,145,13148,CD_I1027899,Nate Caddy,essendon,True,2,Round 2,,,played,0,0
2026,145,13148,CD_I1027899,Nate Caddy,essendon,True,3,Round 3,,,played,0,0
2026,145,13148,CD_I1027899,Nate Caddy,essendon,True,4,Round 4,CD_M20260140407,2026_R4_western_bulldogs_v_essendon_2026-04-05,did_not_play,,
2026,145,13148,CD_I1027899,Nate Caddy,essendon,True,5,Round 5,,,played,0,0
2026,145,13148,CD_I1027899,Nate Caddy,essendon,True,6,Round 6,,,played,0,0
2026,145,13148,CD_I1027899,Nate Caddy,essendon,True,7,Round 7,,,played,0,0
2026,145,13148,CD_I1027899,Nate Caddy,essendon,True,8,Round 8,,,played,0,0
2026,145,13148,CD_I1027899,Nate Caddy,essendon,True,9,Round 9,,,played,0,0
2026,145,13148,CD_I1027899,Nate Caddy,essendon,True,10,Round 10,,,played,0,0
2026,145,13148,CD_I1027899,Nate Caddy,essendon,True,11,Round 11,,,played,0,0
2026,145,13148,CD_I1027899,Nate Caddy,essendon,True,12,Round 12,,,played,0,0
2026,145,13148,CD_I1027899,Nate Caddy,essendon,True,13,Round 13,,,played,0,0
2026,145,13148,CD_I1027899,Nate Caddy,essendon,True,14,Round 14,,,played,0,0
2026,145,13148,CD_I1027899,Nate Caddy,essendon,True,15,Round 15,,,bye,,
2026,145,13148,CD_I1027899,Nate Caddy,essendon,True,16,Round 16,,,played,0,0
2026,145,13148,CD_I1027899,Nate Caddy,essendon,True,17,Round 17,,,played,0,0
2026,145,13148,CD_I1027899,Nate Caddy,essendon,True,18,Round 18,,,played,0,0
2026,145,13148,CD_I1027899,Nate Caddy,essendon,True,19,Round 19,,,played,0,0
2026,145,13148,CD_I1027899,Nate Caddy,essendon,True,20,Round 20,,,played,0,0
2026,145,13148,CD_I1027899,Nate Caddy,essendon,True,21,Round 21,,,played,0,0
2026,145,13148,CD_I1027899,Nate Caddy,essendon,True,22,Round 22,,,played,0,0
2026,145,13148,CD_I1027899,Nate Caddy,essendon,True,23,Round 23,,,played,0,0
2026,145,13148,CD_I1027899,Nate Caddy,essendon,True,24,Round 24,CD_M20260142404,2026_R24_essendon_v_port_adelaide_2026-08-23,played,1,2
2026,146,12660,CD_I990291,Darcy Cameron,collingwood,True,0,Opening Round,,,played,0,0
2026,146,12660,CD_I990291,Darcy Cameron,collingwood,True,1,Round 1,,,played,0,0
2026,146,12660,CD_I990291,Darcy Cameron,collingwood,True,2,Round 2,,,bye,,
2026,146,12660,CD_I990291,Darcy Cameron,collingwood,True,3,Round 3,,,played,0,0
2026,146,12660,CD_I990291,Darcy Cameron,collingwood,True,4,Round 4,,,played,0,0
2026,146,12660,CD_I990291,Darcy Cameron,collingwood,True,5,Round 5,,,played,0,0
2026,146,12660,CD_I990291,Darcy Cameron,collingwood,True,6,Round 6,,,played,0,0
2026,146,12660,CD_I990291,Darcy Cameron,collingwood,True,7,Round 7,,,played,0,0
2026,146,12660,CD_I990291,Darcy Cameron,collingwood,True,8,Round 8,,,played,0,0
2026,146,12660,CD_I990291,Darcy Cameron,collingwood,True,9,Round 9,,,played,0,0
2026,146,12660,CD_I990291,Darcy Cameron,collingwood,True,10,Round 10,CD_M20260141002,2026_R10_sydney_v_collingwood_2026-05-15,did_not_play,,
2026,146,12660,CD_I990291,Darcy Cameron,collingwood,True,11,Round 11,CD_M20260141106,2026_R11_collingwood_v_west_coast_2026-05-23,played,1,0
2026,146,12660,CD_I990291,Darcy Cameron,collingwood,True,12,Round 12,,,played,0,0
2026,146,12660,CD_I990291,Darcy Cameron,collingwood,True,13,Round 13,,,played,0,0
2026,146,12660,CD_I990291,Darcy Cameron,collingwood,True,14,Round 14,,,bye,,
2026,146,12660,CD_I990291,Darcy Cameron,collingwood,True,15,Round 15,,,played,0,0
2026,146,12660,CD_I990291,Darcy Cameron,collingwood,True,16,Round 16,,,played,0,0
2026,146,12660,CD_I990291,Darcy Cameron,collingwood,True,17,Round 17,,,played,0,0
2026,146,12660,CD_I990291,Darcy Cameron,collingwood,True,18,Round 18,,,played,0,0
2026,146,12660,CD_I990291,Darcy Cameron,collingwood,True,19,Round 19,CD_M20260141901,2026_R19_collingwood_v_carlton_2026-07-18,played,0,2
2026,146,12660,CD_I990291,Darcy Cameron,collingwood,True,20,Round 20,CD_M20260142001,2026_R20_adelaide_v_collingwood_2026-07-23,played,0,2
2026,146,12660,CD_I990291,Darcy Cameron,collingwood,True,21,Round 21,,,played,0,0
2026,146,12660,CD_I990291,Darcy Cameron,collingwood,True,22,Round 22,,,played,0,0
2026,146,12660,CD_I990291,Darcy Cameron,collingwood,True,23,Round 23,,,played,0,0
2026,146,12660,CD_I990291,Darcy Cameron,collingwood,True,24,Round 24,,,played,0,0
2026,147,12863,CD_I1013133,Braeden Campbell,sydney,True,0,Opening Round,CD_M20260140001,2026_R0_sydney_v_carlton_2026-03-05,did_not_play,,
2026,147,12863,CD_I1013133,Braeden Campbell,sydney,True,1,Round 1,CD_M20260140105,2026_R1_sydney_v_brisbane_lions_2026-03-14,did_not_play,,
2026,147,12863,CD_I1013133,Braeden Campbell,sydney,True,2,Round 2,CD_M20260140201,2026_R2_hawthorn_v_sydney_2026-03-19,did_not_play,,
2026,147,12863,CD_I1013133,Braeden Campbell,sydney,True,3,Round 3,,,bye,,
2026,147,12863,CD_I1013133,Braeden Campbell,sydney,True,4,Round 4,CD_M20260140405,2026_R4_west_coast_v_sydney_2026-04-04,did_not_play,,
2026,147,12863,CD_I1013133,Braeden Campbell,sydney,True,5,Round 5,CD_M20260140505,2026_R5_sydney_v_gold_coast_2026-04-11,did_not_play,,
2026,147,12863,CD_I1013133,Braeden Campbell,sydney,True,6,Round 6,CD_M20260140603,2026_R6_sydney_v_greater_western_sydney_2026-04-17,did_not_play,,
2026,147,12863,CD_I1013133,Braeden Campbell,sydney,True,7,Round 7,CD_M20260140701,2026_R7_western_bulldogs_v_sydney_2026-04-23,did_not_play,,
2026,147,12863,CD_I1013133,Braeden Campbell,sydney,True,8,Round 8,CD_M20260140808,2026_R8_sydney_v_melbourne_2026-05-03,did_not_play,,
2026,147,12863,CD_I1013133,Braeden Campbell,sydney,True,9,Round 9,CD_M20260140904,2026_R9_north_melbourne_v_sydney_2026-05-09,did_not_play,,
2026,147,12863,CD_I1013133,Braeden Campbell,sydney,True,10,Round 10,CD_M20260141002,2026_R10_sydney_v_collingwood_2026-05-15,did_not_play,,
2026,147,12863,CD_I1013133,Braeden Campbell,sydney,True,11,Round 11,CD_M20260141105,2026_R11_geelong_v_sydney_2026-05-23,did_not_play,,
2026,147,12863,CD_I1013133,Braeden Campbell,sydney,True,12,Round 12,CD_M20260141203,2026_R12_sydney_v_richmond_2026-05-30,did_not_play,,
2026,147,12863,CD_I1013133,Braeden Campbell,sydney,True,13,Round 13,CD_M20260141306,2026_R13_sydney_v_st_kilda_2026-06-07,did_not_play,,
2026,147,12863,CD_I1013133,Braeden Campbell,sydney,True,14,Round 14,CD_M20260141405,2026_R14_port_adelaide_v_sydney_2026-06-13,did_not_play,,
2026,147,12863,CD_I1013133,Braeden Campbell,sydney,True,15,Round 15,,,bye,,
2026,147,12863,CD_I1013133,Braeden Campbell,sydney,True,16,Round 16,CD_M20260141601,2026_R16_brisbane_lions_v_sydney_2026-06-25,did_not_play,,
2026,147,12863,CD_I1013133,Braeden Campbell,sydney,True,17,Round 17,CD_M20260141708,2026_R17_sydney_v_western_bulldogs_2026-07-03,did_not_play,,
2026,147,12863,CD_I1013133,Braeden Campbell,sydney,True,18,Round 18,CD_M20260141805,2026_R18_fremantle_v_sydney_2026-07-09,did_not_play,,
2026,147,12863,CD_I1013133,Braeden Campbell,sydney,True,19,Round 19,,,played,0,0
2026,147,12863,CD_I1013133,Braeden Campbell,sydney,True,20,Round 20,,,played,0,0
2026,147,12863,CD_I1013133,Braeden Campbell,sydney,True,21,Round 21,,,played,0,0
2026,147,12863,CD_I1013133,Braeden Campbell,sydney,True,22,Round 22,,,played,0,0
2026,147,12863,CD_I1013133,Braeden Campbell,sydney,True,23,Round 23,,,played,0,0
2026,147,12863,CD_I1013133,Braeden Campbell,sydney,True,24,Round 24,CD_M20260142408,2026_R24_sydney_v_north_melbourne_2026-08-23,played,1,0
2026,148,12656,CD_I1002251,Brent Daniels,greater_western_sydney,True,0,Opening Round,CD_M20260140003,2026_R0_greater_western_sydney_v_hawthorn_2026-03-07,did_not_play,,
2026,148,12656,CD_I1002251,Brent Daniels,greater_western_sydney,True,1,Round 1,CD_M20260140103,2026_R1_western_bulldogs_v_greater_western_sydney_2026-03-14,did_not_play,,
2026,148,12656,CD_I1002251,Brent Daniels,greater_western_sydney,True,2,Round 2,CD_M20260140204,2026_R2_greater_western_sydney_v_st_kilda_2026-03-21,did_not_play,,
2026,148,12656,CD_I1002251,Brent Daniels,greater_western_sydney,True,3,Round 3,CD_M20260140302,2026_R3_collingwood_v_greater_western_sydney_2026-03-27,did_not_play,,
2026,148,12656,CD_I1002251,Brent Daniels,greater_western_sydney,True,4,Round 4,,,bye,,
2026,148,12656,CD_I1002251,Brent Daniels,greater_western_sydney,True,5,Round 5,,,played,0,0
2026,148,12656,CD_I1002251,Brent Daniels,greater_western_sydney,True,6,Round 6,CD_M20260140603,2026_R6_sydney_v_greater_western_sydney_2026-04-17,did_not_play,,
2026,148,12656,CD_I1002251,Brent Daniels,greater_western_sydney,True,7,Round 7,,,played,0,0
2026,148,12656,CD_I1002251,Brent Daniels,greater_western_sydney,True,8,Round 8,,,played,0,0
2026,148,12656,CD_I1002251,Brent Daniels,greater_western_sydney,True,9,Round 9,,,played,0,0
2026,148,12656,CD_I1002251,Brent Daniels,greater_western_sydney,True,10,Round 10,,,played,0,0
2026,148,12656,CD_I1002251,Brent Daniels,greater_western_sydney,True,11,Round 11,,,played,0,0
2026,148,12656,CD_I1002251,Brent Daniels,greater_western_sydney,True,12,Round 12,,,played,0,0
2026,148,12656,CD_I1002251,Brent Daniels,greater_western_sydney,True,13,Round 13,,,bye,,
2026,148,12656,CD_I1002251,Brent Daniels,greater_western_sydney,True,14,Round 14,CD_M20260141407,2026_R14_st_kilda_v_greater_western_sydney_2026-06-14,played,1,0
2026,148,12656,CD_I1002251,Brent Daniels,greater_western_sydney,True,15,Round 15,,,played,0,0
2026,148,12656,CD_I1002251,Brent Daniels,greater_western_sydney,True,16,Round 16,,,played,0,0
2026,148,12656,CD_I1002251,Brent Daniels,greater_western_sydney,True,17,Round 17,CD_M20260141704,2026_R17_greater_western_sydney_v_fremantle_2026-07-04,did_not_play,,
2026,148,12656,CD_I1002251,Brent Daniels,greater_western_sydney,True,18,Round 18,CD_M20260141806,2026_R18_greater_western_sydney_v_geelong_2026-07-11,did_not_play,,
2026,148,12656,CD_I1002251,Brent Daniels,greater_western_sydney,True,19,Round 19,CD_M20260141902,2026_R19_essendon_v_greater_western_sydney_2026-07-19,did_not_play,,
2026,148,12656,CD_I1002251,Brent Daniels,greater_western_sydney,True,20,Round 20,CD_M20260142005,2026_R20_greater_western_sydney_v_sydney_2026-07-25,did_not_play,,
2026,148,12656,CD_I1002251,Brent Daniels,greater_western_sydney,True,21,Round 21,CD_M20260142107,2026_R21_port_adelaide_v_greater_western_sydney_2026-08-01,did_not_play,,
2026,148,12656,CD_I1002251,Brent Daniels,greater_western_sydney,True,22,Round 22,CD_M20260142204,2026_R22_greater_western_sydney_v_gold_coast_2026-08-09,did_not_play,,
2026,148,12656,CD_I1002251,Brent Daniels,greater_western_sydney,True,23,Round 23,CD_M20260142304,2026_R23_greater_western_sydney_v_west_coast_2026-08-16,did_not_play,,
2026,148,12656,CD_I1002251,Brent Daniels,greater_western_sydney,True,24,Round 24,CD_M20260142401,2026_R24_adelaide_v_greater_western_sydney_2026-08-22,did_not_play,,
2026,149,13021,CD_I1017126,Sam Darcy,western_bulldogs,True,0,Opening Round,,,played,0,0
2026,149,13021,CD_I1017126,Sam Darcy,western_bulldogs,True,1,Round 1,CD_M20260140103,2026_R1_western_bulldogs_v_greater_western_sydney_2026-03-14,played,0,1
2026,149,13021,CD_I1017126,Sam Darcy,western_bulldogs,True,2,Round 2,,,played,0,0
2026,149,13021,CD_I1017126,Sam Darcy,western_bulldogs,True,3,Round 3,,,bye,,
2026,149,13021,CD_I1017126,Sam Darcy,western_bulldogs,True,4,Round 4,CD_M20260140407,2026_R4_western_bulldogs_v_essendon_2026-04-05,played,1,0
2026,149,13021,CD_I1017126,Sam Darcy,western_bulldogs,True,5,Round 5,,,played,0,0
2026,149,13021,CD_I1017126,Sam Darcy,western_bulldogs,True,6,Round 6,,,played,0,0
2026,149,13021,CD_I1017126,Sam Darcy,western_bulldogs,True,7,Round 7,CD_M20260140701,2026_R7_western_bulldogs_v_sydney_2026-04-23,did_not_play,,
2026,149,13021,CD_I1017126,Sam Darcy,western_bulldogs,True,8,Round 8,CD_M20260140802,2026_R8_western_bulldogs_v_fremantle_2026-05-01,did_not_play,,
2026,149,13021,CD_I1017126,Sam Darcy,western_bulldogs,True,9,Round 9,CD_M20260140903,2026_R9_port_adelaide_v_western_bulldogs_2026-05-08,did_not_play,,
2026,149,13021,CD_I1017126,Sam Darcy,western_bulldogs,True,10,Round 10,CD_M20260141006,2026_R10_carlton_v_western_bulldogs_2026-05-16,did_not_play,,
2026,149,13021,CD_I1017126,Sam Darcy,western_bulldogs,True,11,Round 11,CD_M20260141109,2026_R11_western_bulldogs_v_melbourne_2026-05-24,did_not_play,,
2026,149,13021,CD_I1017126,Sam Darcy,western_bulldogs,True,12,Round 12,CD_M20260141205,2026_R12_western_bulldogs_v_collingwood_2026-05-30,did_not_play,,
2026,149,13021,CD_I1017126,Sam Darcy,western_bulldogs,True,13,Round 13,CD_M20260141302,2026_R13_hawthorn_v_western_bulldogs_2026-06-05,did_not_play,,
2026,149,13021,CD_I1017126,Sam Darcy,western_bulldogs,True,14,Round 14,CD_M20260141401,2026_R14_western_bulldogs_v_adelaide_2026-06-11,did_not_play,,
2026,149,13021,CD_I1017126,Sam Darcy,western_bulldogs,True,15,Round 15,CD_M20260141507,2026_R15_st_kilda_v_western_bulldogs_2026-06-21,did_not_play,,
2026,149,13021,CD_I1017126,Sam Darcy,western_bulldogs,True,16,Round 16,,,bye,,
2026,149,13021,CD_I1017126,Sam Darcy,western_bulldogs,True,17,Round 17,CD_M20260141708,2026_R17_sydney_v_western_bulldogs_2026-07-03,did_not_play,,
2026,149,13021,CD_I1017126,Sam Darcy,western_bulldogs,True,18,Round 18,CD_M20260141809,2026_R18_western_bulldogs_v_west_coast_2026-07-12,did_not_play,,
2026,149,13021,CD_I1017126,Sam Darcy,western_bulldogs,True,19,Round 19,CD_M20260141904,2026_R19_gold_coast_v_western_bulldogs_2026-07-19,did_not_play,,
2026,149,13021,CD_I1017126,Sam Darcy,western_bulldogs,True,20,Round 20,CD_M20260142009,2026_R20_western_bulldogs_v_richmond_2026-07-25,did_not_play,,
2026,149,13021,CD_I1017126,Sam Darcy,western_bulldogs,True,21,Round 21,CD_M20260142104,2026_R21_fremantle_v_western_bulldogs_2026-07-31,did_not_play,,
2026,149,13021,CD_I1017126,Sam Darcy,western_bulldogs,True,22,Round 22,CD_M20260142209,2026_R22_western_bulldogs_v_north_melbourne_2026-08-06,did_not_play,,
2026,149,13021,CD_I1017126,Sam Darcy,western_bulldogs,True,23,Round 23,CD_M20260142309,2026_R23_western_bulldogs_v_carlton_2026-08-16,did_not_play,,
2026,149,13021,CD_I1017126,Sam Darcy,western_bulldogs,True,24,Round 24,CD_M20260142406,2026_R24_melbourne_v_western_bulldogs_2026-08-22,did_not_play,,
2026,150,11905,CD_I290838,Jack Darling,north_melbourne,True,0,Opening Round,,,bye,,
2026,150,11905,CD_I290838,Jack Darling,north_melbourne,True,1,Round 1,,,played,0,0
2026,150,11905,CD_I290838,Jack Darling,north_melbourne,True,2,Round 2,,,played,0,0
2026,150,11905,CD_I290838,Jack Darling,north_melbourne,True,3,Round 3,CD_M20260140305,2026_R3_essendon_v_north_melbourne_2026-03-28,did_not_play,,
2026,150,11905,CD_I290838,Jack Darling,north_melbourne,True,4,Round 4,,,played,0,0
2026,150,11905,CD_I290838,Jack Darling,north_melbourne,True,5,Round 5,,,played,0,0
2026,150,11905,CD_I290838,Jack Darling,north_melbourne,True,6,Round 6,,,played,0,0
2026,150,11905,CD_I290838,Jack Darling,north_melbourne,True,7,Round 7,,,played,0,0
2026,150,11905,CD_I290838,Jack Darling,north_melbourne,True,8,Round 8,,,played,0,0
2026,150,11905,CD_I290838,Jack Darling,north_melbourne,True,9,Round 9,,,played,0,0
2026,150,11905,CD_I290838,Jack Darling,north_melbourne,True,10,Round 10,,,played,0,0
2026,150,11905,CD_I290838,Jack Darling,north_melbourne,True,11,Round 11,,,played,0,0
2026,150,11905,CD_I290838,Jack Darling,north_melbourne,True,12,Round 12,,,bye,,
2026,150,11905,CD_I290838,Jack Darling,north_melbourne,True,13,Round 13,,,played,0,0
2026,150,11905,CD_I290838,Jack Darling,north_melbourne,True,14,Round 14,CD_M20260141404,2026_R14_north_melbourne_v_west_coast_2026-06-13,played,1,0
2026,150,11905,CD_I290838,Jack Darling,north_melbourne,True,15,Round 15,,,played,0,0
2026,150,11905,CD_I290838,Jack Darling,north_melbourne,True,16,Round 16,,,played,0,0
2026,150,11905,CD_I290838,Jack Darling,north_melbourne,True,17,Round 17,,,played,0,0
2026,150,11905,CD_I290838,Jack Darling,north_melbourne,True,18,Round 18,,,played,0,0
2026,150,11905,CD_I290838,Jack Darling,north_melbourne,True,19,Round 19,,,played,0,0
2026,150,11905,CD_I290838,Jack Darling,north_melbourne,True,20,Round 20,,,played,0,0
2026,150,11905,CD_I290838,Jack Darling,north_melbourne,True,21,Round 21,,,played,0,0
2026,150,11905,CD_I290838,Jack Darling,north_melbourne,True,22,Round 22,,,played,0,0
2026,150,11905,CD_I290838,Jack Darling,north_melbourne,True,23,Round 23,,,played,0,0
2026,150,11905,CD_I290838,Jack Darling,north_melbourne,True,24,Round 24,,,played,0,0
2026,151,13273,CD_I1033084,Harry Dean,carlton,True,0,Opening Round,,,played,0,0
2026,151,13273,CD_I1033084,Harry Dean,carlton,True,1,Round 1,,,played,0,0
2026,151,13273,CD_I1033084,Harry Dean,carlton,True,2,Round 2,,,bye,,
2026,151,13273,CD_I1033084,Harry Dean,carlton,True,3,Round 3,,,played,0,0
2026,151,13273,CD_I1033084,Harry Dean,carlton,True,4,Round 4,CD_M20260140402,2026_R4_north_melbourne_v_carlton_2026-04-03,did_not_play,,
2026,151,13273,CD_I1033084,Harry Dean,carlton,True,5,Round 5,CD_M20260140501,2026_R5_adelaide_v_carlton_2026-04-09,did_not_play,,
2026,151,13273,CD_I1033084,Harry Dean,carlton,True,6,Round 6,,,played,0,0
2026,151,13273,CD_I1033084,Harry Dean,carlton,True,7,Round 7,,,played,0,0
2026,151,13273,CD_I1033084,Harry Dean,carlton,True,8,Round 8,,,played,0,0
2026,151,13273,CD_I1033084,Harry Dean,carlton,True,9,Round 9,,,played,0,0
2026,151,13273,CD_I1033084,Harry Dean,carlton,True,10,Round 10,,,played,0,0
2026,151,13273,CD_I1033084,Harry Dean,carlton,True,11,Round 11,,,played,0,0
2026,151,13273,CD_I1033084,Harry Dean,carlton,True,12,Round 12,,,played,0,0
2026,151,13273,CD_I1033084,Harry Dean,carlton,True,13,Round 13,,,played,0,0
2026,151,13273,CD_I1033084,Harry Dean,carlton,True,14,Round 14,,,bye,,
2026,151,13273,CD_I1033084,Harry Dean,carlton,True,15,Round 15,,,played,0,0
2026,151,13273,CD_I1033084,Harry Dean,carlton,True,16,Round 16,CD_M20260141602,2026_R16_carlton_v_west_coast_2026-06-27,played,1,0
2026,151,13273,CD_I1033084,Harry Dean,carlton,True,17,Round 17,CD_M20260141707,2026_R17_richmond_v_carlton_2026-07-04,did_not_play,,
2026,151,13273,CD_I1033084,Harry Dean,carlton,True,18,Round 18,,,played,0,0
2026,151,13273,CD_I1033084,Harry Dean,carlton,True,19,Round 19,,,played,0,0
2026,151,13273,CD_I1033084,Harry Dean,carlton,True,20,Round 20,,,played,0,0
2026,151,13273,CD_I1033084,Harry Dean,carlton,True,21,Round 21,,,played,0,0
2026,151,13273,CD_I1033084,Harry Dean,carlton,True,22,Round 22,,,played,0,0
2026,151,13273,CD_I1033084,Harry Dean,carlton,True,23,Round 23,,,played,0,0
2026,151,13273,CD_I1033084,Harry Dean,carlton,True,24,Round 24,,,played,0,0
2026,152,12408,CD_I993834,Josh Dunkley,brisbane_lions,True,0,Opening Round,,,played,0,0
2026,152,12408,CD_I993834,Josh Dunkley,brisbane_lions,True,1,Round 1,,,played,0,0
2026,152,12408,CD_I993834,Josh Dunkley,brisbane_lions,True,2,Round 2,,,bye,,
2026,152,12408,CD_I993834,Josh Dunkley,brisbane_lions,True,3,Round 3,,,played,0,0
2026,152,12408,CD_I993834,Josh Dunkley,brisbane_lions,True,4,Round 4,,,played,0,0
2026,152,12408,CD_I993834,Josh Dunkley,brisbane_lions,True,5,Round 5,,,played,0,0
2026,152,12408,CD_I993834,Josh Dunkley,brisbane_lions,True,6,Round 6,,,played,0,0
2026,152,12408,CD_I993834,Josh Dunkley,brisbane_lions,True,7,Round 7,,,played,0,0
2026,152,12408,CD_I993834,Josh Dunkley,brisbane_lions,True,8,Round 8,,,played,0,0
2026,152,12408,CD_I993834,Josh Dunkley,brisbane_lions,True,9,Round 9,,,played,0,0
2026,152,12408,CD_I993834,Josh Dunkley,brisbane_lions,True,10,Round 10,,,played,0,0
2026,152,12408,CD_I993834,Josh Dunkley,brisbane_lions,True,11,Round 11,,,played,0,0
2026,152,12408,CD_I993834,Josh Dunkley,brisbane_lions,True,12,Round 12,,,played,0,0
2026,152,12408,CD_I993834,Josh Dunkley,brisbane_lions,True,13,Round 13,,,played,0,0
2026,152,12408,CD_I993834,Josh Dunkley,brisbane_lions,True,14,Round 14,,,played,0,0
2026,152,12408,CD_I993834,Josh Dunkley,brisbane_lions,True,15,Round 15,,,bye,,
2026,152,12408,CD_I993834,Josh Dunkley,brisbane_lions,True,16,Round 16,CD_M20260141601,2026_R16_brisbane_lions_v_sydney_2026-06-25,played,0,2
2026,152,12408,CD_I993834,Josh Dunkley,brisbane_lions,True,17,Round 17,,,played,0,0
2026,152,12408,CD_I993834,Josh Dunkley,brisbane_lions,True,18,Round 18,,,played,0,0
2026,152,12408,CD_I993834,Josh Dunkley,brisbane_lions,True,19,Round 19,CD_M20260141909,2026_R19_west_coast_v_brisbane_lions_2026-07-18,played,1,0
2026,152,12408,CD_I993834,Josh Dunkley,brisbane_lions,True,20,Round 20,,,played,0,0
2026,152,12408,CD_I993834,Josh Dunkley,brisbane_lions,True,21,Round 21,,,played,0,0
2026,152,12408,CD_I993834,Josh Dunkley,brisbane_lions,True,22,Round 22,,,played,0,0
2026,152,12408,CD_I993834,Josh Dunkley,brisbane_lions,True,23,Round 23,,,played,0,0
2026,152,12408,CD_I993834,Josh Dunkley,brisbane_lions,True,24,Round 24,CD_M20260142402,2026_R24_collingwood_v_brisbane_lions_2026-08-21,played,0,1
2026,153,12083,CD_I293801,Jamie Elliott,collingwood,True,0,Opening Round,,,played,0,0
2026,153,12083,CD_I293801,Jamie Elliott,collingwood,True,1,Round 1,,,played,0,0
2026,153,12083,CD_I293801,Jamie Elliott,collingwood,True,2,Round 2,,,bye,,
2026,153,12083,CD_I293801,Jamie Elliott,collingwood,True,3,Round 3,,,played,0,0
2026,153,12083,CD_I293801,Jamie Elliott,collingwood,True,4,Round 4,,,played,0,0
2026,153,12083,CD_I293801,Jamie Elliott,collingwood,True,5,Round 5,,,played,0,0
2026,153,12083,CD_I293801,Jamie Elliott,collingwood,True,6,Round 6,CD_M20260140601,2026_R6_carlton_v_collingwood_2026-04-16,played,1,0
2026,153,12083,CD_I293801,Jamie Elliott,collingwood,True,7,Round 7,,,played,0,0
2026,153,12083,CD_I293801,Jamie Elliott,collingwood,True,8,Round 8,,,played,0,0
2026,153,12083,CD_I293801,Jamie Elliott,collingwood,True,9,Round 9,,,played,0,0
2026,153,12083,CD_I293801,Jamie Elliott,collingwood,True,10,Round 10,,,played,0,0
2026,153,12083,CD_I293801,Jamie Elliott,collingwood,True,11,Round 11,,,played,0,0
2026,153,12083,CD_I293801,Jamie Elliott,collingwood,True,12,Round 12,CD_M20260141205,2026_R12_western_bulldogs_v_collingwood_2026-05-30,did_not_play,,
2026,153,12083,CD_I293801,Jamie Elliott,collingwood,True,13,Round 13,CD_M20260141308,2026_R13_collingwood_v_melbourne_2026-06-08,did_not_play,,
2026,153,12083,CD_I293801,Jamie Elliott,collingwood,True,14,Round 14,,,bye,,
2026,153,12083,CD_I293801,Jamie Elliott,collingwood,True,15,Round 15,CD_M20260141505,2026_R15_collingwood_v_port_adelaide_2026-06-20,did_not_play,,
2026,153,12083,CD_I293801,Jamie Elliott,collingwood,True,16,Round 16,CD_M20260141603,2026_R16_collingwood_v_richmond_2026-06-27,did_not_play,,
2026,153,12083,CD_I293801,Jamie Elliott,collingwood,True,17,Round 17,CD_M20260141703,2026_R17_gold_coast_v_collingwood_2026-07-04,did_not_play,,
2026,153,12083,CD_I293801,Jamie Elliott,collingwood,True,18,Round 18,CD_M20260141804,2026_R18_collingwood_v_north_melbourne_2026-07-10,did_not_play,,
2026,153,12083,CD_I293801,Jamie Elliott,collingwood,True,19,Round 19,CD_M20260141901,2026_R19_collingwood_v_carlton_2026-07-18,did_not_play,,
2026,153,12083,CD_I293801,Jamie Elliott,collingwood,True,20,Round 20,CD_M20260142001,2026_R20_adelaide_v_collingwood_2026-07-23,did_not_play,,
2026,153,12083,CD_I293801,Jamie Elliott,collingwood,True,21,Round 21,CD_M20260142102,2026_R21_collingwood_v_geelong_2026-07-30,did_not_play,,
2026,153,12083,CD_I293801,Jamie Elliott,collingwood,True,22,Round 22,CD_M20260142208,2026_R22_west_coast_v_collingwood_2026-08-09,did_not_play,,
2026,153,12083,CD_I293801,Jamie Elliott,collingwood,True,23,Round 23,CD_M20260142305,2026_R23_hawthorn_v_collingwood_2026-08-15,did_not_play,,
2026,153,12083,CD_I293801,Jamie Elliott,collingwood,True,24,Round 24,CD_M20260142402,2026_R24_collingwood_v_brisbane_lions_2026-08-21,did_not_play,,
2026,154,12537,CD_I1004592,Tim English,western_bulldogs,True,0,Opening Round,,,played,0,0
2026,154,12537,CD_I1004592,Tim English,western_bulldogs,True,1,Round 1,CD_M20260140103,2026_R1_western_bulldogs_v_greater_western_sydney_2026-03-14,played,1,0
2026,154,12537,CD_I1004592,Tim English,western_bulldogs,True,2,Round 2,,,played,0,0
2026,154,12537,CD_I1004592,Tim English,western_bulldogs,True,3,Round 3,,,bye,,
2026,154,12537,CD_I1004592,Tim English,western_bulldogs,True,4,Round 4,,,played,0,0
2026,154,12537,CD_I1004592,Tim English,western_bulldogs,True,5,Round 5,CD_M20260140506,2026_R5_hawthorn_v_western_bulldogs_2026-04-11,did_not_play,,
2026,154,12537,CD_I1004592,Tim English,western_bulldogs,True,6,Round 6,CD_M20260140602,2026_R6_geelong_v_western_bulldogs_2026-04-17,did_not_play,,
2026,154,12537,CD_I1004592,Tim English,western_bulldogs,True,7,Round 7,CD_M20260140701,2026_R7_western_bulldogs_v_sydney_2026-04-23,did_not_play,,
2026,154,12537,CD_I1004592,Tim English,western_bulldogs,True,8,Round 8,,,played,0,0
2026,154,12537,CD_I1004592,Tim English,western_bulldogs,True,9,Round 9,,,played,0,0
2026,154,12537,CD_I1004592,Tim English,western_bulldogs,True,10,Round 10,CD_M20260141006,2026_R10_carlton_v_western_bulldogs_2026-05-16,did_not_play,,
2026,154,12537,CD_I1004592,Tim English,western_bulldogs,True,11,Round 11,CD_M20260141109,2026_R11_western_bulldogs_v_melbourne_2026-05-24,did_not_play,,
2026,154,12537,CD_I1004592,Tim English,western_bulldogs,True,12,Round 12,,,played,0,0
2026,154,12537,CD_I1004592,Tim English,western_bulldogs,True,13,Round 13,,,played,0,0
2026,154,12537,CD_I1004592,Tim English,western_bulldogs,True,14,Round 14,,,played,0,0
2026,154,12537,CD_I1004592,Tim English,western_bulldogs,True,15,Round 15,,,played,0,0
2026,154,12537,CD_I1004592,Tim English,western_bulldogs,True,16,Round 16,,,bye,,
2026,154,12537,CD_I1004592,Tim English,western_bulldogs,True,17,Round 17,,,played,0,0
2026,154,12537,CD_I1004592,Tim English,western_bulldogs,True,18,Round 18,CD_M20260141809,2026_R18_western_bulldogs_v_west_coast_2026-07-12,did_not_play,,
2026,154,12537,CD_I1004592,Tim English,western_bulldogs,True,19,Round 19,,,played,0,0
2026,154,12537,CD_I1004592,Tim English,western_bulldogs,True,20,Round 20,,,played,0,0
2026,154,12537,CD_I1004592,Tim English,western_bulldogs,True,21,Round 21,,,played,0,0
2026,154,12537,CD_I1004592,Tim English,western_bulldogs,True,22,Round 22,,,played,0,0
2026,154,12537,CD_I1004592,Tim English,western_bulldogs,True,23,Round 23,CD_M20260142309,2026_R23_western_bulldogs_v_carlton_2026-08-16,did_not_play,,
2026,154,12537,CD_I1004592,Tim English,western_bulldogs,True,24,Round 24,CD_M20260142406,2026_R24_melbourne_v_western_bulldogs_2026-08-22,did_not_play,,
2026,155,13335,CD_I1017073,Joel Fitzgerald,melbourne,True,0,Opening Round,,,bye,,
2026,155,13335,CD_I1017073,Joel Fitzgerald,melbourne,True,1,Round 1,CD_M20260140108,2026_R1_melbourne_v_st_kilda_2026-03-15,did_not_play,,
2026,155,13335,CD_I1017073,Joel Fitzgerald,melbourne,True,2,Round 2,CD_M20260140205,2026_R2_fremantle_v_melbourne_2026-03-21,did_not_play,,
2026,155,13335,CD_I1017073,Joel Fitzgerald,melbourne,True,3,Round 3,CD_M20260140307,2026_R3_carlton_v_melbourne_2026-03-29,did_not_play,,
2026,155,13335,CD_I1017073,Joel Fitzgerald,melbourne,True,4,Round 4,CD_M20260140406,2026_R4_melbourne_v_gold_coast_2026-04-05,did_not_play,,
2026,155,13335,CD_I1017073,Joel Fitzgerald,melbourne,True,5,Round 5,CD_M20260140504,2026_R5_essendon_v_melbourne_2026-04-11,did_not_play,,
2026,155,13335,CD_I1017073,Joel Fitzgerald,melbourne,True,6,Round 6,CD_M20260140608,2026_R6_melbourne_v_brisbane_lions_2026-04-19,did_not_play,,
2026,155,13335,CD_I1017073,Joel Fitzgerald,melbourne,True,7,Round 7,CD_M20260140702,2026_R7_richmond_v_melbourne_2026-04-24,did_not_play,,
2026,155,13335,CD_I1017073,Joel Fitzgerald,melbourne,True,8,Round 8,CD_M20260140808,2026_R8_sydney_v_melbourne_2026-05-03,did_not_play,,
2026,155,13335,CD_I1017073,Joel Fitzgerald,melbourne,True,9,Round 9,CD_M20260140908,2026_R9_melbourne_v_west_coast_2026-05-10,did_not_play,,
2026,155,13335,CD_I1017073,Joel Fitzgerald,melbourne,True,10,Round 10,CD_M20260141005,2026_R10_melbourne_v_hawthorn_2026-05-16,did_not_play,,
2026,155,13335,CD_I1017073,Joel Fitzgerald,melbourne,True,11,Round 11,CD_M20260141109,2026_R11_western_bulldogs_v_melbourne_2026-05-24,did_not_play,,
2026,155,13335,CD_I1017073,Joel Fitzgerald,melbourne,True,12,Round 12,CD_M20260141206,2026_R12_melbourne_v_greater_western_sydney_2026-05-31,did_not_play,,
2026,155,13335,CD_I1017073,Joel Fitzgerald,melbourne,True,13,Round 13,CD_M20260141308,2026_R13_collingwood_v_melbourne_2026-06-08,did_not_play,,
2026,155,13335,CD_I1017073,Joel Fitzgerald,melbourne,True,14,Round 14,,,played,0,0
2026,155,13335,CD_I1017073,Joel Fitzgerald,melbourne,True,15,Round 15,,,played,0,0
2026,155,13335,CD_I1017073,Joel Fitzgerald,melbourne,True,16,Round 16,,,bye,,
2026,155,13335,CD_I1017073,Joel Fitzgerald,melbourne,True,17,Round 17,,,played,0,0
2026,155,13335,CD_I1017073,Joel Fitzgerald,melbourne,True,18,Round 18,,,played,0,0
2026,155,13335,CD_I1017073,Joel Fitzgerald,melbourne,True,19,Round 19,,,played,0,0
2026,155,13335,CD_I1017073,Joel Fitzgerald,melbourne,True,20,Round 20,,,played,0,0
2026,155,13335,CD_I1017073,Joel Fitzgerald,melbourne,True,21,Round 21,CD_M20260142105,2026_R21_gold_coast_v_melbourne_2026-08-02,played,1,0
2026,155,13335,CD_I1017073,Joel Fitzgerald,melbourne,True,22,Round 22,,,played,0,0
2026,155,13335,CD_I1017073,Joel Fitzgerald,melbourne,True,23,Round 23,,,played,0,0
2026,155,13335,CD_I1017073,Joel Fitzgerald,melbourne,True,24,Round 24,,,played,0,0
2026,156,12454,CD_I993953,Eric Hipwood,brisbane_lions,True,0,Opening Round,CD_M20260140004,2026_R0_brisbane_lions_v_western_bulldogs_2026-03-07,did_not_play,,
2026,156,12454,CD_I993953,Eric Hipwood,brisbane_lions,True,1,Round 1,CD_M20260140105,2026_R1_sydney_v_brisbane_lions_2026-03-14,did_not_play,,
2026,156,12454,CD_I993953,Eric Hipwood,brisbane_lions,True,2,Round 2,,,bye,,
2026,156,12454,CD_I993953,Eric Hipwood,brisbane_lions,True,3,Round 3,CD_M20260140303,2026_R3_st_kilda_v_brisbane_lions_2026-03-28,did_not_play,,
2026,156,12454,CD_I993953,Eric Hipwood,brisbane_lions,True,4,Round 4,CD_M20260140401,2026_R4_brisbane_lions_v_collingwood_2026-04-02,did_not_play,,
2026,156,12454,CD_I993953,Eric Hipwood,brisbane_lions,True,5,Round 5,CD_M20260140503,2026_R5_north_melbourne_v_brisbane_lions_2026-04-11,did_not_play,,
2026,156,12454,CD_I993953,Eric Hipwood,brisbane_lions,True,6,Round 6,CD_M20260140608,2026_R6_melbourne_v_brisbane_lions_2026-04-19,did_not_play,,
2026,156,12454,CD_I993953,Eric Hipwood,brisbane_lions,True,7,Round 7,CD_M20260140708,2026_R7_brisbane_lions_v_adelaide_2026-04-26,did_not_play,,
2026,156,12454,CD_I993953,Eric Hipwood,brisbane_lions,True,8,Round 8,CD_M20260140804,2026_R8_essendon_v_brisbane_lions_2026-05-02,did_not_play,,
2026,156,12454,CD_I993953,Eric Hipwood,brisbane_lions,True,9,Round 9,CD_M20260140902,2026_R9_brisbane_lions_v_carlton_2026-05-08,did_not_play,,
2026,156,12454,CD_I993953,Eric Hipwood,brisbane_lions,True,10,Round 10,CD_M20260141001,2026_R10_brisbane_lions_v_geelong_2026-05-14,did_not_play,,
2026,156,12454,CD_I993953,Eric Hipwood,brisbane_lions,True,11,Round 11,CD_M20260141108,2026_R11_greater_western_sydney_v_brisbane_lions_2026-05-24,did_not_play,,
2026,156,12454,CD_I993953,Eric Hipwood,brisbane_lions,True,12,Round 12,CD_M20260141204,2026_R12_brisbane_lions_v_fremantle_2026-05-30,did_not_play,,
2026,156,12454,CD_I993953,Eric Hipwood,brisbane_lions,True,13,Round 13,CD_M20260141304,2026_R13_gold_coast_v_brisbane_lions_2026-06-06,did_not_play,,
2026,156,12454,CD_I993953,Eric Hipwood,brisbane_lions,True,14,Round 14,,,played,0,0
2026,156,12454,CD_I993953,Eric Hipwood,brisbane_lions,True,15,Round 15,,,bye,,
2026,156,12454,CD_I993953,Eric Hipwood,brisbane_lions,True,16,Round 16,,,played,0,0
2026,156,12454,CD_I993953,Eric Hipwood,brisbane_lions,True,17,Round 17,,,played,0,0
2026,156,12454,CD_I993953,Eric Hipwood,brisbane_lions,True,18,Round 18,,,played,0,0
2026,156,12454,CD_I993953,Eric Hipwood,brisbane_lions,True,19,Round 19,,,played,0,0
2026,156,12454,CD_I993953,Eric Hipwood,brisbane_lions,True,20,Round 20,,,played,0,0
2026,156,12454,CD_I993953,Eric Hipwood,brisbane_lions,True,21,Round 21,,,played,0,0
2026,156,12454,CD_I993953,Eric Hipwood,brisbane_lions,True,22,Round 22,,,played,0,0
2026,156,12454,CD_I993953,Eric Hipwood,brisbane_lions,True,23,Round 23,,,played,0,0
2026,156,12454,CD_I993953,Eric Hipwood,brisbane_lions,True,24,Round 24,CD_M20260142402,2026_R24_collingwood_v_brisbane_lions_2026-08-21,played,1,0
2026,157,12752,CD_I998390,Changkuoth Jiath,melbourne,True,0,Opening Round,,,bye,,
2026,157,12752,CD_I998390,Changkuoth Jiath,melbourne,True,1,Round 1,,,played,0,0
2026,157,12752,CD_I998390,Changkuoth Jiath,melbourne,True,2,Round 2,,,played,0,0
2026,157,12752,CD_I998390,Changkuoth Jiath,melbourne,True,3,Round 3,,,played,0,0
2026,157,12752,CD_I998390,Changkuoth Jiath,melbourne,True,4,Round 4,CD_M20260140406,2026_R4_melbourne_v_gold_coast_2026-04-05,did_not_play,,
2026,157,12752,CD_I998390,Changkuoth Jiath,melbourne,True,5,Round 5,CD_M20260140504,2026_R5_essendon_v_melbourne_2026-04-11,did_not_play,,
2026,157,12752,CD_I998390,Changkuoth Jiath,melbourne,True,6,Round 6,CD_M20260140608,2026_R6_melbourne_v_brisbane_lions_2026-04-19,did_not_play,,
2026,157,12752,CD_I998390,Changkuoth Jiath,melbourne,True,7,Round 7,,,played,0,0
2026,157,12752,CD_I998390,Changkuoth Jiath,melbourne,True,8,Round 8,,,played,0,0
2026,157,12752,CD_I998390,Changkuoth Jiath,melbourne,True,9,Round 9,,,played,0,0
2026,157,12752,CD_I998390,Changkuoth Jiath,melbourne,True,10,Round 10,,,played,0,0
2026,157,12752,CD_I998390,Changkuoth Jiath,melbourne,True,11,Round 11,,,played,0,0
2026,157,12752,CD_I998390,Changkuoth Jiath,melbourne,True,12,Round 12,CD_M20260141206,2026_R12_melbourne_v_greater_western_sydney_2026-05-31,did_not_play,,
2026,157,12752,CD_I998390,Changkuoth Jiath,melbourne,True,13,Round 13,CD_M20260141308,2026_R13_collingwood_v_melbourne_2026-06-08,did_not_play,,
2026,157,12752,CD_I998390,Changkuoth Jiath,melbourne,True,14,Round 14,CD_M20260141403,2026_R14_melbourne_v_essendon_2026-06-13,did_not_play,,
2026,157,12752,CD_I998390,Changkuoth Jiath,melbourne,True,15,Round 15,CD_M20260141503,2026_R15_adelaide_v_melbourne_2026-06-20,did_not_play,,
2026,157,12752,CD_I998390,Changkuoth Jiath,melbourne,True,16,Round 16,,,bye,,
2026,157,12752,CD_I998390,Changkuoth Jiath,melbourne,True,17,Round 17,CD_M20260141705,2026_R17_hawthorn_v_melbourne_2026-07-04,played,1,0
2026,157,12752,CD_I998390,Changkuoth Jiath,melbourne,True,18,Round 18,,,played,0,0
2026,157,12752,CD_I998390,Changkuoth Jiath,melbourne,True,19,Round 19,,,played,0,0
2026,157,12752,CD_I998390,Changkuoth Jiath,melbourne,True,20,Round 20,CD_M20260142008,2026_R20_melbourne_v_geelong_2026-07-24,did_not_play,,
2026,157,12752,CD_I998390,Changkuoth Jiath,melbourne,True,21,Round 21,,,played,0,0
2026,157,12752,CD_I998390,Changkuoth Jiath,melbourne,True,22,Round 22,,,played,0,0
2026,157,12752,CD_I998390,Changkuoth Jiath,melbourne,True,23,Round 23,,,played,0,0
2026,157,12752,CD_I998390,Changkuoth Jiath,melbourne,True,24,Round 24,,,played,0,0
2026,158,12165,CD_I293222,Rory Laird,adelaide,True,0,Opening Round,,,bye,,
2026,158,12165,CD_I293222,Rory Laird,adelaide,True,1,Round 1,,,played,0,0
2026,158,12165,CD_I293222,Rory Laird,adelaide,True,2,Round 2,,,played,0,0
2026,158,12165,CD_I293222,Rory Laird,adelaide,True,3,Round 3,CD_M20260140301,2026_R3_geelong_v_adelaide_2026-03-26,did_not_play,,
2026,158,12165,CD_I293222,Rory Laird,adelaide,True,4,Round 4,CD_M20260140403,2026_R4_adelaide_v_fremantle_2026-04-03,did_not_play,,
2026,158,12165,CD_I293222,Rory Laird,adelaide,True,5,Round 5,,,played,0,0
2026,158,12165,CD_I293222,Rory Laird,adelaide,True,6,Round 6,,,played,0,0
2026,158,12165,CD_I293222,Rory Laird,adelaide,True,7,Round 7,,,played,0,0
2026,158,12165,CD_I293222,Rory Laird,adelaide,True,8,Round 8,,,played,0,0
2026,158,12165,CD_I293222,Rory Laird,adelaide,True,9,Round 9,,,played,0,0
2026,158,12165,CD_I293222,Rory Laird,adelaide,True,10,Round 10,,,played,0,0
2026,158,12165,CD_I293222,Rory Laird,adelaide,True,11,Round 11,,,played,0,0
2026,158,12165,CD_I293222,Rory Laird,adelaide,True,12,Round 12,,,bye,,
2026,158,12165,CD_I293222,Rory Laird,adelaide,True,13,Round 13,,,played,0,0
2026,158,12165,CD_I293222,Rory Laird,adelaide,True,14,Round 14,CD_M20260141401,2026_R14_western_bulldogs_v_adelaide_2026-06-11,played,1,0
2026,158,12165,CD_I293222,Rory Laird,adelaide,True,15,Round 15,,,played,0,0
2026,158,12165,CD_I293222,Rory Laird,adelaide,True,16,Round 16,,,played,0,0
2026,158,12165,CD_I293222,Rory Laird,adelaide,True,17,Round 17,,,played,0,0
2026,158,12165,CD_I293222,Rory Laird,adelaide,True,18,Round 18,,,played,0,0
2026,158,12165,CD_I293222,Rory Laird,adelaide,True,19,Round 19,CD_M20260141908,2026_R19_sydney_v_adelaide_2026-07-17,did_not_play,,
2026,158,12165,CD_I293222,Rory Laird,adelaide,True,20,Round 20,CD_M20260142001,2026_R20_adelaide_v_collingwood_2026-07-23,did_not_play,,
2026,158,12165,CD_I293222,Rory Laird,adelaide,True,21,Round 21,CD_M20260142103,2026_R21_essendon_v_adelaide_2026-08-02,did_not_play,,
2026,158,12165,CD_I293222,Rory Laird,adelaide,True,22,Round 22,,,played,0,0
2026,158,12165,CD_I293222,Rory Laird,adelaide,True,23,Round 23,,,played,0,0
2026,158,12165,CD_I293222,Rory Laird,adelaide,True,24,Round 24,,,played,0,0
2026,159,13190,CD_I1028491,Sam Lalor,richmond,True,0,Opening Round,,,bye,,
2026,159,13190,CD_I1028491,Sam Lalor,richmond,True,1,Round 1,CD_M20260140101,2026_R1_carlton_v_richmond_2026-03-12,played,0,2
2026,159,13190,CD_I1028491,Sam Lalor,richmond,True,2,Round 2,,,played,0,0
2026,159,13190,CD_I1028491,Sam Lalor,richmond,True,3,Round 3,,,played,0,0
2026,159,13190,CD_I1028491,Sam Lalor,richmond,True,4,Round 4,,,played,0,0
2026,159,13190,CD_I1028491,Sam Lalor,richmond,True,5,Round 5,,,played,0,0
2026,159,13190,CD_I1028491,Sam Lalor,richmond,True,6,Round 6,,,played,0,0
2026,159,13190,CD_I1028491,Sam Lalor,richmond,True,7,Round 7,,,played,0,0
2026,159,13190,CD_I1028491,Sam Lalor,richmond,True,8,Round 8,CD_M20260140805,2026_R8_west_coast_v_richmond_2026-05-02,did_not_play,,
2026,159,13190,CD_I1028491,Sam Lalor,richmond,True,9,Round 9,CD_M20260140909,2026_R9_richmond_v_adelaide_2026-05-10,did_not_play,,
2026,159,13190,CD_I1028491,Sam Lalor,richmond,True,10,Round 10,CD_M20260141008,2026_R10_st_kilda_v_richmond_2026-05-17,did_not_play,,
2026,159,13190,CD_I1028491,Sam Lalor,richmond,True,11,Round 11,CD_M20260141102,2026_R11_richmond_v_essendon_2026-05-22,did_not_play,,
2026,159,13190,CD_I1028491,Sam Lalor,richmond,True,12,Round 12,CD_M20260141203,2026_R12_sydney_v_richmond_2026-05-30,did_not_play,,
2026,159,13190,CD_I1028491,Sam Lalor,richmond,True,13,Round 13,,,bye,,
2026,159,13190,CD_I1028491,Sam Lalor,richmond,True,14,Round 14,CD_M20260141406,2026_R14_richmond_v_brisbane_lions_2026-06-14,did_not_play,,
2026,159,13190,CD_I1028491,Sam Lalor,richmond,True,15,Round 15,CD_M20260141506,2026_R15_richmond_v_north_melbourne_2026-06-21,did_not_play,,
2026,159,13190,CD_I1028491,Sam Lalor,richmond,True,16,Round 16,CD_M20260141603,2026_R16_collingwood_v_richmond_2026-06-27,did_not_play,,
2026,159,13190,CD_I1028491,Sam Lalor,richmond,True,17,Round 17,CD_M20260141707,2026_R17_richmond_v_carlton_2026-07-04,did_not_play,,
2026,159,13190,CD_I1028491,Sam Lalor,richmond,True,18,Round 18,CD_M20260141807,2026_R18_melbourne_v_richmond_2026-07-12,did_not_play,,
2026,159,13190,CD_I1028491,Sam Lalor,richmond,True,19,Round 19,,,played,0,0
2026,159,13190,CD_I1028491,Sam Lalor,richmond,True,20,Round 20,,,played,0,0
2026,159,13190,CD_I1028491,Sam Lalor,richmond,True,21,Round 21,CD_M20260142108,2026_R21_richmond_v_west_coast_2026-08-02,played,1,2
2026,159,13190,CD_I1028491,Sam Lalor,richmond,True,22,Round 22,,,played,0,0
2026,159,13190,CD_I1028491,Sam Lalor,richmond,True,23,Round 23,,,played,0,0
2026,159,13190,CD_I1028491,Sam Lalor,richmond,True,24,Round 24,CD_M20260142405,2026_R24_geelong_v_richmond_2026-08-22,did_not_play,,
2026,160,12563,CD_I1001017,Nick Larkey,north_melbourne,True,0,Opening Round,,,bye,,
2026,160,12563,CD_I1001017,Nick Larkey,north_melbourne,True,1,Round 1,,,played,0,0
2026,160,12563,CD_I1001017,Nick Larkey,north_melbourne,True,2,Round 2,CD_M20260140207,2026_R2_west_coast_v_north_melbourne_2026-03-22,played,1,0
2026,160,12563,CD_I1001017,Nick Larkey,north_melbourne,True,3,Round 3,,,played,0,0
2026,160,12563,CD_I1001017,Nick Larkey,north_melbourne,True,4,Round 4,,,played,0,0
2026,160,12563,CD_I1001017,Nick Larkey,north_melbourne,True,5,Round 5,,,played,0,0
2026,160,12563,CD_I1001017,Nick Larkey,north_melbourne,True,6,Round 6,,,played,0,0
2026,160,12563,CD_I1001017,Nick Larkey,north_melbourne,True,7,Round 7,,,played,0,0
2026,160,12563,CD_I1001017,Nick Larkey,north_melbourne,True,8,Round 8,,,played,0,0
2026,160,12563,CD_I1001017,Nick Larkey,north_melbourne,True,9,Round 9,,,played,0,0
2026,160,12563,CD_I1001017,Nick Larkey,north_melbourne,True,10,Round 10,,,played,0,0
2026,160,12563,CD_I1001017,Nick Larkey,north_melbourne,True,11,Round 11,,,played,0,0
2026,160,12563,CD_I1001017,Nick Larkey,north_melbourne,True,12,Round 12,,,bye,,
2026,160,12563,CD_I1001017,Nick Larkey,north_melbourne,True,13,Round 13,,,played,0,0
2026,160,12563,CD_I1001017,Nick Larkey,north_melbourne,True,14,Round 14,CD_M20260141404,2026_R14_north_melbourne_v_west_coast_2026-06-13,played,0,1
2026,160,12563,CD_I1001017,Nick Larkey,north_melbourne,True,15,Round 15,,,played,0,0
2026,160,12563,CD_I1001017,Nick Larkey,north_melbourne,True,16,Round 16,,,played,0,0
2026,160,12563,CD_I1001017,Nick Larkey,north_melbourne,True,17,Round 17,,,played,0,0
2026,160,12563,CD_I1001017,Nick Larkey,north_melbourne,True,18,Round 18,,,played,0,0
2026,160,12563,CD_I1001017,Nick Larkey,north_melbourne,True,19,Round 19,,,played,0,0
2026,160,12563,CD_I1001017,Nick Larkey,north_melbourne,True,20,Round 20,,,played,0,0
2026,160,12563,CD_I1001017,Nick Larkey,north_melbourne,True,21,Round 21,,,played,0,0
2026,160,12563,CD_I1001017,Nick Larkey,north_melbourne,True,22,Round 22,,,played,0,0
2026,160,12563,CD_I1001017,Nick Larkey,north_melbourne,True,23,Round 23,CD_M20260142306,2026_R23_north_melbourne_v_geelong_2026-08-15,played,0,1
2026,160,12563,CD_I1001017,Nick Larkey,north_melbourne,True,24,Round 24,,,played,0,0
2026,161,12636,CD_I1000887,Mitch Lewis,hawthorn,True,0,Opening Round,,,played,0,0
2026,161,12636,CD_I1000887,Mitch Lewis,hawthorn,True,1,Round 1,,,played,0,0
2026,161,12636,CD_I1000887,Mitch Lewis,hawthorn,True,2,Round 2,,,played,0,0
2026,161,12636,CD_I1000887,Mitch Lewis,hawthorn,True,3,Round 3,,,bye,,
2026,161,12636,CD_I1000887,Mitch Lewis,hawthorn,True,4,Round 4,,,played,0,0
2026,161,12636,CD_I1000887,Mitch Lewis,hawthorn,True,5,Round 5,CD_M20260140506,2026_R5_hawthorn_v_western_bulldogs_2026-04-11,played,0,1
2026,161,12636,CD_I1000887,Mitch Lewis,hawthorn,True,6,Round 6,,,played,0,0
2026,161,12636,CD_I1000887,Mitch Lewis,hawthorn,True,7,Round 7,,,played,0,0
2026,161,12636,CD_I1000887,Mitch Lewis,hawthorn,True,8,Round 8,,,played,0,0
2026,161,12636,CD_I1000887,Mitch Lewis,hawthorn,True,9,Round 9,,,played,0,0
2026,161,12636,CD_I1000887,Mitch Lewis,hawthorn,True,10,Round 10,,,played,0,0
2026,161,12636,CD_I1000887,Mitch Lewis,hawthorn,True,11,Round 11,,,played,0,0
2026,161,12636,CD_I1000887,Mitch Lewis,hawthorn,True,12,Round 12,,,played,0,0
2026,161,12636,CD_I1000887,Mitch Lewis,hawthorn,True,13,Round 13,,,played,0,0
2026,161,12636,CD_I1000887,Mitch Lewis,hawthorn,True,14,Round 14,,,bye,,
2026,161,12636,CD_I1000887,Mitch Lewis,hawthorn,True,15,Round 15,,,played,0,0
2026,161,12636,CD_I1000887,Mitch Lewis,hawthorn,True,16,Round 16,,,played,0,0
2026,161,12636,CD_I1000887,Mitch Lewis,hawthorn,True,17,Round 17,,,played,0,0
2026,161,12636,CD_I1000887,Mitch Lewis,hawthorn,True,18,Round 18,,,played,0,0
2026,161,12636,CD_I1000887,Mitch Lewis,hawthorn,True,19,Round 19,CD_M20260141907,2026_R19_richmond_v_hawthorn_2026-07-19,played,1,3
2026,161,12636,CD_I1000887,Mitch Lewis,hawthorn,True,20,Round 20,,,played,0,0
2026,161,12636,CD_I1000887,Mitch Lewis,hawthorn,True,21,Round 21,CD_M20260142106,2026_R21_hawthorn_v_north_melbourne_2026-08-01,did_not_play,,
2026,161,12636,CD_I1000887,Mitch Lewis,hawthorn,True,22,Round 22,,,played,0,0
2026,161,12636,CD_I1000887,Mitch Lewis,hawthorn,True,23,Round 23,,,played,0,0
2026,161,12636,CD_I1000887,Mitch Lewis,hawthorn,True,24,Round 24,,,played,0,0
2026,162,13065,CD_I1021200,Lachlan McAndrew,adelaide,True,0,Opening Round,,,bye,,
2026,162,13065,CD_I1021200,Lachlan McAndrew,adelaide,True,1,Round 1,,,played,0,0
2026,162,13065,CD_I1021200,Lachlan McAndrew,adelaide,True,2,Round 2,,,played,0,0
2026,162,13065,CD_I1021200,Lachlan McAndrew,adelaide,True,3,Round 3,,,played,0,0
2026,162,13065,CD_I1021200,Lachlan McAndrew,adelaide,True,4,Round 4,,,played,0,0
2026,162,13065,CD_I1021200,Lachlan McAndrew,adelaide,True,5,Round 5,,,played,0,0
2026,162,13065,CD_I1021200,Lachlan McAndrew,adelaide,True,6,Round 6,,,played,0,0
2026,162,13065,CD_I1021200,Lachlan McAndrew,adelaide,True,7,Round 7,,,played,0,0
2026,162,13065,CD_I1021200,Lachlan McAndrew,adelaide,True,8,Round 8,,,played,0,0
2026,162,13065,CD_I1021200,Lachlan McAndrew,adelaide,True,9,Round 9,,,played,0,0
2026,162,13065,CD_I1021200,Lachlan McAndrew,adelaide,True,10,Round 10,,,played,0,0
2026,162,13065,CD_I1021200,Lachlan McAndrew,adelaide,True,11,Round 11,,,played,0,0
2026,162,13065,CD_I1021200,Lachlan McAndrew,adelaide,True,12,Round 12,,,bye,,
2026,162,13065,CD_I1021200,Lachlan McAndrew,adelaide,True,13,Round 13,,,played,0,0
2026,162,13065,CD_I1021200,Lachlan McAndrew,adelaide,True,14,Round 14,,,played,0,0
2026,162,13065,CD_I1021200,Lachlan McAndrew,adelaide,True,15,Round 15,,,played,0,0
2026,162,13065,CD_I1021200,Lachlan McAndrew,adelaide,True,16,Round 16,,,played,0,0
2026,162,13065,CD_I1021200,Lachlan McAndrew,adelaide,True,17,Round 17,CD_M20260141709,2026_R17_west_coast_v_adelaide_2026-07-03,played,1,1
2026,162,13065,CD_I1021200,Lachlan McAndrew,adelaide,True,18,Round 18,,,played,0,0
2026,162,13065,CD_I1021200,Lachlan McAndrew,adelaide,True,19,Round 19,,,played,0,0
2026,162,13065,CD_I1021200,Lachlan McAndrew,adelaide,True,20,Round 20,,,played,0,0
2026,162,13065,CD_I1021200,Lachlan McAndrew,adelaide,True,21,Round 21,,,played,0,0
2026,162,13065,CD_I1021200,Lachlan McAndrew,adelaide,True,22,Round 22,CD_M20260142201,2026_R22_adelaide_v_richmond_2026-08-08,did_not_play,,
2026,162,13065,CD_I1021200,Lachlan McAndrew,adelaide,True,23,Round 23,,,played,0,0
2026,162,13065,CD_I1021200,Lachlan McAndrew,adelaide,True,24,Round 24,,,played,0,0
2026,163,12300,CD_I294596,Tim Membrey,collingwood,True,0,Opening Round,,,played,0,0
2026,163,12300,CD_I294596,Tim Membrey,collingwood,True,1,Round 1,,,played,0,0
2026,163,12300,CD_I294596,Tim Membrey,collingwood,True,2,Round 2,,,bye,,
2026,163,12300,CD_I294596,Tim Membrey,collingwood,True,3,Round 3,CD_M20260140302,2026_R3_collingwood_v_greater_western_sydney_2026-03-27,played,1,0
2026,163,12300,CD_I294596,Tim Membrey,collingwood,True,4,Round 4,,,played,0,0
2026,163,12300,CD_I294596,Tim Membrey,collingwood,True,5,Round 5,,,played,0,0
2026,163,12300,CD_I294596,Tim Membrey,collingwood,True,6,Round 6,,,played,0,0
2026,163,12300,CD_I294596,Tim Membrey,collingwood,True,7,Round 7,,,played,0,0
2026,163,12300,CD_I294596,Tim Membrey,collingwood,True,8,Round 8,CD_M20260140801,2026_R8_collingwood_v_hawthorn_2026-04-30,did_not_play,,
2026,163,12300,CD_I294596,Tim Membrey,collingwood,True,9,Round 9,CD_M20260140907,2026_R9_geelong_v_collingwood_2026-05-09,did_not_play,,
2026,163,12300,CD_I294596,Tim Membrey,collingwood,True,10,Round 10,CD_M20260141002,2026_R10_sydney_v_collingwood_2026-05-15,did_not_play,,
2026,163,12300,CD_I294596,Tim Membrey,collingwood,True,11,Round 11,CD_M20260141106,2026_R11_collingwood_v_west_coast_2026-05-23,did_not_play,,
2026,163,12300,CD_I294596,Tim Membrey,collingwood,True,12,Round 12,,,played,0,0
2026,163,12300,CD_I294596,Tim Membrey,collingwood,True,13,Round 13,,,played,0,0
2026,163,12300,CD_I294596,Tim Membrey,collingwood,True,14,Round 14,,,bye,,
2026,163,12300,CD_I294596,Tim Membrey,collingwood,True,15,Round 15,,,played,0,0
2026,163,12300,CD_I294596,Tim Membrey,collingwood,True,16,Round 16,,,played,0,0
2026,163,12300,CD_I294596,Tim Membrey,collingwood,True,17,Round 17,CD_M20260141703,2026_R17_gold_coast_v_collingwood_2026-07-04,played,0,1
2026,163,12300,CD_I294596,Tim Membrey,collingwood,True,18,Round 18,,,played,0,0
2026,163,12300,CD_I294596,Tim Membrey,collingwood,True,19,Round 19,,,played,0,0
2026,163,12300,CD_I294596,Tim Membrey,collingwood,True,20,Round 20,,,played,0,0
2026,163,12300,CD_I294596,Tim Membrey,collingwood,True,21,Round 21,,,played,0,0
2026,163,12300,CD_I294596,Tim Membrey,collingwood,True,22,Round 22,,,played,0,0
2026,163,12300,CD_I294596,Tim Membrey,collingwood,True,23,Round 23,,,played,0,0
2026,163,12300,CD_I294596,Tim Membrey,collingwood,True,24,Round 24,,,played,0,0
2026,164,13294,CD_I1005972,Milan Murdock,west_coast,True,0,Opening Round,,,bye,,
2026,164,13294,CD_I1005972,Milan Murdock,west_coast,True,1,Round 1,,,played,0,0
2026,164,13294,CD_I1005972,Milan Murdock,west_coast,True,2,Round 2,,,played,0,0
2026,164,13294,CD_I1005972,Milan Murdock,west_coast,True,3,Round 3,CD_M20260140306,2026_R3_port_adelaide_v_west_coast_2026-03-29,did_not_play,,
2026,164,13294,CD_I1005972,Milan Murdock,west_coast,True,4,Round 4,CD_M20260140405,2026_R4_west_coast_v_sydney_2026-04-04,did_not_play,,
2026,164,13294,CD_I1005972,Milan Murdock,west_coast,True,5,Round 5,CD_M20260140507,2026_R5_geelong_v_west_coast_2026-04-12,did_not_play,,
2026,164,13294,CD_I1005972,Milan Murdock,west_coast,True,6,Round 6,,,played,0,0
2026,164,13294,CD_I1005972,Milan Murdock,west_coast,True,7,Round 7,,,played,0,0
2026,164,13294,CD_I1005972,Milan Murdock,west_coast,True,8,Round 8,,,played,0,0
2026,164,13294,CD_I1005972,Milan Murdock,west_coast,True,9,Round 9,,,played,0,0
2026,164,13294,CD_I1005972,Milan Murdock,west_coast,True,10,Round 10,,,played,0,0
2026,164,13294,CD_I1005972,Milan Murdock,west_coast,True,11,Round 11,,,played,0,0
2026,164,13294,CD_I1005972,Milan Murdock,west_coast,True,12,Round 12,,,played,0,0
2026,164,13294,CD_I1005972,Milan Murdock,west_coast,True,13,Round 13,,,played,0,0
2026,164,13294,CD_I1005972,Milan Murdock,west_coast,True,14,Round 14,,,played,0,0
2026,164,13294,CD_I1005972,Milan Murdock,west_coast,True,15,Round 15,,,bye,,
2026,164,13294,CD_I1005972,Milan Murdock,west_coast,True,16,Round 16,,,played,0,0
2026,164,13294,CD_I1005972,Milan Murdock,west_coast,True,17,Round 17,,,played,0,0
2026,164,13294,CD_I1005972,Milan Murdock,west_coast,True,18,Round 18,,,played,0,0
2026,164,13294,CD_I1005972,Milan Murdock,west_coast,True,19,Round 19,,,played,0,0
2026,164,13294,CD_I1005972,Milan Murdock,west_coast,True,20,Round 20,,,played,0,0
2026,164,13294,CD_I1005972,Milan Murdock,west_coast,True,21,Round 21,,,played,0,0
2026,164,13294,CD_I1005972,Milan Murdock,west_coast,True,22,Round 22,,,played,0,0
2026,164,13294,CD_I1005972,Milan Murdock,west_coast,True,23,Round 23,,,played,0,0
2026,164,13294,CD_I1005972,Milan Murdock,west_coast,True,24,Round 24,CD_M20260142409,2026_R24_west_coast_v_hawthorn_2026-08-23,played,1,0
2026,165,12367,CD_I296420,Alex Neal-Bullen,adelaide,True,0,Opening Round,,,bye,,
2026,165,12367,CD_I296420,Alex Neal-Bullen,adelaide,True,1,Round 1,CD_M20260140106,2026_R1_collingwood_v_adelaide_2026-03-14,played,1,0
2026,165,12367,CD_I296420,Alex Neal-Bullen,adelaide,True,2,Round 2,,,played,0,0
2026,165,12367,CD_I296420,Alex Neal-Bullen,adelaide,True,3,Round 3,,,played,0,0
2026,165,12367,CD_I296420,Alex Neal-Bullen,adelaide,True,4,Round 4,,,played,0,0
2026,165,12367,CD_I296420,Alex Neal-Bullen,adelaide,True,5,Round 5,,,played,0,0
2026,165,12367,CD_I296420,Alex Neal-Bullen,adelaide,True,6,Round 6,,,played,0,0
2026,165,12367,CD_I296420,Alex Neal-Bullen,adelaide,True,7,Round 7,CD_M20260140708,2026_R7_brisbane_lions_v_adelaide_2026-04-26,did_not_play,,
2026,165,12367,CD_I296420,Alex Neal-Bullen,adelaide,True,8,Round 8,,,played,0,0
2026,165,12367,CD_I296420,Alex Neal-Bullen,adelaide,True,9,Round 9,,,played,0,0
2026,165,12367,CD_I296420,Alex Neal-Bullen,adelaide,True,10,Round 10,,,played,0,0
2026,165,12367,CD_I296420,Alex Neal-Bullen,adelaide,True,11,Round 11,,,played,0,0
2026,165,12367,CD_I296420,Alex Neal-Bullen,adelaide,True,12,Round 12,,,bye,,
2026,165,12367,CD_I296420,Alex Neal-Bullen,adelaide,True,13,Round 13,,,played,0,0
2026,165,12367,CD_I296420,Alex Neal-Bullen,adelaide,True,14,Round 14,,,played,0,0
2026,165,12367,CD_I296420,Alex Neal-Bullen,adelaide,True,15,Round 15,,,played,0,0
2026,165,12367,CD_I296420,Alex Neal-Bullen,adelaide,True,16,Round 16,,,played,0,0
2026,165,12367,CD_I296420,Alex Neal-Bullen,adelaide,True,17,Round 17,,,played,0,0
2026,165,12367,CD_I296420,Alex Neal-Bullen,adelaide,True,18,Round 18,,,played,0,0
2026,165,12367,CD_I296420,Alex Neal-Bullen,adelaide,True,19,Round 19,,,played,0,0
2026,165,12367,CD_I296420,Alex Neal-Bullen,adelaide,True,20,Round 20,,,played,0,0
2026,165,12367,CD_I296420,Alex Neal-Bullen,adelaide,True,21,Round 21,,,played,0,0
2026,165,12367,CD_I296420,Alex Neal-Bullen,adelaide,True,22,Round 22,,,played,0,0
2026,165,12367,CD_I296420,Alex Neal-Bullen,adelaide,True,23,Round 23,CD_M20260142303,2026_R23_fremantle_v_adelaide_2026-08-14,did_not_play,,
2026,165,12367,CD_I296420,Alex Neal-Bullen,adelaide,True,24,Round 24,,,played,0,0
2026,166,12653,CD_I1008893,Harrison Petty,melbourne,True,0,Opening Round,,,bye,,
2026,166,12653,CD_I1008893,Harrison Petty,melbourne,True,1,Round 1,,,played,0,0
2026,166,12653,CD_I1008893,Harrison Petty,melbourne,True,2,Round 2,,,played,0,0
2026,166,12653,CD_I1008893,Harrison Petty,melbourne,True,3,Round 3,,,played,0,0
2026,166,12653,CD_I1008893,Harrison Petty,melbourne,True,4,Round 4,,,played,0,0
2026,166,12653,CD_I1008893,Harrison Petty,melbourne,True,5,Round 5,,,played,0,0
2026,166,12653,CD_I1008893,Harrison Petty,melbourne,True,6,Round 6,,,played,0,0
2026,166,12653,CD_I1008893,Harrison Petty,melbourne,True,7,Round 7,CD_M20260140702,2026_R7_richmond_v_melbourne_2026-04-24,did_not_play,,
2026,166,12653,CD_I1008893,Harrison Petty,melbourne,True,8,Round 8,,,played,0,0
2026,166,12653,CD_I1008893,Harrison Petty,melbourne,True,9,Round 9,,,played,0,0
2026,166,12653,CD_I1008893,Harrison Petty,melbourne,True,10,Round 10,,,played,0,0
2026,166,12653,CD_I1008893,Harrison Petty,melbourne,True,11,Round 11,,,played,0,0
2026,166,12653,CD_I1008893,Harrison Petty,melbourne,True,12,Round 12,,,played,0,0
2026,166,12653,CD_I1008893,Harrison Petty,melbourne,True,13,Round 13,,,played,0,0
2026,166,12653,CD_I1008893,Harrison Petty,melbourne,True,14,Round 14,,,played,0,0
2026,166,12653,CD_I1008893,Harrison Petty,melbourne,True,15,Round 15,CD_M20260141503,2026_R15_adelaide_v_melbourne_2026-06-20,did_not_play,,
2026,166,12653,CD_I1008893,Harrison Petty,melbourne,True,16,Round 16,,,bye,,
2026,166,12653,CD_I1008893,Harrison Petty,melbourne,True,17,Round 17,,,played,0,0
2026,166,12653,CD_I1008893,Harrison Petty,melbourne,True,18,Round 18,CD_M20260141807,2026_R18_melbourne_v_richmond_2026-07-12,did_not_play,,
2026,166,12653,CD_I1008893,Harrison Petty,melbourne,True,19,Round 19,CD_M20260141905,2026_R19_north_melbourne_v_melbourne_2026-07-18,did_not_play,,
2026,166,12653,CD_I1008893,Harrison Petty,melbourne,True,20,Round 20,,,played,0,0
2026,166,12653,CD_I1008893,Harrison Petty,melbourne,True,21,Round 21,,,played,0,0
2026,166,12653,CD_I1008893,Harrison Petty,melbourne,True,22,Round 22,,,played,0,0
2026,166,12653,CD_I1008893,Harrison Petty,melbourne,True,23,Round 23,,,played,0,0
2026,166,12653,CD_I1008893,Harrison Petty,melbourne,True,24,Round 24,CD_M20260142406,2026_R24_melbourne_v_western_bulldogs_2026-08-22,played,1,0
2026,167,12417,CD_I298290,Marc Pittonet,carlton,True,0,Opening Round,,,played,0,0
2026,167,12417,CD_I298290,Marc Pittonet,carlton,True,1,Round 1,,,played,0,0
2026,167,12417,CD_I298290,Marc Pittonet,carlton,True,2,Round 2,,,bye,,
2026,167,12417,CD_I298290,Marc Pittonet,carlton,True,3,Round 3,,,played,0,0
2026,167,12417,CD_I298290,Marc Pittonet,carlton,True,4,Round 4,CD_M20260140402,2026_R4_north_melbourne_v_carlton_2026-04-03,played,1,0
2026,167,12417,CD_I298290,Marc Pittonet,carlton,True,5,Round 5,,,played,0,0
2026,167,12417,CD_I298290,Marc Pittonet,carlton,True,6,Round 6,,,played,0,0
2026,167,12417,CD_I298290,Marc Pittonet,carlton,True,7,Round 7,CD_M20260140706,2026_R7_fremantle_v_carlton_2026-04-25,did_not_play,,
2026,167,12417,CD_I298290,Marc Pittonet,carlton,True,8,Round 8,,,played,0,0
2026,167,12417,CD_I298290,Marc Pittonet,carlton,True,9,Round 9,,,played,0,0
2026,167,12417,CD_I298290,Marc Pittonet,carlton,True,10,Round 10,,,played,0,0
2026,167,12417,CD_I298290,Marc Pittonet,carlton,True,11,Round 11,,,played,0,0
2026,167,12417,CD_I298290,Marc Pittonet,carlton,True,12,Round 12,,,played,0,0
2026,167,12417,CD_I298290,Marc Pittonet,carlton,True,13,Round 13,,,played,0,0
2026,167,12417,CD_I298290,Marc Pittonet,carlton,True,14,Round 14,,,bye,,
2026,167,12417,CD_I298290,Marc Pittonet,carlton,True,15,Round 15,,,played,0,0
2026,167,12417,CD_I298290,Marc Pittonet,carlton,True,16,Round 16,,,played,0,0
2026,167,12417,CD_I298290,Marc Pittonet,carlton,True,17,Round 17,,,played,0,0
2026,167,12417,CD_I298290,Marc Pittonet,carlton,True,18,Round 18,CD_M20260141803,2026_R18_carlton_v_hawthorn_2026-07-11,did_not_play,,
2026,167,12417,CD_I298290,Marc Pittonet,carlton,True,19,Round 19,CD_M20260141901,2026_R19_collingwood_v_carlton_2026-07-18,did_not_play,,
2026,167,12417,CD_I298290,Marc Pittonet,carlton,True,20,Round 20,,,played,0,0
2026,167,12417,CD_I298290,Marc Pittonet,carlton,True,21,Round 21,,,played,0,0
2026,167,12417,CD_I298290,Marc Pittonet,carlton,True,22,Round 22,,,played,0,0
2026,167,12417,CD_I298290,Marc Pittonet,carlton,True,23,Round 23,,,played,0,0
2026,167,12417,CD_I298290,Marc Pittonet,carlton,True,24,Round 24,,,played,0,0
2026,168,13168,CD_I1023515,Archie Roberts,essendon,True,0,Opening Round,,,bye,,
2026,168,13168,CD_I1023515,Archie Roberts,essendon,True,1,Round 1,,,played,0,0
2026,168,13168,CD_I1023515,Archie Roberts,essendon,True,2,Round 2,,,played,0,0
2026,168,13168,CD_I1023515,Archie Roberts,essendon,True,3,Round 3,,,played,0,0
2026,168,13168,CD_I1023515,Archie Roberts,essendon,True,4,Round 4,CD_M20260140407,2026_R4_western_bulldogs_v_essendon_2026-04-05,played,0,1
2026,168,13168,CD_I1023515,Archie Roberts,essendon,True,5,Round 5,CD_M20260140504,2026_R5_essendon_v_melbourne_2026-04-11,played,1,3
2026,168,13168,CD_I1023515,Archie Roberts,essendon,True,6,Round 6,,,played,0,0
2026,168,13168,CD_I1023515,Archie Roberts,essendon,True,7,Round 7,,,played,0,0
2026,168,13168,CD_I1023515,Archie Roberts,essendon,True,8,Round 8,,,played,0,0
2026,168,13168,CD_I1023515,Archie Roberts,essendon,True,9,Round 9,CD_M20260140905,2026_R9_greater_western_sydney_v_essendon_2026-05-09,played,0,2
2026,168,13168,CD_I1023515,Archie Roberts,essendon,True,10,Round 10,,,played,0,0
2026,168,13168,CD_I1023515,Archie Roberts,essendon,True,11,Round 11,,,played,0,0
2026,168,13168,CD_I1023515,Archie Roberts,essendon,True,12,Round 12,,,played,0,0
2026,168,13168,CD_I1023515,Archie Roberts,essendon,True,13,Round 13,,,played,0,0
2026,168,13168,CD_I1023515,Archie Roberts,essendon,True,14,Round 14,,,played,0,0
2026,168,13168,CD_I1023515,Archie Roberts,essendon,True,15,Round 15,,,bye,,
2026,168,13168,CD_I1023515,Archie Roberts,essendon,True,16,Round 16,CD_M20260141606,2026_R16_north_melbourne_v_essendon_2026-06-28,did_not_play,,
2026,168,13168,CD_I1023515,Archie Roberts,essendon,True,17,Round 17,CD_M20260141701,2026_R17_essendon_v_st_kilda_2026-07-05,did_not_play,,
2026,168,13168,CD_I1023515,Archie Roberts,essendon,True,18,Round 18,,,played,0,0
2026,168,13168,CD_I1023515,Archie Roberts,essendon,True,19,Round 19,,,played,0,0
2026,168,13168,CD_I1023515,Archie Roberts,essendon,True,20,Round 20,,,played,0,0
2026,168,13168,CD_I1023515,Archie Roberts,essendon,True,21,Round 21,,,played,0,0
2026,168,13168,CD_I1023515,Archie Roberts,essendon,True,22,Round 22,,,played,0,0
2026,168,13168,CD_I1023515,Archie Roberts,essendon,True,23,Round 23,,,played,0,0
2026,168,13168,CD_I1023515,Archie Roberts,essendon,True,24,Round 24,,,played,0,0
2026,169,12567,CD_I998215,Will Setterfield,essendon,True,0,Opening Round,,,bye,,
2026,169,12567,CD_I998215,Will Setterfield,essendon,True,1,Round 1,CD_M20260140102,2026_R1_essendon_v_hawthorn_2026-03-13,did_not_play,,
2026,169,12567,CD_I998215,Will Setterfield,essendon,True,2,Round 2,CD_M20260140206,2026_R2_port_adelaide_v_essendon_2026-03-22,did_not_play,,
2026,169,12567,CD_I998215,Will Setterfield,essendon,True,3,Round 3,CD_M20260140305,2026_R3_essendon_v_north_melbourne_2026-03-28,did_not_play,,
2026,169,12567,CD_I998215,Will Setterfield,essendon,True,4,Round 4,CD_M20260140407,2026_R4_western_bulldogs_v_essendon_2026-04-05,did_not_play,,
2026,169,12567,CD_I998215,Will Setterfield,essendon,True,5,Round 5,CD_M20260140504,2026_R5_essendon_v_melbourne_2026-04-11,did_not_play,,
2026,169,12567,CD_I998215,Will Setterfield,essendon,True,6,Round 6,CD_M20260140604,2026_R6_gold_coast_v_essendon_2026-04-18,did_not_play,,
2026,169,12567,CD_I998215,Will Setterfield,essendon,True,7,Round 7,CD_M20260140704,2026_R7_essendon_v_collingwood_2026-04-25,did_not_play,,
2026,169,12567,CD_I998215,Will Setterfield,essendon,True,8,Round 8,CD_M20260140804,2026_R8_essendon_v_brisbane_lions_2026-05-02,did_not_play,,
2026,169,12567,CD_I998215,Will Setterfield,essendon,True,9,Round 9,CD_M20260140905,2026_R9_greater_western_sydney_v_essendon_2026-05-09,did_not_play,,
2026,169,12567,CD_I998215,Will Setterfield,essendon,True,10,Round 10,,,played,0,0
2026,169,12567,CD_I998215,Will Setterfield,essendon,True,11,Round 11,CD_M20260141102,2026_R11_richmond_v_essendon_2026-05-22,did_not_play,,
2026,169,12567,CD_I998215,Will Setterfield,essendon,True,12,Round 12,,,played,0,0
2026,169,12567,CD_I998215,Will Setterfield,essendon,True,13,Round 13,,,played,0,0
2026,169,12567,CD_I998215,Will Setterfield,essendon,True,14,Round 14,CD_M20260141403,2026_R14_melbourne_v_essendon_2026-06-13,played,1,0
2026,169,12567,CD_I998215,Will Setterfield,essendon,True,15,Round 15,,,bye,,
2026,169,12567,CD_I998215,Will Setterfield,essendon,True,16,Round 16,,,played,0,0
2026,169,12567,CD_I998215,Will Setterfield,essendon,True,17,Round 17,,,played,0,0
2026,169,12567,CD_I998215,Will Setterfield,essendon,True,18,Round 18,CD_M20260141802,2026_R18_brisbane_lions_v_essendon_2026-07-12,did_not_play,,
2026,169,12567,CD_I998215,Will Setterfield,essendon,True,19,Round 19,CD_M20260141902,2026_R19_essendon_v_greater_western_sydney_2026-07-19,did_not_play,,
2026,169,12567,CD_I998215,Will Setterfield,essendon,True,20,Round 20,,,played,0,0
2026,169,12567,CD_I998215,Will Setterfield,essendon,True,21,Round 21,,,played,0,0
2026,169,12567,CD_I998215,Will Setterfield,essendon,True,22,Round 22,,,played,0,0
2026,169,12567,CD_I998215,Will Setterfield,essendon,True,23,Round 23,,,played,0,0
2026,169,12567,CD_I998215,Will Setterfield,essendon,True,24,Round 24,,,played,0,0
2026,170,12325,CD_I994389,Jack Sinclair,st_kilda,True,0,Opening Round,,,played,0,0
2026,170,12325,CD_I994389,Jack Sinclair,st_kilda,True,1,Round 1,,,played,0,0
2026,170,12325,CD_I994389,Jack Sinclair,st_kilda,True,2,Round 2,CD_M20260140204,2026_R2_greater_western_sydney_v_st_kilda_2026-03-21,played,0,3
2026,170,12325,CD_I994389,Jack Sinclair,st_kilda,True,3,Round 3,,,played,0,0
2026,170,12325,CD_I994389,Jack Sinclair,st_kilda,True,4,Round 4,,,bye,,
2026,170,12325,CD_I994389,Jack Sinclair,st_kilda,True,5,Round 5,,,played,0,0
2026,170,12325,CD_I994389,Jack Sinclair,st_kilda,True,6,Round 6,,,played,0,0
2026,170,12325,CD_I994389,Jack Sinclair,st_kilda,True,7,Round 7,,,played,0,0
2026,170,12325,CD_I994389,Jack Sinclair,st_kilda,True,8,Round 8,,,played,0,0
2026,170,12325,CD_I994389,Jack Sinclair,st_kilda,True,9,Round 9,,,played,0,0
2026,170,12325,CD_I994389,Jack Sinclair,st_kilda,True,10,Round 10,CD_M20260141008,2026_R10_st_kilda_v_richmond_2026-05-17,played,1,0
2026,170,12325,CD_I994389,Jack Sinclair,st_kilda,True,11,Round 11,,,played,0,0
2026,170,12325,CD_I994389,Jack Sinclair,st_kilda,True,12,Round 12,,,played,0,0
2026,170,12325,CD_I994389,Jack Sinclair,st_kilda,True,13,Round 13,,,played,0,0
2026,170,12325,CD_I994389,Jack Sinclair,st_kilda,True,14,Round 14,,,played,0,0
2026,170,12325,CD_I994389,Jack Sinclair,st_kilda,True,15,Round 15,,,played,0,0
2026,170,12325,CD_I994389,Jack Sinclair,st_kilda,True,16,Round 16,,,bye,,
2026,170,12325,CD_I994389,Jack Sinclair,st_kilda,True,17,Round 17,CD_M20260141701,2026_R17_essendon_v_st_kilda_2026-07-05,did_not_play,,
2026,170,12325,CD_I994389,Jack Sinclair,st_kilda,True,18,Round 18,CD_M20260141808,2026_R18_st_kilda_v_port_adelaide_2026-07-11,did_not_play,,
2026,170,12325,CD_I994389,Jack Sinclair,st_kilda,True,19,Round 19,CD_M20260141903,2026_R19_geelong_v_st_kilda_2026-07-16,did_not_play,,
2026,170,12325,CD_I994389,Jack Sinclair,st_kilda,True,20,Round 20,CD_M20260142007,2026_R20_north_melbourne_v_st_kilda_2026-07-26,did_not_play,,
2026,170,12325,CD_I994389,Jack Sinclair,st_kilda,True,21,Round 21,CD_M20260142109,2026_R21_st_kilda_v_sydney_2026-08-01,did_not_play,,
2026,170,12325,CD_I994389,Jack Sinclair,st_kilda,True,22,Round 22,CD_M20260142206,2026_R22_st_kilda_v_carlton_2026-08-09,did_not_play,,
2026,170,12325,CD_I994389,Jack Sinclair,st_kilda,True,23,Round 23,CD_M20260142308,2026_R23_richmond_v_st_kilda_2026-08-15,did_not_play,,
2026,170,12325,CD_I994389,Jack Sinclair,st_kilda,True,24,Round 24,CD_M20260142407,2026_R24_st_kilda_v_gold_coast_2026-08-20,did_not_play,,
2026,171,12952,CD_I1017109,Jake Soligo,adelaide,True,0,Opening Round,,,bye,,
2026,171,12952,CD_I1017109,Jake Soligo,adelaide,True,1,Round 1,,,played,0,0
2026,171,12952,CD_I1017109,Jake Soligo,adelaide,True,2,Round 2,,,played,0,0
2026,171,12952,CD_I1017109,Jake Soligo,adelaide,True,3,Round 3,,,played,0,0
2026,171,12952,CD_I1017109,Jake Soligo,adelaide,True,4,Round 4,,,played,0,0
2026,171,12952,CD_I1017109,Jake Soligo,adelaide,True,5,Round 5,,,played,0,0
2026,171,12952,CD_I1017109,Jake Soligo,adelaide,True,6,Round 6,CD_M20260140606,2026_R6_adelaide_v_st_kilda_2026-04-18,did_not_play,,
2026,171,12952,CD_I1017109,Jake Soligo,adelaide,True,7,Round 7,CD_M20260140708,2026_R7_brisbane_lions_v_adelaide_2026-04-26,did_not_play,,
2026,171,12952,CD_I1017109,Jake Soligo,adelaide,True,8,Round 8,,,played,0,0
2026,171,12952,CD_I1017109,Jake Soligo,adelaide,True,9,Round 9,,,played,0,0
2026,171,12952,CD_I1017109,Jake Soligo,adelaide,True,10,Round 10,CD_M20260141004,2026_R10_adelaide_v_north_melbourne_2026-05-16,played,1,0
2026,171,12952,CD_I1017109,Jake Soligo,adelaide,True,11,Round 11,,,played,0,0
2026,171,12952,CD_I1017109,Jake Soligo,adelaide,True,12,Round 12,,,bye,,
2026,171,12952,CD_I1017109,Jake Soligo,adelaide,True,13,Round 13,,,played,0,0
2026,171,12952,CD_I1017109,Jake Soligo,adelaide,True,14,Round 14,,,played,0,0
2026,171,12952,CD_I1017109,Jake Soligo,adelaide,True,15,Round 15,,,played,0,0
2026,171,12952,CD_I1017109,Jake Soligo,adelaide,True,16,Round 16,,,played,0,0
2026,171,12952,CD_I1017109,Jake Soligo,adelaide,True,17,Round 17,,,played,0,0
2026,171,12952,CD_I1017109,Jake Soligo,adelaide,True,18,Round 18,,,played,0,0
2026,171,12952,CD_I1017109,Jake Soligo,adelaide,True,19,Round 19,CD_M20260141908,2026_R19_sydney_v_adelaide_2026-07-17,played,0,1
2026,171,12952,CD_I1017109,Jake Soligo,adelaide,True,20,Round 20,,,played,0,0
2026,171,12952,CD_I1017109,Jake Soligo,adelaide,True,21,Round 21,,,played,0,0
2026,171,12952,CD_I1017109,Jake Soligo,adelaide,True,22,Round 22,CD_M20260142201,2026_R22_adelaide_v_richmond_2026-08-08,did_not_play,,
2026,171,12952,CD_I1017109,Jake Soligo,adelaide,True,23,Round 23,,,played,0,0
2026,171,12952,CD_I1017109,Jake Soligo,adelaide,True,24,Round 24,,,played,0,0
2026,172,13340,CD_I1037021,Sam Swadling,collingwood,True,0,Opening Round,CD_M20260140005,2026_R0_st_kilda_v_collingwood_2026-03-08,did_not_play,,
2026,172,13340,CD_I1037021,Sam Swadling,collingwood,True,1,Round 1,CD_M20260140106,2026_R1_collingwood_v_adelaide_2026-03-14,did_not_play,,
2026,172,13340,CD_I1037021,Sam Swadling,collingwood,True,2,Round 2,,,bye,,
2026,172,13340,CD_I1037021,Sam Swadling,collingwood,True,3,Round 3,CD_M20260140302,2026_R3_collingwood_v_greater_western_sydney_2026-03-27,did_not_play,,
2026,172,13340,CD_I1037021,Sam Swadling,collingwood,True,4,Round 4,CD_M20260140401,2026_R4_brisbane_lions_v_collingwood_2026-04-02,did_not_play,,
2026,172,13340,CD_I1037021,Sam Swadling,collingwood,True,5,Round 5,CD_M20260140502,2026_R5_collingwood_v_fremantle_2026-04-10,did_not_play,,
2026,172,13340,CD_I1037021,Sam Swadling,collingwood,True,6,Round 6,CD_M20260140601,2026_R6_carlton_v_collingwood_2026-04-16,did_not_play,,
2026,172,13340,CD_I1037021,Sam Swadling,collingwood,True,7,Round 7,CD_M20260140704,2026_R7_essendon_v_collingwood_2026-04-25,did_not_play,,
2026,172,13340,CD_I1037021,Sam Swadling,collingwood,True,8,Round 8,CD_M20260140801,2026_R8_collingwood_v_hawthorn_2026-04-30,did_not_play,,
2026,172,13340,CD_I1037021,Sam Swadling,collingwood,True,9,Round 9,CD_M20260140907,2026_R9_geelong_v_collingwood_2026-05-09,did_not_play,,
2026,172,13340,CD_I1037021,Sam Swadling,collingwood,True,10,Round 10,CD_M20260141002,2026_R10_sydney_v_collingwood_2026-05-15,did_not_play,,
2026,172,13340,CD_I1037021,Sam Swadling,collingwood,True,11,Round 11,CD_M20260141106,2026_R11_collingwood_v_west_coast_2026-05-23,did_not_play,,
2026,172,13340,CD_I1037021,Sam Swadling,collingwood,True,12,Round 12,CD_M20260141205,2026_R12_western_bulldogs_v_collingwood_2026-05-30,did_not_play,,
2026,172,13340,CD_I1037021,Sam Swadling,collingwood,True,13,Round 13,CD_M20260141308,2026_R13_collingwood_v_melbourne_2026-06-08,did_not_play,,
2026,172,13340,CD_I1037021,Sam Swadling,collingwood,True,14,Round 14,,,bye,,
2026,172,13340,CD_I1037021,Sam Swadling,collingwood,True,15,Round 15,,,played,0,0
2026,172,13340,CD_I1037021,Sam Swadling,collingwood,True,16,Round 16,,,played,0,0
2026,172,13340,CD_I1037021,Sam Swadling,collingwood,True,17,Round 17,,,played,0,0
2026,172,13340,CD_I1037021,Sam Swadling,collingwood,True,18,Round 18,,,played,0,0
2026,172,13340,CD_I1037021,Sam Swadling,collingwood,True,19,Round 19,,,played,0,0
2026,172,13340,CD_I1037021,Sam Swadling,collingwood,True,20,Round 20,CD_M20260142001,2026_R20_adelaide_v_collingwood_2026-07-23,did_not_play,,
2026,172,13340,CD_I1037021,Sam Swadling,collingwood,True,21,Round 21,CD_M20260142102,2026_R21_collingwood_v_geelong_2026-07-30,did_not_play,,
2026,172,13340,CD_I1037021,Sam Swadling,collingwood,True,22,Round 22,,,played,0,0
2026,172,13340,CD_I1037021,Sam Swadling,collingwood,True,23,Round 23,CD_M20260142305,2026_R23_hawthorn_v_collingwood_2026-08-15,played,1,0
2026,172,13340,CD_I1037021,Sam Swadling,collingwood,True,24,Round 24,,,played,0,0
2026,173,12890,CD_I992330,Jordon Sweet,port_adelaide,True,0,Opening Round,,,bye,,
2026,173,12890,CD_I992330,Jordon Sweet,port_adelaide,True,1,Round 1,CD_M20260140107,2026_R1_north_melbourne_v_port_adelaide_2026-03-15,did_not_play,,
2026,173,12890,CD_I992330,Jordon Sweet,port_adelaide,True,2,Round 2,,,played,0,0
2026,173,12890,CD_I992330,Jordon Sweet,port_adelaide,True,3,Round 3,,,played,0,0
2026,173,12890,CD_I992330,Jordon Sweet,port_adelaide,True,4,Round 4,,,played,0,0
2026,173,12890,CD_I992330,Jordon Sweet,port_adelaide,True,5,Round 5,,,played,0,0
2026,173,12890,CD_I992330,Jordon Sweet,port_adelaide,True,6,Round 6,,,played,0,0
2026,173,12890,CD_I992330,Jordon Sweet,port_adelaide,True,7,Round 7,,,played,0,0
2026,173,12890,CD_I992330,Jordon Sweet,port_adelaide,True,8,Round 8,,,played,0,0
2026,173,12890,CD_I992330,Jordon Sweet,port_adelaide,True,9,Round 9,,,played,0,0
2026,173,12890,CD_I992330,Jordon Sweet,port_adelaide,True,10,Round 10,,,played,0,0
2026,173,12890,CD_I992330,Jordon Sweet,port_adelaide,True,11,Round 11,,,played,0,0
2026,173,12890,CD_I992330,Jordon Sweet,port_adelaide,True,12,Round 12,,,bye,,
2026,173,12890,CD_I992330,Jordon Sweet,port_adelaide,True,13,Round 13,,,played,0,0
2026,173,12890,CD_I992330,Jordon Sweet,port_adelaide,True,14,Round 14,CD_M20260141405,2026_R14_port_adelaide_v_sydney_2026-06-13,played,1,0
2026,173,12890,CD_I992330,Jordon Sweet,port_adelaide,True,15,Round 15,,,played,0,0
2026,173,12890,CD_I992330,Jordon Sweet,port_adelaide,True,16,Round 16,,,played,0,0
2026,173,12890,CD_I992330,Jordon Sweet,port_adelaide,True,17,Round 17,,,played,0,0
2026,173,12890,CD_I992330,Jordon Sweet,port_adelaide,True,18,Round 18,,,played,0,0
2026,173,12890,CD_I992330,Jordon Sweet,port_adelaide,True,19,Round 19,,,played,0,0
2026,173,12890,CD_I992330,Jordon Sweet,port_adelaide,True,20,Round 20,,,played,0,0
2026,173,12890,CD_I992330,Jordon Sweet,port_adelaide,True,21,Round 21,,,played,0,0
2026,173,12890,CD_I992330,Jordon Sweet,port_adelaide,True,22,Round 22,,,played,0,0
2026,173,12890,CD_I992330,Jordon Sweet,port_adelaide,True,23,Round 23,,,played,0,0
2026,173,12890,CD_I992330,Jordon Sweet,port_adelaide,True,24,Round 24,,,played,0,0
2026,174,13101,CD_I1027925,Harvey Thomas,greater_western_sydney,True,0,Opening Round,,,played,0,0
2026,174,13101,CD_I1027925,Harvey Thomas,greater_western_sydney,True,1,Round 1,,,played,0,0
2026,174,13101,CD_I1027925,Harvey Thomas,greater_western_sydney,True,2,Round 2,,,played,0,0
2026,174,13101,CD_I1027925,Harvey Thomas,greater_western_sydney,True,3,Round 3,,,played,0,0
2026,174,13101,CD_I1027925,Harvey Thomas,greater_western_sydney,True,4,Round 4,,,bye,,
2026,174,13101,CD_I1027925,Harvey Thomas,greater_western_sydney,True,5,Round 5,,,played,0,0
2026,174,13101,CD_I1027925,Harvey Thomas,greater_western_sydney,True,6,Round 6,,,played,0,0
2026,174,13101,CD_I1027925,Harvey Thomas,greater_western_sydney,True,7,Round 7,,,played,0,0
2026,174,13101,CD_I1027925,Harvey Thomas,greater_western_sydney,True,8,Round 8,,,played,0,0
2026,174,13101,CD_I1027925,Harvey Thomas,greater_western_sydney,True,9,Round 9,,,played,0,0
2026,174,13101,CD_I1027925,Harvey Thomas,greater_western_sydney,True,10,Round 10,,,played,0,0
2026,174,13101,CD_I1027925,Harvey Thomas,greater_western_sydney,True,11,Round 11,,,played,0,0
2026,174,13101,CD_I1027925,Harvey Thomas,greater_western_sydney,True,12,Round 12,CD_M20260141206,2026_R12_melbourne_v_greater_western_sydney_2026-05-31,played,1,0
2026,174,13101,CD_I1027925,Harvey Thomas,greater_western_sydney,True,13,Round 13,,,bye,,
2026,174,13101,CD_I1027925,Harvey Thomas,greater_western_sydney,True,14,Round 14,,,played,0,0
2026,174,13101,CD_I1027925,Harvey Thomas,greater_western_sydney,True,15,Round 15,,,played,0,0
2026,174,13101,CD_I1027925,Harvey Thomas,greater_western_sydney,True,16,Round 16,,,played,0,0
2026,174,13101,CD_I1027925,Harvey Thomas,greater_western_sydney,True,17,Round 17,,,played,0,0
2026,174,13101,CD_I1027925,Harvey Thomas,greater_western_sydney,True,18,Round 18,,,played,0,0
2026,174,13101,CD_I1027925,Harvey Thomas,greater_western_sydney,True,19,Round 19,CD_M20260141902,2026_R19_essendon_v_greater_western_sydney_2026-07-19,did_not_play,,
2026,174,13101,CD_I1027925,Harvey Thomas,greater_western_sydney,True,20,Round 20,,,played,0,0
2026,174,13101,CD_I1027925,Harvey Thomas,greater_western_sydney,True,21,Round 21,,,played,0,0
2026,174,13101,CD_I1027925,Harvey Thomas,greater_western_sydney,True,22,Round 22,,,played,0,0
2026,174,13101,CD_I1027925,Harvey Thomas,greater_western_sydney,True,23,Round 23,,,played,0,0
2026,174,13101,CD_I1027925,Harvey Thomas,greater_western_sydney,True,24,Round 24,,,played,0,0
2026,175,13041,CD_I1017665,Bodhi Uwland,gold_coast,True,0,Opening Round,,,played,0,0
2026,175,13041,CD_I1017665,Bodhi Uwland,gold_coast,True,1,Round 1,,,played,0,0
2026,175,13041,CD_I1017665,Bodhi Uwland,gold_coast,True,2,Round 2,CD_M20260140203,2026_R2_richmond_v_gold_coast_2026-03-21,played,1,1
2026,175,13041,CD_I1017665,Bodhi Uwland,gold_coast,True,3,Round 3,,,bye,,
2026,175,13041,CD_I1017665,Bodhi Uwland,gold_coast,True,4,Round 4,,,played,0,0
2026,175,13041,CD_I1017665,Bodhi Uwland,gold_coast,True,5,Round 5,,,played,0,0
2026,175,13041,CD_I1017665,Bodhi Uwland,gold_coast,True,6,Round 6,,,played,0,0
2026,175,13041,CD_I1017665,Bodhi Uwland,gold_coast,True,7,Round 7,,,played,0,0
2026,175,13041,CD_I1017665,Bodhi Uwland,gold_coast,True,8,Round 8,,,played,0,0
2026,175,13041,CD_I1017665,Bodhi Uwland,gold_coast,True,9,Round 9,,,played,0,0
2026,175,13041,CD_I1017665,Bodhi Uwland,gold_coast,True,10,Round 10,,,played,0,0
2026,175,13041,CD_I1017665,Bodhi Uwland,gold_coast,True,11,Round 11,,,played,0,0
2026,175,13041,CD_I1017665,Bodhi Uwland,gold_coast,True,12,Round 12,,,bye,,
2026,175,13041,CD_I1017665,Bodhi Uwland,gold_coast,True,13,Round 13,,,played,0,0
2026,175,13041,CD_I1017665,Bodhi Uwland,gold_coast,True,14,Round 14,,,played,0,0
2026,175,13041,CD_I1017665,Bodhi Uwland,gold_coast,True,15,Round 15,,,played,0,0
2026,175,13041,CD_I1017665,Bodhi Uwland,gold_coast,True,16,Round 16,,,played,0,0
2026,175,13041,CD_I1017665,Bodhi Uwland,gold_coast,True,17,Round 17,CD_M20260141703,2026_R17_gold_coast_v_collingwood_2026-07-04,played,0,2
2026,175,13041,CD_I1017665,Bodhi Uwland,gold_coast,True,18,Round 18,,,played,0,0
2026,175,13041,CD_I1017665,Bodhi Uwland,gold_coast,True,19,Round 19,,,played,0,0
2026,175,13041,CD_I1017665,Bodhi Uwland,gold_coast,True,20,Round 20,,,played,0,0
2026,175,13041,CD_I1017665,Bodhi Uwland,gold_coast,True,21,Round 21,,,played,0,0
2026,175,13041,CD_I1017665,Bodhi Uwland,gold_coast,True,22,Round 22,,,played,0,0
2026,175,13041,CD_I1017665,Bodhi Uwland,gold_coast,True,23,Round 23,,,played,0,0
2026,175,13041,CD_I1017665,Bodhi Uwland,gold_coast,True,24,Round 24,,,played,0,0
2026,176,13278,CD_I1029297,Zeke Uwland,gold_coast,True,0,Opening Round,,,played,0,0
2026,176,13278,CD_I1029297,Zeke Uwland,gold_coast,True,1,Round 1,,,played,0,0
2026,176,13278,CD_I1029297,Zeke Uwland,gold_coast,True,2,Round 2,,,played,0,0
2026,176,13278,CD_I1029297,Zeke Uwland,gold_coast,True,3,Round 3,,,bye,,
2026,176,13278,CD_I1029297,Zeke Uwland,gold_coast,True,4,Round 4,,,played,0,0
2026,176,13278,CD_I1029297,Zeke Uwland,gold_coast,True,5,Round 5,,,played,0,0
2026,176,13278,CD_I1029297,Zeke Uwland,gold_coast,True,6,Round 6,,,played,0,0
2026,176,13278,CD_I1029297,Zeke Uwland,gold_coast,True,7,Round 7,,,played,0,0
2026,176,13278,CD_I1029297,Zeke Uwland,gold_coast,True,8,Round 8,CD_M20260140809,2026_R8_gold_coast_v_greater_western_sydney_2026-05-03,did_not_play,,
2026,176,13278,CD_I1029297,Zeke Uwland,gold_coast,True,9,Round 9,CD_M20260140906,2026_R9_gold_coast_v_st_kilda_2026-05-09,did_not_play,,
2026,176,13278,CD_I1029297,Zeke Uwland,gold_coast,True,10,Round 10,,,played,0,0
2026,176,13278,CD_I1029297,Zeke Uwland,gold_coast,True,11,Round 11,,,played,0,0
2026,176,13278,CD_I1029297,Zeke Uwland,gold_coast,True,12,Round 12,,,bye,,
2026,176,13278,CD_I1029297,Zeke Uwland,gold_coast,True,13,Round 13,CD_M20260141304,2026_R13_gold_coast_v_brisbane_lions_2026-06-06,did_not_play,,
2026,176,13278,CD_I1029297,Zeke Uwland,gold_coast,True,14,Round 14,,,played,0,0
2026,176,13278,CD_I1029297,Zeke Uwland,gold_coast,True,15,Round 15,,,played,0,0
2026,176,13278,CD_I1029297,Zeke Uwland,gold_coast,True,16,Round 16,,,played,0,0
2026,176,13278,CD_I1029297,Zeke Uwland,gold_coast,True,17,Round 17,CD_M20260141703,2026_R17_gold_coast_v_collingwood_2026-07-04,played,1,0
2026,176,13278,CD_I1029297,Zeke Uwland,gold_coast,True,18,Round 18,,,played,0,0
2026,176,13278,CD_I1029297,Zeke Uwland,gold_coast,True,19,Round 19,,,played,0,0
2026,176,13278,CD_I1029297,Zeke Uwland,gold_coast,True,20,Round 20,,,played,0,0
2026,176,13278,CD_I1029297,Zeke Uwland,gold_coast,True,21,Round 21,CD_M20260142105,2026_R21_gold_coast_v_melbourne_2026-08-02,did_not_play,,
2026,176,13278,CD_I1029297,Zeke Uwland,gold_coast,True,22,Round 22,,,played,0,0
2026,176,13278,CD_I1029297,Zeke Uwland,gold_coast,True,23,Round 23,CD_M20260142301,2026_R23_brisbane_lions_v_gold_coast_2026-08-15,did_not_play,,
2026,176,13278,CD_I1029297,Zeke Uwland,gold_coast,True,24,Round 24,CD_M20260142407,2026_R24_st_kilda_v_gold_coast_2026-08-20,did_not_play,,
2026,177,12836,CD_I1006114,Bailey J. Williams,west_coast,True,0,Opening Round,,,bye,,
2026,177,12836,CD_I1006114,Bailey J. Williams,west_coast,True,1,Round 1,CD_M20260140109,2026_R1_gold_coast_v_west_coast_2026-03-15,did_not_play,,
2026,177,12836,CD_I1006114,Bailey J. Williams,west_coast,True,2,Round 2,CD_M20260140207,2026_R2_west_coast_v_north_melbourne_2026-03-22,did_not_play,,
2026,177,12836,CD_I1006114,Bailey J. Williams,west_coast,True,3,Round 3,CD_M20260140306,2026_R3_port_adelaide_v_west_coast_2026-03-29,did_not_play,,
2026,177,12836,CD_I1006114,Bailey J. Williams,west_coast,True,4,Round 4,CD_M20260140405,2026_R4_west_coast_v_sydney_2026-04-04,did_not_play,,
2026,177,12836,CD_I1006114,Bailey J. Williams,west_coast,True,5,Round 5,,,played,0,0
2026,177,12836,CD_I1006114,Bailey J. Williams,west_coast,True,6,Round 6,,,played,0,0
2026,177,12836,CD_I1006114,Bailey J. Williams,west_coast,True,7,Round 7,,,played,0,0
2026,177,12836,CD_I1006114,Bailey J. Williams,west_coast,True,8,Round 8,,,played,0,0
2026,177,12836,CD_I1006114,Bailey J. Williams,west_coast,True,9,Round 9,,,played,0,0
2026,177,12836,CD_I1006114,Bailey J. Williams,west_coast,True,10,Round 10,CD_M20260141009,2026_R10_west_coast_v_greater_western_sydney_2026-05-17,played,1,1
2026,177,12836,CD_I1006114,Bailey J. Williams,west_coast,True,11,Round 11,CD_M20260141106,2026_R11_collingwood_v_west_coast_2026-05-23,played,0,2
2026,177,12836,CD_I1006114,Bailey J. Williams,west_coast,True,12,Round 12,,,played,0,0
2026,177,12836,CD_I1006114,Bailey J. Williams,west_coast,True,13,Round 13,,,played,0,0
2026,177,12836,CD_I1006114,Bailey J. Williams,west_coast,True,14,Round 14,,,played,0,0
2026,177,12836,CD_I1006114,Bailey J. Williams,west_coast,True,15,Round 15,,,bye,,
2026,177,12836,CD_I1006114,Bailey J. Williams,west_coast,True,16,Round 16,,,played,0,0
2026,177,12836,CD_I1006114,Bailey J. Williams,west_coast,True,17,Round 17,,,played,0,0
2026,177,12836,CD_I1006114,Bailey J. Williams,west_coast,True,18,Round 18,,,played,0,0
2026,177,12836,CD_I1006114,Bailey J. Williams,west_coast,True,19,Round 19,,,played,0,0
2026,177,12836,CD_I1006114,Bailey J. Williams,west_coast,True,20,Round 20,,,played,0,0
2026,177,12836,CD_I1006114,Bailey J. Williams,west_coast,True,21,Round 21,,,played,0,0
2026,177,12836,CD_I1006114,Bailey J. Williams,west_coast,True,22,Round 22,,,played,0,0
2026,177,12836,CD_I1006114,Bailey J. Williams,west_coast,True,23,Round 23,,,played,0,0
2026,177,12836,CD_I1006114,Bailey J. Williams,west_coast,True,24,Round 24,,,played,0,0
2026,178,12967,CD_I1023270,Marcus Windhager,st_kilda,True,0,Opening Round,,,played,0,0
2026,178,12967,CD_I1023270,Marcus Windhager,st_kilda,True,1,Round 1,,,played,0,0
2026,178,12967,CD_I1023270,Marcus Windhager,st_kilda,True,2,Round 2,,,played,0,0
2026,178,12967,CD_I1023270,Marcus Windhager,st_kilda,True,3,Round 3,,,played,0,0
2026,178,12967,CD_I1023270,Marcus Windhager,st_kilda,True,4,Round 4,,,bye,,
2026,178,12967,CD_I1023270,Marcus Windhager,st_kilda,True,5,Round 5,,,played,0,0
2026,178,12967,CD_I1023270,Marcus Windhager,st_kilda,True,6,Round 6,,,played,0,0
2026,178,12967,CD_I1023270,Marcus Windhager,st_kilda,True,7,Round 7,CD_M20260140707,2026_R7_st_kilda_v_west_coast_2026-04-26,played,1,0
2026,178,12967,CD_I1023270,Marcus Windhager,st_kilda,True,8,Round 8,,,played,0,0
2026,178,12967,CD_I1023270,Marcus Windhager,st_kilda,True,9,Round 9,,,played,0,0
2026,178,12967,CD_I1023270,Marcus Windhager,st_kilda,True,10,Round 10,,,played,0,0
2026,178,12967,CD_I1023270,Marcus Windhager,st_kilda,True,11,Round 11,,,played,0,0
2026,178,12967,CD_I1023270,Marcus Windhager,st_kilda,True,12,Round 12,,,played,0,0
2026,178,12967,CD_I1023270,Marcus Windhager,st_kilda,True,13,Round 13,,,played,0,0
2026,178,12967,CD_I1023270,Marcus Windhager,st_kilda,True,14,Round 14,,,played,0,0
2026,178,12967,CD_I1023270,Marcus Windhager,st_kilda,True,15,Round 15,,,played,0,0
2026,178,12967,CD_I1023270,Marcus Windhager,st_kilda,True,16,Round 16,,,bye,,
2026,178,12967,CD_I1023270,Marcus Windhager,st_kilda,True,17,Round 17,,,played,0,0
2026,178,12967,CD_I1023270,Marcus Windhager,st_kilda,True,18,Round 18,,,played,0,0
2026,178,12967,CD_I1023270,Marcus Windhager,st_kilda,True,19,Round 19,,,played,0,0
2026,178,12967,CD_I1023270,Marcus Windhager,st_kilda,True,20,Round 20,,,played,0,0
2026,178,12967,CD_I1023270,Marcus Windhager,st_kilda,True,21,Round 21,,,played,0,0
2026,178,12967,CD_I1023270,Marcus Windhager,st_kilda,True,22,Round 22,,,played,0,0
2026,178,12967,CD_I1023270,Marcus Windhager,st_kilda,True,23,Round 23,,,played,0,0
2026,178,12967,CD_I1023270,Marcus Windhager,st_kilda,True,24,Round 24,,,played,0,0
2026,179,12777,CD_I1009256,Hayden Young,fremantle,True,0,Opening Round,,,bye,,
2026,179,12777,CD_I1009256,Hayden Young,fremantle,True,1,Round 1,,,played,0,0
2026,179,12777,CD_I1009256,Hayden Young,fremantle,True,2,Round 2,CD_M20260140205,2026_R2_fremantle_v_melbourne_2026-03-21,did_not_play,,
2026,179,12777,CD_I1009256,Hayden Young,fremantle,True,3,Round 3,CD_M20260140304,2026_R3_fremantle_v_richmond_2026-03-28,did_not_play,,
2026,179,12777,CD_I1009256,Hayden Young,fremantle,True,4,Round 4,CD_M20260140403,2026_R4_adelaide_v_fremantle_2026-04-03,did_not_play,,
2026,179,12777,CD_I1009256,Hayden Young,fremantle,True,5,Round 5,CD_M20260140502,2026_R5_collingwood_v_fremantle_2026-04-10,did_not_play,,
2026,179,12777,CD_I1009256,Hayden Young,fremantle,True,6,Round 6,,,played,0,0
2026,179,12777,CD_I1009256,Hayden Young,fremantle,True,7,Round 7,,,played,0,0
2026,179,12777,CD_I1009256,Hayden Young,fremantle,True,8,Round 8,CD_M20260140802,2026_R8_western_bulldogs_v_fremantle_2026-05-01,played,1,3
2026,179,12777,CD_I1009256,Hayden Young,fremantle,True,9,Round 9,,,played,0,0
2026,179,12777,CD_I1009256,Hayden Young,fremantle,True,10,Round 10,CD_M20260141007,2026_R10_essendon_v_fremantle_2026-05-17,did_not_play,,
2026,179,12777,CD_I1009256,Hayden Young,fremantle,True,11,Round 11,CD_M20260141103,2026_R11_fremantle_v_st_kilda_2026-05-22,did_not_play,,
2026,179,12777,CD_I1009256,Hayden Young,fremantle,True,12,Round 12,CD_M20260141204,2026_R12_brisbane_lions_v_fremantle_2026-05-30,did_not_play,,
2026,179,12777,CD_I1009256,Hayden Young,fremantle,True,13,Round 13,,,played,0,0
2026,179,12777,CD_I1009256,Hayden Young,fremantle,True,14,Round 14,,,bye,,
2026,179,12777,CD_I1009256,Hayden Young,fremantle,True,15,Round 15,,,played,0,0
2026,179,12777,CD_I1009256,Hayden Young,fremantle,True,16,Round 16,,,played,0,0
2026,179,12777,CD_I1009256,Hayden Young,fremantle,True,17,Round 17,,,played,0,0
2026,179,12777,CD_I1009256,Hayden Young,fremantle,True,18,Round 18,CD_M20260141805,2026_R18_fremantle_v_sydney_2026-07-09,did_not_play,,
2026,179,12777,CD_I1009256,Hayden Young,fremantle,True,19,Round 19,,,played,0,0
2026,179,12777,CD_I1009256,Hayden Young,fremantle,True,20,Round 20,CD_M20260142004,2026_R20_fremantle_v_west_coast_2026-07-24,did_not_play,,
2026,179,12777,CD_I1009256,Hayden Young,fremantle,True,21,Round 21,,,played,0,0
2026,179,12777,CD_I1009256,Hayden Young,fremantle,True,22,Round 22,,,played,0,0
2026,179,12777,CD_I1009256,Hayden Young,fremantle,True,23,Round 23,,,played,0,0
2026,179,12777,CD_I1009256,Hayden Young,fremantle,True,24,Round 24,,,played,0,0
2026,180,12076,CD_I261224,Dayne Zorko,brisbane_lions,True,0,Opening Round,,,played,0,0
2026,180,12076,CD_I261224,Dayne Zorko,brisbane_lions,True,1,Round 1,,,played,0,0
2026,180,12076,CD_I261224,Dayne Zorko,brisbane_lions,True,2,Round 2,,,bye,,
2026,180,12076,CD_I261224,Dayne Zorko,brisbane_lions,True,3,Round 3,,,played,0,0
2026,180,12076,CD_I261224,Dayne Zorko,brisbane_lions,True,4,Round 4,,,played,0,0
2026,180,12076,CD_I261224,Dayne Zorko,brisbane_lions,True,5,Round 5,,,played,0,0
2026,180,12076,CD_I261224,Dayne Zorko,brisbane_lions,True,6,Round 6,CD_M20260140608,2026_R6_melbourne_v_brisbane_lions_2026-04-19,did_not_play,,
2026,180,12076,CD_I261224,Dayne Zorko,brisbane_lions,True,7,Round 7,CD_M20260140708,2026_R7_brisbane_lions_v_adelaide_2026-04-26,did_not_play,,
2026,180,12076,CD_I261224,Dayne Zorko,brisbane_lions,True,8,Round 8,,,played,0,0
2026,180,12076,CD_I261224,Dayne Zorko,brisbane_lions,True,9,Round 9,,,played,0,0
2026,180,12076,CD_I261224,Dayne Zorko,brisbane_lions,True,10,Round 10,CD_M20260141001,2026_R10_brisbane_lions_v_geelong_2026-05-14,did_not_play,,
2026,180,12076,CD_I261224,Dayne Zorko,brisbane_lions,True,11,Round 11,CD_M20260141108,2026_R11_greater_western_sydney_v_brisbane_lions_2026-05-24,did_not_play,,
2026,180,12076,CD_I261224,Dayne Zorko,brisbane_lions,True,12,Round 12,CD_M20260141204,2026_R12_brisbane_lions_v_fremantle_2026-05-30,did_not_play,,
2026,180,12076,CD_I261224,Dayne Zorko,brisbane_lions,True,13,Round 13,CD_M20260141304,2026_R13_gold_coast_v_brisbane_lions_2026-06-06,did_not_play,,
2026,180,12076,CD_I261224,Dayne Zorko,brisbane_lions,True,14,Round 14,CD_M20260141406,2026_R14_richmond_v_brisbane_lions_2026-06-14,did_not_play,,
2026,180,12076,CD_I261224,Dayne Zorko,brisbane_lions,True,15,Round 15,,,bye,,
2026,180,12076,CD_I261224,Dayne Zorko,brisbane_lions,True,16,Round 16,CD_M20260141601,2026_R16_brisbane_lions_v_sydney_2026-06-25,did_not_play,,
2026,180,12076,CD_I261224,Dayne Zorko,brisbane_lions,True,17,Round 17,CD_M20260141702,2026_R17_geelong_v_brisbane_lions_2026-07-02,did_not_play,,
2026,180,12076,CD_I261224,Dayne Zorko,brisbane_lions,True,18,Round 18,,,played,0,0
2026,180,12076,CD_I261224,Dayne Zorko,brisbane_lions,True,19,Round 19,,,played,0,0
2026,180,12076,CD_I261224,Dayne Zorko,brisbane_lions,True,20,Round 20,,,played,0,0
2026,180,12076,CD_I261224,Dayne Zorko,brisbane_lions,True,21,Round 21,CD_M20260142101,2026_R21_carlton_v_brisbane_lions_2026-08-01,did_not_play,,
2026,180,12076,CD_I261224,Dayne Zorko,brisbane_lions,True,22,Round 22,,,played,0,0
2026,180,12076,CD_I261224,Dayne Zorko,brisbane_lions,True,23,Round 23,CD_M20260142301,2026_R23_brisbane_lions_v_gold_coast_2026-08-15,played,1,2
2026,180,12076,CD_I261224,Dayne Zorko,brisbane_lions,True,24,Round 24,,,played,0,0
2026,181,12422,CD_I991930,Darcy Byrne-Jones,port_adelaide,False,0,Opening Round,,,bye,,
2026,181,12422,CD_I991930,Darcy Byrne-Jones,port_adelaide,False,1,Round 1,,,played,0,0
2026,181,12422,CD_I991930,Darcy Byrne-Jones,port_adelaide,False,2,Round 2,,,played,0,0
2026,181,12422,CD_I991930,Darcy Byrne-Jones,port_adelaide,False,3,Round 3,,,played,0,0
2026,181,12422,CD_I991930,Darcy Byrne-Jones,port_adelaide,False,4,Round 4,CD_M20260140404,2026_R4_richmond_v_port_adelaide_2026-04-04,played,1,0
2026,181,12422,CD_I991930,Darcy Byrne-Jones,port_adelaide,False,5,Round 5,,,played,0,0
2026,181,12422,CD_I991930,Darcy Byrne-Jones,port_adelaide,False,6,Round 6,,,played,0,0
2026,181,12422,CD_I991930,Darcy Byrne-Jones,port_adelaide,False,7,Round 7,,,played,0,0
2026,181,12422,CD_I991930,Darcy Byrne-Jones,port_adelaide,False,8,Round 8,,,played,0,0
2026,181,12422,CD_I991930,Darcy Byrne-Jones,port_adelaide,False,9,Round 9,,,played,0,0
2026,181,12422,CD_I991930,Darcy Byrne-Jones,port_adelaide,False,10,Round 10,,,played,0,0
2026,181,12422,CD_I991930,Darcy Byrne-Jones,port_adelaide,False,11,Round 11,,,played,0,0
2026,181,12422,CD_I991930,Darcy Byrne-Jones,port_adelaide,False,12,Round 12,,,bye,,
2026,181,12422,CD_I991930,Darcy Byrne-Jones,port_adelaide,False,13,Round 13,,,played,0,0
2026,181,12422,CD_I991930,Darcy Byrne-Jones,port_adelaide,False,14,Round 14,,,played,0,0
2026,181,12422,CD_I991930,Darcy Byrne-Jones,port_adelaide,False,15,Round 15,,,played,0,0
2026,181,12422,CD_I991930,Darcy Byrne-Jones,port_adelaide,False,16,Round 16,,,played,0,0
2026,181,12422,CD_I991930,Darcy Byrne-Jones,port_adelaide,False,17,Round 17,,,played,0,0
2026,181,12422,CD_I991930,Darcy Byrne-Jones,port_adelaide,False,18,Round 18,,,played,0,0
2026,181,12422,CD_I991930,Darcy Byrne-Jones,port_adelaide,False,19,Round 19,,,played,0,0
2026,181,12422,CD_I991930,Darcy Byrne-Jones,port_adelaide,False,20,Round 20,,,played,0,0
2026,181,12422,CD_I991930,Darcy Byrne-Jones,port_adelaide,False,21,Round 21,,,played,0,0
2026,181,12422,CD_I991930,Darcy Byrne-Jones,port_adelaide,False,22,Round 22,,,played,0,0
2026,181,12422,CD_I991930,Darcy Byrne-Jones,port_adelaide,False,23,Round 23,CD_M20260142307,2026_R23_port_adelaide_v_melbourne_2026-08-15,did_not_play,,
2026,181,12422,CD_I991930,Darcy Byrne-Jones,port_adelaide,False,24,Round 24,,,played,0,0
2026,182,13049,CD_I1023500,Bailey Humphrey,gold_coast,False,0,Opening Round,CD_M20260140002,2026_R0_gold_coast_v_geelong_2026-03-06,played,1,1
2026,182,13049,CD_I1023500,Bailey Humphrey,gold_coast,False,1,Round 1,CD_M20260140109,2026_R1_gold_coast_v_west_coast_2026-03-15,did_not_play,,
2026,182,13049,CD_I1023500,Bailey Humphrey,gold_coast,False,2,Round 2,,,played,0,0
2026,182,13049,CD_I1023500,Bailey Humphrey,gold_coast,False,3,Round 3,,,bye,,
2026,182,13049,CD_I1023500,Bailey Humphrey,gold_coast,False,4,Round 4,CD_M20260140406,2026_R4_melbourne_v_gold_coast_2026-04-05,did_not_play,,
2026,182,13049,CD_I1023500,Bailey Humphrey,gold_coast,False,5,Round 5,CD_M20260140505,2026_R5_sydney_v_gold_coast_2026-04-11,did_not_play,,
2026,182,13049,CD_I1023500,Bailey Humphrey,gold_coast,False,6,Round 6,,,played,0,0
2026,182,13049,CD_I1023500,Bailey Humphrey,gold_coast,False,7,Round 7,,,played,0,0
2026,182,13049,CD_I1023500,Bailey Humphrey,gold_coast,False,8,Round 8,,,played,0,0
2026,182,13049,CD_I1023500,Bailey Humphrey,gold_coast,False,9,Round 9,,,played,0,0
2026,182,13049,CD_I1023500,Bailey Humphrey,gold_coast,False,10,Round 10,,,played,0,0
2026,182,13049,CD_I1023500,Bailey Humphrey,gold_coast,False,11,Round 11,,,played,0,0
2026,182,13049,CD_I1023500,Bailey Humphrey,gold_coast,False,12,Round 12,,,bye,,
2026,182,13049,CD_I1023500,Bailey Humphrey,gold_coast,False,13,Round 13,,,played,0,0
2026,182,13049,CD_I1023500,Bailey Humphrey,gold_coast,False,14,Round 14,,,played,0,0
2026,182,13049,CD_I1023500,Bailey Humphrey,gold_coast,False,15,Round 15,,,played,0,0
2026,182,13049,CD_I1023500,Bailey Humphrey,gold_coast,False,16,Round 16,,,played,0,0
2026,182,13049,CD_I1023500,Bailey Humphrey,gold_coast,False,17,Round 17,,,played,0,0
2026,182,13049,CD_I1023500,Bailey Humphrey,gold_coast,False,18,Round 18,,,played,0,0
2026,182,13049,CD_I1023500,Bailey Humphrey,gold_coast,False,19,Round 19,,,played,0,0
2026,182,13049,CD_I1023500,Bailey Humphrey,gold_coast,False,20,Round 20,,,played,0,0
2026,182,13049,CD_I1023500,Bailey Humphrey,gold_coast,False,21,Round 21,,,played,0,0
2026,182,13049,CD_I1023500,Bailey Humphrey,gold_coast,False,22,Round 22,,,played,0,0
2026,182,13049,CD_I1023500,Bailey Humphrey,gold_coast,False,23,Round 23,,,played,0,0
2026,182,13049,CD_I1023500,Bailey Humphrey,gold_coast,False,24,Round 24,,,played,0,0
2026,183,12521,CD_I993917,Ben Long,gold_coast,False,0,Opening Round,,,played,0,0
2026,183,12521,CD_I993917,Ben Long,gold_coast,False,1,Round 1,,,played,0,0
2026,183,12521,CD_I993917,Ben Long,gold_coast,False,2,Round 2,,,played,0,0
2026,183,12521,CD_I993917,Ben Long,gold_coast,False,3,Round 3,,,bye,,
2026,183,12521,CD_I993917,Ben Long,gold_coast,False,4,Round 4,,,played,0,0
2026,183,12521,CD_I993917,Ben Long,gold_coast,False,5,Round 5,,,played,0,0
2026,183,12521,CD_I993917,Ben Long,gold_coast,False,6,Round 6,,,played,0,0
2026,183,12521,CD_I993917,Ben Long,gold_coast,False,7,Round 7,,,played,0,0
2026,183,12521,CD_I993917,Ben Long,gold_coast,False,8,Round 8,,,played,0,0
2026,183,12521,CD_I993917,Ben Long,gold_coast,False,9,Round 9,,,played,0,0
2026,183,12521,CD_I993917,Ben Long,gold_coast,False,10,Round 10,CD_M20260141003,2026_R10_gold_coast_v_port_adelaide_2026-05-15,did_not_play,,
2026,183,12521,CD_I993917,Ben Long,gold_coast,False,11,Round 11,,,played,0,0
2026,183,12521,CD_I993917,Ben Long,gold_coast,False,12,Round 12,,,bye,,
2026,183,12521,CD_I993917,Ben Long,gold_coast,False,13,Round 13,,,played,0,0
2026,183,12521,CD_I993917,Ben Long,gold_coast,False,14,Round 14,,,played,0,0
2026,183,12521,CD_I993917,Ben Long,gold_coast,False,15,Round 15,CD_M20260141502,2026_R15_gold_coast_v_hawthorn_2026-06-19,played,1,0
2026,183,12521,CD_I993917,Ben Long,gold_coast,False,16,Round 16,,,played,0,0
2026,183,12521,CD_I993917,Ben Long,gold_coast,False,17,Round 17,,,played,0,0
2026,183,12521,CD_I993917,Ben Long,gold_coast,False,18,Round 18,CD_M20260141801,2026_R18_adelaide_v_gold_coast_2026-07-11,did_not_play,,
2026,183,12521,CD_I993917,Ben Long,gold_coast,False,19,Round 19,,,played,0,0
2026,183,12521,CD_I993917,Ben Long,gold_coast,False,20,Round 20,,,played,0,0
2026,183,12521,CD_I993917,Ben Long,gold_coast,False,21,Round 21,,,played,0,0
2026,183,12521,CD_I993917,Ben Long,gold_coast,False,22,Round 22,,,played,0,0
2026,183,12521,CD_I993917,Ben Long,gold_coast,False,23,Round 23,,,played,0,0
2026,183,12521,CD_I993917,Ben Long,gold_coast,False,24,Round 24,,,played,0,0
