selection_id,source,market_type,market_name,selection,player_id,player_name,team_id,line,side,n,position,threshold,odds,implied_probability,production_probability,objective_probability,production_edge_pp,objective_edge_pp,production_ev,objective_ev,internal_gap_pp,conservative_internal_probability,wheelo_ev,wheelo_rank,wheelo_support,external_consensus_ev,external_source_count,external_support,confidence,classification_rationale,data_quality_flags
neds:01d952b6-3bb0-481d-9d8b-550cbad16a2c:4ab5b211-39f6-49cd-b96b-a49c8f8dc351,neds,TOP_N,Top 5,Bailey Smith (Geelong Cats),12692,Bailey Smith,,,,5.0,,,1.01,0.9900990099009901,0.99797,0.8856,0.7870990099009934,-10.449900990099003,0.007949699999999948,-0.10554399999999997,11.236999999999997,0.8856,32.598,2.0,PARTIAL_WHEELO_SUPPORT,32.549,2.0,INSUFFICIENT_DATA,HIGH_RISK_HIGH_REWARD,only Production sees value; Wheelo materially supports it; uncertainty remains high,
neds:01d952b6-3bb0-481d-9d8b-550cbad16a2c:643841da-a4c5-4025-ad88-9ef1f6214bb4,neds,TOP_N,Top 5,Marcus Bontempelli (Western Bulldogs),12269,Marcus Bontempelli,,,,5.0,,,1.02,0.9803921568627451,0.62992,0.93965,-35.047215686274505,-4.074215686274507,-0.35748159999999995,-0.041556999999999955,30.972999999999995,0.62992,29.426,3.0,WHEELO_DISAGREES,23.642,3.0,INSUFFICIENT_DATA,NO_VALUE,no meaningful positive edge from either model,
neds:01d952b6-3bb0-481d-9d8b-550cbad16a2c:e2b786db-b087-4f97-aedc-b60404737bd5,neds,TOP_N,Top 5,Patrick Cripps (Carlton),12261,Patrick Cripps,,,,5.0,,,1.8,0.5555555555555556,0.39947,0.55005,-15.608555555555558,-0.5505555555555541,-0.28095400000000004,-0.009909999999999863,15.058000000000005,0.39947,26.744,4.0,WHEELO_DISAGREES,25.872,2.0,INSUFFICIENT_DATA,NO_VALUE,no meaningful positive edge from either model,
neds:01d952b6-3bb0-481d-9d8b-550cbad16a2c:eeeccf09-7b66-45cb-8bc0-f2b94ad4ae4c,neds,TOP_N,Top 5,Will Ashcroft (Brisbane Lions),13040,Will Ashcroft,,,,5.0,,,2.1,0.47619047619047616,0.50377,0.0182,2.7579523809523887,-45.79904761904762,0.05791700000000022,-0.96178,48.557,0.0182,25.078,5.0,PARTIAL_WHEELO_SUPPORT,17.526,3.0,INSUFFICIENT_DATA,HIGH_RISK_HIGH_REWARD,only Production sees value; Wheelo materially supports it; uncertainty remains high,
neds:01d952b6-3bb0-481d-9d8b-550cbad16a2c:2e2eb86a-69c7-44c2-90c5-c2b3b4f05994,neds,TOP_N,Top 5,Isaac Heeney (Sydney Swans),12326,Isaac Heeney,,,,5.0,,,3.6,0.2777777777777778,0.32899,0.5524,5.1212222222222215,27.46222222222222,0.18436399999999997,0.98864,22.341,0.32899,21.364,11.0,PARTIAL_WHEELO_SUPPORT,21.432,2.0,INSUFFICIENT_DATA,MEDIUM_CONFIDENCE,both models see value but internal gap 22.3pp > 7.5pp -- Production is the higher-edge outlier,
neds:01d952b6-3bb0-481d-9d8b-550cbad16a2c:8aa8017c-8cea-4490-bbd1-15dbc064f1ef,neds,TOP_N,Top 5,Jordan Dawson (Adelaide Crows),12516,Jordan Dawson,,,,5.0,,,4.5,0.2222222222222222,0.09754,0.0042,-12.46822222222222,-21.80222222222222,-0.56107,-0.9811,9.334000000000001,0.0042,23.532,7.0,WHEELO_DISAGREES,16.510666666666665,3.0,INSUFFICIENT_DATA,NO_VALUE,no meaningful positive edge from either model,
neds:01d952b6-3bb0-481d-9d8b-550cbad16a2c:37a8d3ee-a97f-4276-8b6e-ac8791f258e9,neds,TOP_N,Top 5,Jai Newcombe (Hawthorn),12915,Jai Newcombe,,,,5.0,,,5.5,0.18181818181818182,0.04548,0.1841,-13.633818181818183,0.22818181818181904,-0.74986,0.012550000000000061,13.862000000000002,0.04548,24.021,6.0,WHEELO_DISAGREES,15.673666666666668,3.0,INSUFFICIENT_DATA,MODEL_DISAGREEMENT,only one internal model sees value and Wheelo does not corroborate -- evidence too divided for a confident conclusion,
neds:01d952b6-3bb0-481d-9d8b-550cbad16a2c:c5d8b076-30ff-43d9-b665-e367fa271bab,neds,TOP_N,Top 5,Lachie Neale (Brisbane Lions),12055,Lachie Neale,,,,5.0,,,5.5,0.18181818181818182,0.34693,0.37855,16.511181818181818,19.673181818181817,0.908115,1.0820249999999998,3.161999999999998,0.34693,22.818,8.0,PARTIAL_WHEELO_SUPPORT,16.272666666666666,3.0,INSUFFICIENT_DATA,HIGH_CONFIDENCE_WHEELO_CONFIRMED,"both models positive EV, both above implied probability, internal gap 3.2pp <= 7.5pp, Wheelo supports",
neds:01d952b6-3bb0-481d-9d8b-550cbad16a2c:829580f7-b7bd-4d4f-af28-ed9528c0ff49,neds,TOP_N,Top 5,Max Gawn (Melbourne),11966,Max Gawn,,,,5.0,,,6.0,0.16666666666666666,0.0736,0.13655,-9.306666666666667,-3.0116666666666654,-0.5584,-0.18069999999999997,6.295000000000001,0.0736,19.552,13.0,WHEELO_DISAGREES,16.184,3.0,INSUFFICIENT_DATA,NO_VALUE,no meaningful positive edge from either model,
neds:01d952b6-3bb0-481d-9d8b-550cbad16a2c:a8c0f558-5260-4e52-8e9c-cfdd01e4b13d,neds,TOP_N,Top 5,Nasiah Wanganeen-Milera (St Kilda),12950,Nasiah Wanganeen-Milera,,,,5.0,,,12.0,0.08333333333333333,0.05952,0.00145,-2.3813333333333326,-8.188333333333334,-0.28576,-0.9826,5.807,0.00145,22.352,9.0,WHEELO_DISAGREES,22.676,2.0,INSUFFICIENT_DATA,NO_VALUE,no meaningful positive edge from either model,
neds:01d952b6-3bb0-481d-9d8b-550cbad16a2c:47eb9b8a-f61b-4bcb-bb4f-cf5d98e67a75,neds,TOP_N,Top 5,Harry Sheezel (North Melbourne),13034,Harry Sheezel,,,,5.0,,,12.0,0.08333333333333333,0.27657,0.02695,19.323666666666668,-5.638333333333333,2.31884,-0.6766,24.962,0.02695,21.764,10.0,PARTIAL_WHEELO_SUPPORT,15.254666666666663,3.0,INSUFFICIENT_DATA,HIGH_RISK_HIGH_REWARD,only Production sees value; Wheelo materially supports it; uncertainty remains high,
neds:01d952b6-3bb0-481d-9d8b-550cbad16a2c:5b16482e-60ab-4dbb-a07b-c194c47ae140,neds,TOP_N,Top 5,Izak Rankine (Adelaide Crows),12798,Izak Rankine,,,,5.0,,,17.0,0.058823529411764705,0.08291,0.01335,2.4086470588235294,-4.54735294117647,0.40947,-0.77305,6.9559999999999995,0.01335,19.101,14.0,PARTIAL_WHEELO_SUPPORT,15.867,3.0,INSUFFICIENT_DATA,HIGH_RISK_HIGH_REWARD,only Production sees value; Wheelo materially supports it; uncertainty remains high,
neds:01d952b6-3bb0-481d-9d8b-550cbad16a2c:a56c1f13-778e-4573-a415-a5640fd617da,neds,TOP_N,Top 5,Jason Horne-Francis (Port Adelaide),12956,Jason Horne-Francis,,,,5.0,,,26.0,0.038461538461538464,0.01154,0.0137,-2.6921538461538463,-2.476153846153846,-0.69996,-0.6437999999999999,0.21600000000000005,0.01154,19.827,12.0,WHEELO_DISAGREES,19.4135,2.0,INSUFFICIENT_DATA,NO_VALUE,no meaningful positive edge from either model,
neds:01d952b6-3bb0-481d-9d8b-550cbad16a2c:6a623d93-10d8-4402-aec5-99572f5a338f,neds,TOP_N,Top 5,Zak Butters (Port Adelaide),12698,Zak Butters,,,,5.0,,,34.0,0.029411764705882353,0.08025,0.028,5.083823529411765,-0.14117647058823518,1.7285,-0.04799999999999993,5.2250000000000005,0.028,18.685,16.0,PARTIAL_WHEELO_SUPPORT,18.8425,2.0,INSUFFICIENT_DATA,HIGH_RISK_HIGH_REWARD,only Production sees value; Wheelo materially supports it; uncertainty remains high,
neds:01d952b6-3bb0-481d-9d8b-550cbad16a2c:af12a98f-2e71-41f2-a2ab-8f47690b14a7,neds,TOP_N,Top 5,Kysaiah Pickett (Melbourne),12771,Kysaiah Pickett,,,,5.0,,,51.0,0.0196078431372549,0.02014,0.001,0.053215686274509996,-1.86078431372549,0.027140000000000164,-0.949,1.9140000000000001,0.001,18.823,15.0,PARTIAL_WHEELO_SUPPORT,14.274333333333333,3.0,INSUFFICIENT_DATA,HIGH_RISK_HIGH_REWARD,only Production sees value; Wheelo materially supports it; uncertainty remains high,
neds:01d952b6-3bb0-481d-9d8b-550cbad16a2c:efd44cd6-a69e-42ec-a8de-57344ad9f85e,neds,TOP_N,Top 5,Chad Warner (Sydney Swans),,Chad Warner,,,,5.0,,,67.0,0.014925373134328358,,,,,,,,,,,INSUFFICIENT_WHEELO_DATA,,,INSUFFICIENT_DATA,NO_VALUE,suppressed: IDENTITY_AMBIGUOUS,IDENTITY_AMBIGUOUS
neds:01d952b6-3bb0-481d-9d8b-550cbad16a2c:2e5b4085-188c-4bc8-8e08-78b05c681dcf,neds,TOP_N,Top 5,Luke Davies-Uniacke (North Melbourne),12590,Luke Davies-Uniacke,,,,5.0,,,101.0,0.009900990099009901,0.0006,0.02815,-0.9300990099009901,1.8249009900990099,-0.9394,1.84315,2.7550000000000003,0.0006,16.942999999999998,17.0,WHEELO_DISAGREES,16.9715,2.0,INSUFFICIENT_DATA,MODEL_DISAGREEMENT,only one internal model sees value and Wheelo does not corroborate -- evidence too divided for a confident conclusion,
neds:01d952b6-3bb0-481d-9d8b-550cbad16a2c:fbc089c9-ad3f-4e3c-8752-7174bdd444b9,neds,TOP_N,Top 5,Luke Jackson (Fremantle),12779,Luke Jackson,,,,5.0,,,101.0,0.009900990099009901,0.0018,0.1032,-0.8100990099009902,9.329900990099011,-0.8182,9.4232,10.14,0.0018,14.919,23.0,WHEELO_DISAGREES,15.4595,2.0,INSUFFICIENT_DATA,MODEL_DISAGREEMENT,only one internal model sees value and Wheelo does not corroborate -- evidence too divided for a confident conclusion,
neds:01d952b6-3bb0-481d-9d8b-550cbad16a2c:9c22d9d6-e047-41ce-83a4-02db611a1e23,neds,TOP_N,Top 5,Harley Reid (West Coast Eagles),13111,Harley Reid,,,,5.0,,,101.0,0.009900990099009901,8e-05,0.007,-0.9820990099009901,-0.2900990099009901,-0.99192,-0.29300000000000004,0.692,8e-05,14.405,24.0,WHEELO_DISAGREES,10.468333333333334,3.0,INSUFFICIENT_DATA,NO_VALUE,no meaningful positive edge from either model,
neds:01d952b6-3bb0-481d-9d8b-550cbad16a2c:0c14acf4-87a6-48ca-a150-2d6f8c16c709,neds,TOP_N,Top 5,Max Holmes (Geelong Cats),12881,Max Holmes,,,,5.0,,,101.0,0.009900990099009901,0.00077,0.0,-0.9130990099009901,-0.9900990099009901,-0.92223,-1.0,0.077,0.0,14.015,26.0,WHEELO_DISAGREES,14.2575,2.0,INSUFFICIENT_DATA,NO_VALUE,no meaningful positive edge from either model,
neds:01d952b6-3bb0-481d-9d8b-550cbad16a2c:dd8824c3-71e2-4f66-bb2b-008bcbdf2499,neds,TOP_N,Top 5,Caleb Serong (Fremantle),12786,Caleb Serong,,,,5.0,,,151.0,0.006622516556291391,0.00356,0.0214,-0.3062516556291391,1.477748344370861,-0.4624400000000001,2.2314,1.7839999999999998,0.00356,15.197,22.0,WHEELO_DISAGREES,15.197,1.0,INSUFFICIENT_DATA,MODEL_DISAGREEMENT,only one internal model sees value and Wheelo does not corroborate -- evidence too divided for a confident conclusion,
neds:01d952b6-3bb0-481d-9d8b-550cbad16a2c:df9364c4-2282-4f9d-abfd-dbb64f3ea5e2,neds,TOP_N,Top 5,Andrew Brayshaw (Fremantle),12589,Andrew Brayshaw,,,,5.0,,,201.0,0.004975124378109453,0.00019,0.0,-0.47851243781094527,-0.4975124378109453,-0.96181,-1.0,0.019,0.0,16.116,18.0,WHEELO_DISAGREES,9.558,2.0,INSUFFICIENT_DATA,NO_VALUE,no meaningful positive edge from either model,
neds:01d952b6-3bb0-481d-9d8b-550cbad16a2c:75e74206-29bd-4c8d-871f-ec3182393311,neds,TOP_N,Top 5,Murphy Reid (Fremantle),13180,Murphy Reid,,,,5.0,,,251.0,0.00398406374501992,0.0,0.0,-0.398406374501992,-0.398406374501992,-1.0,-1.0,0.0,0.0,6.177,58.0,WHEELO_DISAGREES,6.177,1.0,INSUFFICIENT_DATA,NO_VALUE,no meaningful positive edge from either model,
neds:0257600a-3037-4c19-8284-f476146348f5:3fa6882d-8d55-4cd8-97d5-ddd3569b8967,neds,PLAYER_VOTES_OU,O/U Izak Rankine,Over,12798,Izak Rankine,,22.5,over,,,,1.87,0.53475935828877,0.26924,0.29635,-26.551935828877,-23.840935828876997,-0.4965212,-0.4458255,2.711000000000002,0.26924,19.101,14.0,WHEELO_DISAGREES,15.867,3.0,INSUFFICIENT_DATA,NO_VALUE,no meaningful positive edge from either model,
neds:0257600a-3037-4c19-8284-f476146348f5:5d7fef5b-0db2-449a-9473-4999cd16a814,neds,PLAYER_VOTES_OU,O/U Izak Rankine,Under,12798,Izak Rankine,,22.5,under,,,,1.87,0.53475935828877,0.73076,0.70365,19.600064171122998,16.889064171123003,0.3665212,0.3158255000000001,2.7109999999999967,0.70365,19.101,14.0,PARTIAL_WHEELO_SUPPORT,15.867,3.0,INSUFFICIENT_DATA,HIGH_CONFIDENCE_WHEELO_CONFIRMED,"both models positive EV, both above implied probability, internal gap 2.7pp <= 7.5pp, Wheelo supports",
neds:071e5b6a-6c6f-4b86-b7c4-59a89a88fbfc:d1f4293a-d5ba-4286-8b1a-ddd66b16c6ed,neds,PLAYER_VOTES_OU,O/U Lachie Neale,Over,12055,Lachie Neale,,23.5,over,,,,1.87,0.53475935828877,0.49002,0.7652,-4.473935828876996,23.044064171123,-0.08366259999999992,0.4309240000000001,27.517999999999997,0.49002,22.818,8.0,WHEELO_DISAGREES,16.272666666666666,3.0,INSUFFICIENT_DATA,MODEL_DISAGREEMENT,only one internal model sees value and Wheelo does not corroborate -- evidence too divided for a confident conclusion,
neds:071e5b6a-6c6f-4b86-b7c4-59a89a88fbfc:494e15a4-2b7b-4fdc-b31d-7e0efd749df5,neds,PLAYER_VOTES_OU,O/U Lachie Neale,Under,12055,Lachie Neale,,23.5,under,,,,1.87,0.53475935828877,0.50998,0.2348,-2.477935828876998,-29.995935828876995,-0.04633739999999997,-0.560924,27.517999999999997,0.2348,22.818,8.0,WHEELO_DISAGREES,16.272666666666666,3.0,INSUFFICIENT_DATA,NO_VALUE,no meaningful positive edge from either model,
neds:09d649c9-2856-4ba9-8269-15d99e667640:7100d437-4b13-45b9-b179-5a12c74f4467,neds,PLAYER_VOTES_OU,O/U Ed Richards,Over,12605,Ed Richards,,18.5,over,,,,1.87,0.53475935828877,0.43264,0.8229,-10.211935828876994,28.814064171123,-0.1909631999999999,0.538823,39.025999999999996,0.43264,15.958,19.0,WHEELO_DISAGREES,13.652666666666669,3.0,INSUFFICIENT_DATA,MODEL_DISAGREEMENT,only one internal model sees value and Wheelo does not corroborate -- evidence too divided for a confident conclusion,
neds:09d649c9-2856-4ba9-8269-15d99e667640:ae69dde3-2926-4253-a320-8e16ae4a69ea,neds,PLAYER_VOTES_OU,O/U Ed Richards,Under,12605,Ed Richards,,18.5,under,,,,1.87,0.53475935828877,0.56736,0.1771,3.2600641711230005,-35.76593582887699,0.060963199999999995,-0.668823,39.025999999999996,0.1771,15.958,19.0,PARTIAL_WHEELO_SUPPORT,13.652666666666669,3.0,INSUFFICIENT_DATA,HIGH_RISK_HIGH_REWARD,only Production sees value; Wheelo materially supports it; uncertainty remains high,
neds:0eedcbce-ecf9-49a8-b65d-e1722ac2b999:b2f74aa7-62d5-41e8-afa5-b04a69fea972,neds,TO_POLL_A_VOTE,To Poll A Vote,Stephen Coniglio (GWS Giants),12028,Stephen Coniglio,,,,,,,1.1,0.9090909090909091,0.68552,0.62685,-22.357090909090903,-28.224090909090904,-0.24592799999999992,-0.3104649999999999,5.867,0.62685,2.003,130.0,WHEELO_DISAGREES,2.003,1.0,INSUFFICIENT_DATA,NO_VALUE,no meaningful positive edge from either model,
neds:0eedcbce-ecf9-49a8-b65d-e1722ac2b999:55948086-3827-4dc3-8259-3658677d39b9,neds,TO_POLL_A_VOTE,To Poll A Vote,Gryan Miers (Geelong Cats),12689,Gryan Miers,,,,,,,1.1,0.9090909090909091,0.40632,0.6469,-50.2770909090909,-26.2190909090909,-0.553048,-0.28840999999999994,24.058,0.40632,1.058,178.0,STRONG_WHEELO_SUPPORT,1.058,1.0,INSUFFICIENT_DATA,NO_VALUE,no meaningful positive edge from either model,
neds:0eedcbce-ecf9-49a8-b65d-e1722ac2b999:bf14d4a0-af5c-4c16-8440-86ab1686cd6b,neds,TO_POLL_A_VOTE,To Poll A Vote,Tom Liberatore (Western Bulldogs),11898,Tom Liberatore,,,,,,,1.1,0.9090909090909091,0.83028,0.919,-7.881090909090904,0.9909090909090978,-0.08669199999999988,0.010900000000000132,8.872000000000002,0.83028,1.957,132.0,WHEELO_DISAGREES,1.4785,2.0,INSUFFICIENT_DATA,MODEL_DISAGREEMENT,only one internal model sees value and Wheelo does not corroborate -- evidence too divided for a confident conclusion,
neds:0eedcbce-ecf9-49a8-b65d-e1722ac2b999:afb90b36-7dac-4b1f-a211-a66d6ed771c9,neds,TO_POLL_A_VOTE,To Poll A Vote,Jarrod Witts (Gold Coast Suns),12177,Jarrod Witts,,,,,,,1.1,0.9090909090909091,0.47194,0.62465,-43.715090909090904,-28.444090909090903,-0.4808659999999999,-0.31288499999999986,15.271,0.47194,0.8580000000000001,196.0,STRONG_WHEELO_SUPPORT,0.929,2.0,INSUFFICIENT_DATA,NO_VALUE,no meaningful positive edge from either model,
neds:0eedcbce-ecf9-49a8-b65d-e1722ac2b999:2852c533-cc2e-4708-aac3-bbd6d79c5d39,neds,TO_POLL_A_VOTE,To Poll A Vote,Bailey Dale (Western Bulldogs),12354,Bailey Dale,,,,,,,1.1,0.9090909090909091,0.97622,0.61945,6.712909090909092,-28.964090909090913,0.07384199999999996,-0.318605,35.67700000000001,0.61945,3.471,90.0,PARTIAL_WHEELO_SUPPORT,3.471,1.0,INSUFFICIENT_DATA,HIGH_RISK_HIGH_REWARD,only Production sees value; Wheelo materially supports it; uncertainty remains high,
neds:0eedcbce-ecf9-49a8-b65d-e1722ac2b999:2112085f-387f-4c6b-9530-96b39fd8d473,neds,TO_POLL_A_VOTE,To Poll A Vote,Dylan Moore (Hawthorn),12710,Dylan Moore,,,,,,,1.15,0.8695652173913044,0.82155,0.76905,-4.801521739130443,-10.051521739130443,-0.05521750000000003,-0.1155925000000001,5.249999999999999,0.76905,1.326,160.0,STRONG_WHEELO_SUPPORT,1.663,2.0,INSUFFICIENT_DATA,NO_VALUE,no meaningful positive edge from either model,
neds:0eedcbce-ecf9-49a8-b65d-e1722ac2b999:363f6cbc-3edc-4004-a5c8-417e6c1454fd,neds,TO_POLL_A_VOTE,To Poll A Vote,Francis Evans (Carlton),12873,Francis Evans,,,,,,,1.15,0.8695652173913044,0.75315,0.49205,-11.641521739130445,-37.751521739130446,-0.1338775000000001,-0.4341425000000001,26.11,0.49205,1.842,136.0,STRONG_WHEELO_SUPPORT,1.842,1.0,INSUFFICIENT_DATA,NO_VALUE,no meaningful positive edge from either model,
neds:0eedcbce-ecf9-49a8-b65d-e1722ac2b999:e92b060d-8b85-4b24-a783-7c9d1b261d0b,neds,TO_POLL_A_VOTE,To Poll A Vote,Jake Bowey (Melbourne),12931,Jake Bowey,,,,,,,1.15,0.8695652173913044,0.84967,0.30425,-1.9895217391304398,-56.53152173913044,-0.022879500000000053,-0.6501125,54.542,0.30425,1.635,142.0,STRONG_WHEELO_SUPPORT,1.635,1.0,INSUFFICIENT_DATA,NO_VALUE,no meaningful positive edge from either model,
neds:0eedcbce-ecf9-49a8-b65d-e1722ac2b999:fcdaf203-436f-46df-979f-3129db21f01a,neds,TO_POLL_A_VOTE,To Poll A Vote,Bayley Fritsch (Melbourne),12598,Bayley Fritsch,,,,,,,1.15,0.8695652173913044,0.7688,0.5822,-10.07652173913044,-28.73652173913044,-0.11587999999999998,-0.33047000000000004,18.66,0.5822,1.615,144.0,STRONG_WHEELO_SUPPORT,1.615,1.0,INSUFFICIENT_DATA,NO_VALUE,no meaningful positive edge from either model,
neds:0eedcbce-ecf9-49a8-b65d-e1722ac2b999:c906dcb5-f93c-4cec-918d-1e98eb05b965,neds,TO_POLL_A_VOTE,To Poll A Vote,Tim Membrey (Collingwood),12300,Tim Membrey,,,,,,,1.15,0.8695652173913044,0.72237,0.6216,-14.719521739130448,-24.79652173913044,-0.1692745000000001,-0.28515999999999997,10.076999999999991,0.6216,1.101,174.0,STRONG_WHEELO_SUPPORT,1.101,1.0,INSUFFICIENT_DATA,NO_VALUE,no meaningful positive edge from either model,
neds:0eedcbce-ecf9-49a8-b65d-e1722ac2b999:1961e4b8-a0fc-4527-9375-dad5831d1b90,neds,TO_POLL_A_VOTE,To Poll A Vote,Caleb Windsor (Melbourne),13099,Caleb Windsor,,,,,,,1.15,0.8695652173913044,0.31058,0.09565,-55.89852173913044,-77.39152173913044,-0.642833,-0.8900025,21.493000000000002,0.09565,1.221,164.0,STRONG_WHEELO_SUPPORT,1.221,1.0,INSUFFICIENT_DATA,NO_VALUE,no meaningful positive edge from either model,
neds:0eedcbce-ecf9-49a8-b65d-e1722ac2b999:c96ac3bf-b68b-43ed-a26c-755af554660a,neds,TO_POLL_A_VOTE,To Poll A Vote,Dan Houston (Collingwood),12495,Dan Houston,,,,,,,1.15,0.8695652173913044,0.73114,0.5234,-13.842521739130442,-34.61652173913045,-0.15918900000000002,-0.39809000000000005,20.774000000000004,0.5234,2.202,122.0,WHEELO_DISAGREES,2.202,1.0,INSUFFICIENT_DATA,NO_VALUE,no meaningful positive edge from either model,
neds:0eedcbce-ecf9-49a8-b65d-e1722ac2b999:613bf2dc-46c3-40dc-a6df-5b691712ec10,neds,TO_POLL_A_VOTE,To Poll A Vote,Mitch Owens (St Kilda),12948,Mitch Owens,,,,,,,1.18,0.8474576271186441,0.72136,0.69125,-12.609762711864414,-15.620762711864412,-0.14879520000000002,-0.18432499999999996,3.010999999999997,0.69125,1.435,156.0,STRONG_WHEELO_SUPPORT,1.435,1.0,INSUFFICIENT_DATA,NO_VALUE,no meaningful positive edge from either model,
neds:0eedcbce-ecf9-49a8-b65d-e1722ac2b999:01ce4805-61a2-4c15-8e9d-972c4404b090,neds,TO_POLL_A_VOTE,To Poll A Vote,Brodie Kemp (Carlton),12937,Brodie Kemp,,,,,,,1.18,0.8474576271186441,0.79143,0.17595,-5.602762711864417,-67.15076271186442,-0.06611260000000008,-0.7923790000000001,61.548,0.17595,1.198,166.0,STRONG_WHEELO_SUPPORT,1.198,1.0,INSUFFICIENT_DATA,NO_VALUE,no meaningful positive edge from either model,
neds:0eedcbce-ecf9-49a8-b65d-e1722ac2b999:95c13579-8211-487f-bf19-e59dd68f94d1,neds,TO_POLL_A_VOTE,To Poll A Vote,Cam Mackenzie (Hawthorn),13031,Cam Mackenzie,,,,,,,1.18,0.8474576271186441,0.63528,0.8658,-21.217762711864417,1.8342372881355873,-0.2503696000000001,0.021643999999999997,23.052000000000007,0.63528,3.493,88.0,WHEELO_DISAGREES,3.493,1.0,INSUFFICIENT_DATA,MODEL_DISAGREEMENT,only one internal model sees value and Wheelo does not corroborate -- evidence too divided for a confident conclusion,
neds:0eedcbce-ecf9-49a8-b65d-e1722ac2b999:f6da328c-446c-42ca-b160-3b1a8105ec3f,neds,TO_POLL_A_VOTE,To Poll A Vote,James Peatling (Adelaide Crows),12934,James Peatling,,,,,,,1.18,0.8474576271186441,0.87853,0.96615,3.107237288135589,11.869237288135581,0.03666539999999996,0.14005699999999988,8.761999999999992,0.87853,2.051,128.0,PARTIAL_WHEELO_SUPPORT,2.051,1.0,INSUFFICIENT_DATA,MEDIUM_CONFIDENCE,both models see value but internal gap 8.8pp > 7.5pp -- Production is the higher-edge outlier,
neds:0eedcbce-ecf9-49a8-b65d-e1722ac2b999:e88616de-8d72-48dc-9365-2877cdff04e7,neds,TO_POLL_A_VOTE,To Poll A Vote,Matthew Carroll (Carlton),13212,Matthew Carroll,,,,,,,1.18,0.8474576271186441,0.28963,0.57965,-55.78276271186442,-26.780762711864416,-0.6582366,-0.316013,29.002,0.28963,0.719,209.0,STRONG_WHEELO_SUPPORT,0.719,1.0,INSUFFICIENT_DATA,NO_VALUE,no meaningful positive edge from either model,
neds:0eedcbce-ecf9-49a8-b65d-e1722ac2b999:7c20c2c0-8ba4-4f3b-99b0-67e8455b0547,neds,TO_POLL_A_VOTE,To Poll A Vote,Nick Larkey (North Melbourne),12563,Nick Larkey,,,,,,,1.18,0.8474576271186441,0.83133,0.7064,-1.6127627118644128,-14.105762711864411,-0.01903060000000001,-0.16644800000000004,12.492999999999999,0.7064,1.793,138.0,STRONG_WHEELO_SUPPORT,1.8965,2.0,INSUFFICIENT_DATA,NO_VALUE,no meaningful positive edge from either model,
neds:0eedcbce-ecf9-49a8-b65d-e1722ac2b999:dcd16d2d-535c-443a-b636-74e39acd5c12,neds,TO_POLL_A_VOTE,To Poll A Vote,Hayden Young (Fremantle),12777,Hayden Young,,,,,,,1.18,0.8474576271186441,0.57529,0.76905,-27.21676271186442,-7.8407627118644125,-0.32115780000000005,-0.09252100000000008,19.376000000000005,0.57529,1.711,141.0,WHEELO_DISAGREES,1.711,1.0,INSUFFICIENT_DATA,NO_VALUE,no meaningful positive edge from either model,
neds:0eedcbce-ecf9-49a8-b65d-e1722ac2b999:eeb5523f-6ebc-449a-ba15-0225d6b3b59d,neds,TO_POLL_A_VOTE,To Poll A Vote,Nick Bryan (Essendon),12899,Nick Bryan,,,,,,,1.22,0.819672131147541,0.49145,0.5096,-32.8222131147541,-31.007213114754094,-0.400431,-0.37828799999999996,1.8150000000000055,0.49145,1.275,161.0,STRONG_WHEELO_SUPPORT,1.1375,2.0,INSUFFICIENT_DATA,NO_VALUE,no meaningful positive edge from either model,
neds:0eedcbce-ecf9-49a8-b65d-e1722ac2b999:3be57b6e-7ab8-4b7b-a5fa-9d003e650f2d,neds,TO_POLL_A_VOTE,To Poll A Vote,Callum Mills (Sydney Swans),12413,Callum Mills,,,,,,,1.22,0.819672131147541,0.56722,0.3294,-25.245213114754105,-49.0272131147541,-0.30799160000000003,-0.598132,23.781999999999993,0.3294,1.53,148.0,STRONG_WHEELO_SUPPORT,1.53,1.0,INSUFFICIENT_DATA,NO_VALUE,no meaningful positive edge from either model,
neds:0eedcbce-ecf9-49a8-b65d-e1722ac2b999:679ae1e2-7756-47bc-9ca7-526d97260bab,neds,TO_POLL_A_VOTE,To Poll A Vote,Matthew Johnson (Fremantle),13047,Matthew Johnson,,,,,,,1.25,0.8,0.70981,0.79015,-9.018999999999998,-0.9850000000000025,-0.11273749999999993,-0.012312499999999948,8.033999999999997,0.70981,2.515,116.0,WHEELO_DISAGREES,2.515,1.0,INSUFFICIENT_DATA,NO_VALUE,no meaningful positive edge from either model,
neds:0eedcbce-ecf9-49a8-b65d-e1722ac2b999:c70f698f-22c9-4efa-9c8a-20f339f204b6,neds,TO_POLL_A_VOTE,To Poll A Vote,Tom Papley (Sydney Swans),12412,Tom Papley,,,,,,,1.25,0.8,0.83283,0.69325,3.2829999999999915,-10.675,0.04103749999999984,-0.1334375,13.957999999999993,0.69325,2.15,125.0,PARTIAL_WHEELO_SUPPORT,1.575,2.0,INSUFFICIENT_DATA,HIGH_RISK_HIGH_REWARD,only Production sees value; Wheelo materially supports it; uncertainty remains high,
neds:0eedcbce-ecf9-49a8-b65d-e1722ac2b999:22e2bafb-e6e9-48ab-8e83-ca91e1728c3e,neds,TO_POLL_A_VOTE,To Poll A Vote,Mark Keane (Adelaide Crows),12809,Mark Keane,,,,,,,1.3,0.7692307692307692,0.17294,0.0797,-59.629076923076916,-68.95307692307692,-0.7751779999999999,-0.89639,9.324000000000002,0.0797,0.8160000000000001,200.0,STRONG_WHEELO_SUPPORT,0.8160000000000001,1.0,INSUFFICIENT_DATA,NO_VALUE,no meaningful positive edge from either model,
neds:0eedcbce-ecf9-49a8-b65d-e1722ac2b999:bebf5911-16ee-457c-b7a8-042b253ea74b,neds,TO_POLL_A_VOTE,To Poll A Vote,Dylan Stephens (North Melbourne),12796,Dylan Stephens,,,,,,,1.3,0.7692307692307692,0.9105,0.5312,14.126923076923081,-23.803076923076915,0.1836500000000001,-0.30943999999999994,37.93,0.5312,1.094,175.0,STRONG_WHEELO_SUPPORT,1.094,1.0,INSUFFICIENT_DATA,HIGH_RISK_HIGH_REWARD,only Production sees value; Wheelo materially supports it; uncertainty remains high,
neds:0eedcbce-ecf9-49a8-b65d-e1722ac2b999:b1bfc515-5bc7-483e-b6f4-5a63a3022480,neds,TO_POLL_A_VOTE,To Poll A Vote,Colby McKercher (North Melbourne),13107,Colby McKercher,,,,,,,1.3,0.7692307692307692,0.67221,0.12085,-9.70207692307692,-64.83807692307691,-0.126127,-0.842895,55.135999999999996,0.12085,1.632,143.0,STRONG_WHEELO_SUPPORT,1.632,1.0,INSUFFICIENT_DATA,NO_VALUE,no meaningful positive edge from either model,
neds:0eedcbce-ecf9-49a8-b65d-e1722ac2b999:2b4dc2c9-a5ae-4af1-ba33-d2143ea4e9eb,neds,TO_POLL_A_VOTE,To Poll A Vote,Jack Higgins (St Kilda),12609,Jack Higgins,,,,,,,1.3,0.7692307692307692,0.71607,0.0899,-5.316076923076918,-67.93307692307692,-0.06910899999999998,-0.88313,62.617,0.0899,1.1889999999999998,167.0,STRONG_WHEELO_SUPPORT,1.1889999999999998,1.0,INSUFFICIENT_DATA,NO_VALUE,no meaningful positive edge from either model,
neds:0eedcbce-ecf9-49a8-b65d-e1722ac2b999:64711800-1bf7-4733-9558-74a35b863447,neds,TO_POLL_A_VOTE,To Poll A Vote,Ben Ainsworth (Carlton),12498,Ben Ainsworth,,,,,,,1.3599999999999999,0.7352941176470589,0.62651,0.62505,-10.878411764705886,-11.024411764705889,-0.14794640000000003,-0.14993200000000007,0.14600000000000168,0.62505,1.237,162.0,STRONG_WHEELO_SUPPORT,1.237,1.0,INSUFFICIENT_DATA,NO_VALUE,no meaningful positive edge from either model,
neds:0eedcbce-ecf9-49a8-b65d-e1722ac2b999:b8def091-6ae8-4702-a515-0e05e99f1a12,neds,TO_POLL_A_VOTE,To Poll A Vote,Joe Richards (Port Adelaide),13139,Joe Richards,,,,,,,1.4,0.7142857142857143,0.71494,0.9461,0.06542857142857184,23.181428571428576,0.0009159999999999169,0.32454000000000005,23.116000000000003,0.71494,1.587,146.0,STRONG_WHEELO_SUPPORT,1.587,1.0,INSUFFICIENT_DATA,MEDIUM_CONFIDENCE,both models see value but internal gap 23.1pp > 7.5pp -- Production is the higher-edge outlier,
neds:0eedcbce-ecf9-49a8-b65d-e1722ac2b999:2c51af11-5526-41af-a9c8-363348a349f2,neds,TO_POLL_A_VOTE,To Poll A Vote,Brent Daniels (GWS Giants),12656,Brent Daniels,,,,,,,1.4,0.7142857142857143,0.31035,0.9698,-40.39357142857143,25.55142857142857,-0.56551,0.3577199999999998,65.945,0.31035,1.745,140.0,WHEELO_DISAGREES,1.745,1.0,INSUFFICIENT_DATA,MODEL_DISAGREEMENT,only one internal model sees value and Wheelo does not corroborate -- evidence too divided for a confident conclusion,
neds:0eedcbce-ecf9-49a8-b65d-e1722ac2b999:60c7fef2-edb3-4b46-8b83-0b29792a254e,neds,TO_POLL_A_VOTE,To Poll A Vote,Daniel Rioli (Gold Coast Suns),12403,Daniel Rioli,,,,,,,1.4,0.7142857142857143,0.55638,0.0971,-15.790571428571432,-61.71857142857144,-0.22106800000000004,-0.86406,45.928,0.0971,1.484,152.0,STRONG_WHEELO_SUPPORT,1.484,1.0,INSUFFICIENT_DATA,NO_VALUE,no meaningful positive edge from either model,
neds:0eedcbce-ecf9-49a8-b65d-e1722ac2b999:290b9eea-28cc-4cb3-8049-b206e608290c,neds,TO_POLL_A_VOTE,To Poll A Vote,Darcy Wilson (St Kilda),13110,Darcy Wilson,,,,,,,1.45,0.6896551724137931,0.76666,0.54945,7.700482758620685,-14.020517241379316,0.1116569999999999,-0.20329750000000002,21.721,0.54945,1.032,182.0,STRONG_WHEELO_SUPPORT,1.032,1.0,INSUFFICIENT_DATA,HIGH_RISK_HIGH_REWARD,only Production sees value; Wheelo materially supports it; uncertainty remains high,
neds:0eedcbce-ecf9-49a8-b65d-e1722ac2b999:5469e393-c751-41d2-b328-7ea26161f03f,neds,TO_POLL_A_VOTE,To Poll A Vote,Jack Darling (North Melbourne),11905,Jack Darling,,,,,,,1.45,0.6896551724137931,0.6524,0.53825,-3.725517241379317,-15.140517241379314,-0.05402000000000007,-0.21953750000000005,11.414999999999997,0.53825,0.974,187.0,STRONG_WHEELO_SUPPORT,0.974,1.0,INSUFFICIENT_DATA,NO_VALUE,no meaningful positive edge from either model,
neds:0eedcbce-ecf9-49a8-b65d-e1722ac2b999:244ca6e9-423e-4e3f-a1b3-1cc35a492a6d,neds,TO_POLL_A_VOTE,To Poll A Vote,Harris Andrews (Brisbane Lions),12340,Harris Andrews,,,,,,,1.45,0.6896551724137931,0.34404,0.19445,-34.56151724137931,-49.520517241379316,-0.501142,-0.7180475,14.959,0.19445,2.141,126.0,WHEELO_DISAGREES,1.5705,2.0,INSUFFICIENT_DATA,NO_VALUE,no meaningful positive edge from either model,
neds:0eedcbce-ecf9-49a8-b65d-e1722ac2b999:9a9e23a6-2698-46c6-9896-0ce7e2558145,neds,TO_POLL_A_VOTE,To Poll A Vote,Luke Ryan (Fremantle),12542,Luke Ryan,,,,,,,1.45,0.6896551724137931,0.56178,0.34995,-12.78751724137932,-33.97051724137932,-0.1854190000000001,-0.4925725000000001,21.182999999999996,0.34995,1.527,149.0,STRONG_WHEELO_SUPPORT,1.527,1.0,INSUFFICIENT_DATA,NO_VALUE,no meaningful positive edge from either model,
neds:0eedcbce-ecf9-49a8-b65d-e1722ac2b999:b1a777b1-8391-4907-b29b-0890a181690a,neds,TO_POLL_A_VOTE,To Poll A Vote,Tom McCartin (Sydney Swans),12627,Tom McCartin,,,,,,,1.45,0.6896551724137931,0.5225,0.43205,-16.715517241379317,-25.760517241379315,-0.24237500000000012,-0.3735275,9.044999999999998,0.43205,1.39,158.0,STRONG_WHEELO_SUPPORT,1.445,2.0,INSUFFICIENT_DATA,NO_VALUE,no meaningful positive edge from either model,
neds:0eedcbce-ecf9-49a8-b65d-e1722ac2b999:ee69d91d-7a7e-430e-a2b5-8fddae302e40,neds,TO_POLL_A_VOTE,To Poll A Vote,Bailey Williams (Western Bulldogs),12441,Bailey Williams,,,,,,,1.45,0.6896551724137931,0.5875,0.1598,-10.215517241379313,-52.98551724137932,-0.14812499999999995,-0.76829,42.77,0.1598,1.437,155.0,STRONG_WHEELO_SUPPORT,1.437,1.0,INSUFFICIENT_DATA,NO_VALUE,no meaningful positive edge from either model,
neds:0eedcbce-ecf9-49a8-b65d-e1722ac2b999:ecf88be7-1299-40f5-ace7-d1324e24e9e3,neds,TO_POLL_A_VOTE,To Poll A Vote,Charlie Cameron (Brisbane Lions),,Charlie Cameron,,,,,,,1.5,0.6666666666666666,,,,,,,,,,,INSUFFICIENT_WHEELO_DATA,,,INSUFFICIENT_DATA,NO_VALUE,suppressed: IDENTITY_AMBIGUOUS,IDENTITY_AMBIGUOUS
neds:0eedcbce-ecf9-49a8-b65d-e1722ac2b999:71a6c856-e31f-486e-b351-bb1a7a752138,neds,TO_POLL_A_VOTE,To Poll A Vote,Cooper Sharman (St Kilda),12929,Cooper Sharman,,,,,,,1.5,0.6666666666666666,0.411,0.6921,-25.566666666666666,2.543333333333342,-0.38350000000000006,0.03815000000000013,28.110000000000007,0.411,0.746,206.0,STRONG_WHEELO_SUPPORT,0.746,1.0,INSUFFICIENT_DATA,HIGH_RISK_HIGH_REWARD,only Objective sees value; Wheelo materially supports it; uncertainty remains high,
neds:0eedcbce-ecf9-49a8-b65d-e1722ac2b999:4b7c61f2-e131-4833-8f10-b4cc8c470020,neds,TO_POLL_A_VOTE,To Poll A Vote,Milan Murdock (West Coast Eagles),13294,Milan Murdock,,,,,,,1.5,0.6666666666666666,0.03783,0.7707,-62.88366666666666,10.403333333333343,-0.943255,0.15605000000000002,73.287,0.03783,0.879,194.0,STRONG_WHEELO_SUPPORT,0.879,1.0,INSUFFICIENT_DATA,HIGH_RISK_HIGH_REWARD,only Objective sees value; Wheelo materially supports it; uncertainty remains high,
neds:0eedcbce-ecf9-49a8-b65d-e1722ac2b999:f22561f6-7d2f-4793-8da3-503d647a5649,neds,TO_POLL_A_VOTE,To Poll A Vote,Rory Laird (Adelaide Crows),12165,Rory Laird,,,,,,,1.5,0.6666666666666666,0.82958,0.3253,16.291333333333334,-34.13666666666666,0.24436999999999998,-0.51205,50.428000000000004,0.3253,1.5490000000000002,147.0,STRONG_WHEELO_SUPPORT,1.5490000000000002,1.0,INSUFFICIENT_DATA,HIGH_RISK_HIGH_REWARD,only Production sees value; Wheelo materially supports it; uncertainty remains high,
neds:0eedcbce-ecf9-49a8-b65d-e1722ac2b999:94999230-b440-4aaf-8edc-763a8e0964c3,neds,TO_POLL_A_VOTE,To Poll A Vote,Tom McCarthy (West Coast Eagles),13240,Tom McCarthy,,,,,,,1.5,0.6666666666666666,0.71673,0.5776,5.006333333333335,-8.906666666666663,0.07509499999999991,-0.13359999999999994,13.912999999999997,0.5776,1.002,185.0,STRONG_WHEELO_SUPPORT,1.002,1.0,INSUFFICIENT_DATA,HIGH_RISK_HIGH_REWARD,only Production sees value; Wheelo materially supports it; uncertainty remains high,
neds:0eedcbce-ecf9-49a8-b65d-e1722ac2b999:3730aa03-4330-420f-83f4-f800d614f10a,neds,TO_POLL_A_VOTE,To Poll A Vote,Beau McCreery (Collingwood),12876,Beau McCreery,,,,,,,1.55,0.6451612903225806,0.29779,0.86465,-34.73712903225806,21.94887096774194,-0.5384255,0.3402075,56.686,0.29779,1.237,162.0,STRONG_WHEELO_SUPPORT,1.237,1.0,INSUFFICIENT_DATA,HIGH_RISK_HIGH_REWARD,only Objective sees value; Wheelo materially supports it; uncertainty remains high,
neds:0eedcbce-ecf9-49a8-b65d-e1722ac2b999:653af333-42a2-474e-8c1b-8be21fa74bd6,neds,TO_POLL_A_VOTE,To Poll A Vote,Joel Fitzgerald (Melbourne),13335,Joel Fitzgerald,,,,,,,1.55,0.6451612903225806,,0.8786,,23.343870967741942,,0.3618300000000001,,0.8786,1.588,145.0,STRONG_WHEELO_SUPPORT,1.588,1.0,INSUFFICIENT_DATA,NO_VALUE,suppressed: INSUFFICIENT_SIMULATION_SUPPORT,INSUFFICIENT_SIMULATION_SUPPORT
neds:0eedcbce-ecf9-49a8-b65d-e1722ac2b999:901a8570-f9e4-4926-b1d1-cb4145e6c21e,neds,TO_POLL_A_VOTE,To Poll A Vote,Zeke Uwland (Gold Coast Suns),13278,Zeke Uwland,,,,,,,1.55,0.6451612903225806,0.36973,0.05365,-27.54312903225806,-59.15112903225806,-0.4269185,-0.9168425,31.608000000000004,0.05365,0.5690000000000001,223.0,STRONG_WHEELO_SUPPORT,0.5690000000000001,1.0,INSUFFICIENT_DATA,NO_VALUE,no meaningful positive edge from either model,
neds:0eedcbce-ecf9-49a8-b65d-e1722ac2b999:975ea9f7-8050-4673-b9d2-8ed33f824b1f,neds,TO_POLL_A_VOTE,To Poll A Vote,Reuben Ginbey (West Coast Eagles),13038,Reuben Ginbey,,,,,,,1.55,0.6451612903225806,0.1663,0.2367,-47.88612903225806,-40.84612903225806,-0.742235,-0.633115,7.039999999999999,0.1663,1.008,184.0,STRONG_WHEELO_SUPPORT,1.008,1.0,INSUFFICIENT_DATA,NO_VALUE,no meaningful positive edge from either model,
neds:0eedcbce-ecf9-49a8-b65d-e1722ac2b999:c787459a-6b0c-427f-bbd4-79363662b17c,neds,TO_POLL_A_VOTE,To Poll A Vote,Tom Atkins (Geelong Cats),12690,Tom Atkins,,,,,,,1.5699999999999998,0.6369426751592357,0.76635,0.93795,12.940732484076422,30.10073248407642,0.20316949999999978,0.47258149999999977,17.159999999999997,0.76635,1.46,154.0,STRONG_WHEELO_SUPPORT,1.46,1.0,INSUFFICIENT_DATA,MEDIUM_CONFIDENCE,both models see value but internal gap 17.2pp > 7.5pp -- Production is the higher-edge outlier,
neds:0eedcbce-ecf9-49a8-b65d-e1722ac2b999:b32814e2-c42a-406c-acd5-a32288b2151a,neds,TO_POLL_A_VOTE,To Poll A Vote,Levi Ashcroft (Brisbane Lions),13197,Levi Ashcroft,,,,,,,1.6,0.625,0.72648,0.4348,10.148000000000001,-19.02,0.16236800000000007,-0.3043199999999999,29.168,0.4348,1.13,172.0,STRONG_WHEELO_SUPPORT,1.13,1.0,INSUFFICIENT_DATA,HIGH_RISK_HIGH_REWARD,only Production sees value; Wheelo materially supports it; uncertainty remains high,
neds:0eedcbce-ecf9-49a8-b65d-e1722ac2b999:ce9bc980-aee2-4658-9b9d-4de0950882a6,neds,TO_POLL_A_VOTE,To Poll A Vote,Daniel Curtin (Adelaide Crows),13132,Daniel Curtin,,,,,,,1.65,0.6060606060606061,0.24635,0.38375,-35.971060606060604,-22.23106060606061,-0.5935225,-0.3668125000000001,13.739999999999997,0.24635,0.513,230.0,STRONG_WHEELO_SUPPORT,0.513,1.0,INSUFFICIENT_DATA,NO_VALUE,no meaningful positive edge from either model,
neds:0eedcbce-ecf9-49a8-b65d-e1722ac2b999:ba74bf51-cbaf-40a1-9462-72e1ec760b04,neds,TO_POLL_A_VOTE,To Poll A Vote,Jack Crisp (Collingwood),12061,Jack Crisp,,,,,,,1.65,0.6060606060606061,0.70093,0.7531,9.486939393939398,14.703939393939391,0.15653450000000002,0.24261500000000003,5.216999999999993,0.70093,1.475,153.0,STRONG_WHEELO_SUPPORT,1.475,1.0,INSUFFICIENT_DATA,HIGH_CONFIDENCE_WHEELO_CONFIRMED,"both models positive EV, both above implied probability, internal gap 5.2pp <= 7.5pp, Wheelo supports",
neds:0eedcbce-ecf9-49a8-b65d-e1722ac2b999:5cc3ffc8-2595-41d9-a75a-05a37105b331,neds,TO_POLL_A_VOTE,To Poll A Vote,Will Setterfield (Essendon),12567,Will Setterfield,,,,,,,1.65,0.6060606060606061,0.59604,0.9987,-1.0020606060606063,39.263939393939395,-0.01653400000000005,0.6478550000000001,40.266000000000005,0.59604,0.931,190.0,STRONG_WHEELO_SUPPORT,0.931,1.0,INSUFFICIENT_DATA,HIGH_RISK_HIGH_REWARD,only Objective sees value; Wheelo materially supports it; uncertainty remains high,
neds:0eedcbce-ecf9-49a8-b65d-e1722ac2b999:8ad3f001-50b8-49ad-bdc6-ea06a117043d,neds,TO_POLL_A_VOTE,To Poll A Vote,Marc Pittonet (Carlton),12417,Marc Pittonet,,,,,,,1.72,0.5813953488372093,0.64023,0.9167,5.883465116279063,33.53046511627906,0.10119559999999983,0.576724,27.647,0.64023,1.4999999999999998,151.0,STRONG_WHEELO_SUPPORT,1.4999999999999998,1.0,INSUFFICIENT_DATA,MEDIUM_CONFIDENCE,both models see value but internal gap 27.6pp > 7.5pp -- Production is the higher-edge outlier,
neds:0eedcbce-ecf9-49a8-b65d-e1722ac2b999:065f3c13-8561-436f-a47e-a0efb84c3975,neds,TO_POLL_A_VOTE,To Poll A Vote,Phoenix Gothard (GWS Giants),13279,Phoenix Gothard,,,,,,,1.75,0.5714285714285714,0.15532,0.40185,-41.610857142857135,-16.95785714285714,-0.72819,-0.29676250000000004,24.653,0.15532,0.419,243.0,STRONG_WHEELO_SUPPORT,0.419,1.0,INSUFFICIENT_DATA,NO_VALUE,no meaningful positive edge from either model,
neds:0eedcbce-ecf9-49a8-b65d-e1722ac2b999:3ed3ad4c-8331-4c76-8188-04a4b02ba043,neds,TO_POLL_A_VOTE,To Poll A Vote,Steele Sidebottom (Collingwood),11751,Steele Sidebottom,,,,,,,1.75,0.5714285714285714,0.57654,0.2513,0.5111428571428656,-32.012857142857136,0.008945000000000203,-0.560225,32.524,0.2513,0.947,188.0,STRONG_WHEELO_SUPPORT,0.947,1.0,INSUFFICIENT_DATA,HIGH_RISK_HIGH_REWARD,only Production sees value; Wheelo materially supports it; uncertainty remains high,
neds:0eedcbce-ecf9-49a8-b65d-e1722ac2b999:14387c56-d20e-4123-a31c-a43cbc025f30,neds,TO_POLL_A_VOTE,To Poll A Vote,Harvey Thomas (GWS Giants),13101,Harvey Thomas,,,,,,,1.75,0.5714285714285714,0.5222,0.70655,-4.92285714285714,13.512142857142862,-0.08614999999999995,0.23646250000000002,18.435000000000002,0.5222,0.72,208.0,STRONG_WHEELO_SUPPORT,0.72,1.0,INSUFFICIENT_DATA,HIGH_RISK_HIGH_REWARD,only Objective sees value; Wheelo materially supports it; uncertainty remains high,
neds:0eedcbce-ecf9-49a8-b65d-e1722ac2b999:92f320b3-fd9f-4009-884d-7e156c564812,neds,TO_POLL_A_VOTE,To Poll A Vote,Ollie Wines (Port Adelaide),12150,Ollie Wines,,,,,,,1.75,0.5714285714285714,0.66153,0.9747,9.010142857142856,40.32714285714286,0.15767749999999991,0.7057249999999999,31.317000000000007,0.66153,1.879,135.0,STRONG_WHEELO_SUPPORT,1.879,1.0,INSUFFICIENT_DATA,MEDIUM_CONFIDENCE,both models see value but internal gap 31.3pp > 7.5pp -- Production is the higher-edge outlier,
neds:0eedcbce-ecf9-49a8-b65d-e1722ac2b999:e8786527-ba98-4bc1-ae9d-0758af7aa4b3,neds,TO_POLL_A_VOTE,To Poll A Vote,Ryan Lester (Brisbane Lions),11894,Ryan Lester,,,,,,,1.75,0.5714285714285714,0.20612,0.09225,-36.530857142857144,-47.91785714285714,-0.63929,-0.8385625,11.387,0.09225,0.902,191.0,STRONG_WHEELO_SUPPORT,0.902,1.0,INSUFFICIENT_DATA,NO_VALUE,no meaningful positive edge from either model,
neds:0eedcbce-ecf9-49a8-b65d-e1722ac2b999:d06ae56a-e6de-40b5-a8b6-faad481d8f02,neds,TO_POLL_A_VOTE,To Poll A Vote,Jayden Short (Richmond),12418,Jayden Short,,,,,,,1.75,0.5714285714285714,0.75185,0.25855,18.042142857142863,-31.28785714285714,0.3157375,-0.5475375,49.33,0.25855,0.724,207.0,STRONG_WHEELO_SUPPORT,0.724,1.0,INSUFFICIENT_DATA,HIGH_RISK_HIGH_REWARD,only Production sees value; Wheelo materially supports it; uncertainty remains high,
neds:0eedcbce-ecf9-49a8-b65d-e1722ac2b999:a5a8aaa0-4105-45de-9b18-bbd7ff5dc284,neds,TO_POLL_A_VOTE,To Poll A Vote,Oisin Mullin (Geelong Cats),13066,Oisin Mullin,,,,,,,1.77,0.5649717514124294,0.16865,0.3611,-39.63217514124294,-20.387175141242942,-0.7014895,-0.3608530000000001,19.244999999999997,0.16865,1.173,168.0,STRONG_WHEELO_SUPPORT,1.173,1.0,INSUFFICIENT_DATA,NO_VALUE,no meaningful positive edge from either model,
neds:0eedcbce-ecf9-49a8-b65d-e1722ac2b999:fb2c211f-2b4e-43c7-9e79-9e33e70aad9d,neds,TO_POLL_A_VOTE,To Poll A Vote,James Rowbottom (Sydney Swans),12714,James Rowbottom,,,,,,,1.8,0.5555555555555556,0.5315,0.9754,-2.4055555555555608,41.98444444444445,-0.043300000000000005,0.7557200000000002,44.39000000000001,0.5315,0.815,202.0,STRONG_WHEELO_SUPPORT,0.815,1.0,INSUFFICIENT_DATA,HIGH_RISK_HIGH_REWARD,only Objective sees value; Wheelo materially supports it; uncertainty remains high,
neds:0eedcbce-ecf9-49a8-b65d-e1722ac2b999:1ae2fa74-c617-44ac-8002-64b4ae9be632,neds,TO_POLL_A_VOTE,To Poll A Vote,Karl Amon (Hawthorn),12357,Karl Amon,,,,,,,1.8199999999999998,0.5494505494505495,0.51366,0.2028,-3.579054945054949,-34.665054945054955,-0.06513880000000005,-0.630904,31.086000000000002,0.2028,0.752,205.0,STRONG_WHEELO_SUPPORT,0.752,1.0,INSUFFICIENT_DATA,NO_VALUE,no meaningful positive edge from either model,
neds:0eedcbce-ecf9-49a8-b65d-e1722ac2b999:d21077d5-3382-4128-b9a9-0d2f2b46d603,neds,TO_POLL_A_VOTE,To Poll A Vote,Tom De Koning (St Kilda),12674,Tom De Koning,,,,,,,1.85,0.5405405405405405,0.32211,0.70565,-21.843054054054043,16.510945945945956,-0.40409649999999997,0.3054525000000001,38.354,0.32211,0.902,191.0,STRONG_WHEELO_SUPPORT,0.902,1.0,INSUFFICIENT_DATA,HIGH_RISK_HIGH_REWARD,only Objective sees value; Wheelo materially supports it; uncertainty remains high,
neds:0eedcbce-ecf9-49a8-b65d-e1722ac2b999:6a8da7d4-e74d-4280-b401-57c4d0328c0c,neds,TO_POLL_A_VOTE,To Poll A Vote,Harrison Petty (Melbourne),12653,Harrison Petty,,,,,,,1.85,0.5405405405405405,0.66047,0.9185,11.992945945945955,37.79594594594595,0.22186950000000016,0.699225,25.802999999999997,0.66047,1.207,165.0,STRONG_WHEELO_SUPPORT,1.207,1.0,INSUFFICIENT_DATA,MEDIUM_CONFIDENCE,both models see value but internal gap 25.8pp > 7.5pp -- Production is the higher-edge outlier,
neds:0eedcbce-ecf9-49a8-b65d-e1722ac2b999:45a38b31-0de7-48ec-90e4-0c0e19202059,neds,TO_POLL_A_VOTE,To Poll A Vote,Lachlan Bramble (Western Bulldogs),12916,Lachlan Bramble,,,,,,,1.85,0.5405405405405405,0.21677,0.13065,-32.37705405405404,-40.989054054054044,-0.5989755,-0.7582975000000001,8.612,0.13065,0.342,254.0,STRONG_WHEELO_SUPPORT,0.342,1.0,INSUFFICIENT_DATA,NO_VALUE,no meaningful positive edge from either model,
neds:0eedcbce-ecf9-49a8-b65d-e1722ac2b999:b61f07be-2592-4d89-866e-d41524066587,neds,TO_POLL_A_VOTE,To Poll A Vote,Finn O'Sullivan (North Melbourne),13187,Finn O'Sullivan,,,,,,,1.88,0.5319148936170213,0.33917,0.7004,-19.274489361702123,16.848510638297874,-0.3623604,0.3167519999999999,36.123,0.33917,1.5,150.0,STRONG_WHEELO_SUPPORT,1.5,1.0,INSUFFICIENT_DATA,HIGH_RISK_HIGH_REWARD,only Objective sees value; Wheelo materially supports it; uncertainty remains high,
neds:0eedcbce-ecf9-49a8-b65d-e1722ac2b999:0aad6168-9cdb-45d0-b642-c78707cd422b,neds,TO_POLL_A_VOTE,To Poll A Vote,Oscar McDonald (Fremantle),12394,Oscar McDonald,,,,,,,1.88,0.5319148936170213,0.33222,0.0724,-19.969489361702124,-45.95148936170212,-0.37542640000000005,-0.863888,25.982,0.0724,1.055,179.0,STRONG_WHEELO_SUPPORT,1.055,1.0,INSUFFICIENT_DATA,NO_VALUE,no meaningful positive edge from either model,
neds:0eedcbce-ecf9-49a8-b65d-e1722ac2b999:bb56a7f5-0a0c-4f09-93d6-12fccb95d6d2,neds,TO_POLL_A_VOTE,To Poll A Vote,Elliot Yeo (West Coast Eagles),12087,Elliot Yeo,,,,,,,1.9,0.5263157894736842,0.37492,0.8382,-15.13957894736842,31.188421052631575,-0.28765200000000013,0.5925799999999999,46.327999999999996,0.37492,0.819,199.0,STRONG_WHEELO_SUPPORT,0.819,1.0,INSUFFICIENT_DATA,HIGH_RISK_HIGH_REWARD,only Objective sees value; Wheelo materially supports it; uncertainty remains high,
neds:0eedcbce-ecf9-49a8-b65d-e1722ac2b999:534d9c9c-2104-4b21-b1f0-dec5e7167580,neds,TO_POLL_A_VOTE,To Poll A Vote,Mark Blicavs (Geelong Cats),12153,Mark Blicavs,,,,,,,1.9,0.5263157894736842,0.47369,0.71665,-5.262578947368418,19.03342105263158,-0.099989,0.36163499999999993,24.296,0.47369,1.165,169.0,STRONG_WHEELO_SUPPORT,1.165,1.0,INSUFFICIENT_DATA,HIGH_RISK_HIGH_REWARD,only Objective sees value; Wheelo materially supports it; uncertainty remains high,
neds:0eedcbce-ecf9-49a8-b65d-e1722ac2b999:16a9f96b-7e45-4a2d-b12f-ff0e7266785f,neds,TO_POLL_A_VOTE,To Poll A Vote,Michael Frederick (Fremantle),12801,Michael Frederick,,,,,,,1.9,0.5263157894736842,0.4684,0.1415,-5.79157894736842,-38.48157894736842,-0.11004000000000003,-0.73115,32.69,0.1415,1.388,159.0,STRONG_WHEELO_SUPPORT,1.388,1.0,INSUFFICIENT_DATA,NO_VALUE,no meaningful positive edge from either model,
neds:0eedcbce-ecf9-49a8-b65d-e1722ac2b999:4c3b3536-9e2e-492e-84bc-9dc10f953156,neds,TO_POLL_A_VOTE,To Poll A Vote,Jai Serong (Sydney Swans),13022,Jai Serong,,,,,,,2.0,0.5,0.54369,0.4356,4.369000000000001,-6.440000000000001,0.08738000000000001,-0.12880000000000003,10.809000000000001,0.4356,0.634,220.0,STRONG_WHEELO_SUPPORT,0.634,1.0,INSUFFICIENT_DATA,HIGH_RISK_HIGH_REWARD,only Production sees value; Wheelo materially supports it; uncertainty remains high,
neds:0eedcbce-ecf9-49a8-b65d-e1722ac2b999:3706a1ac-344a-4e09-8528-e7f3e5310c40,neds,TO_POLL_A_VOTE,To Poll A Vote,Josh Worrell (Adelaide Crows),12912,Josh Worrell,,,,,,,2.0,0.5,0.55309,0.2432,5.3089999999999975,-25.680000000000003,0.10617999999999994,-0.5136000000000001,30.989,0.2432,0.845,198.0,STRONG_WHEELO_SUPPORT,0.845,1.0,INSUFFICIENT_DATA,HIGH_RISK_HIGH_REWARD,only Production sees value; Wheelo materially supports it; uncertainty remains high,
neds:0eedcbce-ecf9-49a8-b65d-e1722ac2b999:d822b6aa-5706-49de-bc13-0148c0dae03f,neds,TO_POLL_A_VOTE,To Poll A Vote,Patrick Retschko (Richmond),13313,Patrick Retschko,,,,,,,2.0,0.5,0.06998,0.0581,-43.002,-44.190000000000005,-0.86004,-0.8838,1.1880000000000002,0.0581,0.207,284.0,STRONG_WHEELO_SUPPORT,0.207,1.0,INSUFFICIENT_DATA,NO_VALUE,no meaningful positive edge from either model,
neds:0eedcbce-ecf9-49a8-b65d-e1722ac2b999:2ae6dcfa-e9e9-44c8-a020-b9f88dcbd76d,neds,TO_POLL_A_VOTE,To Poll A Vote,Harry Perryman (Collingwood),12536,Harry Perryman,,,,,,,2.0,0.5,0.29266,0.1081,-20.734,-39.190000000000005,-0.41468000000000005,-0.7838,18.455999999999996,0.1081,0.4359999999999999,240.0,STRONG_WHEELO_SUPPORT,0.4359999999999999,1.0,INSUFFICIENT_DATA,NO_VALUE,no meaningful positive edge from either model,
neds:0eedcbce-ecf9-49a8-b65d-e1722ac2b999:98467441-85cb-4f37-a1fc-3664165cedf9,neds,TO_POLL_A_VOTE,To Poll A Vote,Jamie Elliott (Collingwood),12083,Jamie Elliott,,,,,,,2.05,0.48780487804878053,0.16893,0.1748,-31.887487804878056,-31.300487804878053,-0.6536935,-0.64166,0.5870000000000014,0.16893,0.533,228.0,STRONG_WHEELO_SUPPORT,0.533,1.0,INSUFFICIENT_DATA,NO_VALUE,no meaningful positive edge from either model,
neds:0eedcbce-ecf9-49a8-b65d-e1722ac2b999:aad379fe-b774-448d-9a1d-0f0b269d6705,neds,TO_POLL_A_VOTE,To Poll A Vote,Jack Macrae (St Kilda),12166,Jack Macrae,,,,,,,2.1,0.47619047619047616,0.56416,0.9397,8.796952380952384,46.35095238095238,0.184736,0.9733700000000001,37.554,0.56416,0.6739999999999999,214.0,STRONG_WHEELO_SUPPORT,0.6739999999999999,1.0,INSUFFICIENT_DATA,MEDIUM_CONFIDENCE,both models see value but internal gap 37.6pp > 7.5pp -- Production is the higher-edge outlier,
neds:0eedcbce-ecf9-49a8-b65d-e1722ac2b999:e19264a9-aa0d-4f04-8c05-d53e62b640d9,neds,TO_POLL_A_VOTE,To Poll A Vote,Peter Wright (Essendon),12366,Peter Wright,,,,,,,2.1,0.47619047619047616,0.4516,0.9614,-2.4590476190476163,48.52095238095239,-0.05163999999999991,1.0189400000000002,50.980000000000004,0.4516,0.98,186.0,STRONG_WHEELO_SUPPORT,0.98,1.0,INSUFFICIENT_DATA,HIGH_RISK_HIGH_REWARD,only Objective sees value; Wheelo materially supports it; uncertainty remains high,
neds:0eedcbce-ecf9-49a8-b65d-e1722ac2b999:774d3a60-a8f7-4702-ba1a-bea73192ad8c,neds,TO_POLL_A_VOTE,To Poll A Vote,Talor Byrne (Carlton),13297,Talor Byrne,,,,,,,2.1,0.47619047619047616,0.10111,0.36975,-37.508047619047616,-10.644047619047614,-0.787669,-0.22352499999999997,26.863999999999997,0.10111,0.43,241.0,STRONG_WHEELO_SUPPORT,0.43,1.0,INSUFFICIENT_DATA,NO_VALUE,no meaningful positive edge from either model,
neds:0eedcbce-ecf9-49a8-b65d-e1722ac2b999:49a6d2f4-8610-4c0d-88e7-8d671b371b38,neds,TO_POLL_A_VOTE,To Poll A Vote,Braeden Campbell (Sydney Swans),12863,Braeden Campbell,,,,,,,2.15,0.46511627906976744,0.32085,0.37455,-14.42662790697674,-9.056627906976743,-0.31017249999999996,-0.1947175000000001,5.369999999999997,0.32085,0.391,247.0,STRONG_WHEELO_SUPPORT,0.6955,2.0,INSUFFICIENT_DATA,NO_VALUE,no meaningful positive edge from either model,
neds:0eedcbce-ecf9-49a8-b65d-e1722ac2b999:9e85638d-f16b-4b73-92c9-e0797dcff0f2,neds,TO_POLL_A_VOTE,To Poll A Vote,Charlie Comben (North Melbourne),12938,Charlie Comben,,,,,,,2.2,0.45454545454545453,0.23114,0.2656,-22.340545454545452,-18.89454545454545,-0.49149199999999993,-0.41567999999999994,3.445999999999999,0.23114,1.159,170.0,STRONG_WHEELO_SUPPORT,1.159,1.0,INSUFFICIENT_DATA,NO_VALUE,no meaningful positive edge from either model,
neds:0eedcbce-ecf9-49a8-b65d-e1722ac2b999:f9207142-d8c3-4090-a6b5-7ba9c8c07c84,neds,TO_POLL_A_VOTE,To Poll A Vote,Jordon Sweet (Port Adelaide),12890,Jordon Sweet,,,,,,,2.2,0.45454545454545453,0.77289,0.99855,31.834454545454545,54.400454545454544,0.700358,1.1968100000000002,22.56600000000001,0.77289,1.123,173.0,STRONG_WHEELO_SUPPORT,1.123,1.0,INSUFFICIENT_DATA,MEDIUM_CONFIDENCE,both models see value but internal gap 22.6pp > 7.5pp -- Production is the higher-edge outlier,
neds:0eedcbce-ecf9-49a8-b65d-e1722ac2b999:cdc8dd8b-d487-4ca5-8a2a-5192f55dcba0,neds,TO_POLL_A_VOTE,To Poll A Vote,Kane Farrell (Port Adelaide),12664,Kane Farrell,,,,,,,2.2,0.45454545454545453,0.39615,0.51305,-5.839545454545453,5.850454545454547,-0.12846999999999997,0.1287100000000001,11.690000000000001,0.39615,0.508,231.0,STRONG_WHEELO_SUPPORT,0.508,1.0,INSUFFICIENT_DATA,HIGH_RISK_HIGH_REWARD,only Objective sees value; Wheelo materially supports it; uncertainty remains high,
neds:0eedcbce-ecf9-49a8-b65d-e1722ac2b999:2bcfe199-f5ed-484a-a265-424bc621b1d0,neds,TO_POLL_A_VOTE,To Poll A Vote,Lloyd Meek (Hawthorn),12856,Lloyd Meek,,,,,,,2.2,0.45454545454545453,0.45592,0.7378,0.13745454545454616,28.325454545454548,0.0030240000000001377,0.6231600000000002,28.188000000000002,0.45592,1.012,183.0,STRONG_WHEELO_SUPPORT,1.012,1.0,INSUFFICIENT_DATA,MEDIUM_CONFIDENCE,both models see value but internal gap 28.2pp > 7.5pp -- Production is the higher-edge outlier,
neds:0eedcbce-ecf9-49a8-b65d-e1722ac2b999:1c97e320-3a6f-464e-b1bf-d12a5569f393,neds,TO_POLL_A_VOTE,To Poll A Vote,Sam Flanders (St Kilda),12824,Sam Flanders,,,,,,,2.3,0.4347826086956522,0.53924,0.3141,10.445739130434784,-12.068260869565222,0.24025200000000013,-0.2775700000000001,22.514000000000006,0.3141,1.067,176.0,STRONG_WHEELO_SUPPORT,1.067,1.0,INSUFFICIENT_DATA,HIGH_RISK_HIGH_REWARD,only Production sees value; Wheelo materially supports it; uncertainty remains high,
neds:0eedcbce-ecf9-49a8-b65d-e1722ac2b999:e9809943-55a8-47c7-96a1-3a5c78afc3e1,neds,TO_POLL_A_VOTE,To Poll A Vote,Esava Ratugolea (Port Adelaide),12597,Esava Ratugolea,,,,,,,2.3,0.4347826086956522,0.12734,0.05515,-30.74426086956522,-37.963260869565225,-0.707118,-0.873155,7.219,0.05515,0.772,204.0,STRONG_WHEELO_SUPPORT,0.772,1.0,INSUFFICIENT_DATA,NO_VALUE,no meaningful positive edge from either model,
neds:0eedcbce-ecf9-49a8-b65d-e1722ac2b999:a75fef51-911d-4306-9082-db0ff3796fd9,neds,TO_POLL_A_VOTE,To Poll A Vote,Kane McAuliffe (Richmond),13117,Kane McAuliffe,,,,,,,2.5,0.4,0.41654,0.18885,1.654,-21.115000000000002,0.04135,-0.5278750000000001,22.769000000000002,0.18885,0.5680000000000001,224.0,STRONG_WHEELO_SUPPORT,0.5680000000000001,1.0,INSUFFICIENT_DATA,HIGH_RISK_HIGH_REWARD,only Production sees value; Wheelo materially supports it; uncertainty remains high,
neds:0eedcbce-ecf9-49a8-b65d-e1722ac2b999:1c33d014-e0b4-42c4-9257-a223a2cf911f,neds,TO_POLL_A_VOTE,To Poll A Vote,Patrick Lipinski (Collingwood),12578,Patrick Lipinski,,,,,,,2.5,0.4,0.54641,0.31585,14.640999999999993,-8.415000000000001,0.3660249999999998,-0.21037499999999998,23.055999999999994,0.31585,0.467,237.0,STRONG_WHEELO_SUPPORT,0.467,1.0,INSUFFICIENT_DATA,HIGH_RISK_HIGH_REWARD,only Production sees value; Wheelo materially supports it; uncertainty remains high,
neds:0eedcbce-ecf9-49a8-b65d-e1722ac2b999:575eeb9a-2690-484e-89e7-0a9b5dc3108c,neds,TO_POLL_A_VOTE,To Poll A Vote,Sam Lalor (Richmond),13190,Sam Lalor,,,,,,,2.5,0.4,0.25623,0.53955,-14.377,13.954999999999995,-0.359425,0.34887500000000005,28.331999999999997,0.25623,0.1569999999999999,298.0,STRONG_WHEELO_SUPPORT,0.1569999999999999,1.0,INSUFFICIENT_DATA,HIGH_RISK_HIGH_REWARD,only Objective sees value; Wheelo materially supports it; uncertainty remains high,
neds:0eedcbce-ecf9-49a8-b65d-e1722ac2b999:11bab16f-5a7f-449e-acac-3d4e11aeb666,neds,TO_POLL_A_VOTE,To Poll A Vote,George Wardlaw (North Melbourne),13064,George Wardlaw,,,,,,,2.6,0.3846153846153846,0.22779,0.3905,-15.682538461538458,0.5884615384615433,-0.40774600000000005,0.015300000000000091,16.271,0.22779,0.673,215.0,STRONG_WHEELO_SUPPORT,0.673,1.0,INSUFFICIENT_DATA,HIGH_RISK_HIGH_REWARD,only Objective sees value; Wheelo materially supports it; uncertainty remains high,
neds:0eedcbce-ecf9-49a8-b65d-e1722ac2b999:69e781d4-52ef-4921-a41c-5bdd1ba1fe1e,neds,TO_POLL_A_VOTE,To Poll A Vote,Alex Neal-Bullen (Adelaide Crows),12367,Alex Neal-Bullen,,,,,,,2.65,0.37735849056603776,0.44926,0.4777,7.1901509433962225,10.034150943396225,0.19053900000000001,0.26590500000000006,2.844000000000002,0.44926,0.486,233.0,STRONG_WHEELO_SUPPORT,0.486,1.0,INSUFFICIENT_DATA,HIGH_CONFIDENCE_WHEELO_CONFIRMED,"both models positive EV, both above implied probability, internal gap 2.8pp <= 7.5pp, Wheelo supports",
neds:0eedcbce-ecf9-49a8-b65d-e1722ac2b999:49e73f55-e06c-4468-bfe3-681a8bc34552,neds,TO_POLL_A_VOTE,To Poll A Vote,Willem Duursma (West Coast Eagles),13292,Willem Duursma,,,,,,,2.75,0.36363636363636365,0.44222,0.39905,7.858363636363635,3.541363636363637,0.216105,0.09738749999999996,4.316999999999998,0.39905,0.522,229.0,STRONG_WHEELO_SUPPORT,0.522,1.0,INSUFFICIENT_DATA,HIGH_CONFIDENCE_WHEELO_CONFIRMED,"both models positive EV, both above implied probability, internal gap 4.3pp <= 7.5pp, Wheelo supports",
neds:0eedcbce-ecf9-49a8-b65d-e1722ac2b999:d19efcdf-d4c0-45e3-adf9-4a8493189f72,neds,TO_POLL_A_VOTE,To Poll A Vote,Seth Campbell (Richmond),13100,Seth Campbell,,,,,,,2.8,0.35714285714285715,0.26977,0.4911,-8.737285714285715,13.395714285714282,-0.24464399999999997,0.37507999999999986,22.132999999999996,0.26977,0.473,235.0,STRONG_WHEELO_SUPPORT,0.473,1.0,INSUFFICIENT_DATA,HIGH_RISK_HIGH_REWARD,only Objective sees value; Wheelo materially supports it; uncertainty remains high,
neds:0eedcbce-ecf9-49a8-b65d-e1722ac2b999:0acb49eb-4d5c-4bb9-9c7f-27079784ff25,neds,TO_POLL_A_VOTE,To Poll A Vote,Tim English (Western Bulldogs),12537,Tim English,,,,,,,2.8,0.35714285714285715,0.48763,0.5151,13.048714285714286,15.795714285714284,0.365364,0.44228,2.7469999999999994,0.48763,0.934,189.0,STRONG_WHEELO_SUPPORT,0.934,1.0,INSUFFICIENT_DATA,HIGH_CONFIDENCE_WHEELO_CONFIRMED,"both models positive EV, both above implied probability, internal gap 2.7pp <= 7.5pp, Wheelo supports",
neds:0eedcbce-ecf9-49a8-b65d-e1722ac2b999:c46a8d18-dc3c-4ea2-8f59-76dfe591e22c,neds,TO_POLL_A_VOTE,To Poll A Vote,Alex Pearce (Fremantle),12352,Alex Pearce,,,,,,,2.9,0.3448275862068966,0.09465,0.04175,-25.017758620689655,-30.307758620689658,-0.725515,-0.878925,5.289999999999999,0.04175,0.377,248.0,STRONG_WHEELO_SUPPORT,0.377,1.0,INSUFFICIENT_DATA,NO_VALUE,no meaningful positive edge from either model,
neds:0eedcbce-ecf9-49a8-b65d-e1722ac2b999:4f5b9256-fc2b-426d-8703-5fae494b0098,neds,TO_POLL_A_VOTE,To Poll A Vote,Marcus Herbert (West Coast Eagles),13339,Marcus Herbert,,,,,,,2.9,0.3448275862068966,,0.08045,,-26.437758620689657,,-0.766695,,0.08045,0.254,269.0,STRONG_WHEELO_SUPPORT,0.254,1.0,INSUFFICIENT_DATA,NO_VALUE,suppressed: INSUFFICIENT_SIMULATION_SUPPORT,INSUFFICIENT_SIMULATION_SUPPORT
neds:0eedcbce-ecf9-49a8-b65d-e1722ac2b999:36cf466d-93ed-4338-89c0-5de5d40bfd20,neds,TO_POLL_A_VOTE,To Poll A Vote,Riley Bice (Sydney Swans),13195,Riley Bice,,,,,,,2.9,0.3448275862068966,0.4908,0.2736,14.597241379310343,-7.122758620689656,0.4233199999999999,-0.20655999999999997,21.72,0.2736,0.6890000000000001,211.0,STRONG_WHEELO_SUPPORT,0.6890000000000001,1.0,INSUFFICIENT_DATA,HIGH_RISK_HIGH_REWARD,only Production sees value; Wheelo materially supports it; uncertainty remains high,
neds:0eedcbce-ecf9-49a8-b65d-e1722ac2b999:b913c1f1-4829-446e-96d5-940c56ae7ac9,neds,TO_POLL_A_VOTE,To Poll A Vote,Josh Battle (Hawthorn),12558,Josh Battle,,,,,,,3.0,0.3333333333333333,0.53144,0.3008,19.81066666666667,-3.2533333333333303,0.5943200000000002,-0.09759999999999991,23.064,0.3008,1.0610000000000002,177.0,STRONG_WHEELO_SUPPORT,1.0610000000000002,1.0,INSUFFICIENT_DATA,HIGH_RISK_HIGH_REWARD,only Production sees value; Wheelo materially supports it; uncertainty remains high,
neds:0eedcbce-ecf9-49a8-b65d-e1722ac2b999:e7df4221-7fc5-480f-96b0-50b4e1525b8e,neds,TO_POLL_A_VOTE,To Poll A Vote,Ben Keays (Adelaide Crows),12434,Ben Keays,,,,,,,3.1,0.3225806451612903,0.51627,0.38415,19.36893548387097,6.156935483870968,0.6004370000000001,0.19086500000000006,13.212000000000002,0.38415,0.705,210.0,STRONG_WHEELO_SUPPORT,0.705,1.0,INSUFFICIENT_DATA,MEDIUM_CONFIDENCE,both models see value but internal gap 13.2pp > 7.5pp -- Objective is the higher-edge outlier,
neds:0eedcbce-ecf9-49a8-b65d-e1722ac2b999:42a03174-e3d4-4cf6-b508-7ae35786da02,neds,TO_POLL_A_VOTE,To Poll A Vote,Ben Long (Gold Coast Suns),12521,Ben Long,,,,,,,3.1,0.3225806451612903,0.27079,0.30615,-5.179064516129034,-1.6430645161290336,-0.160551,-0.050935000000000064,3.5360000000000005,0.27079,0.604,222.0,STRONG_WHEELO_SUPPORT,0.604,1.0,INSUFFICIENT_DATA,NO_VALUE,no meaningful positive edge from either model,
neds:0eedcbce-ecf9-49a8-b65d-e1722ac2b999:05af082d-7ee0-4463-a6e7-bfab80930323,neds,TO_POLL_A_VOTE,To Poll A Vote,Edward Allan (Collingwood),13146,Edward Allan,,,,,,,3.1,0.3225806451612903,0.34891,0.2932,2.6329354838709684,-2.93806451612903,0.08162099999999994,-0.09107999999999994,5.570999999999998,0.2932,0.622,221.0,STRONG_WHEELO_SUPPORT,0.622,1.0,INSUFFICIENT_DATA,HIGH_RISK_HIGH_REWARD,only Production sees value; Wheelo materially supports it; uncertainty remains high,
neds:0eedcbce-ecf9-49a8-b65d-e1722ac2b999:55192feb-1d3e-4901-91ef-b90801a2d000,neds,TO_POLL_A_VOTE,To Poll A Vote,Connor O'Sullivan (Geelong Cats),13122,Connor O'Sullivan,,,,,,,3.2,0.3125,0.37042,0.1863,5.7920000000000025,-12.620000000000001,0.18534400000000018,-0.40384,18.412000000000003,0.1863,1.04,181.0,STRONG_WHEELO_SUPPORT,1.04,1.0,INSUFFICIENT_DATA,HIGH_RISK_HIGH_REWARD,only Production sees value; Wheelo materially supports it; uncertainty remains high,
neds:0eedcbce-ecf9-49a8-b65d-e1722ac2b999:8830f5c6-8d71-4ca0-a080-e98b97a3cf77,neds,TO_POLL_A_VOTE,To Poll A Vote,Cam Rayner (Brisbane Lions),12592,Cam Rayner,,,,,,,3.2,0.3125,0.39246,0.42385,7.995999999999998,11.135,0.2558720000000001,0.3563200000000002,3.139000000000003,0.39246,0.816,201.0,STRONG_WHEELO_SUPPORT,0.816,1.0,INSUFFICIENT_DATA,HIGH_CONFIDENCE_WHEELO_CONFIRMED,"both models positive EV, both above implied probability, internal gap 3.1pp <= 7.5pp, Wheelo supports",
neds:0eedcbce-ecf9-49a8-b65d-e1722ac2b999:8bb5bf2b-ad90-419d-a4da-2c8b129daceb,neds,TO_POLL_A_VOTE,To Poll A Vote,Connor Idun (GWS Giants),12750,Connor Idun,,,,,,,3.4,0.29411764705882354,0.40518,0.2161,11.106235294117644,-7.801764705882356,0.37761199999999984,-0.26526000000000005,18.908,0.2161,0.644,219.0,STRONG_WHEELO_SUPPORT,0.644,1.0,INSUFFICIENT_DATA,HIGH_RISK_HIGH_REWARD,only Production sees value; Wheelo materially supports it; uncertainty remains high,
neds:0eedcbce-ecf9-49a8-b65d-e1722ac2b999:cf0f7a44-685f-4316-a472-0527345ed8ee,neds,TO_POLL_A_VOTE,To Poll A Vote,Daniel Turner (Melbourne),12996,Daniel Turner,,,,,,,3.5,0.2857142857142857,0.37523,0.07485,8.95157142857143,-21.08642857142857,0.31330499999999994,-0.7380249999999999,30.037999999999997,0.07485,0.874,195.0,STRONG_WHEELO_SUPPORT,0.874,1.0,INSUFFICIENT_DATA,HIGH_RISK_HIGH_REWARD,only Production sees value; Wheelo materially supports it; uncertainty remains high,
neds:0eedcbce-ecf9-49a8-b65d-e1722ac2b999:36bf07c1-c9fb-4d91-ac5a-499004f164cd,neds,TO_POLL_A_VOTE,To Poll A Vote,Darcy Byrne-Jones (Port Adelaide),12422,Darcy Byrne-Jones,,,,,,,3.5,0.2857142857142857,0.41183,0.1736,12.611571428571427,-11.21142857142857,0.4414049999999998,-0.39239999999999997,23.822999999999997,0.1736,0.667,217.0,STRONG_WHEELO_SUPPORT,0.667,1.0,INSUFFICIENT_DATA,HIGH_RISK_HIGH_REWARD,only Production sees value; Wheelo materially supports it; uncertainty remains high,
neds:0eedcbce-ecf9-49a8-b65d-e1722ac2b999:809c166c-572b-4d26-a050-b60921481682,neds,TO_POLL_A_VOTE,To Poll A Vote,James Worpel (Geelong Cats),12619,James Worpel,,,,,,,3.5,0.2857142857142857,0.40314,0.6675,11.74257142857143,38.17857142857143,0.41098999999999997,1.3362499999999997,26.436,0.40314,1.044,180.0,STRONG_WHEELO_SUPPORT,1.044,1.0,INSUFFICIENT_DATA,MEDIUM_CONFIDENCE,both models see value but internal gap 26.4pp > 7.5pp -- Production is the higher-edge outlier,
neds:0eedcbce-ecf9-49a8-b65d-e1722ac2b999:df31ed78-574a-4919-9154-99b76116034a,neds,TO_POLL_A_VOTE,To Poll A Vote,Aaron Cadman (GWS Giants),13054,Aaron Cadman,,,,,,,3.5,0.2857142857142857,0.26745,0.3099,-1.8264285714285677,2.418571428571431,-0.0639249999999999,0.08465000000000011,4.244999999999999,0.26745,0.366,251.0,STRONG_WHEELO_SUPPORT,0.366,1.0,INSUFFICIENT_DATA,HIGH_RISK_HIGH_REWARD,only Objective sees value; Wheelo materially supports it; uncertainty remains high,
neds:0eedcbce-ecf9-49a8-b65d-e1722ac2b999:67d21536-3444-456b-a622-0f762c195827,neds,TO_POLL_A_VOTE,To Poll A Vote,Lachlan McAndrew (Adelaide Crows),13065,Lachlan McAndrew,,,,,,,3.5,0.2857142857142857,0.37439,0.5831,8.86757142857143,29.738571428571426,0.310365,1.0408499999999998,20.870999999999995,0.37439,0.773,203.0,STRONG_WHEELO_SUPPORT,0.773,1.0,INSUFFICIENT_DATA,MEDIUM_CONFIDENCE,both models see value but internal gap 20.9pp > 7.5pp -- Production is the higher-edge outlier,
neds:0eedcbce-ecf9-49a8-b65d-e1722ac2b999:1ecd35ee-fd65-428b-9c8f-8e8962b763db,neds,TO_POLL_A_VOTE,To Poll A Vote,Tom Barrass (Hawthorn),12383,Tom Barrass,,,,,,,3.5,0.2857142857142857,0.08635,0.02915,-19.93642857142857,-25.65642857142857,-0.697775,-0.897975,5.72,0.02915,0.224,278.0,STRONG_WHEELO_SUPPORT,0.612,2.0,INSUFFICIENT_DATA,NO_VALUE,no meaningful positive edge from either model,
neds:0eedcbce-ecf9-49a8-b65d-e1722ac2b999:f45d06f4-784f-4839-b92e-7e71b4d3442b,neds,TO_POLL_A_VOTE,To Poll A Vote,Sam Darcy (Western Bulldogs),13021,Sam Darcy,,,,,,,4.0,0.25,0.3872,0.5509,13.719999999999999,30.089999999999996,0.5488,1.2035999999999998,16.369999999999997,0.3872,0.28,265.0,STRONG_WHEELO_SUPPORT,0.28,1.0,INSUFFICIENT_DATA,MEDIUM_CONFIDENCE,both models see value but internal gap 16.4pp > 7.5pp -- Production is the higher-edge outlier,
neds:0eedcbce-ecf9-49a8-b65d-e1722ac2b999:895b3bc8-8a0a-44a6-b5df-eff7a0794fa0,neds,TO_POLL_A_VOTE,To Poll A Vote,Cameron Zurhaar (North Melbourne),12557,Cameron Zurhaar,,,,,,,4.0,0.25,0.1821,0.214,-6.789999999999999,-3.6000000000000005,-0.27159999999999995,-0.14400000000000002,3.1899999999999986,0.1821,0.298,261.0,STRONG_WHEELO_SUPPORT,0.298,1.0,INSUFFICIENT_DATA,NO_VALUE,no meaningful positive edge from either model,
neds:0eedcbce-ecf9-49a8-b65d-e1722ac2b999:7821bd2b-2c6e-484d-935a-f3e0513ed2fc,neds,TO_POLL_A_VOTE,To Poll A Vote,Callum Brown (GWS Giants),12910,Callum Brown,,,,,,,4.25,0.23529411764705882,0.26465,0.68985,2.9355882352941176,45.455588235294115,0.12476249999999989,1.9318624999999998,42.519999999999996,0.26465,0.655,218.0,STRONG_WHEELO_SUPPORT,0.655,1.0,INSUFFICIENT_DATA,MEDIUM_CONFIDENCE,both models see value but internal gap 42.5pp > 7.5pp -- Production is the higher-edge outlier,
neds:0eedcbce-ecf9-49a8-b65d-e1722ac2b999:313664d6-27bf-4ef4-a3b8-5935b6a0f152,neds,TO_POLL_A_VOTE,To Poll A Vote,Blake Acres (Carlton),12276,Blake Acres,,,,,,,4.25,0.23529411764705882,0.39124,0.1722,15.594588235294115,-6.3094117647058825,0.6627699999999999,-0.26815,21.904,0.1722,0.308,259.0,STRONG_WHEELO_SUPPORT,0.308,1.0,INSUFFICIENT_DATA,HIGH_RISK_HIGH_REWARD,only Production sees value; Wheelo materially supports it; uncertainty remains high,
neds:0eedcbce-ecf9-49a8-b65d-e1722ac2b999:cad75086-dc41-41df-840a-f6a62cff0412,neds,TO_POLL_A_VOTE,To Poll A Vote,Massimo D'Ambrosio (Hawthorn),12998,Massimo D'Ambrosio,,,,,,,4.25,0.23529411764705882,0.46477,0.33575,22.94758823529412,10.045588235294117,0.9752725,0.42693749999999997,12.902000000000003,0.33575,0.6809999999999999,213.0,STRONG_WHEELO_SUPPORT,0.6809999999999999,1.0,INSUFFICIENT_DATA,MEDIUM_CONFIDENCE,both models see value but internal gap 12.9pp > 7.5pp -- Objective is the higher-edge outlier,
neds:0eedcbce-ecf9-49a8-b65d-e1722ac2b999:044fd145-337d-4dbb-b33f-921292693a97,neds,TO_POLL_A_VOTE,To Poll A Vote,Jeremy Howe (Collingwood),11967,Jeremy Howe,,,,,,,4.4,0.22727272727272727,0.31772,0.11895,9.044727272727274,-10.832272727272727,0.3979680000000001,-0.47661999999999993,19.877,0.11895,0.542,226.0,STRONG_WHEELO_SUPPORT,0.542,1.0,INSUFFICIENT_DATA,HIGH_RISK_HIGH_REWARD,only Production sees value; Wheelo materially supports it; uncertainty remains high,
neds:0eedcbce-ecf9-49a8-b65d-e1722ac2b999:c3fd80d5-3c9d-4544-ad7b-9da363f41420,neds,TO_POLL_A_VOTE,To Poll A Vote,Marcus Windhager (St Kilda),12967,Marcus Windhager,,,,,,,4.5,0.2222222222222222,0.48375,0.75735,26.15277777777778,53.51277777777778,1.176875,2.4080749999999997,27.359999999999996,0.48375,0.558,225.0,STRONG_WHEELO_SUPPORT,0.558,1.0,INSUFFICIENT_DATA,MEDIUM_CONFIDENCE,both models see value but internal gap 27.4pp > 7.5pp -- Production is the higher-edge outlier,
neds:0eedcbce-ecf9-49a8-b65d-e1722ac2b999:39ae4d17-77e2-4025-8cec-9b544962f96c,neds,TO_POLL_A_VOTE,To Poll A Vote,Kieren Briggs (GWS Giants),12904,Kieren Briggs,,,,,,,4.5,0.2222222222222222,0.17495,0.3381,-4.727222222222221,11.58777777777778,-0.21272500000000005,0.52145,16.315,0.17495,0.242,274.0,STRONG_WHEELO_SUPPORT,0.242,1.0,INSUFFICIENT_DATA,HIGH_RISK_HIGH_REWARD,only Objective sees value; Wheelo materially supports it; uncertainty remains high,
neds:0eedcbce-ecf9-49a8-b65d-e1722ac2b999:8e6f8f3d-3483-42c3-b81c-a92958004ab4,neds,TO_POLL_A_VOTE,To Poll A Vote,Sam Draper (Brisbane Lions),12810,Sam Draper,,,,,,,4.5,0.2222222222222222,0.42404,0.5398,20.181777777777775,31.757777777777775,0.9081799999999998,1.4290999999999996,11.575999999999997,0.42404,0.67,216.0,STRONG_WHEELO_SUPPORT,0.67,1.0,INSUFFICIENT_DATA,MEDIUM_CONFIDENCE,both models see value but internal gap 11.6pp > 7.5pp -- Production is the higher-edge outlier,
neds:0eedcbce-ecf9-49a8-b65d-e1722ac2b999:b946257c-0918-4303-9006-5b27438d88e6,neds,TO_POLL_A_VOTE,To Poll A Vote,Trent Rivers (Melbourne),12778,Trent Rivers,,,,,,,4.6,0.2173913043478261,0.38898,0.15775,17.158869565217387,-5.964130434782611,0.7893079999999999,-0.2743500000000001,23.122999999999998,0.15775,0.411,246.0,STRONG_WHEELO_SUPPORT,0.411,1.0,INSUFFICIENT_DATA,HIGH_RISK_HIGH_REWARD,only Production sees value; Wheelo materially supports it; uncertainty remains high,
neds:0eedcbce-ecf9-49a8-b65d-e1722ac2b999:f498938a-73b5-4ffa-b8e4-62def4ab583f,neds,TO_POLL_A_VOTE,To Poll A Vote,Josh Weddle (Hawthorn),13057,Josh Weddle,,,,,,,4.75,0.21052631578947367,0.25088,0.24685,4.035368421052632,3.632368421052634,0.19167999999999985,0.1725375,0.4029999999999978,0.24685,0.361,252.0,STRONG_WHEELO_SUPPORT,0.361,1.0,INSUFFICIENT_DATA,HIGH_CONFIDENCE_WHEELO_CONFIRMED,"both models positive EV, both above implied probability, internal gap 0.4pp <= 7.5pp, Wheelo supports",
neds:0eedcbce-ecf9-49a8-b65d-e1722ac2b999:2e24cca5-27bb-44d5-ab9f-0081bb500f6b,neds,TO_POLL_A_VOTE,To Poll A Vote,Mabior Chol (Hawthorn),12485,Mabior Chol,,,,,,,4.8,0.20833333333333334,0.72453,0.77325,51.61966666666666,56.49166666666666,2.477744,2.7116,4.871999999999998,0.72453,0.443,239.0,WHEELO_DISAGREES,0.443,1.0,INSUFFICIENT_DATA,MEDIUM_CONFIDENCE,"internal models strongly agree, but Wheelo materially contradicts -- downgraded from High Confidence",
neds:0eedcbce-ecf9-49a8-b65d-e1722ac2b999:28baf4b4-072b-49f6-b5ad-6844d3c71f3f,neds,TO_POLL_A_VOTE,To Poll A Vote,Mac Andrew (Gold Coast Suns),13019,Mac Andrew,,,,,,,5.0,0.2,0.2224,0.21845,2.2399999999999975,1.8449999999999993,0.11199999999999988,0.09224999999999994,0.39499999999999813,0.21845,0.688,212.0,STRONG_WHEELO_SUPPORT,0.688,1.0,INSUFFICIENT_DATA,HIGH_CONFIDENCE_WHEELO_CONFIRMED,"both models positive EV, both above implied probability, internal gap 0.4pp <= 7.5pp, Wheelo supports",
neds:0eedcbce-ecf9-49a8-b65d-e1722ac2b999:854b6263-d391-4512-a073-53bf34977feb,neds,TO_POLL_A_VOTE,To Poll A Vote,Ethan Read (Gold Coast Suns),13121,Ethan Read,,,,,,,5.0,0.2,0.38746,0.11535,18.746000000000002,-8.465000000000002,0.9373,-0.42325,27.211000000000002,0.11535,0.303,260.0,STRONG_WHEELO_SUPPORT,0.303,1.0,INSUFFICIENT_DATA,HIGH_RISK_HIGH_REWARD,only Production sees value; Wheelo materially supports it; uncertainty remains high,
neds:0eedcbce-ecf9-49a8-b65d-e1722ac2b999:8580f042-d205-450c-abc1-a18440d162d2,neds,TO_POLL_A_VOTE,To Poll A Vote,Adam Cerra (Carlton),12603,Adam Cerra,,,,,,,5.25,0.19047619047619047,0.3316,0.30995,14.112380952380954,11.947380952380954,0.7409000000000001,0.6272375000000001,2.165,0.30995,0.327,256.0,STRONG_WHEELO_SUPPORT,0.327,1.0,INSUFFICIENT_DATA,HIGH_CONFIDENCE_WHEELO_CONFIRMED,"both models positive EV, both above implied probability, internal gap 2.2pp <= 7.5pp, Wheelo supports",
neds:0eedcbce-ecf9-49a8-b65d-e1722ac2b999:467b5929-b376-4b33-94b9-7b570340895f,neds,TO_POLL_A_VOTE,To Poll A Vote,Harry Sharp (Melbourne),12864,Harry Sharp,,,,,,,5.5,0.18181818181818182,0.17526,0.0737,-0.6558181818181824,-10.811818181818182,-0.036070000000000046,-0.59465,10.156,0.0737,0.412,245.0,STRONG_WHEELO_SUPPORT,0.412,1.0,INSUFFICIENT_DATA,NO_VALUE,no meaningful positive edge from either model,
neds:0eedcbce-ecf9-49a8-b65d-e1722ac2b999:9af8b226-8bc3-452f-abf5-8c17b8753177,neds,TO_POLL_A_VOTE,To Poll A Vote,Conor Nash (Hawthorn),12670,Conor Nash,,,,,,,6.0,0.16666666666666666,0.33336,0.748,16.669333333333334,58.13333333333334,1.0001600000000002,3.4879999999999995,41.464,0.33336,0.851,197.0,STRONG_WHEELO_SUPPORT,0.851,1.0,INSUFFICIENT_DATA,MEDIUM_CONFIDENCE,both models see value but internal gap 41.5pp > 7.5pp -- Production is the higher-edge outlier,
neds:0eedcbce-ecf9-49a8-b65d-e1722ac2b999:f1f163f6-df09-4370-9716-8e6af823aeb9,neds,TO_POLL_A_VOTE,To Poll A Vote,Jake Melksham (Melbourne),11820,Jake Melksham,,,,,,,6.0,0.16666666666666666,0.20148,0.01765,3.4813333333333336,-14.901666666666666,0.20887999999999995,-0.8941,18.383,0.01765,0.136,307.0,STRONG_WHEELO_SUPPORT,0.136,1.0,INSUFFICIENT_DATA,HIGH_RISK_HIGH_REWARD,only Production sees value; Wheelo materially supports it; uncertainty remains high,
neds:0eedcbce-ecf9-49a8-b65d-e1722ac2b999:ec77b2ed-69a1-4306-a98d-cd2eb0264077,neds,TO_POLL_A_VOTE,To Poll A Vote,Will Hayward (Carlton),12509,Will Hayward,,,,,,,6.0,0.16666666666666666,0.55105,0.39595,38.43833333333334,22.928333333333338,2.3063000000000002,1.3757000000000001,15.510000000000002,0.39595,0.48,234.0,STRONG_WHEELO_SUPPORT,0.48,1.0,INSUFFICIENT_DATA,MEDIUM_CONFIDENCE,both models see value but internal gap 15.5pp > 7.5pp -- Objective is the higher-edge outlier,
neds:0eedcbce-ecf9-49a8-b65d-e1722ac2b999:0660cfe8-31c6-4e16-9726-5072fefefd6e,neds,TO_POLL_A_VOTE,To Poll A Vote,Dyson Sharp (Essendon),13283,Dyson Sharp,,,,,,,6.0,0.16666666666666666,0.0165,0.3626,-15.016666666666667,19.593333333333334,-0.901,1.1755999999999998,34.61,0.0165,0.146,301.0,STRONG_WHEELO_SUPPORT,0.146,1.0,INSUFFICIENT_DATA,HIGH_RISK_HIGH_REWARD,only Objective sees value; Wheelo materially supports it; uncertainty remains high,
neds:0eedcbce-ecf9-49a8-b65d-e1722ac2b999:31c4fe38-5726-441b-b8ea-56698f03b62e,neds,TO_POLL_A_VOTE,To Poll A Vote,Josaia Delana (GWS Giants),13222,Josaia Delana,,,,,,,6.5,0.15384615384615385,0.00178,0.39645,-15.206615384615386,24.260384615384616,-0.98843,1.5769250000000001,39.467,0.00178,0.058,375.0,STRONG_WHEELO_SUPPORT,0.058,1.0,INSUFFICIENT_DATA,HIGH_RISK_HIGH_REWARD,only Objective sees value; Wheelo materially supports it; uncertainty remains high,
neds:0eedcbce-ecf9-49a8-b65d-e1722ac2b999:fba050d4-6aa0-42cc-888b-16d93778734b,neds,TO_POLL_A_VOTE,To Poll A Vote,Deven Robertson (West Coast Eagles),12774,Deven Robertson,,,,,,,7.0,0.14285714285714285,0.06707,0.0442,-7.578714285714285,-9.865714285714285,-0.53051,-0.6906,2.287,0.0442,0.059,374.0,STRONG_WHEELO_SUPPORT,0.059,1.0,INSUFFICIENT_DATA,NO_VALUE,no meaningful positive edge from either model,
neds:2cf61f7a-72a8-451f-a587-33f53cdaa90e:7545daab-a76e-415a-8a14-a894200c5f0c,neds,PLAYER_VOTES_OU,O/U Max Gawn,Over,11966,Max Gawn,,22.5,over,,,,1.87,0.53475935828877,0.18813,0.53695,-34.662935828876996,0.2190641711230068,-0.6481969000000001,0.0040965000000001695,34.882000000000005,0.18813,19.552,13.0,WHEELO_DISAGREES,16.184,3.0,INSUFFICIENT_DATA,MODEL_DISAGREEMENT,only one internal model sees value and Wheelo does not corroborate -- evidence too divided for a confident conclusion,
neds:2cf61f7a-72a8-451f-a587-33f53cdaa90e:4d057360-3451-4669-a4d1-bd77f9685440,neds,PLAYER_VOTES_OU,O/U Max Gawn,Under,11966,Max Gawn,,22.5,under,,,,1.87,0.53475935828877,0.81187,0.46305,27.711064171123002,-7.1709358288769955,0.5181969,-0.13409649999999995,34.882,0.46305,19.552,13.0,PARTIAL_WHEELO_SUPPORT,16.184,3.0,INSUFFICIENT_DATA,HIGH_RISK_HIGH_REWARD,only Production sees value; Wheelo materially supports it; uncertainty remains high,
neds:3425d38f-1365-4df4-99a7-9e946f826ccd:0e3c175d-18a6-4deb-8045-d3a842a1ebb9,neds,TOP_N,Top 20,Izak Rankine (Adelaide Crows),12798,Izak Rankine,,,,20.0,,,1.01,0.9900990099009901,0.9796,0.91985,-1.0499009900990064,-7.024900990099015,-0.010603999999999947,-0.07095150000000006,5.9750000000000085,0.91985,19.101,14.0,WHEELO_DISAGREES,15.867,3.0,INSUFFICIENT_DATA,NO_VALUE,no meaningful positive edge from either model,
neds:3425d38f-1365-4df4-99a7-9e946f826ccd:439f8614-7b79-4fab-957a-657eb2a55831,neds,TOP_N,Top 20,Jason Horne-Francis (Port Adelaide),12956,Jason Horne-Francis,,,,20.0,,,1.02,0.9803921568627451,0.70777,0.63485,-27.262215686274505,-34.5542156862745,-0.27807459999999995,-0.352453,7.291999999999998,0.63485,19.827,12.0,WHEELO_DISAGREES,19.4135,2.0,INSUFFICIENT_DATA,NO_VALUE,no meaningful positive edge from either model,
neds:3425d38f-1365-4df4-99a7-9e946f826ccd:6e09aa3d-3bc2-48f9-8ff1-fca2bf2c51e7,neds,TOP_N,Top 20,Kysaiah Pickett (Melbourne),12771,Kysaiah Pickett,,,,20.0,,,1.03,0.970873786407767,0.93609,0.2656,-3.4783786407767026,-70.52737864077669,-0.035827300000000006,-0.726432,67.049,0.2656,18.823,15.0,WHEELO_DISAGREES,14.274333333333333,3.0,INSUFFICIENT_DATA,NO_VALUE,no meaningful positive edge from either model,
neds:3425d38f-1365-4df4-99a7-9e946f826ccd:f2262faf-802e-416b-b5cf-377095758a0f,neds,TOP_N,Top 20,Max Gawn (Melbourne),11966,Max Gawn,,,,20.0,,,1.04,0.9615384615384615,0.83599,0.9064,-12.554846153846144,-5.513846153846147,-0.13057039999999998,-0.05734399999999995,7.040999999999997,0.83599,19.552,13.0,WHEELO_DISAGREES,16.184,3.0,INSUFFICIENT_DATA,NO_VALUE,no meaningful positive edge from either model,
neds:3425d38f-1365-4df4-99a7-9e946f826ccd:af645a60-cd27-4b94-acbe-3b69191fee41,neds,TOP_N,Top 20,Harry Sheezel (North Melbourne),13034,Harry Sheezel,,,,20.0,,,1.1,0.9090909090909091,0.98094,0.74495,7.184909090909097,-16.414090909090906,0.07903400000000005,-0.1805549999999999,23.599000000000004,0.74495,21.764,10.0,PARTIAL_WHEELO_SUPPORT,15.254666666666663,3.0,INSUFFICIENT_DATA,HIGH_RISK_HIGH_REWARD,only Production sees value; Wheelo materially supports it; uncertainty remains high,
neds:3425d38f-1365-4df4-99a7-9e946f826ccd:3dcda80d-c93b-48ab-9501-406be7cfb4c7,neds,TOP_N,Top 20,Zak Butters (Port Adelaide),12698,Zak Butters,,,,20.0,,,1.15,0.8695652173913044,0.907,0.7958,3.7434782608695594,-7.376521739130448,0.04305000000000003,-0.08483000000000007,11.120000000000008,0.7958,18.685,16.0,PARTIAL_WHEELO_SUPPORT,18.8425,2.0,INSUFFICIENT_DATA,HIGH_RISK_HIGH_REWARD,only Production sees value; Wheelo materially supports it; uncertainty remains high,
neds:3425d38f-1365-4df4-99a7-9e946f826ccd:54ba737f-afcb-4013-873c-e866b7fafd27,neds,TOP_N,Top 20,Ed Richards (Western Bulldogs),12605,Ed Richards,,,,20.0,,,1.3599999999999999,0.7352941176470589,0.8109,0.88725,7.560588235294108,15.19558823529411,0.1028239999999998,0.20665999999999984,7.635000000000003,0.8109,15.958,19.0,PARTIAL_WHEELO_SUPPORT,13.652666666666669,3.0,INSUFFICIENT_DATA,MEDIUM_CONFIDENCE,both models see value but internal gap 7.6pp > 7.5pp -- Production is the higher-edge outlier,
neds:3425d38f-1365-4df4-99a7-9e946f826ccd:f60c2dcc-2990-4090-906b-2fc51b4dedc9,neds,TOP_N,Top 20,Luke Davies-Uniacke (North Melbourne),12590,Luke Davies-Uniacke,,,,20.0,,,1.45,0.6896551724137931,0.2359,0.7932,-45.37551724137931,10.354482758620687,-0.657945,0.15013999999999994,55.730000000000004,0.2359,16.942999999999998,17.0,WHEELO_DISAGREES,16.9715,2.0,INSUFFICIENT_DATA,MODEL_DISAGREEMENT,only one internal model sees value and Wheelo does not corroborate -- evidence too divided for a confident conclusion,
neds:3425d38f-1365-4df4-99a7-9e946f826ccd:f7ae4f94-53f0-4cd7-b9d2-2033f497ddfa,neds,TOP_N,Top 20,Chad Warner (Sydney Swans),,Chad Warner,,,,20.0,,,1.55,0.6451612903225806,,,,,,,,,,,INSUFFICIENT_WHEELO_DATA,,,INSUFFICIENT_DATA,NO_VALUE,suppressed: IDENTITY_AMBIGUOUS,IDENTITY_AMBIGUOUS
neds:3425d38f-1365-4df4-99a7-9e946f826ccd:9f20f2d5-79bc-45b8-9ede-0915f0037bd1,neds,TOP_N,Top 20,Max Holmes (Geelong Cats),12881,Max Holmes,,,,20.0,,,1.9,0.5263157894736842,0.35933,0.05705,-16.69857894736842,-46.92657894736842,-0.317273,-0.891605,30.227999999999998,0.05705,14.015,26.0,WHEELO_DISAGREES,14.2575,2.0,INSUFFICIENT_DATA,NO_VALUE,no meaningful positive edge from either model,
neds:3425d38f-1365-4df4-99a7-9e946f826ccd:32256a94-67f2-4460-9929-989e6cff1356,neds,TOP_N,Top 20,Luke Jackson (Fremantle),12779,Luke Jackson,,,,20.0,,,2.0,0.5,0.24347,0.9204,-25.653000000000002,42.04,-0.5130600000000001,0.8408,67.693,0.24347,14.919,23.0,WHEELO_DISAGREES,15.4595,2.0,INSUFFICIENT_DATA,MODEL_DISAGREEMENT,only one internal model sees value and Wheelo does not corroborate -- evidence too divided for a confident conclusion,
neds:3425d38f-1365-4df4-99a7-9e946f826ccd:53f0bd6b-2cd2-4814-b0e6-e9d4a174bb42,neds,TOP_N,Top 20,Errol Gulden (Sydney Swans),12862,Errol Gulden,,,,20.0,,,2.75,0.36363636363636365,0.33075,0.0011,-3.288636363636366,-36.25363636363637,-0.09043750000000006,-0.996975,32.965,0.0011,15.823,20.0,WHEELO_DISAGREES,12.274333333333333,3.0,INSUFFICIENT_DATA,NO_VALUE,no meaningful positive edge from either model,
neds:3425d38f-1365-4df4-99a7-9e946f826ccd:2e28a990-875b-460d-acc4-fe0f8c801b51,neds,TOP_N,Top 20,Caleb Serong (Fremantle),12786,Caleb Serong,,,,20.0,,,3.2,0.3125,0.41062,0.70885,9.811999999999998,39.635,0.31398400000000004,1.2683200000000001,29.823,0.41062,15.197,22.0,PARTIAL_WHEELO_SUPPORT,15.197,1.0,INSUFFICIENT_DATA,MEDIUM_CONFIDENCE,both models see value but internal gap 29.8pp > 7.5pp -- Production is the higher-edge outlier,
neds:3425d38f-1365-4df4-99a7-9e946f826ccd:a0cbb64b-d04c-4ad8-86e6-7f5875c6fcad,neds,TOP_N,Top 20,Harley Reid (West Coast Eagles),13111,Harley Reid,,,,20.0,,,3.25,0.3076923076923077,0.11241,0.48205,-19.52823076923077,17.43576923076923,-0.6346674999999999,0.5666624999999998,36.964,0.11241,14.405,24.0,WHEELO_DISAGREES,10.468333333333334,3.0,INSUFFICIENT_DATA,MODEL_DISAGREEMENT,only one internal model sees value and Wheelo does not corroborate -- evidence too divided for a confident conclusion,
neds:3425d38f-1365-4df4-99a7-9e946f826ccd:30a8f22f-534d-4c2c-9ab5-b11d892cb6b2,neds,TOP_N,Top 20,Sam Walsh (Carlton),12684,Sam Walsh,,,,20.0,,,3.5,0.2857142857142857,0.17721,0.0133,-10.85042857142857,-27.24142857142857,-0.379765,-0.95345,16.391,0.0133,14.132,25.0,WHEELO_DISAGREES,14.132,1.0,INSUFFICIENT_DATA,NO_VALUE,no meaningful positive edge from either model,
neds:3425d38f-1365-4df4-99a7-9e946f826ccd:d83549d2-cb08-42a3-bfbe-38378bdbdca9,neds,TOP_N,Top 20,Andrew Brayshaw (Fremantle),12589,Andrew Brayshaw,,,,20.0,,,4.5,0.2222222222222222,0.11499,0.01315,-10.72322222222222,-20.90722222222222,-0.482545,-0.940825,10.184,0.01315,16.116,18.0,WHEELO_DISAGREES,9.558,2.0,INSUFFICIENT_DATA,NO_VALUE,no meaningful positive edge from either model,
neds:3425d38f-1365-4df4-99a7-9e946f826ccd:df6ffd9c-5733-43df-acbb-f67ff6fcc14f,neds,TOP_N,Top 20,Clayton Oliver (GWS Giants),12410,Clayton Oliver,,,,20.0,,,8.0,0.125,0.36576,0.8317,24.075999999999997,70.67,1.9260799999999998,5.6536,46.594,0.36576,10.488,34.0,PARTIAL_WHEELO_SUPPORT,8.496,3.0,INSUFFICIENT_DATA,MEDIUM_CONFIDENCE,both models see value but internal gap 46.6pp > 7.5pp -- Production is the higher-edge outlier,
neds:3425d38f-1365-4df4-99a7-9e946f826ccd:c02e1065-13cd-4c49-a412-267e202342af,neds,TOP_N,Top 20,Matt Rowell (Gold Coast Suns),12768,Matt Rowell,,,,20.0,,,8.0,0.125,0.01337,0.1332,-11.163,0.8200000000000013,-0.8930400000000001,0.0656000000000001,11.983000000000002,0.01337,13.648,27.0,WHEELO_DISAGREES,10.216,3.0,INSUFFICIENT_DATA,MODEL_DISAGREEMENT,only one internal model sees value and Wheelo does not corroborate -- evidence too divided for a confident conclusion,
neds:3425d38f-1365-4df4-99a7-9e946f826ccd:2ba27aba-961b-4caf-b7bb-448829c46981,neds,TOP_N,Top 20,Zac Bailey (Brisbane Lions),12610,Zac Bailey,,,,20.0,,,10.0,0.1,0.11147,0.0215,1.1469999999999994,-7.850000000000001,0.11470000000000002,-0.785,8.997,0.0215,10.149,35.0,PARTIAL_WHEELO_SUPPORT,12.0745,2.0,INSUFFICIENT_DATA,HIGH_RISK_HIGH_REWARD,only Production sees value; Wheelo materially supports it; uncertainty remains high,
neds:3425d38f-1365-4df4-99a7-9e946f826ccd:05f9e761-2b8c-4024-992e-fb986e353a4d,neds,TOP_N,Top 20,Shai Bolton (Fremantle),12535,Shai Bolton,,,,20.0,,,12.0,0.08333333333333333,0.31097,0.0395,22.763666666666673,-4.383333333333333,2.7316400000000005,-0.526,27.147000000000006,0.0395,12.466,28.0,PARTIAL_WHEELO_SUPPORT,6.983,2.0,INSUFFICIENT_DATA,HIGH_RISK_HIGH_REWARD,only Production sees value; Wheelo materially supports it; uncertainty remains high,
neds:3425d38f-1365-4df4-99a7-9e946f826ccd:5caa2da7-67cf-4adf-8e91-82613770979d,neds,TOP_N,Top 20,Jack Gunston (Hawthorn),11845,Jack Gunston,,,,20.0,,,12.0,0.08333333333333333,0.20911,0.0,12.577666666666666,-8.333333333333332,1.5093199999999998,-1.0,20.910999999999998,0.0,10.083,36.0,PARTIAL_WHEELO_SUPPORT,7.2915,2.0,INSUFFICIENT_DATA,HIGH_RISK_HIGH_REWARD,only Production sees value; Wheelo materially supports it; uncertainty remains high,
neds:3425d38f-1365-4df4-99a7-9e946f826ccd:04fd3682-0bff-42ba-8720-a2d2fe3a3602,neds,TOP_N,Top 20,Max Hall (St Kilda),13193,Max Hall,,,,20.0,,,12.0,0.08333333333333333,0.05626,0.52795,-2.707333333333333,44.46166666666667,-0.32488000000000006,5.3354,47.169000000000004,0.05626,10.074,37.0,WHEELO_DISAGREES,5.537,2.0,INSUFFICIENT_DATA,MODEL_DISAGREEMENT,only one internal model sees value and Wheelo does not corroborate -- evidence too divided for a confident conclusion,
neds:3425d38f-1365-4df4-99a7-9e946f826ccd:3f220953-e696-4a10-97ca-82b5089d8989,neds,TOP_N,Top 20,Shaun Mannagh (Geelong Cats),13104,Shaun Mannagh,,,,20.0,,,12.0,0.08333333333333333,0.00814,0.00025,-7.519333333333334,-8.308333333333334,-0.90232,-0.997,0.7889999999999999,0.00025,10.062,38.0,WHEELO_DISAGREES,10.062,1.0,INSUFFICIENT_DATA,NO_VALUE,no meaningful positive edge from either model,
neds:3425d38f-1365-4df4-99a7-9e946f826ccd:19ded798-3794-400b-8c5b-3c6930e6b8e7,neds,TOP_N,Top 20,Toby Greene (GWS Giants),12025,Toby Greene,,,,20.0,,,13.0,0.07692307692307693,0.04808,0.0092,-2.884307692307693,-6.772307692307693,-0.37496000000000007,-0.8804,3.888,0.0092,9.926,39.0,WHEELO_DISAGREES,9.926,1.0,INSUFFICIENT_DATA,NO_VALUE,no meaningful positive edge from either model,
neds:3425d38f-1365-4df4-99a7-9e946f826ccd:3204335e-9813-4ec4-9832-32a22c8a57e6,neds,TOP_N,Top 20,Charlie Curnow (Sydney Swans),12421,Charlie Curnow,,,,20.0,,,13.0,0.07692307692307693,0.01987,0.0,-5.705307692307693,-7.6923076923076925,-0.74169,-1.0,1.9869999999999999,0.0,9.758,40.0,WHEELO_DISAGREES,9.758,1.0,INSUFFICIENT_DATA,NO_VALUE,no meaningful positive edge from either model,
neds:3425d38f-1365-4df4-99a7-9e946f826ccd:53bf1162-2624-423b-aa8d-a4097f7bf67b,neds,TOP_N,Top 20,Jye Amiss (Fremantle),12983,Jye Amiss,,,,20.0,,,13.0,0.07692307692307693,0.01702,0.0,-5.9903076923076926,-7.6923076923076925,-0.77874,-1.0,1.702,0.0,9.568,41.0,WHEELO_DISAGREES,9.568,1.0,INSUFFICIENT_DATA,NO_VALUE,no meaningful positive edge from either model,
neds:3425d38f-1365-4df4-99a7-9e946f826ccd:b0b722fd-b33c-4542-bf7c-b296a2e6b03a,neds,TOP_N,Top 20,Brodie Grundy (Sydney Swans),12217,Brodie Grundy,,,,20.0,,,14.0,0.07142857142857142,0.25748,0.02265,18.605142857142855,-4.877857142857142,2.60472,-0.6829000000000001,23.482999999999997,0.02265,9.552,42.0,PARTIAL_WHEELO_SUPPORT,5.776,2.0,INSUFFICIENT_DATA,HIGH_RISK_HIGH_REWARD,only Production sees value; Wheelo materially supports it; uncertainty remains high,
neds:3425d38f-1365-4df4-99a7-9e946f826ccd:efe8a8b9-d524-45ce-afd4-e3c2d3205dc0,neds,TOP_N,Top 20,Jacob van Rooyen (Melbourne),13048,Jacob van Rooyen,,,,20.0,,,15.0,0.06666666666666667,0.01633,0.0,-5.033666666666667,-6.666666666666667,-0.75505,-1.0,1.633,0.0,10.736,33.0,WHEELO_DISAGREES,6.368,2.0,INSUFFICIENT_DATA,NO_VALUE,no meaningful positive edge from either model,
neds:3425d38f-1365-4df4-99a7-9e946f826ccd:02abc7cf-dfc3-43b4-a131-f47c0a5e9d1e,neds,TOP_N,Top 20,Tim Taranto (Richmond),12504,Tim Taranto,,,,20.0,,,15.0,0.06666666666666667,0.00194,0.07075,-6.472666666666667,0.40833333333333277,-0.9709,0.061249999999999805,6.880999999999999,0.00194,9.282,43.0,WHEELO_DISAGREES,9.282,1.0,INSUFFICIENT_DATA,MODEL_DISAGREEMENT,only one internal model sees value and Wheelo does not corroborate -- evidence too divided for a confident conclusion,
neds:3425d38f-1365-4df4-99a7-9e946f826ccd:a8ac3944-4ce1-4c15-8123-301826e27a64,neds,TOP_N,Top 20,Murphy Reid (Fremantle),13180,Murphy Reid,,,,20.0,,,17.0,0.058823529411764705,0.00425,0.0,-5.45735294117647,-5.88235294117647,-0.92775,-1.0,0.42500000000000004,0.0,6.177,58.0,WHEELO_DISAGREES,6.177,1.0,INSUFFICIENT_DATA,NO_VALUE,no meaningful positive edge from either model,
neds:3425d38f-1365-4df4-99a7-9e946f826ccd:aaff83ae-5dc5-408d-bd49-27e1fcda909b,neds,TOP_N,Top 20,George Hewett (Carlton),12411,George Hewett,,,,20.0,,,17.0,0.058823529411764705,0.05942,0.00165,0.05964705882352955,-5.717352941176471,0.010140000000000038,-0.97195,5.777,0.00165,9.151,44.0,PARTIAL_WHEELO_SUPPORT,9.151,1.0,INSUFFICIENT_DATA,HIGH_RISK_HIGH_REWARD,only Production sees value; Wheelo materially supports it; uncertainty remains high,
neds:3425d38f-1365-4df4-99a7-9e946f826ccd:dc7c6170-1642-48c7-8c92-d47c4f593e5a,neds,TOP_N,Top 20,Noah Anderson (Gold Coast Suns),12767,Noah Anderson,,,,20.0,,,19.0,0.05263157894736842,0.19659,0.2528,14.395842105263156,20.016842105263162,2.73521,3.8032000000000004,5.621000000000004,0.19659,11.019,31.0,PARTIAL_WHEELO_SUPPORT,9.339666666666666,3.0,INSUFFICIENT_DATA,HIGH_CONFIDENCE_WHEELO_CONFIRMED,"both models positive EV, both above implied probability, internal gap 5.6pp <= 7.5pp, Wheelo supports",
neds:3425d38f-1365-4df4-99a7-9e946f826ccd:d13d988e-db2c-49d6-99ad-c140996d3e86,neds,TOP_N,Top 20,Tom Sparrow (Melbourne),12693,Tom Sparrow,,,,20.0,,,19.0,0.05263157894736842,0.04129,0.21185,-1.1341578947368418,15.92184210526316,-0.21548999999999996,3.02515,17.056,0.04129,11.716,30.0,WHEELO_DISAGREES,6.858,2.0,INSUFFICIENT_DATA,MODEL_DISAGREEMENT,only one internal model sees value and Wheelo does not corroborate -- evidence too divided for a confident conclusion,
neds:3425d38f-1365-4df4-99a7-9e946f826ccd:67232763-5c33-41f6-8e85-6d8b6188f47e,neds,TOP_N,Top 20,Finn Callaghan (GWS Giants),12969,Finn Callaghan,,,,20.0,,,21.0,0.047619047619047616,0.03686,0.00415,-1.075904761904762,-4.346904761904762,-0.22594000000000003,-0.9128499999999999,3.2709999999999995,0.00415,10.785,32.0,WHEELO_DISAGREES,10.785,1.0,INSUFFICIENT_DATA,NO_VALUE,no meaningful positive edge from either model,
neds:3425d38f-1365-4df4-99a7-9e946f826ccd:5bb50b5c-9887-4b07-badb-2a0420338f7c,neds,TOP_N,Top 20,Sam Berry (Adelaide Crows),12849,Sam Berry,,,,20.0,,,21.0,0.047619047619047616,0.0028,0.01775,-4.481904761904762,-2.986904761904762,-0.9412,-0.6272500000000001,1.4949999999999999,0.0028,8.722,45.0,WHEELO_DISAGREES,8.722,1.0,INSUFFICIENT_DATA,NO_VALUE,no meaningful positive edge from either model,
neds:3425d38f-1365-4df4-99a7-9e946f826ccd:2143f477-e138-45b2-8aa4-7593df898655,neds,TOP_N,Top 20,Christian Petracca (Gold Coast Suns),12430,Christian Petracca,,,,20.0,,,26.0,0.038461538461538464,0.07441,0.26535,3.594846153846154,22.68884615384615,0.93466,5.899099999999999,19.093999999999998,0.07441,11.885,29.0,PARTIAL_WHEELO_SUPPORT,9.628333333333332,3.0,INSUFFICIENT_DATA,MEDIUM_CONFIDENCE,both models see value but internal gap 19.1pp > 7.5pp -- Production is the higher-edge outlier,
neds:3425d38f-1365-4df4-99a7-9e946f826ccd:bf4eff90-02a9-4bb8-bd22-ce73a2887a67,neds,TOP_N,Top 20,Lachie Ash (GWS Giants),12782,Lachie Ash,,,,20.0,,,26.0,0.038461538461538464,0.01176,0.0,-2.6701538461538465,-3.8461538461538463,-0.69424,-1.0,1.176,0.0,8.171999999999999,46.0,WHEELO_DISAGREES,5.085999999999999,2.0,INSUFFICIENT_DATA,NO_VALUE,no meaningful positive edge from either model,
neds:3425d38f-1365-4df4-99a7-9e946f826ccd:649b6768-93f3-42be-94d2-2ce77b8c4688,neds,TOP_N,Top 20,Jagga Smith (Carlton),13274,Jagga Smith,,,,20.0,,,34.0,0.029411764705882353,0.0007,0.00025,-2.871176470588235,-2.916176470588235,-0.9762,-0.9915,0.045,0.00025,8.096,47.0,WHEELO_DISAGREES,8.096,1.0,INSUFFICIENT_DATA,NO_VALUE,no meaningful positive edge from either model,
neds:3425d38f-1365-4df4-99a7-9e946f826ccd:ecfd98a4-28e8-4522-9791-e9baa5664435,neds,TOP_N,Top 20,Hugo Garcia (St Kilda),13125,Hugo Garcia,,,,20.0,,,41.0,0.024390243902439025,0.01018,0.0814,-1.4210243902439026,5.700975609756098,-0.58262,2.3374,7.122000000000001,0.01018,7.244999999999999,48.0,WHEELO_DISAGREES,7.244999999999999,1.0,INSUFFICIENT_DATA,MODEL_DISAGREEMENT,only one internal model sees value and Wheelo does not corroborate -- evidence too divided for a confident conclusion,
neds:3425d38f-1365-4df4-99a7-9e946f826ccd:ccfd7ea9-2e17-4dfb-8483-fa6fb7e270b4,neds,TOP_N,Top 20,Jarman Impey (Hawthorn),12237,Jarman Impey,,,,20.0,,,41.0,0.024390243902439025,0.00089,0.0,-2.350024390243903,-2.4390243902439024,-0.96351,-1.0,0.089,0.0,7.035,49.0,WHEELO_DISAGREES,7.035,1.0,INSUFFICIENT_DATA,NO_VALUE,no meaningful positive edge from either model,
neds:3425d38f-1365-4df4-99a7-9e946f826ccd:273611de-570d-44e2-acd2-b614dbdd2b4b,neds,TOP_N,Top 20,Nick Watson (Hawthorn),13105,Nick Watson,,,,20.0,,,41.0,0.024390243902439025,0.00158,0.0,-2.2810243902439025,-2.4390243902439024,-0.9352199999999999,-1.0,0.158,0.0,6.992,50.0,WHEELO_DISAGREES,5.746,2.0,INSUFFICIENT_DATA,NO_VALUE,no meaningful positive edge from either model,
neds:3425d38f-1365-4df4-99a7-9e946f826ccd:a7e10ae8-4510-499f-ae81-0b05aac76ff5,neds,TOP_N,Top 20,Logan Morris (Brisbane Lions),13137,Logan Morris,,,,20.0,,,51.0,0.0196078431372549,0.00119,0.0,-1.8417843137254901,-1.9607843137254901,-0.93931,-1.0,0.11900000000000001,0.0,6.9030000000000005,51.0,WHEELO_DISAGREES,6.9030000000000005,1.0,INSUFFICIENT_DATA,NO_VALUE,no meaningful positive edge from either model,
neds:382b24e8-1534-4bd4-aa84-c8a1173ecf16:0fb4a7b9-7de3-4693-a15e-c88380f70012,neds,PLAYER_VOTES_OU,O/U Luke Jackson,Over,12779,Luke Jackson,,16.5,over,,,,1.87,0.53475935828877,0.15128,0.9658,-38.347935828877,43.104064171123,-0.7171064,0.806046,81.452,0.15128,14.919,23.0,WHEELO_DISAGREES,15.4595,2.0,INSUFFICIENT_DATA,MODEL_DISAGREEMENT,only one internal model sees value and Wheelo does not corroborate -- evidence too divided for a confident conclusion,
neds:382b24e8-1534-4bd4-aa84-c8a1173ecf16:1f39f375-072e-4eae-8297-e92a1bd205c6,neds,PLAYER_VOTES_OU,O/U Luke Jackson,Under,12779,Luke Jackson,,16.5,under,,,,1.87,0.53475935828877,0.84872,0.0342,31.396064171123005,-50.055935828877,0.5871064000000001,-0.9360459999999999,81.452,0.0342,14.919,23.0,PARTIAL_WHEELO_SUPPORT,15.4595,2.0,INSUFFICIENT_DATA,HIGH_RISK_HIGH_REWARD,only Production sees value; Wheelo materially supports it; uncertainty remains high,
neds:4bb01da3-6552-40e2-8354-c0050410ebf4:74c00761-90b3-49e6-b9ad-be845b66991a,neds,PLAYER_VOTES_OU,O/U Harry Sheezel,Over,13034,Harry Sheezel,,21.5,over,,,,1.87,0.53475935828877,0.61501,0.34415,8.025064171122997,-19.060935828876996,0.15006870000000005,-0.3564394999999999,27.085999999999995,0.34415,21.764,10.0,PARTIAL_WHEELO_SUPPORT,15.254666666666663,3.0,INSUFFICIENT_DATA,HIGH_RISK_HIGH_REWARD,only Production sees value; Wheelo materially supports it; uncertainty remains high,
neds:4bb01da3-6552-40e2-8354-c0050410ebf4:13f9661e-565f-4be1-b1a0-19aa22ef832d,neds,PLAYER_VOTES_OU,O/U Harry Sheezel,Under,13034,Harry Sheezel,,21.5,under,,,,1.87,0.53475935828877,0.38499,0.65585,-14.976935828876996,12.109064171123007,-0.28006869999999995,0.22643950000000013,27.086000000000006,0.38499,21.764,10.0,WHEELO_DISAGREES,15.254666666666663,3.0,INSUFFICIENT_DATA,MODEL_DISAGREEMENT,only one internal model sees value and Wheelo does not corroborate -- evidence too divided for a confident conclusion,
neds:53b39745-284a-45c1-b61a-b321da52e6eb:c21ee5ff-a5e9-4c36-be22-685a0aa943b2,neds,PLAYER_VOTES_OU,O/U Zak Butters,Over,12698,Zak Butters,,18.5,over,,,,1.87,0.53475935828877,0.63434,0.727,9.958064171123004,19.224064171123,0.18621580000000004,0.3594900000000001,9.265999999999996,0.63434,18.685,16.0,PARTIAL_WHEELO_SUPPORT,18.8425,2.0,INSUFFICIENT_DATA,MEDIUM_CONFIDENCE,both models see value but internal gap 9.3pp > 7.5pp -- Production is the higher-edge outlier,
neds:53b39745-284a-45c1-b61a-b321da52e6eb:49f611d7-2aec-4b6e-b0b8-6837bb41f89b,neds,PLAYER_VOTES_OU,O/U Zak Butters,Under,12698,Zak Butters,,18.5,under,,,,1.87,0.53475935828877,0.36566,0.273,-16.909935828877,-26.175935828876995,-0.31621579999999994,-0.48949,9.265999999999996,0.273,18.685,16.0,WHEELO_DISAGREES,18.8425,2.0,INSUFFICIENT_DATA,NO_VALUE,no meaningful positive edge from either model,
neds:5d6e89e4-0a9d-4984-8419-7e7fdfdeb018:e685cbdc-dc1e-4e99-8ba0-b54fe115dd9d,neds,PLAYER_VOTES_OU,O/U Marcus Bontempelli,Over,12269,Marcus Bontempelli,,31.5,over,,,,1.87,0.53475935828877,0.05022,0.55865,-48.453935828877,2.389064171123001,-0.9060886,0.04467550000000009,50.842999999999996,0.05022,29.426,3.0,WHEELO_DISAGREES,23.642,3.0,INSUFFICIENT_DATA,MODEL_DISAGREEMENT,only one internal model sees value and Wheelo does not corroborate -- evidence too divided for a confident conclusion,
neds:5d6e89e4-0a9d-4984-8419-7e7fdfdeb018:7d4b5436-ee41-4bac-921d-7a4745210f11,neds,PLAYER_VOTES_OU,O/U Marcus Bontempelli,Under,12269,Marcus Bontempelli,,31.5,under,,,,1.87,0.53475935828877,0.94978,0.44135,41.502064171122996,-9.340935828876995,0.7760886,-0.17467549999999987,50.842999999999996,0.44135,29.426,3.0,PARTIAL_WHEELO_SUPPORT,23.642,3.0,INSUFFICIENT_DATA,HIGH_RISK_HIGH_REWARD,only Production sees value; Wheelo materially supports it; uncertainty remains high,
neds:622afa0d-e286-4cf9-877c-ad3fadc991e5:fab5f4d2-4d48-4798-bdd2-0c085e22dd24,neds,PLAYER_VOTES_OU,O/U Jordan Dawson,Over,12516,Jordan Dawson,,23.5,over,,,,1.87,0.53475935828877,0.17542,0.04245,-35.933935828877,-49.230935828877,-0.6719645999999999,-0.9206185,13.296999999999997,0.04245,23.532,7.0,WHEELO_DISAGREES,16.510666666666665,3.0,INSUFFICIENT_DATA,NO_VALUE,no meaningful positive edge from either model,
neds:622afa0d-e286-4cf9-877c-ad3fadc991e5:9bd233c5-5d38-49e8-8b34-c7a367d11ef7,neds,PLAYER_VOTES_OU,O/U Jordan Dawson,Under,12516,Jordan Dawson,,23.5,under,,,,1.87,0.53475935828877,0.82458,0.95755,28.982064171123,42.279064171123004,0.5419646,0.7906185000000001,13.297000000000004,0.82458,23.532,7.0,PARTIAL_WHEELO_SUPPORT,16.510666666666665,3.0,INSUFFICIENT_DATA,MEDIUM_CONFIDENCE,both models see value but internal gap 13.3pp > 7.5pp -- Production is the higher-edge outlier,
neds:6f922e5d-272b-4529-bcbe-75fdf70f01af:ebf4855f-0ceb-45ab-bcce-2f528ff57184,neds,PLAYER_VOTES_OU,O/U Jason Horne-Francis,Over,12956,Jason Horne-Francis,,20.5,over,,,,1.87,0.53475935828877,0.13672,0.3301,-39.803935828876995,-20.465935828876997,-0.7443336,-0.38271299999999997,19.338,0.13672,19.827,12.0,WHEELO_DISAGREES,19.4135,2.0,INSUFFICIENT_DATA,NO_VALUE,no meaningful positive edge from either model,
neds:6f922e5d-272b-4529-bcbe-75fdf70f01af:6fa5a6a7-c7fb-4b82-955e-c8ceecb67f10,neds,PLAYER_VOTES_OU,O/U Jason Horne-Francis,Under,12956,Jason Horne-Francis,,20.5,under,,,,1.87,0.53475935828877,0.86328,0.6699,32.852064171123004,13.514064171123009,0.6143336000000001,0.2527130000000002,19.338,0.6699,19.827,12.0,PARTIAL_WHEELO_SUPPORT,19.4135,2.0,INSUFFICIENT_DATA,MEDIUM_CONFIDENCE,both models see value but internal gap 19.3pp > 7.5pp -- Objective is the higher-edge outlier,
neds:6fc14643-65c5-44e5-9587-177b0ce97a12:5b86f230-b0ca-4f31-95b8-7762edf7e95a,neds,PLAYER_VOTES_OU,O/U Jai Newcombe,Over,12915,Jai Newcombe,,23.5,over,,,,1.87,0.53475935828877,0.08703,0.54905,-44.772935828876996,1.4290641711230068,-0.8372539,0.026723500000000122,46.202000000000005,0.08703,24.021,6.0,WHEELO_DISAGREES,15.673666666666668,3.0,INSUFFICIENT_DATA,MODEL_DISAGREEMENT,only one internal model sees value and Wheelo does not corroborate -- evidence too divided for a confident conclusion,
neds:6fc14643-65c5-44e5-9587-177b0ce97a12:61acb89d-8d5d-4f06-aa54-11ac7f799823,neds,PLAYER_VOTES_OU,O/U Jai Newcombe,Under,12915,Jai Newcombe,,23.5,under,,,,1.87,0.53475935828877,0.91297,0.45095,37.821064171123,-8.380935828876995,0.7072539,-0.1567234999999999,46.20199999999999,0.45095,24.021,6.0,PARTIAL_WHEELO_SUPPORT,15.673666666666668,3.0,INSUFFICIENT_DATA,HIGH_RISK_HIGH_REWARD,only Production sees value; Wheelo materially supports it; uncertainty remains high,
neds:727462af-b74b-45fe-a98b-6e0555a888ec:76461a09-4a2d-43d0-93da-8cc75e9d5e52,neds,PLAYER_H2H,Brownlow H2H (Sam Walsh vs Andrew Brayshaw),Sam Walsh,12684,Sam Walsh,,,,,,,1.6,0.625,0.51109,0.42075,-11.390999999999995,-20.424999999999997,-0.18225599999999986,-0.3268,9.034000000000002,0.42075,14.132,25.0,WHEELO_DISAGREES,14.132,1.0,INSUFFICIENT_DATA,NO_VALUE,no meaningful positive edge from either model,
neds:727462af-b74b-45fe-a98b-6e0555a888ec:2b312c0f-92c9-4a67-af1c-1c4457a12f61,neds,PLAYER_H2H,Brownlow H2H (Sam Walsh vs Andrew Brayshaw),Andrew Brayshaw,12589,Andrew Brayshaw,,,,,,,2.25,0.4444444444444444,0.40713,0.49345,-3.731444444444443,4.900555555555558,-0.08395750000000002,0.11026249999999993,8.632000000000001,0.40713,16.116,18.0,WHEELO_DISAGREES,9.558,2.0,INSUFFICIENT_DATA,MODEL_DISAGREEMENT,only one internal model sees value and Wheelo does not corroborate -- evidence too divided for a confident conclusion,
neds:7be5f0db-7fe6-4996-8985-fc34362c8b5c:8a74a656-ac81-48ab-b02d-5d7d3ae20972,neds,TOP_N,Top 3,Bailey Smith (Geelong Cats),12692,Bailey Smith,,,,3.0,,,1.06,0.9433962264150942,0.98329,0.6111,3.9893773584905756,-33.22962264150943,0.042287399999999975,-0.35223400000000005,37.219,0.6111,32.598,2.0,PARTIAL_WHEELO_SUPPORT,32.549,2.0,INSUFFICIENT_DATA,HIGH_RISK_HIGH_REWARD,only Production sees value; Wheelo materially supports it; uncertainty remains high,
neds:7be5f0db-7fe6-4996-8985-fc34362c8b5c:5bfed712-fcb8-4e4c-8ff9-c6f0cd7cea01,neds,TOP_N,Top 3,Marcus Bontempelli (Western Bulldogs),12269,Marcus Bontempelli,,,,3.0,,,1.18,0.8474576271186441,0.2958,0.7487,-55.16576271186442,-9.875762711864411,-0.6509560000000001,-0.11653400000000003,45.29,0.2958,29.426,3.0,WHEELO_DISAGREES,23.642,3.0,INSUFFICIENT_DATA,NO_VALUE,no meaningful positive edge from either model,
neds:7be5f0db-7fe6-4996-8985-fc34362c8b5c:85bba5ca-f0db-4b93-a61a-c87303fe7f59,neds,TOP_N,Top 3,Patrick Cripps (Carlton),12261,Patrick Cripps,,,,3.0,,,6.0,0.16666666666666666,0.14605,0.2138,-2.0616666666666643,4.713333333333333,-0.12369999999999992,0.28279999999999994,6.774999999999998,0.14605,26.744,4.0,WHEELO_DISAGREES,25.872,2.0,INSUFFICIENT_DATA,MODEL_DISAGREEMENT,only one internal model sees value and Wheelo does not corroborate -- evidence too divided for a confident conclusion,
neds:7be5f0db-7fe6-4996-8985-fc34362c8b5c:dd82ba53-8ea3-4b48-8d78-3d13c9ae0ca4,neds,TOP_N,Top 3,Will Ashcroft (Brisbane Lions),13040,Will Ashcroft,,,,3.0,,,11.0,0.09090909090909091,0.18521,0.002,9.43009090909091,-8.89090909090909,1.0373100000000002,-0.978,18.321,0.002,25.078,5.0,PARTIAL_WHEELO_SUPPORT,17.526,3.0,INSUFFICIENT_DATA,HIGH_RISK_HIGH_REWARD,only Production sees value; Wheelo materially supports it; uncertainty remains high,
neds:7be5f0db-7fe6-4996-8985-fc34362c8b5c:d25f6779-46ba-4d43-ac38-f256640bb843,neds,TOP_N,Top 3,Jordan Dawson (Adelaide Crows),12516,Jordan Dawson,,,,3.0,,,23.0,0.043478260869565216,0.01989,0.0003,-2.3588260869565216,-4.317826086956521,-0.54253,-0.9931,1.959,0.0003,23.532,7.0,WHEELO_DISAGREES,16.510666666666665,3.0,INSUFFICIENT_DATA,NO_VALUE,no meaningful positive edge from either model,
neds:7be5f0db-7fe6-4996-8985-fc34362c8b5c:e8fad035-98a5-4716-9179-5ddbab578a0e,neds,TOP_N,Top 3,Jai Newcombe (Hawthorn),12915,Jai Newcombe,,,,3.0,,,23.0,0.043478260869565216,0.0091,0.0451,-3.437826086956522,0.1621739130434785,-0.7907,0.03730000000000011,3.6000000000000005,0.0091,24.021,6.0,WHEELO_DISAGREES,15.673666666666668,3.0,INSUFFICIENT_DATA,MODEL_DISAGREEMENT,only one internal model sees value and Wheelo does not corroborate -- evidence too divided for a confident conclusion,
neds:7be5f0db-7fe6-4996-8985-fc34362c8b5c:81e6b176-62b0-483c-b2e1-8a936d989fbd,neds,TOP_N,Top 3,Isaac Heeney (Sydney Swans),12326,Isaac Heeney,,,,3.0,,,26.0,0.038461538461538464,0.09885,0.17445,6.038846153846153,13.598846153846154,1.5701,3.5357000000000003,7.5600000000000005,0.09885,21.364,11.0,PARTIAL_WHEELO_SUPPORT,21.432,2.0,INSUFFICIENT_DATA,MEDIUM_CONFIDENCE,both models see value but internal gap 7.6pp > 7.5pp -- Production is the higher-edge outlier,
neds:7be5f0db-7fe6-4996-8985-fc34362c8b5c:7c736c4e-35de-473b-9dd7-a69d0d6dde54,neds,TOP_N,Top 3,Lachie Neale (Brisbane Lions),12055,Lachie Neale,,,,3.0,,,34.0,0.029411764705882353,0.11187,0.1144,8.245823529411764,8.498823529411764,2.8035799999999997,2.8896,0.25300000000000045,0.11187,22.818,8.0,PARTIAL_WHEELO_SUPPORT,16.272666666666666,3.0,INSUFFICIENT_DATA,HIGH_CONFIDENCE_WHEELO_CONFIRMED,"both models positive EV, both above implied probability, internal gap 0.3pp <= 7.5pp, Wheelo supports",
neds:7be5f0db-7fe6-4996-8985-fc34362c8b5c:9e0d452b-7087-4b46-964c-44250d25b822,neds,TOP_N,Top 3,Max Gawn (Melbourne),11966,Max Gawn,,,,3.0,,,34.0,0.029411764705882353,0.01707,0.0351,-1.2341764705882354,0.5688235294117647,-0.4196200000000001,0.19340000000000002,1.8030000000000002,0.01707,19.552,13.0,WHEELO_DISAGREES,16.184,3.0,INSUFFICIENT_DATA,MODEL_DISAGREEMENT,only one internal model sees value and Wheelo does not corroborate -- evidence too divided for a confident conclusion,
neds:7be5f0db-7fe6-4996-8985-fc34362c8b5c:3058b284-0a01-4ed6-a950-860fb7582df2,neds,TOP_N,Top 3,Harry Sheezel (North Melbourne),13034,Harry Sheezel,,,,3.0,,,67.0,0.014925373134328358,0.08569,0.0052,7.076462686567164,-0.9725373134328358,4.74123,-0.6516,8.049000000000001,0.0052,21.764,10.0,PARTIAL_WHEELO_SUPPORT,15.254666666666663,3.0,INSUFFICIENT_DATA,HIGH_RISK_HIGH_REWARD,only Production sees value; Wheelo materially supports it; uncertainty remains high,
neds:7be5f0db-7fe6-4996-8985-fc34362c8b5c:4bd9ce1c-272f-4154-8b40-c041213c42e9,neds,TOP_N,Top 3,Nasiah Wanganeen-Milera (St Kilda),12950,Nasiah Wanganeen-Milera,,,,3.0,,,81.0,0.012345679012345678,0.00874,5e-05,-0.3605679012345679,-1.229567901234568,-0.29206,-0.99595,0.869,5e-05,22.352,9.0,WHEELO_DISAGREES,22.676,2.0,INSUFFICIENT_DATA,NO_VALUE,no meaningful positive edge from either model,
neds:7be5f0db-7fe6-4996-8985-fc34362c8b5c:143c6ca8-07d3-43d0-a57d-a21c5010a52e,neds,TOP_N,Top 3,Zak Butters (Port Adelaide),12698,Zak Butters,,,,3.0,,,101.0,0.009900990099009901,0.01594,0.00405,0.6039009900990098,-0.5850990099009902,0.6099399999999999,-0.5909500000000001,1.189,0.00405,18.685,16.0,PARTIAL_WHEELO_SUPPORT,18.8425,2.0,INSUFFICIENT_DATA,HIGH_RISK_HIGH_REWARD,only Production sees value; Wheelo materially supports it; uncertainty remains high,
neds:7be5f0db-7fe6-4996-8985-fc34362c8b5c:b09ea125-0680-4434-b535-bea1e4801920,neds,TOP_N,Top 3,Jason Horne-Francis (Port Adelaide),12956,Jason Horne-Francis,,,,3.0,,,101.0,0.009900990099009901,0.00142,0.0019,-0.8480990099009902,-0.80009900990099,-0.85658,-0.8081,0.047999999999999994,0.00142,19.827,12.0,WHEELO_DISAGREES,19.4135,2.0,INSUFFICIENT_DATA,NO_VALUE,no meaningful positive edge from either model,
neds:7be5f0db-7fe6-4996-8985-fc34362c8b5c:61eb6e86-f630-420b-bba9-69ff1d85348c,neds,TOP_N,Top 3,Kysaiah Pickett (Melbourne),12771,Kysaiah Pickett,,,,3.0,,,101.0,0.009900990099009901,0.00258,5e-05,-0.7320990099009901,-0.9850990099009902,-0.73942,-0.99495,0.25299999999999995,5e-05,18.823,15.0,WHEELO_DISAGREES,14.274333333333333,3.0,INSUFFICIENT_DATA,NO_VALUE,no meaningful positive edge from either model,
neds:84aa7ced-c454-4bf9-913b-52086b2d4f0a:6ea9efc0-2408-46eb-aa54-7255438167dd,neds,PLAYER_VOTES_OU,O/U Kysaiah Pickett,Over,12771,Kysaiah Pickett,,19.5,over,,,,1.87,0.53475935828877,0.39296,0.11925,-14.179935828877,-41.550935828877,-0.2651648,-0.7770025,27.371000000000002,0.11925,18.823,15.0,WHEELO_DISAGREES,14.274333333333333,3.0,INSUFFICIENT_DATA,NO_VALUE,no meaningful positive edge from either model,
neds:84aa7ced-c454-4bf9-913b-52086b2d4f0a:8154d747-6092-4ce4-b1e3-88b76fc436eb,neds,PLAYER_VOTES_OU,O/U Kysaiah Pickett,Under,12771,Kysaiah Pickett,,19.5,under,,,,1.87,0.53475935828877,0.60704,0.88075,7.228064171123005,34.599064171123004,0.13516480000000008,0.6470025000000001,27.371000000000002,0.60704,18.823,15.0,PARTIAL_WHEELO_SUPPORT,14.274333333333333,3.0,INSUFFICIENT_DATA,MEDIUM_CONFIDENCE,both models see value but internal gap 27.4pp > 7.5pp -- Production is the higher-edge outlier,
neds:88e76819-a541-4744-929a-c942b8153530:df64abb0-ca10-4ba6-9f57-50e807f55852,neds,WINNER,AFL Brownlow 2026,Nick Daicos (Collingwood),12943,Nick Daicos,,,,,,,1.01,0.9900990099009901,0.99074,0.88885,0.06409900990098638,-10.124900990099006,0.0006473999999998536,-0.1022615,10.188999999999993,0.88885,46.079,1.0,PARTIAL_WHEELO_SUPPORT,44.0395,2.0,INSUFFICIENT_DATA,HIGH_RISK_HIGH_REWARD,only Production sees value; Wheelo materially supports it; uncertainty remains high,
neds:88e76819-a541-4744-929a-c942b8153530:1f5725c6-dea2-47b2-a198-cb3ed54aa91c,neds,WINNER,AFL Brownlow 2026,Marcus Bontempelli (Western Bulldogs),12269,Marcus Bontempelli,,,,,,,51.0,0.0196078431372549,0.0,0.05765,-1.9607843137254901,3.80421568627451,-1.0,1.94015,5.765,0.0,29.426,3.0,WHEELO_DISAGREES,23.642,3.0,INSUFFICIENT_DATA,MODEL_DISAGREEMENT,only one internal model sees value and Wheelo does not corroborate -- evidence too divided for a confident conclusion,
neds:88e76819-a541-4744-929a-c942b8153530:764c452c-24e9-484b-9498-2b41cc994665,neds,WINNER,AFL Brownlow 2026,Bailey Smith (Geelong Cats),12692,Bailey Smith,,,,,,,51.0,0.0196078431372549,0.00924,0.0407,-1.0367843137254902,2.10921568627451,-0.52876,1.0756999999999999,3.1460000000000004,0.00924,32.598,2.0,WHEELO_DISAGREES,32.549,2.0,INSUFFICIENT_DATA,MODEL_DISAGREEMENT,only one internal model sees value and Wheelo does not corroborate -- evidence too divided for a confident conclusion,
neds:88e76819-a541-4744-929a-c942b8153530:200188e0-89ca-4335-8791-b827993367b9,neds,WINNER,AFL Brownlow 2026,Patrick Cripps (Carlton),12261,Patrick Cripps,,,,,,,67.0,0.014925373134328358,1e-05,0.0062,-1.4915373134328358,-0.8725373134328359,-0.99933,-0.5846,0.619,1e-05,26.744,4.0,WHEELO_DISAGREES,25.872,2.0,INSUFFICIENT_DATA,NO_VALUE,no meaningful positive edge from either model,
neds:88e76819-a541-4744-929a-c942b8153530:a5959141-ec0f-4550-a9dd-ff1ea7d26d9f,neds,WINNER,AFL Brownlow 2026,Will Ashcroft (Brisbane Lions),13040,Will Ashcroft,,,,,,,81.0,0.012345679012345678,1e-05,0.0,-1.233567901234568,-1.2345679012345678,-0.99919,-1.0,0.001,0.0,25.078,5.0,WHEELO_DISAGREES,17.526,3.0,INSUFFICIENT_DATA,NO_VALUE,no meaningful positive edge from either model,
neds:88e76819-a541-4744-929a-c942b8153530:6c9140e1-901a-4740-8e08-364ea300c89b,neds,WINNER,AFL Brownlow 2026,Jordan Dawson (Adelaide Crows),12516,Jordan Dawson,,,,,,,101.0,0.009900990099009901,0.0,0.0,-0.9900990099009901,-0.9900990099009901,-1.0,-1.0,0.0,0.0,23.532,7.0,WHEELO_DISAGREES,16.510666666666665,3.0,INSUFFICIENT_DATA,NO_VALUE,no meaningful positive edge from either model,
neds:88e76819-a541-4744-929a-c942b8153530:be9f6e9b-23e8-41c9-bc39-c24d3c6a7be2,neds,WINNER,AFL Brownlow 2026,Jai Newcombe (Hawthorn),12915,Jai Newcombe,,,,,,,101.0,0.009900990099009901,0.0,0.00055,-0.9900990099009901,-0.9350990099009902,-1.0,-0.94445,0.055,0.0,24.021,6.0,WHEELO_DISAGREES,15.673666666666668,3.0,INSUFFICIENT_DATA,NO_VALUE,no meaningful positive edge from either model,
neds:88e76819-a541-4744-929a-c942b8153530:2d2a642d-4bf3-42d4-be7a-f8ab1dd8696a,neds,WINNER,AFL Brownlow 2026,Lachie Neale (Brisbane Lions),12055,Lachie Neale,,,,,,,101.0,0.009900990099009901,0.0,0.00195,-0.9900990099009901,-0.79509900990099,-1.0,-0.80305,0.19499999999999998,0.0,22.818,8.0,WHEELO_DISAGREES,16.272666666666666,3.0,INSUFFICIENT_DATA,NO_VALUE,no meaningful positive edge from either model,
neds:88e76819-a541-4744-929a-c942b8153530:b39da9f2-2734-4f99-b1e5-e6a48ef2f97d,neds,WINNER,AFL Brownlow 2026,Luke Jackson(Fremantle),12779,Luke Jackson,,,,,,,151.0,0.006622516556291391,0.0,0.0002,-0.6622516556291391,-0.6422516556291391,-1.0,-0.9698,0.02,0.0,14.919,23.0,WHEELO_DISAGREES,15.4595,2.0,INSUFFICIENT_DATA,NO_VALUE,no meaningful positive edge from either model,
neds:88e76819-a541-4744-929a-c942b8153530:f9dea135-6c2b-4ff0-887b-d4e4823288d2,neds,WINNER,AFL Brownlow 2026,Isaac Heeney (Sydney Swans),12326,Isaac Heeney,,,,,,,201.0,0.004975124378109453,0.0,0.00315,-0.4975124378109453,-0.18251243781094525,-1.0,-0.36685,0.315,0.0,21.364,11.0,WHEELO_DISAGREES,21.432,2.0,INSUFFICIENT_DATA,NO_VALUE,no meaningful positive edge from either model,
neds:88e76819-a541-4744-929a-c942b8153530:910222d2-dd2b-4324-9d37-e4cd2c97c81d,neds,WINNER,AFL Brownlow 2026,Harry Sheezel (North Melbourne),13034,Harry Sheezel,,,,,,,251.0,0.00398406374501992,0.0,0.0,-0.398406374501992,-0.398406374501992,-1.0,-1.0,0.0,0.0,21.764,10.0,WHEELO_DISAGREES,15.254666666666663,3.0,INSUFFICIENT_DATA,NO_VALUE,no meaningful positive edge from either model,
neds:88e76819-a541-4744-929a-c942b8153530:cea1b73a-aa31-41f3-838b-afd52197bfb7,neds,WINNER,AFL Brownlow 2026,Luke Davies-Uniacke (North Melbourne),12590,Luke Davies-Uniacke,,,,,,,251.0,0.00398406374501992,0.0,0.0,-0.398406374501992,-0.398406374501992,-1.0,-1.0,0.0,0.0,16.942999999999998,17.0,WHEELO_DISAGREES,16.9715,2.0,INSUFFICIENT_DATA,NO_VALUE,no meaningful positive edge from either model,
neds:88e76819-a541-4744-929a-c942b8153530:482dd195-55d9-4de1-9c13-799ba05aed4c,neds,WINNER,AFL Brownlow 2026,Kysaiah Pickett (Melbourne),12771,Kysaiah Pickett,,,,,,,251.0,0.00398406374501992,0.0,0.0,-0.398406374501992,-0.398406374501992,-1.0,-1.0,0.0,0.0,18.823,15.0,WHEELO_DISAGREES,14.274333333333333,3.0,INSUFFICIENT_DATA,NO_VALUE,no meaningful positive edge from either model,
neds:88e76819-a541-4744-929a-c942b8153530:04f83173-9809-4845-871b-d8ffbd752260,neds,WINNER,AFL Brownlow 2026,Max Gawn (Melbourne),11966,Max Gawn,,,,,,,251.0,0.00398406374501992,0.0,0.00065,-0.398406374501992,-0.333406374501992,-1.0,-0.83685,0.065,0.0,19.552,13.0,WHEELO_DISAGREES,16.184,3.0,INSUFFICIENT_DATA,NO_VALUE,no meaningful positive edge from either model,
neds:88e76819-a541-4744-929a-c942b8153530:4d992ecc-e1a5-4191-afca-bb87ad75e33f,neds,WINNER,AFL Brownlow 2026,Shai Bolton (Fremantle),12535,Shai Bolton,,,,,,,251.0,0.00398406374501992,0.0,0.0,-0.398406374501992,-0.398406374501992,-1.0,-1.0,0.0,0.0,12.466,28.0,WHEELO_DISAGREES,6.983,2.0,INSUFFICIENT_DATA,NO_VALUE,no meaningful positive edge from either model,
neds:88e76819-a541-4744-929a-c942b8153530:a01aa282-45f0-4a8d-8cb2-2f4a3886ae6f,neds,WINNER,AFL Brownlow 2026,Matt Rowell (Gold Coast Suns),12768,Matt Rowell,,,,,,,501.0,0.001996007984031936,0.0,0.0,-0.19960079840319359,-0.19960079840319359,-1.0,-1.0,0.0,0.0,13.648,27.0,WHEELO_DISAGREES,10.216,3.0,INSUFFICIENT_DATA,NO_VALUE,no meaningful positive edge from either model,
neds:88e76819-a541-4744-929a-c942b8153530:e1168223-67bd-4b8e-be38-c6a0fe729fe4,neds,WINNER,AFL Brownlow 2026,Andrew Brayshaw (Fremantle),12589,Andrew Brayshaw,,,,,,,501.0,0.001996007984031936,0.0,0.0,-0.19960079840319359,-0.19960079840319359,-1.0,-1.0,0.0,0.0,16.116,18.0,WHEELO_DISAGREES,9.558,2.0,INSUFFICIENT_DATA,NO_VALUE,no meaningful positive edge from either model,
neds:88e76819-a541-4744-929a-c942b8153530:b6329599-bf1b-49f4-90a5-9bea2fe6f974,neds,WINNER,AFL Brownlow 2026,Caleb Serong (Fremantle),12786,Caleb Serong,,,,,,,501.0,0.001996007984031936,0.0,0.0,-0.19960079840319359,-0.19960079840319359,-1.0,-1.0,0.0,0.0,15.197,22.0,WHEELO_DISAGREES,15.197,1.0,INSUFFICIENT_DATA,NO_VALUE,no meaningful positive edge from either model,
neds:88e76819-a541-4744-929a-c942b8153530:b8ee8920-9a2b-46d6-97b8-e8d568a48483,neds,WINNER,AFL Brownlow 2026,Noah Anderson (Gold Coast Suns),12767,Noah Anderson,,,,,,,501.0,0.001996007984031936,0.0,0.0,-0.19960079840319359,-0.19960079840319359,-1.0,-1.0,0.0,0.0,11.019,31.0,WHEELO_DISAGREES,9.339666666666666,3.0,INSUFFICIENT_DATA,NO_VALUE,no meaningful positive edge from either model,
neds:88e76819-a541-4744-929a-c942b8153530:f3165527-3824-48f7-b3fb-ad2e4564404d,neds,WINNER,AFL Brownlow 2026,Christian Petracca (Gold Coast Suns),12430,Christian Petracca,,,,,,,501.0,0.001996007984031936,0.0,0.0,-0.19960079840319359,-0.19960079840319359,-1.0,-1.0,0.0,0.0,11.885,29.0,WHEELO_DISAGREES,9.628333333333332,3.0,INSUFFICIENT_DATA,NO_VALUE,no meaningful positive edge from either model,
neds:88e76819-a541-4744-929a-c942b8153530:9f328c2f-9871-495f-819d-3227e9eb461b,neds,WINNER,AFL Brownlow 2026,Zach Merrett (Essendon),12241,Zach Merrett,,,,,,,501.0,0.001996007984031936,0.0,0.0,-0.19960079840319359,-0.19960079840319359,-1.0,-1.0,0.0,0.0,6.093,62.0,WHEELO_DISAGREES,4.5465,2.0,INSUFFICIENT_DATA,NO_VALUE,no meaningful positive edge from either model,
neds:88e76819-a541-4744-929a-c942b8153530:a33a2fd8-3b81-408e-a6f6-6a166efb2650,neds,WINNER,AFL Brownlow 2026,Ed Richards (Western Bulldogs),12605,Ed Richards,,,,,,,501.0,0.001996007984031936,0.0,5e-05,-0.19960079840319359,-0.1946007984031936,-1.0,-0.97495,0.005,0.0,15.958,19.0,WHEELO_DISAGREES,13.652666666666669,3.0,INSUFFICIENT_DATA,NO_VALUE,no meaningful positive edge from either model,
neds:88e76819-a541-4744-929a-c942b8153530:a77efb77-55f0-4766-b584-8d0f09dce910,neds,WINNER,AFL Brownlow 2026,Murphy Reid (Fremantle),13180,Murphy Reid,,,,,,,501.0,0.001996007984031936,0.0,0.0,-0.19960079840319359,-0.19960079840319359,-1.0,-1.0,0.0,0.0,6.177,58.0,WHEELO_DISAGREES,6.177,1.0,INSUFFICIENT_DATA,NO_VALUE,no meaningful positive edge from either model,
neds:88e76819-a541-4744-929a-c942b8153530:99af1e76-0331-4cab-9117-2fc1f6c14c87,neds,WINNER,AFL Brownlow 2026,Sam Walsh (Carlton),12684,Sam Walsh,,,,,,,501.0,0.001996007984031936,0.0,0.0,-0.19960079840319359,-0.19960079840319359,-1.0,-1.0,0.0,0.0,14.132,25.0,WHEELO_DISAGREES,14.132,1.0,INSUFFICIENT_DATA,NO_VALUE,no meaningful positive edge from either model,
neds:8a9079e7-45f7-409e-9a35-3d874e44a696:5524f9fb-051b-4ec2-97b8-a83bc366846e,neds,PLAYER_H2H,Brownlow H2H (George Hewett vs Tim Taranto),George Hewett,12411,George Hewett,,,,,,,1.87,0.53475935828877,0.7009,0.16295,16.614064171123,-37.18093582887699,0.31068300000000004,-0.6952834999999999,53.794999999999995,0.16295,9.151,44.0,PARTIAL_WHEELO_SUPPORT,9.151,1.0,INSUFFICIENT_DATA,HIGH_RISK_HIGH_REWARD,only Production sees value; Wheelo materially supports it; uncertainty remains high,
neds:8a9079e7-45f7-409e-9a35-3d874e44a696:29e2cb5e-7d59-4de0-97e1-d4180f2a1210,neds,PLAYER_H2H,Brownlow H2H (George Hewett vs Tim Taranto),Tim Taranto,12504,Tim Taranto,,,,,,,1.87,0.53475935828877,0.21523,0.76795,-31.952935828876996,23.319064171123006,-0.5975199,0.43606650000000013,55.272,0.21523,9.282,43.0,WHEELO_DISAGREES,9.282,1.0,INSUFFICIENT_DATA,MODEL_DISAGREEMENT,only one internal model sees value and Wheelo does not corroborate -- evidence too divided for a confident conclusion,
neds:8e64a2ac-2769-4f60-8da1-b81c7ef62237:ab524fb3-769a-4c1b-911c-e9a5a41505b2,neds,PLAYER_VOTES_OU,O/U Will Ashcroft,Over,13040,Will Ashcroft,,24.5,over,,,,1.87,0.53475935828877,0.53086,0.0757,-0.3899358288769972,-45.905935828877,-0.007291799999999959,-0.858441,45.516,0.0757,25.078,5.0,WHEELO_DISAGREES,17.526,3.0,INSUFFICIENT_DATA,NO_VALUE,no meaningful positive edge from either model,
neds:8e64a2ac-2769-4f60-8da1-b81c7ef62237:ce6e6598-dabe-42be-a063-43d60ed3312a,neds,PLAYER_VOTES_OU,O/U Will Ashcroft,Under,13040,Will Ashcroft,,24.5,under,,,,1.87,0.53475935828877,0.46914,0.9243,-6.561935828876997,38.954064171123,-0.12270819999999993,0.7284410000000001,45.516,0.46914,25.078,5.0,WHEELO_DISAGREES,17.526,3.0,INSUFFICIENT_DATA,MODEL_DISAGREEMENT,only one internal model sees value and Wheelo does not corroborate -- evidence too divided for a confident conclusion,
neds:94605971-301d-4af9-8e2a-d423d240e220:8caff797-78b4-4946-af15-a486d7c0e06c,neds,PLAYER_H2H,Brownlow H2H (Nick Watson vs Toby Greene),Toby Greene,12025,Toby Greene,,,,,,,1.7,0.5882352941176471,0.75007,0.97335,16.183470588235295,38.5114705882353,0.2751189999999999,0.654695,22.328000000000003,0.75007,9.926,39.0,PARTIAL_WHEELO_SUPPORT,9.926,1.0,INSUFFICIENT_DATA,MEDIUM_CONFIDENCE,both models see value but internal gap 22.3pp > 7.5pp -- Production is the higher-edge outlier,
neds:94605971-301d-4af9-8e2a-d423d240e220:36fd2fc2-78ce-4cd2-8fdd-9a4865cac8ae,neds,PLAYER_H2H,Brownlow H2H (Nick Watson vs Toby Greene),Nick Watson,13105,Nick Watson,,,,,,,2.05,0.48780487804878053,0.17648,0.0146,-31.13248780487805,-47.320487804878056,-0.6382160000000001,-0.97007,16.188,0.0146,6.992,50.0,WHEELO_DISAGREES,5.746,2.0,INSUFFICIENT_DATA,NO_VALUE,no meaningful positive edge from either model,
neds:952b882e-2b11-4248-bbab-a48a159da86a:69593fda-ff34-4f70-bef6-391c60ea130b,neds,PLAYER_VOTES_OU,O/U Isaac Heeney,Over,12326,Isaac Heeney,,23.5,over,,,,1.87,0.53475935828877,0.47002,0.91065,-6.473935828876998,37.589064171123,-0.12106259999999991,0.7029155,44.062999999999995,0.47002,21.364,11.0,WHEELO_DISAGREES,21.432,2.0,INSUFFICIENT_DATA,MODEL_DISAGREEMENT,only one internal model sees value and Wheelo does not corroborate -- evidence too divided for a confident conclusion,
neds:952b882e-2b11-4248-bbab-a48a159da86a:0827dc12-e868-405a-b212-368e1faf44ee,neds,PLAYER_VOTES_OU,O/U Isaac Heeney,Under,12326,Isaac Heeney,,23.5,under,,,,1.87,0.53475935828877,0.52998,0.08935,-0.47793582887699637,-44.540935828877,-0.008937399999999984,-0.8329155,44.063,0.08935,21.364,11.0,WHEELO_DISAGREES,21.432,2.0,INSUFFICIENT_DATA,NO_VALUE,no meaningful positive edge from either model,
neds:97215e5b-7b15-4dfe-bfcd-3383a92b5d65:fbc81401-6286-4447-863b-bac31813468f,neds,TOP_N,Top 10,Patrick Cripps (Carlton),12261,Patrick Cripps,,,,10.0,,,1.05,0.9523809523809523,0.79966,0.91775,-15.272095238095229,-3.4630952380952373,-0.16035699999999997,-0.036362499999999964,11.808999999999992,0.79966,26.744,4.0,WHEELO_DISAGREES,25.872,2.0,INSUFFICIENT_DATA,NO_VALUE,no meaningful positive edge from either model,
neds:97215e5b-7b15-4dfe-bfcd-3383a92b5d65:18821fc6-8623-465f-bc7b-05e8c583bf47,neds,TOP_N,Top 10,Will Ashcroft (Brisbane Lions),13040,Will Ashcroft,,,,10.0,,,1.08,0.9259259259259258,0.89514,0.18955,-3.0785925925925772,-73.63759259259258,-0.033248799999999856,-0.7952859999999999,70.55900000000001,0.18955,25.078,5.0,WHEELO_DISAGREES,17.526,3.0,INSUFFICIENT_DATA,NO_VALUE,no meaningful positive edge from either model,
neds:97215e5b-7b15-4dfe-bfcd-3383a92b5d65:23e8521a-e8af-4a39-97fa-554ecd1b742b,neds,TOP_N,Top 10,Jordan Dawson (Adelaide Crows),12516,Jordan Dawson,,,,10.0,,,1.3,0.7692307692307692,0.4579,0.07095,-31.13307692307692,-69.82807692307692,-0.40473000000000003,-0.907765,38.69499999999999,0.07095,23.532,7.0,WHEELO_DISAGREES,16.510666666666665,3.0,INSUFFICIENT_DATA,NO_VALUE,no meaningful positive edge from either model,
neds:97215e5b-7b15-4dfe-bfcd-3383a92b5d65:6d099dda-11e1-4a23-b809-75fa55e294e1,neds,TOP_N,Top 10,Lachie Neale (Brisbane Lions),12055,Lachie Neale,,,,10.0,,,1.42,0.7042253521126761,0.79066,0.83125,8.643464788732391,12.702464788732392,0.12273719999999999,0.18037499999999995,4.059000000000001,0.79066,22.818,8.0,PARTIAL_WHEELO_SUPPORT,16.272666666666666,3.0,INSUFFICIENT_DATA,HIGH_CONFIDENCE_WHEELO_CONFIRMED,"both models positive EV, both above implied probability, internal gap 4.1pp <= 7.5pp, Wheelo supports",
neds:97215e5b-7b15-4dfe-bfcd-3383a92b5d65:0054396e-e733-4300-b43e-3e5ca7265a99,neds,TOP_N,Top 10,Isaac Heeney (Sydney Swans),12326,Isaac Heeney,,,,10.0,,,1.45,0.6896551724137931,0.77906,0.94355,8.940482758620682,25.389482758620684,0.129637,0.36814749999999985,16.449,0.77906,21.364,11.0,PARTIAL_WHEELO_SUPPORT,21.432,2.0,INSUFFICIENT_DATA,MEDIUM_CONFIDENCE,both models see value but internal gap 16.4pp > 7.5pp -- Production is the higher-edge outlier,
neds:97215e5b-7b15-4dfe-bfcd-3383a92b5d65:45e9fa70-6ffc-4975-b313-22627e8e89f3,neds,TOP_N,Top 10,Jai Newcombe (Hawthorn),12915,Jai Newcombe,,,,10.0,,,1.6,0.625,0.25655,0.64815,-36.845,2.3150000000000004,-0.58952,0.03703999999999996,39.160000000000004,0.25655,24.021,6.0,WHEELO_DISAGREES,15.673666666666668,3.0,INSUFFICIENT_DATA,MODEL_DISAGREEMENT,only one internal model sees value and Wheelo does not corroborate -- evidence too divided for a confident conclusion,
neds:97215e5b-7b15-4dfe-bfcd-3383a92b5d65:c70a39a5-7465-4908-abb0-5379bd17fa85,neds,TOP_N,Top 10,Nasiah Wanganeen-Milera (St Kilda),12950,Nasiah Wanganeen-Milera,,,,10.0,,,1.95,0.5128205128205129,0.39752,0.04515,-11.53005128205129,-46.767051282051284,-0.22483600000000004,-0.9119575,35.236999999999995,0.04515,22.352,9.0,WHEELO_DISAGREES,22.676,2.0,INSUFFICIENT_DATA,NO_VALUE,no meaningful positive edge from either model,
neds:97215e5b-7b15-4dfe-bfcd-3383a92b5d65:0d1d1c6b-fbe1-4227-a41d-76a17a812d19,neds,TOP_N,Top 10,Max Gawn (Melbourne),11966,Max Gawn,,,,10.0,,,2.0,0.5,0.3242,0.51825,-17.580000000000002,1.8249999999999988,-0.3516,0.03649999999999998,19.405,0.3242,19.552,13.0,WHEELO_DISAGREES,16.184,3.0,INSUFFICIENT_DATA,MODEL_DISAGREEMENT,only one internal model sees value and Wheelo does not corroborate -- evidence too divided for a confident conclusion,
neds:97215e5b-7b15-4dfe-bfcd-3383a92b5d65:4412f549-390d-442e-921e-c5666077d9bc,neds,TOP_N,Top 10,Izak Rankine (Adelaide Crows),12798,Izak Rankine,,,,10.0,,,2.2,0.45454545454545453,0.5094,0.27615,5.485454545454544,-17.83954545454545,0.12068000000000012,-0.39247,23.324999999999996,0.27615,19.101,14.0,PARTIAL_WHEELO_SUPPORT,15.867,3.0,INSUFFICIENT_DATA,HIGH_RISK_HIGH_REWARD,only Production sees value; Wheelo materially supports it; uncertainty remains high,
neds:97215e5b-7b15-4dfe-bfcd-3383a92b5d65:01964667-44b2-4a8f-9fe1-68107303ff72,neds,TOP_N,Top 10,Harry Sheezel (North Melbourne),13034,Harry Sheezel,,,,10.0,,,2.8,0.35714285714285715,0.69707,0.2372,33.99271428571428,-11.994285714285716,0.9517959999999999,-0.33584,45.987,0.2372,21.764,10.0,PARTIAL_WHEELO_SUPPORT,15.254666666666663,3.0,INSUFFICIENT_DATA,HIGH_RISK_HIGH_REWARD,only Production sees value; Wheelo materially supports it; uncertainty remains high,
neds:97215e5b-7b15-4dfe-bfcd-3383a92b5d65:1d2c8555-b77b-456d-9a87-0f3cb15128ce,neds,TOP_N,Top 10,Jason Horne-Francis (Port Adelaide),12956,Jason Horne-Francis,,,,10.0,,,3.3,0.30303030303030304,0.12431,0.1479,-17.872030303030304,-15.513030303030304,-0.589777,-0.51193,2.359,0.12431,19.827,12.0,WHEELO_DISAGREES,19.4135,2.0,INSUFFICIENT_DATA,NO_VALUE,no meaningful positive edge from either model,
neds:97215e5b-7b15-4dfe-bfcd-3383a92b5d65:14fe52df-36a2-42ab-8ada-ce9513bccf25,neds,TOP_N,Top 10,Kysaiah Pickett (Melbourne),12771,Kysaiah Pickett,,,,10.0,,,4.0,0.25,0.22836,0.01955,-2.1639999999999993,-23.044999999999998,-0.08655999999999997,-0.9218,20.881,0.01955,18.823,15.0,WHEELO_DISAGREES,14.274333333333333,3.0,INSUFFICIENT_DATA,NO_VALUE,no meaningful positive edge from either model,
neds:97215e5b-7b15-4dfe-bfcd-3383a92b5d65:62339920-46e8-4a8b-88ba-0995b017f11f,neds,TOP_N,Top 10,Zak Butters (Port Adelaide),12698,Zak Butters,,,,10.0,,,4.75,0.21052631578947367,0.38276,0.2569,17.223368421052633,4.637368421052635,0.8181099999999999,0.220275,12.585999999999997,0.2569,18.685,16.0,PARTIAL_WHEELO_SUPPORT,18.8425,2.0,INSUFFICIENT_DATA,MEDIUM_CONFIDENCE,both models see value but internal gap 12.6pp > 7.5pp -- Objective is the higher-edge outlier,
neds:97215e5b-7b15-4dfe-bfcd-3383a92b5d65:b47227af-3dfd-4472-8d6e-6a435fe49800,neds,TOP_N,Top 10,Shai Bolton (Fremantle),12535,Shai Bolton,,,,10.0,,,9.0,0.1111111111111111,0.02157,0.00105,-8.95411111111111,-11.00611111111111,-0.80587,-0.99055,2.052,0.00105,12.466,28.0,WHEELO_DISAGREES,6.983,2.0,INSUFFICIENT_DATA,NO_VALUE,no meaningful positive edge from either model,
neds:97215e5b-7b15-4dfe-bfcd-3383a92b5d65:a47b44b3-3d95-473d-97d6-c0f37cfe2501,neds,TOP_N,Top 10,Chad Warner (Sydney Swans),,Chad Warner,,,,10.0,,,9.0,0.1111111111111111,,,,,,,,,,,INSUFFICIENT_WHEELO_DATA,,,INSUFFICIENT_DATA,NO_VALUE,suppressed: IDENTITY_AMBIGUOUS,IDENTITY_AMBIGUOUS
neds:97215e5b-7b15-4dfe-bfcd-3383a92b5d65:22900da0-0cd5-4a80-820d-7b847bccf0fc,neds,TOP_N,Top 10,Ed Richards (Western Bulldogs),12605,Ed Richards,,,,10.0,,,9.0,0.1111111111111111,0.20327,0.2976,9.215888888888891,18.648888888888887,0.8294300000000001,1.6784,9.432999999999996,0.20327,15.958,19.0,PARTIAL_WHEELO_SUPPORT,13.652666666666669,3.0,INSUFFICIENT_DATA,MEDIUM_CONFIDENCE,both models see value but internal gap 9.4pp > 7.5pp -- Production is the higher-edge outlier,
neds:97215e5b-7b15-4dfe-bfcd-3383a92b5d65:005346f0-8cec-41e8-b480-c0bd3f3fc998,neds,TOP_N,Top 10,Luke Davies-Uniacke (North Melbourne),12590,Luke Davies-Uniacke,,,,10.0,,,12.0,0.08333333333333333,0.01229,0.26615,-7.104333333333333,18.28166666666667,-0.85252,2.1938,25.385999999999996,0.01229,16.942999999999998,17.0,WHEELO_DISAGREES,16.9715,2.0,INSUFFICIENT_DATA,MODEL_DISAGREEMENT,only one internal model sees value and Wheelo does not corroborate -- evidence too divided for a confident conclusion,
neds:97215e5b-7b15-4dfe-bfcd-3383a92b5d65:6e38aa86-f247-40c8-9105-27e438ef3205,neds,TOP_N,Top 10,Luke Jackson (Fremantle),12779,Luke Jackson,,,,10.0,,,15.0,0.06666666666666667,0.01996,0.4842,-4.6706666666666665,41.75333333333334,-0.7006,6.263,46.42400000000001,0.01996,14.919,23.0,WHEELO_DISAGREES,15.4595,2.0,INSUFFICIENT_DATA,MODEL_DISAGREEMENT,only one internal model sees value and Wheelo does not corroborate -- evidence too divided for a confident conclusion,
neds:97215e5b-7b15-4dfe-bfcd-3383a92b5d65:2a8cef0f-c105-4334-862e-d7977a6d1d40,neds,TOP_N,Top 10,Andrew Brayshaw (Fremantle),12589,Andrew Brayshaw,,,,10.0,,,34.0,0.029411764705882353,0.00395,0.00035,-2.546176470588235,-2.9061764705882354,-0.8657,-0.9881,0.36000000000000004,0.00035,16.116,18.0,WHEELO_DISAGREES,9.558,2.0,INSUFFICIENT_DATA,NO_VALUE,no meaningful positive edge from either model,
neds:97215e5b-7b15-4dfe-bfcd-3383a92b5d65:473b4ec8-a298-4572-a721-3bc7e4b2dad2,neds,TOP_N,Top 10,Caleb Serong (Fremantle),12786,Caleb Serong,,,,10.0,,,41.0,0.024390243902439025,0.04433,0.2008,1.9939756097560977,17.640975609756097,0.8175300000000001,7.232800000000001,15.647,0.04433,15.197,22.0,PARTIAL_WHEELO_SUPPORT,15.197,1.0,INSUFFICIENT_DATA,MEDIUM_CONFIDENCE,both models see value but internal gap 15.6pp > 7.5pp -- Production is the higher-edge outlier,
neds:97215e5b-7b15-4dfe-bfcd-3383a92b5d65:7a3620f0-ad97-4cda-b589-bec4b91f60f2,neds,TOP_N,Top 10,Harley Reid (West Coast Eagles),13111,Harley Reid,,,,10.0,,,51.0,0.0196078431372549,0.00283,0.0792,-1.6777843137254902,5.9592156862745105,-0.8556699999999999,3.0392,7.6370000000000005,0.00283,14.405,24.0,WHEELO_DISAGREES,10.468333333333334,3.0,INSUFFICIENT_DATA,MODEL_DISAGREEMENT,only one internal model sees value and Wheelo does not corroborate -- evidence too divided for a confident conclusion,
neds:97215e5b-7b15-4dfe-bfcd-3383a92b5d65:9c97c815-be1b-48bf-b6ab-49c7087ac8e5,neds,TOP_N,Top 10,Sam Walsh (Carlton),12684,Sam Walsh,,,,10.0,,,51.0,0.0196078431372549,0.01188,0.00055,-0.7727843137254902,-1.9057843137254904,-0.39412,-0.97195,1.133,0.00055,14.132,25.0,WHEELO_DISAGREES,14.132,1.0,INSUFFICIENT_DATA,NO_VALUE,no meaningful positive edge from either model,
neds:97215e5b-7b15-4dfe-bfcd-3383a92b5d65:a0b44261-59b7-4f61-b20e-0b1a0c7d1773,neds,TOP_N,Top 10,Max Holmes (Geelong Cats),12881,Max Holmes,,,,10.0,,,81.0,0.012345679012345678,0.01933,0.00085,0.6984320987654322,-1.1495679012345679,0.5657300000000001,-0.93115,1.848,0.00085,14.015,26.0,PARTIAL_WHEELO_SUPPORT,14.2575,2.0,INSUFFICIENT_DATA,HIGH_RISK_HIGH_REWARD,only Production sees value; Wheelo materially supports it; uncertainty remains high,
neds:97215e5b-7b15-4dfe-bfcd-3383a92b5d65:b3d603e9-4feb-41ba-be52-91d6581f855c,neds,TOP_N,Top 10,Murphy Reid (Fremantle),13180,Murphy Reid,,,,10.0,,,101.0,0.009900990099009901,2e-05,0.0,-0.9880990099009902,-0.9900990099009901,-0.99798,-1.0,0.002,0.0,6.177,58.0,WHEELO_DISAGREES,6.177,1.0,INSUFFICIENT_DATA,NO_VALUE,no meaningful positive edge from either model,
neds:97215e5b-7b15-4dfe-bfcd-3383a92b5d65:3a8dc06e-916e-4a95-9604-0d473636ec88,neds,TOP_N,Top 10,Clayton Oliver (GWS Giants),12410,Clayton Oliver,,,,10.0,,,101.0,0.009900990099009901,0.04507,0.3506,3.5169009900990096,34.069900990099015,3.5520699999999996,34.4106,30.553,0.04507,10.488,34.0,PARTIAL_WHEELO_SUPPORT,8.496,3.0,INSUFFICIENT_DATA,MEDIUM_CONFIDENCE,both models see value but internal gap 30.6pp > 7.5pp -- Production is the higher-edge outlier,
neds:97215e5b-7b15-4dfe-bfcd-3383a92b5d65:b7f25bf8-32ad-4b82-8d09-f0abb5c36bfc,neds,TOP_N,Top 10,Zac Bailey (Brisbane Lions),12610,Zac Bailey,,,,10.0,,,101.0,0.009900990099009901,0.00349,0.0005,-0.6410990099009901,-0.94009900990099,-0.64751,-0.9495,0.299,0.0005,10.149,35.0,WHEELO_DISAGREES,12.0745,2.0,INSUFFICIENT_DATA,NO_VALUE,no meaningful positive edge from either model,
neds:9cbac59f-0d13-4f2d-9fd6-3c3d04cdde0f:c2d6d09d-8863-4dee-9c1b-ff1b2587ea97,neds,PLAYER_H2H,Brownlow H2H (Jack Gunston vs Jacob van Rooyen),Jack Gunston,11845,Jack Gunston,,,,,,,1.87,0.53475935828877,0.59163,0.06345,5.687064171123001,-47.130935828877,0.10634809999999995,-0.8813485,52.818,0.06345,10.083,36.0,PARTIAL_WHEELO_SUPPORT,7.2915,2.0,INSUFFICIENT_DATA,HIGH_RISK_HIGH_REWARD,only Production sees value; Wheelo materially supports it; uncertainty remains high,
neds:9cbac59f-0d13-4f2d-9fd6-3c3d04cdde0f:b3e6ce5c-a65e-44de-b4a8-3f65e9a8ee29,neds,PLAYER_H2H,Brownlow H2H (Jack Gunston vs Jacob van Rooyen),Jacob van Rooyen,13048,Jacob van Rooyen,,,,,,,1.87,0.53475935828877,0.29792,0.86065,-23.683935828876994,32.589064171123006,-0.4428895999999999,0.6094155000000001,56.272999999999996,0.29792,10.736,33.0,WHEELO_DISAGREES,6.368,2.0,INSUFFICIENT_DATA,MODEL_DISAGREEMENT,only one internal model sees value and Wheelo does not corroborate -- evidence too divided for a confident conclusion,
neds:9e1c6946-6d1e-41b5-9a2a-4e17b1339da4:2f555991-98ff-48e0-903d-ca51ad5bfa84,neds,PLAYER_VOTES_OU,O/U Bailey Smith,Over,12692,Bailey Smith,,32.5,over,,,,1.87,0.53475935828877,0.78175,0.29885,24.699064171123,-23.590935828876997,0.4618724999999999,-0.4411505,48.28999999999999,0.29885,32.598,2.0,PARTIAL_WHEELO_SUPPORT,32.549,2.0,INSUFFICIENT_DATA,HIGH_RISK_HIGH_REWARD,only Production sees value; Wheelo materially supports it; uncertainty remains high,
neds:9e1c6946-6d1e-41b5-9a2a-4e17b1339da4:2fb1fb90-2c9e-4ea4-9ecf-2480d36aec7e,neds,PLAYER_VOTES_OU,O/U Bailey Smith,Under,12692,Bailey Smith,,32.5,under,,,,1.87,0.53475935828877,0.21825,0.70115,-31.650935828876996,16.639064171123007,-0.5918725,0.3111505000000001,48.290000000000006,0.21825,32.598,2.0,WHEELO_DISAGREES,32.549,2.0,INSUFFICIENT_DATA,MODEL_DISAGREEMENT,only one internal model sees value and Wheelo does not corroborate -- evidence too divided for a confident conclusion,
neds:aee7cc6a-3033-49d3-a122-7fd22a6981f2:1d1eaee4-600f-4903-9194-7b41dbbc7246,neds,PLAYER_H2H,Brownlow H2H (Brodie Grundy vs Christian Petracca),Brodie Grundy,12217,Brodie Grundy,,,,,,,1.87,0.53475935828877,0.6335,0.0878,9.874064171122999,-44.695935828877,0.18464499999999995,-0.835814,54.56999999999999,0.0878,9.552,42.0,PARTIAL_WHEELO_SUPPORT,5.776,2.0,INSUFFICIENT_DATA,HIGH_RISK_HIGH_REWARD,only Production sees value; Wheelo materially supports it; uncertainty remains high,
neds:aee7cc6a-3033-49d3-a122-7fd22a6981f2:f97b5413-7b43-4ea0-9c42-efd0b5821b7f,neds,PLAYER_H2H,Brownlow H2H (Brodie Grundy vs Christian Petracca),Christian Petracca,12430,Christian Petracca,,,,,,,1.87,0.53475935828877,0.2757,0.8686,-25.905935828877,33.38406417112301,-0.484441,0.6242820000000002,59.29,0.2757,11.885,29.0,WHEELO_DISAGREES,9.628333333333332,3.0,INSUFFICIENT_DATA,MODEL_DISAGREEMENT,only one internal model sees value and Wheelo does not corroborate -- evidence too divided for a confident conclusion,
neds:b5a5b73c-3918-42c6-9970-926b880c93e6:939707b1-d9b1-4132-8b44-77f80ff44a35,neds,PLAYER_VOTES_OU,O/U Patrick Cripps,Over,12261,Patrick Cripps,,25.5,over,,,,1.87,0.53475935828877,0.32971,0.71525,-20.504935828876995,18.049064171123007,-0.3834423,0.33751750000000014,38.554,0.32971,26.744,4.0,WHEELO_DISAGREES,25.872,2.0,INSUFFICIENT_DATA,MODEL_DISAGREEMENT,only one internal model sees value and Wheelo does not corroborate -- evidence too divided for a confident conclusion,
neds:b5a5b73c-3918-42c6-9970-926b880c93e6:2cc21b5b-9d67-4fe6-b46d-0f0c9ba14846,neds,PLAYER_VOTES_OU,O/U Patrick Cripps,Under,12261,Patrick Cripps,,25.5,under,,,,1.87,0.53475935828877,0.67029,0.28475,13.553064171123008,-25.000935828876997,0.2534423000000001,-0.4675174999999999,38.554,0.28475,26.744,4.0,PARTIAL_WHEELO_SUPPORT,25.872,2.0,INSUFFICIENT_DATA,HIGH_RISK_HIGH_REWARD,only Production sees value; Wheelo materially supports it; uncertainty remains high,
neds:c9419186-7cec-49e0-be49-f16f78fc582f:37547005-c8d3-43b6-b53b-8ae19b28c08b,neds,PLAYER_VOTES_OU,O/U Luke Davies-Uniacke,Over,12590,Luke Davies-Uniacke,,17.5,over,,,,1.87,0.53475935828877,0.08216,0.81455,-45.259935828877,27.979064171123003,-0.8463608,0.5232085000000002,73.239,0.08216,16.942999999999998,17.0,WHEELO_DISAGREES,16.9715,2.0,INSUFFICIENT_DATA,MODEL_DISAGREEMENT,only one internal model sees value and Wheelo does not corroborate -- evidence too divided for a confident conclusion,
neds:c9419186-7cec-49e0-be49-f16f78fc582f:23e7037c-8d79-4e5d-b051-7ce3bfb2b39f,neds,PLAYER_VOTES_OU,O/U Luke Davies-Uniacke,Under,12590,Luke Davies-Uniacke,,17.5,under,,,,1.87,0.53475935828877,0.91784,0.18545,38.308064171123,-34.930935828877,0.7163608000000001,-0.6532085,73.239,0.18545,16.942999999999998,17.0,PARTIAL_WHEELO_SUPPORT,16.9715,2.0,INSUFFICIENT_DATA,HIGH_RISK_HIGH_REWARD,only Production sees value; Wheelo materially supports it; uncertainty remains high,
neds:cbf51aa5-c0ad-491d-bd36-f9346ddc2b20:3ebea748-1374-4e91-832d-6b2d5a9f4471,neds,PLAYER_H2H,Brownlow H2H (Lachie Neale vs Jai Newcombe),Lachie Neale,12055,Lachie Neale,,,,,,,1.8,0.5555555555555556,0.8183,0.62635,26.274444444444445,7.079444444444438,0.47294000000000014,0.12742999999999993,19.195000000000007,0.62635,22.818,8.0,PARTIAL_WHEELO_SUPPORT,16.272666666666666,3.0,INSUFFICIENT_DATA,MEDIUM_CONFIDENCE,both models see value but internal gap 19.2pp > 7.5pp -- Objective is the higher-edge outlier,
neds:cbf51aa5-c0ad-491d-bd36-f9346ddc2b20:d05d3ecc-1bf0-4905-9fff-fcd7c7f574f3,neds,PLAYER_H2H,Brownlow H2H (Lachie Neale vs Jai Newcombe),Jai Newcombe,12915,Jai Newcombe,,,,,,,1.95,0.5128205128205129,0.13307,0.3012,-37.97505128205129,-21.162051282051287,-0.7405135,-0.4126599999999999,16.813000000000002,0.13307,24.021,6.0,WHEELO_DISAGREES,15.673666666666668,3.0,INSUFFICIENT_DATA,NO_VALUE,no meaningful positive edge from either model,
neds:da91a557-95f4-4170-8732-848a9a6421e8:a6f2098b-5e35-445b-8713-1c7773a6981b,neds,PLAYER_VOTES_OU,O/U Nasiah Wanganeen-Milera,Over,12950,Nasiah Wanganeen-Milera,,21.5,over,,,,1.87,0.53475935828877,0.30194,0.0862,-23.281935828877,-44.855935828876994,-0.4353722,-0.8388059999999999,21.573999999999998,0.0862,22.352,9.0,WHEELO_DISAGREES,22.676,2.0,INSUFFICIENT_DATA,NO_VALUE,no meaningful positive edge from either model,
neds:da91a557-95f4-4170-8732-848a9a6421e8:cadcffaa-65d6-4c87-b45d-464e1f5c60ff,neds,PLAYER_VOTES_OU,O/U Nasiah Wanganeen-Milera,Under,12950,Nasiah Wanganeen-Milera,,21.5,under,,,,1.87,0.53475935828877,0.69806,0.9138,16.330064171123006,37.904064171123,0.3053722000000001,0.708806,21.573999999999995,0.69806,22.352,9.0,PARTIAL_WHEELO_SUPPORT,22.676,2.0,INSUFFICIENT_DATA,MEDIUM_CONFIDENCE,both models see value but internal gap 21.6pp > 7.5pp -- Production is the higher-edge outlier,
neds:de24d695-fca2-43f1-8b6c-9d4467cc259f:45e69d99-e93b-4164-b0af-217ca64f0b8a,neds,PLAYER_H2H,Brownlow H2H (Jordan Dawson vs Isaac Heeney),Jordan Dawson,12516,Jordan Dawson,,,,,,,1.87,0.53475935828877,0.23579,0.0133,-29.896935828876998,-52.145935828877,-0.5590727,-0.975129,22.249,0.0133,23.532,7.0,WHEELO_DISAGREES,16.510666666666665,3.0,INSUFFICIENT_DATA,NO_VALUE,no meaningful positive edge from either model,
neds:de24d695-fca2-43f1-8b6c-9d4467cc259f:05865885-cf1f-4394-a450-babea0336580,neds,PLAYER_H2H,Brownlow H2H (Jordan Dawson vs Isaac Heeney),Isaac Heeney,12326,Isaac Heeney,,,,,,,1.87,0.53475935828877,0.69228,0.9792,15.752064171123003,44.444064171122996,0.29456360000000004,0.8311040000000001,28.691999999999997,0.69228,21.364,11.0,PARTIAL_WHEELO_SUPPORT,21.432,2.0,INSUFFICIENT_DATA,MEDIUM_CONFIDENCE,both models see value but internal gap 28.7pp > 7.5pp -- Production is the higher-edge outlier,
neds:e7485fb7-2068-46c3-941e-9db5cebbfca1:b9e44fb8-6ac4-475e-ad95-656b11c123d3,neds,PLAYER_VOTES_OU,O/U Chad Warner,Over,,Chad Warner,,16.5,over,,,,1.87,0.53475935828877,,,,,,,,,,,INSUFFICIENT_WHEELO_DATA,,,INSUFFICIENT_DATA,NO_VALUE,suppressed: IDENTITY_AMBIGUOUS,IDENTITY_AMBIGUOUS
neds:e7485fb7-2068-46c3-941e-9db5cebbfca1:057215c8-cfab-4f4a-bbec-333ca1ead588,neds,PLAYER_VOTES_OU,O/U Chad Warner,Under,,Chad Warner,,16.5,under,,,,1.87,0.53475935828877,,,,,,,,,,,INSUFFICIENT_WHEELO_DATA,,,INSUFFICIENT_DATA,NO_VALUE,suppressed: IDENTITY_AMBIGUOUS,IDENTITY_AMBIGUOUS
neds:ea8f3bc6-bd4a-4f52-b019-fb2be3c86244:d7cdc58e-942c-471b-b34c-df26dff96699,neds,PLAYER_VOTES_OU,O/U Nick Daicos,Over,12943,Nick Daicos,,43.5,over,,,,1.87,0.53475935828877,0.8745,0.0692,33.97406417112301,-46.555935828877,0.6353150000000003,-0.870596,80.53,0.0692,46.079,1.0,PARTIAL_WHEELO_SUPPORT,44.0395,2.0,INSUFFICIENT_DATA,HIGH_RISK_HIGH_REWARD,only Production sees value; Wheelo materially supports it; uncertainty remains high,
neds:ea8f3bc6-bd4a-4f52-b019-fb2be3c86244:d35fb70f-03ba-4c39-9235-fd2d5d70ee95,neds,PLAYER_VOTES_OU,O/U Nick Daicos,Under,12943,Nick Daicos,,43.5,under,,,,1.87,0.53475935828877,0.1255,0.9308,-40.925935828876995,39.604064171123,-0.765315,0.740596,80.52999999999999,0.1255,46.079,1.0,WHEELO_DISAGREES,44.0395,2.0,INSUFFICIENT_DATA,MODEL_DISAGREEMENT,only one internal model sees value and Wheelo does not corroborate -- evidence too divided for a confident conclusion,
neds:f545b99c-1dab-4322-a652-5253026c0560:50b6a105-c058-4edd-ae56-64acc1ff066f,neds,PLAYER_H2H,Brownlow H2H (Jason Horne-Francis vs Harry Sheezel),Harry Sheezel,13034,Harry Sheezel,,,,,,,1.65,0.6060606060606061,0.85473,0.54955,24.86693939393939,-5.651060606060609,0.41030449999999985,-0.09324250000000012,30.518,0.54955,21.764,10.0,PARTIAL_WHEELO_SUPPORT,15.254666666666663,3.0,INSUFFICIENT_DATA,HIGH_RISK_HIGH_REWARD,only Production sees value; Wheelo materially supports it; uncertainty remains high,
neds:f545b99c-1dab-4322-a652-5253026c0560:98a9b4f4-09b2-4697-81fd-6050311f762b,neds,PLAYER_H2H,Brownlow H2H (Jason Horne-Francis vs Harry Sheezel),Jason Horne-Francis,12956,Jason Horne-Francis,,,,,,,2.0,0.5,0.1027,0.37245,-39.73,-12.754999999999999,-0.7946,-0.2551,26.974999999999998,0.1027,19.827,12.0,WHEELO_DISAGREES,19.4135,2.0,INSUFFICIENT_DATA,NO_VALUE,no meaningful positive edge from either model,
pointsbet_1:96306741:1,pointsbet_1,WINNER,Brownlow Medal Winner (Brownlow Medal 2026),Nick Daicos,12943,Nick Daicos,,0.0,,,,,1.02,0.9803921568627451,0.99074,0.88885,1.0347843137254897,-9.154215686274503,0.010554799999999975,-0.09337299999999993,10.188999999999993,0.88885,46.079,1.0,PARTIAL_WHEELO_SUPPORT,44.0395,2.0,INSUFFICIENT_DATA,HIGH_RISK_HIGH_REWARD,only Production sees value; Wheelo materially supports it; uncertainty remains high,
pointsbet_1:96306741:3,pointsbet_1,WINNER,Brownlow Medal Winner (Brownlow Medal 2026),Marcus Bontempelli,12269,Marcus Bontempelli,,0.0,,,,,41.0,0.024390243902439025,0.0,0.05765,-2.4390243902439024,3.3259756097560973,-1.0,1.3636499999999998,5.765,0.0,29.426,3.0,WHEELO_DISAGREES,23.642,3.0,INSUFFICIENT_DATA,MODEL_DISAGREEMENT,only one internal model sees value and Wheelo does not corroborate -- evidence too divided for a confident conclusion,
pointsbet_1:96306741:5,pointsbet_1,WINNER,Brownlow Medal Winner (Brownlow Medal 2026),Bailey Smith,12692,Bailey Smith,,0.0,,,,,51.0,0.0196078431372549,0.00924,0.0407,-1.0367843137254902,2.10921568627451,-0.52876,1.0756999999999999,3.1460000000000004,0.00924,32.598,2.0,WHEELO_DISAGREES,32.549,2.0,INSUFFICIENT_DATA,MODEL_DISAGREEMENT,only one internal model sees value and Wheelo does not corroborate -- evidence too divided for a confident conclusion,
pointsbet_1:96306741:23,pointsbet_1,WINNER,Brownlow Medal Winner (Brownlow Medal 2026),Patrick Cripps,12261,Patrick Cripps,,0.0,,,,,67.0,0.014925373134328358,1e-05,0.0062,-1.4915373134328358,-0.8725373134328359,-0.99933,-0.5846,0.619,1e-05,26.744,4.0,WHEELO_DISAGREES,25.872,2.0,INSUFFICIENT_DATA,NO_VALUE,no meaningful positive edge from either model,
pointsbet_1:96306741:7,pointsbet_1,WINNER,Brownlow Medal Winner (Brownlow Medal 2026),Jordan Dawson,12516,Jordan Dawson,,0.0,,,,,101.0,0.009900990099009901,0.0,0.0,-0.9900990099009901,-0.9900990099009901,-1.0,-1.0,0.0,0.0,23.532,7.0,WHEELO_DISAGREES,16.510666666666665,3.0,INSUFFICIENT_DATA,NO_VALUE,no meaningful positive edge from either model,
pointsbet_1:96306741:12,pointsbet_1,WINNER,Brownlow Medal Winner (Brownlow Medal 2026),Jai Newcombe,12915,Jai Newcombe,,0.0,,,,,101.0,0.009900990099009901,0.0,0.00055,-0.9900990099009901,-0.9350990099009902,-1.0,-0.94445,0.055,0.0,24.021,6.0,WHEELO_DISAGREES,15.673666666666668,3.0,INSUFFICIENT_DATA,NO_VALUE,no meaningful positive edge from either model,
pointsbet_1:96306741:14,pointsbet_1,WINNER,Brownlow Medal Winner (Brownlow Medal 2026),Will Ashcroft,13040,Will Ashcroft,,0.0,,,,,101.0,0.009900990099009901,1e-05,0.0,-0.9890990099009902,-0.9900990099009901,-0.99899,-1.0,0.001,0.0,25.078,5.0,WHEELO_DISAGREES,17.526,3.0,INSUFFICIENT_DATA,NO_VALUE,no meaningful positive edge from either model,
pointsbet_1:96306741:19,pointsbet_1,WINNER,Brownlow Medal Winner (Brownlow Medal 2026),Isaac Heeney,12326,Isaac Heeney,,0.0,,,,,101.0,0.009900990099009901,0.0,0.00315,-0.9900990099009901,-0.6750990099009901,-1.0,-0.6818500000000001,0.315,0.0,21.364,11.0,WHEELO_DISAGREES,21.432,2.0,INSUFFICIENT_DATA,NO_VALUE,no meaningful positive edge from either model,
pointsbet_1:96306741:32,pointsbet_1,WINNER,Brownlow Medal Winner (Brownlow Medal 2026),Lachie Neale,12055,Lachie Neale,,0.0,,,,,101.0,0.009900990099009901,0.0,0.00195,-0.9900990099009901,-0.79509900990099,-1.0,-0.80305,0.19499999999999998,0.0,22.818,8.0,WHEELO_DISAGREES,16.272666666666666,3.0,INSUFFICIENT_DATA,NO_VALUE,no meaningful positive edge from either model,
pointsbet_1:96306741:45,pointsbet_1,WINNER,Brownlow Medal Winner (Brownlow Medal 2026),Kysaiah Pickett,12771,Kysaiah Pickett,,0.0,,,,,151.0,0.006622516556291391,0.0,0.0,-0.6622516556291391,-0.6622516556291391,-1.0,-1.0,0.0,0.0,18.823,15.0,WHEELO_DISAGREES,14.274333333333333,3.0,INSUFFICIENT_DATA,NO_VALUE,no meaningful positive edge from either model,
pointsbet_1:96306741:79,pointsbet_1,WINNER,Brownlow Medal Winner (Brownlow Medal 2026),Luke Jackson,12779,Luke Jackson,,0.0,,,,,151.0,0.006622516556291391,0.0,0.0002,-0.6622516556291391,-0.6422516556291391,-1.0,-0.9698,0.02,0.0,14.919,23.0,WHEELO_DISAGREES,15.4595,2.0,INSUFFICIENT_DATA,NO_VALUE,no meaningful positive edge from either model,
pointsbet_1:96306741:46,pointsbet_1,WINNER,Brownlow Medal Winner (Brownlow Medal 2026),Max Gawn,11966,Max Gawn,,0.0,,,,,201.0,0.004975124378109453,0.0,0.00065,-0.4975124378109453,-0.4325124378109453,-1.0,-0.8693500000000001,0.065,0.0,19.552,13.0,WHEELO_DISAGREES,16.184,3.0,INSUFFICIENT_DATA,NO_VALUE,no meaningful positive edge from either model,
pointsbet_1:96306741:8,pointsbet_1,WINNER,Brownlow Medal Winner (Brownlow Medal 2026),Andrew Brayshaw,12589,Andrew Brayshaw,,0.0,,,,,251.0,0.00398406374501992,0.0,0.0,-0.398406374501992,-0.398406374501992,-1.0,-1.0,0.0,0.0,16.116,18.0,WHEELO_DISAGREES,9.558,2.0,INSUFFICIENT_DATA,NO_VALUE,no meaningful positive edge from either model,
pointsbet_1:96306741:16,pointsbet_1,WINNER,Brownlow Medal Winner (Brownlow Medal 2026),Chad Warner,,Chad Warner,,0.0,,,,,251.0,0.00398406374501992,,,,,,,,,,,INSUFFICIENT_WHEELO_DATA,,,INSUFFICIENT_DATA,NO_VALUE,suppressed: IDENTITY_AMBIGUOUS,IDENTITY_AMBIGUOUS
pointsbet_1:96306741:30,pointsbet_1,WINNER,Brownlow Medal Winner (Brownlow Medal 2026),Harry Sheezel,13034,Harry Sheezel,,0.0,,,,,251.0,0.00398406374501992,0.0,0.0,-0.398406374501992,-0.398406374501992,-1.0,-1.0,0.0,0.0,21.764,10.0,WHEELO_DISAGREES,15.254666666666663,3.0,INSUFFICIENT_DATA,NO_VALUE,no meaningful positive edge from either model,
pointsbet_1:96306741:33,pointsbet_1,WINNER,Brownlow Medal Winner (Brownlow Medal 2026),Luke Davies-Uniacke,12590,Luke Davies-Uniacke,,0.0,,,,,251.0,0.00398406374501992,0.0,0.0,-0.398406374501992,-0.398406374501992,-1.0,-1.0,0.0,0.0,16.942999999999998,17.0,WHEELO_DISAGREES,16.9715,2.0,INSUFFICIENT_DATA,NO_VALUE,no meaningful positive edge from either model,
pointsbet_1:96306741:93,pointsbet_1,WINNER,Brownlow Medal Winner (Brownlow Medal 2026),Shai Bolton,12535,Shai Bolton,,0.0,,,,,251.0,0.00398406374501992,0.0,0.0,-0.398406374501992,-0.398406374501992,-1.0,-1.0,0.0,0.0,12.466,28.0,WHEELO_DISAGREES,6.983,2.0,INSUFFICIENT_DATA,NO_VALUE,no meaningful positive edge from either model,
pointsbet_1:96306741:2,pointsbet_1,WINNER,Brownlow Medal Winner (Brownlow Medal 2026),Matt Rowell,12768,Matt Rowell,,0.0,,,,,501.0,0.001996007984031936,0.0,0.0,-0.19960079840319359,-0.19960079840319359,-1.0,-1.0,0.0,0.0,13.648,27.0,WHEELO_DISAGREES,10.216,3.0,INSUFFICIENT_DATA,NO_VALUE,no meaningful positive edge from either model,
pointsbet_1:96306741:4,pointsbet_1,WINNER,Brownlow Medal Winner (Brownlow Medal 2026),Nasiah Wanganeen-Milera,12950,Nasiah Wanganeen-Milera,,0.0,,,,,501.0,0.001996007984031936,0.0,0.0,-0.19960079840319359,-0.19960079840319359,-1.0,-1.0,0.0,0.0,22.352,9.0,WHEELO_DISAGREES,22.676,2.0,INSUFFICIENT_DATA,NO_VALUE,no meaningful positive edge from either model,
pointsbet_1:96306741:6,pointsbet_1,WINNER,Brownlow Medal Winner (Brownlow Medal 2026),Finn Callaghan,12969,Finn Callaghan,,0.0,,,,,501.0,0.001996007984031936,0.0,0.0,-0.19960079840319359,-0.19960079840319359,-1.0,-1.0,0.0,0.0,10.785,32.0,WHEELO_DISAGREES,10.785,1.0,INSUFFICIENT_DATA,NO_VALUE,no meaningful positive edge from either model,
pointsbet_1:96306741:9,pointsbet_1,WINNER,Brownlow Medal Winner (Brownlow Medal 2026),Caleb Serong,12786,Caleb Serong,,0.0,,,,,501.0,0.001996007984031936,0.0,0.0,-0.19960079840319359,-0.19960079840319359,-1.0,-1.0,0.0,0.0,15.197,22.0,WHEELO_DISAGREES,15.197,1.0,INSUFFICIENT_DATA,NO_VALUE,no meaningful positive edge from either model,
pointsbet_1:96306741:10,pointsbet_1,WINNER,Brownlow Medal Winner (Brownlow Medal 2026),Noah Anderson,12767,Noah Anderson,,0.0,,,,,501.0,0.001996007984031936,0.0,0.0,-0.19960079840319359,-0.19960079840319359,-1.0,-1.0,0.0,0.0,11.019,31.0,WHEELO_DISAGREES,9.339666666666666,3.0,INSUFFICIENT_DATA,NO_VALUE,no meaningful positive edge from either model,
pointsbet_1:96306741:15,pointsbet_1,WINNER,Brownlow Medal Winner (Brownlow Medal 2026),Zach Merrett,12241,Zach Merrett,,0.0,,,,,501.0,0.001996007984031936,0.0,0.0,-0.19960079840319359,-0.19960079840319359,-1.0,-1.0,0.0,0.0,6.093,62.0,WHEELO_DISAGREES,4.5465,2.0,INSUFFICIENT_DATA,NO_VALUE,no meaningful positive edge from either model,
pointsbet_1:96306741:17,pointsbet_1,WINNER,Brownlow Medal Winner (Brownlow Medal 2026),Christian Petracca,12430,Christian Petracca,,0.0,,,,,501.0,0.001996007984031936,0.0,0.0,-0.19960079840319359,-0.19960079840319359,-1.0,-1.0,0.0,0.0,11.885,29.0,WHEELO_DISAGREES,9.628333333333332,3.0,INSUFFICIENT_DATA,NO_VALUE,no meaningful positive edge from either model,
pointsbet_1:96306741:24,pointsbet_1,WINNER,Brownlow Medal Winner (Brownlow Medal 2026),Tim Taranto,12504,Tim Taranto,,0.0,,,,,501.0,0.001996007984031936,0.0,0.0,-0.19960079840319359,-0.19960079840319359,-1.0,-1.0,0.0,0.0,9.282,43.0,WHEELO_DISAGREES,9.282,1.0,INSUFFICIENT_DATA,NO_VALUE,no meaningful positive edge from either model,
pointsbet_1:96306741:28,pointsbet_1,WINNER,Brownlow Medal Winner (Brownlow Medal 2026),Sam Walsh,12684,Sam Walsh,,0.0,,,,,501.0,0.001996007984031936,0.0,0.0,-0.19960079840319359,-0.19960079840319359,-1.0,-1.0,0.0,0.0,14.132,25.0,WHEELO_DISAGREES,14.132,1.0,INSUFFICIENT_DATA,NO_VALUE,no meaningful positive edge from either model,
pointsbet_1:96306741:29,pointsbet_1,WINNER,Brownlow Medal Winner (Brownlow Medal 2026),Ed Richards,12605,Ed Richards,,0.0,,,,,501.0,0.001996007984031936,0.0,5e-05,-0.19960079840319359,-0.1946007984031936,-1.0,-0.97495,0.005,0.0,15.958,19.0,WHEELO_DISAGREES,13.652666666666669,3.0,INSUFFICIENT_DATA,NO_VALUE,no meaningful positive edge from either model,
pointsbet_1:96306741:31,pointsbet_1,WINNER,Brownlow Medal Winner (Brownlow Medal 2026),Izak Rankine,12798,Izak Rankine,,0.0,,,,,501.0,0.001996007984031936,0.0,0.0,-0.19960079840319359,-0.19960079840319359,-1.0,-1.0,0.0,0.0,19.101,14.0,WHEELO_DISAGREES,15.867,3.0,INSUFFICIENT_DATA,NO_VALUE,no meaningful positive edge from either model,
pointsbet_1:96306741:34,pointsbet_1,WINNER,Brownlow Medal Winner (Brownlow Medal 2026),Murphy Reid,13180,Murphy Reid,,0.0,,,,,501.0,0.001996007984031936,0.0,0.0,-0.19960079840319359,-0.19960079840319359,-1.0,-1.0,0.0,0.0,6.177,58.0,WHEELO_DISAGREES,6.177,1.0,INSUFFICIENT_DATA,NO_VALUE,no meaningful positive edge from either model,
pointsbet_1:96306741:37,pointsbet_1,WINNER,Brownlow Medal Winner (Brownlow Medal 2026),Callum Mills,12413,Callum Mills,,0.0,,,,,501.0,0.001996007984031936,0.0,0.0,-0.19960079840319359,-0.19960079840319359,-1.0,-1.0,0.0,0.0,1.53,148.0,WHEELO_DISAGREES,1.53,1.0,INSUFFICIENT_DATA,NO_VALUE,no meaningful positive edge from either model,
pointsbet_1:96306741:38,pointsbet_1,WINNER,Brownlow Medal Winner (Brownlow Medal 2026),Clayton Oliver,12410,Clayton Oliver,,0.0,,,,,501.0,0.001996007984031936,0.0,5e-05,-0.19960079840319359,-0.1946007984031936,-1.0,-0.97495,0.005,0.0,10.488,34.0,WHEELO_DISAGREES,8.496,3.0,INSUFFICIENT_DATA,NO_VALUE,no meaningful positive edge from either model,
pointsbet_1:96306741:41,pointsbet_1,WINNER,Brownlow Medal Winner (Brownlow Medal 2026),Harley Reid,13111,Harley Reid,,0.0,,,,,501.0,0.001996007984031936,0.0,0.0,-0.19960079840319359,-0.19960079840319359,-1.0,-1.0,0.0,0.0,14.405,24.0,WHEELO_DISAGREES,10.468333333333334,3.0,INSUFFICIENT_DATA,NO_VALUE,no meaningful positive edge from either model,
pointsbet_1:96306741:53,pointsbet_1,WINNER,Brownlow Medal Winner (Brownlow Medal 2026),Brodie Grundy,12217,Brodie Grundy,,0.0,,,,,501.0,0.001996007984031936,0.0,0.0,-0.19960079840319359,-0.19960079840319359,-1.0,-1.0,0.0,0.0,9.552,42.0,WHEELO_DISAGREES,5.776,2.0,INSUFFICIENT_DATA,NO_VALUE,no meaningful positive edge from either model,
pointsbet_1:96306741:62,pointsbet_1,WINNER,Brownlow Medal Winner (Brownlow Medal 2026),Jack Ginnivan,12927,Jack Ginnivan,,0.0,,,,,501.0,0.001996007984031936,0.0,0.0,-0.19960079840319359,-0.19960079840319359,-1.0,-1.0,0.0,0.0,2.832,108.0,WHEELO_DISAGREES,2.832,1.0,INSUFFICIENT_DATA,NO_VALUE,no meaningful positive edge from either model,
pointsbet_1:96306741:64,pointsbet_1,WINNER,Brownlow Medal Winner (Brownlow Medal 2026),Jack Steele,12368,Jack Steele,,0.0,,,,,501.0,0.001996007984031936,0.0,0.0,-0.19960079840319359,-0.19960079840319359,-1.0,-1.0,0.0,0.0,5.432,65.0,WHEELO_DISAGREES,5.432,1.0,INSUFFICIENT_DATA,NO_VALUE,no meaningful positive edge from either model,
pointsbet_1:96306741:73,pointsbet_1,WINNER,Brownlow Medal Winner (Brownlow Medal 2026),Josh Daicos,12573,Josh Daicos,,0.0,,,,,501.0,0.001996007984031936,0.0,0.0,-0.19960079840319359,-0.19960079840319359,-1.0,-1.0,0.0,0.0,5.314,66.0,WHEELO_DISAGREES,5.314,1.0,INSUFFICIENT_DATA,NO_VALUE,no meaningful positive edge from either model,
pointsbet_1:96306741:74,pointsbet_1,WINNER,Brownlow Medal Winner (Brownlow Medal 2026),Josh Dunkley,12408,Josh Dunkley,,0.0,,,,,501.0,0.001996007984031936,0.0,0.0,-0.19960079840319359,-0.19960079840319359,-1.0,-1.0,0.0,0.0,1.802,137.0,WHEELO_DISAGREES,1.802,1.0,INSUFFICIENT_DATA,NO_VALUE,no meaningful positive edge from either model,
pointsbet_1:96306741:83,pointsbet_1,WINNER,Brownlow Medal Winner (Brownlow Medal 2026),Nick Watson,13105,Nick Watson,,0.0,,,,,501.0,0.001996007984031936,0.0,0.0,-0.19960079840319359,-0.19960079840319359,-1.0,-1.0,0.0,0.0,6.992,50.0,WHEELO_DISAGREES,5.746,2.0,INSUFFICIENT_DATA,NO_VALUE,no meaningful positive edge from either model,
pointsbet_1:96306741:84,pointsbet_1,WINNER,Brownlow Medal Winner (Brownlow Medal 2026),Oliver Dempsey,12974,Oliver Dempsey,,0.0,,,,,501.0,0.001996007984031936,0.0,0.0,-0.19960079840319359,-0.19960079840319359,-1.0,-1.0,0.0,0.0,5.067,69.0,WHEELO_DISAGREES,5.067,1.0,INSUFFICIENT_DATA,NO_VALUE,no meaningful positive edge from either model,
pointsbet_1:96306741:96,pointsbet_1,WINNER,Brownlow Medal Winner (Brownlow Medal 2026),Toby Greene,12025,Toby Greene,,0.0,,,,,501.0,0.001996007984031936,0.0,0.0,-0.19960079840319359,-0.19960079840319359,-1.0,-1.0,0.0,0.0,9.926,39.0,WHEELO_DISAGREES,9.926,1.0,INSUFFICIENT_DATA,NO_VALUE,no meaningful positive edge from either model,
pointsbet_1:96306741:104,pointsbet_1,WINNER,Brownlow Medal Winner (Brownlow Medal 2026),Jagga Smith,13274,Jagga Smith,,0.0,,,,,501.0,0.001996007984031936,0.0,0.0,-0.19960079840319359,-0.19960079840319359,-1.0,-1.0,0.0,0.0,8.096,47.0,WHEELO_DISAGREES,8.096,1.0,INSUFFICIENT_DATA,NO_VALUE,no meaningful positive edge from either model,
pointsbet_1:96306741:105,pointsbet_1,WINNER,Brownlow Medal Winner (Brownlow Medal 2026),Shaun Mannagh,13104,Shaun Mannagh,,0.0,,,,,501.0,0.001996007984031936,0.0,0.0,-0.19960079840319359,-0.19960079840319359,-1.0,-1.0,0.0,0.0,10.062,38.0,WHEELO_DISAGREES,10.062,1.0,INSUFFICIENT_DATA,NO_VALUE,no meaningful positive edge from either model,
pointsbet_1:114334170:4,pointsbet_1,EXACT_POSITION,Player to Come Fourth (Brownlow Medal 2026),Patrick Cripps,12261,Patrick Cripps,,0.0,,,4.0,,4.0,0.25,0.1316,0.1725,-11.84,-7.750000000000002,-0.4736,-0.31000000000000005,4.089999999999999,0.1316,26.744,4.0,WHEELO_DISAGREES,25.872,2.0,INSUFFICIENT_DATA,NO_VALUE,no meaningful positive edge from either model,
pointsbet_1:114334170:5,pointsbet_1,EXACT_POSITION,Player to Come Fourth (Brownlow Medal 2026),Will Ashcroft,13040,Will Ashcroft,,0.0,,,4.0,,4.5,0.2222222222222222,0.17097,0.0057,-5.12522222222222,-21.65222222222222,-0.23063499999999992,-0.97435,16.527,0.0057,25.078,5.0,WHEELO_DISAGREES,17.526,3.0,INSUFFICIENT_DATA,NO_VALUE,no meaningful positive edge from either model,
pointsbet_1:114334170:3,pointsbet_1,EXACT_POSITION,Player to Come Fourth (Brownlow Medal 2026),Marcus Bontempelli,12269,Marcus Bontempelli,,0.0,,,4.0,,5.5,0.18181818181818182,0.19494,0.12835,1.312181818181818,-5.3468181818181835,0.07217000000000007,-0.2940750000000001,6.659000000000001,0.12835,29.426,3.0,PARTIAL_WHEELO_SUPPORT,23.642,3.0,INSUFFICIENT_DATA,HIGH_RISK_HIGH_REWARD,only Production sees value; Wheelo materially supports it; uncertainty remains high,
pointsbet_1:114334170:2,pointsbet_1,EXACT_POSITION,Player to Come Fourth (Brownlow Medal 2026),Bailey Smith,12692,Bailey Smith,,0.0,,,4.0,,7.0,0.14285714285714285,0.01131,0.17455,-13.154714285714286,3.1692857142857163,-0.92083,0.2218500000000001,16.323999999999998,0.01131,32.598,2.0,WHEELO_DISAGREES,32.549,2.0,INSUFFICIENT_DATA,MODEL_DISAGREEMENT,only one internal model sees value and Wheelo does not corroborate -- evidence too divided for a confident conclusion,
pointsbet_1:114334170:6,pointsbet_1,EXACT_POSITION,Player to Come Fourth (Brownlow Medal 2026),Jai Newcombe,12915,Jai Newcombe,,0.0,,,4.0,,9.0,0.1111111111111111,0.01502,0.05885,-9.60911111111111,-5.226111111111111,-0.86482,-0.47035000000000005,4.383,0.01502,24.021,6.0,WHEELO_DISAGREES,15.673666666666668,3.0,INSUFFICIENT_DATA,NO_VALUE,no meaningful positive edge from either model,
pointsbet_1:114334170:7,pointsbet_1,EXACT_POSITION,Player to Come Fourth (Brownlow Medal 2026),Jordan Dawson,12516,Jordan Dawson,,0.0,,,4.0,,11.0,0.09090909090909091,0.0321,0.00125,-5.880909090909092,-8.965909090909092,-0.6469,-0.98625,3.0849999999999995,0.00125,23.532,7.0,WHEELO_DISAGREES,16.510666666666665,3.0,INSUFFICIENT_DATA,NO_VALUE,no meaningful positive edge from either model,
pointsbet_1:114334170:8,pointsbet_1,EXACT_POSITION,Player to Come Fourth (Brownlow Medal 2026),Lachie Neale,12055,Lachie Neale,,0.0,,,4.0,,11.0,0.09090909090909091,0.11735,0.12455,2.6440909090909086,3.3640909090909084,0.29085000000000005,0.37005,0.7199999999999998,0.11735,22.818,8.0,PARTIAL_WHEELO_SUPPORT,16.272666666666666,3.0,INSUFFICIENT_DATA,HIGH_CONFIDENCE_WHEELO_CONFIRMED,"both models positive EV, both above implied probability, internal gap 0.7pp <= 7.5pp, Wheelo supports",
pointsbet_1:114334170:9,pointsbet_1,EXACT_POSITION,Player to Come Fourth (Brownlow Medal 2026),Nasiah Wanganeen-Milera,12950,Nasiah Wanganeen-Milera,,0.0,,,4.0,,13.0,0.07692307692307693,0.01848,0.0003,-5.844307692307693,-7.662307692307693,-0.75976,-0.9961,1.8179999999999998,0.0003,22.352,9.0,WHEELO_DISAGREES,22.676,2.0,INSUFFICIENT_DATA,NO_VALUE,no meaningful positive edge from either model,
pointsbet_1:114334170:11,pointsbet_1,EXACT_POSITION,Player to Come Fourth (Brownlow Medal 2026),Isaac Heeney,12326,Isaac Heeney,,0.0,,,4.0,,15.0,0.06666666666666667,0.11303,0.1867,4.636333333333334,12.003333333333334,0.6954500000000001,1.8005,7.367,0.11303,21.364,11.0,PARTIAL_WHEELO_SUPPORT,21.432,2.0,INSUFFICIENT_DATA,HIGH_CONFIDENCE_WHEELO_CONFIRMED,"both models positive EV, both above implied probability, internal gap 7.4pp <= 7.5pp, Wheelo supports",
pointsbet_1:114334170:10,pointsbet_1,EXACT_POSITION,Player to Come Fourth (Brownlow Medal 2026),Harry Sheezel,13034,Harry Sheezel,,0.0,,,4.0,,23.0,0.043478260869565216,0.09349,0.0079,5.001173913043479,-3.557826086956521,1.15027,-0.8183,8.559,0.0079,21.764,10.0,PARTIAL_WHEELO_SUPPORT,15.254666666666663,3.0,INSUFFICIENT_DATA,HIGH_RISK_HIGH_REWARD,only Production sees value; Wheelo materially supports it; uncertainty remains high,
pointsbet_1:114334170:13,pointsbet_1,EXACT_POSITION,Player to Come Fourth (Brownlow Medal 2026),Max Gawn,11966,Max Gawn,,0.0,,,4.0,,29.0,0.034482758620689655,0.02375,0.0413,-1.0732758620689655,0.6817241379310348,-0.31125,0.1977000000000002,1.7550000000000003,0.02375,19.552,13.0,WHEELO_DISAGREES,16.184,3.0,INSUFFICIENT_DATA,MODEL_DISAGREEMENT,only one internal model sees value and Wheelo does not corroborate -- evidence too divided for a confident conclusion,
pointsbet_1:114334170:12,pointsbet_1,EXACT_POSITION,Player to Come Fourth (Brownlow Medal 2026),Jason Horne-Francis,12956,Jason Horne-Francis,,0.0,,,4.0,,34.0,0.029411764705882353,0.0036,0.00405,-2.581176470588235,-2.5361764705882353,-0.8776,-0.8623000000000001,0.044999999999999984,0.0036,19.827,12.0,WHEELO_DISAGREES,19.4135,2.0,INSUFFICIENT_DATA,NO_VALUE,no meaningful positive edge from either model,
pointsbet_1:114334170:14,pointsbet_1,EXACT_POSITION,Player to Come Fourth (Brownlow Medal 2026),Izak Rankine,12798,Izak Rankine,,0.0,,,4.0,,34.0,0.029411764705882353,0.02673,0.003,-0.26817647058823524,-2.6411764705882352,-0.09118000000000004,-0.898,2.373,0.003,19.101,14.0,WHEELO_DISAGREES,15.867,3.0,INSUFFICIENT_DATA,NO_VALUE,no meaningful positive edge from either model,
pointsbet_1:114334170:15,pointsbet_1,EXACT_POSITION,Player to Come Fourth (Brownlow Medal 2026),Kysaiah Pickett,12771,Kysaiah Pickett,,0.0,,,4.0,,41.0,0.024390243902439025,0.00618,0.00025,-1.8210243902439027,-2.4140243902439025,-0.7466200000000001,-0.98975,0.593,0.00025,18.823,15.0,WHEELO_DISAGREES,14.274333333333333,3.0,INSUFFICIENT_DATA,NO_VALUE,no meaningful positive edge from either model,
pointsbet_1:114334170:16,pointsbet_1,EXACT_POSITION,Player to Come Fourth (Brownlow Medal 2026),Zak Butters,12698,Zak Butters,,0.0,,,4.0,,41.0,0.024390243902439025,0.02711,0.00865,0.27197560975609736,-1.5740243902439026,0.11151,-0.6453500000000001,1.8459999999999996,0.00865,18.685,16.0,PARTIAL_WHEELO_SUPPORT,18.8425,2.0,INSUFFICIENT_DATA,HIGH_RISK_HIGH_REWARD,only Production sees value; Wheelo materially supports it; uncertainty remains high,
pointsbet_1:114334170:17,pointsbet_1,EXACT_POSITION,Player to Come Fourth (Brownlow Medal 2026),Chad Warner,,Chad Warner,,0.0,,,4.0,,41.0,0.024390243902439025,,,,,,,,,,,INSUFFICIENT_WHEELO_DATA,,,INSUFFICIENT_DATA,NO_VALUE,suppressed: IDENTITY_AMBIGUOUS,IDENTITY_AMBIGUOUS
pointsbet_1:114334170:1,pointsbet_1,EXACT_POSITION,Player to Come Fourth (Brownlow Medal 2026),Nick Daicos,12943,Nick Daicos,,0.0,,,4.0,,251.0,0.00398406374501992,1e-05,0.003,-0.39740637450199207,-0.09840637450199202,-0.99749,-0.247,0.299,1e-05,46.079,1.0,WHEELO_DISAGREES,44.0395,2.0,INSUFFICIENT_DATA,NO_VALUE,no meaningful positive edge from either model,
pointsbet_1:114154937:2,pointsbet_1,TOP_N,Top 3 Finish (Includes Ineligible) (Brownlow Medal 2026),Bailey Smith,12692,Bailey Smith,,0.0,,3.0,,,1.05,0.9523809523809523,0.98329,0.6111,3.090904761904767,-34.128095238095234,0.03245450000000005,-0.358345,37.219,0.6111,32.598,2.0,PARTIAL_WHEELO_SUPPORT,32.549,2.0,INSUFFICIENT_DATA,HIGH_RISK_HIGH_REWARD,only Production sees value; Wheelo materially supports it; uncertainty remains high,
pointsbet_1:114154937:3,pointsbet_1,TOP_N,Top 3 Finish (Includes Ineligible) (Brownlow Medal 2026),Marcus Bontempelli,12269,Marcus Bontempelli,,0.0,,3.0,,,1.15,0.8695652173913044,0.2958,0.7487,-57.37652173913044,-12.08652173913044,-0.65983,-0.13899499999999998,45.29,0.2958,29.426,3.0,WHEELO_DISAGREES,23.642,3.0,INSUFFICIENT_DATA,NO_VALUE,no meaningful positive edge from either model,
pointsbet_1:114154937:4,pointsbet_1,TOP_N,Top 3 Finish (Includes Ineligible) (Brownlow Medal 2026),Patrick Cripps,12261,Patrick Cripps,,0.0,,3.0,,,6.0,0.16666666666666666,0.14605,0.2138,-2.0616666666666643,4.713333333333333,-0.12369999999999992,0.28279999999999994,6.774999999999998,0.14605,26.744,4.0,WHEELO_DISAGREES,25.872,2.0,INSUFFICIENT_DATA,MODEL_DISAGREEMENT,only one internal model sees value and Wheelo does not corroborate -- evidence too divided for a confident conclusion,
pointsbet_1:114154937:5,pointsbet_1,TOP_N,Top 3 Finish (Includes Ineligible) (Brownlow Medal 2026),Will Ashcroft,13040,Will Ashcroft,,0.0,,3.0,,,11.0,0.09090909090909091,0.18521,0.002,9.43009090909091,-8.89090909090909,1.0373100000000002,-0.978,18.321,0.002,25.078,5.0,PARTIAL_WHEELO_SUPPORT,17.526,3.0,INSUFFICIENT_DATA,HIGH_RISK_HIGH_REWARD,only Production sees value; Wheelo materially supports it; uncertainty remains high,
pointsbet_1:114154937:6,pointsbet_1,TOP_N,Top 3 Finish (Includes Ineligible) (Brownlow Medal 2026),Isaac Heeney,12326,Isaac Heeney,,0.0,,3.0,,,23.0,0.043478260869565216,0.09885,0.17445,5.537173913043477,13.097173913043477,1.2735499999999997,3.0123499999999996,7.5600000000000005,0.09885,21.364,11.0,PARTIAL_WHEELO_SUPPORT,21.432,2.0,INSUFFICIENT_DATA,MEDIUM_CONFIDENCE,both models see value but internal gap 7.6pp > 7.5pp -- Production is the higher-edge outlier,
pointsbet_1:114154937:7,pointsbet_1,TOP_N,Top 3 Finish (Includes Ineligible) (Brownlow Medal 2026),Max Gawn,11966,Max Gawn,,0.0,,3.0,,,29.0,0.034482758620689655,0.01707,0.0351,-1.7412758620689657,0.061724137931034456,-0.50497,0.017900000000000027,1.8030000000000002,0.01707,19.552,13.0,WHEELO_DISAGREES,16.184,3.0,INSUFFICIENT_DATA,MODEL_DISAGREEMENT,only one internal model sees value and Wheelo does not corroborate -- evidence too divided for a confident conclusion,
pointsbet_1:114154937:8,pointsbet_1,TOP_N,Top 3 Finish (Includes Ineligible) (Brownlow Medal 2026),Jordan Dawson,12516,Jordan Dawson,,0.0,,3.0,,,34.0,0.029411764705882353,0.01989,0.0003,-0.9521764705882351,-2.9111764705882353,-0.3237399999999999,-0.9898,1.959,0.0003,23.532,7.0,WHEELO_DISAGREES,16.510666666666665,3.0,INSUFFICIENT_DATA,NO_VALUE,no meaningful positive edge from either model,
pointsbet_1:114154937:9,pointsbet_1,TOP_N,Top 3 Finish (Includes Ineligible) (Brownlow Medal 2026),Jai Newcombe,12915,Jai Newcombe,,0.0,,3.0,,,34.0,0.029411764705882353,0.0091,0.0451,-2.0311764705882354,1.568823529411765,-0.6906,0.5334000000000001,3.6000000000000005,0.0091,24.021,6.0,WHEELO_DISAGREES,15.673666666666668,3.0,INSUFFICIENT_DATA,MODEL_DISAGREEMENT,only one internal model sees value and Wheelo does not corroborate -- evidence too divided for a confident conclusion,
pointsbet_1:114154937:10,pointsbet_1,TOP_N,Top 3 Finish (Includes Ineligible) (Brownlow Medal 2026),Lachie Neale,12055,Lachie Neale,,0.0,,3.0,,,31.0,0.03225806451612903,0.11187,0.1144,7.961193548387096,8.214193548387097,2.4679699999999998,2.5464,0.25300000000000045,0.11187,22.818,8.0,PARTIAL_WHEELO_SUPPORT,16.272666666666666,3.0,INSUFFICIENT_DATA,HIGH_CONFIDENCE_WHEELO_CONFIRMED,"both models positive EV, both above implied probability, internal gap 0.3pp <= 7.5pp, Wheelo supports",
pointsbet_1:114154937:11,pointsbet_1,TOP_N,Top 3 Finish (Includes Ineligible) (Brownlow Medal 2026),Harry Sheezel,13034,Harry Sheezel,,0.0,,3.0,,,101.0,0.009900990099009901,0.08569,0.0052,7.578900990099011,-0.47009900990099013,7.65469,-0.4748,8.049000000000001,0.0052,21.764,10.0,PARTIAL_WHEELO_SUPPORT,15.254666666666663,3.0,INSUFFICIENT_DATA,HIGH_RISK_HIGH_REWARD,only Production sees value; Wheelo materially supports it; uncertainty remains high,
pointsbet_1:114154937:12,pointsbet_1,TOP_N,Top 3 Finish (Includes Ineligible) (Brownlow Medal 2026),Jason Horne-Francis,12956,Jason Horne-Francis,,0.0,,3.0,,,101.0,0.009900990099009901,0.00142,0.0019,-0.8480990099009902,-0.80009900990099,-0.85658,-0.8081,0.047999999999999994,0.00142,19.827,12.0,WHEELO_DISAGREES,19.4135,2.0,INSUFFICIENT_DATA,NO_VALUE,no meaningful positive edge from either model,
pointsbet_1:114154937:13,pointsbet_1,TOP_N,Top 3 Finish (Includes Ineligible) (Brownlow Medal 2026),Kysaiah Pickett,12771,Kysaiah Pickett,,0.0,,3.0,,,101.0,0.009900990099009901,0.00258,5e-05,-0.7320990099009901,-0.9850990099009902,-0.73942,-0.99495,0.25299999999999995,5e-05,18.823,15.0,WHEELO_DISAGREES,14.274333333333333,3.0,INSUFFICIENT_DATA,NO_VALUE,no meaningful positive edge from either model,
pointsbet_1:114154937:14,pointsbet_1,TOP_N,Top 3 Finish (Includes Ineligible) (Brownlow Medal 2026),Nasiah Wanganeen-Milera,12950,Nasiah Wanganeen-Milera,,0.0,,3.0,,,101.0,0.009900990099009901,0.00874,5e-05,-0.11609900990099016,-0.9850990099009902,-0.11726000000000003,-0.99495,0.869,5e-05,22.352,9.0,WHEELO_DISAGREES,22.676,2.0,INSUFFICIENT_DATA,NO_VALUE,no meaningful positive edge from either model,
pointsbet_1:114154937:15,pointsbet_1,TOP_N,Top 3 Finish (Includes Ineligible) (Brownlow Medal 2026),Zak Butters,12698,Zak Butters,,0.0,,3.0,,,101.0,0.009900990099009901,0.01594,0.00405,0.6039009900990098,-0.5850990099009902,0.6099399999999999,-0.5909500000000001,1.189,0.00405,18.685,16.0,PARTIAL_WHEELO_SUPPORT,18.8425,2.0,INSUFFICIENT_DATA,HIGH_RISK_HIGH_REWARD,only Production sees value; Wheelo materially supports it; uncertainty remains high,
pointsbet_1:114154938:2,pointsbet_1,TOP_N,Top 5 Finish (Includes Ineligible) (Brownlow Medal 2026),Bailey Smith,12692,Bailey Smith,,0.0,,5.0,,,1.03,0.970873786407767,0.99797,0.8856,2.709621359223302,-8.527378640776694,0.02790910000000002,-0.08783199999999991,11.236999999999997,0.8856,32.598,2.0,PARTIAL_WHEELO_SUPPORT,32.549,2.0,INSUFFICIENT_DATA,HIGH_RISK_HIGH_REWARD,only Production sees value; Wheelo materially supports it; uncertainty remains high,
pointsbet_1:114154938:3,pointsbet_1,TOP_N,Top 5 Finish (Includes Ineligible) (Brownlow Medal 2026),Marcus Bontempelli,12269,Marcus Bontempelli,,0.0,,5.0,,,1.05,0.9523809523809523,0.62992,0.93965,-32.24609523809523,-1.2730952380952343,-0.3385839999999999,-0.013367499999999977,30.972999999999995,0.62992,29.426,3.0,WHEELO_DISAGREES,23.642,3.0,INSUFFICIENT_DATA,NO_VALUE,no meaningful positive edge from either model,
pointsbet_1:114154938:4,pointsbet_1,TOP_N,Top 5 Finish (Includes Ineligible) (Brownlow Medal 2026),Patrick Cripps,12261,Patrick Cripps,,0.0,,5.0,,,1.7,0.5882352941176471,0.39947,0.55005,-18.876529411764707,-3.818529411764704,-0.320901,-0.06491499999999994,15.058000000000005,0.39947,26.744,4.0,WHEELO_DISAGREES,25.872,2.0,INSUFFICIENT_DATA,NO_VALUE,no meaningful positive edge from either model,
pointsbet_1:114154938:5,pointsbet_1,TOP_N,Top 5 Finish (Includes Ineligible) (Brownlow Medal 2026),Will Ashcroft,13040,Will Ashcroft,,0.0,,5.0,,,1.9,0.5263157894736842,0.50377,0.0182,-2.254578947368413,-50.81157894736842,-0.0428369999999999,-0.96542,48.557,0.0182,25.078,5.0,WHEELO_DISAGREES,17.526,3.0,INSUFFICIENT_DATA,NO_VALUE,no meaningful positive edge from either model,
pointsbet_1:114154938:6,pointsbet_1,TOP_N,Top 5 Finish (Includes Ineligible) (Brownlow Medal 2026),Isaac Heeney,12326,Isaac Heeney,,0.0,,5.0,,,2.75,0.36363636363636365,0.32899,0.5524,-3.464636363636364,18.876363636363635,-0.09527750000000001,0.5190999999999999,22.341,0.32899,21.364,11.0,WHEELO_DISAGREES,21.432,2.0,INSUFFICIENT_DATA,MODEL_DISAGREEMENT,only one internal model sees value and Wheelo does not corroborate -- evidence too divided for a confident conclusion,
pointsbet_1:114154938:7,pointsbet_1,TOP_N,Top 5 Finish (Includes Ineligible) (Brownlow Medal 2026),Max Gawn,11966,Max Gawn,,0.0,,5.0,,,5.5,0.18181818181818182,0.0736,0.13655,-10.821818181818182,-4.526818181818182,-0.5952,-0.24897499999999995,6.295000000000001,0.0736,19.552,13.0,WHEELO_DISAGREES,16.184,3.0,INSUFFICIENT_DATA,NO_VALUE,no meaningful positive edge from either model,
pointsbet_1:114154938:8,pointsbet_1,TOP_N,Top 5 Finish (Includes Ineligible) (Brownlow Medal 2026),Jordan Dawson,12516,Jordan Dawson,,0.0,,5.0,,,3.75,0.26666666666666666,0.09754,0.0042,-16.912666666666667,-26.24666666666667,-0.634225,-0.98425,9.334000000000001,0.0042,23.532,7.0,WHEELO_DISAGREES,16.510666666666665,3.0,INSUFFICIENT_DATA,NO_VALUE,no meaningful positive edge from either model,
pointsbet_1:114154938:9,pointsbet_1,TOP_N,Top 5 Finish (Includes Ineligible) (Brownlow Medal 2026),Lachie Neale,12055,Lachie Neale,,0.0,,5.0,,,5.5,0.18181818181818182,0.34693,0.37855,16.511181818181818,19.673181818181817,0.908115,1.0820249999999998,3.161999999999998,0.34693,22.818,8.0,PARTIAL_WHEELO_SUPPORT,16.272666666666666,3.0,INSUFFICIENT_DATA,HIGH_CONFIDENCE_WHEELO_CONFIRMED,"both models positive EV, both above implied probability, internal gap 3.2pp <= 7.5pp, Wheelo supports",
pointsbet_1:114154938:10,pointsbet_1,TOP_N,Top 5 Finish (Includes Ineligible) (Brownlow Medal 2026),Jai Newcombe,12915,Jai Newcombe,,0.0,,5.0,,,5.75,0.17391304347826086,0.04548,0.1841,-12.843304347826088,1.018695652173915,-0.73849,0.058575000000000044,13.862000000000002,0.04548,24.021,6.0,WHEELO_DISAGREES,15.673666666666668,3.0,INSUFFICIENT_DATA,MODEL_DISAGREEMENT,only one internal model sees value and Wheelo does not corroborate -- evidence too divided for a confident conclusion,
pointsbet_1:114154938:11,pointsbet_1,TOP_N,Top 5 Finish (Includes Ineligible) (Brownlow Medal 2026),Izak Rankine,12798,Izak Rankine,,0.0,,5.0,,,15.0,0.06666666666666667,0.08291,0.01335,1.6243333333333332,-5.331666666666666,0.24364999999999992,-0.79975,6.9559999999999995,0.01335,19.101,14.0,PARTIAL_WHEELO_SUPPORT,15.867,3.0,INSUFFICIENT_DATA,HIGH_RISK_HIGH_REWARD,only Production sees value; Wheelo materially supports it; uncertainty remains high,
pointsbet_1:114154938:12,pointsbet_1,TOP_N,Top 5 Finish (Includes Ineligible) (Brownlow Medal 2026),Harry Sheezel,13034,Harry Sheezel,,0.0,,5.0,,,8.0,0.125,0.27657,0.02695,15.156999999999998,-9.805,1.2125599999999999,-0.7844,24.962,0.02695,21.764,10.0,PARTIAL_WHEELO_SUPPORT,15.254666666666663,3.0,INSUFFICIENT_DATA,HIGH_RISK_HIGH_REWARD,only Production sees value; Wheelo materially supports it; uncertainty remains high,
pointsbet_1:114154938:13,pointsbet_1,TOP_N,Top 5 Finish (Includes Ineligible) (Brownlow Medal 2026),Nasiah Wanganeen-Milera,12950,Nasiah Wanganeen-Milera,,0.0,,5.0,,,15.0,0.06666666666666667,0.05952,0.00145,-0.7146666666666662,-6.521666666666667,-0.10719999999999996,-0.97825,5.807,0.00145,22.352,9.0,WHEELO_DISAGREES,22.676,2.0,INSUFFICIENT_DATA,NO_VALUE,no meaningful positive edge from either model,
pointsbet_1:114154938:14,pointsbet_1,TOP_N,Top 5 Finish (Includes Ineligible) (Brownlow Medal 2026),Jason Horne-Francis,12956,Jason Horne-Francis,,0.0,,5.0,,,34.0,0.029411764705882353,0.01154,0.0137,-1.7871764705882351,-1.5711764705882352,-0.60764,-0.5342,0.21600000000000005,0.01154,19.827,12.0,WHEELO_DISAGREES,19.4135,2.0,INSUFFICIENT_DATA,NO_VALUE,no meaningful positive edge from either model,
pointsbet_1:114154938:15,pointsbet_1,TOP_N,Top 5 Finish (Includes Ineligible) (Brownlow Medal 2026),Kysaiah Pickett,12771,Kysaiah Pickett,,0.0,,5.0,,,41.0,0.024390243902439025,0.02014,0.001,-0.4250243902439024,-2.3390243902439023,-0.17425999999999997,-0.959,1.9140000000000001,0.001,18.823,15.0,WHEELO_DISAGREES,14.274333333333333,3.0,INSUFFICIENT_DATA,NO_VALUE,no meaningful positive edge from either model,
pointsbet_1:114154938:16,pointsbet_1,TOP_N,Top 5 Finish (Includes Ineligible) (Brownlow Medal 2026),Zak Butters,12698,Zak Butters,,0.0,,5.0,,,41.0,0.024390243902439025,0.08025,0.028,5.5859756097560975,0.36097560975609755,2.29025,0.14800000000000013,5.2250000000000005,0.028,18.685,16.0,PARTIAL_WHEELO_SUPPORT,18.8425,2.0,INSUFFICIENT_DATA,HIGH_CONFIDENCE_WHEELO_CONFIRMED,"both models positive EV, both above implied probability, internal gap 5.2pp <= 7.5pp, Wheelo supports",
pointsbet_1:114154938:17,pointsbet_1,TOP_N,Top 5 Finish (Includes Ineligible) (Brownlow Medal 2026),Ed Richards,12605,Ed Richards,,0.0,,5.0,,,81.0,0.012345679012345678,0.02951,0.03085,1.7164320987654322,1.8504320987654321,1.39031,1.49885,0.13399999999999973,0.02951,15.958,19.0,PARTIAL_WHEELO_SUPPORT,13.652666666666669,3.0,INSUFFICIENT_DATA,HIGH_CONFIDENCE_WHEELO_CONFIRMED,"both models positive EV, both above implied probability, internal gap 0.1pp <= 7.5pp, Wheelo supports",
pointsbet_1:114154938:18,pointsbet_1,TOP_N,Top 5 Finish (Includes Ineligible) (Brownlow Medal 2026),Chad Warner,,Chad Warner,,0.0,,5.0,,,101.0,0.009900990099009901,,,,,,,,,,,INSUFFICIENT_WHEELO_DATA,,,INSUFFICIENT_DATA,NO_VALUE,suppressed: IDENTITY_AMBIGUOUS,IDENTITY_AMBIGUOUS
pointsbet_1:114154938:19,pointsbet_1,TOP_N,Top 5 Finish (Includes Ineligible) (Brownlow Medal 2026),Harley Reid,13111,Harley Reid,,0.0,,5.0,,,101.0,0.009900990099009901,8e-05,0.007,-0.9820990099009901,-0.2900990099009901,-0.99192,-0.29300000000000004,0.692,8e-05,14.405,24.0,WHEELO_DISAGREES,10.468333333333334,3.0,INSUFFICIENT_DATA,NO_VALUE,no meaningful positive edge from either model,
pointsbet_1:114154938:20,pointsbet_1,TOP_N,Top 5 Finish (Includes Ineligible) (Brownlow Medal 2026),Luke Davies-Uniacke,12590,Luke Davies-Uniacke,,0.0,,5.0,,,101.0,0.009900990099009901,0.0006,0.02815,-0.9300990099009901,1.8249009900990099,-0.9394,1.84315,2.7550000000000003,0.0006,16.942999999999998,17.0,WHEELO_DISAGREES,16.9715,2.0,INSUFFICIENT_DATA,MODEL_DISAGREEMENT,only one internal model sees value and Wheelo does not corroborate -- evidence too divided for a confident conclusion,
pointsbet_1:114154938:21,pointsbet_1,TOP_N,Top 5 Finish (Includes Ineligible) (Brownlow Medal 2026),Luke Jackson,12779,Luke Jackson,,0.0,,5.0,,,101.0,0.009900990099009901,0.0018,0.1032,-0.8100990099009902,9.329900990099011,-0.8182,9.4232,10.14,0.0018,14.919,23.0,WHEELO_DISAGREES,15.4595,2.0,INSUFFICIENT_DATA,MODEL_DISAGREEMENT,only one internal model sees value and Wheelo does not corroborate -- evidence too divided for a confident conclusion,
pointsbet_1:114154938:22,pointsbet_1,TOP_N,Top 5 Finish (Includes Ineligible) (Brownlow Medal 2026),Max Holmes,12881,Max Holmes,,0.0,,5.0,,,101.0,0.009900990099009901,0.00077,0.0,-0.9130990099009901,-0.9900990099009901,-0.92223,-1.0,0.077,0.0,14.015,26.0,WHEELO_DISAGREES,14.2575,2.0,INSUFFICIENT_DATA,NO_VALUE,no meaningful positive edge from either model,
pointsbet_1:114154940:1,pointsbet_1,TOP_N,Top 10 Finish (Includes Ineligible) (Brownlow Medal 2026),Patrick Cripps,12261,Patrick Cripps,,0.0,,10.0,,,1.05,0.9523809523809523,0.79966,0.91775,-15.272095238095229,-3.4630952380952373,-0.16035699999999997,-0.036362499999999964,11.808999999999992,0.79966,26.744,4.0,WHEELO_DISAGREES,25.872,2.0,INSUFFICIENT_DATA,NO_VALUE,no meaningful positive edge from either model,
pointsbet_1:114154940:2,pointsbet_1,TOP_N,Top 10 Finish (Includes Ineligible) (Brownlow Medal 2026),Will Ashcroft,13040,Will Ashcroft,,0.0,,10.0,,,1.1,0.9090909090909091,0.89514,0.18955,-1.3950909090909014,-71.95409090909091,-0.01534599999999986,-0.791495,70.55900000000001,0.18955,25.078,5.0,WHEELO_DISAGREES,17.526,3.0,INSUFFICIENT_DATA,NO_VALUE,no meaningful positive edge from either model,
pointsbet_1:114154940:3,pointsbet_1,TOP_N,Top 10 Finish (Includes Ineligible) (Brownlow Medal 2026),Isaac Heeney,12326,Isaac Heeney,,0.0,,10.0,,,1.35,0.7407407407407407,0.77906,0.94355,3.8319259259259275,20.28092592592593,0.05173099999999997,0.2737925000000001,16.449,0.77906,21.364,11.0,PARTIAL_WHEELO_SUPPORT,21.432,2.0,INSUFFICIENT_DATA,MEDIUM_CONFIDENCE,both models see value but internal gap 16.4pp > 7.5pp -- Production is the higher-edge outlier,
pointsbet_1:114154940:4,pointsbet_1,TOP_N,Top 10 Finish (Includes Ineligible) (Brownlow Medal 2026),Jordan Dawson,12516,Jordan Dawson,,0.0,,10.0,,,1.45,0.6896551724137931,0.4579,0.07095,-23.175517241379318,-61.87051724137932,-0.33604500000000004,-0.8971225,38.69499999999999,0.07095,23.532,7.0,WHEELO_DISAGREES,16.510666666666665,3.0,INSUFFICIENT_DATA,NO_VALUE,no meaningful positive edge from either model,
pointsbet_1:114154940:5,pointsbet_1,TOP_N,Top 10 Finish (Includes Ineligible) (Brownlow Medal 2026),Lachie Neale,12055,Lachie Neale,,0.0,,10.0,,,1.55,0.6451612903225806,0.79066,0.83125,14.54987096774194,18.608870967741943,0.22552300000000014,0.2884375000000001,4.059000000000001,0.79066,22.818,8.0,PARTIAL_WHEELO_SUPPORT,16.272666666666666,3.0,INSUFFICIENT_DATA,HIGH_CONFIDENCE_WHEELO_CONFIRMED,"both models positive EV, both above implied probability, internal gap 4.1pp <= 7.5pp, Wheelo supports",
pointsbet_1:114154940:6,pointsbet_1,TOP_N,Top 10 Finish (Includes Ineligible) (Brownlow Medal 2026),Max Gawn,11966,Max Gawn,,0.0,,10.0,,,1.75,0.5714285714285714,0.3242,0.51825,-24.72285714285714,-5.317857142857141,-0.43265,-0.09306250000000005,19.405,0.3242,19.552,13.0,WHEELO_DISAGREES,16.184,3.0,INSUFFICIENT_DATA,NO_VALUE,no meaningful positive edge from either model,
pointsbet_1:114154940:7,pointsbet_1,TOP_N,Top 10 Finish (Includes Ineligible) (Brownlow Medal 2026),Izak Rankine,12798,Izak Rankine,,0.0,,10.0,,,1.7,0.5882352941176471,0.5094,0.27615,-7.8835294117647114,-31.208529411764708,-0.13402000000000014,-0.530545,23.324999999999996,0.27615,19.101,14.0,WHEELO_DISAGREES,15.867,3.0,INSUFFICIENT_DATA,NO_VALUE,no meaningful positive edge from either model,
pointsbet_1:114154940:8,pointsbet_1,TOP_N,Top 10 Finish (Includes Ineligible) (Brownlow Medal 2026),Jai Newcombe,12915,Jai Newcombe,,0.0,,10.0,,,1.5,0.6666666666666666,0.25655,0.64815,-41.01166666666666,-1.8516666666666626,-0.615175,-0.027774999999999994,39.160000000000004,0.25655,24.021,6.0,WHEELO_DISAGREES,15.673666666666668,3.0,INSUFFICIENT_DATA,NO_VALUE,no meaningful positive edge from either model,
pointsbet_1:114154940:9,pointsbet_1,TOP_N,Top 10 Finish (Includes Ineligible) (Brownlow Medal 2026),Nasiah Wanganeen-Milera,12950,Nasiah Wanganeen-Milera,,0.0,,10.0,,,2.05,0.48780487804878053,0.39752,0.04515,-9.028487804878054,-44.26548780487805,-0.18508400000000014,-0.9074425,35.236999999999995,0.04515,22.352,9.0,WHEELO_DISAGREES,22.676,2.0,INSUFFICIENT_DATA,NO_VALUE,no meaningful positive edge from either model,
pointsbet_1:114154940:10,pointsbet_1,TOP_N,Top 10 Finish (Includes Ineligible) (Brownlow Medal 2026),Jason Horne-Francis,12956,Jason Horne-Francis,,0.0,,10.0,,,3.5,0.2857142857142857,0.12431,0.1479,-16.14042857142857,-13.78142857142857,-0.5649150000000001,-0.48234999999999995,2.359,0.12431,19.827,12.0,WHEELO_DISAGREES,19.4135,2.0,INSUFFICIENT_DATA,NO_VALUE,no meaningful positive edge from either model,
pointsbet_1:114154940:11,pointsbet_1,TOP_N,Top 10 Finish (Includes Ineligible) (Brownlow Medal 2026),Harry Sheezel,13034,Harry Sheezel,,0.0,,10.0,,,2.75,0.36363636363636365,0.69707,0.2372,33.343363636363634,-12.643636363636364,0.9169425,-0.3477,45.987,0.2372,21.764,10.0,PARTIAL_WHEELO_SUPPORT,15.254666666666663,3.0,INSUFFICIENT_DATA,HIGH_RISK_HIGH_REWARD,only Production sees value; Wheelo materially supports it; uncertainty remains high,
pointsbet_1:114154940:12,pointsbet_1,TOP_N,Top 10 Finish (Includes Ineligible) (Brownlow Medal 2026),Kysaiah Pickett,12771,Kysaiah Pickett,,0.0,,10.0,,,4.0,0.25,0.22836,0.01955,-2.1639999999999993,-23.044999999999998,-0.08655999999999997,-0.9218,20.881,0.01955,18.823,15.0,WHEELO_DISAGREES,14.274333333333333,3.0,INSUFFICIENT_DATA,NO_VALUE,no meaningful positive edge from either model,
pointsbet_1:114154940:13,pointsbet_1,TOP_N,Top 10 Finish (Includes Ineligible) (Brownlow Medal 2026),Zak Butters,12698,Zak Butters,,0.0,,10.0,,,4.5,0.2222222222222222,0.38276,0.2569,16.05377777777778,3.4677777777777807,0.7224200000000001,0.15605000000000002,12.585999999999997,0.2569,18.685,16.0,PARTIAL_WHEELO_SUPPORT,18.8425,2.0,INSUFFICIENT_DATA,MEDIUM_CONFIDENCE,both models see value but internal gap 12.6pp > 7.5pp -- Objective is the higher-edge outlier,
pointsbet_1:114154940:14,pointsbet_1,TOP_N,Top 10 Finish (Includes Ineligible) (Brownlow Medal 2026),Ed Richards,12605,Ed Richards,,0.0,,10.0,,,6.5,0.15384615384615385,0.20327,0.2976,4.942384615384615,14.375384615384611,0.32125500000000007,0.9343999999999999,9.432999999999996,0.20327,15.958,19.0,PARTIAL_WHEELO_SUPPORT,13.652666666666669,3.0,INSUFFICIENT_DATA,MEDIUM_CONFIDENCE,both models see value but internal gap 9.4pp > 7.5pp -- Production is the higher-edge outlier,
pointsbet_1:114154940:15,pointsbet_1,TOP_N,Top 10 Finish (Includes Ineligible) (Brownlow Medal 2026),Luke Davies-Uniacke,12590,Luke Davies-Uniacke,,0.0,,10.0,,,13.0,0.07692307692307693,0.01229,0.26615,-6.463307692307693,18.92269230769231,-0.84023,2.45995,25.385999999999996,0.01229,16.942999999999998,17.0,WHEELO_DISAGREES,16.9715,2.0,INSUFFICIENT_DATA,MODEL_DISAGREEMENT,only one internal model sees value and Wheelo does not corroborate -- evidence too divided for a confident conclusion,
pointsbet_1:114154940:16,pointsbet_1,TOP_N,Top 10 Finish (Includes Ineligible) (Brownlow Medal 2026),Chad Warner,,Chad Warner,,0.0,,10.0,,,8.0,0.125,,,,,,,,,,,INSUFFICIENT_WHEELO_DATA,,,INSUFFICIENT_DATA,NO_VALUE,suppressed: IDENTITY_AMBIGUOUS,IDENTITY_AMBIGUOUS
pointsbet_1:114154940:17,pointsbet_1,TOP_N,Top 10 Finish (Includes Ineligible) (Brownlow Medal 2026),Luke Jackson,12779,Luke Jackson,,0.0,,10.0,,,11.0,0.09090909090909091,0.01996,0.4842,-7.09490909090909,39.329090909090915,-0.78044,4.3262,46.42400000000001,0.01996,14.919,23.0,WHEELO_DISAGREES,15.4595,2.0,INSUFFICIENT_DATA,MODEL_DISAGREEMENT,only one internal model sees value and Wheelo does not corroborate -- evidence too divided for a confident conclusion,
pointsbet_1:114154940:18,pointsbet_1,TOP_N,Top 10 Finish (Includes Ineligible) (Brownlow Medal 2026),Harley Reid,13111,Harley Reid,,0.0,,10.0,,,34.0,0.029411764705882353,0.00283,0.0792,-2.658176470588235,4.978823529411765,-0.90378,1.6928,7.6370000000000005,0.00283,14.405,24.0,WHEELO_DISAGREES,10.468333333333334,3.0,INSUFFICIENT_DATA,MODEL_DISAGREEMENT,only one internal model sees value and Wheelo does not corroborate -- evidence too divided for a confident conclusion,
pointsbet_1:114154940:19,pointsbet_1,TOP_N,Top 10 Finish (Includes Ineligible) (Brownlow Medal 2026),Max Holmes,12881,Max Holmes,,0.0,,10.0,,,51.0,0.0196078431372549,0.01933,0.00085,-0.027784313725490173,-1.8757843137254901,-0.014170000000000016,-0.95665,1.848,0.00085,14.015,26.0,WHEELO_DISAGREES,14.2575,2.0,INSUFFICIENT_DATA,NO_VALUE,no meaningful positive edge from either model,
pointsbet_1:114154940:20,pointsbet_1,TOP_N,Top 10 Finish (Includes Ineligible) (Brownlow Medal 2026),Sam Walsh,12684,Sam Walsh,,0.0,,10.0,,,51.0,0.0196078431372549,0.01188,0.00055,-0.7727843137254902,-1.9057843137254904,-0.39412,-0.97195,1.133,0.00055,14.132,25.0,WHEELO_DISAGREES,14.132,1.0,INSUFFICIENT_DATA,NO_VALUE,no meaningful positive edge from either model,
pointsbet_1:114154940:21,pointsbet_1,TOP_N,Top 10 Finish (Includes Ineligible) (Brownlow Medal 2026),Caleb Serong,12786,Caleb Serong,,0.0,,10.0,,,34.0,0.029411764705882353,0.04433,0.2008,1.4918235294117648,17.138823529411766,0.50722,5.8272,15.647,0.04433,15.197,22.0,PARTIAL_WHEELO_SUPPORT,15.197,1.0,INSUFFICIENT_DATA,MEDIUM_CONFIDENCE,both models see value but internal gap 15.6pp > 7.5pp -- Production is the higher-edge outlier,
pointsbet_1:114154940:22,pointsbet_1,TOP_N,Top 10 Finish (Includes Ineligible) (Brownlow Medal 2026),Andrew Brayshaw,12589,Andrew Brayshaw,,0.0,,10.0,,,34.0,0.029411764705882353,0.00395,0.00035,-2.546176470588235,-2.9061764705882354,-0.8657,-0.9881,0.36000000000000004,0.00035,16.116,18.0,WHEELO_DISAGREES,9.558,2.0,INSUFFICIENT_DATA,NO_VALUE,no meaningful positive edge from either model,
pointsbet_1:114154940:23,pointsbet_1,TOP_N,Top 10 Finish (Includes Ineligible) (Brownlow Medal 2026),Clayton Oliver,12410,Clayton Oliver,,0.0,,10.0,,,67.0,0.014925373134328358,0.04507,0.3506,3.014462686567164,33.56746268656717,2.0196899999999998,22.4902,30.553,0.04507,10.488,34.0,PARTIAL_WHEELO_SUPPORT,8.496,3.0,INSUFFICIENT_DATA,MEDIUM_CONFIDENCE,both models see value but internal gap 30.6pp > 7.5pp -- Production is the higher-edge outlier,
pointsbet_1:114154940:24,pointsbet_1,TOP_N,Top 10 Finish (Includes Ineligible) (Brownlow Medal 2026),Zac Bailey,12610,Zac Bailey,,0.0,,10.0,,,101.0,0.009900990099009901,0.00349,0.0005,-0.6410990099009901,-0.94009900990099,-0.64751,-0.9495,0.299,0.0005,10.149,35.0,WHEELO_DISAGREES,12.0745,2.0,INSUFFICIENT_DATA,NO_VALUE,no meaningful positive edge from either model,
pointsbet_1:114154941:1,pointsbet_1,TOP_N,Top 20 Finish (Includes Ineligible) (Brownlow Medal 2026),Max Gawn,11966,Max Gawn,,0.0,,20.0,,,1.01,0.9900990099009901,0.83599,0.9064,-15.410900990099009,-8.36990099009901,-0.1556501,-0.08453600000000006,7.040999999999997,0.83599,19.552,13.0,WHEELO_DISAGREES,16.184,3.0,INSUFFICIENT_DATA,NO_VALUE,no meaningful positive edge from either model,
pointsbet_1:114154941:2,pointsbet_1,TOP_N,Top 20 Finish (Includes Ineligible) (Brownlow Medal 2026),Kysaiah Pickett,12771,Kysaiah Pickett,,0.0,,20.0,,,1.02,0.9803921568627451,0.93609,0.2656,-4.430215686274508,-71.47921568627451,-0.04518820000000001,-0.729088,67.049,0.2656,18.823,15.0,WHEELO_DISAGREES,14.274333333333333,3.0,INSUFFICIENT_DATA,NO_VALUE,no meaningful positive edge from either model,
pointsbet_1:114154941:3,pointsbet_1,TOP_N,Top 20 Finish (Includes Ineligible) (Brownlow Medal 2026),Jason Horne-Francis,12956,Jason Horne-Francis,,0.0,,20.0,,,1.03,0.970873786407767,0.70777,0.63485,-26.310378640776698,-33.6023786407767,-0.2709969,-0.3461044999999999,7.291999999999998,0.63485,19.827,12.0,WHEELO_DISAGREES,19.4135,2.0,INSUFFICIENT_DATA,NO_VALUE,no meaningful positive edge from either model,
pointsbet_1:114154941:4,pointsbet_1,TOP_N,Top 20 Finish (Includes Ineligible) (Brownlow Medal 2026),Ed Richards,12605,Ed Richards,,0.0,,20.0,,,1.15,0.8695652173913044,0.8109,0.88725,-5.866521739130448,1.7684782608695548,-0.06746500000000011,0.020337499999999897,7.635000000000003,0.8109,15.958,19.0,WHEELO_DISAGREES,13.652666666666669,3.0,INSUFFICIENT_DATA,MODEL_DISAGREEMENT,only one internal model sees value and Wheelo does not corroborate -- evidence too divided for a confident conclusion,
pointsbet_1:114154941:5,pointsbet_1,TOP_N,Top 20 Finish (Includes Ineligible) (Brownlow Medal 2026),Harry Sheezel,13034,Harry Sheezel,,0.0,,20.0,,,1.2,0.8333333333333334,0.98094,0.74495,14.760666666666665,-8.838333333333336,0.17712799999999995,-0.10606000000000004,23.599000000000004,0.74495,21.764,10.0,PARTIAL_WHEELO_SUPPORT,15.254666666666663,3.0,INSUFFICIENT_DATA,HIGH_RISK_HIGH_REWARD,only Production sees value; Wheelo materially supports it; uncertainty remains high,
pointsbet_1:114154941:6,pointsbet_1,TOP_N,Top 20 Finish (Includes Ineligible) (Brownlow Medal 2026),Zak Butters,12698,Zak Butters,,0.0,,20.0,,,1.2,0.8333333333333334,0.907,0.7958,7.366666666666665,-3.753333333333342,0.08840000000000003,-0.04504000000000008,11.120000000000008,0.7958,18.685,16.0,PARTIAL_WHEELO_SUPPORT,18.8425,2.0,INSUFFICIENT_DATA,HIGH_RISK_HIGH_REWARD,only Production sees value; Wheelo materially supports it; uncertainty remains high,
pointsbet_1:114154941:7,pointsbet_1,TOP_N,Top 20 Finish (Includes Ineligible) (Brownlow Medal 2026),Luke Davies-Uniacke,12590,Luke Davies-Uniacke,,0.0,,20.0,,,1.5,0.6666666666666666,0.2359,0.7932,-43.07666666666666,12.65333333333334,-0.64615,0.18979999999999997,55.730000000000004,0.2359,16.942999999999998,17.0,WHEELO_DISAGREES,16.9715,2.0,INSUFFICIENT_DATA,MODEL_DISAGREEMENT,only one internal model sees value and Wheelo does not corroborate -- evidence too divided for a confident conclusion,
pointsbet_1:114154941:8,pointsbet_1,TOP_N,Top 20 Finish (Includes Ineligible) (Brownlow Medal 2026),Max Holmes,12881,Max Holmes,,0.0,,20.0,,,1.65,0.6060606060606061,0.35933,0.05705,-24.67306060606061,-54.901060606060604,-0.4071055,-0.9058675,30.227999999999998,0.05705,14.015,26.0,WHEELO_DISAGREES,14.2575,2.0,INSUFFICIENT_DATA,NO_VALUE,no meaningful positive edge from either model,
pointsbet_1:114154941:9,pointsbet_1,TOP_N,Top 20 Finish (Includes Ineligible) (Brownlow Medal 2026),Chad Warner,,Chad Warner,,0.0,,20.0,,,1.6,0.625,,,,,,,,,,,INSUFFICIENT_WHEELO_DATA,,,INSUFFICIENT_DATA,NO_VALUE,suppressed: IDENTITY_AMBIGUOUS,IDENTITY_AMBIGUOUS
pointsbet_1:114154941:10,pointsbet_1,TOP_N,Top 20 Finish (Includes Ineligible) (Brownlow Medal 2026),Luke Jackson,12779,Luke Jackson,,0.0,,20.0,,,1.9,0.5263157894736842,0.24347,0.9204,-28.284578947368423,39.40842105263158,-0.537407,0.7487599999999999,67.693,0.24347,14.919,23.0,WHEELO_DISAGREES,15.4595,2.0,INSUFFICIENT_DATA,MODEL_DISAGREEMENT,only one internal model sees value and Wheelo does not corroborate -- evidence too divided for a confident conclusion,
pointsbet_1:114154941:11,pointsbet_1,TOP_N,Top 20 Finish (Includes Ineligible) (Brownlow Medal 2026),Harley Reid,13111,Harley Reid,,0.0,,20.0,,,2.25,0.4444444444444444,0.11241,0.48205,-33.20344444444444,3.760555555555556,-0.7470775000000001,0.08461249999999998,36.964,0.11241,14.405,24.0,WHEELO_DISAGREES,10.468333333333334,3.0,INSUFFICIENT_DATA,MODEL_DISAGREEMENT,only one internal model sees value and Wheelo does not corroborate -- evidence too divided for a confident conclusion,
pointsbet_1:114154941:12,pointsbet_1,TOP_N,Top 20 Finish (Includes Ineligible) (Brownlow Medal 2026),Errol Gulden,12862,Errol Gulden,,0.0,,20.0,,,2.8,0.35714285714285715,0.33075,0.0011,-2.639285714285716,-35.604285714285716,-0.07390000000000008,-0.99692,32.965,0.0011,15.823,20.0,WHEELO_DISAGREES,12.274333333333333,3.0,INSUFFICIENT_DATA,NO_VALUE,no meaningful positive edge from either model,
pointsbet_1:114154941:13,pointsbet_1,TOP_N,Top 20 Finish (Includes Ineligible) (Brownlow Medal 2026),Sam Walsh,12684,Sam Walsh,,0.0,,20.0,,,3.75,0.26666666666666666,0.17721,0.0133,-8.945666666666666,-25.33666666666667,-0.3354625,-0.950125,16.391,0.0133,14.132,25.0,WHEELO_DISAGREES,14.132,1.0,INSUFFICIENT_DATA,NO_VALUE,no meaningful positive edge from either model,
pointsbet_1:114154941:14,pointsbet_1,TOP_N,Top 20 Finish (Includes Ineligible) (Brownlow Medal 2026),Caleb Serong,12786,Caleb Serong,,0.0,,20.0,,,3.4,0.29411764705882354,0.41062,0.70885,11.650235294117644,41.47323529411764,0.3961079999999999,1.4100899999999998,29.823,0.41062,15.197,22.0,PARTIAL_WHEELO_SUPPORT,15.197,1.0,INSUFFICIENT_DATA,MEDIUM_CONFIDENCE,both models see value but internal gap 29.8pp > 7.5pp -- Production is the higher-edge outlier,
pointsbet_1:114154941:15,pointsbet_1,TOP_N,Top 20 Finish (Includes Ineligible) (Brownlow Medal 2026),Andrew Brayshaw,12589,Andrew Brayshaw,,0.0,,20.0,,,4.25,0.23529411764705882,0.11499,0.01315,-12.030411764705882,-22.214411764705883,-0.5112925,-0.9441125,10.184,0.01315,16.116,18.0,WHEELO_DISAGREES,9.558,2.0,INSUFFICIENT_DATA,NO_VALUE,no meaningful positive edge from either model,
pointsbet_1:114154941:16,pointsbet_1,TOP_N,Top 20 Finish (Includes Ineligible) (Brownlow Medal 2026),Clayton Oliver,12410,Clayton Oliver,,0.0,,20.0,,,4.5,0.2222222222222222,0.36576,0.8317,14.353777777777776,60.94777777777778,0.6459199999999998,2.74265,46.594,0.36576,10.488,34.0,PARTIAL_WHEELO_SUPPORT,8.496,3.0,INSUFFICIENT_DATA,MEDIUM_CONFIDENCE,both models see value but internal gap 46.6pp > 7.5pp -- Production is the higher-edge outlier,
pointsbet_1:114154941:17,pointsbet_1,TOP_N,Top 20 Finish (Includes Ineligible) (Brownlow Medal 2026),Zac Bailey,12610,Zac Bailey,,0.0,,20.0,,,8.5,0.11764705882352941,0.11147,0.0215,-0.6177058823529411,-9.614705882352942,-0.052505000000000024,-0.81725,8.997,0.0215,10.149,35.0,WHEELO_DISAGREES,12.0745,2.0,INSUFFICIENT_DATA,NO_VALUE,no meaningful positive edge from either model,
pointsbet_1:114154941:18,pointsbet_1,TOP_N,Top 20 Finish (Includes Ineligible) (Brownlow Medal 2026),Brodie Grundy,12217,Brodie Grundy,,0.0,,20.0,,,11.0,0.09090909090909091,0.25748,0.02265,16.657090909090908,-6.825909090909091,1.83228,-0.75085,23.482999999999997,0.02265,9.552,42.0,PARTIAL_WHEELO_SUPPORT,5.776,2.0,INSUFFICIENT_DATA,HIGH_RISK_HIGH_REWARD,only Production sees value; Wheelo materially supports it; uncertainty remains high,
pointsbet_1:114154941:19,pointsbet_1,TOP_N,Top 20 Finish (Includes Ineligible) (Brownlow Medal 2026),Matt Rowell,12768,Matt Rowell,,0.0,,20.0,,,9.0,0.1111111111111111,0.01337,0.1332,-9.774111111111111,2.208888888888891,-0.87967,0.1988000000000001,11.983000000000002,0.01337,13.648,27.0,WHEELO_DISAGREES,10.216,3.0,INSUFFICIENT_DATA,MODEL_DISAGREEMENT,only one internal model sees value and Wheelo does not corroborate -- evidence too divided for a confident conclusion,
pointsbet_1:114154941:20,pointsbet_1,TOP_N,Top 20 Finish (Includes Ineligible) (Brownlow Medal 2026),Shai Bolton,12535,Shai Bolton,,0.0,,20.0,,,11.0,0.09090909090909091,0.31097,0.0395,22.00609090909091,-5.1409090909090915,2.4206700000000003,-0.5655,27.147000000000006,0.0395,12.466,28.0,PARTIAL_WHEELO_SUPPORT,6.983,2.0,INSUFFICIENT_DATA,HIGH_RISK_HIGH_REWARD,only Production sees value; Wheelo materially supports it; uncertainty remains high,
pointsbet_1:114154941:21,pointsbet_1,TOP_N,Top 20 Finish (Includes Ineligible) (Brownlow Medal 2026),Murphy Reid,13180,Murphy Reid,,0.0,,20.0,,,15.0,0.06666666666666667,0.00425,0.0,-6.241666666666666,-6.666666666666667,-0.93625,-1.0,0.42500000000000004,0.0,6.177,58.0,WHEELO_DISAGREES,6.177,1.0,INSUFFICIENT_DATA,NO_VALUE,no meaningful positive edge from either model,
pointsbet_1:114154941:22,pointsbet_1,TOP_N,Top 20 Finish (Includes Ineligible) (Brownlow Medal 2026),Christian Petracca,12430,Christian Petracca,,0.0,,20.0,,,19.0,0.05263157894736842,0.07441,0.26535,2.1778421052631587,21.271842105263154,0.4137900000000001,4.04165,19.093999999999998,0.07441,11.885,29.0,PARTIAL_WHEELO_SUPPORT,9.628333333333332,3.0,INSUFFICIENT_DATA,MEDIUM_CONFIDENCE,both models see value but internal gap 19.1pp > 7.5pp -- Production is the higher-edge outlier,
pointsbet_1:115177967:1,pointsbet_1,X_PLUS_VOTES,To Poll 25 Or More Votes (Brownlow Medal 2026),Patrick Cripps,12261,Patrick Cripps,,0.0,,,,25.0,1.46,0.684931506849315,0.42919,0.8047,-25.574150684931503,11.976849315068494,-0.3733826,0.17486199999999985,37.550999999999995,0.42919,26.744,4.0,WHEELO_DISAGREES,25.872,2.0,INSUFFICIENT_DATA,MODEL_DISAGREEMENT,only one internal model sees value and Wheelo does not corroborate -- evidence too divided for a confident conclusion,
pointsbet_1:115177967:2,pointsbet_1,X_PLUS_VOTES,To Poll 25 Or More Votes (Brownlow Medal 2026),Will Ashcroft,13040,Will Ashcroft,,0.0,,,,25.0,1.87,0.53475935828877,0.53086,0.0757,-0.3899358288769972,-45.905935828877,-0.007291799999999959,-0.858441,45.516,0.0757,25.078,5.0,WHEELO_DISAGREES,17.526,3.0,INSUFFICIENT_DATA,NO_VALUE,no meaningful positive edge from either model,
pointsbet_1:115177967:3,pointsbet_1,X_PLUS_VOTES,To Poll 25 Or More Votes (Brownlow Medal 2026),Isaac Heeney,12326,Isaac Heeney,,0.0,,,,25.0,2.7,0.37037037037037035,0.35656,0.84525,-1.3810370370370362,47.48796296296296,-0.03728799999999999,1.282175,48.86899999999999,0.35656,21.364,11.0,WHEELO_DISAGREES,21.432,2.0,INSUFFICIENT_DATA,MODEL_DISAGREEMENT,only one internal model sees value and Wheelo does not corroborate -- evidence too divided for a confident conclusion,
pointsbet_1:115177967:4,pointsbet_1,X_PLUS_VOTES,To Poll 25 Or More Votes (Brownlow Medal 2026),Jordan Dawson,12516,Jordan Dawson,,0.0,,,,25.0,2.7,0.37037037037037035,0.11031,0.02265,-26.006037037037032,-34.77203703703704,-0.702163,-0.938845,8.766,0.02265,23.532,7.0,WHEELO_DISAGREES,16.510666666666665,3.0,INSUFFICIENT_DATA,NO_VALUE,no meaningful positive edge from either model,
pointsbet_1:115177967:5,pointsbet_1,X_PLUS_VOTES,To Poll 25 Or More Votes (Brownlow Medal 2026),Lachie Neale,12055,Lachie Neale,,0.0,,,,25.0,3.15,0.31746031746031744,0.37178,0.66885,5.431968253968256,35.13896825396825,0.1711069999999999,1.1068775,29.706999999999994,0.37178,22.818,8.0,PARTIAL_WHEELO_SUPPORT,16.272666666666666,3.0,INSUFFICIENT_DATA,MEDIUM_CONFIDENCE,both models see value but internal gap 29.7pp > 7.5pp -- Production is the higher-edge outlier,
pointsbet_1:115177967:6,pointsbet_1,X_PLUS_VOTES,To Poll 25 Or More Votes (Brownlow Medal 2026),Jai Newcombe,12915,Jai Newcombe,,0.0,,,,25.0,3.35,0.29850746268656714,0.05348,0.43915,-24.502746268656715,14.064253731343285,-0.820842,0.4711525000000001,38.56699999999999,0.05348,24.021,6.0,WHEELO_DISAGREES,15.673666666666668,3.0,INSUFFICIENT_DATA,MODEL_DISAGREEMENT,only one internal model sees value and Wheelo does not corroborate -- evidence too divided for a confident conclusion,
pointsbet_1:115177967:7,pointsbet_1,X_PLUS_VOTES,To Poll 25 Or More Votes (Brownlow Medal 2026),Max Gawn,11966,Max Gawn,,0.0,,,,25.0,4.0,0.25,0.08434,0.34045,-16.566,9.044999999999998,-0.66264,0.3617999999999999,25.610999999999994,0.08434,19.552,13.0,WHEELO_DISAGREES,16.184,3.0,INSUFFICIENT_DATA,MODEL_DISAGREEMENT,only one internal model sees value and Wheelo does not corroborate -- evidence too divided for a confident conclusion,
pointsbet_1:115177967:8,pointsbet_1,X_PLUS_VOTES,To Poll 25 Or More Votes (Brownlow Medal 2026),Nasiah Wanganeen-Milera,12950,Nasiah Wanganeen-Milera,,0.0,,,,25.0,5.8,0.1724137931034483,0.06587,0.0108,-10.65437931034483,-16.161379310344827,-0.617954,-0.93736,5.507,0.0108,22.352,9.0,WHEELO_DISAGREES,22.676,2.0,INSUFFICIENT_DATA,NO_VALUE,no meaningful positive edge from either model,
pointsbet_1:115177967:9,pointsbet_1,X_PLUS_VOTES,To Poll 25 Or More Votes (Brownlow Medal 2026),Harry Sheezel,13034,Harry Sheezel,,0.0,,,,25.0,6.25,0.16,0.3036,0.10905,14.359999999999998,-5.095000000000001,0.8975,-0.31843750000000004,19.455,0.10905,21.764,10.0,PARTIAL_WHEELO_SUPPORT,15.254666666666663,3.0,INSUFFICIENT_DATA,HIGH_RISK_HIGH_REWARD,only Production sees value; Wheelo materially supports it; uncertainty remains high,
pointsbet_1:115177967:10,pointsbet_1,X_PLUS_VOTES,To Poll 25 Or More Votes (Brownlow Medal 2026),Izak Rankine,12798,Izak Rankine,,0.0,,,,25.0,10.5,0.09523809523809523,0.09147,0.0898,-0.3768095238095237,-0.5438095238095229,-0.03956500000000007,-0.05709999999999993,0.1669999999999991,0.0898,19.101,14.0,WHEELO_DISAGREES,15.867,3.0,INSUFFICIENT_DATA,NO_VALUE,no meaningful positive edge from either model,
pointsbet_1:115177967:11,pointsbet_1,X_PLUS_VOTES,To Poll 25 Or More Votes (Brownlow Medal 2026),Jason Horne-Francis,12956,Jason Horne-Francis,,0.0,,,,25.0,13.0,0.07692307692307693,0.0116,0.05945,-6.532307692307693,-1.7473076923076925,-0.8492,-0.22714999999999996,4.785,0.0116,19.827,12.0,WHEELO_DISAGREES,19.4135,2.0,INSUFFICIENT_DATA,NO_VALUE,no meaningful positive edge from either model,
pointsbet_1:115177967:12,pointsbet_1,X_PLUS_VOTES,To Poll 25 Or More Votes (Brownlow Medal 2026),Zak Butters,12698,Zak Butters,,0.0,,,,25.0,16.0,0.0625,0.09061,0.1187,2.8109999999999995,5.62,0.44975999999999994,0.8992,2.809,0.09061,18.685,16.0,PARTIAL_WHEELO_SUPPORT,18.8425,2.0,INSUFFICIENT_DATA,HIGH_CONFIDENCE_WHEELO_CONFIRMED,"both models positive EV, both above implied probability, internal gap 2.8pp <= 7.5pp, Wheelo supports",
pointsbet_1:115177967:13,pointsbet_1,X_PLUS_VOTES,To Poll 25 Or More Votes (Brownlow Medal 2026),Chad Warner,,Chad Warner,,0.0,,,,25.0,29.0,0.034482758620689655,,,,,,,,,,,INSUFFICIENT_WHEELO_DATA,,,INSUFFICIENT_DATA,NO_VALUE,suppressed: IDENTITY_AMBIGUOUS,IDENTITY_AMBIGUOUS
pointsbet_1:115177967:14,pointsbet_1,X_PLUS_VOTES,To Poll 25 Or More Votes (Brownlow Medal 2026),Kysaiah Pickett,12771,Kysaiah Pickett,,0.0,,,,25.0,26.0,0.038461538461538464,0.02016,0.0049,-1.8301538461538462,-3.356153846153846,-0.47583999999999993,-0.8726,1.526,0.0049,18.823,15.0,WHEELO_DISAGREES,14.274333333333333,3.0,INSUFFICIENT_DATA,NO_VALUE,no meaningful positive edge from either model,
pointsbet_1:115177987:1,pointsbet_1,X_PLUS_VOTES,To Poll 30 Or More Votes (Brownlow Medal 2026),Bailey Smith,12692,Bailey Smith,,0.0,,,,30.0,1.16,0.8620689655172414,0.94647,0.6591,8.44010344827586,-20.296896551724142,0.09790520000000003,-0.235444,28.737000000000002,0.6591,32.598,2.0,PARTIAL_WHEELO_SUPPORT,32.549,2.0,INSUFFICIENT_DATA,HIGH_RISK_HIGH_REWARD,only Production sees value; Wheelo materially supports it; uncertainty remains high,
pointsbet_1:115177987:2,pointsbet_1,X_PLUS_VOTES,To Poll 30 Or More Votes (Brownlow Medal 2026),Marcus Bontempelli,12269,Marcus Bontempelli,,0.0,,,,30.0,1.31,0.7633587786259541,0.14382,0.7936,-61.953877862595405,3.0241221374045835,-0.8115958,0.039616000000000096,64.97800000000001,0.14382,29.426,3.0,WHEELO_DISAGREES,23.642,3.0,INSUFFICIENT_DATA,MODEL_DISAGREEMENT,only one internal model sees value and Wheelo does not corroborate -- evidence too divided for a confident conclusion,
pointsbet_1:115177987:3,pointsbet_1,X_PLUS_VOTES,To Poll 30 Or More Votes (Brownlow Medal 2026),Patrick Cripps,12261,Patrick Cripps,,0.0,,,,30.0,6.0,0.16666666666666666,0.06977,0.28215,-9.689666666666666,11.548333333333336,-0.58138,0.6929000000000001,21.238,0.06977,26.744,4.0,WHEELO_DISAGREES,25.872,2.0,INSUFFICIENT_DATA,MODEL_DISAGREEMENT,only one internal model sees value and Wheelo does not corroborate -- evidence too divided for a confident conclusion,
pointsbet_1:115177987:4,pointsbet_1,X_PLUS_VOTES,To Poll 30 Or More Votes (Brownlow Medal 2026),Will Ashcroft,13040,Will Ashcroft,,0.0,,,,30.0,21.0,0.047619047619047616,0.0739,0.0021,2.628095238095238,-4.551904761904762,0.5518999999999998,-0.9559,7.179999999999999,0.0021,25.078,5.0,PARTIAL_WHEELO_SUPPORT,17.526,3.0,INSUFFICIENT_DATA,HIGH_RISK_HIGH_REWARD,only Production sees value; Wheelo materially supports it; uncertainty remains high,
pointsbet_1:115177987:5,pointsbet_1,X_PLUS_VOTES,To Poll 30 Or More Votes (Brownlow Medal 2026),Jai Newcombe,12915,Jai Newcombe,,0.0,,,,30.0,26.0,0.038461538461538464,0.00241,0.06505,-3.605153846153846,2.658846153846153,-0.9373400000000001,0.6913,6.264,0.00241,24.021,6.0,WHEELO_DISAGREES,15.673666666666668,3.0,INSUFFICIENT_DATA,MODEL_DISAGREEMENT,only one internal model sees value and Wheelo does not corroborate -- evidence too divided for a confident conclusion,
pointsbet_1:115177987:6,pointsbet_1,X_PLUS_VOTES,To Poll 30 Or More Votes (Brownlow Medal 2026),Jordan Dawson,12516,Jordan Dawson,,0.0,,,,30.0,26.0,0.038461538461538464,0.00417,0.0005,-3.4291538461538464,-3.7961538461538464,-0.89158,-0.987,0.367,0.0005,23.532,7.0,WHEELO_DISAGREES,16.510666666666665,3.0,INSUFFICIENT_DATA,NO_VALUE,no meaningful positive edge from either model,
pointsbet_1:115177987:7,pointsbet_1,X_PLUS_VOTES,To Poll 30 Or More Votes (Brownlow Medal 2026),Lachie Neale,12055,Lachie Neale,,0.0,,,,30.0,41.0,0.024390243902439025,0.03891,0.16335,1.4519756097560974,13.895975609756098,0.59531,5.69735,12.443999999999999,0.03891,22.818,8.0,PARTIAL_WHEELO_SUPPORT,16.272666666666666,3.0,INSUFFICIENT_DATA,MEDIUM_CONFIDENCE,both models see value but internal gap 12.4pp > 7.5pp -- Production is the higher-edge outlier,
pointsbet_1:115177987:8,pointsbet_1,X_PLUS_VOTES,To Poll 30 Or More Votes (Brownlow Medal 2026),Max Gawn,11966,Max Gawn,,0.0,,,,30.0,41.0,0.024390243902439025,0.00517,0.052,-1.9220243902439025,2.7609756097560973,-0.78803,1.1320000000000001,4.683,0.00517,19.552,13.0,WHEELO_DISAGREES,16.184,3.0,INSUFFICIENT_DATA,MODEL_DISAGREEMENT,only one internal model sees value and Wheelo does not corroborate -- evidence too divided for a confident conclusion,
pointsbet_1:115177987:9,pointsbet_1,X_PLUS_VOTES,To Poll 30 Or More Votes (Brownlow Medal 2026),Isaac Heeney,12326,Isaac Heeney,,0.0,,,,30.0,46.0,0.021739130434782608,0.03678,0.25745,1.5040869565217392,23.571086956521743,0.69188,10.8427,22.067,0.03678,21.364,11.0,PARTIAL_WHEELO_SUPPORT,21.432,2.0,INSUFFICIENT_DATA,MEDIUM_CONFIDENCE,both models see value but internal gap 22.1pp > 7.5pp -- Production is the higher-edge outlier,
pointsbet_1:115177965:1,pointsbet_1,X_PLUS_VOTES,To Poll 15 Or More Votes (Brownlow Medal 2026),Max Gawn,11966,Max Gawn,,0.0,,,,15.0,1.01,0.9900990099009901,0.87441,0.98695,-11.568900990099007,-0.3149009900990096,-0.11684589999999995,-0.0031805000000000305,11.253999999999998,0.87441,19.552,13.0,WHEELO_DISAGREES,16.184,3.0,INSUFFICIENT_DATA,NO_VALUE,no meaningful positive edge from either model,
pointsbet_1:115177965:2,pointsbet_1,X_PLUS_VOTES,To Poll 15 Or More Votes (Brownlow Medal 2026),Harry Sheezel,13034,Harry Sheezel,,0.0,,,,15.0,1.02,0.9803921568627451,0.9896,0.94885,0.9207843137254978,-3.1542156862745085,0.009392000000000067,-0.03217300000000001,4.075000000000006,0.94885,21.764,10.0,PARTIAL_WHEELO_SUPPORT,15.254666666666663,3.0,INSUFFICIENT_DATA,HIGH_RISK_HIGH_REWARD,only Production sees value; Wheelo materially supports it; uncertainty remains high,
pointsbet_1:115177965:3,pointsbet_1,X_PLUS_VOTES,To Poll 15 Or More Votes (Brownlow Medal 2026),Zak Butters,12698,Zak Butters,,0.0,,,,15.0,1.02,0.9803921568627451,0.9385,0.96725,-4.189215686274506,-1.3142156862745002,-0.042729999999999935,-0.01340499999999989,2.8750000000000053,0.9385,18.685,16.0,WHEELO_DISAGREES,18.8425,2.0,INSUFFICIENT_DATA,NO_VALUE,no meaningful positive edge from either model,
pointsbet_1:115177965:4,pointsbet_1,X_PLUS_VOTES,To Poll 15 Or More Votes (Brownlow Medal 2026),Ed Richards,12605,Ed Richards,,0.0,,,,15.0,1.08,0.9259259259259258,0.86292,0.9955,-6.300592592592579,6.957407407407423,-0.06804639999999995,0.0751400000000002,13.258000000000003,0.86292,15.958,19.0,WHEELO_DISAGREES,13.652666666666669,3.0,INSUFFICIENT_DATA,MODEL_DISAGREEMENT,only one internal model sees value and Wheelo does not corroborate -- evidence too divided for a confident conclusion,
pointsbet_1:115177965:5,pointsbet_1,X_PLUS_VOTES,To Poll 15 Or More Votes (Brownlow Medal 2026),Errol Gulden,12862,Errol Gulden,,0.0,,,,15.0,1.08,0.9259259259259258,0.47966,0.02115,-44.62659259259259,-90.47759259259259,-0.48196720000000004,-0.977158,45.851,0.02115,15.823,20.0,WHEELO_DISAGREES,12.274333333333333,3.0,INSUFFICIENT_DATA,NO_VALUE,no meaningful positive edge from either model,
pointsbet_1:115177965:6,pointsbet_1,X_PLUS_VOTES,To Poll 15 Or More Votes (Brownlow Medal 2026),Luke Davies-Uniacke,12590,Luke Davies-Uniacke,,0.0,,,,15.0,1.08,0.9259259259259258,0.30219,0.96525,-62.37359259259259,3.9324074074074233,-0.6736348,0.04247000000000023,66.306,0.30219,16.942999999999998,17.0,WHEELO_DISAGREES,16.9715,2.0,INSUFFICIENT_DATA,MODEL_DISAGREEMENT,only one internal model sees value and Wheelo does not corroborate -- evidence too divided for a confident conclusion,
pointsbet_1:115177965:7,pointsbet_1,X_PLUS_VOTES,To Poll 15 Or More Votes (Brownlow Medal 2026),Chad Warner,,Chad Warner,,0.0,,,,15.0,1.11,0.9009009009009008,,,,,,,,,,,INSUFFICIENT_WHEELO_DATA,,,INSUFFICIENT_DATA,NO_VALUE,suppressed: IDENTITY_AMBIGUOUS,IDENTITY_AMBIGUOUS
pointsbet_1:115177965:8,pointsbet_1,X_PLUS_VOTES,To Poll 15 Or More Votes (Brownlow Medal 2026),Max Holmes,12881,Max Holmes,,0.0,,,,15.0,1.18,0.8474576271186441,0.45459,0.3118,-39.28676271186441,-53.565762711864416,-0.4635838,-0.632076,14.278999999999996,0.3118,14.015,26.0,WHEELO_DISAGREES,14.2575,2.0,INSUFFICIENT_DATA,NO_VALUE,no meaningful positive edge from either model,
pointsbet_1:115177965:9,pointsbet_1,X_PLUS_VOTES,To Poll 15 Or More Votes (Brownlow Medal 2026),Luke Jackson,12779,Luke Jackson,,0.0,,,,15.0,1.33,0.7518796992481203,0.3015,0.99335,-45.037969924812025,24.14703007518797,-0.599005,0.3211554999999999,69.185,0.3015,14.919,23.0,WHEELO_DISAGREES,15.4595,2.0,INSUFFICIENT_DATA,MODEL_DISAGREEMENT,only one internal model sees value and Wheelo does not corroborate -- evidence too divided for a confident conclusion,
pointsbet_1:115177965:10,pointsbet_1,X_PLUS_VOTES,To Poll 15 Or More Votes (Brownlow Medal 2026),Caleb Serong,12786,Caleb Serong,,0.0,,,,15.0,1.66,0.6024096385542169,0.48809,0.92975,-11.431963855421689,32.734036144578305,-0.1897706,0.5433849999999998,44.166,0.48809,15.197,22.0,WHEELO_DISAGREES,15.197,1.0,INSUFFICIENT_DATA,MODEL_DISAGREEMENT,only one internal model sees value and Wheelo does not corroborate -- evidence too divided for a confident conclusion,
pointsbet_1:115177965:11,pointsbet_1,X_PLUS_VOTES,To Poll 15 Or More Votes (Brownlow Medal 2026),Harley Reid,13111,Harley Reid,,0.0,,,,15.0,1.74,0.5747126436781609,0.15937,0.8144,-41.534264367816085,23.968735632183915,-0.7226961999999999,0.4170560000000001,65.503,0.15937,14.405,24.0,WHEELO_DISAGREES,10.468333333333334,3.0,INSUFFICIENT_DATA,MODEL_DISAGREEMENT,only one internal model sees value and Wheelo does not corroborate -- evidence too divided for a confident conclusion,
pointsbet_1:115177965:12,pointsbet_1,X_PLUS_VOTES,To Poll 15 Or More Votes (Brownlow Medal 2026),Sam Walsh,12684,Sam Walsh,,0.0,,,,15.0,1.8,0.5555555555555556,0.22904,0.08395,-32.651555555555554,-47.16055555555556,-0.587728,-0.84889,14.509,0.08395,14.132,25.0,WHEELO_DISAGREES,14.132,1.0,INSUFFICIENT_DATA,NO_VALUE,no meaningful positive edge from either model,
pointsbet_1:115177965:13,pointsbet_1,X_PLUS_VOTES,To Poll 15 Or More Votes (Brownlow Medal 2026),Andrew Brayshaw,12589,Andrew Brayshaw,,0.0,,,,15.0,2.25,0.4444444444444444,0.15416,0.08945,-29.028444444444446,-35.499444444444435,-0.65314,-0.7987375,6.470999999999999,0.08945,16.116,18.0,WHEELO_DISAGREES,9.558,2.0,INSUFFICIENT_DATA,NO_VALUE,no meaningful positive edge from either model,
pointsbet_1:115177965:14,pointsbet_1,X_PLUS_VOTES,To Poll 15 Or More Votes (Brownlow Medal 2026),Matt Rowell,12768,Matt Rowell,,0.0,,,,15.0,3.3,0.30303030303030304,0.02011,0.46285,-28.2920303030303,15.981969696969694,-0.933637,0.5274049999999999,44.273999999999994,0.02011,13.648,27.0,WHEELO_DISAGREES,10.216,3.0,INSUFFICIENT_DATA,MODEL_DISAGREEMENT,only one internal model sees value and Wheelo does not corroborate -- evidence too divided for a confident conclusion,
pointsbet_1:115177965:15,pointsbet_1,X_PLUS_VOTES,To Poll 15 Or More Votes (Brownlow Medal 2026),Clayton Oliver,12410,Clayton Oliver,,0.0,,,,15.0,3.25,0.3076923076923077,0.43223,0.96855,12.453769230769229,66.08576923076923,0.40474750000000004,2.1477875,53.632000000000005,0.43223,10.488,34.0,PARTIAL_WHEELO_SUPPORT,8.496,3.0,INSUFFICIENT_DATA,MEDIUM_CONFIDENCE,both models see value but internal gap 53.6pp > 7.5pp -- Production is the higher-edge outlier,
pointsbet_1:115177965:16,pointsbet_1,X_PLUS_VOTES,To Poll 15 Or More Votes (Brownlow Medal 2026),Zac Bailey,12610,Zac Bailey,,0.0,,,,15.0,4.1,0.24390243902439027,0.1552,0.13775,-8.870243902439027,-10.615243902439026,-0.36368,-0.435225,1.7449999999999992,0.13775,10.149,35.0,WHEELO_DISAGREES,12.0745,2.0,INSUFFICIENT_DATA,NO_VALUE,no meaningful positive edge from either model,
pointsbet_1:115177965:17,pointsbet_1,X_PLUS_VOTES,To Poll 15 Or More Votes (Brownlow Medal 2026),Shai Bolton,12535,Shai Bolton,,0.0,,,,15.0,4.3,0.23255813953488372,0.38463,0.22555,15.20718604651163,-0.7008139534883717,0.6539090000000001,-0.030135000000000023,15.908000000000003,0.22555,12.466,28.0,PARTIAL_WHEELO_SUPPORT,6.983,2.0,INSUFFICIENT_DATA,HIGH_RISK_HIGH_REWARD,only Production sees value; Wheelo materially supports it; uncertainty remains high,
pointsbet_1:115177965:18,pointsbet_1,X_PLUS_VOTES,To Poll 15 Or More Votes (Brownlow Medal 2026),Brodie Grundy,12217,Brodie Grundy,,0.0,,,,15.0,4.4,0.22727272727272727,0.33069,0.14145,10.341727272727272,-8.582272727272727,0.455036,-0.37761999999999996,18.924,0.14145,9.552,42.0,PARTIAL_WHEELO_SUPPORT,5.776,2.0,INSUFFICIENT_DATA,HIGH_RISK_HIGH_REWARD,only Production sees value; Wheelo materially supports it; uncertainty remains high,
pointsbet_1:115177965:19,pointsbet_1,X_PLUS_VOTES,To Poll 15 Or More Votes (Brownlow Medal 2026),Murphy Reid,13180,Murphy Reid,,0.0,,,,15.0,5.7,0.17543859649122806,0.00558,0.0,-16.985859649122805,-17.543859649122805,-0.968194,-1.0,0.5579999999999999,0.0,6.177,58.0,WHEELO_DISAGREES,6.177,1.0,INSUFFICIENT_DATA,NO_VALUE,no meaningful positive edge from either model,
pointsbet_1:115177965:20,pointsbet_1,X_PLUS_VOTES,To Poll 15 Or More Votes (Brownlow Medal 2026),Christian Petracca,12430,Christian Petracca,,0.0,,,,15.0,5.5,0.18181818181818182,0.10979,0.73515,-7.2028181818181825,55.33318181818181,-0.39615500000000003,3.0433249999999994,62.535999999999994,0.10979,11.885,29.0,WHEELO_DISAGREES,9.628333333333332,3.0,INSUFFICIENT_DATA,MODEL_DISAGREEMENT,only one internal model sees value and Wheelo does not corroborate -- evidence too divided for a confident conclusion,
pointsbet_1:115177965:21,pointsbet_1,X_PLUS_VOTES,To Poll 15 Or More Votes (Brownlow Medal 2026),Tom Sparrow,12693,Tom Sparrow,,0.0,,,,15.0,7.0,0.14285714285714285,0.06045,0.6028,-8.240714285714285,45.994285714285716,-0.5768500000000001,3.2196,54.235,0.06045,11.716,30.0,WHEELO_DISAGREES,6.858,2.0,INSUFFICIENT_DATA,MODEL_DISAGREEMENT,only one internal model sees value and Wheelo does not corroborate -- evidence too divided for a confident conclusion,
pointsbet_1:115177965:22,pointsbet_1,X_PLUS_VOTES,To Poll 15 Or More Votes (Brownlow Medal 2026),Noah Anderson,12767,Noah Anderson,,0.0,,,,15.0,7.0,0.14285714285714285,0.2539,0.57805,11.104285714285716,43.51928571428571,0.7773000000000001,3.0463499999999994,32.41499999999999,0.2539,11.019,31.0,PARTIAL_WHEELO_SUPPORT,9.339666666666666,3.0,INSUFFICIENT_DATA,MEDIUM_CONFIDENCE,both models see value but internal gap 32.4pp > 7.5pp -- Production is the higher-edge outlier,
pointsbet_1:115177965:23,pointsbet_1,X_PLUS_VOTES,To Poll 15 Or More Votes (Brownlow Medal 2026),Finn Callaghan,12969,Finn Callaghan,,0.0,,,,15.0,11.0,0.09090909090909091,0.05349,0.04685,-3.741909090909091,-4.405909090909091,-0.4116099999999999,-0.48465,0.664,0.04685,10.785,32.0,WHEELO_DISAGREES,10.785,1.0,INSUFFICIENT_DATA,NO_VALUE,no meaningful positive edge from either model,
pointsbet_1:115177965:24,pointsbet_1,X_PLUS_VOTES,To Poll 15 Or More Votes (Brownlow Medal 2026),Jack Gunston,11845,Jack Gunston,,0.0,,,,15.0,14.0,0.07142857142857142,0.277,0.0,20.55714285714286,-7.142857142857142,2.878,-1.0,27.700000000000003,0.0,10.083,36.0,PARTIAL_WHEELO_SUPPORT,7.2915,2.0,INSUFFICIENT_DATA,HIGH_RISK_HIGH_REWARD,only Production sees value; Wheelo materially supports it; uncertainty remains high,
pointsbet_1:115177965:25,pointsbet_1,X_PLUS_VOTES,To Poll 15 Or More Votes (Brownlow Medal 2026),Jagga Smith,13274,Jagga Smith,,0.0,,,,15.0,16.0,0.0625,0.00113,0.00505,-6.1370000000000005,-5.745,-0.98192,-0.9192,0.392,0.00113,8.096,47.0,WHEELO_DISAGREES,8.096,1.0,INSUFFICIENT_DATA,NO_VALUE,no meaningful positive edge from either model,
pointsbet_1:115177965:26,pointsbet_1,X_PLUS_VOTES,To Poll 15 Or More Votes (Brownlow Medal 2026),Max Hall,13193,Max Hall,,0.0,,,,15.0,21.0,0.047619047619047616,0.08161,0.88295,3.3990952380952386,83.53309523809524,0.7138100000000001,17.54195,80.134,0.08161,10.074,37.0,PARTIAL_WHEELO_SUPPORT,5.537,2.0,INSUFFICIENT_DATA,MEDIUM_CONFIDENCE,both models see value but internal gap 80.1pp > 7.5pp -- Production is the higher-edge outlier,
pointsbet_1:115177966:1,pointsbet_1,X_PLUS_VOTES,To Poll 20 Or More Votes (Brownlow Medal 2026),Jordan Dawson,12516,Jordan Dawson,,0.0,,,,20.0,1.03,0.970873786407767,0.60872,0.2933,-36.2153786407767,-67.7573786407767,-0.37301839999999997,-0.697901,31.542,0.2933,23.532,7.0,WHEELO_DISAGREES,16.510666666666665,3.0,INSUFFICIENT_DATA,NO_VALUE,no meaningful positive edge from either model,
pointsbet_1:115177966:2,pointsbet_1,X_PLUS_VOTES,To Poll 20 Or More Votes (Brownlow Medal 2026),Lachie Neale,12055,Lachie Neale,,0.0,,,,20.0,1.06,0.9433962264150942,0.88199,0.97195,-6.1406226415094185,2.855377358490574,-0.06509059999999989,0.030267000000000044,8.995999999999993,0.88199,22.818,8.0,WHEELO_DISAGREES,16.272666666666666,3.0,INSUFFICIENT_DATA,MODEL_DISAGREEMENT,only one internal model sees value and Wheelo does not corroborate -- evidence too divided for a confident conclusion,
pointsbet_1:115177966:3,pointsbet_1,X_PLUS_VOTES,To Poll 20 Or More Votes (Brownlow Medal 2026),Isaac Heeney,12326,Isaac Heeney,,0.0,,,,20.0,1.07,0.9345794392523364,0.87476,0.9961,-5.9819439252336455,6.152056074766355,-0.06400679999999992,0.06582700000000008,12.134,0.87476,21.364,11.0,WHEELO_DISAGREES,21.432,2.0,INSUFFICIENT_DATA,MODEL_DISAGREEMENT,only one internal model sees value and Wheelo does not corroborate -- evidence too divided for a confident conclusion,
pointsbet_1:115177966:4,pointsbet_1,X_PLUS_VOTES,To Poll 20 Or More Votes (Brownlow Medal 2026),Jai Newcombe,12915,Jai Newcombe,,0.0,,,,20.0,1.1,0.9090909090909091,0.38409,0.90685,-52.500090909090915,-0.22409090909090157,-0.577501,-0.0024649999999998284,52.27600000000001,0.38409,24.021,6.0,WHEELO_DISAGREES,15.673666666666668,3.0,INSUFFICIENT_DATA,NO_VALUE,no meaningful positive edge from either model,
pointsbet_1:115177966:5,pointsbet_1,X_PLUS_VOTES,To Poll 20 Or More Votes (Brownlow Medal 2026),Nasiah Wanganeen-Milera,12950,Nasiah Wanganeen-Milera,,0.0,,,,20.0,1.15,0.8695652173913044,0.56671,0.22985,-30.285521739130438,-63.971521739130445,-0.34828349999999997,-0.7356725,33.68600000000001,0.22985,22.352,9.0,WHEELO_DISAGREES,22.676,2.0,INSUFFICIENT_DATA,NO_VALUE,no meaningful positive edge from either model,
pointsbet_1:115177966:6,pointsbet_1,X_PLUS_VOTES,To Poll 20 Or More Votes (Brownlow Medal 2026),Izak Rankine,12798,Izak Rankine,,0.0,,,,20.0,1.22,0.819672131147541,0.68455,0.76305,-13.5122131147541,-5.6622131147541,-0.16484900000000002,-0.069079,7.850000000000001,0.68455,19.101,14.0,WHEELO_DISAGREES,15.867,3.0,INSUFFICIENT_DATA,NO_VALUE,no meaningful positive edge from either model,
pointsbet_1:115177966:7,pointsbet_1,X_PLUS_VOTES,To Poll 20 Or More Votes (Brownlow Medal 2026),Max Gawn,11966,Max Gawn,,0.0,,,,20.0,1.31,0.7633587786259541,0.44388,0.8045,-31.947877862595416,4.1141221374045855,-0.41851720000000003,0.053895000000000026,36.062,0.44388,19.552,13.0,WHEELO_DISAGREES,16.184,3.0,INSUFFICIENT_DATA,MODEL_DISAGREEMENT,only one internal model sees value and Wheelo does not corroborate -- evidence too divided for a confident conclusion,
pointsbet_1:115177966:8,pointsbet_1,X_PLUS_VOTES,To Poll 20 Or More Votes (Brownlow Medal 2026),Jason Horne-Francis,12956,Jason Horne-Francis,,0.0,,,,20.0,1.48,0.6756756756756757,0.21288,0.4365,-46.27956756756756,-23.917567567567566,-0.6849376,-0.35397999999999996,22.362,0.21288,19.827,12.0,WHEELO_DISAGREES,19.4135,2.0,INSUFFICIENT_DATA,NO_VALUE,no meaningful positive edge from either model,
pointsbet_1:115177966:9,pointsbet_1,X_PLUS_VOTES,To Poll 20 Or More Votes (Brownlow Medal 2026),Harry Sheezel,13034,Harry Sheezel,,0.0,,,,20.0,1.61,0.6211180124223602,0.79934,0.56345,17.822198757763985,-5.766801242236019,0.28693740000000023,-0.09284549999999991,23.589000000000006,0.56345,21.764,10.0,PARTIAL_WHEELO_SUPPORT,15.254666666666663,3.0,INSUFFICIENT_DATA,HIGH_RISK_HIGH_REWARD,only Production sees value; Wheelo materially supports it; uncertainty remains high,
pointsbet_1:115177966:10,pointsbet_1,X_PLUS_VOTES,To Poll 20 Or More Votes (Brownlow Medal 2026),Kysaiah Pickett,12771,Kysaiah Pickett,,0.0,,,,20.0,1.87,0.53475935828877,0.39296,0.11925,-14.179935828877,-41.550935828877,-0.2651648,-0.7770025,27.371000000000002,0.11925,18.823,15.0,WHEELO_DISAGREES,14.274333333333333,3.0,INSUFFICIENT_DATA,NO_VALUE,no meaningful positive edge from either model,
pointsbet_1:115177966:11,pointsbet_1,X_PLUS_VOTES,To Poll 20 Or More Votes (Brownlow Medal 2026),Zak Butters,12698,Zak Butters,,0.0,,,,20.0,2.1,0.47619047619047616,0.52137,0.62125,4.517952380952384,14.50595238095238,0.0948770000000001,0.3046249999999999,9.987999999999996,0.52137,18.685,16.0,PARTIAL_WHEELO_SUPPORT,18.8425,2.0,INSUFFICIENT_DATA,MEDIUM_CONFIDENCE,both models see value but internal gap 10.0pp > 7.5pp -- Production is the higher-edge outlier,
pointsbet_1:115177966:12,pointsbet_1,X_PLUS_VOTES,To Poll 20 Or More Votes (Brownlow Medal 2026),Ed Richards,12605,Ed Richards,,0.0,,,,20.0,3.05,0.3278688524590164,0.31963,0.7124,-0.8238852459016399,38.45311475409836,-0.025128499999999998,1.1728200000000002,39.277,0.31963,15.958,19.0,WHEELO_DISAGREES,13.652666666666669,3.0,INSUFFICIENT_DATA,MODEL_DISAGREEMENT,only one internal model sees value and Wheelo does not corroborate -- evidence too divided for a confident conclusion,
pointsbet_1:115177966:13,pointsbet_1,X_PLUS_VOTES,To Poll 20 Or More Votes (Brownlow Medal 2026),Chad Warner,,Chad Warner,,0.0,,,,20.0,3.45,0.2898550724637681,,,,,,,,,,,INSUFFICIENT_WHEELO_DATA,,,INSUFFICIENT_DATA,NO_VALUE,suppressed: IDENTITY_AMBIGUOUS,IDENTITY_AMBIGUOUS
pointsbet_1:115177966:14,pointsbet_1,X_PLUS_VOTES,To Poll 20 Or More Votes (Brownlow Medal 2026),Luke Davies-Uniacke,12590,Luke Davies-Uniacke,,0.0,,,,20.0,3.7,0.27027027027027023,0.02498,0.6153,-24.529027027027023,34.50297297297297,-0.907574,1.2766099999999998,59.032,0.02498,16.942999999999998,17.0,WHEELO_DISAGREES,16.9715,2.0,INSUFFICIENT_DATA,MODEL_DISAGREEMENT,only one internal model sees value and Wheelo does not corroborate -- evidence too divided for a confident conclusion,
pointsbet_1:115177966:15,pointsbet_1,X_PLUS_VOTES,To Poll 20 Or More Votes (Brownlow Medal 2026),Luke Jackson,12779,Luke Jackson,,0.0,,,,20.0,6.5,0.15384615384615385,0.03915,0.81005,-11.469615384615386,65.62038461538462,-0.745525,4.265325000000001,77.09,0.03915,14.919,23.0,WHEELO_DISAGREES,15.4595,2.0,INSUFFICIENT_DATA,MODEL_DISAGREEMENT,only one internal model sees value and Wheelo does not corroborate -- evidence too divided for a confident conclusion,
pointsbet_1:115177966:16,pointsbet_1,X_PLUS_VOTES,To Poll 20 Or More Votes (Brownlow Medal 2026),Harley Reid,13111,Harley Reid,,0.0,,,,20.0,11.0,0.09090909090909091,0.00619,0.29685,-8.47190909090909,20.59409090909091,-0.93191,2.26535,29.066000000000003,0.00619,14.405,24.0,WHEELO_DISAGREES,10.468333333333334,3.0,INSUFFICIENT_DATA,MODEL_DISAGREEMENT,only one internal model sees value and Wheelo does not corroborate -- evidence too divided for a confident conclusion,
pointsbet_1:115177966:17,pointsbet_1,X_PLUS_VOTES,To Poll 20 Or More Votes (Brownlow Medal 2026),Caleb Serong,12786,Caleb Serong,,0.0,,,,20.0,11.5,0.08695652173913043,0.08366,0.5179,-0.3296521739130434,43.09434782608696,-0.03791,4.95585,43.424,0.08366,15.197,22.0,WHEELO_DISAGREES,15.197,1.0,INSUFFICIENT_DATA,MODEL_DISAGREEMENT,only one internal model sees value and Wheelo does not corroborate -- evidence too divided for a confident conclusion,
pointsbet_1:115177966:18,pointsbet_1,X_PLUS_VOTES,To Poll 20 Or More Votes (Brownlow Medal 2026),Andrew Brayshaw,12589,Andrew Brayshaw,,0.0,,,,20.0,12.5,0.08,0.00971,0.0033,-7.029000000000001,-7.670000000000001,-0.878625,-0.95875,0.641,0.0033,16.116,18.0,WHEELO_DISAGREES,9.558,2.0,INSUFFICIENT_DATA,NO_VALUE,no meaningful positive edge from either model,
pointsbet_1:115177966:19,pointsbet_1,X_PLUS_VOTES,To Poll 20 Or More Votes (Brownlow Medal 2026),Max Holmes,12881,Max Holmes,,0.0,,,,20.0,12.5,0.08,0.04329,0.0152,-3.671,-6.4799999999999995,-0.4588749999999999,-0.81,2.809,0.0152,14.015,26.0,WHEELO_DISAGREES,14.2575,2.0,INSUFFICIENT_DATA,NO_VALUE,no meaningful positive edge from either model,
pointsbet_1:115177966:20,pointsbet_1,X_PLUS_VOTES,To Poll 20 Or More Votes (Brownlow Medal 2026),Sam Walsh,12684,Sam Walsh,,0.0,,,,20.0,13.0,0.07692307692307693,0.02305,0.00385,-5.387307692307693,-7.307307692307692,-0.70035,-0.94995,1.9200000000000002,0.00385,14.132,25.0,WHEELO_DISAGREES,14.132,1.0,INSUFFICIENT_DATA,NO_VALUE,no meaningful positive edge from either model,
pointsbet_1:115177956:1,pointsbet_1,X_PLUS_VOTES,To Poll 10 Or More Votes (Brownlow Medal 2026),Christian Petracca,12430,Christian Petracca,,0.0,,,,10.0,1.01,0.9900990099009901,0.77253,0.99755,-21.756900990099005,0.7450990099009958,-0.2197446999999999,0.007525500000000074,22.502,0.77253,11.885,29.0,WHEELO_DISAGREES,9.628333333333332,3.0,INSUFFICIENT_DATA,MODEL_DISAGREEMENT,only one internal model sees value and Wheelo does not corroborate -- evidence too divided for a confident conclusion,
pointsbet_1:115177956:2,pointsbet_1,X_PLUS_VOTES,To Poll 10 Or More Votes (Brownlow Medal 2026),Harley Reid,13111,Harley Reid,,0.0,,,,10.0,1.01,0.9900990099009901,0.74434,0.9927,-24.575900990099008,0.26009900990099366,-0.2482166,0.002626999999999935,24.836000000000002,0.74434,14.405,24.0,WHEELO_DISAGREES,10.468333333333334,3.0,INSUFFICIENT_DATA,MODEL_DISAGREEMENT,only one internal model sees value and Wheelo does not corroborate -- evidence too divided for a confident conclusion,
pointsbet_1:115177956:3,pointsbet_1,X_PLUS_VOTES,To Poll 10 Or More Votes (Brownlow Medal 2026),Sam Walsh,12684,Sam Walsh,,0.0,,,,10.0,1.01,0.9900990099009901,0.73547,0.5178,-25.462900990099012,-47.229900990099004,-0.2571753,-0.47702199999999995,21.766999999999992,0.5178,14.132,25.0,WHEELO_DISAGREES,14.132,1.0,INSUFFICIENT_DATA,NO_VALUE,no meaningful positive edge from either model,
pointsbet_1:115177956:4,pointsbet_1,X_PLUS_VOTES,To Poll 10 Or More Votes (Brownlow Medal 2026),Andrew Brayshaw,12589,Andrew Brayshaw,,0.0,,,,10.0,1.02,0.9803921568627451,0.69165,0.57615,-28.874215686274507,-40.4242156862745,-0.29451700000000003,-0.4123269999999999,11.549999999999994,0.57615,16.116,18.0,WHEELO_DISAGREES,9.558,2.0,INSUFFICIENT_DATA,NO_VALUE,no meaningful positive edge from either model,
pointsbet_1:115177956:5,pointsbet_1,X_PLUS_VOTES,To Poll 10 Or More Votes (Brownlow Medal 2026),Brodie Grundy,12217,Brodie Grundy,,0.0,,,,10.0,1.06,0.9433962264150942,0.89235,0.6977,-5.104622641509426,-24.569622641509426,-0.05410899999999996,-0.26043799999999995,19.465,0.6977,9.552,42.0,WHEELO_DISAGREES,5.776,2.0,INSUFFICIENT_DATA,NO_VALUE,no meaningful positive edge from either model,
pointsbet_1:115177956:6,pointsbet_1,X_PLUS_VOTES,To Poll 10 Or More Votes (Brownlow Medal 2026),Shai Bolton,12535,Shai Bolton,,0.0,,,,10.0,1.06,0.9433962264150942,0.90542,0.8969,-3.797622641509424,-4.649622641509421,-0.040254799999999924,-0.04928599999999994,0.8519999999999972,0.8969,12.466,28.0,WHEELO_DISAGREES,6.983,2.0,INSUFFICIENT_DATA,NO_VALUE,no meaningful positive edge from either model,
pointsbet_1:115177956:7,pointsbet_1,X_PLUS_VOTES,To Poll 10 Or More Votes (Brownlow Medal 2026),Matt Rowell,12768,Matt Rowell,,0.0,,,,10.0,1.09,0.9174311926605504,0.36095,0.9519,-55.64811926605504,3.446880733944957,-0.6065645,0.03757100000000002,59.095,0.36095,13.648,27.0,WHEELO_DISAGREES,10.216,3.0,INSUFFICIENT_DATA,MODEL_DISAGREEMENT,only one internal model sees value and Wheelo does not corroborate -- evidence too divided for a confident conclusion,
pointsbet_1:115177956:8,pointsbet_1,X_PLUS_VOTES,To Poll 10 Or More Votes (Brownlow Medal 2026),Clayton Oliver,12410,Clayton Oliver,,0.0,,,,10.0,1.12,0.8928571428571428,0.88141,0.9998,-1.1447142857142767,10.694285714285723,-0.012820799999999855,0.1197760000000001,11.838999999999999,0.88141,10.488,34.0,WHEELO_DISAGREES,8.496,3.0,INSUFFICIENT_DATA,MODEL_DISAGREEMENT,only one internal model sees value and Wheelo does not corroborate -- evidence too divided for a confident conclusion,
pointsbet_1:115177956:9,pointsbet_1,X_PLUS_VOTES,To Poll 10 Or More Votes (Brownlow Medal 2026),Zac Bailey,12610,Zac Bailey,,0.0,,,,10.0,1.13,0.8849557522123894,0.69957,0.7194,-18.53857522123894,-16.55557522123894,-0.2094859,-0.18707800000000008,1.9830000000000014,0.69957,10.149,35.0,WHEELO_DISAGREES,12.0745,2.0,INSUFFICIENT_DATA,NO_VALUE,no meaningful positive edge from either model,
pointsbet_1:115177956:10,pointsbet_1,X_PLUS_VOTES,To Poll 10 Or More Votes (Brownlow Medal 2026),Finn Callaghan,12969,Finn Callaghan,,0.0,,,,10.0,1.28,0.78125,0.4873,0.48035,-29.395,-30.09,-0.3762559999999999,-0.38515199999999994,0.6950000000000012,0.48035,10.785,32.0,WHEELO_DISAGREES,10.785,1.0,INSUFFICIENT_DATA,NO_VALUE,no meaningful positive edge from either model,
pointsbet_1:115177956:11,pointsbet_1,X_PLUS_VOTES,To Poll 10 Or More Votes (Brownlow Medal 2026),Noah Anderson,12767,Noah Anderson,,0.0,,,,10.0,1.32,0.7575757575757576,0.78518,0.9522,2.760424242424242,19.462424242424248,0.03643759999999996,0.256904,16.702000000000005,0.78518,11.019,31.0,PARTIAL_WHEELO_SUPPORT,9.339666666666666,3.0,INSUFFICIENT_DATA,MEDIUM_CONFIDENCE,both models see value but internal gap 16.7pp > 7.5pp -- Production is the higher-edge outlier,
pointsbet_1:115177956:12,pointsbet_1,X_PLUS_VOTES,To Poll 10 Or More Votes (Brownlow Medal 2026),Jacob van Rooyen,13048,Jacob van Rooyen,,0.0,,,,10.0,1.34,0.7462686567164178,0.91634,0.00625,17.00713432835822,-74.00186567164178,0.2278956000000001,-0.991625,91.009,0.00625,10.736,33.0,PARTIAL_WHEELO_SUPPORT,6.368,2.0,INSUFFICIENT_DATA,HIGH_RISK_HIGH_REWARD,only Production sees value; Wheelo materially supports it; uncertainty remains high,
pointsbet_1:115177956:13,pointsbet_1,X_PLUS_VOTES,To Poll 10 Or More Votes (Brownlow Medal 2026),Tom Sparrow,12693,Tom Sparrow,,0.0,,,,10.0,1.37,0.7299270072992701,0.51341,0.9817,-21.651700729927004,25.177299270072993,-0.29662829999999984,0.34492900000000004,46.829,0.51341,11.716,30.0,WHEELO_DISAGREES,6.858,2.0,INSUFFICIENT_DATA,MODEL_DISAGREEMENT,only one internal model sees value and Wheelo does not corroborate -- evidence too divided for a confident conclusion,
pointsbet_1:115177956:14,pointsbet_1,X_PLUS_VOTES,To Poll 10 Or More Votes (Brownlow Medal 2026),Murphy Reid,13180,Murphy Reid,,0.0,,,,10.0,1.38,0.7246376811594204,0.13932,0.0074,-58.53176811594204,-71.72376811594205,-0.8077384000000001,-0.989788,13.192,0.0074,6.177,58.0,WHEELO_DISAGREES,6.177,1.0,INSUFFICIENT_DATA,NO_VALUE,no meaningful positive edge from either model,
pointsbet_1:115177956:15,pointsbet_1,X_PLUS_VOTES,To Poll 10 Or More Votes (Brownlow Medal 2026),Max Hall,13193,Max Hall,,0.0,,,,10.0,1.49,0.6711409395973155,0.59998,0.99875,-7.1160939597315505,32.76090604026846,-0.10602980000000006,0.4881375000000001,39.87700000000001,0.59998,10.074,37.0,WHEELO_DISAGREES,5.537,2.0,INSUFFICIENT_DATA,MODEL_DISAGREEMENT,only one internal model sees value and Wheelo does not corroborate -- evidence too divided for a confident conclusion,
pointsbet_1:115177956:16,pointsbet_1,X_PLUS_VOTES,To Poll 10 Or More Votes (Brownlow Medal 2026),Jack Gunston,11845,Jack Gunston,,0.0,,,,10.0,1.54,0.6493506493506493,0.85538,5e-05,20.602935064935068,-64.93006493506493,0.31728520000000016,-0.999923,85.533,5e-05,10.083,36.0,PARTIAL_WHEELO_SUPPORT,7.2915,2.0,INSUFFICIENT_DATA,HIGH_RISK_HIGH_REWARD,only Production sees value; Wheelo materially supports it; uncertainty remains high,
pointsbet_1:115177956:17,pointsbet_1,X_PLUS_VOTES,To Poll 10 Or More Votes (Brownlow Medal 2026),Jagga Smith,13274,Jagga Smith,,0.0,,,,10.0,1.66,0.6024096385542169,0.06455,0.12915,-53.78596385542169,-47.32596385542169,-0.8928470000000001,-0.7856110000000001,6.459999999999999,0.06455,8.096,47.0,WHEELO_DISAGREES,8.096,1.0,INSUFFICIENT_DATA,NO_VALUE,no meaningful positive edge from either model,
pointsbet_1:115177956:18,pointsbet_1,X_PLUS_VOTES,To Poll 10 Or More Votes (Brownlow Medal 2026),Shaun Mannagh,13104,Shaun Mannagh,,0.0,,,,10.0,1.76,0.5681818181818182,0.46957,0.2295,-9.861181818181825,-33.86818181818182,-0.17355680000000007,-0.5960799999999999,24.006999999999998,0.2295,10.062,38.0,WHEELO_DISAGREES,10.062,1.0,INSUFFICIENT_DATA,NO_VALUE,no meaningful positive edge from either model,
pointsbet_1:115177956:19,pointsbet_1,X_PLUS_VOTES,To Poll 10 Or More Votes (Brownlow Medal 2026),Toby Greene,12025,Toby Greene,,0.0,,,,10.0,1.87,0.53475935828877,0.54401,0.589,0.9250641711230023,5.424064171123,0.0172987,0.10142999999999991,4.498999999999997,0.54401,9.926,39.0,PARTIAL_WHEELO_SUPPORT,9.926,1.0,INSUFFICIENT_DATA,HIGH_CONFIDENCE_WHEELO_CONFIRMED,"both models positive EV, both above implied probability, internal gap 4.5pp <= 7.5pp, Wheelo supports",
pointsbet_1:115177956:20,pointsbet_1,X_PLUS_VOTES,To Poll 10 Or More Votes (Brownlow Medal 2026),George Hewett,12411,George Hewett,,0.0,,,,10.0,2.03,0.4926108374384237,0.57,0.42775,7.738916256157625,-6.486083743842369,0.1570999999999998,-0.13166750000000005,14.224999999999993,0.42775,9.151,44.0,PARTIAL_WHEELO_SUPPORT,9.151,1.0,INSUFFICIENT_DATA,HIGH_RISK_HIGH_REWARD,only Production sees value; Wheelo materially supports it; uncertainty remains high,
pointsbet_1:115177956:21,pointsbet_1,X_PLUS_VOTES,To Poll 10 Or More Votes (Brownlow Medal 2026),Nick Watson,13105,Nick Watson,,0.0,,,,10.0,2.15,0.46511627906976744,0.14124,0.00595,-32.387627906976746,-45.91662790697674,-0.696334,-0.9872075,13.529,0.00595,6.992,50.0,WHEELO_DISAGREES,5.746,2.0,INSUFFICIENT_DATA,NO_VALUE,no meaningful positive edge from either model,
pointsbet_1:115177956:22,pointsbet_1,X_PLUS_VOTES,To Poll 10 Or More Votes (Brownlow Medal 2026),Tim Taranto,12504,Tim Taranto,,0.0,,,,10.0,2.2,0.45454545454545453,0.199,0.84755,-25.55454545454545,39.30045454545455,-0.5621999999999999,0.8646100000000001,64.85499999999999,0.199,9.282,43.0,WHEELO_DISAGREES,9.282,1.0,INSUFFICIENT_DATA,MODEL_DISAGREEMENT,only one internal model sees value and Wheelo does not corroborate -- evidence too divided for a confident conclusion,
pointsbet_1:115177956:23,pointsbet_1,X_PLUS_VOTES,To Poll 10 Or More Votes (Brownlow Medal 2026),Josh Treacy,12887,Josh Treacy,,0.0,,,,10.0,2.35,0.425531914893617,0.40713,0.06465,-1.8401914893617033,-36.088191489361705,-0.04324450000000002,-0.8480725,34.248,0.06465,6.746,52.0,WHEELO_DISAGREES,4.122999999999999,2.0,INSUFFICIENT_DATA,NO_VALUE,no meaningful positive edge from either model,
pointsbet_1:115177956:24,pointsbet_1,X_PLUS_VOTES,To Poll 10 Or More Votes (Brownlow Medal 2026),Sam Berry,12849,Sam Berry,,0.0,,,,10.0,2.7,0.37037037037037035,0.14055,0.6825,-22.982037037037035,31.212962962962965,-0.6205149999999999,0.8427500000000001,54.19499999999999,0.14055,8.722,45.0,WHEELO_DISAGREES,8.722,1.0,INSUFFICIENT_DATA,MODEL_DISAGREEMENT,only one internal model sees value and Wheelo does not corroborate -- evidence too divided for a confident conclusion,
pointsbet_1:115177956:25,pointsbet_1,X_PLUS_VOTES,To Poll 10 Or More Votes (Brownlow Medal 2026),Charlie Curnow,12421,Charlie Curnow,,0.0,,,,10.0,2.75,0.36363636363636365,0.64872,0.0072,28.508363636363633,-35.64363636363637,0.7839799999999999,-0.9802,64.152,0.0072,9.758,40.0,PARTIAL_WHEELO_SUPPORT,9.758,1.0,INSUFFICIENT_DATA,HIGH_RISK_HIGH_REWARD,only Production sees value; Wheelo materially supports it; uncertainty remains high,
pointsbet_1:115177956:26,pointsbet_1,X_PLUS_VOTES,To Poll 10 Or More Votes (Brownlow Medal 2026),Lachie Ash,12782,Lachie Ash,,0.0,,,,10.0,3.2,0.3125,0.29946,0.00115,-1.3039999999999996,-31.135,-0.04172799999999999,-0.99632,29.831000000000003,0.00115,8.171999999999999,46.0,WHEELO_DISAGREES,5.085999999999999,2.0,INSUFFICIENT_DATA,NO_VALUE,no meaningful positive edge from either model,
pointsbet_1:115177956:27,pointsbet_1,X_PLUS_VOTES,To Poll 10 Or More Votes (Brownlow Medal 2026),Jye Amiss,12983,Jye Amiss,,0.0,,,,10.0,3.5,0.2857142857142857,0.4529,0.0019,16.718571428571433,-28.381428571428568,0.5851500000000001,-0.99335,45.1,0.0019,9.568,41.0,PARTIAL_WHEELO_SUPPORT,9.568,1.0,INSUFFICIENT_DATA,HIGH_RISK_HIGH_REWARD,only Production sees value; Wheelo materially supports it; uncertainty remains high,
pointsbet_1:115177956:28,pointsbet_1,X_PLUS_VOTES,To Poll 10 Or More Votes (Brownlow Medal 2026),Touk Miller,12331,Touk Miller,,0.0,,,,10.0,3.6,0.2777777777777778,0.33875,0.1857,6.0972222222222205,-9.207777777777778,0.21950000000000003,-0.33148,15.305,0.1857,6.394,55.0,PARTIAL_WHEELO_SUPPORT,5.197,2.0,INSUFFICIENT_DATA,HIGH_RISK_HIGH_REWARD,only Production sees value; Wheelo materially supports it; uncertainty remains high,
pointsbet_1:115177956:29,pointsbet_1,X_PLUS_VOTES,To Poll 10 Or More Votes (Brownlow Medal 2026),Jordan De Goey,12318,Jordan De Goey,,0.0,,,,10.0,3.9,0.25641025641025644,0.01924,0.2442,-23.717025641025643,-1.2210256410256441,-0.924964,-0.047619999999999996,22.496,0.01924,6.175,59.0,WHEELO_DISAGREES,6.175,1.0,INSUFFICIENT_DATA,NO_VALUE,no meaningful positive edge from either model,
pointsbet_1:115177956:30,pointsbet_1,X_PLUS_VOTES,To Poll 10 Or More Votes (Brownlow Medal 2026),Jarman Impey,12237,Jarman Impey,,0.0,,,,10.0,4.25,0.23529411764705882,0.08187,0.004,-15.342411764705883,-23.129411764705882,-0.6520525,-0.983,7.786999999999999,0.004,7.035,49.0,WHEELO_DISAGREES,7.035,1.0,INSUFFICIENT_DATA,NO_VALUE,no meaningful positive edge from either model,
pointsbet_1:115177956:31,pointsbet_1,X_PLUS_VOTES,To Poll 10 Or More Votes (Brownlow Medal 2026),Wayne Milera,12405,Wayne Milera,,0.0,,,,10.0,4.0,0.25,0.04098,0.0052,-20.901999999999997,-24.48,-0.8360799999999999,-0.9792,3.5780000000000007,0.0052,6.144,60.0,WHEELO_DISAGREES,3.572,2.0,INSUFFICIENT_DATA,NO_VALUE,no meaningful positive edge from either model,
pointsbet_1:115177956:32,pointsbet_1,X_PLUS_VOTES,To Poll 10 Or More Votes (Brownlow Medal 2026),Connor Macdonald,12954,Connor Macdonald,,0.0,,,,10.0,4.9,0.2040816326530612,0.15615,0.13835,-4.793163265306119,-6.57316326530612,-0.23486499999999988,-0.32208499999999995,1.7800000000000011,0.13835,6.004,64.0,WHEELO_DISAGREES,3.502,2.0,INSUFFICIENT_DATA,NO_VALUE,no meaningful positive edge from either model,
pointsbet_1:115177956:33,pointsbet_1,X_PLUS_VOTES,To Poll 10 Or More Votes (Brownlow Medal 2026),Josh Daicos,12573,Josh Daicos,,0.0,,,,10.0,6.25,0.16,0.09738,0.0005,-6.2620000000000005,-15.950000000000001,-0.39137500000000003,-0.996875,9.687999999999999,0.0005,5.314,66.0,WHEELO_DISAGREES,5.314,1.0,INSUFFICIENT_DATA,NO_VALUE,no meaningful positive edge from either model,
pointsbet_1:115177956:34,pointsbet_1,X_PLUS_VOTES,To Poll 10 Or More Votes (Brownlow Medal 2026),Zach Merrett,12241,Zach Merrett,,0.0,,,,10.0,7.25,0.13793103448275862,0.44474,0.3511,30.68089655172414,21.31689655172414,2.224365,1.5454750000000002,9.364,0.3511,6.093,62.0,PARTIAL_WHEELO_SUPPORT,4.5465,2.0,INSUFFICIENT_DATA,MEDIUM_CONFIDENCE,both models see value but internal gap 9.4pp > 7.5pp -- Objective is the higher-edge outlier,
pointsbet_1:115177956:35,pointsbet_1,X_PLUS_VOTES,To Poll 10 Or More Votes (Brownlow Medal 2026),Bradley Hill,12060,Bradley Hill,,0.0,,,,10.0,7.5,0.13333333333333333,0.0648,0.0001,-6.8533333333333335,-13.323333333333334,-0.514,-0.99925,6.47,0.0001,4.297000000000001,77.0,WHEELO_DISAGREES,4.297000000000001,1.0,INSUFFICIENT_DATA,NO_VALUE,no meaningful positive edge from either model,
pointsbet_1:115177956:36,pointsbet_1,X_PLUS_VOTES,To Poll 10 Or More Votes (Brownlow Medal 2026),Jack Steele,12368,Jack Steele,,0.0,,,,10.0,7.5,0.13333333333333333,0.08624,0.35895,-4.709333333333333,22.561666666666667,-0.35320000000000007,1.6921249999999999,27.271,0.08624,5.432,65.0,WHEELO_DISAGREES,5.432,1.0,INSUFFICIENT_DATA,MODEL_DISAGREEMENT,only one internal model sees value and Wheelo does not corroborate -- evidence too divided for a confident conclusion,
pointsbet_1:115177956:37,pointsbet_1,X_PLUS_VOTES,To Poll 10 Or More Votes (Brownlow Medal 2026),John Noble,12743,John Noble,,0.0,,,,10.0,7.5,0.13333333333333333,0.20745,0.0001,7.411666666666666,-13.323333333333334,0.5558749999999999,-0.99925,20.735,0.0001,6.744,53.0,PARTIAL_WHEELO_SUPPORT,3.872,2.0,INSUFFICIENT_DATA,HIGH_RISK_HIGH_REWARD,only Production sees value; Wheelo materially supports it; uncertainty remains high,
pointsbet_1:115177956:38,pointsbet_1,X_PLUS_VOTES,To Poll 10 Or More Votes (Brownlow Medal 2026),Hugo Garcia,13125,Hugo Garcia,,0.0,,,,10.0,9.0,0.1111111111111111,0.27903,0.9072,16.791888888888888,79.60888888888888,1.5112700000000001,7.1648,62.817,0.27903,7.244999999999999,48.0,PARTIAL_WHEELO_SUPPORT,7.244999999999999,1.0,INSUFFICIENT_DATA,MEDIUM_CONFIDENCE,both models see value but internal gap 62.8pp > 7.5pp -- Production is the higher-edge outlier,
pointsbet_1:115177956:39,pointsbet_1,X_PLUS_VOTES,To Poll 10 Or More Votes (Brownlow Medal 2026),Josh Ward,12955,Josh Ward,,0.0,,,,10.0,13.0,0.07692307692307693,0.02448,0.1565,-5.244307692307693,7.957692307692307,-0.68176,1.0345,13.202,0.02448,6.307,57.0,WHEELO_DISAGREES,6.307,1.0,INSUFFICIENT_DATA,MODEL_DISAGREEMENT,only one internal model sees value and Wheelo does not corroborate -- evidence too divided for a confident conclusion,
pointsbet_1:115177956:40,pointsbet_1,X_PLUS_VOTES,To Poll 10 Or More Votes (Brownlow Medal 2026),Nick Blakey,12699,Nick Blakey,,0.0,,,,10.0,15.0,0.06666666666666667,0.11688,0.00785,5.021333333333333,-5.881666666666667,0.7531999999999999,-0.88225,10.903,0.00785,6.706,54.0,PARTIAL_WHEELO_SUPPORT,6.706,1.0,INSUFFICIENT_DATA,HIGH_RISK_HIGH_REWARD,only Production sees value; Wheelo materially supports it; uncertainty remains high,
pointsbet_1:115177956:41,pointsbet_1,X_PLUS_VOTES,To Poll 10 Or More Votes (Brownlow Medal 2026),Logan Morris,13137,Logan Morris,,0.0,,,,10.0,19.0,0.05263157894736842,0.15951,0.001,10.68784210526316,-5.163157894736842,2.0306900000000003,-0.981,15.851,0.001,6.9030000000000005,51.0,PARTIAL_WHEELO_SUPPORT,6.9030000000000005,1.0,INSUFFICIENT_DATA,HIGH_RISK_HIGH_REWARD,only Production sees value; Wheelo materially supports it; uncertainty remains high,
pointsbet_2:115378855:1,pointsbet_2,PLAYER_H2H,Brownlow Head to Head A (Brownlow Medal Player Head to Head),Isaac Heeney,12326,Isaac Heeney,,0.0,,,,,1.87,0.53475935828877,0.69228,0.9792,15.752064171123003,44.444064171122996,0.29456360000000004,0.8311040000000001,28.691999999999997,0.69228,21.364,11.0,PARTIAL_WHEELO_SUPPORT,21.432,2.0,INSUFFICIENT_DATA,MEDIUM_CONFIDENCE,both models see value but internal gap 28.7pp > 7.5pp -- Production is the higher-edge outlier,
pointsbet_2:115378855:2,pointsbet_2,PLAYER_H2H,Brownlow Head to Head A (Brownlow Medal Player Head to Head),Jordan Dawson,12516,Jordan Dawson,,0.0,,,,,1.87,0.53475935828877,0.23579,0.0133,-29.896935828876998,-52.145935828877,-0.5590727,-0.975129,22.249,0.0133,23.532,7.0,WHEELO_DISAGREES,16.510666666666665,3.0,INSUFFICIENT_DATA,NO_VALUE,no meaningful positive edge from either model,
pointsbet_2:115378862:1,pointsbet_2,PLAYER_H2H,Brownlow Head to Head B (Brownlow Medal Player Head to Head),Nasiah Wanganeen-Milera,12950,Nasiah Wanganeen-Milera,,0.0,,,,,1.87,0.53475935828877,0.37237,0.131,-16.238935828877,-40.375935828877,-0.3036681,-0.75503,24.136999999999997,0.131,22.352,9.0,WHEELO_DISAGREES,22.676,2.0,INSUFFICIENT_DATA,NO_VALUE,no meaningful positive edge from either model,
pointsbet_2:115378862:2,pointsbet_2,PLAYER_H2H,Brownlow Head to Head B (Brownlow Medal Player Head to Head),Izak Rankine,12798,Izak Rankine,,0.0,,,,,1.87,0.53475935828877,0.53368,0.8116,-0.10793582887699271,27.684064171123,-0.0020183999999998647,0.517692,27.791999999999994,0.53368,19.101,14.0,WHEELO_DISAGREES,15.867,3.0,INSUFFICIENT_DATA,MODEL_DISAGREEMENT,only one internal model sees value and Wheelo does not corroborate -- evidence too divided for a confident conclusion,
pointsbet_2:115378774:1,pointsbet_2,PLAYER_H2H,Brownlow Head to Head C (Brownlow Medal Player Head to Head),Lachie Neale,12055,Lachie Neale,,0.0,,,,,1.8,0.5555555555555556,0.8183,0.62635,26.274444444444445,7.079444444444438,0.47294000000000014,0.12742999999999993,19.195000000000007,0.62635,22.818,8.0,PARTIAL_WHEELO_SUPPORT,16.272666666666666,3.0,INSUFFICIENT_DATA,MEDIUM_CONFIDENCE,both models see value but internal gap 19.2pp > 7.5pp -- Objective is the higher-edge outlier,
pointsbet_2:115378774:2,pointsbet_2,PLAYER_H2H,Brownlow Head to Head C (Brownlow Medal Player Head to Head),Jai Newcombe,12915,Jai Newcombe,,0.0,,,,,1.95,0.5128205128205129,0.13307,0.3012,-37.97505128205129,-21.162051282051287,-0.7405135,-0.4126599999999999,16.813000000000002,0.13307,24.021,6.0,WHEELO_DISAGREES,15.673666666666668,3.0,INSUFFICIENT_DATA,NO_VALUE,no meaningful positive edge from either model,
pointsbet_2:115378857:1,pointsbet_2,PLAYER_H2H,Brownlow Head to Head D (Brownlow Medal Player Head to Head),Jason Horne-Francis,12956,Jason Horne-Francis,,0.0,,,,,2.1,0.47619047619047616,0.1027,0.37245,-37.34904761904762,-10.374047619047616,-0.78433,-0.2178549999999999,26.974999999999998,0.1027,19.827,12.0,WHEELO_DISAGREES,19.4135,2.0,INSUFFICIENT_DATA,NO_VALUE,no meaningful positive edge from either model,
pointsbet_2:115378857:2,pointsbet_2,PLAYER_H2H,Brownlow Head to Head D (Brownlow Medal Player Head to Head),Harry Sheezel,13034,Harry Sheezel,,0.0,,,,,1.7,0.5882352941176471,0.85473,0.54955,26.649470588235292,-3.8685294117647095,0.453041,-0.06576500000000007,30.518,0.54955,21.764,10.0,PARTIAL_WHEELO_SUPPORT,15.254666666666663,3.0,INSUFFICIENT_DATA,HIGH_RISK_HIGH_REWARD,only Production sees value; Wheelo materially supports it; uncertainty remains high,
pointsbet_2:115378841:1,pointsbet_2,PLAYER_H2H,Brownlow Head to Head E (Brownlow Medal Player Head to Head),Kysaiah Pickett,12771,Kysaiah Pickett,,0.0,,,,,1.87,0.53475935828877,0.38039,0.12765,-15.436935828876997,-40.71093582887699,-0.28867069999999995,-0.7612945,25.273999999999997,0.12765,18.823,15.0,WHEELO_DISAGREES,14.274333333333333,3.0,INSUFFICIENT_DATA,NO_VALUE,no meaningful positive edge from either model,
pointsbet_2:115378841:2,pointsbet_2,PLAYER_H2H,Brownlow Head to Head E (Brownlow Medal Player Head to Head),Zak Butters,12698,Zak Butters,,0.0,,,,,1.87,0.53475935828877,0.52946,0.82215,-0.5299358288769929,28.739064171123008,-0.009909799999999858,0.5374205000000001,29.269000000000002,0.52946,18.685,16.0,WHEELO_DISAGREES,18.8425,2.0,INSUFFICIENT_DATA,MODEL_DISAGREEMENT,only one internal model sees value and Wheelo does not corroborate -- evidence too divided for a confident conclusion,
pointsbet_2:115378854:1,pointsbet_2,PLAYER_H2H,Brownlow Head to Head F (Brownlow Medal Player Head to Head),Max Holmes,12881,Max Holmes,,0.0,,,,,2.55,0.3921568627450981,0.41883,0.8124,2.667313725490189,42.024313725490195,0.06801649999999992,1.0716199999999998,39.357000000000006,0.41883,14.015,26.0,PARTIAL_WHEELO_SUPPORT,14.2575,2.0,INSUFFICIENT_DATA,MEDIUM_CONFIDENCE,both models see value but internal gap 39.4pp > 7.5pp -- Production is the higher-edge outlier,
pointsbet_2:115378854:2,pointsbet_2,PLAYER_H2H,Brownlow Head to Head F (Brownlow Medal Player Head to Head),Errol Gulden,12862,Errol Gulden,,0.0,,,,,1.5,0.6666666666666666,0.46982,0.1205,-19.68466666666666,-54.61666666666667,-0.2952699999999999,-0.81925,34.932,0.1205,15.823,20.0,WHEELO_DISAGREES,12.274333333333333,3.0,INSUFFICIENT_DATA,NO_VALUE,no meaningful positive edge from either model,
pointsbet_2:115378830:1,pointsbet_2,PLAYER_H2H,Brownlow Head to Head G (Brownlow Medal Player Head to Head),Caleb Serong,12786,Caleb Serong,,0.0,,,,,2.15,0.46511627906976744,0.70441,0.62415,23.929372093023254,15.903372093023254,0.5144814999999998,0.3419224999999999,8.026,0.62415,15.197,22.0,PARTIAL_WHEELO_SUPPORT,15.197,1.0,INSUFFICIENT_DATA,MEDIUM_CONFIDENCE,both models see value but internal gap 8.0pp > 7.5pp -- Objective is the higher-edge outlier,
pointsbet_2:115378830:2,pointsbet_2,PLAYER_H2H,Brownlow Head to Head G (Brownlow Medal Player Head to Head),Harley Reid,13111,Harley Reid,,0.0,,,,,1.65,0.6060606060606061,0.22585,0.3033,-38.02106060606061,-30.276060606060607,-0.6273475,-0.49955499999999997,7.745000000000002,0.22585,14.405,24.0,WHEELO_DISAGREES,10.468333333333334,3.0,INSUFFICIENT_DATA,NO_VALUE,no meaningful positive edge from either model,
pointsbet_2:115378853:1,pointsbet_2,PLAYER_H2H,Brownlow Head to Head H (Brownlow Medal Player Head to Head),Christian Petracca,12430,Christian Petracca,,0.0,,,,,1.8,0.5555555555555556,0.2757,0.8686,-27.985555555555557,31.304444444444446,-0.50374,0.5634800000000002,59.29,0.2757,11.885,29.0,WHEELO_DISAGREES,9.628333333333332,3.0,INSUFFICIENT_DATA,MODEL_DISAGREEMENT,only one internal model sees value and Wheelo does not corroborate -- evidence too divided for a confident conclusion,
pointsbet_2:115378853:2,pointsbet_2,PLAYER_H2H,Brownlow Head to Head H (Brownlow Medal Player Head to Head),Brodie Grundy,12217,Brodie Grundy,,0.0,,,,,1.95,0.5128205128205129,0.6335,0.0878,12.067948717948706,-42.50205128205129,0.23532499999999978,-0.82879,54.56999999999999,0.0878,9.552,42.0,PARTIAL_WHEELO_SUPPORT,5.776,2.0,INSUFFICIENT_DATA,HIGH_RISK_HIGH_REWARD,only Production sees value; Wheelo materially supports it; uncertainty remains high,
pointsbet_2:115378829:1,pointsbet_2,PLAYER_H2H,Brownlow Head to Head I (Brownlow Medal Player Head to Head),Clayton Oliver,12410,Clayton Oliver,,0.0,,,,,1.65,0.6060606060606061,0.66776,0.97615,6.169939393939394,37.008939393939386,0.101804,0.6106474999999998,30.838999999999995,0.66776,10.488,34.0,PARTIAL_WHEELO_SUPPORT,8.496,3.0,INSUFFICIENT_DATA,MEDIUM_CONFIDENCE,both models see value but internal gap 30.8pp > 7.5pp -- Production is the higher-edge outlier,
pointsbet_2:115378829:2,pointsbet_2,PLAYER_H2H,Brownlow Head to Head I (Brownlow Medal Player Head to Head),Zac Bailey,12610,Zac Bailey,,0.0,,,,,2.15,0.46511627906976744,0.26073,0.01445,-20.43862790697674,-45.06662790697674,-0.43943049999999995,-0.9689325,24.628000000000004,0.01445,10.149,35.0,WHEELO_DISAGREES,12.0745,2.0,INSUFFICIENT_DATA,NO_VALUE,no meaningful positive edge from either model,
pointsbet_2:115378826:1,pointsbet_2,PLAYER_H2H,Brownlow Head to Head J (Brownlow Medal Player Head to Head),Murphy Reid,13180,Murphy Reid,,0.0,,,,,1.65,0.6060606060606061,0.13987,0.0001,-46.61906060606061,-60.59606060606061,-0.7692145,-0.999835,13.977,0.0001,6.177,58.0,WHEELO_DISAGREES,6.177,1.0,INSUFFICIENT_DATA,NO_VALUE,no meaningful positive edge from either model,
pointsbet_2:115378826:2,pointsbet_2,PLAYER_H2H,Brownlow Head to Head J (Brownlow Medal Player Head to Head),Max Hall,13193,Max Hall,,0.0,,,,,2.15,0.46511627906976744,0.80041,0.99985,33.529372093023255,53.47337209302325,0.7208814999999997,1.1496775000000001,19.944000000000006,0.80041,10.074,37.0,PARTIAL_WHEELO_SUPPORT,5.537,2.0,INSUFFICIENT_DATA,MEDIUM_CONFIDENCE,both models see value but internal gap 19.9pp > 7.5pp -- Production is the higher-edge outlier,
pointsbet_2:115378865:1,pointsbet_2,PLAYER_H2H,Brownlow Head to Head K (Brownlow Medal Player Head to Head),Jack Gunston,11845,Jack Gunston,,0.0,,,,,1.87,0.53475935828877,0.59163,0.06345,5.687064171123001,-47.130935828877,0.10634809999999995,-0.8813485,52.818,0.06345,10.083,36.0,PARTIAL_WHEELO_SUPPORT,7.2915,2.0,INSUFFICIENT_DATA,HIGH_RISK_HIGH_REWARD,only Production sees value; Wheelo materially supports it; uncertainty remains high,
pointsbet_2:115378865:2,pointsbet_2,PLAYER_H2H,Brownlow Head to Head K (Brownlow Medal Player Head to Head),Jacob Van Rooyen,13048,Jacob Van Rooyen,,0.0,,,,,1.87,0.53475935828877,0.29792,0.86065,-23.683935828876994,32.589064171123006,-0.4428895999999999,0.6094155000000001,56.272999999999996,0.29792,10.736,33.0,WHEELO_DISAGREES,6.368,2.0,INSUFFICIENT_DATA,MODEL_DISAGREEMENT,only one internal model sees value and Wheelo does not corroborate -- evidence too divided for a confident conclusion,
pointsbet_2:115378773:1,pointsbet_2,PLAYER_H2H,Brownlow Head to Head L (Brownlow Medal Player Head to Head),George Hewett,12411,George Hewett,,0.0,,,,,1.87,0.53475935828877,0.7009,0.16295,16.614064171123,-37.18093582887699,0.31068300000000004,-0.6952834999999999,53.794999999999995,0.16295,9.151,44.0,PARTIAL_WHEELO_SUPPORT,9.151,1.0,INSUFFICIENT_DATA,HIGH_RISK_HIGH_REWARD,only Production sees value; Wheelo materially supports it; uncertainty remains high,
pointsbet_2:115378773:2,pointsbet_2,PLAYER_H2H,Brownlow Head to Head L (Brownlow Medal Player Head to Head),Tim Taranto,12504,Tim Taranto,,0.0,,,,,1.87,0.53475935828877,0.21523,0.76795,-31.952935828876996,23.319064171123006,-0.5975199,0.43606650000000013,55.272,0.21523,9.282,43.0,WHEELO_DISAGREES,9.282,1.0,INSUFFICIENT_DATA,MODEL_DISAGREEMENT,only one internal model sees value and Wheelo does not corroborate -- evidence too divided for a confident conclusion,
pointsbet_2:115378731:1,pointsbet_2,PLAYER_H2H,Brownlow Head to Head M (Brownlow Medal Player Head to Head),Nick Watson,13105,Nick Watson,,0.0,,,,,1.95,0.5128205128205129,0.17648,0.0146,-33.63405128205129,-49.82205128205129,-0.655864,-0.97153,16.188,0.0146,6.992,50.0,WHEELO_DISAGREES,5.746,2.0,INSUFFICIENT_DATA,NO_VALUE,no meaningful positive edge from either model,
pointsbet_2:115378731:2,pointsbet_2,PLAYER_H2H,Brownlow Head to Head M (Brownlow Medal Player Head to Head),Toby Greene,12025,Toby Greene,,0.0,,,,,1.83,0.5464480874316939,0.75007,0.97335,20.36219125683061,42.69019125683061,0.3726281,0.7812305000000002,22.328000000000003,0.75007,9.926,39.0,PARTIAL_WHEELO_SUPPORT,9.926,1.0,INSUFFICIENT_DATA,MEDIUM_CONFIDENCE,both models see value but internal gap 22.3pp > 7.5pp -- Production is the higher-edge outlier,
pointsbet_2:115378856:1,pointsbet_2,PLAYER_H2H,Brownlow Head to Head N (Brownlow Medal Player Head to Head),Andrew Brayshaw,12589,Andrew Brayshaw,,0.0,,,,,2.25,0.4444444444444444,0.40713,0.49345,-3.731444444444443,4.900555555555558,-0.08395750000000002,0.11026249999999993,8.632000000000001,0.40713,16.116,18.0,WHEELO_DISAGREES,9.558,2.0,INSUFFICIENT_DATA,MODEL_DISAGREEMENT,only one internal model sees value and Wheelo does not corroborate -- evidence too divided for a confident conclusion,
pointsbet_2:115378856:2,pointsbet_2,PLAYER_H2H,Brownlow Head to Head N (Brownlow Medal Player Head to Head),Sam Walsh,12684,Sam Walsh,,0.0,,,,,1.6,0.625,0.51109,0.42075,-11.390999999999995,-20.424999999999997,-0.18225599999999986,-0.3268,9.034000000000002,0.42075,14.132,25.0,WHEELO_DISAGREES,14.132,1.0,INSUFFICIENT_DATA,NO_VALUE,no meaningful positive edge from either model,
pointsbet_2:115378738:1,pointsbet_2,PLAYER_H2H,Brownlow Head to Head O (Brownlow Medal Player Head to Head),Touk Miller,12331,Touk Miller,,0.0,,,,,1.87,0.53475935828877,0.84161,0.36515,30.685064171123,-16.960935828877,0.5738107000000001,-0.3171695,47.646,0.36515,6.394,55.0,PARTIAL_WHEELO_SUPPORT,5.197,2.0,INSUFFICIENT_DATA,HIGH_RISK_HIGH_REWARD,only Production sees value; Wheelo materially supports it; uncertainty remains high,
pointsbet_2:115378738:2,pointsbet_2,PLAYER_H2H,Brownlow Head to Head O (Brownlow Medal Player Head to Head),Jordan De Goey,12318,Jordan De Goey,,0.0,,,,,1.87,0.53475935828877,0.09835,0.50485,-43.640935828877,-2.990935828876995,-0.8160855,-0.05593049999999988,40.650000000000006,0.09835,6.175,59.0,WHEELO_DISAGREES,6.175,1.0,INSUFFICIENT_DATA,NO_VALUE,no meaningful positive edge from either model,
pointsbet_2:115378873:1,pointsbet_2,PLAYER_H2H,Brownlow Head to Head P (Brownlow Medal Player Head to Head),Patrick Cripps,12261,Patrick Cripps,,0.0,,,,,1.7,0.5882352941176471,0.38789,0.93195,-20.034529411764705,34.37147058823528,-0.340587,0.5843149999999999,54.406,0.38789,26.744,4.0,WHEELO_DISAGREES,25.872,2.0,INSUFFICIENT_DATA,MODEL_DISAGREEMENT,only one internal model sees value and Wheelo does not corroborate -- evidence too divided for a confident conclusion,
pointsbet_2:115378873:2,pointsbet_2,PLAYER_H2H,Brownlow Head to Head P (Brownlow Medal Player Head to Head),Will Ashcroft,13040,Will Ashcroft,,0.0,,,,,2.1,0.47619047619047616,0.53328,0.0463,5.708952380952381,-42.98904761904762,0.119888,-0.90277,48.69799999999999,0.0463,25.078,5.0,PARTIAL_WHEELO_SUPPORT,17.526,3.0,INSUFFICIENT_DATA,HIGH_RISK_HIGH_REWARD,only Production sees value; Wheelo materially supports it; uncertainty remains high,
neds:02979c3c-29aa-48af-86e9-b01ad3132270:5007ea6c-da96-4bec-9cd3-74f2e5b5dd67,neds,TEAM_VOTES_OU,O/U Western Bulldogs Team Total Votes,Over,,,western_bulldogs,67.5,over,,,,1.87,0.53475935828877,0.7087,0.8902,17.394064171123002,35.544064171123004,0.32526900000000003,0.664674,18.15,0.7087,,,INSUFFICIENT_WHEELO_DATA,,,INSUFFICIENT_DATA,MEDIUM_CONFIDENCE,both models see value but internal gap 18.1pp > 7.5pp -- Production is the higher-edge outlier,
neds:02979c3c-29aa-48af-86e9-b01ad3132270:aab66a35-9c0d-491a-ae7b-93e3a4011a02,neds,TEAM_VOTES_OU,O/U Western Bulldogs Team Total Votes,Under,,,western_bulldogs,67.5,under,,,,1.87,0.53475935828877,0.2913,0.1098,-24.345935828876996,-42.495935828876995,-0.4552689999999999,-0.794674,18.15,0.1098,,,INSUFFICIENT_WHEELO_DATA,,,INSUFFICIENT_DATA,NO_VALUE,no meaningful positive edge from either model,
neds:13123c89-cebd-4e74-9193-889edaae77b8:a31aaa91-d656-46fa-8aa8-5763fd17eeaf,neds,TEAM_VOTES_OU,O/U Gold Coast Suns Team Total Votes,Over,,,gold_coast,62.5,over,,,,1.87,0.53475935828877,0.38979,0.5722,-14.496935828876994,3.744064171123007,-0.27109269999999996,0.07001400000000024,18.241000000000003,0.38979,,,INSUFFICIENT_WHEELO_DATA,,,INSUFFICIENT_DATA,MODEL_DISAGREEMENT,only one internal model sees value and Wheelo does not corroborate -- evidence too divided for a confident conclusion,
neds:13123c89-cebd-4e74-9193-889edaae77b8:424a33be-4928-4f5b-b409-25f1dc2ba65b,neds,TEAM_VOTES_OU,O/U Gold Coast Suns Team Total Votes,Under,,,gold_coast,62.5,under,,,,1.87,0.53475935828877,0.61021,0.4278,7.5450641711230055,-10.695935828876996,0.14109270000000018,-0.20001399999999991,18.241000000000003,0.4278,,,INSUFFICIENT_WHEELO_DATA,,,INSUFFICIENT_DATA,MODEL_DISAGREEMENT,only one internal model sees value and Wheelo does not corroborate -- evidence too divided for a confident conclusion,
neds:2d237f6b-386e-4947-806a-0419dfc99cea:7c00fb39-e93d-46ed-9b73-4a5f04a5c212,neds,TEAM_VOTES_OU,O/U Richmond Team Total Votes,Over,,,richmond,16.5,over,,,,1.87,0.53475935828877,0.49934,0.98095,-3.5419358288769964,44.619064171123,-0.06623419999999991,0.8343765000000001,48.161,0.49934,,,INSUFFICIENT_WHEELO_DATA,,,INSUFFICIENT_DATA,MODEL_DISAGREEMENT,only one internal model sees value and Wheelo does not corroborate -- evidence too divided for a confident conclusion,
neds:2d237f6b-386e-4947-806a-0419dfc99cea:1b7e74dc-b3de-4f0b-93d2-1b7a2c460e42,neds,TEAM_VOTES_OU,O/U Richmond Team Total Votes,Under,,,richmond,16.5,under,,,,1.87,0.53475935828877,0.50066,0.01905,-3.4099358288769976,-51.570935828877,-0.06376579999999998,-0.9643765,48.161,0.01905,,,INSUFFICIENT_WHEELO_DATA,,,INSUFFICIENT_DATA,NO_VALUE,no meaningful positive edge from either model,
neds:2e619a44-3025-4139-93c7-de8bf153c555:a941a119-3f50-4f9c-bbc9-833f34b03aa3,neds,UNMODELLED,Leader After Round 15,Nick Daicos (Collingwood),,,,,,,,,1.4,0.7142857142857143,,,,,,,,,,,INSUFFICIENT_WHEELO_DATA,,,INSUFFICIENT_DATA,NO_VALUE,suppressed: UNMODELLED,UNMODELLED
neds:2e619a44-3025-4139-93c7-de8bf153c555:ba31c6dc-4e5f-437e-94d3-de8ba9d67db1,neds,UNMODELLED,Leader After Round 15,Marcus Bontempelli (Western Bulldogs),,,,,,,,,3.5,0.2857142857142857,,,,,,,,,,,INSUFFICIENT_WHEELO_DATA,,,INSUFFICIENT_DATA,NO_VALUE,suppressed: UNMODELLED,UNMODELLED
neds:2e619a44-3025-4139-93c7-de8bf153c555:8b6862fe-c6af-404c-81bb-bba4838f4b9d,neds,UNMODELLED,Leader After Round 15,Bailey Smith (Geelong Cats),,,,,,,,,10.0,0.1,,,,,,,,,,,INSUFFICIENT_WHEELO_DATA,,,INSUFFICIENT_DATA,NO_VALUE,suppressed: UNMODELLED,UNMODELLED
neds:2e619a44-3025-4139-93c7-de8bf153c555:a29bca15-1bf9-461e-839d-034132000589,neds,UNMODELLED,Leader After Round 15,Isaac Heeney (Sydney Swans),,,,,,,,,41.0,0.024390243902439025,,,,,,,,,,,INSUFFICIENT_WHEELO_DATA,,,INSUFFICIENT_DATA,NO_VALUE,suppressed: UNMODELLED,UNMODELLED
neds:2e619a44-3025-4139-93c7-de8bf153c555:d39b009b-6966-43d3-8567-a622c442ac8d,neds,UNMODELLED,Leader After Round 15,Jai Newcombe (Hawthorn),,,,,,,,,81.0,0.012345679012345678,,,,,,,,,,,INSUFFICIENT_WHEELO_DATA,,,INSUFFICIENT_DATA,NO_VALUE,suppressed: UNMODELLED,UNMODELLED
neds:2e619a44-3025-4139-93c7-de8bf153c555:e365c320-17a9-4109-a1db-b7cbb28a0a94,neds,UNMODELLED,Leader After Round 15,Zak Butters (Port Adelaide),,,,,,,,,201.0,0.004975124378109453,,,,,,,,,,,INSUFFICIENT_WHEELO_DATA,,,INSUFFICIENT_DATA,NO_VALUE,suppressed: UNMODELLED,UNMODELLED
neds:2e619a44-3025-4139-93c7-de8bf153c555:1b3aed3f-c2cf-4466-a29f-fdc0ae314090,neds,UNMODELLED,Leader After Round 15,Harry Sheezel (North Melbourne),,,,,,,,,201.0,0.004975124378109453,,,,,,,,,,,INSUFFICIENT_WHEELO_DATA,,,INSUFFICIENT_DATA,NO_VALUE,suppressed: UNMODELLED,UNMODELLED
neds:2e619a44-3025-4139-93c7-de8bf153c555:5cbe1308-9a53-41e8-b99b-a1e4384395f0,neds,UNMODELLED,Leader After Round 15,Max Gawn (Melbourne),,,,,,,,,201.0,0.004975124378109453,,,,,,,,,,,INSUFFICIENT_WHEELO_DATA,,,INSUFFICIENT_DATA,NO_VALUE,suppressed: UNMODELLED,UNMODELLED
neds:2e619a44-3025-4139-93c7-de8bf153c555:64398813-ba28-4594-80f2-00dd0050b3d3,neds,UNMODELLED,Leader After Round 15,Max Holmes (Geelong Cats),,,,,,,,,251.0,0.00398406374501992,,,,,,,,,,,INSUFFICIENT_WHEELO_DATA,,,INSUFFICIENT_DATA,NO_VALUE,suppressed: UNMODELLED,UNMODELLED
neds:2e619a44-3025-4139-93c7-de8bf153c555:d098de4a-3bbc-4956-a769-c542108bb23f,neds,UNMODELLED,Leader After Round 15,Jordan Dawson (Adelaide Crows),,,,,,,,,251.0,0.00398406374501992,,,,,,,,,,,INSUFFICIENT_WHEELO_DATA,,,INSUFFICIENT_DATA,NO_VALUE,suppressed: UNMODELLED,UNMODELLED
neds:2e619a44-3025-4139-93c7-de8bf153c555:23b539f9-567b-44e5-a28a-f48e35bd700e,neds,UNMODELLED,Leader After Round 15,Luke Jackson (Fremantle),,,,,,,,,251.0,0.00398406374501992,,,,,,,,,,,INSUFFICIENT_WHEELO_DATA,,,INSUFFICIENT_DATA,NO_VALUE,suppressed: UNMODELLED,UNMODELLED
neds:2e619a44-3025-4139-93c7-de8bf153c555:28820720-11d3-4ee0-8545-51eb56a8b2e0,neds,UNMODELLED,Leader After Round 15,Patrick Cripps (Carlton),,,,,,,,,251.0,0.00398406374501992,,,,,,,,,,,INSUFFICIENT_WHEELO_DATA,,,INSUFFICIENT_DATA,NO_VALUE,suppressed: UNMODELLED,UNMODELLED
neds:3566f16f-9867-458b-afbc-1ac4191d1f4c:6c470af0-6339-47b1-b6c2-37fa8e0b5b75,neds,TEAM_VOTES_OU,O/U Geelong Cats Team Total Votes,Over,,,geelong,86.5,over,,,,1.87,0.53475935828877,0.853,0.0384,31.824064171123002,-49.635935828876995,0.59511,-0.928192,81.46,0.0384,,,INSUFFICIENT_WHEELO_DATA,,,INSUFFICIENT_DATA,MODEL_DISAGREEMENT,only one internal model sees value and Wheelo does not corroborate -- evidence too divided for a confident conclusion,
neds:3566f16f-9867-458b-afbc-1ac4191d1f4c:3b2aebf2-f979-4b0c-88fb-f4867ca3974d,neds,TEAM_VOTES_OU,O/U Geelong Cats Team Total Votes,Under,,,geelong,86.5,under,,,,1.87,0.53475935828877,0.147,0.9616,-38.775935828876996,42.684064171123005,-0.7251099999999999,0.798192,81.46,0.147,,,INSUFFICIENT_WHEELO_DATA,,,INSUFFICIENT_DATA,MODEL_DISAGREEMENT,only one internal model sees value and Wheelo does not corroborate -- evidence too divided for a confident conclusion,
neds:3c5cdd35-1dc5-4d44-a5bc-c47043a12fe8:bad29a9e-504b-42f5-adfa-2bdde0fc891a,neds,UNMODELLED,Player to Poll in Most Games,Nick Daicos (Collingwood),,,,,,,,,1.02,0.9803921568627451,,,,,,,,,,,INSUFFICIENT_WHEELO_DATA,,,INSUFFICIENT_DATA,NO_VALUE,suppressed: UNMODELLED,UNMODELLED
neds:3c5cdd35-1dc5-4d44-a5bc-c47043a12fe8:50a175e1-284b-4a9d-9bdc-198a5186e7fd,neds,UNMODELLED,Player to Poll in Most Games,Bailey Smith (Geelong Cats),,,,,,,,,14.0,0.07142857142857142,,,,,,,,,,,INSUFFICIENT_WHEELO_DATA,,,INSUFFICIENT_DATA,NO_VALUE,suppressed: UNMODELLED,UNMODELLED
neds:3c5cdd35-1dc5-4d44-a5bc-c47043a12fe8:74caf622-6416-45ed-a4ac-83cc75d798dc,neds,UNMODELLED,Player to Poll in Most Games,Marcus Bontempelli (Western Bulldogs),,,,,,,,,101.0,0.009900990099009901,,,,,,,,,,,INSUFFICIENT_WHEELO_DATA,,,INSUFFICIENT_DATA,NO_VALUE,suppressed: UNMODELLED,UNMODELLED
neds:3c5cdd35-1dc5-4d44-a5bc-c47043a12fe8:99fcf8ca-f4a3-4562-915a-b558f1900919,neds,UNMODELLED,Player to Poll in Most Games,Isaac Heeney (Sydney Swans),,,,,,,,,251.0,0.00398406374501992,,,,,,,,,,,INSUFFICIENT_WHEELO_DATA,,,INSUFFICIENT_DATA,NO_VALUE,suppressed: UNMODELLED,UNMODELLED
neds:3c5cdd35-1dc5-4d44-a5bc-c47043a12fe8:e8fe349e-b769-42e3-9bdc-bec9221e3211,neds,UNMODELLED,Player to Poll in Most Games,Harry Sheezel (North Melbourne),,,,,,,,,501.0,0.001996007984031936,,,,,,,,,,,INSUFFICIENT_WHEELO_DATA,,,INSUFFICIENT_DATA,NO_VALUE,suppressed: UNMODELLED,UNMODELLED
neds:3c5cdd35-1dc5-4d44-a5bc-c47043a12fe8:670982e2-f7ed-4b61-beca-dcd01c582325,neds,UNMODELLED,Player to Poll in Most Games,Jordan Dawson (Adelaide Crows),,,,,,,,,501.0,0.001996007984031936,,,,,,,,,,,INSUFFICIENT_WHEELO_DATA,,,INSUFFICIENT_DATA,NO_VALUE,suppressed: UNMODELLED,UNMODELLED
neds:3c5cdd35-1dc5-4d44-a5bc-c47043a12fe8:6c41c924-4afb-4a15-9357-8ea7b422395a,neds,UNMODELLED,Player to Poll in Most Games,Max Gawn (Melbourne),,,,,,,,,501.0,0.001996007984031936,,,,,,,,,,,INSUFFICIENT_WHEELO_DATA,,,INSUFFICIENT_DATA,NO_VALUE,suppressed: UNMODELLED,UNMODELLED
neds:3c5cdd35-1dc5-4d44-a5bc-c47043a12fe8:84b32bad-fa0e-427f-81ff-4d8c7a723973,neds,UNMODELLED,Player to Poll in Most Games,Patrick Cripps (Carlton),,,,,,,,,501.0,0.001996007984031936,,,,,,,,,,,INSUFFICIENT_WHEELO_DATA,,,INSUFFICIENT_DATA,NO_VALUE,suppressed: UNMODELLED,UNMODELLED
neds:3df840ba-59a2-4605-a236-88550b607c93:72fdf288-9516-42e5-b571-748e86fda448,neds,TEAM_VOTES_OU,O/U Melbourne Team Total Votes,Over,,,melbourne,85.5,over,,,,1.87,0.53475935828877,0.3123,0.05125,-22.245935828876995,-48.350935828877,-0.4159989999999999,-0.9041625,26.105,0.05125,,,INSUFFICIENT_WHEELO_DATA,,,INSUFFICIENT_DATA,NO_VALUE,no meaningful positive edge from either model,
neds:3df840ba-59a2-4605-a236-88550b607c93:264e3599-bbe4-44a8-be34-8570e7d166e4,neds,TEAM_VOTES_OU,O/U Melbourne Team Total Votes,Under,,,melbourne,85.5,under,,,,1.87,0.53475935828877,0.6877,0.94875,15.294064171123,41.399064171123,0.2859990000000001,0.7741625000000001,26.105,0.6877,,,INSUFFICIENT_WHEELO_DATA,,,INSUFFICIENT_DATA,MEDIUM_CONFIDENCE,both models see value but internal gap 26.1pp > 7.5pp -- Production is the higher-edge outlier,
neds:3edcc153-5e21-4c74-afba-89be2be377d8:d690b775-b170-4288-ae25-22e0a4ced853,neds,UNMODELLED,Leader After Round 10,Nick Daicos (Collingwood),,,,,,,,,2.5,0.4,,,,,,,,,,,INSUFFICIENT_WHEELO_DATA,,,INSUFFICIENT_DATA,NO_VALUE,suppressed: UNMODELLED,UNMODELLED
neds:3edcc153-5e21-4c74-afba-89be2be377d8:0e6fcca0-1871-4f1b-a8d8-7cb519f36ae6,neds,UNMODELLED,Leader After Round 10,Bailey Smith (Geelong Cats),,,,,,,,,3.2,0.3125,,,,,,,,,,,INSUFFICIENT_WHEELO_DATA,,,INSUFFICIENT_DATA,NO_VALUE,suppressed: UNMODELLED,UNMODELLED
neds:3edcc153-5e21-4c74-afba-89be2be377d8:60af5ce7-91df-4d1c-acd0-8adc4518249f,neds,UNMODELLED,Leader After Round 10,Marcus Bontempelli (Western Bulldogs),,,,,,,,,4.2,0.23809523809523808,,,,,,,,,,,INSUFFICIENT_WHEELO_DATA,,,INSUFFICIENT_DATA,NO_VALUE,suppressed: UNMODELLED,UNMODELLED
neds:3edcc153-5e21-4c74-afba-89be2be377d8:f282b1fc-0c8e-4634-9013-8d74ec1b3dd4,neds,UNMODELLED,Leader After Round 10,Zak Butters (Port Adelaide),,,,,,,,,7.5,0.13333333333333333,,,,,,,,,,,INSUFFICIENT_WHEELO_DATA,,,INSUFFICIENT_DATA,NO_VALUE,suppressed: UNMODELLED,UNMODELLED
neds:3edcc153-5e21-4c74-afba-89be2be377d8:577444ab-6faa-4501-9cb1-821c0d996a3a,neds,UNMODELLED,Leader After Round 10,Lachie Neale (Brisbane Lions),,,,,,,,,34.0,0.029411764705882353,,,,,,,,,,,INSUFFICIENT_WHEELO_DATA,,,INSUFFICIENT_DATA,NO_VALUE,suppressed: UNMODELLED,UNMODELLED
neds:3edcc153-5e21-4c74-afba-89be2be377d8:50b18f20-6d6a-4cbe-989d-69b14a6f13eb,neds,UNMODELLED,Leader After Round 10,Jai Newcombe (Hawthorn),,,,,,,,,51.0,0.0196078431372549,,,,,,,,,,,INSUFFICIENT_WHEELO_DATA,,,INSUFFICIENT_DATA,NO_VALUE,suppressed: UNMODELLED,UNMODELLED
neds:3edcc153-5e21-4c74-afba-89be2be377d8:bb2a452e-7d03-49b7-9718-c2caccca0f73,neds,UNMODELLED,Leader After Round 10,Harry Sheezel (North Melbourne),,,,,,,,,67.0,0.014925373134328358,,,,,,,,,,,INSUFFICIENT_WHEELO_DATA,,,INSUFFICIENT_DATA,NO_VALUE,suppressed: UNMODELLED,UNMODELLED
neds:3edcc153-5e21-4c74-afba-89be2be377d8:84823144-134b-4a3d-9c25-3394721c0706,neds,UNMODELLED,Leader After Round 10,Isaac Heeney (Sydney Swans),,,,,,,,,81.0,0.012345679012345678,,,,,,,,,,,INSUFFICIENT_WHEELO_DATA,,,INSUFFICIENT_DATA,NO_VALUE,suppressed: UNMODELLED,UNMODELLED
neds:3edcc153-5e21-4c74-afba-89be2be377d8:323c82cd-c929-433d-948f-c2e5eba2077f,neds,UNMODELLED,Leader After Round 10,Christian Petracca (Gold Coast Suns),,,,,,,,,101.0,0.009900990099009901,,,,,,,,,,,INSUFFICIENT_WHEELO_DATA,,,INSUFFICIENT_DATA,NO_VALUE,suppressed: UNMODELLED,UNMODELLED
neds:3edcc153-5e21-4c74-afba-89be2be377d8:76d53a66-059f-499d-bf96-87894f50d251,neds,UNMODELLED,Leader After Round 10,Max Gawn (Melbourne),,,,,,,,,251.0,0.00398406374501992,,,,,,,,,,,INSUFFICIENT_WHEELO_DATA,,,INSUFFICIENT_DATA,NO_VALUE,suppressed: UNMODELLED,UNMODELLED
neds:48772420-e191-42cf-aff6-1a8d29811f43:b8b4112f-1515-48d5-a770-b20ad1b712c5,neds,TEAM_VOTES_OU,O/U Fremantle Team Total Votes,Over,,,fremantle,99.5,over,,,,1.87,0.53475935828877,0.38096,0.03255,-15.379935828876995,-50.220935828877,-0.2876047999999999,-0.9391315,34.841,0.03255,,,INSUFFICIENT_WHEELO_DATA,,,INSUFFICIENT_DATA,NO_VALUE,no meaningful positive edge from either model,
neds:48772420-e191-42cf-aff6-1a8d29811f43:99b36f35-fecb-48ae-8b94-6775eea9b8f3,neds,TEAM_VOTES_OU,O/U Fremantle Team Total Votes,Under,,,fremantle,99.5,under,,,,1.87,0.53475935828877,0.61904,0.96745,8.428064171123006,43.269064171123006,0.1576048000000001,0.8091315000000001,34.841,0.61904,,,INSUFFICIENT_WHEELO_DATA,,,INSUFFICIENT_DATA,MEDIUM_CONFIDENCE,both models see value but internal gap 34.8pp > 7.5pp -- Production is the higher-edge outlier,
neds:5dd4e02a-4e67-4186-af69-d94dfed81047:72d2eb76-b8db-4c8d-8be1-b98cb92872f2,neds,TEAM_VOTES_OU,O/U Hawthorn Team Total Votes,Over,,,hawthorn,86.5,over,,,,1.87,0.53475935828877,0.29739,0.00655,-23.736935828876998,-52.82093582887699,-0.4438807,-0.9877515,29.084,0.00655,,,INSUFFICIENT_WHEELO_DATA,,,INSUFFICIENT_DATA,NO_VALUE,no meaningful positive edge from either model,
neds:5dd4e02a-4e67-4186-af69-d94dfed81047:273dfd05-90f2-4bc0-bc7a-e078a9cc1b24,neds,TEAM_VOTES_OU,O/U Hawthorn Team Total Votes,Under,,,hawthorn,86.5,under,,,,1.87,0.53475935828877,0.70261,0.99345,16.785064171122997,45.86906417112301,0.3138806999999999,0.8577515000000002,29.08400000000001,0.70261,,,INSUFFICIENT_WHEELO_DATA,,,INSUFFICIENT_DATA,MEDIUM_CONFIDENCE,both models see value but internal gap 29.1pp > 7.5pp -- Production is the higher-edge outlier,
neds:61874519-80e8-404e-98b3-1681ba084d49:58e978ac-61db-446a-b3ef-27c91616e8a1,neds,TEAM_VOTES_OU,O/U West Coast Eagles Team Total Votes,Over,,,west_coast,30.5,over,,,,1.87,0.53475935828877,0.12038,0.9589,-41.437935828876995,42.414064171123,-0.7748894,0.7931430000000002,83.85199999999999,0.12038,,,INSUFFICIENT_WHEELO_DATA,,,INSUFFICIENT_DATA,MODEL_DISAGREEMENT,only one internal model sees value and Wheelo does not corroborate -- evidence too divided for a confident conclusion,
neds:61874519-80e8-404e-98b3-1681ba084d49:64f79779-aa5e-417e-a267-fe65754e687b,neds,TEAM_VOTES_OU,O/U West Coast Eagles Team Total Votes,Under,,,west_coast,30.5,under,,,,1.87,0.53475935828877,0.87962,0.0411,34.486064171123,-49.36593582887699,0.6448894000000001,-0.923143,83.85199999999999,0.0411,,,INSUFFICIENT_WHEELO_DATA,,,INSUFFICIENT_DATA,MODEL_DISAGREEMENT,only one internal model sees value and Wheelo does not corroborate -- evidence too divided for a confident conclusion,
neds:6a7143d3-0bbc-4b4b-896d-af46c40ce3c3:b632bc15-17bf-4b56-9b12-57474df70eba,neds,TEAM_VOTES_OU,O/U Port Adelaide Team Total Votes,Over,,,port_adelaide,53.5,over,,,,1.87,0.53475935828877,0.64802,0.99705,11.326064171123008,46.229064171123,0.21179740000000025,0.8644835000000002,34.90299999999999,0.64802,,,INSUFFICIENT_WHEELO_DATA,,,INSUFFICIENT_DATA,MEDIUM_CONFIDENCE,both models see value but internal gap 34.9pp > 7.5pp -- Production is the higher-edge outlier,
neds:6a7143d3-0bbc-4b4b-896d-af46c40ce3c3:07f81b62-473e-4d76-a0c1-02cd47c0228e,neds,TEAM_VOTES_OU,O/U Port Adelaide Team Total Votes,Under,,,port_adelaide,53.5,under,,,,1.87,0.53475935828877,0.35198,0.00295,-18.277935828876995,-53.180935828877,-0.3417973999999999,-0.9944835,34.903,0.00295,,,INSUFFICIENT_WHEELO_DATA,,,INSUFFICIENT_DATA,NO_VALUE,no meaningful positive edge from either model,
neds:718e47e8-9aee-47af-a5c1-e6d088d00276:0a3900cc-d730-48cb-8e78-6b1e22f8ae91,neds,TEAM_VOTES_OU,O/U Essendon Team Total Votes,Over,,,essendon,25.5,over,,,,1.87,0.53475935828877,0.6892,0.9986,15.444064171123006,46.38406417112301,0.28880400000000006,0.8673820000000001,30.94,0.6892,,,INSUFFICIENT_WHEELO_DATA,,,INSUFFICIENT_DATA,MEDIUM_CONFIDENCE,both models see value but internal gap 30.9pp > 7.5pp -- Production is the higher-edge outlier,
neds:718e47e8-9aee-47af-a5c1-e6d088d00276:d203e9d8-c5a2-4450-b98f-a6eaa733dd25,neds,TEAM_VOTES_OU,O/U Essendon Team Total Votes,Under,,,essendon,25.5,under,,,,1.87,0.53475935828877,0.3108,0.0014,-22.395935828876993,-53.335935828877,-0.41880399999999995,-0.997382,30.94,0.0014,,,INSUFFICIENT_WHEELO_DATA,,,INSUFFICIENT_DATA,NO_VALUE,no meaningful positive edge from either model,
neds:764ff7fd-bb43-44cf-be55-25a0397b7049:62572aeb-6972-42f3-a5cd-e8935336bfbb,neds,TEAM_VOTES_OU,O/U GWS Giants Team Total Votes,Over,,,greater_western_sydney,60.5,over,,,,1.87,0.53475935828877,0.58423,0.6719,4.947064171123006,13.714064171123008,0.09251010000000015,0.25645300000000026,8.767000000000003,0.58423,,,INSUFFICIENT_WHEELO_DATA,,,INSUFFICIENT_DATA,MEDIUM_CONFIDENCE,both models see value but internal gap 8.8pp > 7.5pp -- Production is the higher-edge outlier,
neds:764ff7fd-bb43-44cf-be55-25a0397b7049:af449f5f-2644-4437-936c-6e58bb550fbf,neds,TEAM_VOTES_OU,O/U GWS Giants Team Total Votes,Under,,,greater_western_sydney,60.5,under,,,,1.87,0.53475935828877,0.41577,0.3281,-11.898935828877,-20.665935828876997,-0.22251010000000004,-0.38645299999999994,8.766999999999998,0.3281,,,INSUFFICIENT_WHEELO_DATA,,,INSUFFICIENT_DATA,NO_VALUE,no meaningful positive edge from either model,
neds:83b32724-2f37-4f4c-b56f-8f455abdc31d:c9c5226f-455d-4c42-b9a4-7b1a0493a1b9,neds,TEAM_VOTES_OU,O/U Brisbane Lions Team Total Votes,Over,,,brisbane_lions,87.5,over,,,,1.87,0.53475935828877,0.79393,0.0146,25.917064171123005,-52.015935828877005,0.48464910000000017,-0.972698,77.933,0.0146,,,INSUFFICIENT_WHEELO_DATA,,,INSUFFICIENT_DATA,MODEL_DISAGREEMENT,only one internal model sees value and Wheelo does not corroborate -- evidence too divided for a confident conclusion,
neds:83b32724-2f37-4f4c-b56f-8f455abdc31d:67fc2cfe-aa52-4632-bba6-0edd76b1fe35,neds,TEAM_VOTES_OU,O/U Brisbane Lions Team Total Votes,Under,,,brisbane_lions,87.5,under,,,,1.87,0.53475935828877,0.20607,0.9854,-32.868935828877,45.06406417112301,-0.6146491,0.8426980000000002,77.933,0.20607,,,INSUFFICIENT_WHEELO_DATA,,,INSUFFICIENT_DATA,MODEL_DISAGREEMENT,only one internal model sees value and Wheelo does not corroborate -- evidence too divided for a confident conclusion,
neds:914e0c94-7451-49fb-868c-005bc5fdab3f:6dd70625-39ce-45cc-b993-b8cd000e6a41,neds,UNMODELLED,Most Votes - Without Nick Daicos (Includes Ineligible),Bailey Smith (Geelong Cats),,,,,,,,,1.6,0.625,,,,,,,,,,,INSUFFICIENT_WHEELO_DATA,,,INSUFFICIENT_DATA,NO_VALUE,suppressed: UNMODELLED,UNMODELLED
neds:914e0c94-7451-49fb-868c-005bc5fdab3f:f54c8c86-50d0-48ce-a75e-a78f9732d7b2,neds,UNMODELLED,Most Votes - Without Nick Daicos (Includes Ineligible),Marcus Bontempelli (Western Bulldogs),,,,,,,,,2.4,0.4166666666666667,,,,,,,,,,,INSUFFICIENT_WHEELO_DATA,,,INSUFFICIENT_DATA,NO_VALUE,suppressed: UNMODELLED,UNMODELLED
neds:914e0c94-7451-49fb-868c-005bc5fdab3f:18e3682f-94be-442d-8f51-f72bc1b90b08,neds,UNMODELLED,Most Votes - Without Nick Daicos (Includes Ineligible),Patrick Cripps (Carlton),,,,,,,,,21.0,0.047619047619047616,,,,,,,,,,,INSUFFICIENT_WHEELO_DATA,,,INSUFFICIENT_DATA,NO_VALUE,suppressed: UNMODELLED,UNMODELLED
neds:914e0c94-7451-49fb-868c-005bc5fdab3f:463e5ae0-b3f6-4bfc-9ced-0724ddeff990,neds,UNMODELLED,Most Votes - Without Nick Daicos (Includes Ineligible),Will Ashcroft (Brisbane Lions),,,,,,,,,41.0,0.024390243902439025,,,,,,,,,,,INSUFFICIENT_WHEELO_DATA,,,INSUFFICIENT_DATA,NO_VALUE,suppressed: UNMODELLED,UNMODELLED
neds:914e0c94-7451-49fb-868c-005bc5fdab3f:d77d99c7-c20d-48f0-b465-c295d1e2fbc6,neds,UNMODELLED,Most Votes - Without Nick Daicos (Includes Ineligible),Jordan Dawson (Adelaide Crows),,,,,,,,,81.0,0.012345679012345678,,,,,,,,,,,INSUFFICIENT_WHEELO_DATA,,,INSUFFICIENT_DATA,NO_VALUE,suppressed: UNMODELLED,UNMODELLED
neds:914e0c94-7451-49fb-868c-005bc5fdab3f:aa9c4bcd-4165-4c83-b559-dd8be85953a9,neds,UNMODELLED,Most Votes - Without Nick Daicos (Includes Ineligible),Isaac Heeney (Sydney Swans),,,,,,,,,81.0,0.012345679012345678,,,,,,,,,,,INSUFFICIENT_WHEELO_DATA,,,INSUFFICIENT_DATA,NO_VALUE,suppressed: UNMODELLED,UNMODELLED
neds:914e0c94-7451-49fb-868c-005bc5fdab3f:7f98f5ac-8ae1-47ae-8b0e-5df58527440b,neds,UNMODELLED,Most Votes - Without Nick Daicos (Includes Ineligible),Jai Newcombe (Hawthorn),,,,,,,,,101.0,0.009900990099009901,,,,,,,,,,,INSUFFICIENT_WHEELO_DATA,,,INSUFFICIENT_DATA,NO_VALUE,suppressed: UNMODELLED,UNMODELLED
neds:914e0c94-7451-49fb-868c-005bc5fdab3f:109e634f-9972-49e9-8ae0-44f6ff39183a,neds,UNMODELLED,Most Votes - Without Nick Daicos (Includes Ineligible),Max Gawn (Melbourne),,,,,,,,,101.0,0.009900990099009901,,,,,,,,,,,INSUFFICIENT_WHEELO_DATA,,,INSUFFICIENT_DATA,NO_VALUE,suppressed: UNMODELLED,UNMODELLED
neds:914e0c94-7451-49fb-868c-005bc5fdab3f:d6e6d7f6-dd4d-4c22-8c7b-826980ff1492,neds,UNMODELLED,Most Votes - Without Nick Daicos (Includes Ineligible),Harry Sheezel (North Melbourne),,,,,,,,,101.0,0.009900990099009901,,,,,,,,,,,INSUFFICIENT_WHEELO_DATA,,,INSUFFICIENT_DATA,NO_VALUE,suppressed: UNMODELLED,UNMODELLED
neds:914e0c94-7451-49fb-868c-005bc5fdab3f:3d3ac65b-c38d-4136-be39-fde8db2688ee,neds,UNMODELLED,Most Votes - Without Nick Daicos (Includes Ineligible),Lachie Neale (Brisbane Lions),,,,,,,,,101.0,0.009900990099009901,,,,,,,,,,,INSUFFICIENT_WHEELO_DATA,,,INSUFFICIENT_DATA,NO_VALUE,suppressed: UNMODELLED,UNMODELLED
neds:914e0c94-7451-49fb-868c-005bc5fdab3f:a9d67a37-be2e-4b7d-a2a3-3befbd01c628,neds,UNMODELLED,Most Votes - Without Nick Daicos (Includes Ineligible),Luke Jackson (Fremantle),,,,,,,,,101.0,0.009900990099009901,,,,,,,,,,,INSUFFICIENT_WHEELO_DATA,,,INSUFFICIENT_DATA,NO_VALUE,suppressed: UNMODELLED,UNMODELLED
neds:914e0c94-7451-49fb-868c-005bc5fdab3f:12e689b5-0ffa-45c5-8bcb-3185d3652c59,neds,UNMODELLED,Most Votes - Without Nick Daicos (Includes Ineligible),Chad Warner (Sydney Swans),,,,,,,,,151.0,0.006622516556291391,,,,,,,,,,,INSUFFICIENT_WHEELO_DATA,,,INSUFFICIENT_DATA,NO_VALUE,suppressed: UNMODELLED,UNMODELLED
neds:914e0c94-7451-49fb-868c-005bc5fdab3f:18793083-fe4f-448f-904f-c266f2b843f0,neds,UNMODELLED,Most Votes - Without Nick Daicos (Includes Ineligible),Kysaiah Pickett (Melbourne),,,,,,,,,151.0,0.006622516556291391,,,,,,,,,,,INSUFFICIENT_WHEELO_DATA,,,INSUFFICIENT_DATA,NO_VALUE,suppressed: UNMODELLED,UNMODELLED
neds:914e0c94-7451-49fb-868c-005bc5fdab3f:8b9c8bc5-bdeb-4452-9cca-491028b12577,neds,UNMODELLED,Most Votes - Without Nick Daicos (Includes Ineligible),Nasiah Wanganeen-Milera (St Kilda),,,,,,,,,151.0,0.006622516556291391,,,,,,,,,,,INSUFFICIENT_WHEELO_DATA,,,INSUFFICIENT_DATA,NO_VALUE,suppressed: UNMODELLED,UNMODELLED
neds:914e0c94-7451-49fb-868c-005bc5fdab3f:e68aa95c-a75d-4e23-b635-429294c98f89,neds,UNMODELLED,Most Votes - Without Nick Daicos (Includes Ineligible),Zak Butters (Port Adelaide),,,,,,,,,151.0,0.006622516556291391,,,,,,,,,,,INSUFFICIENT_WHEELO_DATA,,,INSUFFICIENT_DATA,NO_VALUE,suppressed: UNMODELLED,UNMODELLED
neds:914e0c94-7451-49fb-868c-005bc5fdab3f:1c22ec96-d783-4034-af2b-37d137432d40,neds,UNMODELLED,Most Votes - Without Nick Daicos (Includes Ineligible),Luke Davies-Uniacke (North Melbourne),,,,,,,,,151.0,0.006622516556291391,,,,,,,,,,,INSUFFICIENT_WHEELO_DATA,,,INSUFFICIENT_DATA,NO_VALUE,suppressed: UNMODELLED,UNMODELLED
neds:914e0c94-7451-49fb-868c-005bc5fdab3f:a2a6d1e9-ef16-4364-b0f1-843c39ca074d,neds,UNMODELLED,Most Votes - Without Nick Daicos (Includes Ineligible),Shai Bolton (Fremantle),,,,,,,,,201.0,0.004975124378109453,,,,,,,,,,,INSUFFICIENT_WHEELO_DATA,,,INSUFFICIENT_DATA,NO_VALUE,suppressed: UNMODELLED,UNMODELLED
neds:914e0c94-7451-49fb-868c-005bc5fdab3f:5fd54030-8177-465e-9cf2-00221f583f79,neds,UNMODELLED,Most Votes - Without Nick Daicos (Includes Ineligible),Caleb Serong (Fremantle),,,,,,,,,201.0,0.004975124378109453,,,,,,,,,,,INSUFFICIENT_WHEELO_DATA,,,INSUFFICIENT_DATA,NO_VALUE,suppressed: UNMODELLED,UNMODELLED
neds:914e0c94-7451-49fb-868c-005bc5fdab3f:5b058cca-7704-4831-9d15-b4f056b7d4fa,neds,UNMODELLED,Most Votes - Without Nick Daicos (Includes Ineligible),Ed Richards (Western Bulldogs),,,,,,,,,251.0,0.00398406374501992,,,,,,,,,,,INSUFFICIENT_WHEELO_DATA,,,INSUFFICIENT_DATA,NO_VALUE,suppressed: UNMODELLED,UNMODELLED
neds:914e0c94-7451-49fb-868c-005bc5fdab3f:d9e7267a-512c-4a81-8c27-ac8e9397006d,neds,UNMODELLED,Most Votes - Without Nick Daicos (Includes Ineligible),Jason Horne-Francis (Port Adelaide),,,,,,,,,251.0,0.00398406374501992,,,,,,,,,,,INSUFFICIENT_WHEELO_DATA,,,INSUFFICIENT_DATA,NO_VALUE,suppressed: UNMODELLED,UNMODELLED
neds:914e0c94-7451-49fb-868c-005bc5fdab3f:83420aa0-9f13-4369-9eaf-aad3ffbadbed,neds,UNMODELLED,Most Votes - Without Nick Daicos (Includes Ineligible),Murphy Reid (Fremantle),,,,,,,,,251.0,0.00398406374501992,,,,,,,,,,,INSUFFICIENT_WHEELO_DATA,,,INSUFFICIENT_DATA,NO_VALUE,suppressed: UNMODELLED,UNMODELLED
neds:914e0c94-7451-49fb-868c-005bc5fdab3f:15b2c4ab-2d75-49f2-a700-99590f0a75f4,neds,UNMODELLED,Most Votes - Without Nick Daicos (Includes Ineligible),Andrew Brayshaw (Fremantle),,,,,,,,,251.0,0.00398406374501992,,,,,,,,,,,INSUFFICIENT_WHEELO_DATA,,,INSUFFICIENT_DATA,NO_VALUE,suppressed: UNMODELLED,UNMODELLED
neds:91eaf14d-5567-4f2c-82f9-5d03bc553961:28f50b8d-3320-438b-876f-8114badb3930,neds,TEAM_VOTES_OU,O/U North Melbourne Team Total Votes ,Over,,,north_melbourne,67.5,over,,,,1.87,0.53475935828877,0.53758,0.85305,0.28206417112299764,31.829064171123,0.005274599999999907,0.5952035,31.547000000000004,0.53758,,,INSUFFICIENT_WHEELO_DATA,,,INSUFFICIENT_DATA,MEDIUM_CONFIDENCE,both models see value but internal gap 31.5pp > 7.5pp -- Production is the higher-edge outlier,
neds:91eaf14d-5567-4f2c-82f9-5d03bc553961:55b519d1-d83a-4fe5-adde-b203126bee1b,neds,TEAM_VOTES_OU,O/U North Melbourne Team Total Votes ,Under,,,north_melbourne,67.5,under,,,,1.87,0.53475935828877,0.46242,0.14695,-7.233935828876997,-38.78093582887699,-0.1352745999999999,-0.7252035,31.547000000000004,0.14695,,,INSUFFICIENT_WHEELO_DATA,,,INSUFFICIENT_DATA,NO_VALUE,no meaningful positive edge from either model,
neds:9b1377bf-57a7-40a6-a523-48b99d87d974:599189e1-4172-4817-b50d-6ef778053c14,neds,UNMODELLED,Leader After Round 6,Nick Daicos (Collingwood),,,,,,,,,1.6,0.625,,,,,,,,,,,INSUFFICIENT_WHEELO_DATA,,,INSUFFICIENT_DATA,NO_VALUE,suppressed: UNMODELLED,UNMODELLED
neds:9b1377bf-57a7-40a6-a523-48b99d87d974:5b71d871-1470-491a-90e9-a8a9cd97a8cc,neds,UNMODELLED,Leader After Round 6,Zak Butters (Port Adelaide),,,,,,,,,5.0,0.2,,,,,,,,,,,INSUFFICIENT_WHEELO_DATA,,,INSUFFICIENT_DATA,NO_VALUE,suppressed: UNMODELLED,UNMODELLED
neds:9b1377bf-57a7-40a6-a523-48b99d87d974:4c1f4f75-33ee-40c1-837c-6057f7368f1b,neds,UNMODELLED,Leader After Round 6,Bailey Smith (Geelong Cats),,,,,,,,,5.75,0.17391304347826086,,,,,,,,,,,INSUFFICIENT_WHEELO_DATA,,,INSUFFICIENT_DATA,NO_VALUE,suppressed: UNMODELLED,UNMODELLED
neds:9b1377bf-57a7-40a6-a523-48b99d87d974:4753facb-cc42-4577-816a-70bfdb14a2a2,neds,UNMODELLED,Leader After Round 6,Marcus Bontempelli (Western Bulldogs),,,,,,,,,17.0,0.058823529411764705,,,,,,,,,,,INSUFFICIENT_WHEELO_DATA,,,INSUFFICIENT_DATA,NO_VALUE,suppressed: UNMODELLED,UNMODELLED
neds:9b1377bf-57a7-40a6-a523-48b99d87d974:c02a32a1-6bac-4fa5-a4e0-68b90be065ba,neds,UNMODELLED,Leader After Round 6,Harry Sheezel (North Melbourne),,,,,,,,,17.0,0.058823529411764705,,,,,,,,,,,INSUFFICIENT_WHEELO_DATA,,,INSUFFICIENT_DATA,NO_VALUE,suppressed: UNMODELLED,UNMODELLED
neds:9b1377bf-57a7-40a6-a523-48b99d87d974:9672aa28-9ee3-47a6-9c83-cb5f7f842300,neds,UNMODELLED,Leader After Round 6,Luke Davies-Uniacke (North Melbourne),,,,,,,,,101.0,0.009900990099009901,,,,,,,,,,,INSUFFICIENT_WHEELO_DATA,,,INSUFFICIENT_DATA,NO_VALUE,suppressed: UNMODELLED,UNMODELLED
neds:9b1377bf-57a7-40a6-a523-48b99d87d974:99c11f0a-b9fb-4dae-a3dc-35abc19fa8f3,neds,UNMODELLED,Leader After Round 6,Caleb Serong (Fremantle),,,,,,,,,151.0,0.006622516556291391,,,,,,,,,,,INSUFFICIENT_WHEELO_DATA,,,INSUFFICIENT_DATA,NO_VALUE,suppressed: UNMODELLED,UNMODELLED
neds:9b1377bf-57a7-40a6-a523-48b99d87d974:cc9c330f-2091-4fec-b38d-172ea68d97b0,neds,UNMODELLED,Leader After Round 6,Jai Newcombe (Hawthorn),,,,,,,,,151.0,0.006622516556291391,,,,,,,,,,,INSUFFICIENT_WHEELO_DATA,,,INSUFFICIENT_DATA,NO_VALUE,suppressed: UNMODELLED,UNMODELLED
neds:9b1377bf-57a7-40a6-a523-48b99d87d974:dedfe1b7-3468-4264-a741-a3ce29f70734,neds,UNMODELLED,Leader After Round 6,Max Gawn (Melbourne),,,,,,,,,251.0,0.00398406374501992,,,,,,,,,,,INSUFFICIENT_WHEELO_DATA,,,INSUFFICIENT_DATA,NO_VALUE,suppressed: UNMODELLED,UNMODELLED
neds:9b1377bf-57a7-40a6-a523-48b99d87d974:e9acf054-1ee4-429d-bd46-f09aa1283e71,neds,UNMODELLED,Leader After Round 6,Christian Petracca (Melbourne),,,,,,,,,251.0,0.00398406374501992,,,,,,,,,,,INSUFFICIENT_WHEELO_DATA,,,INSUFFICIENT_DATA,NO_VALUE,suppressed: UNMODELLED,UNMODELLED
neds:9b1377bf-57a7-40a6-a523-48b99d87d974:214045e4-6465-4a95-9eeb-d17f9f4d8057,neds,UNMODELLED,Leader After Round 6,Isaac Heeney (Sydney Swans),,,,,,,,,251.0,0.00398406374501992,,,,,,,,,,,INSUFFICIENT_WHEELO_DATA,,,INSUFFICIENT_DATA,NO_VALUE,suppressed: UNMODELLED,UNMODELLED
neds:9b1377bf-57a7-40a6-a523-48b99d87d974:eca7d724-a795-4516-94d3-c07e88415167,neds,UNMODELLED,Leader After Round 6,Lachie Neale (Brisbane Lions),,,,,,,,,251.0,0.00398406374501992,,,,,,,,,,,INSUFFICIENT_WHEELO_DATA,,,INSUFFICIENT_DATA,NO_VALUE,suppressed: UNMODELLED,UNMODELLED
neds:b87e6ee1-1bdb-4943-a895-ec6960cdfee4:b91edc20-e844-4eb6-9788-d07486617466,neds,TEAM_VOTES_OU,O/U Collingwood Team Total Votes,Over,,,collingwood,79.5,over,,,,1.87,0.53475935828877,0.644,0.2515,10.924064171123005,-28.325935828876997,0.20428000000000002,-0.529695,39.25,0.2515,,,INSUFFICIENT_WHEELO_DATA,,,INSUFFICIENT_DATA,MODEL_DISAGREEMENT,only one internal model sees value and Wheelo does not corroborate -- evidence too divided for a confident conclusion,
neds:b87e6ee1-1bdb-4943-a895-ec6960cdfee4:ba70d86b-c6bb-4335-84d6-8e701bf8aefc,neds,TEAM_VOTES_OU,O/U Collingwood Team Total Votes,Under,,,collingwood,79.5,under,,,,1.87,0.53475935828877,0.356,0.7485,-17.875935828876997,21.37406417112301,-0.33428,0.39969500000000013,39.25000000000001,0.356,,,INSUFFICIENT_WHEELO_DATA,,,INSUFFICIENT_DATA,MODEL_DISAGREEMENT,only one internal model sees value and Wheelo does not corroborate -- evidence too divided for a confident conclusion,
neds:c5049380-d4f9-4e0c-be9c-70516186e0b5:93d23814-79fb-47c8-90b1-b7d946519545,neds,UNMODELLED,Winning Margin,1 to 2 votes,,,,,,,,,17.0,0.058823529411764705,,,,,,,,,,,INSUFFICIENT_WHEELO_DATA,,,INSUFFICIENT_DATA,NO_VALUE,suppressed: UNMODELLED,UNMODELLED
neds:c5049380-d4f9-4e0c-be9c-70516186e0b5:680d8832-8c83-471e-b663-169e0c5642af,neds,UNMODELLED,Winning Margin,3 to 4 votes,,,,,,,,,11.0,0.09090909090909091,,,,,,,,,,,INSUFFICIENT_WHEELO_DATA,,,INSUFFICIENT_DATA,NO_VALUE,suppressed: UNMODELLED,UNMODELLED
neds:c5049380-d4f9-4e0c-be9c-70516186e0b5:7e0b096b-9424-48a0-acd6-297cf5d19ae7,neds,UNMODELLED,Winning Margin,5 to 6 votes,,,,,,,,,7.0,0.14285714285714285,,,,,,,,,,,INSUFFICIENT_WHEELO_DATA,,,INSUFFICIENT_DATA,NO_VALUE,suppressed: UNMODELLED,UNMODELLED
neds:c5049380-d4f9-4e0c-be9c-70516186e0b5:298f6c41-cfda-4230-9007-ec5a7ab9db2e,neds,UNMODELLED,Winning Margin,7 to 10 votes,,,,,,,,,2.65,0.37735849056603776,,,,,,,,,,,INSUFFICIENT_WHEELO_DATA,,,INSUFFICIENT_DATA,NO_VALUE,suppressed: UNMODELLED,UNMODELLED
neds:c5049380-d4f9-4e0c-be9c-70516186e0b5:1e03da14-61e4-4fcf-ac32-5fe7fc84f03a,neds,UNMODELLED,Winning Margin,11+ votes,,,,,,,,,2.1,0.47619047619047616,,,,,,,,,,,INSUFFICIENT_WHEELO_DATA,,,INSUFFICIENT_DATA,NO_VALUE,suppressed: UNMODELLED,UNMODELLED
neds:c5049380-d4f9-4e0c-be9c-70516186e0b5:3a1c0e5d-8d0b-451e-b7dc-8bfa1b378807,neds,UNMODELLED,Winning Margin,Tie,,,,,,,,,81.0,0.012345679012345678,,,,,,,,,,,INSUFFICIENT_WHEELO_DATA,,,INSUFFICIENT_DATA,NO_VALUE,suppressed: UNMODELLED,UNMODELLED
neds:c836af84-93e4-4704-ba22-9c541b732a9e:86176334-8eba-4e0b-ba23-e29026d6fbce,neds,TEAM_VOTES_OU,O/U St Kilda Team Total Votes,Over,,,st_kilda,70.5,over,,,,1.87,0.53475935828877,0.46677,0.96035,-6.798935828876996,42.559064171123005,-0.12714009999999987,0.7958545000000001,49.358000000000004,0.46677,,,INSUFFICIENT_WHEELO_DATA,,,INSUFFICIENT_DATA,MODEL_DISAGREEMENT,only one internal model sees value and Wheelo does not corroborate -- evidence too divided for a confident conclusion,
neds:c836af84-93e4-4704-ba22-9c541b732a9e:440018fe-e359-4264-828b-b6b8640f871e,neds,TEAM_VOTES_OU,O/U St Kilda Team Total Votes,Under,,,st_kilda,70.5,under,,,,1.87,0.53475935828877,0.53323,0.03965,-0.15293582887699886,-49.510935828876995,-0.0028599000000000263,-0.9258545,49.358,0.03965,,,INSUFFICIENT_WHEELO_DATA,,,INSUFFICIENT_DATA,NO_VALUE,no meaningful positive edge from either model,
neds:c86df258-5c99-471f-8ccc-3437386cbe97:77ea0cb7-1010-4dbf-8613-f0da5db8bd2f,neds,TEAM_VOTES_OU,O/U Adelaide Crows Team Total Votes,Over,,,adelaide,84.5,over,,,,1.87,0.53475935828877,0.51867,0.0834,-1.6089358288770006,-45.135935828876995,-0.030087100000000033,-0.844042,43.526999999999994,0.0834,,,INSUFFICIENT_WHEELO_DATA,,,INSUFFICIENT_DATA,NO_VALUE,no meaningful positive edge from either model,
neds:c86df258-5c99-471f-8ccc-3437386cbe97:de6b6018-92c5-41d7-8204-a1dfa9129ccc,neds,TEAM_VOTES_OU,O/U Adelaide Crows Team Total Votes,Under,,,adelaide,84.5,under,,,,1.87,0.53475935828877,0.48133,0.9166,-5.342935828876999,38.184064171123,-0.09991289999999997,0.7140420000000001,43.527,0.48133,,,INSUFFICIENT_WHEELO_DATA,,,INSUFFICIENT_DATA,MODEL_DISAGREEMENT,only one internal model sees value and Wheelo does not corroborate -- evidence too divided for a confident conclusion,
neds:d6c7c334-48f5-404d-8bee-b5ea66d34450:5ec7bf9c-004e-45b0-8783-0c4d6ddef896,neds,TEAM_VOTES_OU,O/U Sydney Swans Team Total Votes,Over,,,sydney,102.5,over,,,,1.87,0.53475935828877,,0.01745,,-51.730935828877,,-0.9673685,,0.01745,,,INSUFFICIENT_WHEELO_DATA,,,INSUFFICIENT_DATA,NO_VALUE,suppressed: INSUFFICIENT_SIMULATION_SUPPORT,INSUFFICIENT_SIMULATION_SUPPORT
neds:d6c7c334-48f5-404d-8bee-b5ea66d34450:e1de9f1a-6bf4-479f-b586-abc62f918eab,neds,TEAM_VOTES_OU,O/U Sydney Swans Team Total Votes,Under,,,sydney,102.5,under,,,,1.87,0.53475935828877,,0.98255,,44.779064171123004,,0.8373685000000002,,0.98255,,,INSUFFICIENT_WHEELO_DATA,,,INSUFFICIENT_DATA,NO_VALUE,suppressed: INSUFFICIENT_SIMULATION_SUPPORT,INSUFFICIENT_SIMULATION_SUPPORT
neds:f93cb1cb-d3c0-4f23-84a7-eb388803c4b4:8346adc6-c46f-4b3f-843a-8a0393fb07c6,neds,TEAM_VOTES_OU,O/U Carlton Team Total Votes,Over,,,carlton,72.5,over,,,,1.87,0.53475935828877,0.2339,0.21725,-30.085935828877,-31.750935828876997,-0.562607,-0.5937425000000001,1.6649999999999998,0.21725,,,INSUFFICIENT_WHEELO_DATA,,,INSUFFICIENT_DATA,NO_VALUE,no meaningful positive edge from either model,
neds:f93cb1cb-d3c0-4f23-84a7-eb388803c4b4:5a594dfc-f4b5-4e61-8359-d5cbd9e9d1a9,neds,TEAM_VOTES_OU,O/U Carlton Team Total Votes,Under,,,carlton,72.5,under,,,,1.87,0.53475935828877,0.7661,0.78275,23.134064171123004,24.799064171122996,0.4326070000000002,0.46374249999999995,1.6649999999999943,0.7661,,,INSUFFICIENT_WHEELO_DATA,,,INSUFFICIENT_DATA,HIGH_CONFIDENCE_WHEELO_NEUTRAL,both models positive EV and agree; Wheelo neither confirms nor materially contradicts,
pointsbet_1:114281705:1,pointsbet_1,UNMODELLED,Winning Margin (Brownlow Medal 2026),Tie,,,,0.0,,,,,81.0,0.012345679012345678,,,,,,,,,,,INSUFFICIENT_WHEELO_DATA,,,INSUFFICIENT_DATA,NO_VALUE,suppressed: UNMODELLED,UNMODELLED
pointsbet_1:114281705:2,pointsbet_1,UNMODELLED,Winning Margin (Brownlow Medal 2026),1-2 votes,,,,0.0,,,,,19.0,0.05263157894736842,,,,,,,,,,,INSUFFICIENT_WHEELO_DATA,,,INSUFFICIENT_DATA,NO_VALUE,suppressed: UNMODELLED,UNMODELLED
pointsbet_1:114281705:3,pointsbet_1,UNMODELLED,Winning Margin (Brownlow Medal 2026),3-4 votes,,,,0.0,,,,,11.0,0.09090909090909091,,,,,,,,,,,INSUFFICIENT_WHEELO_DATA,,,INSUFFICIENT_DATA,NO_VALUE,suppressed: UNMODELLED,UNMODELLED
pointsbet_1:114281705:4,pointsbet_1,UNMODELLED,Winning Margin (Brownlow Medal 2026),5-6 votes,,,,0.0,,,,,7.0,0.14285714285714285,,,,,,,,,,,INSUFFICIENT_WHEELO_DATA,,,INSUFFICIENT_DATA,NO_VALUE,suppressed: UNMODELLED,UNMODELLED
pointsbet_1:114281705:5,pointsbet_1,UNMODELLED,Winning Margin (Brownlow Medal 2026),7-10 votes,,,,0.0,,,,,2.65,0.37735849056603776,,,,,,,,,,,INSUFFICIENT_WHEELO_DATA,,,INSUFFICIENT_DATA,NO_VALUE,suppressed: UNMODELLED,UNMODELLED
pointsbet_1:114281705:6,pointsbet_1,UNMODELLED,Winning Margin (Brownlow Medal 2026),11+ votes,,,,0.0,,,,,2.1,0.47619047619047616,,,,,,,,,,,INSUFFICIENT_WHEELO_DATA,,,INSUFFICIENT_DATA,NO_VALUE,suppressed: UNMODELLED,UNMODELLED
pointsbet_1:112508292:2,pointsbet_1,UNMODELLED,Winner Without Nick Daicos (Brownlow Medal 2026),Bailey Smith,,,,0.0,,,,,1.6,0.625,,,,,,,,,,,INSUFFICIENT_WHEELO_DATA,,,INSUFFICIENT_DATA,NO_VALUE,suppressed: UNMODELLED,UNMODELLED
pointsbet_1:112508292:1,pointsbet_1,UNMODELLED,Winner Without Nick Daicos (Brownlow Medal 2026),Marcus Bontempelli,,,,0.0,,,,,2.35,0.425531914893617,,,,,,,,,,,INSUFFICIENT_WHEELO_DATA,,,INSUFFICIENT_DATA,NO_VALUE,suppressed: UNMODELLED,UNMODELLED
pointsbet_1:112508292:5,pointsbet_1,UNMODELLED,Winner Without Nick Daicos (Brownlow Medal 2026),Patrick Cripps,,,,0.0,,,,,23.0,0.043478260869565216,,,,,,,,,,,INSUFFICIENT_WHEELO_DATA,,,INSUFFICIENT_DATA,NO_VALUE,suppressed: UNMODELLED,UNMODELLED
pointsbet_1:112508292:13,pointsbet_1,UNMODELLED,Winner Without Nick Daicos (Brownlow Medal 2026),Will Ashcroft,,,,0.0,,,,,67.0,0.014925373134328358,,,,,,,,,,,INSUFFICIENT_WHEELO_DATA,,,INSUFFICIENT_DATA,NO_VALUE,suppressed: UNMODELLED,UNMODELLED
pointsbet_1:112508292:17,pointsbet_1,UNMODELLED,Winner Without Nick Daicos (Brownlow Medal 2026),Max Gawn,,,,0.0,,,,,67.0,0.014925373134328358,,,,,,,,,,,INSUFFICIENT_WHEELO_DATA,,,INSUFFICIENT_DATA,NO_VALUE,suppressed: UNMODELLED,UNMODELLED
pointsbet_1:112508292:4,pointsbet_1,UNMODELLED,Winner Without Nick Daicos (Brownlow Medal 2026),Jai Newcombe,,,,0.0,,,,,81.0,0.012345679012345678,,,,,,,,,,,INSUFFICIENT_WHEELO_DATA,,,INSUFFICIENT_DATA,NO_VALUE,suppressed: UNMODELLED,UNMODELLED
pointsbet_1:112508292:6,pointsbet_1,UNMODELLED,Winner Without Nick Daicos (Brownlow Medal 2026),Lachie Neale,,,,0.0,,,,,101.0,0.009900990099009901,,,,,,,,,,,INSUFFICIENT_WHEELO_DATA,,,INSUFFICIENT_DATA,NO_VALUE,suppressed: UNMODELLED,UNMODELLED
pointsbet_1:112508292:7,pointsbet_1,UNMODELLED,Winner Without Nick Daicos (Brownlow Medal 2026),Isaac Heeney,,,,0.0,,,,,101.0,0.009900990099009901,,,,,,,,,,,INSUFFICIENT_WHEELO_DATA,,,INSUFFICIENT_DATA,NO_VALUE,suppressed: UNMODELLED,UNMODELLED
pointsbet_1:112508292:8,pointsbet_1,UNMODELLED,Winner Without Nick Daicos (Brownlow Medal 2026),Jordan Dawson,,,,0.0,,,,,101.0,0.009900990099009901,,,,,,,,,,,INSUFFICIENT_WHEELO_DATA,,,INSUFFICIENT_DATA,NO_VALUE,suppressed: UNMODELLED,UNMODELLED
pointsbet_1:112508292:10,pointsbet_1,UNMODELLED,Winner Without Nick Daicos (Brownlow Medal 2026),Luke Jackson,,,,0.0,,,,,101.0,0.009900990099009901,,,,,,,,,,,INSUFFICIENT_WHEELO_DATA,,,INSUFFICIENT_DATA,NO_VALUE,suppressed: UNMODELLED,UNMODELLED
pointsbet_1:112508292:11,pointsbet_1,UNMODELLED,Winner Without Nick Daicos (Brownlow Medal 2026),Nasiah Wanganeen-Milera,,,,0.0,,,,,101.0,0.009900990099009901,,,,,,,,,,,INSUFFICIENT_WHEELO_DATA,,,INSUFFICIENT_DATA,NO_VALUE,suppressed: UNMODELLED,UNMODELLED
pointsbet_1:112508292:20,pointsbet_1,UNMODELLED,Winner Without Nick Daicos (Brownlow Medal 2026),Zak Butters,,,,0.0,,,,,101.0,0.009900990099009901,,,,,,,,,,,INSUFFICIENT_WHEELO_DATA,,,INSUFFICIENT_DATA,NO_VALUE,suppressed: UNMODELLED,UNMODELLED
pointsbet_1:112508292:3,pointsbet_1,UNMODELLED,Winner Without Nick Daicos (Brownlow Medal 2026),Harry Sheezel,,,,0.0,,,,,151.0,0.006622516556291391,,,,,,,,,,,INSUFFICIENT_WHEELO_DATA,,,INSUFFICIENT_DATA,NO_VALUE,suppressed: UNMODELLED,UNMODELLED
pointsbet_1:112508292:9,pointsbet_1,UNMODELLED,Winner Without Nick Daicos (Brownlow Medal 2026),Kysaiah Pickett,,,,0.0,,,,,151.0,0.006622516556291391,,,,,,,,,,,INSUFFICIENT_WHEELO_DATA,,,INSUFFICIENT_DATA,NO_VALUE,suppressed: UNMODELLED,UNMODELLED
pointsbet_1:112508292:12,pointsbet_1,UNMODELLED,Winner Without Nick Daicos (Brownlow Medal 2026),Andrew Brayshaw,,,,0.0,,,,,151.0,0.006622516556291391,,,,,,,,,,,INSUFFICIENT_WHEELO_DATA,,,INSUFFICIENT_DATA,NO_VALUE,suppressed: UNMODELLED,UNMODELLED
pointsbet_1:112508292:14,pointsbet_1,UNMODELLED,Winner Without Nick Daicos (Brownlow Medal 2026),Luke Davies-Uniacke,,,,0.0,,,,,151.0,0.006622516556291391,,,,,,,,,,,INSUFFICIENT_WHEELO_DATA,,,INSUFFICIENT_DATA,NO_VALUE,suppressed: UNMODELLED,UNMODELLED
pointsbet_1:112508292:16,pointsbet_1,UNMODELLED,Winner Without Nick Daicos (Brownlow Medal 2026),Harley Reid,,,,0.0,,,,,151.0,0.006622516556291391,,,,,,,,,,,INSUFFICIENT_WHEELO_DATA,,,INSUFFICIENT_DATA,NO_VALUE,suppressed: UNMODELLED,UNMODELLED
pointsbet_1:112508292:18,pointsbet_1,UNMODELLED,Winner Without Nick Daicos (Brownlow Medal 2026),Clayton Oliver,,,,0.0,,,,,151.0,0.006622516556291391,,,,,,,,,,,INSUFFICIENT_WHEELO_DATA,,,INSUFFICIENT_DATA,NO_VALUE,suppressed: UNMODELLED,UNMODELLED
pointsbet_1:112556466:1,pointsbet_1,UNMODELLED,Nick Daicos to Break the Record (46+ Votes) (Brownlow Medal 2026),Yes,,,,0.0,,,,,2.95,0.3389830508474576,,,,,,,,,,,INSUFFICIENT_WHEELO_DATA,,,INSUFFICIENT_DATA,NO_VALUE,suppressed: UNMODELLED,UNMODELLED
pointsbet_1:112556466:2,pointsbet_1,UNMODELLED,Nick Daicos to Break the Record (46+ Votes) (Brownlow Medal 2026),No,,,,0.0,,,,,1.4,0.7142857142857143,,,,,,,,,,,INSUFFICIENT_WHEELO_DATA,,,INSUFFICIENT_DATA,NO_VALUE,suppressed: UNMODELLED,UNMODELLED
pointsbet_1:114277470:1,pointsbet_1,UNMODELLED,Brownlow Medal Quinella (Brownlow Medal 2026),Bailey Smith/Nick Daicos,,,,0.0,,,,,1.6,0.625,,,,,,,,,,,INSUFFICIENT_WHEELO_DATA,,,INSUFFICIENT_DATA,NO_VALUE,suppressed: UNMODELLED,UNMODELLED
pointsbet_1:114277470:2,pointsbet_1,UNMODELLED,Brownlow Medal Quinella (Brownlow Medal 2026),Marcus Bontempelli/Nick Daicos,,,,0.0,,,,,2.35,0.425531914893617,,,,,,,,,,,INSUFFICIENT_WHEELO_DATA,,,INSUFFICIENT_DATA,NO_VALUE,suppressed: UNMODELLED,UNMODELLED
pointsbet_1:114277470:3,pointsbet_1,UNMODELLED,Brownlow Medal Quinella (Brownlow Medal 2026),Nick Daicos/Patrick Cripps,,,,0.0,,,,,23.0,0.043478260869565216,,,,,,,,,,,INSUFFICIENT_WHEELO_DATA,,,INSUFFICIENT_DATA,NO_VALUE,suppressed: UNMODELLED,UNMODELLED
pointsbet_1:114277470:5,pointsbet_1,UNMODELLED,Brownlow Medal Quinella (Brownlow Medal 2026),Nick Daicos/Will Ashcroft,,,,0.0,,,,,67.0,0.014925373134328358,,,,,,,,,,,INSUFFICIENT_WHEELO_DATA,,,INSUFFICIENT_DATA,NO_VALUE,suppressed: UNMODELLED,UNMODELLED
pointsbet_1:114277470:9,pointsbet_1,UNMODELLED,Brownlow Medal Quinella (Brownlow Medal 2026),Max Gawn/Nick Daicos,,,,0.0,,,,,67.0,0.014925373134328358,,,,,,,,,,,INSUFFICIENT_WHEELO_DATA,,,INSUFFICIENT_DATA,NO_VALUE,suppressed: UNMODELLED,UNMODELLED
pointsbet_1:114277470:4,pointsbet_1,UNMODELLED,Brownlow Medal Quinella (Brownlow Medal 2026),Jai Newcombe/Nick Daicos,,,,0.0,,,,,101.0,0.009900990099009901,,,,,,,,,,,INSUFFICIENT_WHEELO_DATA,,,INSUFFICIENT_DATA,NO_VALUE,suppressed: UNMODELLED,UNMODELLED
pointsbet_1:114277470:6,pointsbet_1,UNMODELLED,Brownlow Medal Quinella (Brownlow Medal 2026),Jordan Dawson/Nick Daicos,,,,0.0,,,,,101.0,0.009900990099009901,,,,,,,,,,,INSUFFICIENT_WHEELO_DATA,,,INSUFFICIENT_DATA,NO_VALUE,suppressed: UNMODELLED,UNMODELLED
pointsbet_1:114277470:7,pointsbet_1,UNMODELLED,Brownlow Medal Quinella (Brownlow Medal 2026),Lachie Neale/Nick Daicos,,,,0.0,,,,,101.0,0.009900990099009901,,,,,,,,,,,INSUFFICIENT_WHEELO_DATA,,,INSUFFICIENT_DATA,NO_VALUE,suppressed: UNMODELLED,UNMODELLED
pointsbet_1:114277470:8,pointsbet_1,UNMODELLED,Brownlow Medal Quinella (Brownlow Medal 2026),Isaac Heeney/Nick Daicos,,,,0.0,,,,,101.0,0.009900990099009901,,,,,,,,,,,INSUFFICIENT_WHEELO_DATA,,,INSUFFICIENT_DATA,NO_VALUE,suppressed: UNMODELLED,UNMODELLED
pointsbet_1:114277470:14,pointsbet_1,UNMODELLED,Brownlow Medal Quinella (Brownlow Medal 2026),Nasiah Wanganeen-Milera/Nick Daicos,,,,0.0,,,,,101.0,0.009900990099009901,,,,,,,,,,,INSUFFICIENT_WHEELO_DATA,,,INSUFFICIENT_DATA,NO_VALUE,suppressed: UNMODELLED,UNMODELLED
pointsbet_1:114277470:15,pointsbet_1,UNMODELLED,Brownlow Medal Quinella (Brownlow Medal 2026),Nick Daicos/Zak Butters,,,,0.0,,,,,101.0,0.009900990099009901,,,,,,,,,,,INSUFFICIENT_WHEELO_DATA,,,INSUFFICIENT_DATA,NO_VALUE,suppressed: UNMODELLED,UNMODELLED
pointsbet_1:114277470:10,pointsbet_1,UNMODELLED,Brownlow Medal Quinella (Brownlow Medal 2026),Harry Sheezel/Nick Daicos,,,,0.0,,,,,151.0,0.006622516556291391,,,,,,,,,,,INSUFFICIENT_WHEELO_DATA,,,INSUFFICIENT_DATA,NO_VALUE,suppressed: UNMODELLED,UNMODELLED
pointsbet_1:114277470:11,pointsbet_1,UNMODELLED,Brownlow Medal Quinella (Brownlow Medal 2026),Bailey Smith/Marcus Bontempelli,,,,0.0,,,,,501.0,0.001996007984031936,,,,,,,,,,,INSUFFICIENT_WHEELO_DATA,,,INSUFFICIENT_DATA,NO_VALUE,suppressed: UNMODELLED,UNMODELLED
pointsbet_1:114277470:12,pointsbet_1,UNMODELLED,Brownlow Medal Quinella (Brownlow Medal 2026),Chad Warner/Nick Daicos,,,,0.0,,,,,501.0,0.001996007984031936,,,,,,,,,,,INSUFFICIENT_WHEELO_DATA,,,INSUFFICIENT_DATA,NO_VALUE,suppressed: UNMODELLED,UNMODELLED
pointsbet_1:114277470:13,pointsbet_1,UNMODELLED,Brownlow Medal Quinella (Brownlow Medal 2026),Izak Rankine/Nick Daicos,,,,0.0,,,,,501.0,0.001996007984031936,,,,,,,,,,,INSUFFICIENT_WHEELO_DATA,,,INSUFFICIENT_DATA,NO_VALUE,suppressed: UNMODELLED,UNMODELLED
pointsbet_1:114277468:1,pointsbet_1,UNMODELLED,Brownlow Medal Exacta (Brownlow Medal 2026),Nick Daicos/Bailey Smith,,,,0.0,,,,,1.62,0.6172839506172839,,,,,,,,,,,INSUFFICIENT_WHEELO_DATA,,,INSUFFICIENT_DATA,NO_VALUE,suppressed: UNMODELLED,UNMODELLED
pointsbet_1:114277468:2,pointsbet_1,UNMODELLED,Brownlow Medal Exacta (Brownlow Medal 2026),Nick Daicos/Marcus Bontempelli,,,,0.0,,,,,2.5,0.4,,,,,,,,,,,INSUFFICIENT_WHEELO_DATA,,,INSUFFICIENT_DATA,NO_VALUE,suppressed: UNMODELLED,UNMODELLED
pointsbet_1:114277468:3,pointsbet_1,UNMODELLED,Brownlow Medal Exacta (Brownlow Medal 2026),Nick Daicos/Patrick Cripps,,,,0.0,,,,,21.0,0.047619047619047616,,,,,,,,,,,INSUFFICIENT_WHEELO_DATA,,,INSUFFICIENT_DATA,NO_VALUE,suppressed: UNMODELLED,UNMODELLED
pointsbet_1:114277468:4,pointsbet_1,UNMODELLED,Brownlow Medal Exacta (Brownlow Medal 2026),Bailey Smith/Nick Daicos,,,,0.0,,,,,41.0,0.024390243902439025,,,,,,,,,,,INSUFFICIENT_WHEELO_DATA,,,INSUFFICIENT_DATA,NO_VALUE,suppressed: UNMODELLED,UNMODELLED
pointsbet_1:114277468:6,pointsbet_1,UNMODELLED,Brownlow Medal Exacta (Brownlow Medal 2026),Nick Daicos/Will Ashcroft,,,,0.0,,,,,51.0,0.0196078431372549,,,,,,,,,,,INSUFFICIENT_WHEELO_DATA,,,INSUFFICIENT_DATA,NO_VALUE,suppressed: UNMODELLED,UNMODELLED
pointsbet_1:114277468:9,pointsbet_1,UNMODELLED,Brownlow Medal Exacta (Brownlow Medal 2026),Marcus Bontempelli/Nick Daicos,,,,0.0,,,,,51.0,0.0196078431372549,,,,,,,,,,,INSUFFICIENT_WHEELO_DATA,,,INSUFFICIENT_DATA,NO_VALUE,suppressed: UNMODELLED,UNMODELLED
pointsbet_1:114277468:5,pointsbet_1,UNMODELLED,Brownlow Medal Exacta (Brownlow Medal 2026),Nick Daicos/Jai Newcombe,,,,0.0,,,,,126.0,0.007936507936507936,,,,,,,,,,,INSUFFICIENT_WHEELO_DATA,,,INSUFFICIENT_DATA,NO_VALUE,suppressed: UNMODELLED,UNMODELLED
pointsbet_1:114277468:7,pointsbet_1,UNMODELLED,Brownlow Medal Exacta (Brownlow Medal 2026),Nick Daicos/Jordan Dawson,,,,0.0,,,,,134.0,0.007462686567164179,,,,,,,,,,,INSUFFICIENT_WHEELO_DATA,,,INSUFFICIENT_DATA,NO_VALUE,suppressed: UNMODELLED,UNMODELLED
pointsbet_1:114277468:8,pointsbet_1,UNMODELLED,Brownlow Medal Exacta (Brownlow Medal 2026),Nick Daicos/Lachie Neale,,,,0.0,,,,,151.0,0.006622516556291391,,,,,,,,,,,INSUFFICIENT_WHEELO_DATA,,,INSUFFICIENT_DATA,NO_VALUE,suppressed: UNMODELLED,UNMODELLED
pointsbet_1:114277468:12,pointsbet_1,UNMODELLED,Brownlow Medal Exacta (Brownlow Medal 2026),Nick Daicos/Harry Sheezel,,,,0.0,,,,,151.0,0.006622516556291391,,,,,,,,,,,INSUFFICIENT_WHEELO_DATA,,,INSUFFICIENT_DATA,NO_VALUE,suppressed: UNMODELLED,UNMODELLED
pointsbet_1:114277468:10,pointsbet_1,UNMODELLED,Brownlow Medal Exacta (Brownlow Medal 2026),Nick Daicos/Isaac Heeney,,,,0.0,,,,,251.0,0.00398406374501992,,,,,,,,,,,INSUFFICIENT_WHEELO_DATA,,,INSUFFICIENT_DATA,NO_VALUE,suppressed: UNMODELLED,UNMODELLED
pointsbet_1:114277468:11,pointsbet_1,UNMODELLED,Brownlow Medal Exacta (Brownlow Medal 2026),Nick Daicos/Max Gawn,,,,0.0,,,,,251.0,0.00398406374501992,,,,,,,,,,,INSUFFICIENT_WHEELO_DATA,,,INSUFFICIENT_DATA,NO_VALUE,suppressed: UNMODELLED,UNMODELLED
pointsbet_1:114277468:13,pointsbet_1,UNMODELLED,Brownlow Medal Exacta (Brownlow Medal 2026),Bailey Smith/Marcus Bontempelli,,,,0.0,,,,,501.0,0.001996007984031936,,,,,,,,,,,INSUFFICIENT_WHEELO_DATA,,,INSUFFICIENT_DATA,NO_VALUE,suppressed: UNMODELLED,UNMODELLED
pointsbet_1:114277468:14,pointsbet_1,UNMODELLED,Brownlow Medal Exacta (Brownlow Medal 2026),Marcus Bontempelli/Bailey Smith,,,,0.0,,,,,501.0,0.001996007984031936,,,,,,,,,,,INSUFFICIENT_WHEELO_DATA,,,INSUFFICIENT_DATA,NO_VALUE,suppressed: UNMODELLED,UNMODELLED
pointsbet_1:114277468:15,pointsbet_1,UNMODELLED,Brownlow Medal Exacta (Brownlow Medal 2026),Nick Daicos/Izak Rankine,,,,0.0,,,,,501.0,0.001996007984031936,,,,,,,,,,,INSUFFICIENT_WHEELO_DATA,,,INSUFFICIENT_DATA,NO_VALUE,suppressed: UNMODELLED,UNMODELLED
pointsbet_1:114277468:16,pointsbet_1,UNMODELLED,Brownlow Medal Exacta (Brownlow Medal 2026),Nick Daicos/Nasiah Wanganeen-Milera,,,,0.0,,,,,501.0,0.001996007984031936,,,,,,,,,,,INSUFFICIENT_WHEELO_DATA,,,INSUFFICIENT_DATA,NO_VALUE,suppressed: UNMODELLED,UNMODELLED
pointsbet_1:114277468:17,pointsbet_1,UNMODELLED,Brownlow Medal Exacta (Brownlow Medal 2026),Nick Daicos/Zak Butters,,,,0.0,,,,,501.0,0.001996007984031936,,,,,,,,,,,INSUFFICIENT_WHEELO_DATA,,,INSUFFICIENT_DATA,NO_VALUE,suppressed: UNMODELLED,UNMODELLED
pointsbet_1:114277489:1,pointsbet_1,UNMODELLED,Brownlow Medal Trifecta (Brownlow Medal 2026),Nick Daicos/Bailey Smith/Marcus Bontempelli,,,,0.0,,,,,2.3,0.4347826086956522,,,,,,,,,,,INSUFFICIENT_WHEELO_DATA,,,INSUFFICIENT_DATA,NO_VALUE,suppressed: UNMODELLED,UNMODELLED
pointsbet_1:114277489:2,pointsbet_1,UNMODELLED,Brownlow Medal Trifecta (Brownlow Medal 2026),Nick Daicos/Marcus Bontempelli/Bailey Smith,,,,0.0,,,,,3.2,0.3125,,,,,,,,,,,INSUFFICIENT_WHEELO_DATA,,,INSUFFICIENT_DATA,NO_VALUE,suppressed: UNMODELLED,UNMODELLED
pointsbet_1:114277489:3,pointsbet_1,UNMODELLED,Brownlow Medal Trifecta (Brownlow Medal 2026),Nick Daicos/Bailey Smith/Patrick Cripps,,,,0.0,,,,,11.0,0.09090909090909091,,,,,,,,,,,INSUFFICIENT_WHEELO_DATA,,,INSUFFICIENT_DATA,NO_VALUE,suppressed: UNMODELLED,UNMODELLED
pointsbet_1:114277489:4,pointsbet_1,UNMODELLED,Brownlow Medal Trifecta (Brownlow Medal 2026),Nick Daicos/Marcus Bontempelli/Patrick Cripps,,,,0.0,,,,,26.0,0.038461538461538464,,,,,,,,,,,INSUFFICIENT_WHEELO_DATA,,,INSUFFICIENT_DATA,NO_VALUE,suppressed: UNMODELLED,UNMODELLED
pointsbet_1:114277489:5,pointsbet_1,UNMODELLED,Brownlow Medal Trifecta (Brownlow Medal 2026),Nick Daicos/Bailey Smith/Will Ashcroft,,,,0.0,,,,,29.0,0.034482758620689655,,,,,,,,,,,INSUFFICIENT_WHEELO_DATA,,,INSUFFICIENT_DATA,NO_VALUE,suppressed: UNMODELLED,UNMODELLED
pointsbet_1:114277489:6,pointsbet_1,UNMODELLED,Brownlow Medal Trifecta (Brownlow Medal 2026),Nick Daicos/Marcus Bontempelli/Will Ashcroft,,,,0.0,,,,,34.0,0.029411764705882353,,,,,,,,,,,INSUFFICIENT_WHEELO_DATA,,,INSUFFICIENT_DATA,NO_VALUE,suppressed: UNMODELLED,UNMODELLED
pointsbet_1:114277489:7,pointsbet_1,UNMODELLED,Brownlow Medal Trifecta (Brownlow Medal 2026),Nick Daicos/Bailey Smith/Jordan Dawson,,,,0.0,,,,,34.0,0.029411764705882353,,,,,,,,,,,INSUFFICIENT_WHEELO_DATA,,,INSUFFICIENT_DATA,NO_VALUE,suppressed: UNMODELLED,UNMODELLED
pointsbet_1:114277489:8,pointsbet_1,UNMODELLED,Brownlow Medal Trifecta (Brownlow Medal 2026),Nick Daicos/Patrick Cripps/Bailey Smith,,,,0.0,,,,,34.0,0.029411764705882353,,,,,,,,,,,INSUFFICIENT_WHEELO_DATA,,,INSUFFICIENT_DATA,NO_VALUE,suppressed: UNMODELLED,UNMODELLED
pointsbet_1:114277489:9,pointsbet_1,UNMODELLED,Brownlow Medal Trifecta (Brownlow Medal 2026),Nick Daicos/Bailey Smith/Jai Newcombe,,,,0.0,,,,,41.0,0.024390243902439025,,,,,,,,,,,INSUFFICIENT_WHEELO_DATA,,,INSUFFICIENT_DATA,NO_VALUE,suppressed: UNMODELLED,UNMODELLED
pointsbet_1:114277489:10,pointsbet_1,UNMODELLED,Brownlow Medal Trifecta (Brownlow Medal 2026),Nick Daicos/Marcus Bontempelli/Isaac Heeney,,,,0.0,,,,,51.0,0.0196078431372549,,,,,,,,,,,INSUFFICIENT_WHEELO_DATA,,,INSUFFICIENT_DATA,NO_VALUE,suppressed: UNMODELLED,UNMODELLED
pointsbet_1:114277489:11,pointsbet_1,UNMODELLED,Brownlow Medal Trifecta (Brownlow Medal 2026),Nick Daicos/Bailey Smith/Lachie Neale,,,,0.0,,,,,51.0,0.0196078431372549,,,,,,,,,,,INSUFFICIENT_WHEELO_DATA,,,INSUFFICIENT_DATA,NO_VALUE,suppressed: UNMODELLED,UNMODELLED
pointsbet_1:114277489:12,pointsbet_1,UNMODELLED,Brownlow Medal Trifecta (Brownlow Medal 2026),Nick Daicos/Patrick Cripps/Marcus Bontempelli,,,,0.0,,,,,51.0,0.0196078431372549,,,,,,,,,,,INSUFFICIENT_WHEELO_DATA,,,INSUFFICIENT_DATA,NO_VALUE,suppressed: UNMODELLED,UNMODELLED
pointsbet_1:114277489:13,pointsbet_1,UNMODELLED,Brownlow Medal Trifecta (Brownlow Medal 2026),Nick Daicos/Bailey Smith/Max Gawn,,,,0.0,,,,,51.0,0.0196078431372549,,,,,,,,,,,INSUFFICIENT_WHEELO_DATA,,,INSUFFICIENT_DATA,NO_VALUE,suppressed: UNMODELLED,UNMODELLED
pointsbet_1:114277489:14,pointsbet_1,UNMODELLED,Brownlow Medal Trifecta (Brownlow Medal 2026),Nick Daicos/Bailey Smith/Isaac Heeney,,,,0.0,,,,,81.0,0.012345679012345678,,,,,,,,,,,INSUFFICIENT_WHEELO_DATA,,,INSUFFICIENT_DATA,NO_VALUE,suppressed: UNMODELLED,UNMODELLED
pointsbet_1:114277489:15,pointsbet_1,UNMODELLED,Brownlow Medal Trifecta (Brownlow Medal 2026),Bailey Smith/Nick Daicos/Marcus Bontempelli,,,,0.0,,,,,101.0,0.009900990099009901,,,,,,,,,,,INSUFFICIENT_WHEELO_DATA,,,INSUFFICIENT_DATA,NO_VALUE,suppressed: UNMODELLED,UNMODELLED
pointsbet_1:114277489:16,pointsbet_1,UNMODELLED,Brownlow Medal Trifecta (Brownlow Medal 2026),Nick Daicos/Bailey Smith/Harry Sheezel,,,,0.0,,,,,126.0,0.007936507936507936,,,,,,,,,,,INSUFFICIENT_WHEELO_DATA,,,INSUFFICIENT_DATA,NO_VALUE,suppressed: UNMODELLED,UNMODELLED
pointsbet_1:114277489:17,pointsbet_1,UNMODELLED,Brownlow Medal Trifecta (Brownlow Medal 2026),Nick Daicos/Marcus Bontempelli/Jordan Dawson,,,,0.0,,,,,126.0,0.007936507936507936,,,,,,,,,,,INSUFFICIENT_WHEELO_DATA,,,INSUFFICIENT_DATA,NO_VALUE,suppressed: UNMODELLED,UNMODELLED
pointsbet_1:114277489:18,pointsbet_1,UNMODELLED,Brownlow Medal Trifecta (Brownlow Medal 2026),Nick Daicos/Marcus Bontempelli/Jai Newcombe,,,,0.0,,,,,151.0,0.006622516556291391,,,,,,,,,,,INSUFFICIENT_WHEELO_DATA,,,INSUFFICIENT_DATA,NO_VALUE,suppressed: UNMODELLED,UNMODELLED
pointsbet_1:114277489:19,pointsbet_1,UNMODELLED,Brownlow Medal Trifecta (Brownlow Medal 2026),Nick Daicos/Marcus Bontempelli/Lachie Neale,,,,0.0,,,,,151.0,0.006622516556291391,,,,,,,,,,,INSUFFICIENT_WHEELO_DATA,,,INSUFFICIENT_DATA,NO_VALUE,suppressed: UNMODELLED,UNMODELLED
pointsbet_1:114277489:20,pointsbet_1,UNMODELLED,Brownlow Medal Trifecta (Brownlow Medal 2026),Nick Daicos/Bailey Smith/Nasiah Wanganeen-Milera,,,,0.0,,,,,181.0,0.0055248618784530384,,,,,,,,,,,INSUFFICIENT_WHEELO_DATA,,,INSUFFICIENT_DATA,NO_VALUE,suppressed: UNMODELLED,UNMODELLED
pointsbet_1:114277489:21,pointsbet_1,UNMODELLED,Brownlow Medal Trifecta (Brownlow Medal 2026),Nick Daicos/Marcus Bontempelli/Max Gawn,,,,0.0,,,,,201.0,0.004975124378109453,,,,,,,,,,,INSUFFICIENT_WHEELO_DATA,,,INSUFFICIENT_DATA,NO_VALUE,suppressed: UNMODELLED,UNMODELLED
pointsbet_1:114277489:22,pointsbet_1,UNMODELLED,Brownlow Medal Trifecta (Brownlow Medal 2026),Marcus Bontempelli/Nick Daicos/Bailey Smith,,,,0.0,,,,,251.0,0.00398406374501992,,,,,,,,,,,INSUFFICIENT_WHEELO_DATA,,,INSUFFICIENT_DATA,NO_VALUE,suppressed: UNMODELLED,UNMODELLED
pointsbet_1:114277489:23,pointsbet_1,UNMODELLED,Brownlow Medal Trifecta (Brownlow Medal 2026),Nick Daicos/Jai Newcombe/Bailey Smith,,,,0.0,,,,,251.0,0.00398406374501992,,,,,,,,,,,INSUFFICIENT_WHEELO_DATA,,,INSUFFICIENT_DATA,NO_VALUE,suppressed: UNMODELLED,UNMODELLED
pointsbet_1:114277489:24,pointsbet_1,UNMODELLED,Brownlow Medal Trifecta (Brownlow Medal 2026),Nick Daicos/Jordan Dawson/Bailey Smith,,,,0.0,,,,,251.0,0.00398406374501992,,,,,,,,,,,INSUFFICIENT_WHEELO_DATA,,,INSUFFICIENT_DATA,NO_VALUE,suppressed: UNMODELLED,UNMODELLED
pointsbet_1:114277489:25,pointsbet_1,UNMODELLED,Brownlow Medal Trifecta (Brownlow Medal 2026),Nick Daicos/Will Ashcroft/Bailey Smith,,,,0.0,,,,,251.0,0.00398406374501992,,,,,,,,,,,INSUFFICIENT_WHEELO_DATA,,,INSUFFICIENT_DATA,NO_VALUE,suppressed: UNMODELLED,UNMODELLED
pointsbet_1:114277489:26,pointsbet_1,UNMODELLED,Brownlow Medal Trifecta (Brownlow Medal 2026),Nick Daicos/Lachie Neale/Bailey Smith,,,,0.0,,,,,301.0,0.0033222591362126247,,,,,,,,,,,INSUFFICIENT_WHEELO_DATA,,,INSUFFICIENT_DATA,NO_VALUE,suppressed: UNMODELLED,UNMODELLED
pointsbet_1:114277489:27,pointsbet_1,UNMODELLED,Brownlow Medal Trifecta (Brownlow Medal 2026),Nick Daicos/Will Ashcroft/Marcus Bontempelli,,,,0.0,,,,,301.0,0.0033222591362126247,,,,,,,,,,,INSUFFICIENT_WHEELO_DATA,,,INSUFFICIENT_DATA,NO_VALUE,suppressed: UNMODELLED,UNMODELLED
pointsbet_1:114277489:28,pointsbet_1,UNMODELLED,Brownlow Medal Trifecta (Brownlow Medal 2026),Nick Daicos/Jai Newcombe/Marcus Bontempelli,,,,0.0,,,,,301.0,0.0033222591362126247,,,,,,,,,,,INSUFFICIENT_WHEELO_DATA,,,INSUFFICIENT_DATA,NO_VALUE,suppressed: UNMODELLED,UNMODELLED
pointsbet_1:114277489:29,pointsbet_1,UNMODELLED,Brownlow Medal Trifecta (Brownlow Medal 2026),Nick Daicos/Marcus Bontempelli/Nasiah Wanganeen-Milera,,,,0.0,,,,,351.0,0.002849002849002849,,,,,,,,,,,INSUFFICIENT_WHEELO_DATA,,,INSUFFICIENT_DATA,NO_VALUE,suppressed: UNMODELLED,UNMODELLED
pointsbet_1:114277489:30,pointsbet_1,UNMODELLED,Brownlow Medal Trifecta (Brownlow Medal 2026),Nick Daicos/Isaac Heeney/Marcus Bontempelli,,,,0.0,,,,,401.0,0.0024937655860349127,,,,,,,,,,,INSUFFICIENT_WHEELO_DATA,,,INSUFFICIENT_DATA,NO_VALUE,suppressed: UNMODELLED,UNMODELLED
pointsbet_1:114277489:31,pointsbet_1,UNMODELLED,Brownlow Medal Trifecta (Brownlow Medal 2026),Nick Daicos/Jordan Dawson/Marcus Bontempelli,,,,0.0,,,,,401.0,0.0024937655860349127,,,,,,,,,,,INSUFFICIENT_WHEELO_DATA,,,INSUFFICIENT_DATA,NO_VALUE,suppressed: UNMODELLED,UNMODELLED
pointsbet_1:114277489:32,pointsbet_1,UNMODELLED,Brownlow Medal Trifecta (Brownlow Medal 2026),Nick Daicos/Marcus Bontempelli/Harry Sheezel,,,,0.0,,,,,451.0,0.0022172949002217295,,,,,,,,,,,INSUFFICIENT_WHEELO_DATA,,,INSUFFICIENT_DATA,NO_VALUE,suppressed: UNMODELLED,UNMODELLED
pointsbet_1:114277489:33,pointsbet_1,UNMODELLED,Brownlow Medal Trifecta (Brownlow Medal 2026),Nick Daicos/Lachie Neale/Marcus Bontempelli,,,,0.0,,,,,501.0,0.001996007984031936,,,,,,,,,,,INSUFFICIENT_WHEELO_DATA,,,INSUFFICIENT_DATA,NO_VALUE,suppressed: UNMODELLED,UNMODELLED
pointsbet_1:114277489:34,pointsbet_1,UNMODELLED,Brownlow Medal Trifecta (Brownlow Medal 2026),Nick Daicos/Patrick Cripps/Lachie Neale,,,,0.0,,,,,501.0,0.001996007984031936,,,,,,,,,,,INSUFFICIENT_WHEELO_DATA,,,INSUFFICIENT_DATA,NO_VALUE,suppressed: UNMODELLED,UNMODELLED
pointsbet_1:114277489:35,pointsbet_1,UNMODELLED,Brownlow Medal Trifecta (Brownlow Medal 2026),Nick Daicos/Bailey Smith/Zak Butters,,,,0.0,,,,,551.0,0.0018148820326678765,,,,,,,,,,,INSUFFICIENT_WHEELO_DATA,,,INSUFFICIENT_DATA,NO_VALUE,suppressed: UNMODELLED,UNMODELLED
pointsbet_1:114277489:36,pointsbet_1,UNMODELLED,Brownlow Medal Trifecta (Brownlow Medal 2026),Nick Daicos/Max Gawn/Bailey Smith,,,,0.0,,,,,551.0,0.0018148820326678765,,,,,,,,,,,INSUFFICIENT_WHEELO_DATA,,,INSUFFICIENT_DATA,NO_VALUE,suppressed: UNMODELLED,UNMODELLED
pointsbet_1:114277489:37,pointsbet_1,UNMODELLED,Brownlow Medal Trifecta (Brownlow Medal 2026),Nick Daicos/Isaac Heeney/Bailey Smith,,,,0.0,,,,,601.0,0.0016638935108153079,,,,,,,,,,,INSUFFICIENT_WHEELO_DATA,,,INSUFFICIENT_DATA,NO_VALUE,suppressed: UNMODELLED,UNMODELLED
pointsbet_1:114277489:38,pointsbet_1,UNMODELLED,Brownlow Medal Trifecta (Brownlow Medal 2026),Nick Daicos/Max Gawn/Marcus Bontempelli,,,,0.0,,,,,751.0,0.0013315579227696406,,,,,,,,,,,INSUFFICIENT_WHEELO_DATA,,,INSUFFICIENT_DATA,NO_VALUE,suppressed: UNMODELLED,UNMODELLED
pointsbet_1:114277489:39,pointsbet_1,UNMODELLED,Brownlow Medal Trifecta (Brownlow Medal 2026),Nick Daicos/Patrick Cripps/Jai Newcombe,,,,0.0,,,,,751.0,0.0013315579227696406,,,,,,,,,,,INSUFFICIENT_WHEELO_DATA,,,INSUFFICIENT_DATA,NO_VALUE,suppressed: UNMODELLED,UNMODELLED
pointsbet_1:114277489:40,pointsbet_1,UNMODELLED,Brownlow Medal Trifecta (Brownlow Medal 2026),Bailey Smith/Marcus Bontempelli/Nick Daicos,,,,0.0,,,,,801.0,0.0012484394506866417,,,,,,,,,,,INSUFFICIENT_WHEELO_DATA,,,INSUFFICIENT_DATA,NO_VALUE,suppressed: UNMODELLED,UNMODELLED
pointsbet_1:114277489:41,pointsbet_1,UNMODELLED,Brownlow Medal Trifecta (Brownlow Medal 2026),Nick Daicos/Patrick Cripps/Will Ashcroft,,,,0.0,,,,,801.0,0.0012484394506866417,,,,,,,,,,,INSUFFICIENT_WHEELO_DATA,,,INSUFFICIENT_DATA,NO_VALUE,suppressed: UNMODELLED,UNMODELLED
pointsbet_1:114277489:42,pointsbet_1,UNMODELLED,Brownlow Medal Trifecta (Brownlow Medal 2026),Bailey Smith/Nick Daicos/Patrick Cripps,,,,0.0,,,,,1001.0,0.000999000999000999,,,,,,,,,,,INSUFFICIENT_WHEELO_DATA,,,INSUFFICIENT_DATA,NO_VALUE,suppressed: UNMODELLED,UNMODELLED
pointsbet_1:114277489:43,pointsbet_1,UNMODELLED,Brownlow Medal Trifecta (Brownlow Medal 2026),Marcus Bontempelli/Bailey Smith/Nick Daicos,,,,0.0,,,,,1001.0,0.000999000999000999,,,,,,,,,,,INSUFFICIENT_WHEELO_DATA,,,INSUFFICIENT_DATA,NO_VALUE,suppressed: UNMODELLED,UNMODELLED
pointsbet_1:114277489:44,pointsbet_1,UNMODELLED,Brownlow Medal Trifecta (Brownlow Medal 2026),Nick Daicos/Harry Sheezel/Bailey Smith,,,,0.0,,,,,1001.0,0.000999000999000999,,,,,,,,,,,INSUFFICIENT_WHEELO_DATA,,,INSUFFICIENT_DATA,NO_VALUE,suppressed: UNMODELLED,UNMODELLED
pointsbet_1:114277489:45,pointsbet_1,UNMODELLED,Brownlow Medal Trifecta (Brownlow Medal 2026),Nick Daicos/Jai Newcombe/Patrick Cripps,,,,0.0,,,,,1001.0,0.000999000999000999,,,,,,,,,,,INSUFFICIENT_WHEELO_DATA,,,INSUFFICIENT_DATA,NO_VALUE,suppressed: UNMODELLED,UNMODELLED
pointsbet_1:114277489:46,pointsbet_1,UNMODELLED,Brownlow Medal Trifecta (Brownlow Medal 2026),Nick Daicos/Jordan Dawson/Patrick Cripps,,,,0.0,,,,,1001.0,0.000999000999000999,,,,,,,,,,,INSUFFICIENT_WHEELO_DATA,,,INSUFFICIENT_DATA,NO_VALUE,suppressed: UNMODELLED,UNMODELLED
pointsbet_1:114277489:47,pointsbet_1,UNMODELLED,Brownlow Medal Trifecta (Brownlow Medal 2026),Nick Daicos/Lachie Neale/Patrick Cripps,,,,0.0,,,,,1001.0,0.000999000999000999,,,,,,,,,,,INSUFFICIENT_WHEELO_DATA,,,INSUFFICIENT_DATA,NO_VALUE,suppressed: UNMODELLED,UNMODELLED
pointsbet_1:114277489:48,pointsbet_1,UNMODELLED,Brownlow Medal Trifecta (Brownlow Medal 2026),Nick Daicos/Patrick Cripps/Jordan Dawson,,,,0.0,,,,,1001.0,0.000999000999000999,,,,,,,,,,,INSUFFICIENT_WHEELO_DATA,,,INSUFFICIENT_DATA,NO_VALUE,suppressed: UNMODELLED,UNMODELLED
pointsbet_1:114277489:49,pointsbet_1,UNMODELLED,Brownlow Medal Trifecta (Brownlow Medal 2026),Nick Daicos/Will Ashcroft/Patrick Cripps,,,,0.0,,,,,1001.0,0.000999000999000999,,,,,,,,,,,INSUFFICIENT_WHEELO_DATA,,,INSUFFICIENT_DATA,NO_VALUE,suppressed: UNMODELLED,UNMODELLED
pointsbet_1:114277505:1,pointsbet_1,UNMODELLED,Brownlow Medal Boxed Trifecta (Brownlow Medal 2026),Bailey Smith/Marcus Bontempelli/Nick Daicos,,,,0.0,,,,,1.35,0.7407407407407407,,,,,,,,,,,INSUFFICIENT_WHEELO_DATA,,,INSUFFICIENT_DATA,NO_VALUE,suppressed: UNMODELLED,UNMODELLED
pointsbet_1:114277505:2,pointsbet_1,UNMODELLED,Brownlow Medal Boxed Trifecta (Brownlow Medal 2026),Bailey Smith/Nick Daicos/Patrick Cripps,,,,0.0,,,,,9.0,0.1111111111111111,,,,,,,,,,,INSUFFICIENT_WHEELO_DATA,,,INSUFFICIENT_DATA,NO_VALUE,suppressed: UNMODELLED,UNMODELLED
pointsbet_1:114277505:4,pointsbet_1,UNMODELLED,Brownlow Medal Boxed Trifecta (Brownlow Medal 2026),Bailey Smith/Nick Daicos/Will Ashcroft,,,,0.0,,,,,19.0,0.05263157894736842,,,,,,,,,,,INSUFFICIENT_WHEELO_DATA,,,INSUFFICIENT_DATA,NO_VALUE,suppressed: UNMODELLED,UNMODELLED
pointsbet_1:114277505:3,pointsbet_1,UNMODELLED,Brownlow Medal Boxed Trifecta (Brownlow Medal 2026),Marcus Bontempelli/Nick Daicos/Patrick Cripps,,,,0.0,,,,,21.0,0.047619047619047616,,,,,,,,,,,INSUFFICIENT_WHEELO_DATA,,,INSUFFICIENT_DATA,NO_VALUE,suppressed: UNMODELLED,UNMODELLED
pointsbet_1:114277505:5,pointsbet_1,UNMODELLED,Brownlow Medal Boxed Trifecta (Brownlow Medal 2026),Bailey Smith/Jordan Dawson/Nick Daicos,,,,0.0,,,,,34.0,0.029411764705882353,,,,,,,,,,,INSUFFICIENT_WHEELO_DATA,,,INSUFFICIENT_DATA,NO_VALUE,suppressed: UNMODELLED,UNMODELLED
pointsbet_1:114277505:6,pointsbet_1,UNMODELLED,Brownlow Medal Boxed Trifecta (Brownlow Medal 2026),Marcus Bontempelli/Nick Daicos/Will Ashcroft,,,,0.0,,,,,34.0,0.029411764705882353,,,,,,,,,,,INSUFFICIENT_WHEELO_DATA,,,INSUFFICIENT_DATA,NO_VALUE,suppressed: UNMODELLED,UNMODELLED
pointsbet_1:114277505:7,pointsbet_1,UNMODELLED,Brownlow Medal Boxed Trifecta (Brownlow Medal 2026),Bailey Smith/Jai Newcombe/Nick Daicos,,,,0.0,,,,,34.0,0.029411764705882353,,,,,,,,,,,INSUFFICIENT_WHEELO_DATA,,,INSUFFICIENT_DATA,NO_VALUE,suppressed: UNMODELLED,UNMODELLED
pointsbet_1:114277505:8,pointsbet_1,UNMODELLED,Brownlow Medal Boxed Trifecta (Brownlow Medal 2026),Bailey Smith/Lachie Neale/Nick Daicos,,,,0.0,,,,,41.0,0.024390243902439025,,,,,,,,,,,INSUFFICIENT_WHEELO_DATA,,,INSUFFICIENT_DATA,NO_VALUE,suppressed: UNMODELLED,UNMODELLED
pointsbet_1:114277505:9,pointsbet_1,UNMODELLED,Brownlow Medal Boxed Trifecta (Brownlow Medal 2026),Isaac Heeney/Marcus Bontempelli/Nick Daicos,,,,0.0,,,,,41.0,0.024390243902439025,,,,,,,,,,,INSUFFICIENT_WHEELO_DATA,,,INSUFFICIENT_DATA,NO_VALUE,suppressed: UNMODELLED,UNMODELLED
pointsbet_1:114277505:10,pointsbet_1,UNMODELLED,Brownlow Medal Boxed Trifecta (Brownlow Medal 2026),Bailey Smith/Max Gawn/Nick Daicos,,,,0.0,,,,,51.0,0.0196078431372549,,,,,,,,,,,INSUFFICIENT_WHEELO_DATA,,,INSUFFICIENT_DATA,NO_VALUE,suppressed: UNMODELLED,UNMODELLED
pointsbet_1:114277505:11,pointsbet_1,UNMODELLED,Brownlow Medal Boxed Trifecta (Brownlow Medal 2026),Bailey Smith/Isaac Heeney/Nick Daicos,,,,0.0,,,,,81.0,0.012345679012345678,,,,,,,,,,,INSUFFICIENT_WHEELO_DATA,,,INSUFFICIENT_DATA,NO_VALUE,suppressed: UNMODELLED,UNMODELLED
pointsbet_1:114277505:12,pointsbet_1,UNMODELLED,Brownlow Medal Boxed Trifecta (Brownlow Medal 2026),Jordan Dawson/Marcus Bontempelli/Nick Daicos,,,,0.0,,,,,101.0,0.009900990099009901,,,,,,,,,,,INSUFFICIENT_WHEELO_DATA,,,INSUFFICIENT_DATA,NO_VALUE,suppressed: UNMODELLED,UNMODELLED
pointsbet_1:114277505:13,pointsbet_1,UNMODELLED,Brownlow Medal Boxed Trifecta (Brownlow Medal 2026),Bailey Smith/Harry Sheezel/Nick Daicos,,,,0.0,,,,,101.0,0.009900990099009901,,,,,,,,,,,INSUFFICIENT_WHEELO_DATA,,,INSUFFICIENT_DATA,NO_VALUE,suppressed: UNMODELLED,UNMODELLED
pointsbet_1:114277505:14,pointsbet_1,UNMODELLED,Brownlow Medal Boxed Trifecta (Brownlow Medal 2026),Jai Newcombe/Marcus Bontempelli/Nick Daicos,,,,0.0,,,,,101.0,0.009900990099009901,,,,,,,,,,,INSUFFICIENT_WHEELO_DATA,,,INSUFFICIENT_DATA,NO_VALUE,suppressed: UNMODELLED,UNMODELLED
pointsbet_1:114277505:15,pointsbet_1,UNMODELLED,Brownlow Medal Boxed Trifecta (Brownlow Medal 2026),Lachie Neale/Marcus Bontempelli/Nick Daicos,,,,0.0,,,,,126.0,0.007936507936507936,,,,,,,,,,,INSUFFICIENT_WHEELO_DATA,,,INSUFFICIENT_DATA,NO_VALUE,suppressed: UNMODELLED,UNMODELLED
pointsbet_1:114277505:16,pointsbet_1,UNMODELLED,Brownlow Medal Boxed Trifecta (Brownlow Medal 2026),Bailey Smith/Nasiah Wanganeen-Milera/Nick Daicos,,,,0.0,,,,,151.0,0.006622516556291391,,,,,,,,,,,INSUFFICIENT_WHEELO_DATA,,,INSUFFICIENT_DATA,NO_VALUE,suppressed: UNMODELLED,UNMODELLED
pointsbet_1:114277505:17,pointsbet_1,UNMODELLED,Brownlow Medal Boxed Trifecta (Brownlow Medal 2026),Marcus Bontempelli/Max Gawn/Nick Daicos,,,,0.0,,,,,151.0,0.006622516556291391,,,,,,,,,,,INSUFFICIENT_WHEELO_DATA,,,INSUFFICIENT_DATA,NO_VALUE,suppressed: UNMODELLED,UNMODELLED
pointsbet_1:114277505:18,pointsbet_1,UNMODELLED,Brownlow Medal Boxed Trifecta (Brownlow Medal 2026),Harry Sheezel/Marcus Bontempelli/Nick Daicos,,,,0.0,,,,,351.0,0.002849002849002849,,,,,,,,,,,INSUFFICIENT_WHEELO_DATA,,,INSUFFICIENT_DATA,NO_VALUE,suppressed: UNMODELLED,UNMODELLED
pointsbet_1:114277505:19,pointsbet_1,UNMODELLED,Brownlow Medal Boxed Trifecta (Brownlow Medal 2026),Marcus Bontempelli/Nasiah Wanganeen-Milera/Nick Daicos,,,,0.0,,,,,351.0,0.002849002849002849,,,,,,,,,,,INSUFFICIENT_WHEELO_DATA,,,INSUFFICIENT_DATA,NO_VALUE,suppressed: UNMODELLED,UNMODELLED
pointsbet_1:114277505:20,pointsbet_1,UNMODELLED,Brownlow Medal Boxed Trifecta (Brownlow Medal 2026),Lachie Neale/Nick Daicos/Patrick Cripps,,,,0.0,,,,,351.0,0.002849002849002849,,,,,,,,,,,INSUFFICIENT_WHEELO_DATA,,,INSUFFICIENT_DATA,NO_VALUE,suppressed: UNMODELLED,UNMODELLED
pointsbet_1:114277505:21,pointsbet_1,UNMODELLED,Brownlow Medal Boxed Trifecta (Brownlow Medal 2026),Jai Newcombe/Nick Daicos/Patrick Cripps,,,,0.0,,,,,451.0,0.0022172949002217295,,,,,,,,,,,INSUFFICIENT_WHEELO_DATA,,,INSUFFICIENT_DATA,NO_VALUE,suppressed: UNMODELLED,UNMODELLED
pointsbet_1:114277505:22,pointsbet_1,UNMODELLED,Brownlow Medal Boxed Trifecta (Brownlow Medal 2026),Bailey Smith/Nick Daicos/Zak Butters,,,,0.0,,,,,501.0,0.001996007984031936,,,,,,,,,,,INSUFFICIENT_WHEELO_DATA,,,INSUFFICIENT_DATA,NO_VALUE,suppressed: UNMODELLED,UNMODELLED
pointsbet_1:114277505:23,pointsbet_1,UNMODELLED,Brownlow Medal Boxed Trifecta (Brownlow Medal 2026),Nick Daicos/Patrick Cripps/Will Ashcroft,,,,0.0,,,,,501.0,0.001996007984031936,,,,,,,,,,,INSUFFICIENT_WHEELO_DATA,,,INSUFFICIENT_DATA,NO_VALUE,suppressed: UNMODELLED,UNMODELLED
pointsbet_1:114277505:24,pointsbet_1,UNMODELLED,Brownlow Medal Boxed Trifecta (Brownlow Medal 2026),Jordan Dawson/Nick Daicos/Patrick Cripps,,,,0.0,,,,,551.0,0.0018148820326678765,,,,,,,,,,,INSUFFICIENT_WHEELO_DATA,,,INSUFFICIENT_DATA,NO_VALUE,suppressed: UNMODELLED,UNMODELLED
pointsbet_1:114277505:25,pointsbet_1,UNMODELLED,Brownlow Medal Boxed Trifecta (Brownlow Medal 2026),Harry Sheezel/Nick Daicos/Patrick Cripps,,,,0.0,,,,,1001.0,0.000999000999000999,,,,,,,,,,,INSUFFICIENT_WHEELO_DATA,,,INSUFFICIENT_DATA,NO_VALUE,suppressed: UNMODELLED,UNMODELLED
pointsbet_1:114277505:26,pointsbet_1,UNMODELLED,Brownlow Medal Boxed Trifecta (Brownlow Medal 2026),Jai Newcombe/Nick Daicos/Will Ashcroft,,,,0.0,,,,,1001.0,0.000999000999000999,,,,,,,,,,,INSUFFICIENT_WHEELO_DATA,,,INSUFFICIENT_DATA,NO_VALUE,suppressed: UNMODELLED,UNMODELLED
pointsbet_1:114277505:27,pointsbet_1,UNMODELLED,Brownlow Medal Boxed Trifecta (Brownlow Medal 2026),Max Gawn/Nick Daicos/Patrick Cripps,,,,0.0,,,,,1001.0,0.000999000999000999,,,,,,,,,,,INSUFFICIENT_WHEELO_DATA,,,INSUFFICIENT_DATA,NO_VALUE,suppressed: UNMODELLED,UNMODELLED
pointsbet_1:114277505:28,pointsbet_1,UNMODELLED,Brownlow Medal Boxed Trifecta (Brownlow Medal 2026),Nasiah Wanganeen-Milera/Nick Daicos/Patrick Cripps,,,,0.0,,,,,1001.0,0.000999000999000999,,,,,,,,,,,INSUFFICIENT_WHEELO_DATA,,,INSUFFICIENT_DATA,NO_VALUE,suppressed: UNMODELLED,UNMODELLED
pointsbet_1:114277510:1,pointsbet_1,UNMODELLED,Brownlow Medal First 4 (Brownlow Medal 2026),Nick Daicos/Bailey Smith/Marcus Bontempelli/Patrick Cripps,,,,0.0,,,,,7.0,0.14285714285714285,,,,,,,,,,,INSUFFICIENT_WHEELO_DATA,,,INSUFFICIENT_DATA,NO_VALUE,suppressed: UNMODELLED,UNMODELLED
pointsbet_1:114277510:2,pointsbet_1,UNMODELLED,Brownlow Medal First 4 (Brownlow Medal 2026),Nick Daicos/Bailey Smith/Marcus Bontempelli/Will Ashcroft,,,,0.0,,,,,9.0,0.1111111111111111,,,,,,,,,,,INSUFFICIENT_WHEELO_DATA,,,INSUFFICIENT_DATA,NO_VALUE,suppressed: UNMODELLED,UNMODELLED
pointsbet_1:114277510:3,pointsbet_1,UNMODELLED,Brownlow Medal First 4 (Brownlow Medal 2026),Nick Daicos/Marcus Bontempelli/Bailey Smith/Will Ashcroft,,,,0.0,,,,,9.0,0.1111111111111111,,,,,,,,,,,INSUFFICIENT_WHEELO_DATA,,,INSUFFICIENT_DATA,NO_VALUE,suppressed: UNMODELLED,UNMODELLED
pointsbet_1:114277510:4,pointsbet_1,UNMODELLED,Brownlow Medal First 4 (Brownlow Medal 2026),Nick Daicos/Marcus Bontempelli/Bailey Smith/Patrick Cripps,,,,0.0,,,,,11.0,0.09090909090909091,,,,,,,,,,,INSUFFICIENT_WHEELO_DATA,,,INSUFFICIENT_DATA,NO_VALUE,suppressed: UNMODELLED,UNMODELLED
pointsbet_1:114277510:5,pointsbet_1,UNMODELLED,Brownlow Medal First 4 (Brownlow Medal 2026),Nick Daicos/Marcus Bontempelli/Bailey Smith/Isaac Heeney,,,,0.0,,,,,13.0,0.07692307692307693,,,,,,,,,,,INSUFFICIENT_WHEELO_DATA,,,INSUFFICIENT_DATA,NO_VALUE,suppressed: UNMODELLED,UNMODELLED
pointsbet_1:114277510:6,pointsbet_1,UNMODELLED,Brownlow Medal First 4 (Brownlow Medal 2026),Nick Daicos/Bailey Smith/Marcus Bontempelli/Isaac Heeney,,,,0.0,,,,,17.0,0.058823529411764705,,,,,,,,,,,INSUFFICIENT_WHEELO_DATA,,,INSUFFICIENT_DATA,NO_VALUE,suppressed: UNMODELLED,UNMODELLED
pointsbet_1:114277510:7,pointsbet_1,UNMODELLED,Brownlow Medal First 4 (Brownlow Medal 2026),Nick Daicos/Bailey Smith/Patrick Cripps/Marcus Bontempelli,,,,0.0,,,,,17.0,0.058823529411764705,,,,,,,,,,,INSUFFICIENT_WHEELO_DATA,,,INSUFFICIENT_DATA,NO_VALUE,suppressed: UNMODELLED,UNMODELLED
pointsbet_1:114277510:8,pointsbet_1,UNMODELLED,Brownlow Medal First 4 (Brownlow Medal 2026),Nick Daicos/Bailey Smith/Marcus Bontempelli/Jordan Dawson,,,,0.0,,,,,21.0,0.047619047619047616,,,,,,,,,,,INSUFFICIENT_WHEELO_DATA,,,INSUFFICIENT_DATA,NO_VALUE,suppressed: UNMODELLED,UNMODELLED
pointsbet_1:114277510:9,pointsbet_1,UNMODELLED,Brownlow Medal First 4 (Brownlow Medal 2026),Nick Daicos/Bailey Smith/Marcus Bontempelli/Lachie Neale,,,,0.0,,,,,23.0,0.043478260869565216,,,,,,,,,,,INSUFFICIENT_WHEELO_DATA,,,INSUFFICIENT_DATA,NO_VALUE,suppressed: UNMODELLED,UNMODELLED
pointsbet_1:114277510:10,pointsbet_1,UNMODELLED,Brownlow Medal First 4 (Brownlow Medal 2026),Nick Daicos/Bailey Smith/Marcus Bontempelli/Jai Newcombe,,,,0.0,,,,,23.0,0.043478260869565216,,,,,,,,,,,INSUFFICIENT_WHEELO_DATA,,,INSUFFICIENT_DATA,NO_VALUE,suppressed: UNMODELLED,UNMODELLED
pointsbet_1:114277510:11,pointsbet_1,UNMODELLED,Brownlow Medal First 4 (Brownlow Medal 2026),Nick Daicos/Bailey Smith/Marcus Bontempelli/Max Gawn,,,,0.0,,,,,26.0,0.038461538461538464,,,,,,,,,,,INSUFFICIENT_WHEELO_DATA,,,INSUFFICIENT_DATA,NO_VALUE,suppressed: UNMODELLED,UNMODELLED
pointsbet_1:114277510:12,pointsbet_1,UNMODELLED,Brownlow Medal First 4 (Brownlow Medal 2026),Nick Daicos/Marcus Bontempelli/Bailey Smith/Jordan Dawson,,,,0.0,,,,,34.0,0.029411764705882353,,,,,,,,,,,INSUFFICIENT_WHEELO_DATA,,,INSUFFICIENT_DATA,NO_VALUE,suppressed: UNMODELLED,UNMODELLED
pointsbet_1:114277510:13,pointsbet_1,UNMODELLED,Brownlow Medal First 4 (Brownlow Medal 2026),Nick Daicos/Marcus Bontempelli/Bailey Smith/Lachie Neale,,,,0.0,,,,,41.0,0.024390243902439025,,,,,,,,,,,INSUFFICIENT_WHEELO_DATA,,,INSUFFICIENT_DATA,NO_VALUE,suppressed: UNMODELLED,UNMODELLED
pointsbet_1:114277510:14,pointsbet_1,UNMODELLED,Brownlow Medal First 4 (Brownlow Medal 2026),Nick Daicos/Marcus Bontempelli/Patrick Cripps/Bailey Smith,,,,0.0,,,,,41.0,0.024390243902439025,,,,,,,,,,,INSUFFICIENT_WHEELO_DATA,,,INSUFFICIENT_DATA,NO_VALUE,suppressed: UNMODELLED,UNMODELLED
pointsbet_1:114277510:15,pointsbet_1,UNMODELLED,Brownlow Medal First 4 (Brownlow Medal 2026),Nick Daicos/Bailey Smith/Will Ashcroft/Marcus Bontempelli,,,,0.0,,,,,51.0,0.0196078431372549,,,,,,,,,,,INSUFFICIENT_WHEELO_DATA,,,INSUFFICIENT_DATA,NO_VALUE,suppressed: UNMODELLED,UNMODELLED
pointsbet_1:114277510:16,pointsbet_1,UNMODELLED,Brownlow Medal First 4 (Brownlow Medal 2026),Nick Daicos/Marcus Bontempelli/Bailey Smith/Jai Newcombe,,,,0.0,,,,,51.0,0.0196078431372549,,,,,,,,,,,INSUFFICIENT_WHEELO_DATA,,,INSUFFICIENT_DATA,NO_VALUE,suppressed: UNMODELLED,UNMODELLED
pointsbet_1:114277510:17,pointsbet_1,UNMODELLED,Brownlow Medal First 4 (Brownlow Medal 2026),Nick Daicos/Marcus Bontempelli/Bailey Smith/Max Gawn,,,,0.0,,,,,51.0,0.0196078431372549,,,,,,,,,,,INSUFFICIENT_WHEELO_DATA,,,INSUFFICIENT_DATA,NO_VALUE,suppressed: UNMODELLED,UNMODELLED
pointsbet_1:114277510:18,pointsbet_1,UNMODELLED,Brownlow Medal First 4 (Brownlow Medal 2026),Nick Daicos/Marcus Bontempelli/Will Ashcroft/Bailey Smith,,,,0.0,,,,,51.0,0.0196078431372549,,,,,,,,,,,INSUFFICIENT_WHEELO_DATA,,,INSUFFICIENT_DATA,NO_VALUE,suppressed: UNMODELLED,UNMODELLED
pointsbet_1:114277510:19,pointsbet_1,UNMODELLED,Brownlow Medal First 4 (Brownlow Medal 2026),Nick Daicos/Bailey Smith/Marcus Bontempelli/Harry Sheezel,,,,0.0,,,,,51.0,0.0196078431372549,,,,,,,,,,,INSUFFICIENT_WHEELO_DATA,,,INSUFFICIENT_DATA,NO_VALUE,suppressed: UNMODELLED,UNMODELLED
pointsbet_1:114277510:20,pointsbet_1,UNMODELLED,Brownlow Medal First 4 (Brownlow Medal 2026),Nick Daicos/Patrick Cripps/Bailey Smith/Marcus Bontempelli,,,,0.0,,,,,51.0,0.0196078431372549,,,,,,,,,,,INSUFFICIENT_WHEELO_DATA,,,INSUFFICIENT_DATA,NO_VALUE,suppressed: UNMODELLED,UNMODELLED
pointsbet_1:114277510:21,pointsbet_1,UNMODELLED,Brownlow Medal First 4 (Brownlow Medal 2026),Nick Daicos/Bailey Smith/Jordan Dawson/Marcus Bontempelli,,,,0.0,,,,,67.0,0.014925373134328358,,,,,,,,,,,INSUFFICIENT_WHEELO_DATA,,,INSUFFICIENT_DATA,NO_VALUE,suppressed: UNMODELLED,UNMODELLED
pointsbet_1:114277510:22,pointsbet_1,UNMODELLED,Brownlow Medal First 4 (Brownlow Medal 2026),Nick Daicos/Bailey Smith/Marcus Bontempelli/Nasiah Wanganeen-Milera,,,,0.0,,,,,67.0,0.014925373134328358,,,,,,,,,,,INSUFFICIENT_WHEELO_DATA,,,INSUFFICIENT_DATA,NO_VALUE,suppressed: UNMODELLED,UNMODELLED
pointsbet_1:114277510:23,pointsbet_1,UNMODELLED,Brownlow Medal First 4 (Brownlow Medal 2026),Nick Daicos/Marcus Bontempelli/Isaac Heeney/Bailey Smith,,,,0.0,,,,,67.0,0.014925373134328358,,,,,,,,,,,INSUFFICIENT_WHEELO_DATA,,,INSUFFICIENT_DATA,NO_VALUE,suppressed: UNMODELLED,UNMODELLED
pointsbet_1:114277510:24,pointsbet_1,UNMODELLED,Brownlow Medal First 4 (Brownlow Medal 2026),Nick Daicos/Bailey Smith/Jai Newcombe/Marcus Bontempelli,,,,0.0,,,,,81.0,0.012345679012345678,,,,,,,,,,,INSUFFICIENT_WHEELO_DATA,,,INSUFFICIENT_DATA,NO_VALUE,suppressed: UNMODELLED,UNMODELLED
pointsbet_1:114277510:25,pointsbet_1,UNMODELLED,Brownlow Medal First 4 (Brownlow Medal 2026),Nick Daicos/Patrick Cripps/Marcus Bontempelli/Bailey Smith,,,,0.0,,,,,81.0,0.012345679012345678,,,,,,,,,,,INSUFFICIENT_WHEELO_DATA,,,INSUFFICIENT_DATA,NO_VALUE,suppressed: UNMODELLED,UNMODELLED
pointsbet_1:114277510:26,pointsbet_1,UNMODELLED,Brownlow Medal First 4 (Brownlow Medal 2026),Nick Daicos/Bailey Smith/Lachie Neale/Marcus Bontempelli,,,,0.0,,,,,81.0,0.012345679012345678,,,,,,,,,,,INSUFFICIENT_WHEELO_DATA,,,INSUFFICIENT_DATA,NO_VALUE,suppressed: UNMODELLED,UNMODELLED
pointsbet_1:114277510:27,pointsbet_1,UNMODELLED,Brownlow Medal First 4 (Brownlow Medal 2026),Nick Daicos/Bailey Smith/Max Gawn/Marcus Bontempelli,,,,0.0,,,,,101.0,0.009900990099009901,,,,,,,,,,,INSUFFICIENT_WHEELO_DATA,,,INSUFFICIENT_DATA,NO_VALUE,suppressed: UNMODELLED,UNMODELLED
pointsbet_1:114277510:28,pointsbet_1,UNMODELLED,Brownlow Medal First 4 (Brownlow Medal 2026),Nick Daicos/Marcus Bontempelli/Bailey Smith/Harry Sheezel,,,,0.0,,,,,101.0,0.009900990099009901,,,,,,,,,,,INSUFFICIENT_WHEELO_DATA,,,INSUFFICIENT_DATA,NO_VALUE,suppressed: UNMODELLED,UNMODELLED
pointsbet_1:114277510:29,pointsbet_1,UNMODELLED,Brownlow Medal First 4 (Brownlow Medal 2026),Nick Daicos/Bailey Smith/Patrick Cripps/Jordan Dawson,,,,0.0,,,,,126.0,0.007936507936507936,,,,,,,,,,,INSUFFICIENT_WHEELO_DATA,,,INSUFFICIENT_DATA,NO_VALUE,suppressed: UNMODELLED,UNMODELLED
pointsbet_1:114277510:30,pointsbet_1,UNMODELLED,Brownlow Medal First 4 (Brownlow Medal 2026),Nick Daicos/Bailey Smith/Patrick Cripps/Will Ashcroft,,,,0.0,,,,,126.0,0.007936507936507936,,,,,,,,,,,INSUFFICIENT_WHEELO_DATA,,,INSUFFICIENT_DATA,NO_VALUE,suppressed: UNMODELLED,UNMODELLED
pointsbet_1:114277510:31,pointsbet_1,UNMODELLED,Brownlow Medal First 4 (Brownlow Medal 2026),Nick Daicos/Bailey Smith/Isaac Heeney/Marcus Bontempelli,,,,0.0,,,,,126.0,0.007936507936507936,,,,,,,,,,,INSUFFICIENT_WHEELO_DATA,,,INSUFFICIENT_DATA,NO_VALUE,suppressed: UNMODELLED,UNMODELLED
pointsbet_1:114277510:32,pointsbet_1,UNMODELLED,Brownlow Medal First 4 (Brownlow Medal 2026),Nick Daicos/Bailey Smith/Marcus Bontempelli/Izak Rankine,,,,0.0,,,,,126.0,0.007936507936507936,,,,,,,,,,,INSUFFICIENT_WHEELO_DATA,,,INSUFFICIENT_DATA,NO_VALUE,suppressed: UNMODELLED,UNMODELLED
pointsbet_1:114277510:33,pointsbet_1,UNMODELLED,Brownlow Medal First 4 (Brownlow Medal 2026),Nick Daicos/Marcus Bontempelli/Bailey Smith/Nasiah Wanganeen-Milera,,,,0.0,,,,,126.0,0.007936507936507936,,,,,,,,,,,INSUFFICIENT_WHEELO_DATA,,,INSUFFICIENT_DATA,NO_VALUE,suppressed: UNMODELLED,UNMODELLED
pointsbet_1:114277510:34,pointsbet_1,UNMODELLED,Brownlow Medal First 4 (Brownlow Medal 2026),Nick Daicos/Bailey Smith/Patrick Cripps/Jai Newcombe,,,,0.0,,,,,151.0,0.006622516556291391,,,,,,,,,,,INSUFFICIENT_WHEELO_DATA,,,INSUFFICIENT_DATA,NO_VALUE,suppressed: UNMODELLED,UNMODELLED
pointsbet_1:114277510:35,pointsbet_1,UNMODELLED,Brownlow Medal First 4 (Brownlow Medal 2026),Nick Daicos/Bailey Smith/Patrick Cripps/Lachie Neale,,,,0.0,,,,,151.0,0.006622516556291391,,,,,,,,,,,INSUFFICIENT_WHEELO_DATA,,,INSUFFICIENT_DATA,NO_VALUE,suppressed: UNMODELLED,UNMODELLED
pointsbet_1:114277510:36,pointsbet_1,UNMODELLED,Brownlow Medal First 4 (Brownlow Medal 2026),Nick Daicos/Bailey Smith/Will Ashcroft/Patrick Cripps,,,,0.0,,,,,151.0,0.006622516556291391,,,,,,,,,,,INSUFFICIENT_WHEELO_DATA,,,INSUFFICIENT_DATA,NO_VALUE,suppressed: UNMODELLED,UNMODELLED
pointsbet_1:114277510:37,pointsbet_1,UNMODELLED,Brownlow Medal First 4 (Brownlow Medal 2026),Nick Daicos/Bailey Smith/Harry Sheezel/Marcus Bontempelli,,,,0.0,,,,,151.0,0.006622516556291391,,,,,,,,,,,INSUFFICIENT_WHEELO_DATA,,,INSUFFICIENT_DATA,NO_VALUE,suppressed: UNMODELLED,UNMODELLED
pointsbet_1:114277510:38,pointsbet_1,UNMODELLED,Brownlow Medal First 4 (Brownlow Medal 2026),Nick Daicos/Bailey Smith/Marcus Bontempelli/Zak Butters,,,,0.0,,,,,151.0,0.006622516556291391,,,,,,,,,,,INSUFFICIENT_WHEELO_DATA,,,INSUFFICIENT_DATA,NO_VALUE,suppressed: UNMODELLED,UNMODELLED
pointsbet_1:114277510:39,pointsbet_1,UNMODELLED,Brownlow Medal First 4 (Brownlow Medal 2026),Nick Daicos/Marcus Bontempelli/Jordan Dawson/Bailey Smith,,,,0.0,,,,,151.0,0.006622516556291391,,,,,,,,,,,INSUFFICIENT_WHEELO_DATA,,,INSUFFICIENT_DATA,NO_VALUE,suppressed: UNMODELLED,UNMODELLED
pointsbet_1:114277510:40,pointsbet_1,UNMODELLED,Brownlow Medal First 4 (Brownlow Medal 2026),Nick Daicos/Bailey Smith/Patrick Cripps/Max Gawn,,,,0.0,,,,,201.0,0.004975124378109453,,,,,,,,,,,INSUFFICIENT_WHEELO_DATA,,,INSUFFICIENT_DATA,NO_VALUE,suppressed: UNMODELLED,UNMODELLED
pointsbet_1:114277510:41,pointsbet_1,UNMODELLED,Brownlow Medal First 4 (Brownlow Medal 2026),Nick Daicos/Marcus Bontempelli/Jai Newcombe/Bailey Smith,,,,0.0,,,,,201.0,0.004975124378109453,,,,,,,,,,,INSUFFICIENT_WHEELO_DATA,,,INSUFFICIENT_DATA,NO_VALUE,suppressed: UNMODELLED,UNMODELLED
pointsbet_1:114277510:42,pointsbet_1,UNMODELLED,Brownlow Medal First 4 (Brownlow Medal 2026),Nick Daicos/Bailey Smith/Jai Newcombe/Patrick Cripps,,,,0.0,,,,,251.0,0.00398406374501992,,,,,,,,,,,INSUFFICIENT_WHEELO_DATA,,,INSUFFICIENT_DATA,NO_VALUE,suppressed: UNMODELLED,UNMODELLED
pointsbet_1:114277510:43,pointsbet_1,UNMODELLED,Brownlow Medal First 4 (Brownlow Medal 2026),Nick Daicos/Marcus Bontempelli/Bailey Smith/Izak Rankine,,,,0.0,,,,,251.0,0.00398406374501992,,,,,,,,,,,INSUFFICIENT_WHEELO_DATA,,,INSUFFICIENT_DATA,NO_VALUE,suppressed: UNMODELLED,UNMODELLED
pointsbet_1:114277510:44,pointsbet_1,UNMODELLED,Brownlow Medal First 4 (Brownlow Medal 2026),Nick Daicos/Marcus Bontempelli/Patrick Cripps/Will Ashcroft,,,,0.0,,,,,251.0,0.00398406374501992,,,,,,,,,,,INSUFFICIENT_WHEELO_DATA,,,INSUFFICIENT_DATA,NO_VALUE,suppressed: UNMODELLED,UNMODELLED
pointsbet_1:114277510:45,pointsbet_1,UNMODELLED,Brownlow Medal First 4 (Brownlow Medal 2026),Nick Daicos/Bailey Smith/Jordan Dawson/Patrick Cripps,,,,0.0,,,,,251.0,0.00398406374501992,,,,,,,,,,,INSUFFICIENT_WHEELO_DATA,,,INSUFFICIENT_DATA,NO_VALUE,suppressed: UNMODELLED,UNMODELLED
pointsbet_1:114277510:46,pointsbet_1,UNMODELLED,Brownlow Medal First 4 (Brownlow Medal 2026),Nick Daicos/Bailey Smith/Lachie Neale/Patrick Cripps,,,,0.0,,,,,251.0,0.00398406374501992,,,,,,,,,,,INSUFFICIENT_WHEELO_DATA,,,INSUFFICIENT_DATA,NO_VALUE,suppressed: UNMODELLED,UNMODELLED
pointsbet_1:114277510:47,pointsbet_1,UNMODELLED,Brownlow Medal First 4 (Brownlow Medal 2026),Nick Daicos/Bailey Smith/Patrick Cripps/Harry Sheezel,,,,0.0,,,,,251.0,0.00398406374501992,,,,,,,,,,,INSUFFICIENT_WHEELO_DATA,,,INSUFFICIENT_DATA,NO_VALUE,suppressed: UNMODELLED,UNMODELLED
pointsbet_1:114277510:48,pointsbet_1,UNMODELLED,Brownlow Medal First 4 (Brownlow Medal 2026),Nick Daicos/Bailey Smith/Marcus Bontempelli/Chad Warner,,,,0.0,,,,,351.0,0.002849002849002849,,,,,,,,,,,INSUFFICIENT_WHEELO_DATA,,,INSUFFICIENT_DATA,NO_VALUE,suppressed: UNMODELLED,UNMODELLED
pointsbet_1:114277510:49,pointsbet_1,UNMODELLED,Brownlow Medal First 4 (Brownlow Medal 2026),Nick Daicos/Bailey Smith/Patrick Cripps/Nasiah Wanganeen-Milera,,,,0.0,,,,,351.0,0.002849002849002849,,,,,,,,,,,INSUFFICIENT_WHEELO_DATA,,,INSUFFICIENT_DATA,NO_VALUE,suppressed: UNMODELLED,UNMODELLED
pointsbet_1:114277510:50,pointsbet_1,UNMODELLED,Brownlow Medal First 4 (Brownlow Medal 2026),Nick Daicos/Marcus Bontempelli/Isaac Heeney/Will Ashcroft,,,,0.0,,,,,351.0,0.002849002849002849,,,,,,,,,,,INSUFFICIENT_WHEELO_DATA,,,INSUFFICIENT_DATA,NO_VALUE,suppressed: UNMODELLED,UNMODELLED
pointsbet_1:114277510:51,pointsbet_1,UNMODELLED,Brownlow Medal First 4 (Brownlow Medal 2026),Nick Daicos/Marcus Bontempelli/Max Gawn/Bailey Smith,,,,0.0,,,,,351.0,0.002849002849002849,,,,,,,,,,,INSUFFICIENT_WHEELO_DATA,,,INSUFFICIENT_DATA,NO_VALUE,suppressed: UNMODELLED,UNMODELLED
pointsbet_1:114277510:52,pointsbet_1,UNMODELLED,Brownlow Medal First 4 (Brownlow Medal 2026),Nick Daicos/Marcus Bontempelli/Will Ashcroft/Isaac Heeney,,,,0.0,,,,,351.0,0.002849002849002849,,,,,,,,,,,INSUFFICIENT_WHEELO_DATA,,,INSUFFICIENT_DATA,NO_VALUE,suppressed: UNMODELLED,UNMODELLED
pointsbet_1:114277510:53,pointsbet_1,UNMODELLED,Brownlow Medal First 4 (Brownlow Medal 2026),Nick Daicos/Marcus Bontempelli/Will Ashcroft/Patrick Cripps,,,,0.0,,,,,351.0,0.002849002849002849,,,,,,,,,,,INSUFFICIENT_WHEELO_DATA,,,INSUFFICIENT_DATA,NO_VALUE,suppressed: UNMODELLED,UNMODELLED
pointsbet_1:114277510:54,pointsbet_1,UNMODELLED,Brownlow Medal First 4 (Brownlow Medal 2026),Bailey Smith/Nick Daicos/Marcus Bontempelli/Patrick Cripps,,,,0.0,,,,,351.0,0.002849002849002849,,,,,,,,,,,INSUFFICIENT_WHEELO_DATA,,,INSUFFICIENT_DATA,NO_VALUE,suppressed: UNMODELLED,UNMODELLED
pointsbet_1:114277510:55,pointsbet_1,UNMODELLED,Brownlow Medal First 4 (Brownlow Medal 2026),Nick Daicos/Bailey Smith/Jordan Dawson/Will Ashcroft,,,,0.0,,,,,351.0,0.002849002849002849,,,,,,,,,,,INSUFFICIENT_WHEELO_DATA,,,INSUFFICIENT_DATA,NO_VALUE,suppressed: UNMODELLED,UNMODELLED
pointsbet_1:114277510:56,pointsbet_1,UNMODELLED,Brownlow Medal First 4 (Brownlow Medal 2026),Nick Daicos/Bailey Smith/Max Gawn/Patrick Cripps,,,,0.0,,,,,351.0,0.002849002849002849,,,,,,,,,,,INSUFFICIENT_WHEELO_DATA,,,INSUFFICIENT_DATA,NO_VALUE,suppressed: UNMODELLED,UNMODELLED
pointsbet_1:114277510:57,pointsbet_1,UNMODELLED,Brownlow Medal First 4 (Brownlow Medal 2026),Nick Daicos/Marcus Bontempelli/Lachie Neale/Bailey Smith,,,,0.0,,,,,351.0,0.002849002849002849,,,,,,,,,,,INSUFFICIENT_WHEELO_DATA,,,INSUFFICIENT_DATA,NO_VALUE,suppressed: UNMODELLED,UNMODELLED
pointsbet_1:114277510:58,pointsbet_1,UNMODELLED,Brownlow Medal First 4 (Brownlow Medal 2026),Nick Daicos/Bailey Smith/Marcus Bontempelli/Kysaiah Pickett,,,,0.0,,,,,401.0,0.0024937655860349127,,,,,,,,,,,INSUFFICIENT_WHEELO_DATA,,,INSUFFICIENT_DATA,NO_VALUE,suppressed: UNMODELLED,UNMODELLED
pointsbet_1:114277510:59,pointsbet_1,UNMODELLED,Brownlow Medal First 4 (Brownlow Medal 2026),Nick Daicos/Bailey Smith/Nasiah Wanganeen-Milera/Marcus Bontempelli,,,,0.0,,,,,401.0,0.0024937655860349127,,,,,,,,,,,INSUFFICIENT_WHEELO_DATA,,,INSUFFICIENT_DATA,NO_VALUE,suppressed: UNMODELLED,UNMODELLED
pointsbet_1:114277510:60,pointsbet_1,UNMODELLED,Brownlow Medal First 4 (Brownlow Medal 2026),Nick Daicos/Bailey Smith/Will Ashcroft/Jai Newcombe,,,,0.0,,,,,401.0,0.0024937655860349127,,,,,,,,,,,INSUFFICIENT_WHEELO_DATA,,,INSUFFICIENT_DATA,NO_VALUE,suppressed: UNMODELLED,UNMODELLED
pointsbet_1:114277510:61,pointsbet_1,UNMODELLED,Brownlow Medal First 4 (Brownlow Medal 2026),Nick Daicos/Jai Newcombe/Marcus Bontempelli/Bailey Smith,,,,0.0,,,,,401.0,0.0024937655860349127,,,,,,,,,,,INSUFFICIENT_WHEELO_DATA,,,INSUFFICIENT_DATA,NO_VALUE,suppressed: UNMODELLED,UNMODELLED
pointsbet_1:114277510:62,pointsbet_1,UNMODELLED,Brownlow Medal First 4 (Brownlow Medal 2026),Nick Daicos/Jordan Dawson/Bailey Smith/Marcus Bontempelli,,,,0.0,,,,,401.0,0.0024937655860349127,,,,,,,,,,,INSUFFICIENT_WHEELO_DATA,,,INSUFFICIENT_DATA,NO_VALUE,suppressed: UNMODELLED,UNMODELLED
pointsbet_1:114277510:63,pointsbet_1,UNMODELLED,Brownlow Medal First 4 (Brownlow Medal 2026),Bailey Smith/Nick Daicos/Marcus Bontempelli/Will Ashcroft,,,,0.0,,,,,401.0,0.0024937655860349127,,,,,,,,,,,INSUFFICIENT_WHEELO_DATA,,,INSUFFICIENT_DATA,NO_VALUE,suppressed: UNMODELLED,UNMODELLED
pointsbet_1:114277510:64,pointsbet_1,UNMODELLED,Brownlow Medal First 4 (Brownlow Medal 2026),Nick Daicos/Jai Newcombe/Bailey Smith/Marcus Bontempelli,,,,0.0,,,,,401.0,0.0024937655860349127,,,,,,,,,,,INSUFFICIENT_WHEELO_DATA,,,INSUFFICIENT_DATA,NO_VALUE,suppressed: UNMODELLED,UNMODELLED
pointsbet_1:114277510:65,pointsbet_1,UNMODELLED,Brownlow Medal First 4 (Brownlow Medal 2026),Nick Daicos/Marcus Bontempelli/Bailey Smith/Kysaiah Pickett,,,,0.0,,,,,401.0,0.0024937655860349127,,,,,,,,,,,INSUFFICIENT_WHEELO_DATA,,,INSUFFICIENT_DATA,NO_VALUE,suppressed: UNMODELLED,UNMODELLED
pointsbet_1:114277510:66,pointsbet_1,UNMODELLED,Brownlow Medal First 4 (Brownlow Medal 2026),Nick Daicos/Marcus Bontempelli/Patrick Cripps/Jai Newcombe,,,,0.0,,,,,401.0,0.0024937655860349127,,,,,,,,,,,INSUFFICIENT_WHEELO_DATA,,,INSUFFICIENT_DATA,NO_VALUE,suppressed: UNMODELLED,UNMODELLED
pointsbet_1:114277510:67,pointsbet_1,UNMODELLED,Brownlow Medal First 4 (Brownlow Medal 2026),Nick Daicos/Patrick Cripps/Bailey Smith/Will Ashcroft,,,,0.0,,,,,401.0,0.0024937655860349127,,,,,,,,,,,INSUFFICIENT_WHEELO_DATA,,,INSUFFICIENT_DATA,NO_VALUE,suppressed: UNMODELLED,UNMODELLED
pointsbet_1:114277510:68,pointsbet_1,UNMODELLED,Brownlow Medal First 4 (Brownlow Medal 2026),Nick Daicos/Bailey Smith/Jordan Dawson/Jai Newcombe,,,,0.0,,,,,451.0,0.0022172949002217295,,,,,,,,,,,INSUFFICIENT_WHEELO_DATA,,,INSUFFICIENT_DATA,NO_VALUE,suppressed: UNMODELLED,UNMODELLED
pointsbet_1:114277510:69,pointsbet_1,UNMODELLED,Brownlow Medal First 4 (Brownlow Medal 2026),Nick Daicos/Bailey Smith/Patrick Cripps/Isaac Heeney,,,,0.0,,,,,451.0,0.0022172949002217295,,,,,,,,,,,INSUFFICIENT_WHEELO_DATA,,,INSUFFICIENT_DATA,NO_VALUE,suppressed: UNMODELLED,UNMODELLED
pointsbet_1:114277510:70,pointsbet_1,UNMODELLED,Brownlow Medal First 4 (Brownlow Medal 2026),Nick Daicos/Bailey Smith/Will Ashcroft/Isaac Heeney,,,,0.0,,,,,451.0,0.0022172949002217295,,,,,,,,,,,INSUFFICIENT_WHEELO_DATA,,,INSUFFICIENT_DATA,NO_VALUE,suppressed: UNMODELLED,UNMODELLED
pointsbet_1:114277510:71,pointsbet_1,UNMODELLED,Brownlow Medal First 4 (Brownlow Medal 2026),Nick Daicos/Isaac Heeney/Marcus Bontempelli/Bailey Smith,,,,0.0,,,,,451.0,0.0022172949002217295,,,,,,,,,,,INSUFFICIENT_WHEELO_DATA,,,INSUFFICIENT_DATA,NO_VALUE,suppressed: UNMODELLED,UNMODELLED
pointsbet_1:114277510:72,pointsbet_1,UNMODELLED,Brownlow Medal First 4 (Brownlow Medal 2026),Nick Daicos/Marcus Bontempelli/Isaac Heeney/Patrick Cripps,,,,0.0,,,,,451.0,0.0022172949002217295,,,,,,,,,,,INSUFFICIENT_WHEELO_DATA,,,INSUFFICIENT_DATA,NO_VALUE,suppressed: UNMODELLED,UNMODELLED
pointsbet_1:114277510:73,pointsbet_1,UNMODELLED,Brownlow Medal First 4 (Brownlow Medal 2026),Nick Daicos/Marcus Bontempelli/Patrick Cripps/Lachie Neale,,,,0.0,,,,,451.0,0.0022172949002217295,,,,,,,,,,,INSUFFICIENT_WHEELO_DATA,,,INSUFFICIENT_DATA,NO_VALUE,suppressed: UNMODELLED,UNMODELLED
pointsbet_1:114277510:74,pointsbet_1,UNMODELLED,Brownlow Medal First 4 (Brownlow Medal 2026),Nick Daicos/Patrick Cripps/Bailey Smith/Jai Newcombe,,,,0.0,,,,,451.0,0.0022172949002217295,,,,,,,,,,,INSUFFICIENT_WHEELO_DATA,,,INSUFFICIENT_DATA,NO_VALUE,suppressed: UNMODELLED,UNMODELLED
pointsbet_1:114277510:75,pointsbet_1,UNMODELLED,Brownlow Medal First 4 (Brownlow Medal 2026),Nick Daicos/Patrick Cripps/Bailey Smith/Jordan Dawson,,,,0.0,,,,,451.0,0.0022172949002217295,,,,,,,,,,,INSUFFICIENT_WHEELO_DATA,,,INSUFFICIENT_DATA,NO_VALUE,suppressed: UNMODELLED,UNMODELLED
pointsbet_1:114277510:76,pointsbet_1,UNMODELLED,Brownlow Medal First 4 (Brownlow Medal 2026),Nick Daicos/Will Ashcroft/Bailey Smith/Marcus Bontempelli,,,,0.0,,,,,451.0,0.0022172949002217295,,,,,,,,,,,INSUFFICIENT_WHEELO_DATA,,,INSUFFICIENT_DATA,NO_VALUE,suppressed: UNMODELLED,UNMODELLED
pointsbet_1:114277510:77,pointsbet_1,UNMODELLED,Brownlow Medal First 4 (Brownlow Medal 2026),Nick Daicos/Will Ashcroft/Marcus Bontempelli/Bailey Smith,,,,0.0,,,,,451.0,0.0022172949002217295,,,,,,,,,,,INSUFFICIENT_WHEELO_DATA,,,INSUFFICIENT_DATA,NO_VALUE,suppressed: UNMODELLED,UNMODELLED
pointsbet_1:114277510:78,pointsbet_1,UNMODELLED,Brownlow Medal First 4 (Brownlow Medal 2026),Marcus Bontempelli/Nick Daicos/Bailey Smith/Will Ashcroft,,,,0.0,,,,,501.0,0.001996007984031936,,,,,,,,,,,INSUFFICIENT_WHEELO_DATA,,,INSUFFICIENT_DATA,NO_VALUE,suppressed: UNMODELLED,UNMODELLED
pointsbet_1:114277510:79,pointsbet_1,UNMODELLED,Brownlow Medal First 4 (Brownlow Medal 2026),Nick Daicos/Bailey Smith/Isaac Heeney/Will Ashcroft,,,,0.0,,,,,501.0,0.001996007984031936,,,,,,,,,,,INSUFFICIENT_WHEELO_DATA,,,INSUFFICIENT_DATA,NO_VALUE,suppressed: UNMODELLED,UNMODELLED
pointsbet_1:114277510:80,pointsbet_1,UNMODELLED,Brownlow Medal First 4 (Brownlow Medal 2026),Nick Daicos/Bailey Smith/Jai Newcombe/Will Ashcroft,,,,0.0,,,,,501.0,0.001996007984031936,,,,,,,,,,,INSUFFICIENT_WHEELO_DATA,,,INSUFFICIENT_DATA,NO_VALUE,suppressed: UNMODELLED,UNMODELLED
pointsbet_1:114277510:81,pointsbet_1,UNMODELLED,Brownlow Medal First 4 (Brownlow Medal 2026),Nick Daicos/Bailey Smith/Jordan Dawson/Lachie Neale,,,,0.0,,,,,501.0,0.001996007984031936,,,,,,,,,,,INSUFFICIENT_WHEELO_DATA,,,INSUFFICIENT_DATA,NO_VALUE,suppressed: UNMODELLED,UNMODELLED
pointsbet_1:114277510:82,pointsbet_1,UNMODELLED,Brownlow Medal First 4 (Brownlow Medal 2026),Nick Daicos/Bailey Smith/Will Ashcroft/Jordan Dawson,,,,0.0,,,,,501.0,0.001996007984031936,,,,,,,,,,,INSUFFICIENT_WHEELO_DATA,,,INSUFFICIENT_DATA,NO_VALUE,suppressed: UNMODELLED,UNMODELLED
pointsbet_1:114277510:83,pointsbet_1,UNMODELLED,Brownlow Medal First 4 (Brownlow Medal 2026),Nick Daicos/Marcus Bontempelli/Patrick Cripps/Jordan Dawson,,,,0.0,,,,,501.0,0.001996007984031936,,,,,,,,,,,INSUFFICIENT_WHEELO_DATA,,,INSUFFICIENT_DATA,NO_VALUE,suppressed: UNMODELLED,UNMODELLED
pointsbet_1:114277510:84,pointsbet_1,UNMODELLED,Brownlow Medal First 4 (Brownlow Medal 2026),Nick Daicos/Patrick Cripps/Bailey Smith/Lachie Neale,,,,0.0,,,,,501.0,0.001996007984031936,,,,,,,,,,,INSUFFICIENT_WHEELO_DATA,,,INSUFFICIENT_DATA,NO_VALUE,suppressed: UNMODELLED,UNMODELLED
pointsbet_1:114277510:85,pointsbet_1,UNMODELLED,Brownlow Medal First 4 (Brownlow Medal 2026),Bailey Smith/Nick Daicos/Marcus Bontempelli/Isaac Heeney,,,,0.0,,,,,551.0,0.0018148820326678765,,,,,,,,,,,INSUFFICIENT_WHEELO_DATA,,,INSUFFICIENT_DATA,NO_VALUE,suppressed: UNMODELLED,UNMODELLED
pointsbet_1:114277510:86,pointsbet_1,UNMODELLED,Brownlow Medal First 4 (Brownlow Medal 2026),Nick Daicos/Bailey Smith/Lachie Neale/Jai Newcombe,,,,0.0,,,,,551.0,0.0018148820326678765,,,,,,,,,,,INSUFFICIENT_WHEELO_DATA,,,INSUFFICIENT_DATA,NO_VALUE,suppressed: UNMODELLED,UNMODELLED
pointsbet_1:114277510:87,pointsbet_1,UNMODELLED,Brownlow Medal First 4 (Brownlow Medal 2026),Nick Daicos/Bailey Smith/Lachie Neale/Jordan Dawson,,,,0.0,,,,,551.0,0.0018148820326678765,,,,,,,,,,,INSUFFICIENT_WHEELO_DATA,,,INSUFFICIENT_DATA,NO_VALUE,suppressed: UNMODELLED,UNMODELLED
pointsbet_1:114277510:88,pointsbet_1,UNMODELLED,Brownlow Medal First 4 (Brownlow Medal 2026),Nick Daicos/Bailey Smith/Max Gawn/Jordan Dawson,,,,0.0,,,,,551.0,0.0018148820326678765,,,,,,,,,,,INSUFFICIENT_WHEELO_DATA,,,INSUFFICIENT_DATA,NO_VALUE,suppressed: UNMODELLED,UNMODELLED
pointsbet_1:114277510:89,pointsbet_1,UNMODELLED,Brownlow Medal First 4 (Brownlow Medal 2026),Nick Daicos/Marcus Bontempelli/Patrick Cripps/Isaac Heeney,,,,0.0,,,,,551.0,0.0018148820326678765,,,,,,,,,,,INSUFFICIENT_WHEELO_DATA,,,INSUFFICIENT_DATA,NO_VALUE,suppressed: UNMODELLED,UNMODELLED
pointsbet_1:114277510:90,pointsbet_1,UNMODELLED,Brownlow Medal First 4 (Brownlow Medal 2026),Nick Daicos/Marcus Bontempelli/Nasiah Wanganeen-Milera/Bailey Smith,,,,0.0,,,,,601.0,0.0016638935108153079,,,,,,,,,,,INSUFFICIENT_WHEELO_DATA,,,INSUFFICIENT_DATA,NO_VALUE,suppressed: UNMODELLED,UNMODELLED
pointsbet_1:114277510:91,pointsbet_1,UNMODELLED,Brownlow Medal First 4 (Brownlow Medal 2026),Marcus Bontempelli/Nick Daicos/Bailey Smith/Isaac Heeney,,,,0.0,,,,,651.0,0.0015360983102918587,,,,,,,,,,,INSUFFICIENT_WHEELO_DATA,,,INSUFFICIENT_DATA,NO_VALUE,suppressed: UNMODELLED,UNMODELLED
pointsbet_1:114277510:92,pointsbet_1,UNMODELLED,Brownlow Medal First 4 (Brownlow Medal 2026),Nick Daicos/Bailey Smith/Isaac Heeney/Patrick Cripps,,,,0.0,,,,,651.0,0.0015360983102918587,,,,,,,,,,,INSUFFICIENT_WHEELO_DATA,,,INSUFFICIENT_DATA,NO_VALUE,suppressed: UNMODELLED,UNMODELLED
pointsbet_1:114277510:93,pointsbet_1,UNMODELLED,Brownlow Medal First 4 (Brownlow Medal 2026),Nick Daicos/Bailey Smith/Jai Newcombe/Jordan Dawson,,,,0.0,,,,,651.0,0.0015360983102918587,,,,,,,,,,,INSUFFICIENT_WHEELO_DATA,,,INSUFFICIENT_DATA,NO_VALUE,suppressed: UNMODELLED,UNMODELLED
pointsbet_1:114277510:94,pointsbet_1,UNMODELLED,Brownlow Medal First 4 (Brownlow Medal 2026),Nick Daicos/Lachie Neale/Bailey Smith/Marcus Bontempelli,,,,0.0,,,,,651.0,0.0015360983102918587,,,,,,,,,,,INSUFFICIENT_WHEELO_DATA,,,INSUFFICIENT_DATA,NO_VALUE,suppressed: UNMODELLED,UNMODELLED
pointsbet_1:114277510:95,pointsbet_1,UNMODELLED,Brownlow Medal First 4 (Brownlow Medal 2026),Nick Daicos/Marcus Bontempelli/Bailey Smith/Zak Butters,,,,0.0,,,,,651.0,0.0015360983102918587,,,,,,,,,,,INSUFFICIENT_WHEELO_DATA,,,INSUFFICIENT_DATA,NO_VALUE,suppressed: UNMODELLED,UNMODELLED
pointsbet_1:114277510:96,pointsbet_1,UNMODELLED,Brownlow Medal First 4 (Brownlow Medal 2026),Nick Daicos/Marcus Bontempelli/Patrick Cripps/Max Gawn,,,,0.0,,,,,651.0,0.0015360983102918587,,,,,,,,,,,INSUFFICIENT_WHEELO_DATA,,,INSUFFICIENT_DATA,NO_VALUE,suppressed: UNMODELLED,UNMODELLED
pointsbet_1:114277510:97,pointsbet_1,UNMODELLED,Brownlow Medal First 4 (Brownlow Medal 2026),Nick Daicos/Bailey Smith/Marcus Bontempelli/Luke Davies-Uniacke,,,,0.0,,,,,701.0,0.0014265335235378032,,,,,,,,,,,INSUFFICIENT_WHEELO_DATA,,,INSUFFICIENT_DATA,NO_VALUE,suppressed: UNMODELLED,UNMODELLED
pointsbet_1:114277510:98,pointsbet_1,UNMODELLED,Brownlow Medal First 4 (Brownlow Medal 2026),Nick Daicos/Isaac Heeney/Bailey Smith/Marcus Bontempelli,,,,0.0,,,,,701.0,0.0014265335235378032,,,,,,,,,,,INSUFFICIENT_WHEELO_DATA,,,INSUFFICIENT_DATA,NO_VALUE,suppressed: UNMODELLED,UNMODELLED
pointsbet_1:114277510:99,pointsbet_1,UNMODELLED,Brownlow Medal First 4 (Brownlow Medal 2026),Nick Daicos/Jordan Dawson/Marcus Bontempelli/Bailey Smith,,,,0.0,,,,,701.0,0.0014265335235378032,,,,,,,,,,,INSUFFICIENT_WHEELO_DATA,,,INSUFFICIENT_DATA,NO_VALUE,suppressed: UNMODELLED,UNMODELLED
pointsbet_1:114277510:100,pointsbet_1,UNMODELLED,Brownlow Medal First 4 (Brownlow Medal 2026),Nick Daicos/Patrick Cripps/Marcus Bontempelli/Will Ashcroft,,,,0.0,,,,,701.0,0.0014265335235378032,,,,,,,,,,,INSUFFICIENT_WHEELO_DATA,,,INSUFFICIENT_DATA,NO_VALUE,suppressed: UNMODELLED,UNMODELLED
pointsbet_1:114277510:101,pointsbet_1,UNMODELLED,Brownlow Medal First 4 (Brownlow Medal 2026),Nick Daicos/Bailey Smith/Harry Sheezel/Patrick Cripps,,,,0.0,,,,,751.0,0.0013315579227696406,,,,,,,,,,,INSUFFICIENT_WHEELO_DATA,,,INSUFFICIENT_DATA,NO_VALUE,suppressed: UNMODELLED,UNMODELLED
pointsbet_1:114277510:102,pointsbet_1,UNMODELLED,Brownlow Medal First 4 (Brownlow Medal 2026),Nick Daicos/Bailey Smith/Jordan Dawson/Max Gawn,,,,0.0,,,,,751.0,0.0013315579227696406,,,,,,,,,,,INSUFFICIENT_WHEELO_DATA,,,INSUFFICIENT_DATA,NO_VALUE,suppressed: UNMODELLED,UNMODELLED
pointsbet_1:114277510:103,pointsbet_1,UNMODELLED,Brownlow Medal First 4 (Brownlow Medal 2026),Nick Daicos/Bailey Smith/Lachie Neale/Will Ashcroft,,,,0.0,,,,,751.0,0.0013315579227696406,,,,,,,,,,,INSUFFICIENT_WHEELO_DATA,,,INSUFFICIENT_DATA,NO_VALUE,suppressed: UNMODELLED,UNMODELLED
pointsbet_1:114277510:104,pointsbet_1,UNMODELLED,Brownlow Medal First 4 (Brownlow Medal 2026),Nick Daicos/Marcus Bontempelli/Bailey Smith/Chad Warner,,,,0.0,,,,,751.0,0.0013315579227696406,,,,,,,,,,,INSUFFICIENT_WHEELO_DATA,,,INSUFFICIENT_DATA,NO_VALUE,suppressed: UNMODELLED,UNMODELLED
pointsbet_1:114277510:105,pointsbet_1,UNMODELLED,Brownlow Medal First 4 (Brownlow Medal 2026),Nick Daicos/Bailey Smith/Harry Sheezel/Will Ashcroft,,,,0.0,,,,,801.0,0.0012484394506866417,,,,,,,,,,,INSUFFICIENT_WHEELO_DATA,,,INSUFFICIENT_DATA,NO_VALUE,suppressed: UNMODELLED,UNMODELLED
pointsbet_1:114277510:106,pointsbet_1,UNMODELLED,Brownlow Medal First 4 (Brownlow Medal 2026),Nick Daicos/Bailey Smith/Jai Newcombe/Lachie Neale,,,,0.0,,,,,801.0,0.0012484394506866417,,,,,,,,,,,INSUFFICIENT_WHEELO_DATA,,,INSUFFICIENT_DATA,NO_VALUE,suppressed: UNMODELLED,UNMODELLED
pointsbet_1:114277510:107,pointsbet_1,UNMODELLED,Brownlow Medal First 4 (Brownlow Medal 2026),Nick Daicos/Bailey Smith/Max Gawn/Lachie Neale,,,,0.0,,,,,801.0,0.0012484394506866417,,,,,,,,,,,INSUFFICIENT_WHEELO_DATA,,,INSUFFICIENT_DATA,NO_VALUE,suppressed: UNMODELLED,UNMODELLED
pointsbet_1:114277510:108,pointsbet_1,UNMODELLED,Brownlow Medal First 4 (Brownlow Medal 2026),Nick Daicos/Bailey Smith/Max Gawn/Will Ashcroft,,,,0.0,,,,,801.0,0.0012484394506866417,,,,,,,,,,,INSUFFICIENT_WHEELO_DATA,,,INSUFFICIENT_DATA,NO_VALUE,suppressed: UNMODELLED,UNMODELLED
pointsbet_1:114277510:109,pointsbet_1,UNMODELLED,Brownlow Medal First 4 (Brownlow Medal 2026),Nick Daicos/Bailey Smith/Will Ashcroft/Lachie Neale,,,,0.0,,,,,801.0,0.0012484394506866417,,,,,,,,,,,INSUFFICIENT_WHEELO_DATA,,,INSUFFICIENT_DATA,NO_VALUE,suppressed: UNMODELLED,UNMODELLED
pointsbet_1:114277510:110,pointsbet_1,UNMODELLED,Brownlow Medal First 4 (Brownlow Medal 2026),Nick Daicos/Bailey Smith/Will Ashcroft/Max Gawn,,,,0.0,,,,,801.0,0.0012484394506866417,,,,,,,,,,,INSUFFICIENT_WHEELO_DATA,,,INSUFFICIENT_DATA,NO_VALUE,suppressed: UNMODELLED,UNMODELLED
pointsbet_1:114277510:111,pointsbet_1,UNMODELLED,Brownlow Medal First 4 (Brownlow Medal 2026),Nick Daicos/Jordan Dawson/Bailey Smith/Patrick Cripps,,,,0.0,,,,,801.0,0.0012484394506866417,,,,,,,,,,,INSUFFICIENT_WHEELO_DATA,,,INSUFFICIENT_DATA,NO_VALUE,suppressed: UNMODELLED,UNMODELLED
pointsbet_1:114277510:112,pointsbet_1,UNMODELLED,Brownlow Medal First 4 (Brownlow Medal 2026),Nick Daicos/Marcus Bontempelli/Harry Sheezel/Bailey Smith,,,,0.0,,,,,801.0,0.0012484394506866417,,,,,,,,,,,INSUFFICIENT_WHEELO_DATA,,,INSUFFICIENT_DATA,NO_VALUE,suppressed: UNMODELLED,UNMODELLED
pointsbet_1:114277510:113,pointsbet_1,UNMODELLED,Brownlow Medal First 4 (Brownlow Medal 2026),Nick Daicos/Marcus Bontempelli/Jordan Dawson/Patrick Cripps,,,,0.0,,,,,801.0,0.0012484394506866417,,,,,,,,,,,INSUFFICIENT_WHEELO_DATA,,,INSUFFICIENT_DATA,NO_VALUE,suppressed: UNMODELLED,UNMODELLED
pointsbet_1:114277510:114,pointsbet_1,UNMODELLED,Brownlow Medal First 4 (Brownlow Medal 2026),Nick Daicos/Max Gawn/Bailey Smith/Marcus Bontempelli,,,,0.0,,,,,801.0,0.0012484394506866417,,,,,,,,,,,INSUFFICIENT_WHEELO_DATA,,,INSUFFICIENT_DATA,NO_VALUE,suppressed: UNMODELLED,UNMODELLED
pointsbet_1:114277510:115,pointsbet_1,UNMODELLED,Brownlow Medal First 4 (Brownlow Medal 2026),Nick Daicos/Max Gawn/Marcus Bontempelli/Bailey Smith,,,,0.0,,,,,801.0,0.0012484394506866417,,,,,,,,,,,INSUFFICIENT_WHEELO_DATA,,,INSUFFICIENT_DATA,NO_VALUE,suppressed: UNMODELLED,UNMODELLED
pointsbet_1:114277510:116,pointsbet_1,UNMODELLED,Brownlow Medal First 4 (Brownlow Medal 2026),Nick Daicos/Patrick Cripps/Bailey Smith/Harry Sheezel,,,,0.0,,,,,801.0,0.0012484394506866417,,,,,,,,,,,INSUFFICIENT_WHEELO_DATA,,,INSUFFICIENT_DATA,NO_VALUE,suppressed: UNMODELLED,UNMODELLED
pointsbet_1:114277510:117,pointsbet_1,UNMODELLED,Brownlow Medal First 4 (Brownlow Medal 2026),Nick Daicos/Bailey Smith/Marcus Bontempelli/Ed Richards,,,,0.0,,,,,901.0,0.0011098779134295228,,,,,,,,,,,INSUFFICIENT_WHEELO_DATA,,,INSUFFICIENT_DATA,NO_VALUE,suppressed: UNMODELLED,UNMODELLED
pointsbet_1:114277510:118,pointsbet_1,UNMODELLED,Brownlow Medal First 4 (Brownlow Medal 2026),Nick Daicos/Jai Newcombe/Bailey Smith/Patrick Cripps,,,,0.0,,,,,901.0,0.0011098779134295228,,,,,,,,,,,INSUFFICIENT_WHEELO_DATA,,,INSUFFICIENT_DATA,NO_VALUE,suppressed: UNMODELLED,UNMODELLED
pointsbet_1:114277510:119,pointsbet_1,UNMODELLED,Brownlow Medal First 4 (Brownlow Medal 2026),Nick Daicos/Patrick Cripps/Marcus Bontempelli/Jordan Dawson,,,,0.0,,,,,901.0,0.0011098779134295228,,,,,,,,,,,INSUFFICIENT_WHEELO_DATA,,,INSUFFICIENT_DATA,NO_VALUE,suppressed: UNMODELLED,UNMODELLED
pointsbet_1:114277510:120,pointsbet_1,UNMODELLED,Brownlow Medal First 4 (Brownlow Medal 2026),Nick Daicos/Bailey Smith/Jai Newcombe/Harry Sheezel,,,,0.0,,,,,1001.0,0.000999000999000999,,,,,,,,,,,INSUFFICIENT_WHEELO_DATA,,,INSUFFICIENT_DATA,NO_VALUE,suppressed: UNMODELLED,UNMODELLED
pointsbet_1:114277510:121,pointsbet_1,UNMODELLED,Brownlow Medal First 4 (Brownlow Medal 2026),Nick Daicos/Bailey Smith/Jai Newcombe/Nasiah Wanganeen-Milera,,,,0.0,,,,,1001.0,0.000999000999000999,,,,,,,,,,,INSUFFICIENT_WHEELO_DATA,,,INSUFFICIENT_DATA,NO_VALUE,suppressed: UNMODELLED,UNMODELLED
pointsbet_1:114277510:122,pointsbet_1,UNMODELLED,Brownlow Medal First 4 (Brownlow Medal 2026),Nick Daicos/Bailey Smith/Jordan Dawson/Nasiah Wanganeen-Milera,,,,0.0,,,,,1001.0,0.000999000999000999,,,,,,,,,,,INSUFFICIENT_WHEELO_DATA,,,INSUFFICIENT_DATA,NO_VALUE,suppressed: UNMODELLED,UNMODELLED
pointsbet_1:114277510:123,pointsbet_1,UNMODELLED,Brownlow Medal First 4 (Brownlow Medal 2026),Nick Daicos/Bailey Smith/Zak Butters/Marcus Bontempelli,,,,0.0,,,,,1001.0,0.000999000999000999,,,,,,,,,,,INSUFFICIENT_WHEELO_DATA,,,INSUFFICIENT_DATA,NO_VALUE,suppressed: UNMODELLED,UNMODELLED
pointsbet_1:114277510:124,pointsbet_1,UNMODELLED,Brownlow Medal First 4 (Brownlow Medal 2026),Nick Daicos/Lachie Neale/Bailey Smith/Patrick Cripps,,,,0.0,,,,,1001.0,0.000999000999000999,,,,,,,,,,,INSUFFICIENT_WHEELO_DATA,,,INSUFFICIENT_DATA,NO_VALUE,suppressed: UNMODELLED,UNMODELLED
pointsbet_1:114277510:125,pointsbet_1,UNMODELLED,Brownlow Medal First 4 (Brownlow Medal 2026),Nick Daicos/Lachie Neale/Marcus Bontempelli/Bailey Smith,,,,0.0,,,,,1001.0,0.000999000999000999,,,,,,,,,,,INSUFFICIENT_WHEELO_DATA,,,INSUFFICIENT_DATA,NO_VALUE,suppressed: UNMODELLED,UNMODELLED
pointsbet_1:114277510:126,pointsbet_1,UNMODELLED,Brownlow Medal First 4 (Brownlow Medal 2026),Nick Daicos/Marcus Bontempelli/Lachie Neale/Patrick Cripps,,,,0.0,,,,,1001.0,0.000999000999000999,,,,,,,,,,,INSUFFICIENT_WHEELO_DATA,,,INSUFFICIENT_DATA,NO_VALUE,suppressed: UNMODELLED,UNMODELLED
pointsbet_1:114277510:127,pointsbet_1,UNMODELLED,Brownlow Medal First 4 (Brownlow Medal 2026),Nick Daicos/Patrick Cripps/Jai Newcombe/Bailey Smith,,,,0.0,,,,,1001.0,0.000999000999000999,,,,,,,,,,,INSUFFICIENT_WHEELO_DATA,,,INSUFFICIENT_DATA,NO_VALUE,suppressed: UNMODELLED,UNMODELLED
pointsbet_1:114277510:128,pointsbet_1,UNMODELLED,Brownlow Medal First 4 (Brownlow Medal 2026),Nick Daicos/Patrick Cripps/Marcus Bontempelli/Lachie Neale,,,,0.0,,,,,1001.0,0.000999000999000999,,,,,,,,,,,INSUFFICIENT_WHEELO_DATA,,,INSUFFICIENT_DATA,NO_VALUE,suppressed: UNMODELLED,UNMODELLED
pointsbet_1:114277506:1,pointsbet_1,UNMODELLED,Brownlow Medal Boxed First 4 (Brownlow Medal 2026),Bailey Smith/Marcus Bontempelli/Nick Daicos/Patrick Cripps,,,,0.0,,,,,3.25,0.3076923076923077,,,,,,,,,,,INSUFFICIENT_WHEELO_DATA,,,INSUFFICIENT_DATA,NO_VALUE,suppressed: UNMODELLED,UNMODELLED
pointsbet_1:114277506:2,pointsbet_1,UNMODELLED,Brownlow Medal Boxed First 4 (Brownlow Medal 2026),Bailey Smith/Marcus Bontempelli/Nick Daicos/Will Ashcroft,,,,0.0,,,,,4.5,0.2222222222222222,,,,,,,,,,,INSUFFICIENT_WHEELO_DATA,,,INSUFFICIENT_DATA,NO_VALUE,suppressed: UNMODELLED,UNMODELLED
pointsbet_1:114277506:3,pointsbet_1,UNMODELLED,Brownlow Medal Boxed First 4 (Brownlow Medal 2026),Bailey Smith/Isaac Heeney/Marcus Bontempelli/Nick Daicos,,,,0.0,,,,,7.0,0.14285714285714285,,,,,,,,,,,INSUFFICIENT_WHEELO_DATA,,,INSUFFICIENT_DATA,NO_VALUE,suppressed: UNMODELLED,UNMODELLED
pointsbet_1:114277506:4,pointsbet_1,UNMODELLED,Brownlow Medal Boxed First 4 (Brownlow Medal 2026),Bailey Smith/Jordan Dawson/Marcus Bontempelli/Nick Daicos,,,,0.0,,,,,11.0,0.09090909090909091,,,,,,,,,,,INSUFFICIENT_WHEELO_DATA,,,INSUFFICIENT_DATA,NO_VALUE,suppressed: UNMODELLED,UNMODELLED
pointsbet_1:114277506:5,pointsbet_1,UNMODELLED,Brownlow Medal Boxed First 4 (Brownlow Medal 2026),Bailey Smith/Jai Newcombe/Marcus Bontempelli/Nick Daicos,,,,0.0,,,,,13.0,0.07692307692307693,,,,,,,,,,,INSUFFICIENT_WHEELO_DATA,,,INSUFFICIENT_DATA,NO_VALUE,suppressed: UNMODELLED,UNMODELLED
pointsbet_1:114277506:6,pointsbet_1,UNMODELLED,Brownlow Medal Boxed First 4 (Brownlow Medal 2026),Bailey Smith/Lachie Neale/Marcus Bontempelli/Nick Daicos,,,,0.0,,,,,13.0,0.07692307692307693,,,,,,,,,,,INSUFFICIENT_WHEELO_DATA,,,INSUFFICIENT_DATA,NO_VALUE,suppressed: UNMODELLED,UNMODELLED
pointsbet_1:114277506:7,pointsbet_1,UNMODELLED,Brownlow Medal Boxed First 4 (Brownlow Medal 2026),Bailey Smith/Marcus Bontempelli/Max Gawn/Nick Daicos,,,,0.0,,,,,15.0,0.06666666666666667,,,,,,,,,,,INSUFFICIENT_WHEELO_DATA,,,INSUFFICIENT_DATA,NO_VALUE,suppressed: UNMODELLED,UNMODELLED
pointsbet_1:114277506:8,pointsbet_1,UNMODELLED,Brownlow Medal Boxed First 4 (Brownlow Medal 2026),Bailey Smith/Harry Sheezel/Marcus Bontempelli/Nick Daicos,,,,0.0,,,,,34.0,0.029411764705882353,,,,,,,,,,,INSUFFICIENT_WHEELO_DATA,,,INSUFFICIENT_DATA,NO_VALUE,suppressed: UNMODELLED,UNMODELLED
pointsbet_1:114277506:9,pointsbet_1,UNMODELLED,Brownlow Medal Boxed First 4 (Brownlow Medal 2026),Bailey Smith/Marcus Bontempelli/Nasiah Wanganeen-Milera/Nick Daicos,,,,0.0,,,,,34.0,0.029411764705882353,,,,,,,,,,,INSUFFICIENT_WHEELO_DATA,,,INSUFFICIENT_DATA,NO_VALUE,suppressed: UNMODELLED,UNMODELLED
pointsbet_1:114277506:10,pointsbet_1,UNMODELLED,Brownlow Medal Boxed First 4 (Brownlow Medal 2026),Bailey Smith/Nick Daicos/Patrick Cripps/Will Ashcroft,,,,0.0,,,,,51.0,0.0196078431372549,,,,,,,,,,,INSUFFICIENT_WHEELO_DATA,,,INSUFFICIENT_DATA,NO_VALUE,suppressed: UNMODELLED,UNMODELLED
pointsbet_1:114277506:11,pointsbet_1,UNMODELLED,Brownlow Medal Boxed First 4 (Brownlow Medal 2026),Bailey Smith/Jordan Dawson/Nick Daicos/Patrick Cripps,,,,0.0,,,,,67.0,0.014925373134328358,,,,,,,,,,,INSUFFICIENT_WHEELO_DATA,,,INSUFFICIENT_DATA,NO_VALUE,suppressed: UNMODELLED,UNMODELLED
pointsbet_1:114277506:37,pointsbet_1,UNMODELLED,Brownlow Medal Boxed First 4 (Brownlow Medal 2026),Bailey Smith/Max Gawn/Nick Daicos/Will Ashcroft,,,,0.0,,,,,67.0,0.014925373134328358,,,,,,,,,,,INSUFFICIENT_WHEELO_DATA,,,INSUFFICIENT_DATA,NO_VALUE,suppressed: UNMODELLED,UNMODELLED
pointsbet_1:114277506:12,pointsbet_1,UNMODELLED,Brownlow Medal Boxed First 4 (Brownlow Medal 2026),Bailey Smith/Jai Newcombe/Nick Daicos/Patrick Cripps,,,,0.0,,,,,81.0,0.012345679012345678,,,,,,,,,,,INSUFFICIENT_WHEELO_DATA,,,INSUFFICIENT_DATA,NO_VALUE,suppressed: UNMODELLED,UNMODELLED
pointsbet_1:114277506:13,pointsbet_1,UNMODELLED,Brownlow Medal Boxed First 4 (Brownlow Medal 2026),Bailey Smith/Lachie Neale/Nick Daicos/Patrick Cripps,,,,0.0,,,,,81.0,0.012345679012345678,,,,,,,,,,,INSUFFICIENT_WHEELO_DATA,,,INSUFFICIENT_DATA,NO_VALUE,suppressed: UNMODELLED,UNMODELLED
pointsbet_1:114277506:14,pointsbet_1,UNMODELLED,Brownlow Medal Boxed First 4 (Brownlow Medal 2026),Bailey Smith/Izak Rankine/Marcus Bontempelli/Nick Daicos,,,,0.0,,,,,81.0,0.012345679012345678,,,,,,,,,,,INSUFFICIENT_WHEELO_DATA,,,INSUFFICIENT_DATA,NO_VALUE,suppressed: UNMODELLED,UNMODELLED
pointsbet_1:114277506:15,pointsbet_1,UNMODELLED,Brownlow Medal Boxed First 4 (Brownlow Medal 2026),Marcus Bontempelli/Nick Daicos/Patrick Cripps/Will Ashcroft,,,,0.0,,,,,101.0,0.009900990099009901,,,,,,,,,,,INSUFFICIENT_WHEELO_DATA,,,INSUFFICIENT_DATA,NO_VALUE,suppressed: UNMODELLED,UNMODELLED
pointsbet_1:114277506:16,pointsbet_1,UNMODELLED,Brownlow Medal Boxed First 4 (Brownlow Medal 2026),Bailey Smith/Max Gawn/Nick Daicos/Patrick Cripps,,,,0.0,,,,,101.0,0.009900990099009901,,,,,,,,,,,INSUFFICIENT_WHEELO_DATA,,,INSUFFICIENT_DATA,NO_VALUE,suppressed: UNMODELLED,UNMODELLED
pointsbet_1:114277506:17,pointsbet_1,UNMODELLED,Brownlow Medal Boxed First 4 (Brownlow Medal 2026),Bailey Smith/Marcus Bontempelli/Nick Daicos/Zak Butters,,,,0.0,,,,,126.0,0.007936507936507936,,,,,,,,,,,INSUFFICIENT_WHEELO_DATA,,,INSUFFICIENT_DATA,NO_VALUE,suppressed: UNMODELLED,UNMODELLED
pointsbet_1:114277506:18,pointsbet_1,UNMODELLED,Brownlow Medal Boxed First 4 (Brownlow Medal 2026),Bailey Smith/Harry Sheezel/Nick Daicos/Patrick Cripps,,,,0.0,,,,,151.0,0.006622516556291391,,,,,,,,,,,INSUFFICIENT_WHEELO_DATA,,,INSUFFICIENT_DATA,NO_VALUE,suppressed: UNMODELLED,UNMODELLED
pointsbet_1:114277506:19,pointsbet_1,UNMODELLED,Brownlow Medal Boxed First 4 (Brownlow Medal 2026),Isaac Heeney/Marcus Bontempelli/Nick Daicos/Will Ashcroft,,,,0.0,,,,,151.0,0.006622516556291391,,,,,,,,,,,INSUFFICIENT_WHEELO_DATA,,,INSUFFICIENT_DATA,NO_VALUE,suppressed: UNMODELLED,UNMODELLED
pointsbet_1:114277506:20,pointsbet_1,UNMODELLED,Brownlow Medal Boxed First 4 (Brownlow Medal 2026),Bailey Smith/Jai Newcombe/Nick Daicos/Will Ashcroft,,,,0.0,,,,,151.0,0.006622516556291391,,,,,,,,,,,INSUFFICIENT_WHEELO_DATA,,,INSUFFICIENT_DATA,NO_VALUE,suppressed: UNMODELLED,UNMODELLED
pointsbet_1:114277506:21,pointsbet_1,UNMODELLED,Brownlow Medal Boxed First 4 (Brownlow Medal 2026),Bailey Smith/Jordan Dawson/Nick Daicos/Will Ashcroft,,,,0.0,,,,,151.0,0.006622516556291391,,,,,,,,,,,INSUFFICIENT_WHEELO_DATA,,,INSUFFICIENT_DATA,NO_VALUE,suppressed: UNMODELLED,UNMODELLED
pointsbet_1:114277506:22,pointsbet_1,UNMODELLED,Brownlow Medal Boxed First 4 (Brownlow Medal 2026),Lachie Neale/Marcus Bontempelli/Nick Daicos/Patrick Cripps,,,,0.0,,,,,151.0,0.006622516556291391,,,,,,,,,,,INSUFFICIENT_WHEELO_DATA,,,INSUFFICIENT_DATA,NO_VALUE,suppressed: UNMODELLED,UNMODELLED
pointsbet_1:114277506:23,pointsbet_1,UNMODELLED,Brownlow Medal Boxed First 4 (Brownlow Medal 2026),Bailey Smith/Kysaiah Pickett/Marcus Bontempelli/Nick Daicos,,,,0.0,,,,,201.0,0.004975124378109453,,,,,,,,,,,INSUFFICIENT_WHEELO_DATA,,,INSUFFICIENT_DATA,NO_VALUE,suppressed: UNMODELLED,UNMODELLED
pointsbet_1:114277506:24,pointsbet_1,UNMODELLED,Brownlow Medal Boxed First 4 (Brownlow Medal 2026),Isaac Heeney/Marcus Bontempelli/Nick Daicos/Patrick Cripps,,,,0.0,,,,,201.0,0.004975124378109453,,,,,,,,,,,INSUFFICIENT_WHEELO_DATA,,,INSUFFICIENT_DATA,NO_VALUE,suppressed: UNMODELLED,UNMODELLED
pointsbet_1:114277506:25,pointsbet_1,UNMODELLED,Brownlow Medal Boxed First 4 (Brownlow Medal 2026),Jordan Dawson/Marcus Bontempelli/Nick Daicos/Patrick Cripps,,,,0.0,,,,,201.0,0.004975124378109453,,,,,,,,,,,INSUFFICIENT_WHEELO_DATA,,,INSUFFICIENT_DATA,NO_VALUE,suppressed: UNMODELLED,UNMODELLED
pointsbet_1:114277506:26,pointsbet_1,UNMODELLED,Brownlow Medal Boxed First 4 (Brownlow Medal 2026),Bailey Smith/Chad Warner/Marcus Bontempelli/Nick Daicos,,,,0.0,,,,,251.0,0.00398406374501992,,,,,,,,,,,INSUFFICIENT_WHEELO_DATA,,,INSUFFICIENT_DATA,NO_VALUE,suppressed: UNMODELLED,UNMODELLED
pointsbet_1:114277506:27,pointsbet_1,UNMODELLED,Brownlow Medal Boxed First 4 (Brownlow Medal 2026),Bailey Smith/Isaac Heeney/Nick Daicos/Patrick Cripps,,,,0.0,,,,,251.0,0.00398406374501992,,,,,,,,,,,INSUFFICIENT_WHEELO_DATA,,,INSUFFICIENT_DATA,NO_VALUE,suppressed: UNMODELLED,UNMODELLED
pointsbet_1:114277506:28,pointsbet_1,UNMODELLED,Brownlow Medal Boxed First 4 (Brownlow Medal 2026),Bailey Smith/Isaac Heeney/Nick Daicos/Will Ashcroft,,,,0.0,,,,,251.0,0.00398406374501992,,,,,,,,,,,INSUFFICIENT_WHEELO_DATA,,,INSUFFICIENT_DATA,NO_VALUE,suppressed: UNMODELLED,UNMODELLED
pointsbet_1:114277506:29,pointsbet_1,UNMODELLED,Brownlow Medal Boxed First 4 (Brownlow Medal 2026),Bailey Smith/Jordan Dawson/Lachie Neale/Nick Daicos,,,,0.0,,,,,251.0,0.00398406374501992,,,,,,,,,,,INSUFFICIENT_WHEELO_DATA,,,INSUFFICIENT_DATA,NO_VALUE,suppressed: UNMODELLED,UNMODELLED
pointsbet_1:114277506:30,pointsbet_1,UNMODELLED,Brownlow Medal Boxed First 4 (Brownlow Medal 2026),Bailey Smith/Nasiah Wanganeen-Milera/Nick Daicos/Patrick Cripps,,,,0.0,,,,,251.0,0.00398406374501992,,,,,,,,,,,INSUFFICIENT_WHEELO_DATA,,,INSUFFICIENT_DATA,NO_VALUE,suppressed: UNMODELLED,UNMODELLED
pointsbet_1:114277506:31,pointsbet_1,UNMODELLED,Brownlow Medal Boxed First 4 (Brownlow Medal 2026),Bailey Smith/Jai Newcombe/Jordan Dawson/Nick Daicos,,,,0.0,,,,,251.0,0.00398406374501992,,,,,,,,,,,INSUFFICIENT_WHEELO_DATA,,,INSUFFICIENT_DATA,NO_VALUE,suppressed: UNMODELLED,UNMODELLED
pointsbet_1:114277506:32,pointsbet_1,UNMODELLED,Brownlow Medal Boxed First 4 (Brownlow Medal 2026),Jai Newcombe/Marcus Bontempelli/Nick Daicos/Patrick Cripps,,,,0.0,,,,,251.0,0.00398406374501992,,,,,,,,,,,INSUFFICIENT_WHEELO_DATA,,,INSUFFICIENT_DATA,NO_VALUE,suppressed: UNMODELLED,UNMODELLED
pointsbet_1:114277506:33,pointsbet_1,UNMODELLED,Brownlow Medal Boxed First 4 (Brownlow Medal 2026),Bailey Smith/Jai Newcombe/Lachie Neale/Nick Daicos,,,,0.0,,,,,301.0,0.0033222591362126247,,,,,,,,,,,INSUFFICIENT_WHEELO_DATA,,,INSUFFICIENT_DATA,NO_VALUE,suppressed: UNMODELLED,UNMODELLED
pointsbet_1:114277506:34,pointsbet_1,UNMODELLED,Brownlow Medal Boxed First 4 (Brownlow Medal 2026),Bailey Smith/Jordan Dawson/Max Gawn/Nick Daicos,,,,0.0,,,,,301.0,0.0033222591362126247,,,,,,,,,,,INSUFFICIENT_WHEELO_DATA,,,INSUFFICIENT_DATA,NO_VALUE,suppressed: UNMODELLED,UNMODELLED
pointsbet_1:114277506:35,pointsbet_1,UNMODELLED,Brownlow Medal Boxed First 4 (Brownlow Medal 2026),Marcus Bontempelli/Max Gawn/Nick Daicos/Patrick Cripps,,,,0.0,,,,,351.0,0.002849002849002849,,,,,,,,,,,INSUFFICIENT_WHEELO_DATA,,,INSUFFICIENT_DATA,NO_VALUE,suppressed: UNMODELLED,UNMODELLED
pointsbet_1:114277506:36,pointsbet_1,UNMODELLED,Brownlow Medal Boxed First 4 (Brownlow Medal 2026),Bailey Smith/Lachie Neale/Nick Daicos/Will Ashcroft,,,,0.0,,,,,351.0,0.002849002849002849,,,,,,,,,,,INSUFFICIENT_WHEELO_DATA,,,INSUFFICIENT_DATA,NO_VALUE,suppressed: UNMODELLED,UNMODELLED
pointsbet_1:114277506:38,pointsbet_1,UNMODELLED,Brownlow Medal Boxed First 4 (Brownlow Medal 2026),Bailey Smith/Harry Sheezel/Nick Daicos/Will Ashcroft,,,,0.0,,,,,501.0,0.001996007984031936,,,,,,,,,,,INSUFFICIENT_WHEELO_DATA,,,INSUFFICIENT_DATA,NO_VALUE,suppressed: UNMODELLED,UNMODELLED
pointsbet_1:114277506:39,pointsbet_1,UNMODELLED,Brownlow Medal Boxed First 4 (Brownlow Medal 2026),Bailey Smith/Luke Davies-Uniacke/Marcus Bontempelli/Nick Daicos,,,,0.0,,,,,501.0,0.001996007984031936,,,,,,,,,,,INSUFFICIENT_WHEELO_DATA,,,INSUFFICIENT_DATA,NO_VALUE,suppressed: UNMODELLED,UNMODELLED
pointsbet_1:114277506:40,pointsbet_1,UNMODELLED,Brownlow Medal Boxed First 4 (Brownlow Medal 2026),Bailey Smith/Ed Richards/Marcus Bontempelli/Nick Daicos,,,,0.0,,,,,551.0,0.0018148820326678765,,,,,,,,,,,INSUFFICIENT_WHEELO_DATA,,,INSUFFICIENT_DATA,NO_VALUE,suppressed: UNMODELLED,UNMODELLED
pointsbet_1:114277506:41,pointsbet_1,UNMODELLED,Brownlow Medal Boxed First 4 (Brownlow Medal 2026),Bailey Smith/Jai Newcombe/Nasiah Wanganeen-Milera/Nick Daicos,,,,0.0,,,,,601.0,0.0016638935108153079,,,,,,,,,,,INSUFFICIENT_WHEELO_DATA,,,INSUFFICIENT_DATA,NO_VALUE,suppressed: UNMODELLED,UNMODELLED
pointsbet_1:114277506:42,pointsbet_1,UNMODELLED,Brownlow Medal Boxed First 4 (Brownlow Medal 2026),Bailey Smith/Harry Sheezel/Jai Newcombe/Nick Daicos,,,,0.0,,,,,701.0,0.0014265335235378032,,,,,,,,,,,INSUFFICIENT_WHEELO_DATA,,,INSUFFICIENT_DATA,NO_VALUE,suppressed: UNMODELLED,UNMODELLED
pointsbet_1:114277506:43,pointsbet_1,UNMODELLED,Brownlow Medal Boxed First 4 (Brownlow Medal 2026),Bailey Smith/Jordan Dawson/Nasiah Wanganeen-Milera/Nick Daicos,,,,0.0,,,,,701.0,0.0014265335235378032,,,,,,,,,,,INSUFFICIENT_WHEELO_DATA,,,INSUFFICIENT_DATA,NO_VALUE,suppressed: UNMODELLED,UNMODELLED
pointsbet_1:114277506:44,pointsbet_1,UNMODELLED,Brownlow Medal Boxed First 4 (Brownlow Medal 2026),Bailey Smith/Lachie Neale/Max Gawn/Nick Daicos,,,,0.0,,,,,701.0,0.0014265335235378032,,,,,,,,,,,INSUFFICIENT_WHEELO_DATA,,,INSUFFICIENT_DATA,NO_VALUE,suppressed: UNMODELLED,UNMODELLED
pointsbet_1:114277506:45,pointsbet_1,UNMODELLED,Brownlow Medal Boxed First 4 (Brownlow Medal 2026),Bailey Smith/Nasiah Wanganeen-Milera/Nick Daicos/Will Ashcroft,,,,0.0,,,,,701.0,0.0014265335235378032,,,,,,,,,,,INSUFFICIENT_WHEELO_DATA,,,INSUFFICIENT_DATA,NO_VALUE,suppressed: UNMODELLED,UNMODELLED
pointsbet_1:114277506:46,pointsbet_1,UNMODELLED,Brownlow Medal Boxed First 4 (Brownlow Medal 2026),Harry Sheezel/Marcus Bontempelli/Nick Daicos/Patrick Cripps,,,,0.0,,,,,701.0,0.0014265335235378032,,,,,,,,,,,INSUFFICIENT_WHEELO_DATA,,,INSUFFICIENT_DATA,NO_VALUE,suppressed: UNMODELLED,UNMODELLED
pointsbet_1:114277506:47,pointsbet_1,UNMODELLED,Brownlow Medal Boxed First 4 (Brownlow Medal 2026),Jordan Dawson/Marcus Bontempelli/Nick Daicos/Will Ashcroft,,,,0.0,,,,,701.0,0.0014265335235378032,,,,,,,,,,,INSUFFICIENT_WHEELO_DATA,,,INSUFFICIENT_DATA,NO_VALUE,suppressed: UNMODELLED,UNMODELLED
pointsbet_1:114277506:48,pointsbet_1,UNMODELLED,Brownlow Medal Boxed First 4 (Brownlow Medal 2026),Marcus Bontempelli/Nasiah Wanganeen-Milera/Nick Daicos/Patrick Cripps,,,,0.0,,,,,701.0,0.0014265335235378032,,,,,,,,,,,INSUFFICIENT_WHEELO_DATA,,,INSUFFICIENT_DATA,NO_VALUE,suppressed: UNMODELLED,UNMODELLED
pointsbet_1:114277506:49,pointsbet_1,UNMODELLED,Brownlow Medal Boxed First 4 (Brownlow Medal 2026),Bailey Smith/Isaac Heeney/Jai Newcombe/Nick Daicos,,,,0.0,,,,,751.0,0.0013315579227696406,,,,,,,,,,,INSUFFICIENT_WHEELO_DATA,,,INSUFFICIENT_DATA,NO_VALUE,suppressed: UNMODELLED,UNMODELLED
pointsbet_1:114277506:50,pointsbet_1,UNMODELLED,Brownlow Medal Boxed First 4 (Brownlow Medal 2026),Jai Newcombe/Marcus Bontempelli/Nick Daicos/Will Ashcroft,,,,0.0,,,,,751.0,0.0013315579227696406,,,,,,,,,,,INSUFFICIENT_WHEELO_DATA,,,INSUFFICIENT_DATA,NO_VALUE,suppressed: UNMODELLED,UNMODELLED
pointsbet_1:114277506:51,pointsbet_1,UNMODELLED,Brownlow Medal Boxed First 4 (Brownlow Medal 2026),Bailey Smith/Harry Sheezel/Lachie Neale/Nick Daicos,,,,0.0,,,,,801.0,0.0012484394506866417,,,,,,,,,,,INSUFFICIENT_WHEELO_DATA,,,INSUFFICIENT_DATA,NO_VALUE,suppressed: UNMODELLED,UNMODELLED
pointsbet_1:114277506:52,pointsbet_1,UNMODELLED,Brownlow Medal Boxed First 4 (Brownlow Medal 2026),Bailey Smith/Jai Newcombe/Max Gawn/Nick Daicos,,,,0.0,,,,,801.0,0.0012484394506866417,,,,,,,,,,,INSUFFICIENT_WHEELO_DATA,,,INSUFFICIENT_DATA,NO_VALUE,suppressed: UNMODELLED,UNMODELLED
pointsbet_1:114277506:53,pointsbet_1,UNMODELLED,Brownlow Medal Boxed First 4 (Brownlow Medal 2026),Bailey Smith/Lachie Neale/Nasiah Wanganeen-Milera/Nick Daicos,,,,0.0,,,,,801.0,0.0012484394506866417,,,,,,,,,,,INSUFFICIENT_WHEELO_DATA,,,INSUFFICIENT_DATA,NO_VALUE,suppressed: UNMODELLED,UNMODELLED
pointsbet_1:114277506:54,pointsbet_1,UNMODELLED,Brownlow Medal Boxed First 4 (Brownlow Medal 2026),Bailey Smith/Nick Daicos/Patrick Cripps/Zak Butters,,,,0.0,,,,,801.0,0.0012484394506866417,,,,,,,,,,,INSUFFICIENT_WHEELO_DATA,,,INSUFFICIENT_DATA,NO_VALUE,suppressed: UNMODELLED,UNMODELLED
pointsbet_1:114277506:55,pointsbet_1,UNMODELLED,Brownlow Medal Boxed First 4 (Brownlow Medal 2026),Jordan Dawson/Lachie Neale/Marcus Bontempelli/Nick Daicos,,,,0.0,,,,,801.0,0.0012484394506866417,,,,,,,,,,,INSUFFICIENT_WHEELO_DATA,,,INSUFFICIENT_DATA,NO_VALUE,suppressed: UNMODELLED,UNMODELLED
pointsbet_1:114277506:56,pointsbet_1,UNMODELLED,Brownlow Medal Boxed First 4 (Brownlow Medal 2026),Marcus Bontempelli/Max Gawn/Nick Daicos/Will Ashcroft,,,,0.0,,,,,801.0,0.0012484394506866417,,,,,,,,,,,INSUFFICIENT_WHEELO_DATA,,,INSUFFICIENT_DATA,NO_VALUE,suppressed: UNMODELLED,UNMODELLED
pointsbet_1:114277506:57,pointsbet_1,UNMODELLED,Brownlow Medal Boxed First 4 (Brownlow Medal 2026),Bailey Smith/Isaac Heeney/Lachie Neale/Nick Daicos,,,,0.0,,,,,901.0,0.0011098779134295228,,,,,,,,,,,INSUFFICIENT_WHEELO_DATA,,,INSUFFICIENT_DATA,NO_VALUE,suppressed: UNMODELLED,UNMODELLED
pointsbet_1:114277506:58,pointsbet_1,UNMODELLED,Brownlow Medal Boxed First 4 (Brownlow Medal 2026),Bailey Smith/Chad Warner/Nick Daicos/Patrick Cripps,,,,0.0,,,,,1001.0,0.000999000999000999,,,,,,,,,,,INSUFFICIENT_WHEELO_DATA,,,INSUFFICIENT_DATA,NO_VALUE,suppressed: UNMODELLED,UNMODELLED
pointsbet_1:114277506:59,pointsbet_1,UNMODELLED,Brownlow Medal Boxed First 4 (Brownlow Medal 2026),Bailey Smith/Harry Sheezel/Isaac Heeney/Nick Daicos,,,,0.0,,,,,1001.0,0.000999000999000999,,,,,,,,,,,INSUFFICIENT_WHEELO_DATA,,,INSUFFICIENT_DATA,NO_VALUE,suppressed: UNMODELLED,UNMODELLED
pointsbet_1:114277506:60,pointsbet_1,UNMODELLED,Brownlow Medal Boxed First 4 (Brownlow Medal 2026),Bailey Smith/Harry Sheezel/Max Gawn/Nick Daicos,,,,0.0,,,,,1001.0,0.000999000999000999,,,,,,,,,,,INSUFFICIENT_WHEELO_DATA,,,INSUFFICIENT_DATA,NO_VALUE,suppressed: UNMODELLED,UNMODELLED
pointsbet_1:114277506:61,pointsbet_1,UNMODELLED,Brownlow Medal Boxed First 4 (Brownlow Medal 2026),Bailey Smith/Izak Rankine/Nick Daicos/Patrick Cripps,,,,0.0,,,,,1001.0,0.000999000999000999,,,,,,,,,,,INSUFFICIENT_WHEELO_DATA,,,INSUFFICIENT_DATA,NO_VALUE,suppressed: UNMODELLED,UNMODELLED
pointsbet_1:114277506:62,pointsbet_1,UNMODELLED,Brownlow Medal Boxed First 4 (Brownlow Medal 2026),Isaac Heeney/Jordan Dawson/Marcus Bontempelli/Nick Daicos,,,,0.0,,,,,1001.0,0.000999000999000999,,,,,,,,,,,INSUFFICIENT_WHEELO_DATA,,,INSUFFICIENT_DATA,NO_VALUE,suppressed: UNMODELLED,UNMODELLED
pointsbet_1:114277506:63,pointsbet_1,UNMODELLED,Brownlow Medal Boxed First 4 (Brownlow Medal 2026),Isaac Heeney/Lachie Neale/Marcus Bontempelli/Nick Daicos,,,,0.0,,,,,1001.0,0.000999000999000999,,,,,,,,,,,INSUFFICIENT_WHEELO_DATA,,,INSUFFICIENT_DATA,NO_VALUE,suppressed: UNMODELLED,UNMODELLED
pointsbet_1:114277506:64,pointsbet_1,UNMODELLED,Brownlow Medal Boxed First 4 (Brownlow Medal 2026),Jai Newcombe/Lachie Neale/Marcus Bontempelli/Nick Daicos,,,,0.0,,,,,1001.0,0.000999000999000999,,,,,,,,,,,INSUFFICIENT_WHEELO_DATA,,,INSUFFICIENT_DATA,NO_VALUE,suppressed: UNMODELLED,UNMODELLED
pointsbet_1:114277506:65,pointsbet_1,UNMODELLED,Brownlow Medal Boxed First 4 (Brownlow Medal 2026),Jordan Dawson/Marcus Bontempelli/Max Gawn/Nick Daicos,,,,0.0,,,,,1001.0,0.000999000999000999,,,,,,,,,,,INSUFFICIENT_WHEELO_DATA,,,INSUFFICIENT_DATA,NO_VALUE,suppressed: UNMODELLED,UNMODELLED
pointsbet_1:114277506:66,pointsbet_1,UNMODELLED,Brownlow Medal Boxed First 4 (Brownlow Medal 2026),Lachie Neale/Marcus Bontempelli/Max Gawn/Nick Daicos,,,,0.0,,,,,1001.0,0.000999000999000999,,,,,,,,,,,INSUFFICIENT_WHEELO_DATA,,,INSUFFICIENT_DATA,NO_VALUE,suppressed: UNMODELLED,UNMODELLED
pointsbet_1:114277506:67,pointsbet_1,UNMODELLED,Brownlow Medal Boxed First 4 (Brownlow Medal 2026),Lachie Neale/Marcus Bontempelli/Nick Daicos/Will Ashcroft,,,,0.0,,,,,1001.0,0.000999000999000999,,,,,,,,,,,INSUFFICIENT_WHEELO_DATA,,,INSUFFICIENT_DATA,NO_VALUE,suppressed: UNMODELLED,UNMODELLED
pointsbet_1:114148069:1,pointsbet_1,UNMODELLED,Leader After Round 6 (Brownlow Medal 2026),Nick Daicos,,,,0.0,,,,,1.6,0.625,,,,,,,,,,,INSUFFICIENT_WHEELO_DATA,,,INSUFFICIENT_DATA,NO_VALUE,suppressed: UNMODELLED,UNMODELLED
pointsbet_1:114148069:2,pointsbet_1,UNMODELLED,Leader After Round 6 (Brownlow Medal 2026),Bailey Smith,,,,0.0,,,,,4.5,0.2222222222222222,,,,,,,,,,,INSUFFICIENT_WHEELO_DATA,,,INSUFFICIENT_DATA,NO_VALUE,suppressed: UNMODELLED,UNMODELLED
pointsbet_1:114148069:3,pointsbet_1,UNMODELLED,Leader After Round 6 (Brownlow Medal 2026),Zak Butters,,,,0.0,,,,,4.5,0.2222222222222222,,,,,,,,,,,INSUFFICIENT_WHEELO_DATA,,,INSUFFICIENT_DATA,NO_VALUE,suppressed: UNMODELLED,UNMODELLED
pointsbet_1:114148069:4,pointsbet_1,UNMODELLED,Leader After Round 6 (Brownlow Medal 2026),Marcus Bontempelli,,,,0.0,,,,,17.0,0.058823529411764705,,,,,,,,,,,INSUFFICIENT_WHEELO_DATA,,,INSUFFICIENT_DATA,NO_VALUE,suppressed: UNMODELLED,UNMODELLED
pointsbet_1:114148069:5,pointsbet_1,UNMODELLED,Leader After Round 6 (Brownlow Medal 2026),Harry Sheezel,,,,0.0,,,,,17.0,0.058823529411764705,,,,,,,,,,,INSUFFICIENT_WHEELO_DATA,,,INSUFFICIENT_DATA,NO_VALUE,suppressed: UNMODELLED,UNMODELLED
pointsbet_1:114148069:9,pointsbet_1,UNMODELLED,Leader After Round 6 (Brownlow Medal 2026),Christian Petracca,,,,0.0,,,,,51.0,0.0196078431372549,,,,,,,,,,,INSUFFICIENT_WHEELO_DATA,,,INSUFFICIENT_DATA,NO_VALUE,suppressed: UNMODELLED,UNMODELLED
pointsbet_1:114148069:6,pointsbet_1,UNMODELLED,Leader After Round 6 (Brownlow Medal 2026),Luke Davies-Uniacke,,,,0.0,,,,,101.0,0.009900990099009901,,,,,,,,,,,INSUFFICIENT_WHEELO_DATA,,,INSUFFICIENT_DATA,NO_VALUE,suppressed: UNMODELLED,UNMODELLED
pointsbet_1:114148069:11,pointsbet_1,UNMODELLED,Leader After Round 6 (Brownlow Medal 2026),Jai Newcombe,,,,0.0,,,,,101.0,0.009900990099009901,,,,,,,,,,,INSUFFICIENT_WHEELO_DATA,,,INSUFFICIENT_DATA,NO_VALUE,suppressed: UNMODELLED,UNMODELLED
pointsbet_1:114148069:7,pointsbet_1,UNMODELLED,Leader After Round 6 (Brownlow Medal 2026),Max Gawn,,,,0.0,,,,,151.0,0.006622516556291391,,,,,,,,,,,INSUFFICIENT_WHEELO_DATA,,,INSUFFICIENT_DATA,NO_VALUE,suppressed: UNMODELLED,UNMODELLED
pointsbet_1:114148069:8,pointsbet_1,UNMODELLED,Leader After Round 6 (Brownlow Medal 2026),Caleb Serong,,,,0.0,,,,,251.0,0.00398406374501992,,,,,,,,,,,INSUFFICIENT_WHEELO_DATA,,,INSUFFICIENT_DATA,NO_VALUE,suppressed: UNMODELLED,UNMODELLED
pointsbet_1:114148069:10,pointsbet_1,UNMODELLED,Leader After Round 6 (Brownlow Medal 2026),Isaac Heeney,,,,0.0,,,,,251.0,0.00398406374501992,,,,,,,,,,,INSUFFICIENT_WHEELO_DATA,,,INSUFFICIENT_DATA,NO_VALUE,suppressed: UNMODELLED,UNMODELLED
pointsbet_1:114148069:12,pointsbet_1,UNMODELLED,Leader After Round 6 (Brownlow Medal 2026),Lachie Neale,,,,0.0,,,,,251.0,0.00398406374501992,,,,,,,,,,,INSUFFICIENT_WHEELO_DATA,,,INSUFFICIENT_DATA,NO_VALUE,suppressed: UNMODELLED,UNMODELLED
pointsbet_1:114148069:13,pointsbet_1,UNMODELLED,Leader After Round 6 (Brownlow Medal 2026),Jason Horne-Francis,,,,0.0,,,,,301.0,0.0033222591362126247,,,,,,,,,,,INSUFFICIENT_WHEELO_DATA,,,INSUFFICIENT_DATA,NO_VALUE,suppressed: UNMODELLED,UNMODELLED
pointsbet_1:114148069:14,pointsbet_1,UNMODELLED,Leader After Round 6 (Brownlow Medal 2026),Nasiah Wanganeen-Milera,,,,0.0,,,,,351.0,0.002849002849002849,,,,,,,,,,,INSUFFICIENT_WHEELO_DATA,,,INSUFFICIENT_DATA,NO_VALUE,suppressed: UNMODELLED,UNMODELLED
pointsbet_1:114148070:1,pointsbet_1,UNMODELLED,Leader After Round 10 (Brownlow Medal 2026),Nick Daicos,,,,0.0,,,,,2.5,0.4,,,,,,,,,,,INSUFFICIENT_WHEELO_DATA,,,INSUFFICIENT_DATA,NO_VALUE,suppressed: UNMODELLED,UNMODELLED
pointsbet_1:114148070:2,pointsbet_1,UNMODELLED,Leader After Round 10 (Brownlow Medal 2026),Bailey Smith,,,,0.0,,,,,3.25,0.3076923076923077,,,,,,,,,,,INSUFFICIENT_WHEELO_DATA,,,INSUFFICIENT_DATA,NO_VALUE,suppressed: UNMODELLED,UNMODELLED
pointsbet_1:114148070:3,pointsbet_1,UNMODELLED,Leader After Round 10 (Brownlow Medal 2026),Marcus Bontempelli,,,,0.0,,,,,5.0,0.2,,,,,,,,,,,INSUFFICIENT_WHEELO_DATA,,,INSUFFICIENT_DATA,NO_VALUE,suppressed: UNMODELLED,UNMODELLED
pointsbet_1:114148070:4,pointsbet_1,UNMODELLED,Leader After Round 10 (Brownlow Medal 2026),Zak Butters,,,,0.0,,,,,6.0,0.16666666666666666,,,,,,,,,,,INSUFFICIENT_WHEELO_DATA,,,INSUFFICIENT_DATA,NO_VALUE,suppressed: UNMODELLED,UNMODELLED
pointsbet_1:114148070:5,pointsbet_1,UNMODELLED,Leader After Round 10 (Brownlow Medal 2026),Lachie Neale,,,,0.0,,,,,34.0,0.029411764705882353,,,,,,,,,,,INSUFFICIENT_WHEELO_DATA,,,INSUFFICIENT_DATA,NO_VALUE,suppressed: UNMODELLED,UNMODELLED
pointsbet_1:114148070:8,pointsbet_1,UNMODELLED,Leader After Round 10 (Brownlow Medal 2026),Jai Newcombe,,,,0.0,,,,,67.0,0.014925373134328358,,,,,,,,,,,INSUFFICIENT_WHEELO_DATA,,,INSUFFICIENT_DATA,NO_VALUE,suppressed: UNMODELLED,UNMODELLED
pointsbet_1:114148070:6,pointsbet_1,UNMODELLED,Leader After Round 10 (Brownlow Medal 2026),Christian Petracca,,,,0.0,,,,,81.0,0.012345679012345678,,,,,,,,,,,INSUFFICIENT_WHEELO_DATA,,,INSUFFICIENT_DATA,NO_VALUE,suppressed: UNMODELLED,UNMODELLED
pointsbet_1:114148070:9,pointsbet_1,UNMODELLED,Leader After Round 10 (Brownlow Medal 2026),Harry Sheezel,,,,0.0,,,,,81.0,0.012345679012345678,,,,,,,,,,,INSUFFICIENT_WHEELO_DATA,,,INSUFFICIENT_DATA,NO_VALUE,suppressed: UNMODELLED,UNMODELLED
pointsbet_1:114148070:7,pointsbet_1,UNMODELLED,Leader After Round 10 (Brownlow Medal 2026),Isaac Heeney,,,,0.0,,,,,151.0,0.006622516556291391,,,,,,,,,,,INSUFFICIENT_WHEELO_DATA,,,INSUFFICIENT_DATA,NO_VALUE,suppressed: UNMODELLED,UNMODELLED
pointsbet_1:114148070:13,pointsbet_1,UNMODELLED,Leader After Round 10 (Brownlow Medal 2026),Shai Bolton,,,,0.0,,,,,201.0,0.004975124378109453,,,,,,,,,,,INSUFFICIENT_WHEELO_DATA,,,INSUFFICIENT_DATA,NO_VALUE,suppressed: UNMODELLED,UNMODELLED
pointsbet_1:114148070:10,pointsbet_1,UNMODELLED,Leader After Round 10 (Brownlow Medal 2026),Max Gawn,,,,0.0,,,,,251.0,0.00398406374501992,,,,,,,,,,,INSUFFICIENT_WHEELO_DATA,,,INSUFFICIENT_DATA,NO_VALUE,suppressed: UNMODELLED,UNMODELLED
pointsbet_1:114148070:11,pointsbet_1,UNMODELLED,Leader After Round 10 (Brownlow Medal 2026),Max Holmes,,,,0.0,,,,,251.0,0.00398406374501992,,,,,,,,,,,INSUFFICIENT_WHEELO_DATA,,,INSUFFICIENT_DATA,NO_VALUE,suppressed: UNMODELLED,UNMODELLED
pointsbet_1:114148070:12,pointsbet_1,UNMODELLED,Leader After Round 10 (Brownlow Medal 2026),Nasiah Wanganeen-Milera,,,,0.0,,,,,251.0,0.00398406374501992,,,,,,,,,,,INSUFFICIENT_WHEELO_DATA,,,INSUFFICIENT_DATA,NO_VALUE,suppressed: UNMODELLED,UNMODELLED
pointsbet_1:114148071:1,pointsbet_1,UNMODELLED,Leader After Round 15 (Brownlow Medal 2026),Nick Daicos,,,,0.0,,,,,1.45,0.6896551724137931,,,,,,,,,,,INSUFFICIENT_WHEELO_DATA,,,INSUFFICIENT_DATA,NO_VALUE,suppressed: UNMODELLED,UNMODELLED
pointsbet_1:114148071:2,pointsbet_1,UNMODELLED,Leader After Round 15 (Brownlow Medal 2026),Marcus Bontempelli,,,,0.0,,,,,4.5,0.2222222222222222,,,,,,,,,,,INSUFFICIENT_WHEELO_DATA,,,INSUFFICIENT_DATA,NO_VALUE,suppressed: UNMODELLED,UNMODELLED
pointsbet_1:114148071:3,pointsbet_1,UNMODELLED,Leader After Round 15 (Brownlow Medal 2026),Bailey Smith,,,,0.0,,,,,6.0,0.16666666666666666,,,,,,,,,,,INSUFFICIENT_WHEELO_DATA,,,INSUFFICIENT_DATA,NO_VALUE,suppressed: UNMODELLED,UNMODELLED
pointsbet_1:114148071:4,pointsbet_1,UNMODELLED,Leader After Round 15 (Brownlow Medal 2026),Isaac Heeney,,,,0.0,,,,,41.0,0.024390243902439025,,,,,,,,,,,INSUFFICIENT_WHEELO_DATA,,,INSUFFICIENT_DATA,NO_VALUE,suppressed: UNMODELLED,UNMODELLED
pointsbet_1:114148071:5,pointsbet_1,UNMODELLED,Leader After Round 15 (Brownlow Medal 2026),Jai Newcombe,,,,0.0,,,,,41.0,0.024390243902439025,,,,,,,,,,,INSUFFICIENT_WHEELO_DATA,,,INSUFFICIENT_DATA,NO_VALUE,suppressed: UNMODELLED,UNMODELLED
pointsbet_1:114148071:6,pointsbet_1,UNMODELLED,Leader After Round 15 (Brownlow Medal 2026),Zak Butters,,,,0.0,,,,,151.0,0.006622516556291391,,,,,,,,,,,INSUFFICIENT_WHEELO_DATA,,,INSUFFICIENT_DATA,NO_VALUE,suppressed: UNMODELLED,UNMODELLED
pointsbet_1:114148071:7,pointsbet_1,UNMODELLED,Leader After Round 15 (Brownlow Medal 2026),Harry Sheezel,,,,0.0,,,,,151.0,0.006622516556291391,,,,,,,,,,,INSUFFICIENT_WHEELO_DATA,,,INSUFFICIENT_DATA,NO_VALUE,suppressed: UNMODELLED,UNMODELLED
pointsbet_1:114148071:12,pointsbet_1,UNMODELLED,Leader After Round 15 (Brownlow Medal 2026),Patrick Cripps,,,,0.0,,,,,151.0,0.006622516556291391,,,,,,,,,,,INSUFFICIENT_WHEELO_DATA,,,INSUFFICIENT_DATA,NO_VALUE,suppressed: UNMODELLED,UNMODELLED
pointsbet_1:114148071:14,pointsbet_1,UNMODELLED,Leader After Round 15 (Brownlow Medal 2026),Lachie Neale,,,,0.0,,,,,151.0,0.006622516556291391,,,,,,,,,,,INSUFFICIENT_WHEELO_DATA,,,INSUFFICIENT_DATA,NO_VALUE,suppressed: UNMODELLED,UNMODELLED
pointsbet_1:114148071:8,pointsbet_1,UNMODELLED,Leader After Round 15 (Brownlow Medal 2026),Jordan Dawson,,,,0.0,,,,,251.0,0.00398406374501992,,,,,,,,,,,INSUFFICIENT_WHEELO_DATA,,,INSUFFICIENT_DATA,NO_VALUE,suppressed: UNMODELLED,UNMODELLED
pointsbet_1:114148071:9,pointsbet_1,UNMODELLED,Leader After Round 15 (Brownlow Medal 2026),Luke Jackson,,,,0.0,,,,,251.0,0.00398406374501992,,,,,,,,,,,INSUFFICIENT_WHEELO_DATA,,,INSUFFICIENT_DATA,NO_VALUE,suppressed: UNMODELLED,UNMODELLED
pointsbet_1:114148071:10,pointsbet_1,UNMODELLED,Leader After Round 15 (Brownlow Medal 2026),Max Gawn,,,,0.0,,,,,251.0,0.00398406374501992,,,,,,,,,,,INSUFFICIENT_WHEELO_DATA,,,INSUFFICIENT_DATA,NO_VALUE,suppressed: UNMODELLED,UNMODELLED
pointsbet_1:114148071:11,pointsbet_1,UNMODELLED,Leader After Round 15 (Brownlow Medal 2026),Max Holmes,,,,0.0,,,,,251.0,0.00398406374501992,,,,,,,,,,,INSUFFICIENT_WHEELO_DATA,,,INSUFFICIENT_DATA,NO_VALUE,suppressed: UNMODELLED,UNMODELLED
pointsbet_1:114148071:13,pointsbet_1,UNMODELLED,Leader After Round 15 (Brownlow Medal 2026),Nasiah Wanganeen-Milera,,,,0.0,,,,,251.0,0.00398406374501992,,,,,,,,,,,INSUFFICIENT_WHEELO_DATA,,,INSUFFICIENT_DATA,NO_VALUE,suppressed: UNMODELLED,UNMODELLED
pointsbet_1:114281444:1,pointsbet_1,UNMODELLED,Most Votes Last 8 Rounds (Brownlow Medal 2026),Nick Daicos,,,,0.0,,,,,2.1,0.47619047619047616,,,,,,,,,,,INSUFFICIENT_WHEELO_DATA,,,INSUFFICIENT_DATA,NO_VALUE,suppressed: UNMODELLED,UNMODELLED
pointsbet_1:114281444:2,pointsbet_1,UNMODELLED,Most Votes Last 8 Rounds (Brownlow Medal 2026),Izak Rankine,,,,0.0,,,,,2.2,0.45454545454545453,,,,,,,,,,,INSUFFICIENT_WHEELO_DATA,,,INSUFFICIENT_DATA,NO_VALUE,suppressed: UNMODELLED,UNMODELLED
pointsbet_1:114281444:3,pointsbet_1,UNMODELLED,Most Votes Last 8 Rounds (Brownlow Medal 2026),Will Ashcroft,,,,0.0,,,,,9.0,0.1111111111111111,,,,,,,,,,,INSUFFICIENT_WHEELO_DATA,,,INSUFFICIENT_DATA,NO_VALUE,suppressed: UNMODELLED,UNMODELLED
pointsbet_1:114281444:5,pointsbet_1,UNMODELLED,Most Votes Last 8 Rounds (Brownlow Medal 2026),Errol Gulden,,,,0.0,,,,,15.0,0.06666666666666667,,,,,,,,,,,INSUFFICIENT_WHEELO_DATA,,,INSUFFICIENT_DATA,NO_VALUE,suppressed: UNMODELLED,UNMODELLED
pointsbet_1:114281444:4,pointsbet_1,UNMODELLED,Most Votes Last 8 Rounds (Brownlow Medal 2026),Bailey Smith,,,,0.0,,,,,26.0,0.038461538461538464,,,,,,,,,,,INSUFFICIENT_WHEELO_DATA,,,INSUFFICIENT_DATA,NO_VALUE,suppressed: UNMODELLED,UNMODELLED
pointsbet_1:114281444:6,pointsbet_1,UNMODELLED,Most Votes Last 8 Rounds (Brownlow Medal 2026),Patrick Cripps,,,,0.0,,,,,81.0,0.012345679012345678,,,,,,,,,,,INSUFFICIENT_WHEELO_DATA,,,INSUFFICIENT_DATA,NO_VALUE,suppressed: UNMODELLED,UNMODELLED
pointsbet_1:114281444:7,pointsbet_1,UNMODELLED,Most Votes Last 8 Rounds (Brownlow Medal 2026),Jordan Dawson,,,,0.0,,,,,81.0,0.012345679012345678,,,,,,,,,,,INSUFFICIENT_WHEELO_DATA,,,INSUFFICIENT_DATA,NO_VALUE,suppressed: UNMODELLED,UNMODELLED
pointsbet_1:114281444:8,pointsbet_1,UNMODELLED,Most Votes Last 8 Rounds (Brownlow Medal 2026),Chad Warner,,,,0.0,,,,,101.0,0.009900990099009901,,,,,,,,,,,INSUFFICIENT_WHEELO_DATA,,,INSUFFICIENT_DATA,NO_VALUE,suppressed: UNMODELLED,UNMODELLED
pointsbet_1:114281444:9,pointsbet_1,UNMODELLED,Most Votes Last 8 Rounds (Brownlow Medal 2026),Caleb Serong,,,,0.0,,,,,501.0,0.001996007984031936,,,,,,,,,,,INSUFFICIENT_WHEELO_DATA,,,INSUFFICIENT_DATA,NO_VALUE,suppressed: UNMODELLED,UNMODELLED
pointsbet_1:114281444:10,pointsbet_1,UNMODELLED,Most Votes Last 8 Rounds (Brownlow Medal 2026),Ed Richards,,,,0.0,,,,,501.0,0.001996007984031936,,,,,,,,,,,INSUFFICIENT_WHEELO_DATA,,,INSUFFICIENT_DATA,NO_VALUE,suppressed: UNMODELLED,UNMODELLED
pointsbet_1:114281444:11,pointsbet_1,UNMODELLED,Most Votes Last 8 Rounds (Brownlow Medal 2026),Jagga Smith,,,,0.0,,,,,501.0,0.001996007984031936,,,,,,,,,,,INSUFFICIENT_WHEELO_DATA,,,INSUFFICIENT_DATA,NO_VALUE,suppressed: UNMODELLED,UNMODELLED
pointsbet_1:114281444:12,pointsbet_1,UNMODELLED,Most Votes Last 8 Rounds (Brownlow Medal 2026),Matt Rowell,,,,0.0,,,,,501.0,0.001996007984031936,,,,,,,,,,,INSUFFICIENT_WHEELO_DATA,,,INSUFFICIENT_DATA,NO_VALUE,suppressed: UNMODELLED,UNMODELLED
pointsbet_1:114281444:13,pointsbet_1,UNMODELLED,Most Votes Last 8 Rounds (Brownlow Medal 2026),Max Gawn,,,,0.0,,,,,501.0,0.001996007984031936,,,,,,,,,,,INSUFFICIENT_WHEELO_DATA,,,INSUFFICIENT_DATA,NO_VALUE,suppressed: UNMODELLED,UNMODELLED
pointsbet_1:114330805:1,pointsbet_1,UNMODELLED,Round of Declared Winner (Brownlow Medal 2026),Round 17,,,,0.0,,,,,501.0,0.001996007984031936,,,,,,,,,,,INSUFFICIENT_WHEELO_DATA,,,INSUFFICIENT_DATA,NO_VALUE,suppressed: UNMODELLED,UNMODELLED
pointsbet_1:114330805:2,pointsbet_1,UNMODELLED,Round of Declared Winner (Brownlow Medal 2026),Round 18,,,,0.0,,,,,101.0,0.009900990099009901,,,,,,,,,,,INSUFFICIENT_WHEELO_DATA,,,INSUFFICIENT_DATA,NO_VALUE,suppressed: UNMODELLED,UNMODELLED
pointsbet_1:114330805:3,pointsbet_1,UNMODELLED,Round of Declared Winner (Brownlow Medal 2026),Round 19,,,,0.0,,,,,13.0,0.07692307692307693,,,,,,,,,,,INSUFFICIENT_WHEELO_DATA,,,INSUFFICIENT_DATA,NO_VALUE,suppressed: UNMODELLED,UNMODELLED
pointsbet_1:114330805:4,pointsbet_1,UNMODELLED,Round of Declared Winner (Brownlow Medal 2026),Round 20,,,,0.0,,,,,3.0,0.3333333333333333,,,,,,,,,,,INSUFFICIENT_WHEELO_DATA,,,INSUFFICIENT_DATA,NO_VALUE,suppressed: UNMODELLED,UNMODELLED
pointsbet_1:114330805:5,pointsbet_1,UNMODELLED,Round of Declared Winner (Brownlow Medal 2026),Round 21,,,,0.0,,,,,2.5,0.4,,,,,,,,,,,INSUFFICIENT_WHEELO_DATA,,,INSUFFICIENT_DATA,NO_VALUE,suppressed: UNMODELLED,UNMODELLED
pointsbet_1:114330805:6,pointsbet_1,UNMODELLED,Round of Declared Winner (Brownlow Medal 2026),Round 22,,,,0.0,,,,,3.75,0.26666666666666666,,,,,,,,,,,INSUFFICIENT_WHEELO_DATA,,,INSUFFICIENT_DATA,NO_VALUE,suppressed: UNMODELLED,UNMODELLED
pointsbet_1:114330805:7,pointsbet_1,UNMODELLED,Round of Declared Winner (Brownlow Medal 2026),Round 23,,,,0.0,,,,,19.0,0.05263157894736842,,,,,,,,,,,INSUFFICIENT_WHEELO_DATA,,,INSUFFICIENT_DATA,NO_VALUE,suppressed: UNMODELLED,UNMODELLED
pointsbet_1:114330805:8,pointsbet_1,UNMODELLED,Round of Declared Winner (Brownlow Medal 2026),Round 24,,,,0.0,,,,,81.0,0.012345679012345678,,,,,,,,,,,INSUFFICIENT_WHEELO_DATA,,,INSUFFICIENT_DATA,NO_VALUE,suppressed: UNMODELLED,UNMODELLED
pointsbet_1:114281074:1,pointsbet_1,UNMODELLED,Player To Poll Most 3 Vote Games (Brownlow Medal 2026),Nick Daicos,,,,0.0,,,,,1.03,0.970873786407767,,,,,,,,,,,INSUFFICIENT_WHEELO_DATA,,,INSUFFICIENT_DATA,NO_VALUE,suppressed: UNMODELLED,UNMODELLED
pointsbet_1:114281074:2,pointsbet_1,UNMODELLED,Player To Poll Most 3 Vote Games (Brownlow Medal 2026),Marcus Bontempelli,,,,0.0,,,,,21.0,0.047619047619047616,,,,,,,,,,,INSUFFICIENT_WHEELO_DATA,,,INSUFFICIENT_DATA,NO_VALUE,suppressed: UNMODELLED,UNMODELLED
pointsbet_1:114281074:3,pointsbet_1,UNMODELLED,Player To Poll Most 3 Vote Games (Brownlow Medal 2026),Bailey Smith,,,,0.0,,,,,29.0,0.034482758620689655,,,,,,,,,,,INSUFFICIENT_WHEELO_DATA,,,INSUFFICIENT_DATA,NO_VALUE,suppressed: UNMODELLED,UNMODELLED
pointsbet_1:114281074:4,pointsbet_1,UNMODELLED,Player To Poll Most 3 Vote Games (Brownlow Medal 2026),Jai Newcombe,,,,0.0,,,,,101.0,0.009900990099009901,,,,,,,,,,,INSUFFICIENT_WHEELO_DATA,,,INSUFFICIENT_DATA,NO_VALUE,suppressed: UNMODELLED,UNMODELLED
pointsbet_1:114281074:5,pointsbet_1,UNMODELLED,Player To Poll Most 3 Vote Games (Brownlow Medal 2026),Will Ashcroft,,,,0.0,,,,,101.0,0.009900990099009901,,,,,,,,,,,INSUFFICIENT_WHEELO_DATA,,,INSUFFICIENT_DATA,NO_VALUE,suppressed: UNMODELLED,UNMODELLED
pointsbet_1:114281074:6,pointsbet_1,UNMODELLED,Player To Poll Most 3 Vote Games (Brownlow Medal 2026),Patrick Cripps,,,,0.0,,,,,201.0,0.004975124378109453,,,,,,,,,,,INSUFFICIENT_WHEELO_DATA,,,INSUFFICIENT_DATA,NO_VALUE,suppressed: UNMODELLED,UNMODELLED
pointsbet_1:114281074:7,pointsbet_1,UNMODELLED,Player To Poll Most 3 Vote Games (Brownlow Medal 2026),Nasiah Wanganeen-Milera,,,,0.0,,,,,501.0,0.001996007984031936,,,,,,,,,,,INSUFFICIENT_WHEELO_DATA,,,INSUFFICIENT_DATA,NO_VALUE,suppressed: UNMODELLED,UNMODELLED
pointsbet_1:114281074:8,pointsbet_1,UNMODELLED,Player To Poll Most 3 Vote Games (Brownlow Medal 2026),Isaac Heeney,,,,0.0,,,,,501.0,0.001996007984031936,,,,,,,,,,,INSUFFICIENT_WHEELO_DATA,,,INSUFFICIENT_DATA,NO_VALUE,suppressed: UNMODELLED,UNMODELLED
pointsbet_1:114281074:9,pointsbet_1,UNMODELLED,Player To Poll Most 3 Vote Games (Brownlow Medal 2026),Izak Rankine,,,,0.0,,,,,501.0,0.001996007984031936,,,,,,,,,,,INSUFFICIENT_WHEELO_DATA,,,INSUFFICIENT_DATA,NO_VALUE,suppressed: UNMODELLED,UNMODELLED
pointsbet_1:114281074:10,pointsbet_1,UNMODELLED,Player To Poll Most 3 Vote Games (Brownlow Medal 2026),Jordan Dawson,,,,0.0,,,,,501.0,0.001996007984031936,,,,,,,,,,,INSUFFICIENT_WHEELO_DATA,,,INSUFFICIENT_DATA,NO_VALUE,suppressed: UNMODELLED,UNMODELLED
pointsbet_1:114281084:1,pointsbet_1,UNMODELLED,Player To Poll In Most Games (Brownlow Medal 2026),Nick Daicos,,,,0.0,,,,,1.02,0.9803921568627451,,,,,,,,,,,INSUFFICIENT_WHEELO_DATA,,,INSUFFICIENT_DATA,NO_VALUE,suppressed: UNMODELLED,UNMODELLED
pointsbet_1:114281084:2,pointsbet_1,UNMODELLED,Player To Poll In Most Games (Brownlow Medal 2026),Bailey Smith,,,,0.0,,,,,15.0,0.06666666666666667,,,,,,,,,,,INSUFFICIENT_WHEELO_DATA,,,INSUFFICIENT_DATA,NO_VALUE,suppressed: UNMODELLED,UNMODELLED
pointsbet_1:114281084:3,pointsbet_1,UNMODELLED,Player To Poll In Most Games (Brownlow Medal 2026),Marcus Bontempelli,,,,0.0,,,,,101.0,0.009900990099009901,,,,,,,,,,,INSUFFICIENT_WHEELO_DATA,,,INSUFFICIENT_DATA,NO_VALUE,suppressed: UNMODELLED,UNMODELLED
pointsbet_1:114281084:4,pointsbet_1,UNMODELLED,Player To Poll In Most Games (Brownlow Medal 2026),Isaac Heeney,,,,0.0,,,,,501.0,0.001996007984031936,,,,,,,,,,,INSUFFICIENT_WHEELO_DATA,,,INSUFFICIENT_DATA,NO_VALUE,suppressed: UNMODELLED,UNMODELLED
pointsbet_1:114281084:5,pointsbet_1,UNMODELLED,Player To Poll In Most Games (Brownlow Medal 2026),Harry Sheezel,,,,0.0,,,,,501.0,0.001996007984031936,,,,,,,,,,,INSUFFICIENT_WHEELO_DATA,,,INSUFFICIENT_DATA,NO_VALUE,suppressed: UNMODELLED,UNMODELLED
pointsbet_1:114281084:6,pointsbet_1,UNMODELLED,Player To Poll In Most Games (Brownlow Medal 2026),Jordan Dawson,,,,0.0,,,,,501.0,0.001996007984031936,,,,,,,,,,,INSUFFICIENT_WHEELO_DATA,,,INSUFFICIENT_DATA,NO_VALUE,suppressed: UNMODELLED,UNMODELLED
pointsbet_1:114281084:7,pointsbet_1,UNMODELLED,Player To Poll In Most Games (Brownlow Medal 2026),Max Gawn,,,,0.0,,,,,501.0,0.001996007984031936,,,,,,,,,,,INSUFFICIENT_WHEELO_DATA,,,INSUFFICIENT_DATA,NO_VALUE,suppressed: UNMODELLED,UNMODELLED
pointsbet_1:114281084:8,pointsbet_1,UNMODELLED,Player To Poll In Most Games (Brownlow Medal 2026),Patrick Cripps,,,,0.0,,,,,501.0,0.001996007984031936,,,,,,,,,,,INSUFFICIENT_WHEELO_DATA,,,INSUFFICIENT_DATA,NO_VALUE,suppressed: UNMODELLED,UNMODELLED
pointsbet_1:115125677:1,pointsbet_1,TEAM_VOTES_OU,Adelaide Crows Team Votes O/U (Brownlow Medal 2026),Over 84.5,,,adelaide,84.5,over,,,,1.87,0.53475935828877,0.51867,0.0834,-1.6089358288770006,-45.135935828876995,-0.030087100000000033,-0.844042,43.526999999999994,0.0834,,,INSUFFICIENT_WHEELO_DATA,,,INSUFFICIENT_DATA,NO_VALUE,no meaningful positive edge from either model,
pointsbet_1:115125677:2,pointsbet_1,TEAM_VOTES_OU,Adelaide Crows Team Votes O/U (Brownlow Medal 2026),Under 84.5,,,adelaide,84.5,under,,,,1.87,0.53475935828877,0.48133,0.9166,-5.342935828876999,38.184064171123,-0.09991289999999997,0.7140420000000001,43.527,0.48133,,,INSUFFICIENT_WHEELO_DATA,,,INSUFFICIENT_DATA,MODEL_DISAGREEMENT,only one internal model sees value and Wheelo does not corroborate -- evidence too divided for a confident conclusion,
pointsbet_1:115125705:1,pointsbet_1,TEAM_VOTES_OU,Brisbane Lions Team Votes O/U (Brownlow Medal 2026),Over 87.5,,,brisbane_lions,87.5,over,,,,1.87,0.53475935828877,0.79393,0.0146,25.917064171123005,-52.015935828877005,0.48464910000000017,-0.972698,77.933,0.0146,,,INSUFFICIENT_WHEELO_DATA,,,INSUFFICIENT_DATA,MODEL_DISAGREEMENT,only one internal model sees value and Wheelo does not corroborate -- evidence too divided for a confident conclusion,
pointsbet_1:115125705:2,pointsbet_1,TEAM_VOTES_OU,Brisbane Lions Team Votes O/U (Brownlow Medal 2026),Under 87.5,,,brisbane_lions,87.5,under,,,,1.87,0.53475935828877,0.20607,0.9854,-32.868935828877,45.06406417112301,-0.6146491,0.8426980000000002,77.933,0.20607,,,INSUFFICIENT_WHEELO_DATA,,,INSUFFICIENT_DATA,MODEL_DISAGREEMENT,only one internal model sees value and Wheelo does not corroborate -- evidence too divided for a confident conclusion,
pointsbet_1:115125735:1,pointsbet_1,TEAM_VOTES_OU,Carlton Team Votes O/U (Brownlow Medal 2026),Over 72.5,,,carlton,72.5,over,,,,1.87,0.53475935828877,0.2339,0.21725,-30.085935828877,-31.750935828876997,-0.562607,-0.5937425000000001,1.6649999999999998,0.21725,,,INSUFFICIENT_WHEELO_DATA,,,INSUFFICIENT_DATA,NO_VALUE,no meaningful positive edge from either model,
pointsbet_1:115125735:2,pointsbet_1,TEAM_VOTES_OU,Carlton Team Votes O/U (Brownlow Medal 2026),Under 72.5,,,carlton,72.5,under,,,,1.87,0.53475935828877,0.7661,0.78275,23.134064171123004,24.799064171122996,0.4326070000000002,0.46374249999999995,1.6649999999999943,0.7661,,,INSUFFICIENT_WHEELO_DATA,,,INSUFFICIENT_DATA,HIGH_CONFIDENCE_WHEELO_NEUTRAL,both models positive EV and agree; Wheelo neither confirms nor materially contradicts,
pointsbet_1:115125681:1,pointsbet_1,TEAM_VOTES_OU,Collingwood Team Votes O/U (Brownlow Medal 2026),Over 79.5,,,collingwood,79.5,over,,,,1.87,0.53475935828877,0.644,0.2515,10.924064171123005,-28.325935828876997,0.20428000000000002,-0.529695,39.25,0.2515,,,INSUFFICIENT_WHEELO_DATA,,,INSUFFICIENT_DATA,MODEL_DISAGREEMENT,only one internal model sees value and Wheelo does not corroborate -- evidence too divided for a confident conclusion,
pointsbet_1:115125681:2,pointsbet_1,TEAM_VOTES_OU,Collingwood Team Votes O/U (Brownlow Medal 2026),Under 79.5,,,collingwood,79.5,under,,,,1.87,0.53475935828877,0.356,0.7485,-17.875935828876997,21.37406417112301,-0.33428,0.39969500000000013,39.25000000000001,0.356,,,INSUFFICIENT_WHEELO_DATA,,,INSUFFICIENT_DATA,MODEL_DISAGREEMENT,only one internal model sees value and Wheelo does not corroborate -- evidence too divided for a confident conclusion,
pointsbet_1:115125725:1,pointsbet_1,TEAM_VOTES_OU,Essendon Team Votes O/U (Brownlow Medal 2026),Over 25.5,,,essendon,25.5,over,,,,2.1,0.47619047619047616,0.6892,0.9986,21.30095238095239,52.240952380952386,0.44732000000000016,1.0970600000000004,30.94,0.6892,,,INSUFFICIENT_WHEELO_DATA,,,INSUFFICIENT_DATA,MEDIUM_CONFIDENCE,both models see value but internal gap 30.9pp > 7.5pp -- Production is the higher-edge outlier,
pointsbet_1:115125725:2,pointsbet_1,TEAM_VOTES_OU,Essendon Team Votes O/U (Brownlow Medal 2026),Under 25.5,,,essendon,25.5,under,,,,1.7,0.5882352941176471,0.3108,0.0014,-27.743529411764705,-58.68352941176471,-0.47163999999999995,-0.99762,30.94,0.0014,,,INSUFFICIENT_WHEELO_DATA,,,INSUFFICIENT_DATA,NO_VALUE,no meaningful positive edge from either model,
pointsbet_1:115125769:1,pointsbet_1,TEAM_VOTES_OU,Fremantle Team Votes O/U (Brownlow Medal 2026),Over 101.5,,,fremantle,101.5,over,,,,1.87,0.53475935828877,0.23438,0.01265,-30.037935828876993,-52.21093582887699,-0.5617094,-0.9763445,22.173000000000002,0.01265,,,INSUFFICIENT_WHEELO_DATA,,,INSUFFICIENT_DATA,NO_VALUE,no meaningful positive edge from either model,
pointsbet_1:115125769:2,pointsbet_1,TEAM_VOTES_OU,Fremantle Team Votes O/U (Brownlow Medal 2026),Under 101.5,,,fremantle,101.5,under,,,,1.87,0.53475935828877,0.76562,0.98735,23.086064171123,45.259064171123,0.4317093999999999,0.8463445,22.173,0.76562,,,INSUFFICIENT_WHEELO_DATA,,,INSUFFICIENT_DATA,MEDIUM_CONFIDENCE,both models see value but internal gap 22.2pp > 7.5pp -- Production is the higher-edge outlier,
pointsbet_1:115125766:1,pointsbet_1,TEAM_VOTES_OU,Geelong Cats Team Votes O/U (Brownlow Medal 2026),Over 86.5,,,geelong,86.5,over,,,,1.87,0.53475935828877,0.853,0.0384,31.824064171123002,-49.635935828876995,0.59511,-0.928192,81.46,0.0384,,,INSUFFICIENT_WHEELO_DATA,,,INSUFFICIENT_DATA,MODEL_DISAGREEMENT,only one internal model sees value and Wheelo does not corroborate -- evidence too divided for a confident conclusion,
pointsbet_1:115125766:2,pointsbet_1,TEAM_VOTES_OU,Geelong Cats Team Votes O/U (Brownlow Medal 2026),Under 86.5,,,geelong,86.5,under,,,,1.87,0.53475935828877,0.147,0.9616,-38.775935828876996,42.684064171123005,-0.7251099999999999,0.798192,81.46,0.147,,,INSUFFICIENT_WHEELO_DATA,,,INSUFFICIENT_DATA,MODEL_DISAGREEMENT,only one internal model sees value and Wheelo does not corroborate -- evidence too divided for a confident conclusion,
pointsbet_1:115125783:1,pointsbet_1,TEAM_VOTES_OU,Gold Coast Suns Team Votes O/U (Brownlow Medal 2026),Over 62.5,,,gold_coast,62.5,over,,,,1.87,0.53475935828877,0.38979,0.5722,-14.496935828876994,3.744064171123007,-0.27109269999999996,0.07001400000000024,18.241000000000003,0.38979,,,INSUFFICIENT_WHEELO_DATA,,,INSUFFICIENT_DATA,MODEL_DISAGREEMENT,only one internal model sees value and Wheelo does not corroborate -- evidence too divided for a confident conclusion,
pointsbet_1:115125783:2,pointsbet_1,TEAM_VOTES_OU,Gold Coast Suns Team Votes O/U (Brownlow Medal 2026),Under 62.5,,,gold_coast,62.5,under,,,,1.87,0.53475935828877,0.61021,0.4278,7.5450641711230055,-10.695935828876996,0.14109270000000018,-0.20001399999999991,18.241000000000003,0.4278,,,INSUFFICIENT_WHEELO_DATA,,,INSUFFICIENT_DATA,MODEL_DISAGREEMENT,only one internal model sees value and Wheelo does not corroborate -- evidence too divided for a confident conclusion,
pointsbet_1:115125764:1,pointsbet_1,TEAM_VOTES_OU,GWS Giants Team Votes O/U (Brownlow Medal 2026),Over 60.5,,,greater_western_sydney,60.5,over,,,,1.87,0.53475935828877,0.58423,0.6719,4.947064171123006,13.714064171123008,0.09251010000000015,0.25645300000000026,8.767000000000003,0.58423,,,INSUFFICIENT_WHEELO_DATA,,,INSUFFICIENT_DATA,MEDIUM_CONFIDENCE,both models see value but internal gap 8.8pp > 7.5pp -- Production is the higher-edge outlier,
pointsbet_1:115125764:2,pointsbet_1,TEAM_VOTES_OU,GWS Giants Team Votes O/U (Brownlow Medal 2026),Under 60.5,,,greater_western_sydney,60.5,under,,,,1.87,0.53475935828877,0.41577,0.3281,-11.898935828877,-20.665935828876997,-0.22251010000000004,-0.38645299999999994,8.766999999999998,0.3281,,,INSUFFICIENT_WHEELO_DATA,,,INSUFFICIENT_DATA,NO_VALUE,no meaningful positive edge from either model,
pointsbet_1:115125806:1,pointsbet_1,TEAM_VOTES_OU,Hawthorn Team Votes O/U (Brownlow Medal 2026),Over 86.5,,,hawthorn,86.5,over,,,,1.87,0.53475935828877,0.29739,0.00655,-23.736935828876998,-52.82093582887699,-0.4438807,-0.9877515,29.084,0.00655,,,INSUFFICIENT_WHEELO_DATA,,,INSUFFICIENT_DATA,NO_VALUE,no meaningful positive edge from either model,
pointsbet_1:115125806:2,pointsbet_1,TEAM_VOTES_OU,Hawthorn Team Votes O/U (Brownlow Medal 2026),Under 86.5,,,hawthorn,86.5,under,,,,1.87,0.53475935828877,0.70261,0.99345,16.785064171122997,45.86906417112301,0.3138806999999999,0.8577515000000002,29.08400000000001,0.70261,,,INSUFFICIENT_WHEELO_DATA,,,INSUFFICIENT_DATA,MEDIUM_CONFIDENCE,both models see value but internal gap 29.1pp > 7.5pp -- Production is the higher-edge outlier,
pointsbet_1:115125772:1,pointsbet_1,TEAM_VOTES_OU,Melbourne Team Votes O/U (Brownlow Medal 2026),Over 85.5,,,melbourne,85.5,over,,,,1.87,0.53475935828877,0.3123,0.05125,-22.245935828876995,-48.350935828877,-0.4159989999999999,-0.9041625,26.105,0.05125,,,INSUFFICIENT_WHEELO_DATA,,,INSUFFICIENT_DATA,NO_VALUE,no meaningful positive edge from either model,
pointsbet_1:115125772:2,pointsbet_1,TEAM_VOTES_OU,Melbourne Team Votes O/U (Brownlow Medal 2026),Under 85.5,,,melbourne,85.5,under,,,,1.87,0.53475935828877,0.6877,0.94875,15.294064171123,41.399064171123,0.2859990000000001,0.7741625000000001,26.105,0.6877,,,INSUFFICIENT_WHEELO_DATA,,,INSUFFICIENT_DATA,MEDIUM_CONFIDENCE,both models see value but internal gap 26.1pp > 7.5pp -- Production is the higher-edge outlier,
pointsbet_1:115125749:1,pointsbet_1,TEAM_VOTES_OU,North Melbourne Team Votes O/U (Brownlow Medal 2026),Over 67.5,,,north_melbourne,67.5,over,,,,1.87,0.53475935828877,0.53758,0.85305,0.28206417112299764,31.829064171123,0.005274599999999907,0.5952035,31.547000000000004,0.53758,,,INSUFFICIENT_WHEELO_DATA,,,INSUFFICIENT_DATA,MEDIUM_CONFIDENCE,both models see value but internal gap 31.5pp > 7.5pp -- Production is the higher-edge outlier,
pointsbet_1:115125749:2,pointsbet_1,TEAM_VOTES_OU,North Melbourne Team Votes O/U (Brownlow Medal 2026),Under 67.5,,,north_melbourne,67.5,under,,,,1.87,0.53475935828877,0.46242,0.14695,-7.233935828876997,-38.78093582887699,-0.1352745999999999,-0.7252035,31.547000000000004,0.14695,,,INSUFFICIENT_WHEELO_DATA,,,INSUFFICIENT_DATA,NO_VALUE,no meaningful positive edge from either model,
pointsbet_1:115125750:1,pointsbet_1,TEAM_VOTES_OU,Richmond Team Votes O/U (Brownlow Medal 2026),Over 16.5,,,richmond,16.5,over,,,,1.87,0.53475935828877,0.49934,0.98095,-3.5419358288769964,44.619064171123,-0.06623419999999991,0.8343765000000001,48.161,0.49934,,,INSUFFICIENT_WHEELO_DATA,,,INSUFFICIENT_DATA,MODEL_DISAGREEMENT,only one internal model sees value and Wheelo does not corroborate -- evidence too divided for a confident conclusion,
pointsbet_1:115125750:2,pointsbet_1,TEAM_VOTES_OU,Richmond Team Votes O/U (Brownlow Medal 2026),Under 16.5,,,richmond,16.5,under,,,,1.87,0.53475935828877,0.50066,0.01905,-3.4099358288769976,-51.570935828877,-0.06376579999999998,-0.9643765,48.161,0.01905,,,INSUFFICIENT_WHEELO_DATA,,,INSUFFICIENT_DATA,NO_VALUE,no meaningful positive edge from either model,
pointsbet_1:115125794:1,pointsbet_1,TEAM_VOTES_OU,Port Adelaide Team Votes O/U (Brownlow Medal 2026),Over 53.5,,,port_adelaide,53.5,over,,,,1.87,0.53475935828877,0.64802,0.99705,11.326064171123008,46.229064171123,0.21179740000000025,0.8644835000000002,34.90299999999999,0.64802,,,INSUFFICIENT_WHEELO_DATA,,,INSUFFICIENT_DATA,MEDIUM_CONFIDENCE,both models see value but internal gap 34.9pp > 7.5pp -- Production is the higher-edge outlier,
pointsbet_1:115125794:2,pointsbet_1,TEAM_VOTES_OU,Port Adelaide Team Votes O/U (Brownlow Medal 2026),Under 53.5,,,port_adelaide,53.5,under,,,,1.87,0.53475935828877,0.35198,0.00295,-18.277935828876995,-53.180935828877,-0.3417973999999999,-0.9944835,34.903,0.00295,,,INSUFFICIENT_WHEELO_DATA,,,INSUFFICIENT_DATA,NO_VALUE,no meaningful positive edge from either model,
pointsbet_1:115125802:1,pointsbet_1,TEAM_VOTES_OU,St Kilda Team Votes O/U (Brownlow Medal 2026),Over 70.5,,,st_kilda,70.5,over,,,,1.87,0.53475935828877,0.46677,0.96035,-6.798935828876996,42.559064171123005,-0.12714009999999987,0.7958545000000001,49.358000000000004,0.46677,,,INSUFFICIENT_WHEELO_DATA,,,INSUFFICIENT_DATA,MODEL_DISAGREEMENT,only one internal model sees value and Wheelo does not corroborate -- evidence too divided for a confident conclusion,
pointsbet_1:115125802:2,pointsbet_1,TEAM_VOTES_OU,St Kilda Team Votes O/U (Brownlow Medal 2026),Under 70.5,,,st_kilda,70.5,under,,,,1.87,0.53475935828877,0.53323,0.03965,-0.15293582887699886,-49.510935828876995,-0.0028599000000000263,-0.9258545,49.358,0.03965,,,INSUFFICIENT_WHEELO_DATA,,,INSUFFICIENT_DATA,NO_VALUE,no meaningful positive edge from either model,
pointsbet_1:115125780:1,pointsbet_1,TEAM_VOTES_OU,Sydney Swans Team Votes O/U (Brownlow Medal 2026),Over 102.5,,,sydney,102.5,over,,,,1.87,0.53475935828877,,0.01745,,-51.730935828877,,-0.9673685,,0.01745,,,INSUFFICIENT_WHEELO_DATA,,,INSUFFICIENT_DATA,NO_VALUE,suppressed: INSUFFICIENT_SIMULATION_SUPPORT,INSUFFICIENT_SIMULATION_SUPPORT
pointsbet_1:115125780:2,pointsbet_1,TEAM_VOTES_OU,Sydney Swans Team Votes O/U (Brownlow Medal 2026),Under 102.5,,,sydney,102.5,under,,,,1.87,0.53475935828877,,0.98255,,44.779064171123004,,0.8373685000000002,,0.98255,,,INSUFFICIENT_WHEELO_DATA,,,INSUFFICIENT_DATA,NO_VALUE,suppressed: INSUFFICIENT_SIMULATION_SUPPORT,INSUFFICIENT_SIMULATION_SUPPORT
pointsbet_1:115125741:1,pointsbet_1,TEAM_VOTES_OU,West Coast Eagles Team Votes O/U (Brownlow Medal 2026),Over 30.5,,,west_coast,30.5,over,,,,1.87,0.53475935828877,0.12038,0.9589,-41.437935828876995,42.414064171123,-0.7748894,0.7931430000000002,83.85199999999999,0.12038,,,INSUFFICIENT_WHEELO_DATA,,,INSUFFICIENT_DATA,MODEL_DISAGREEMENT,only one internal model sees value and Wheelo does not corroborate -- evidence too divided for a confident conclusion,
pointsbet_1:115125741:2,pointsbet_1,TEAM_VOTES_OU,West Coast Eagles Team Votes O/U (Brownlow Medal 2026),Under 30.5,,,west_coast,30.5,under,,,,1.87,0.53475935828877,0.87962,0.0411,34.486064171123,-49.36593582887699,0.6448894000000001,-0.923143,83.85199999999999,0.0411,,,INSUFFICIENT_WHEELO_DATA,,,INSUFFICIENT_DATA,MODEL_DISAGREEMENT,only one internal model sees value and Wheelo does not corroborate -- evidence too divided for a confident conclusion,
pointsbet_1:115124797:1,pointsbet_1,UNMODELLED,Brownlow Medal Most Votes Group A (Brownlow Medal 2026),Patrick Cripps,,,,0.0,,,,,2.75,0.36363636363636365,,,,,,,,,,,INSUFFICIENT_WHEELO_DATA,,,INSUFFICIENT_DATA,NO_VALUE,suppressed: UNMODELLED,UNMODELLED
pointsbet_1:115124797:2,pointsbet_1,UNMODELLED,Brownlow Medal Most Votes Group A (Brownlow Medal 2026),Will Ashcroft,,,,0.0,,,,,3.0,0.3333333333333333,,,,,,,,,,,INSUFFICIENT_WHEELO_DATA,,,INSUFFICIENT_DATA,NO_VALUE,suppressed: UNMODELLED,UNMODELLED
pointsbet_1:115124797:3,pointsbet_1,UNMODELLED,Brownlow Medal Most Votes Group A (Brownlow Medal 2026),Isaac Heeney,,,,0.0,,,,,7.0,0.14285714285714285,,,,,,,,,,,INSUFFICIENT_WHEELO_DATA,,,INSUFFICIENT_DATA,NO_VALUE,suppressed: UNMODELLED,UNMODELLED
pointsbet_1:115124797:4,pointsbet_1,UNMODELLED,Brownlow Medal Most Votes Group A (Brownlow Medal 2026),Jordan Dawson,,,,0.0,,,,,8.0,0.125,,,,,,,,,,,INSUFFICIENT_WHEELO_DATA,,,INSUFFICIENT_DATA,NO_VALUE,suppressed: UNMODELLED,UNMODELLED
pointsbet_1:115124797:5,pointsbet_1,UNMODELLED,Brownlow Medal Most Votes Group A (Brownlow Medal 2026),Jai Newcombe,,,,0.0,,,,,9.0,0.1111111111111111,,,,,,,,,,,INSUFFICIENT_WHEELO_DATA,,,INSUFFICIENT_DATA,NO_VALUE,suppressed: UNMODELLED,UNMODELLED
pointsbet_1:115124797:6,pointsbet_1,UNMODELLED,Brownlow Medal Most Votes Group A (Brownlow Medal 2026),Lachie Neale,,,,0.0,,,,,11.0,0.09090909090909091,,,,,,,,,,,INSUFFICIENT_WHEELO_DATA,,,INSUFFICIENT_DATA,NO_VALUE,suppressed: UNMODELLED,UNMODELLED
pointsbet_1:115124848:1,pointsbet_1,UNMODELLED,Brownlow Medal Most Votes Group D (Brownlow Medal 2026),Lachie Ash,,,,0.0,,,,,2.75,0.36363636363636365,,,,,,,,,,,INSUFFICIENT_WHEELO_DATA,,,INSUFFICIENT_DATA,NO_VALUE,suppressed: UNMODELLED,UNMODELLED
pointsbet_1:115124848:2,pointsbet_1,UNMODELLED,Brownlow Medal Most Votes Group D (Brownlow Medal 2026),Jarman Impey,,,,0.0,,,,,4.0,0.25,,,,,,,,,,,INSUFFICIENT_WHEELO_DATA,,,INSUFFICIENT_DATA,NO_VALUE,suppressed: UNMODELLED,UNMODELLED
pointsbet_1:115124848:3,pointsbet_1,UNMODELLED,Brownlow Medal Most Votes Group D (Brownlow Medal 2026),Wayne Milera,,,,0.0,,,,,5.0,0.2,,,,,,,,,,,INSUFFICIENT_WHEELO_DATA,,,INSUFFICIENT_DATA,NO_VALUE,suppressed: UNMODELLED,UNMODELLED
pointsbet_1:115124848:4,pointsbet_1,UNMODELLED,Brownlow Medal Most Votes Group D (Brownlow Medal 2026),Josh Daicos,,,,0.0,,,,,6.5,0.15384615384615385,,,,,,,,,,,INSUFFICIENT_WHEELO_DATA,,,INSUFFICIENT_DATA,NO_VALUE,suppressed: UNMODELLED,UNMODELLED
pointsbet_1:115124848:5,pointsbet_1,UNMODELLED,Brownlow Medal Most Votes Group D (Brownlow Medal 2026),John Noble,,,,0.0,,,,,7.0,0.14285714285714285,,,,,,,,,,,INSUFFICIENT_WHEELO_DATA,,,INSUFFICIENT_DATA,NO_VALUE,suppressed: UNMODELLED,UNMODELLED
pointsbet_1:115124848:6,pointsbet_1,UNMODELLED,Brownlow Medal Most Votes Group D (Brownlow Medal 2026),Nick Blakey,,,,0.0,,,,,11.0,0.09090909090909091,,,,,,,,,,,INSUFFICIENT_WHEELO_DATA,,,INSUFFICIENT_DATA,NO_VALUE,suppressed: UNMODELLED,UNMODELLED
pointsbet_1:115124840:1,pointsbet_1,UNMODELLED,Brownlow Medal Most Votes Group C (Brownlow Medal 2026),Jacob van Rooyen,,,,0.0,,,,,2.5,0.4,,,,,,,,,,,INSUFFICIENT_WHEELO_DATA,,,INSUFFICIENT_DATA,NO_VALUE,suppressed: UNMODELLED,UNMODELLED
pointsbet_1:115124840:2,pointsbet_1,UNMODELLED,Brownlow Medal Most Votes Group C (Brownlow Medal 2026),Jack Gunston,,,,0.0,,,,,3.0,0.3333333333333333,,,,,,,,,,,INSUFFICIENT_WHEELO_DATA,,,INSUFFICIENT_DATA,NO_VALUE,suppressed: UNMODELLED,UNMODELLED
pointsbet_1:115124840:3,pointsbet_1,UNMODELLED,Brownlow Medal Most Votes Group C (Brownlow Medal 2026),Josh Treacy,,,,0.0,,,,,6.0,0.16666666666666666,,,,,,,,,,,INSUFFICIENT_WHEELO_DATA,,,INSUFFICIENT_DATA,NO_VALUE,suppressed: UNMODELLED,UNMODELLED
pointsbet_1:115124840:4,pointsbet_1,UNMODELLED,Brownlow Medal Most Votes Group C (Brownlow Medal 2026),Charlie Curnow,,,,0.0,,,,,6.0,0.16666666666666666,,,,,,,,,,,INSUFFICIENT_WHEELO_DATA,,,INSUFFICIENT_DATA,NO_VALUE,suppressed: UNMODELLED,UNMODELLED
pointsbet_1:115124840:5,pointsbet_1,UNMODELLED,Brownlow Medal Most Votes Group C (Brownlow Medal 2026),Jye Amiss,,,,0.0,,,,,11.0,0.09090909090909091,,,,,,,,,,,INSUFFICIENT_WHEELO_DATA,,,INSUFFICIENT_DATA,NO_VALUE,suppressed: UNMODELLED,UNMODELLED
pointsbet_1:115124840:6,pointsbet_1,UNMODELLED,Brownlow Medal Most Votes Group C (Brownlow Medal 2026),Logan Morris,,,,0.0,,,,,26.0,0.038461538461538464,,,,,,,,,,,INSUFFICIENT_WHEELO_DATA,,,INSUFFICIENT_DATA,NO_VALUE,suppressed: UNMODELLED,UNMODELLED
pointsbet_1:115124833:1,pointsbet_1,UNMODELLED,Brownlow Medal Most Votes Group B (Brownlow Medal 2026),Max Gawn,,,,0.0,,,,,3.5,0.2857142857142857,,,,,,,,,,,INSUFFICIENT_WHEELO_DATA,,,INSUFFICIENT_DATA,NO_VALUE,suppressed: UNMODELLED,UNMODELLED
pointsbet_1:115124833:2,pointsbet_1,UNMODELLED,Brownlow Medal Most Votes Group B (Brownlow Medal 2026),Nasiah Wanganeen-Milera,,,,0.0,,,,,4.0,0.25,,,,,,,,,,,INSUFFICIENT_WHEELO_DATA,,,INSUFFICIENT_DATA,NO_VALUE,suppressed: UNMODELLED,UNMODELLED
pointsbet_1:115124833:3,pointsbet_1,UNMODELLED,Brownlow Medal Most Votes Group B (Brownlow Medal 2026),Harry Sheezel,,,,0.0,,,,,5.0,0.2,,,,,,,,,,,INSUFFICIENT_WHEELO_DATA,,,INSUFFICIENT_DATA,NO_VALUE,suppressed: UNMODELLED,UNMODELLED
pointsbet_1:115124833:4,pointsbet_1,UNMODELLED,Brownlow Medal Most Votes Group B (Brownlow Medal 2026),Izak Rankine,,,,0.0,,,,,5.0,0.2,,,,,,,,,,,INSUFFICIENT_WHEELO_DATA,,,INSUFFICIENT_DATA,NO_VALUE,suppressed: UNMODELLED,UNMODELLED
pointsbet_1:115124833:5,pointsbet_1,UNMODELLED,Brownlow Medal Most Votes Group B (Brownlow Medal 2026),Jason Horne-Francis,,,,0.0,,,,,9.0,0.1111111111111111,,,,,,,,,,,INSUFFICIENT_WHEELO_DATA,,,INSUFFICIENT_DATA,NO_VALUE,suppressed: UNMODELLED,UNMODELLED
pointsbet_1:115124833:6,pointsbet_1,UNMODELLED,Brownlow Medal Most Votes Group B (Brownlow Medal 2026),Kysaiah Pickett,,,,0.0,,,,,9.0,0.1111111111111111,,,,,,,,,,,INSUFFICIENT_WHEELO_DATA,,,INSUFFICIENT_DATA,NO_VALUE,suppressed: UNMODELLED,UNMODELLED
