player_id,player_name,team_id,production_rank,production_ev,objective_rank,objective_ev,wheelo_ev,wheelo_rank,espn_ev,espn_rank,betfair_ev,betfair_rank,our_midpoint,our_internal_gap,n_external_sources,external_consensus_ev,external_min,external_max,external_range,external_source_label,our_external_gap,external_consensus_rank,agreement_category
12943,Nick Daicos,collingwood,1.0,47.12015010114072,1,38.67739890966238,46.079,1.0,42.0,1.0,,,42.89877450540155,8.442751191478344,2,44.039500000000004,42.0,46.079,4.079000000000001,Wheelo + ESPN benchmark,-1.1407254945984562,1.0,HIGH DISAGREEMENT
12692,Bailey Smith,geelong,2.0,35.37331884523271,3,30.903375777174592,32.598,2.0,32.5,2.0,,,33.13834731120365,4.469943068058118,2,32.549,32.5,32.598,0.09799999999999898,Wheelo + ESPN benchmark,0.5893473112036531,2.0,STRONG CONVERGENCE
12269,Marcus Bontempelli,western_bulldogs,3.0,25.816585516313165,2,31.991781071201437,29.426000000000002,3.0,30.5,3.0,11.0,1.0,28.9041832937573,6.175195554888273,3,23.642,11.0,30.5,19.5,Wheelo + ESPN + Betfair benchmark,5.2621832937573,4.0,PRODUCTION + EXTERNAL AGREE
13040,Will Ashcroft,brisbane_lions,4.0,24.7805123150738,16,19.78976590914119,25.078,5.0,22.5,10.0,5.0,2.0,22.285139112107494,4.990746405932608,3,17.526,5.0,25.078,20.078,Wheelo + ESPN + Betfair benchmark,4.759139112107494,9.0,OBJECTIVE + EXTERNAL AGREE
12261,Patrick Cripps,carlton,5.0,23.91622694318936,5,27.534542216688813,26.744,4.0,25.0,4.0,,,25.72538457993909,3.6183152734994515,2,25.872,25.0,26.744,1.7439999999999998,Wheelo + ESPN benchmark,-0.1466154200609111,3.0,STRONG CONVERGENCE
12055,Lachie Neale,brisbane_lions,6.0,23.45663122741845,6,26.04633177453362,22.817999999999998,8.0,24.0,7.0,2.0,22.0,24.751481500976034,2.5897005471151715,3,16.272666666666666,2.0,24.0,22.0,Wheelo + ESPN + Betfair benchmark,8.478814834309368,12.0,OUR MODELS AGREE / EXTERNAL DIFFERS
12326,Isaac Heeney,sydney,7.0,23.395768591141263,4,27.537118392264727,21.364,11.0,21.5,12.0,,,25.466443491702996,4.141349801123464,2,21.432000000000002,21.364,21.5,0.13599999999999923,Wheelo + ESPN benchmark,4.034443491702994,6.0,PRODUCTION + EXTERNAL AGREE
13034,Harry Sheezel,north_melbourne,8.0,22.634826095460514,15,20.11016787321429,21.764,10.0,21.0,13.0,3.0,9.0,21.372496984337403,2.5246582222462237,3,15.254666666666665,3.0,21.764,18.764,Wheelo + ESPN + Betfair benchmark,6.117830317670737,18.0,OUR MODELS AGREE / EXTERNAL DIFFERS
12798,Izak Rankine,adelaide,9.0,20.84391247062538,11,21.261864465417887,19.101,14.0,23.5,8.0,5.0,2.0,21.052888468021635,0.41795199479250655,3,15.866999999999999,5.0,23.5,18.5,Wheelo + ESPN + Betfair benchmark,5.185888468021636,14.0,OUR MODELS AGREE / EXTERNAL DIFFERS
12516,Jordan Dawson,adelaide,10.0,20.48405454386381,21,17.841332739614746,23.532,7.0,25.0,4.0,1.0,38.0,19.162693641739278,2.6427218042490637,3,16.510666666666665,1.0,25.0,24.0,Wheelo + ESPN + Betfair benchmark,2.652026975072612,11.0,STRONG CONVERGENCE
12950,Nasiah Wanganeen-Milera,st_kilda,11.0,20.04957996233928,23,17.236941373814098,22.352,9.0,23.0,9.0,,,18.64326066807669,2.812638588525182,2,22.676000000000002,22.352,23.0,0.6479999999999997,Wheelo + ESPN benchmark,-4.032739331923313,5.0,PRODUCTION + EXTERNAL AGREE
12698,Zak Butters,port_adelaide,12.0,19.780257741562025,14,20.52419612831691,18.685,16.0,19.0,16.0,,,20.152226934939467,0.7439383867548841,2,18.8425,18.685,19.0,0.3150000000000013,Wheelo + ESPN benchmark,1.3097269349394658,8.0,STRONG CONVERGENCE
11966,Max Gawn,melbourne,13.0,19.01653471955606,8,22.932131203808503,19.552,13.0,25.0,4.0,4.0,7.0,20.97433296168228,3.9155964842524433,3,16.184,4.0,25.0,21.0,Wheelo + ESPN + Betfair benchmark,4.790332961682278,13.0,HIGH DISAGREEMENT
12771,Kysaiah Pickett,melbourne,14.0,18.93946379833953,25,15.847297253786207,18.823,15.0,21.0,13.0,3.0,9.0,17.39338052606287,3.092166544553324,3,14.274333333333333,3.0,21.0,18.0,Wheelo + ESPN + Betfair benchmark,3.1190471927295373,20.0,OBJECTIVE + EXTERNAL AGREE
12915,Jai Newcombe,hawthorn,15.0,18.548093291501047,7,24.042781305812497,24.021,6.0,21.0,13.0,2.0,22.0,21.295437298656772,5.49468801431145,3,15.673666666666668,2.0,24.021,22.021,Wheelo + ESPN + Betfair benchmark,5.621770631990104,15.0,HIGH DISAGREEMENT
12605,Ed Richards,western_bulldogs,16.0,18.045732035249657,12,21.182235529267807,15.958,19.0,22.0,11.0,3.0,9.0,19.61398378225873,3.13650349401815,3,13.652666666666667,3.0,22.0,19.0,Wheelo + ESPN + Betfair benchmark,5.961317115592065,23.0,HIGH DISAGREEMENT
12956,Jason Horne-Francis,port_adelaide,17.0,16.961239635660696,18,19.024726868399476,19.827,12.0,19.0,16.0,,,17.992983252030086,2.0634872327387797,2,19.4135,19.0,19.827,0.8270000000000017,Wheelo + ESPN benchmark,-1.4205167479699128,7.0,STRONG CONVERGENCE
12786,Caleb Serong,fremantle,18.0,14.505552234910663,17,19.696882239786763,15.197,22.0,,,,,17.101217237348713,5.1913300048761,1,15.197,15.197,15.197,0.0,Wheelo benchmark,1.904217237348714,19.0,PRODUCTION + EXTERNAL AGREE
12862,Errol Gulden,sydney,19.0,14.394967702004797,42,9.445238560942462,15.823,20.0,16.5,19.0,4.5,4.0,11.92010313147363,4.949729141062335,3,12.274333333333333,4.5,16.5,12.0,Wheelo + ESPN + Betfair benchmark,-0.35423020185970344,24.0,HIGH DISAGREEMENT
12881,Max Holmes,geelong,20.0,14.232218752102543,31,13.237761216828757,14.014999999999999,26.0,14.5,21.0,,,13.73498998446565,0.9944575352737868,2,14.2575,14.014999999999999,14.5,0.4850000000000012,Wheelo + ESPN benchmark,-0.5225100155343512,21.0,STRONG CONVERGENCE
12410,Clayton Oliver,greater_western_sydney,21.0,13.982747072444973,10,21.3815151498554,10.488,34.0,14.0,22.0,1.0,38.0,17.682131111150184,7.398768077410427,3,8.496,1.0,14.0,13.0,Wheelo + ESPN + Betfair benchmark,9.186131111150184,39.0,HIGH DISAGREEMENT
12535,Shai Bolton,fremantle,22.0,13.682414069418996,34,12.61807988731196,12.466,28.0,,,1.5,35.0,13.150246978365479,1.0643341821070358,2,6.983,1.5,12.466,10.966,Wheelo + Betfair benchmark,6.167246978365479,44.0,OUR MODELS AGREE / EXTERNAL DIFFERS
12217,Brodie Grundy,sydney,23.0,13.29009899729213,36,11.201719465345516,9.552,42.0,,,2.0,22.0,12.245909231318823,2.0883795319466145,2,5.776,2.0,9.552,7.552,Wheelo + Betfair benchmark,6.469909231318823,54.0,HIGH DISAGREEMENT
12590,Luke Davies-Uniacke,north_melbourne,24.0,12.845630419671991,13,20.554888434038077,16.942999999999998,17.0,17.0,18.0,,,16.700259426855034,7.709258014366085,2,16.9715,16.942999999999998,17.0,0.05700000000000216,Wheelo + ESPN benchmark,-0.27124057314496497,10.0,HIGH DISAGREEMENT
11845,Jack Gunston,hawthorn,25.0,12.729615621310252,153,1.2933514794078722,10.083,36.0,,,4.5,4.0,7.0114835503590625,11.43626414190238,2,7.2915,4.5,10.083,5.583,Wheelo + Betfair benchmark,-0.28001644964093764,41.0,HIGH DISAGREEMENT
12797,Chad Warner,sydney,26.0,12.707368083651604,20,17.85981482257906,15.647,21.0,,,,,15.283591453115331,5.152446738927457,1,15.647,15.647,15.647,0.0,Wheelo benchmark,-0.36340854688466884,16.0,OBJECTIVE + EXTERNAL AGREE
12779,Luke Jackson,fremantle,27.0,12.705943906955696,9,22.58964273292247,14.919,23.0,16.0,20.0,,,17.647793319939083,9.883698825966775,2,15.4595,14.919,16.0,1.0809999999999995,Wheelo + ESPN benchmark,2.188293319939083,17.0,HIGH DISAGREEMENT
12767,Noah Anderson,gold_coast,28.0,12.278161183538751,27,15.32064527612067,11.019,31.0,14.0,22.0,3.0,9.0,13.79940322982971,3.042484092581919,3,9.339666666666666,3.0,14.0,11.0,Wheelo + ESPN + Betfair benchmark,4.459736563163045,35.0,HIGH DISAGREEMENT
12684,Sam Walsh,carlton,29.0,11.88264946130174,40,9.788561586097842,14.132,25.0,,,,,10.83560552369979,2.0940878752038987,1,14.132,14.132,14.132,0.0,Wheelo benchmark,-3.2963944763002093,22.0,HIGH DISAGREEMENT
13111,Harley Reid,west_coast,30.0,11.534634794982535,22,17.6740616100404,14.405000000000001,24.0,14.0,22.0,3.0,9.0,14.604348202511467,6.139426815057865,3,10.468333333333334,3.0,14.405000000000001,11.405000000000001,Wheelo + ESPN + Betfair benchmark,4.136014869178133,27.0,PRODUCTION + EXTERNAL AGREE
12430,Christian Petracca,gold_coast,31.0,11.407867569570945,24,16.144907604035826,11.885,29.0,14.0,22.0,3.0,9.0,13.776387586803384,4.737040034464881,3,9.628333333333332,3.0,14.0,11.0,Wheelo + ESPN + Betfair benchmark,4.148054253470052,32.0,PRODUCTION + EXTERNAL AGREE
13048,Jacob van Rooyen,melbourne,32.0,11.405372887593506,71,4.232199409561392,10.736,33.0,,,2.0,22.0,7.818786148577449,7.173173478032114,2,6.368,2.0,10.736,8.736,Wheelo + Betfair benchmark,1.450786148577449,48.0,HIGH DISAGREEMENT
12610,Zac Bailey,brisbane_lions,33.0,11.253981395375265,35,11.270937997076803,10.149000000000001,35.0,14.0,22.0,,,11.262459696226035,0.016956601701538787,2,12.0745,10.149000000000001,14.0,3.850999999999999,Wheelo + ESPN benchmark,-0.8120403037739656,25.0,STRONG CONVERGENCE
12589,Andrew Brayshaw,fremantle,34.0,11.232259575591398,39,10.155813081084997,16.116,18.0,,,3.0,9.0,10.694036328338196,1.076446494506401,2,9.558,3.0,16.116,13.116,Wheelo + Betfair benchmark,1.1360363283381965,34.0,STRONG CONVERGENCE
12421,Charlie Curnow,sydney,35.0,10.427444671896955,80,3.5050998379762497,9.758000000000001,40.0,,,,,6.9662722549366025,6.922344833920706,1,9.758000000000001,9.758000000000001,9.758000000000001,0.0,Wheelo benchmark,-2.7917277450633984,31.0,PRODUCTION + EXTERNAL AGREE
13193,Max Hall,st_kilda,36.0,10.322043092814903,19,18.010620099445767,10.074,37.0,,,1.0,38.0,14.166331596130334,7.688577006630863,2,5.537,1.0,10.074,9.074,Wheelo + Betfair benchmark,8.629331596130335,56.0,HIGH DISAGREEMENT
12411,George Hewett,carlton,37.0,10.164025181300447,43,9.1543417743411,9.151,44.0,,,,,9.659183477820774,1.009683406959347,1,9.151,9.151,9.151,0.0,Wheelo benchmark,0.5081834778207739,37.0,STRONG CONVERGENCE
12025,Toby Greene,greater_western_sydney,38.0,9.951610268952388,38,10.271158349359045,9.926,39.0,,,,,10.111384309155717,0.3195480804066566,1,9.926,9.926,9.926,0.0,Wheelo benchmark,0.18538430915571702,30.0,STRONG CONVERGENCE
12693,Tom Sparrow,melbourne,39.0,9.741481234048862,26,15.402427040819632,11.716,30.0,,,2.0,22.0,12.571954137434247,5.660945806770769,2,6.858,2.0,11.716,9.716,Wheelo + Betfair benchmark,5.713954137434247,46.0,HIGH DISAGREEMENT
12969,Finn Callaghan,greater_western_sydney,40.0,9.583308731615295,41,9.479645260691514,10.785,32.0,,,,,9.531476996153405,0.10366347092378092,1,10.785,10.785,10.785,0.0,Wheelo benchmark,-1.2535230038465954,26.0,STRONG CONVERGENCE
13104,Shaun Mannagh,geelong,41.0,9.450321186358194,48,7.992682679444423,10.062,38.0,,,,,8.721501932901308,1.4576385069137707,1,10.062,10.062,10.062,0.0,Wheelo benchmark,-1.3404980670986912,29.0,STRONG CONVERGENCE
12983,Jye Amiss,fremantle,42.0,9.389614472927525,100,2.6558951808125517,9.568,41.0,,,,,6.022754826870038,6.733719292114973,1,9.568,9.568,9.568,0.0,Wheelo benchmark,-3.5452451731299615,33.0,PRODUCTION + EXTERNAL AGREE
12241,Zach Merrett,essendon,43.0,9.225945725912704,45,8.427354395160446,6.093,62.0,,,3.0,9.0,8.826650060536576,0.7985913307522576,2,4.5465,3.0,6.093,3.093,Wheelo + Betfair benchmark,4.280150060536576,68.0,OUR MODELS AGREE / EXTERNAL DIFFERS
12887,Josh Treacy,fremantle,44.0,8.99246997263832,60,5.4700996194622045,6.7459999999999996,52.0,,,1.5,35.0,7.231284796050263,3.5223703531761155,2,4.122999999999999,1.5,6.7459999999999996,5.2459999999999996,Wheelo + Betfair benchmark,3.1082847960502633,73.0,OBJECTIVE + EXTERNAL AGREE
12768,Matt Rowell,gold_coast,45.0,8.660307872094174,29,14.306054963386318,13.648,27.0,14.0,22.0,3.0,9.0,11.483181417740246,5.645747091292144,3,10.216,3.0,14.0,11.0,Wheelo + ESPN + Betfair benchmark,1.2671814177402467,28.0,PRODUCTION + EXTERNAL AGREE
12331,Touk Miller,gold_coast,46.0,8.463389205562827,51,7.546391832015423,6.394,55.0,,,4.0,7.0,8.004890518789125,0.916997373547404,2,5.197,4.0,6.394,2.394,Wheelo + Betfair benchmark,2.807890518789125,59.0,OUR MODELS AGREE / EXTERNAL DIFFERS
12782,Lachie Ash,greater_western_sydney,47.0,8.130964419381165,109,2.1323471465889137,8.171999999999999,46.0,,,2.0,22.0,5.131655782985039,5.998617272792251,2,5.085999999999999,2.0,8.171999999999999,6.171999999999999,Wheelo + Betfair benchmark,0.04565578298503947,61.0,HIGH DISAGREEMENT
13125,Hugo Garcia,st_kilda,48.0,7.939914186730384,30,13.39508963871764,7.244999999999999,48.0,,,,,10.667501912724012,5.455175451987255,1,7.244999999999999,7.244999999999999,7.244999999999999,0.0,Wheelo benchmark,3.4225019127240124,42.0,PRODUCTION + EXTERNAL AGREE
13137,Logan Morris,brisbane_lions,49.0,7.760133270615386,82,3.421044776975509,6.9030000000000005,51.0,,,,,5.590589023795447,4.339088493639877,1,6.9030000000000005,6.9030000000000005,6.9030000000000005,0.0,Wheelo benchmark,-1.3124109762045535,45.0,PRODUCTION + EXTERNAL AGREE
12504,Tim Taranto,richmond,50.0,7.634678162566176,32,12.814761461778165,9.282,43.0,,,,,10.22471981217217,5.180083299211989,1,9.282,9.282,9.282,0.0,Wheelo benchmark,0.9427198121721698,36.0,PRODUCTION + EXTERNAL AGREE
12743,John Noble,gold_coast,51.0,7.29541671042546,134,1.633424861104319,6.744,53.0,,,1.0,38.0,4.464420785764889,5.661991849321141,2,3.872,1.0,6.744,5.744,Wheelo + Betfair benchmark,0.5924207857648893,77.0,HIGH DISAGREEMENT
12699,Nick Blakey,sydney,52.0,6.901986542795094,72,4.133170538152434,6.706,54.0,,,,,5.517578540473764,2.7688160046426598,1,6.706,6.706,6.706,0.0,Wheelo benchmark,-1.1884214595262366,47.0,PRODUCTION + EXTERNAL AGREE
13105,Nick Watson,hawthorn,53.0,6.801525462081028,97,2.697200219670077,6.992,50.0,,,4.5,4.0,4.749362840875553,4.104325242410951,2,5.746,4.5,6.992,2.492,Wheelo + Betfair benchmark,-0.9966371591244476,55.0,PRODUCTION + EXTERNAL AGREE
12849,Sam Berry,adelaide,54.0,6.653003102751347,37,11.01788104689478,8.722,45.0,,,,,8.835442074823064,4.3648779441434336,1,8.722,8.722,8.722,0.0,Wheelo benchmark,0.11344207482306423,38.0,HIGH DISAGREEMENT
12167,Jake Stringer,greater_western_sydney,55.0,6.6445487997330215,79,3.581313815827404,6.381,56.0,,,1.0,38.0,5.1129313077802125,3.0632349839056174,2,3.6905,1.0,6.381,5.381,Wheelo + Betfair benchmark,1.4224313077802124,80.0,OBJECTIVE + EXTERNAL AGREE
12954,Connor Macdonald,hawthorn,56.0,6.578089824572835,53,6.428657094611089,6.0040000000000004,64.0,,,1.0,38.0,6.503373459591963,0.14943272996174617,2,3.5020000000000002,1.0,6.0040000000000004,5.0040000000000004,Wheelo + Betfair benchmark,3.0013734595919623,82.0,OUR MODELS AGREE / EXTERNAL DIFFERS
12974,Oliver Dempsey,geelong,57.0,6.573872133525281,78,3.746806565239152,5.067,69.0,,,,,5.160339349382216,2.8270655682861294,1,5.067,5.067,5.067,0.0,Wheelo benchmark,0.09333934938221589,62.0,HIGH DISAGREEMENT
13180,Murphy Reid,fremantle,58.0,6.424393207793295,86,3.2327364980779296,6.177,58.0,,,,,4.828564852935612,3.191656709715365,1,6.177,6.177,6.177,0.0,Wheelo benchmark,-1.3484351470643876,50.0,PRODUCTION + EXTERNAL AGREE
13129,Patrick Voss,fremantle,59.0,6.114884119833374,85,3.240187893010095,4.3180000000000005,76.0,,,,,4.677536006421734,2.8746962268232794,1,4.3180000000000005,4.3180000000000005,4.3180000000000005,0.0,Wheelo benchmark,0.35953600642173367,70.0,HIGH DISAGREEMENT
12953,Josh Rachele,adelaide,60.0,6.092127523742349,58,5.830568022169628,5.116,68.0,,,,,5.961347772955989,0.26155950157272034,1,5.116,5.116,5.116,0.0,Wheelo benchmark,0.8453477729559893,60.0,STRONG CONVERGENCE
12564,Rowan Marshall,st_kilda,61.0,6.068027878973185,33,12.62342801365396,6.11,61.0,,,,,9.345727946313573,6.5554001346807755,1,6.11,6.11,6.11,0.0,Wheelo benchmark,3.235727946313573,52.0,PRODUCTION + EXTERNAL AGREE
12573,Josh Daicos,collingwood,62.0,6.022016738321149,122,1.8478065730441475,5.314,66.0,,,,,3.9349116556826482,4.174210165277001,1,5.314,5.314,5.314,0.0,Wheelo benchmark,-1.3790883443173518,58.0,PRODUCTION + EXTERNAL AGREE
12455,Matthew Kennedy,western_bulldogs,63.0,5.978983154156965,61,5.213226822072692,4.205,78.0,,,,,5.596104988114829,0.7657563320842726,1,4.205,4.205,4.205,0.0,Wheelo benchmark,1.3911049881148285,72.0,STRONG CONVERGENCE
12968,Kai Lohmann,brisbane_lions,64.0,5.953113016917809,110,2.1254182291583814,5.308999999999999,67.0,,,1.0,38.0,4.039265623038095,3.827694787759427,2,3.1544999999999996,1.0,5.308999999999999,4.308999999999999,Wheelo + Betfair benchmark,0.8847656230380956,95.0,OBJECTIVE + EXTERNAL AGREE
12237,Jarman Impey,hawthorn,65.0,5.917418250273903,84,3.3055558950793773,7.035,49.0,,,,,4.61148707267664,2.6118623551945253,1,7.035,7.035,7.035,0.0,Wheelo benchmark,-2.42351292732336,43.0,PRODUCTION + EXTERNAL AGREE
12060,Bradley Hill,st_kilda,66.0,5.756092104900636,178,1.0098683260319514,4.297000000000001,77.0,,,,,3.382980215466294,4.746223778868685,1,4.297000000000001,4.297000000000001,4.297000000000001,0.0,Wheelo benchmark,-0.9140197845337066,71.0,PRODUCTION + EXTERNAL AGREE
13168,Archie Roberts,essendon,67.0,5.752864061780644,156,1.2486378614164897,4.083,80.0,,,,,3.500750961598567,4.504226200364155,1,4.083,4.083,4.083,0.0,Wheelo benchmark,-0.5822490384014332,74.0,PRODUCTION + EXTERNAL AGREE
12711,Justin McInerney,sydney,68.0,5.665033737434507,62,5.022454216167893,6.016,63.0,,,,,5.3437439768012,0.6425795212666143,1,6.016,6.016,6.016,0.0,Wheelo benchmark,-0.6722560231988002,53.0,STRONG CONVERGENCE
12368,Jack Steele,melbourne,69.0,5.6498584908884855,44,8.639856464179244,5.432,65.0,,,,,7.144857477533865,2.989997973290759,1,5.432,5.432,5.432,0.0,Wheelo benchmark,1.7128574775338645,57.0,PRODUCTION + EXTERNAL AGREE
12373,Caleb Daniel,north_melbourne,70.0,5.601975931962434,146,1.382818316460376,4.793,71.0,,,,,3.492397124211405,4.219157615502057,1,4.793,4.793,4.793,0.0,Wheelo benchmark,-1.300602875788595,64.0,PRODUCTION + EXTERNAL AGREE
12788,Tristan Xerri,north_melbourne,71.0,5.400411651102979,28,15.18870249857004,3.3320000000000003,97.0,,,,,10.29455707483651,9.78829084746706,1,3.3320000000000003,3.3320000000000003,3.3320000000000003,0.0,Wheelo benchmark,6.962557074836509,91.0,HIGH DISAGREEMENT
13274,Jagga Smith,carlton,72.0,5.377139826373654,54,6.3564203692742085,8.096,47.0,,,,,5.866780097823931,0.9792805429005549,1,8.096,8.096,8.096,0.0,Wheelo benchmark,-2.2292199021760695,40.0,STRONG CONVERGENCE
12660,Darcy Cameron,collingwood,73.0,5.296368052262842,49,7.916561752163656,4.578,73.0,,,,,6.606464902213249,2.620193699900814,1,4.578,4.578,4.578,0.0,Wheelo benchmark,2.0284649022132486,66.0,PRODUCTION + EXTERNAL AGREE
11713,Taylor Walker,adelaide,74.0,5.113650499994079,169,1.0721031918822188,4.003,83.0,,,1.0,38.0,3.092876845938149,4.04154730811186,2,2.5015,1.0,4.003,3.003,Wheelo + Betfair benchmark,0.5913768459381488,116.0,OBJECTIVE + EXTERNAL AGREE
12143,Lachie Whitfield,greater_western_sydney,75.0,5.101452317931934,129,1.7098936344055446,4.943,70.0,,,,,3.4056729761687397,3.3915586835263896,1,4.943,4.943,4.943,0.0,Wheelo benchmark,-1.53732702383126,63.0,PRODUCTION + EXTERNAL AGREE
12017,Jeremy Cameron,geelong,76.0,4.84892598383332,138,1.473929384503646,4.475,75.0,,,,,3.161427684168483,3.374996599329674,1,4.475,4.475,4.475,0.0,Wheelo benchmark,-1.3135723158315167,69.0,PRODUCTION + EXTERNAL AGREE
12405,Wayne Milera,adelaide,77.0,4.598133486288159,91,3.084524582793536,6.144,60.0,,,1.0,38.0,3.8413290345408475,1.5136089034946227,2,3.572,1.0,6.144,5.144,Wheelo + Betfair benchmark,0.26932903454084745,81.0,STRONG CONVERGENCE
12318,Jordan de Goey,collingwood,78.0,4.57600737027686,46,8.078544984308962,6.175,59.0,,,,,6.327276177292911,3.502537614032102,1,6.175,6.175,6.175,0.0,Wheelo benchmark,0.15227617729291154,51.0,HIGH DISAGREEMENT
12892,Riley Thilthorpe,adelaide,79.0,4.357213004403344,65,4.559742263014145,3.359,95.0,,,,,4.458477633708744,0.2025292586108005,1,3.359,3.359,3.359,0.0,Wheelo benchmark,1.0994776337087444,89.0,STRONG CONVERGENCE
4182,Scott Pendlebury,collingwood,80.0,4.299605843074206,70,4.269567240941584,3.454,92.0,,,,,4.2845865420078955,0.030038602132621328,1,3.454,3.454,3.454,0.0,Wheelo benchmark,0.8305865420078953,87.0,STRONG CONVERGENCE
12594,Aaron Naughton,western_bulldogs,81.0,4.180047893183389,174,1.02791615241142,3.722,87.0,,,2.0,22.0,2.603982022797404,3.152131740771969,2,2.8609999999999998,2.0,3.722,1.722,Wheelo + Betfair benchmark,-0.25701797720259556,104.0,HIGH DISAGREEMENT
12354,Bailey Dale,western_bulldogs,82.0,4.152799429478224,143,1.4191888443935767,3.471,90.0,,,,,2.7859941369359,2.733610585084647,1,3.471,3.471,3.471,0.0,Wheelo benchmark,-0.6850058630641,85.0,PRODUCTION + EXTERNAL AGREE
11953,Luke Parker,north_melbourne,83.0,4.010073470325814,181,0.9763287264228095,2.6189999999999998,113.0,,,3.0,9.0,2.493201098374312,3.0337447439030045,2,2.8095,2.6189999999999998,3.0,0.3810000000000002,Wheelo + Betfair benchmark,-0.3162989016256881,108.0,HIGH DISAGREEMENT
12766,Mitch Georgiades,port_adelaide,84.0,3.957787014628968,115,2.003387748919768,3.143,101.0,,,,,2.980587381774368,1.9543992657092,1,3.143,3.143,3.143,0.0,Wheelo benchmark,-0.1624126182256318,96.0,STRONG CONVERGENCE
12927,Jack Ginnivan,hawthorn,85.0,3.957153993167319,92,3.005894801329993,2.832,108.0,,,,,3.481524397248656,0.9512591918373259,1,2.832,2.832,2.832,0.0,Wheelo benchmark,0.6495243972486562,106.0,STRONG CONVERGENCE
12955,Josh Ward,hawthorn,86.0,3.916364684678816,52,6.606467515107939,6.307,57.0,,,,,5.261416099893378,2.690102830429123,1,6.307,6.307,6.307,0.0,Wheelo benchmark,-1.0455839001066227,49.0,OBJECTIVE + EXTERNAL AGREE
12992,Shannon Neale,geelong,87.0,3.846430449800773,117,1.9462774460124848,3.476,89.0,,,,,2.8963539479066287,1.900153003788288,1,3.476,3.476,3.476,0.0,Wheelo benchmark,-0.5796460520933713,84.0,STRONG CONVERGENCE
12469,Blake Hardwick,hawthorn,88.0,3.707969935987067,177,1.0159678350210022,2.8329999999999997,107.0,,,,,2.3619688855040346,2.6920021009660644,1,2.8329999999999997,2.8329999999999997,2.8329999999999997,0.0,Wheelo benchmark,-0.47103111449596513,105.0,HIGH DISAGREEMENT
12728,Ben King,gold_coast,89.0,3.680137796656106,253,0.4084416618542447,3.471,90.0,,,,,2.0442897292551754,3.2716961348018616,1,3.471,3.471,3.471,0.0,Wheelo benchmark,-1.4267102707448247,85.0,PRODUCTION + EXTERNAL AGREE
13007,Jase Burgoyne,port_adelaide,90.0,3.5279163150869963,56,6.138989805902835,2.574,114.0,,,,,4.833453060494915,2.6110734908158384,1,2.574,2.574,2.574,0.0,Wheelo benchmark,2.2594530604949155,113.0,PRODUCTION + EXTERNAL AGREE
12975,Paul Curtis,north_melbourne,91.0,3.50614369168211,136,1.514014357933112,3.7809999999999997,86.0,,,,,2.5100790248076112,1.992129333748998,1,3.7809999999999997,3.7809999999999997,3.7809999999999997,0.0,Wheelo benchmark,-1.2709209751923884,79.0,STRONG CONVERGENCE
12584,Darcy Fogarty,adelaide,92.0,3.43184418059906,127,1.7509355146377057,3.3799999999999994,94.0,,,2.0,22.0,2.591389847618383,1.6809086659613544,2,2.6899999999999995,2.0,3.3799999999999994,1.3799999999999994,Wheelo + Betfair benchmark,-0.09861015238161652,110.0,STRONG CONVERGENCE
12794,Will Day,hawthorn,93.0,3.2615181577183647,64,4.802840196662826,4.029999999999999,82.0,,,2.0,22.0,4.032179177190596,1.5413220389444615,2,3.0149999999999997,2.0,4.029999999999999,2.0299999999999994,Wheelo + Betfair benchmark,1.017179177190596,100.0,STRONG CONVERGENCE
12406,Darcy Parish,essendon,94.0,3.2520861861454007,57,6.11268446903832,4.565,74.0,,,,,4.68238532759186,2.8605982828929193,1,4.565,4.565,4.565,0.0,Wheelo benchmark,0.11738532759185993,67.0,HIGH DISAGREEMENT
12756,Kade Chandler,melbourne,95.0,3.123420030246905,140,1.4680802460645483,4.047,81.0,,,,,2.295750138155727,1.6553397841823565,1,4.047,4.047,4.047,0.0,Wheelo benchmark,-1.751249861844273,75.0,STRONG CONVERGENCE
12636,Mitch Lewis,hawthorn,96.0,3.1082069918695643,99,2.6712347547686086,2.122,127.0,,,,,2.8897208733190864,0.4369722371009557,1,2.122,2.122,2.122,0.0,Wheelo benchmark,0.7677208733190866,123.0,STRONG CONVERGENCE
12332,James Sicily,hawthorn,97.0,3.1077112885107825,105,2.210794730103785,3.2760000000000002,98.0,,,,,2.6592530093072835,0.8969165584069976,1,3.2760000000000002,3.2760000000000002,3.2760000000000002,0.0,Wheelo benchmark,-0.6167469906927168,92.0,STRONG CONVERGENCE
12325,Jack Sinclair,st_kilda,98.0,3.1045517115636523,95,2.8149192192651027,3.057,103.0,,,3.0,9.0,2.9597354654143775,0.2896324922985496,2,3.0285,3.0,3.057,0.05699999999999994,Wheelo + Betfair benchmark,-0.0687645345856227,99.0,STRONG CONVERGENCE
12934,James Peatling,adelaide,99.0,3.077383429342284,68,4.4320547568373785,2.051,128.0,,,,,3.7547190930898315,1.3546713274950943,1,2.051,2.051,2.051,0.0,Wheelo benchmark,1.7037190930898314,125.0,STRONG CONVERGENCE
12796,Dylan Stephens,north_melbourne,100.0,3.021880560534804,162,1.1355123672690597,1.0939999999999999,175.0,,,,,2.078696463901932,1.8863681932657441,1,1.0939999999999999,1.0939999999999999,1.0939999999999999,0.0,Wheelo benchmark,0.984696463901932,175.0,STRONG CONVERGENCE
12076,Dayne Zorko,brisbane_lions,101.0,2.9699825931264154,147,1.371877762565817,2.162,124.0,,,1.0,38.0,2.1709301778461163,1.5981048305605985,2,1.581,1.0,2.162,1.162,Wheelo + Betfair benchmark,0.5899301778461163,144.0,STRONG CONVERGENCE
12595,Tim Kelly,west_coast,102.0,2.8787756796389834,55,6.312494557531774,3.8009999999999997,85.0,,,,,4.5956351185853785,3.4337188778927903,1,3.8009999999999997,3.8009999999999997,3.8009999999999997,0.0,Wheelo benchmark,0.7946351185853788,78.0,PRODUCTION + EXTERNAL AGREE
12601,Jake Waterman,west_coast,103.0,2.847813283029821,149,1.326028219783721,2.393,118.0,,,,,2.0869207514067707,1.5217850632460999,1,2.393,2.393,2.393,0.0,Wheelo benchmark,-0.3060792485932291,118.0,STRONG CONVERGENCE
12844,Joel Amartey,sydney,104.0,2.83451857491108,163,1.1348935193102705,2.6430000000000002,112.0,,,3.0,9.0,1.9847060471106754,1.6996250556008097,2,2.8215000000000003,2.6430000000000002,3.0,0.35699999999999976,Wheelo + Betfair benchmark,-0.8367939528893249,107.0,STRONG CONVERGENCE
12688,Jordan Clark,fremantle,105.0,2.831977318605316,119,1.8965013973222176,1.9609999999999999,131.0,,,,,2.3642393579637666,0.9354759212830985,1,1.9609999999999999,1.9609999999999999,1.9609999999999999,0.0,Wheelo benchmark,0.40323935796376675,128.0,STRONG CONVERGENCE
12686,Noah Balta,richmond,106.0,2.830762032954881,69,4.327089355265722,2.678,111.0,,,,,3.5789256941103016,1.4963273223108406,1,2.678,2.678,2.678,0.0,Wheelo benchmark,0.9009256941103017,112.0,STRONG CONVERGENCE
13184,Harvey Langford,melbourne,107.0,2.8153844272750086,126,1.7698094177210169,2.4299999999999997,117.0,,,,,2.2925969224980127,1.0455750095539917,1,2.4299999999999997,2.4299999999999997,2.4299999999999997,0.0,Wheelo benchmark,-0.137403077501987,117.0,STRONG CONVERGENCE
11700,Patrick Dangerfield,geelong,108.0,2.757001682786188,83,3.321193536203684,3.265,99.0,,,,,3.0390976094949362,0.5641918534174963,1,3.265,3.265,3.265,0.0,Wheelo benchmark,-0.2259023905050639,93.0,STRONG CONVERGENCE
12703,Callum Wilkie,st_kilda,109.0,2.716874161829048,164,1.1273060702050617,4.681,72.0,,,,,1.922090116017055,1.5895680916239865,1,4.681,4.681,4.681,0.0,Wheelo benchmark,-2.758909883982945,65.0,STRONG CONVERGENCE
12710,Dylan Moore,hawthorn,110.0,2.6327538025938555,111,2.118186526369612,1.326,160.0,,,2.0,22.0,2.375470164481734,0.5145672762242435,2,1.663,1.326,2.0,0.6739999999999999,Wheelo + Betfair benchmark,0.712470164481734,138.0,STRONG CONVERGENCE
12563,Nick Larkey,north_melbourne,111.0,2.604318732477586,125,1.7837878903160314,1.793,138.0,,,2.0,22.0,2.1940533113968086,0.8205308421615545,2,1.8965,1.793,2.0,0.20700000000000007,Wheelo + Betfair benchmark,0.2975533113968085,130.0,STRONG CONVERGENCE
13140,Joel Freijah,western_bulldogs,112.0,2.5076788593743355,74,4.046808216346948,2.852,106.0,,,3.0,9.0,3.2772435378606417,1.5391293569726123,2,2.926,2.852,3.0,0.14800000000000013,Wheelo + Betfair benchmark,0.35124353786064155,102.0,STRONG CONVERGENCE
13103,Ryley Sanders,western_bulldogs,113.0,2.4894195311045606,107,2.152976056565452,2.685,110.0,,,,,2.3211977938350064,0.3364434745391085,1,2.685,2.685,2.685,0.0,Wheelo benchmark,-0.3638022061649937,111.0,STRONG CONVERGENCE
12566,Harry McKay,carlton,114.0,2.477538950152071,66,4.47113475690953,3.109,102.0,,,,,3.4743368535308004,1.993595806757459,1,3.109,3.109,3.109,0.0,Wheelo benchmark,0.36533685353080037,97.0,STRONG CONVERGENCE
12519,Jarrod Berry,brisbane_lions,115.0,2.437950714996892,151,1.3141333487607685,2.163,123.0,,,2.0,22.0,1.8760420318788302,1.1238173662361237,2,2.0815,2.0,2.163,0.1629999999999998,Wheelo + Betfair benchmark,-0.2054579681211699,124.0,STRONG CONVERGENCE
12925,Sam Durham,essendon,116.0,2.4297129732227774,47,8.015541923594325,4.154,79.0,,,2.0,22.0,5.222627448408551,5.585828950371548,2,3.077,2.0,4.154,2.154,Wheelo + Betfair benchmark,2.1456274484085514,98.0,PRODUCTION + EXTERNAL AGREE
12600,Liam Ryan,st_kilda,117.0,2.3708791566038467,229,0.5404225119676523,3.3499999999999996,96.0,,,,,1.4556508342857495,1.8304566446361945,1,3.3499999999999996,3.3499999999999996,3.3499999999999996,0.0,Wheelo benchmark,-1.8943491657142502,90.0,STRONG CONVERGENCE
12931,Jake Bowey,melbourne,118.0,2.35858432630124,225,0.5784087151309124,1.635,142.0,,,,,1.468496520716076,1.7801756111703275,1,1.635,1.635,1.635,0.0,Wheelo benchmark,-0.16650347928392395,139.0,STRONG CONVERGENCE
12412,Tom Papley,sydney,119.0,2.332088613370003,131,1.6926508580676638,2.15,125.0,,,1.0,38.0,2.0123697357188335,0.6394377553023392,2,1.575,1.0,2.15,1.15,Wheelo + Betfair benchmark,0.43736973571883353,145.0,STRONG CONVERGENCE
13026,Darcy Wilmot,brisbane_lions,120.0,2.3213582959079804,157,1.2180039179564086,2.745,109.0,,,,,1.7696811069321945,1.1033543779515718,1,2.745,2.745,2.745,0.0,Wheelo benchmark,-0.9753188930678056,109.0,STRONG CONVERGENCE
12165,Rory Laird,adelaide,121.0,2.305705440082743,236,0.4998479269750515,1.5490000000000002,147.0,,,,,1.402776683528897,1.8058575131076913,1,1.5490000000000002,1.5490000000000002,1.5490000000000002,0.0,Wheelo benchmark,-0.1462233164711031,147.0,STRONG CONVERGENCE
13041,Bodhi Uwland,gold_coast,122.0,2.285241523050704,190,0.8783278093416916,3.987,84.0,,,,,1.5817846661961978,1.4069137137090126,1,3.987,3.987,3.987,0.0,Wheelo benchmark,-2.4052153338038025,76.0,STRONG CONVERGENCE
12890,Jordon Sweet,port_adelaide,123.0,2.27712175255765,50,7.563735740958569,1.123,173.0,,,,,4.920428746758109,5.2866139884009185,1,1.123,1.123,1.123,0.0,Wheelo benchmark,3.7974287467581087,173.0,PRODUCTION + EXTERNAL AGREE
12836,Bailey Williams,west_coast,124.0,2.2444069409675635,59,5.577032601034906,,,,,,,3.9107197710012347,3.3326256600673427,0,,,,,insufficient external data,,,INSUFFICIENT EXTERNAL DATA
11898,Tom Liberatore,western_bulldogs,125.0,2.241730540455883,101,2.6244323621235144,1.9569999999999999,132.0,,,1.0,38.0,2.4330814512896985,0.3827018216676312,2,1.4785,1.0,1.9569999999999999,0.9569999999999999,Wheelo + Betfair benchmark,0.9545814512896986,153.0,STRONG CONVERGENCE
13075,Karl Worner,fremantle,126.0,2.1664154416100696,204,0.7436317897049769,2.286,120.0,,,,,1.4550236156575234,1.4227836519050927,1,2.286,2.286,2.286,0.0,Wheelo benchmark,-0.8309763843424767,120.0,STRONG CONVERGENCE
13110,Darcy Wilson,st_kilda,127.0,2.1303680514392487,155,1.2490482098446896,1.032,182.0,,,,,1.6897081306419692,0.8813198415945591,1,1.032,1.032,1.032,0.0,Wheelo benchmark,0.6577081306419692,182.0,STRONG CONVERGENCE
12497,Oliver Florent,carlton,128.0,2.096949124375316,197,0.7895251751619816,1.78,139.0,,,,,1.443237149768649,1.3074239492133346,1,1.78,1.78,1.78,0.0,Wheelo benchmark,-0.3367628502313511,135.0,STRONG CONVERGENCE
13160,Lawson Humphries,geelong,129.0,2.07372630123351,186,0.9323291810386884,1.953,133.0,,,,,1.503027741136099,1.1413971201948214,1,1.953,1.953,1.953,0.0,Wheelo benchmark,-0.449972258863901,129.0,STRONG CONVERGENCE
12903,Malcolm Rosas,sydney,130.0,2.050489861206495,386,0.0842082016082564,2.8619999999999997,105.0,,,,,1.0673490314073757,1.9662816595982384,1,2.8619999999999997,2.8619999999999997,2.8619999999999997,0.0,Wheelo benchmark,-1.794650968592624,103.0,STRONG CONVERGENCE
12871,Tanner Bruhn,geelong,131.0,2.0456616557448912,167,1.0863577392567558,3.407,93.0,,,,,1.5660096975008235,0.9593039164881354,1,3.407,3.407,3.407,0.0,Wheelo benchmark,-1.8409903024991765,88.0,STRONG CONVERGENCE
12598,Bayley Fritsch,melbourne,132.0,1.983153052940612,159,1.1706669323326075,1.615,144.0,,,,,1.57690999263661,0.8124861206080045,1,1.615,1.615,1.615,0.0,Wheelo benchmark,-0.03809000736339008,141.0,STRONG CONVERGENCE
13240,Tom McCarthy,west_coast,133.0,1.9799153064198785,144,1.3910238828013448,1.002,185.0,,,,,1.6854695946106117,0.5888914236185336,1,1.002,1.002,1.002,0.0,Wheelo benchmark,0.6834695946106117,185.0,STRONG CONVERGENCE
12873,Francis Evans,carlton,134.0,1.9753400129193608,182,0.9529503969783087,1.842,136.0,,,,,1.4641452049488348,1.022389615941052,1,1.842,1.842,1.842,0.0,Wheelo benchmark,-0.37785479505116526,133.0,STRONG CONVERGENCE
12502,Jy Simpkin,north_melbourne,135.0,1.935717208877207,88,3.174868139513244,2.539,115.0,,,,,2.5552926741952255,1.239150930636037,1,2.539,2.539,2.539,0.0,Wheelo benchmark,0.0162926741952254,114.0,STRONG CONVERGENCE
12418,Jayden Short,richmond,136.0,1.9199475854622328,244,0.4599559595380793,0.724,207.0,,,,,1.189951772500156,1.4599916259241534,1,0.724,0.724,0.724,0.0,Wheelo benchmark,0.46595177250015607,207.0,STRONG CONVERGENCE
12495,Dan Houston,collingwood,137.0,1.8818153305365213,166,1.0963381743077365,2.202,122.0,,,,,1.489076752422129,0.7854771562287848,1,2.202,2.202,2.202,0.0,Wheelo benchmark,-0.7129232475778711,122.0,STRONG CONVERGENCE
12291,Daniel McStay,collingwood,138.0,1.8483740746090715,75,3.9983252021661375,2.951,104.0,,,,,2.9233496383876045,2.149951127557066,1,2.951,2.951,2.951,0.0,Wheelo benchmark,-0.027650361612395535,101.0,HIGH DISAGREEMENT
13139,Joe Richards,port_adelaide,139.0,1.789999989041206,76,3.9220070299599183,1.587,146.0,,,,,2.856003509500562,2.1320070409187126,1,1.587,1.587,1.587,0.0,Wheelo benchmark,1.269003509500562,143.0,PRODUCTION + EXTERNAL AGREE
13197,Levi Ashcroft,brisbane_lions,140.0,1.778431059749802,196,0.8010301749090222,1.13,172.0,,,,,1.289730617329412,0.9774008848407799,1,1.13,1.13,1.13,0.0,Wheelo benchmark,0.15973061732941218,172.0,STRONG CONVERGENCE
13047,Matthew Johnson,fremantle,141.0,1.7699003274134573,102,2.365275627375212,2.515,116.0,,,,,2.0675879773943344,0.5953752999617545,1,2.515,2.515,2.515,0.0,Wheelo benchmark,-0.4474120226056657,115.0,STRONG CONVERGENCE
12690,Tom Atkins,geelong,142.0,1.763356143635349,90,3.12476183821912,1.46,154.0,,,,,2.4440589909272346,1.3614056945837707,1,1.46,1.46,1.46,0.0,Wheelo benchmark,0.9840589909272346,155.0,STRONG CONVERGENCE
12937,Brodie Kemp,carlton,143.0,1.7601884193709822,276,0.2990359395745701,1.198,166.0,,,,,1.0296121794727762,1.4611524797964122,1,1.198,1.198,1.198,0.0,Wheelo benchmark,-0.16838782052722379,165.0,STRONG CONVERGENCE
12408,Josh Dunkley,brisbane_lions,144.0,1.7458606360967093,113,2.036168496640497,1.802,137.0,,,,,1.8910145663686033,0.2903078605437879,1,1.802,1.802,1.802,0.0,Wheelo benchmark,0.08901456636860328,134.0,STRONG CONVERGENCE
12393,Ed Langdon,melbourne,145.0,1.7369394298980831,246,0.4520110866756583,0.887,193.0,,,,,1.0944752582868706,1.2849283432224248,1,0.887,0.887,0.887,0.0,Wheelo benchmark,0.20747525828687063,194.0,STRONG CONVERGENCE
12653,Harry Petty,melbourne,146.0,1.7021214948864651,94,2.917116108842678,1.207,165.0,,,,,2.3096188018645716,1.2149946139562129,1,1.207,1.207,1.207,0.0,Wheelo benchmark,1.1026188018645715,164.0,STRONG CONVERGENCE
12300,Tim Membrey,collingwood,147.0,1.6639805515773507,161,1.1434916922494107,1.101,174.0,,,,,1.4037361219133806,0.52048885932794,1,1.101,1.101,1.101,0.0,Wheelo benchmark,0.3027361219133806,174.0,STRONG CONVERGENCE
12061,Jack Crisp,collingwood,148.0,1.653583464247575,118,1.904729979386896,1.475,153.0,,,,,1.7791567218172355,0.25114651513932085,1,1.475,1.475,1.475,0.0,Wheelo benchmark,0.3041567218172354,154.0,STRONG CONVERGENCE
13031,Cam Mackenzie,hawthorn,149.0,1.649187133336161,96,2.8046790516868003,3.493,88.0,,,,,2.2269330925114805,1.1554919183506394,1,3.493,3.493,3.493,0.0,Wheelo benchmark,-1.2660669074885194,83.0,STRONG CONVERGENCE
12028,Stephen Coniglio,greater_western_sydney,150.0,1.6333958981401784,135,1.5683223266536297,2.003,130.0,,,,,1.600859112396904,0.06507357148654869,1,2.003,2.003,2.003,0.0,Wheelo benchmark,-0.4021408876030961,127.0,STRONG CONVERGENCE
13107,Colby McKercher,north_melbourne,151.0,1.6315137784622835,304,0.2087567157769854,1.632,143.0,,,,,0.9201352471196345,1.4227570626852981,1,1.632,1.632,1.632,0.0,Wheelo benchmark,-0.7118647528803654,140.0,STRONG CONVERGENCE
12851,Oliver Henry,geelong,152.0,1.5978464085050748,183,0.9454146946161798,1.1589999999999998,171.0,,,,,1.2716305515606272,0.652431713888895,1,1.1589999999999998,1.1589999999999998,1.1589999999999998,0.0,Wheelo benchmark,0.1126305515606274,170.0,STRONG CONVERGENCE
12417,Marc Pittonet,carlton,153.0,1.5845795839717458,93,2.928778505676422,1.4999999999999998,151.0,,,,,2.256679044824084,1.3441989217046761,1,1.4999999999999998,1.4999999999999998,1.4999999999999998,0.0,Wheelo benchmark,0.7566790448240843,151.0,STRONG CONVERGENCE
12150,Ollie Wines,port_adelaide,154.0,1.5752596978793472,77,3.836191898804382,1.8789999999999998,135.0,,,,,2.7057257983418648,2.2609322009250348,1,1.8789999999999998,1.8789999999999998,1.8789999999999998,0.0,Wheelo benchmark,0.826725798341865,132.0,HIGH DISAGREEMENT
12433,Aliir Aliir,port_adelaide,155.0,1.5703000920947223,248,0.4352318142579651,3.1910000000000003,100.0,,,,,1.0027659531763438,1.1350682778367571,1,3.1910000000000003,3.1910000000000003,3.1910000000000003,0.0,Wheelo benchmark,-2.1882340468236565,94.0,STRONG CONVERGENCE
12505,Tom Stewart,geelong,156.0,1.523082104567486,194,0.8242298443308158,2.0220000000000002,129.0,,,,,1.1736559744491508,0.6988522602366702,1,2.0220000000000002,2.0220000000000002,2.0220000000000002,0.0,Wheelo benchmark,-0.8483440255508494,126.0,STRONG CONVERGENCE
12948,Mitch Owens,st_kilda,157.0,1.522936212433608,141,1.4433772366356494,1.435,156.0,,,,,1.4831567245346289,0.07955897579795868,1,1.435,1.435,1.435,0.0,Wheelo benchmark,0.048156724534628825,158.0,STRONG CONVERGENCE
12518,Hugh McCluggage,brisbane_lions,158.0,1.5084926591758736,87,3.223796455823387,2.269,121.0,,,,,2.3661445574996303,1.7153037966475135,1,2.269,2.269,2.269,0.0,Wheelo benchmark,0.09714455749963014,121.0,STRONG CONVERGENCE
12498,Ben Ainsworth,carlton,159.0,1.470059030827088,148,1.3446920027481364,1.237,162.0,,,,,1.4073755167876123,0.12536702807895161,1,1.237,1.237,1.237,0.0,Wheelo benchmark,0.1703755167876122,161.0,STRONG CONVERGENCE
12485,Mabior Chol,hawthorn,160.0,1.4329048986009048,112,2.1065480002718155,0.443,239.0,,,,,1.76972644943636,0.6736431016709108,1,0.443,0.443,0.443,0.0,Wheelo benchmark,1.32672644943636,241.0,STRONG CONVERGENCE
12609,Jack Higgins,st_kilda,161.0,1.423923059549108,336,0.1441942373423262,1.1889999999999998,167.0,,,,,0.784058648445717,1.2797288222067817,1,1.1889999999999998,1.1889999999999998,1.1889999999999998,0.0,Wheelo benchmark,-0.4049413515542828,166.0,STRONG CONVERGENCE
13148,Nate Caddy,essendon,162.0,1.3810357564093043,235,0.5036865172278737,1.896,134.0,,,,,0.942361136818589,0.8773492391814306,1,1.896,1.896,1.896,0.0,Wheelo benchmark,-0.9536388631814109,131.0,STRONG CONVERGENCE
12777,Hayden Young,fremantle,163.0,1.3448180161532433,121,1.8601798174355784,1.7109999999999999,141.0,,,,,1.6024989167944108,0.5153618012823351,1,1.7109999999999999,1.7109999999999999,1.7109999999999999,0.0,Wheelo benchmark,-0.10850108320558904,137.0,STRONG CONVERGENCE
12542,Luke Ryan,fremantle,164.0,1.3445380996544265,206,0.7265958504252212,1.5270000000000001,149.0,,,,,1.0355669750398238,0.6179422492292053,1,1.5270000000000001,1.5270000000000001,1.5270000000000001,0.0,Wheelo benchmark,-0.4914330249601764,149.0,STRONG CONVERGENCE
11905,Jack Darling,north_melbourne,165.0,1.2883249461916193,160,1.143966498584359,0.9740000000000001,187.0,,,,,1.216145722387989,0.14435844760726035,1,0.9740000000000001,0.9740000000000001,0.9740000000000001,0.0,Wheelo benchmark,0.24214572238798893,187.0,STRONG CONVERGENCE
12413,Callum Mills,sydney,166.0,1.280013065865255,217,0.6460746366079317,1.53,148.0,,,,,0.9630438512365934,0.6339384292573234,1,1.53,1.53,1.53,0.0,Wheelo benchmark,-0.5669561487634066,148.0,STRONG CONVERGENCE
12912,Josh Worrell,adelaide,167.0,1.2676105825924344,247,0.4404692432816552,0.845,198.0,,,,,0.8540399129370448,0.8271413393107792,1,0.845,0.845,0.845,0.0,Wheelo benchmark,0.00903991293704487,198.0,STRONG CONVERGENCE
12509,Will Hayward,carlton,168.0,1.261755828582014,201,0.7703658726145006,0.48,234.0,,,,,1.0160608505982573,0.49138995596751345,1,0.48,0.48,0.48,0.0,Wheelo benchmark,0.5360608505982574,236.0,STRONG CONVERGENCE
12558,Josh Battle,hawthorn,169.0,1.2427679461309404,226,0.5748182903528782,1.0610000000000002,177.0,,,,,0.9087931182419093,0.6679496557780622,1,1.0610000000000002,1.0610000000000002,1.0610000000000002,0.0,Wheelo benchmark,-0.15220688175809083,177.0,STRONG CONVERGENCE
12824,Sam Flanders,st_kilda,170.0,1.2257547835860567,220,0.6242350692563222,1.067,176.0,,,,,0.9249949264211894,0.6015197143297345,1,1.067,1.067,1.067,0.0,Wheelo benchmark,-0.14200507357881054,176.0,STRONG CONVERGENCE
12403,Daniel Rioli,gold_coast,171.0,1.2226975070145158,328,0.1586282150291941,1.484,152.0,,,,,0.690662861021855,1.0640692919853216,1,1.484,1.484,1.484,0.0,Wheelo benchmark,-0.793337138978145,152.0,STRONG CONVERGENCE
12441,Bailey Williams,western_bulldogs,172.0,1.2165114562525914,294,0.2368446635023098,1.437,155.0,,,,,0.7266780598774506,0.9796667927502816,1,1.437,1.437,1.437,0.0,Wheelo benchmark,-0.7103219401225495,157.0,STRONG CONVERGENCE
12166,Jack Macrae,st_kilda,173.0,1.209614039152945,98,2.6869166312603423,0.6739999999999999,214.0,,,,,1.9482653352066437,1.4773025921073972,1,0.6739999999999999,0.6739999999999999,0.6739999999999999,0.0,Wheelo benchmark,1.2742653352066438,215.0,STRONG CONVERGENCE
12567,Will Setterfield,essendon,174.0,1.1954314237564985,63,5.0107812171638,0.931,190.0,,,,,3.1031063204601494,3.815349793407302,1,0.931,0.931,0.931,0.0,Wheelo benchmark,2.1721063204601494,190.0,PRODUCTION + EXTERNAL AGREE
12357,Karl Amon,hawthorn,175.0,1.1646595150369978,264,0.3438104481371307,0.752,205.0,,,,,0.7542349815870643,0.8208490668998671,1,0.752,0.752,0.752,0.0,Wheelo benchmark,0.0022349815870642553,205.0,STRONG CONVERGENCE
13101,Harvey Thomas,greater_western_sydney,176.0,1.1302430136077106,128,1.7127386417852115,0.72,208.0,,,,,1.421490827696461,0.5824956281775009,1,0.72,0.72,0.72,0.0,Wheelo benchmark,0.7014908276964611,208.0,STRONG CONVERGENCE
12578,Patrick Lipinski,collingwood,177.0,1.0980380162375036,228,0.564053754503173,0.467,237.0,,,,,0.8310458853703383,0.5339842617343307,1,0.467,0.467,0.467,0.0,Wheelo benchmark,0.3640458853703383,239.0,STRONG CONVERGENCE
13022,Jai Serong,sydney,178.0,1.0696026054403749,191,0.8764967054908755,0.634,220.0,,,,,0.9730496554656252,0.19310589994949934,1,0.634,0.634,0.634,0.0,Wheelo benchmark,0.33904965546562515,221.0,STRONG CONVERGENCE
12434,Ben Keays,adelaide,179.0,1.0694886362597629,210,0.6994206029200443,0.705,210.0,,,,,0.8844546195899036,0.3700680333397186,1,0.705,0.705,0.705,0.0,Wheelo benchmark,0.1794546195899036,210.0,STRONG CONVERGENCE
11751,Steele Sidebottom,collingwood,180.0,1.062818458638337,256,0.3864673269007096,0.9470000000000001,188.0,,,,,0.7246428927695232,0.6763511317376273,1,0.9470000000000001,0.9470000000000001,0.9470000000000001,0.0,Wheelo benchmark,-0.22235710723047686,188.0,STRONG CONVERGENCE
12998,Massimo DAmbrosio,hawthorn,181.0,1.0584148246146523,212,0.6582249849377401,0.6809999999999999,213.0,,,,,0.8583199047761962,0.40018983967691224,1,0.6809999999999999,0.6809999999999999,0.6809999999999999,0.0,Wheelo benchmark,0.1773199047761963,214.0,STRONG CONVERGENCE
12627,Tom McCartin,sydney,182.0,1.0440565596632272,200,0.7712460559335815,1.3900000000000001,158.0,,,1.5,35.0,0.9076513077984043,0.27281050372964566,2,1.445,1.3900000000000001,1.5,0.10999999999999988,Wheelo + Betfair benchmark,-0.5373486922015958,156.0,STRONG CONVERGENCE
12967,Marcus Windhager,st_kilda,183.0,1.038819748425937,142,1.422743395384716,0.558,225.0,,,,,1.2307815719053266,0.383923646958779,1,0.558,0.558,0.558,0.0,Wheelo benchmark,0.6727815719053265,227.0,STRONG CONVERGENCE
12801,Michael Frederick,fremantle,184.0,1.0351834445374182,297,0.2305144855706999,1.3880000000000001,159.0,,,,,0.6328489650540591,0.8046689589667183,1,1.3880000000000001,1.3880000000000001,1.3880000000000001,0.0,Wheelo benchmark,-0.755151034945941,160.0,STRONG CONVERGENCE
12856,Lloyd Meek,hawthorn,185.0,1.0277441187807863,108,2.144113609788373,1.012,183.0,,,,,1.5859288642845797,1.1163694910075868,1,1.012,1.012,1.012,0.0,Wheelo benchmark,0.5739288642845797,183.0,STRONG CONVERGENCE
13195,Riley Bice,sydney,186.0,0.990738752263348,234,0.5112674207007022,0.6890000000000001,211.0,,,,,0.7510030864820251,0.47947133156264576,1,0.6890000000000001,0.6890000000000001,0.6890000000000001,0.0,Wheelo benchmark,0.062003086482025016,212.0,STRONG CONVERGENCE
12714,James Rowbottom,sydney,187.0,0.9845577539670728,89,3.141698884977032,0.815,202.0,,,,,2.063128319472052,2.157141131009959,1,0.815,0.815,0.815,0.0,Wheelo benchmark,1.2481283194720523,202.0,PRODUCTION + EXTERNAL AGREE
12537,Tim English,western_bulldogs,188.0,0.965668690788818,189,0.9169484439959764,0.934,189.0,,,,,0.9413085673923972,0.04872024679284159,1,0.934,0.934,0.934,0.0,Wheelo benchmark,0.007308567392397158,189.0,STRONG CONVERGENCE
12966,Neil Erasmus,fremantle,189.0,0.9435794279699308,203,0.764529883913315,0.36700000000000005,250.0,,,,,0.8540546559416229,0.17904954405661577,1,0.36700000000000005,0.36700000000000005,0.36700000000000005,0.0,Wheelo benchmark,0.48705465594162284,251.0,STRONG CONVERGENCE
12153,Mark Blicavs,geelong,190.0,0.9375956454923806,123,1.812254749456164,1.165,169.0,,,,,1.3749251974742722,0.8746591039637834,1,1.165,1.165,1.165,0.0,Wheelo benchmark,0.20992519747427218,168.0,STRONG CONVERGENCE
13292,Willem Duursma,west_coast,191.0,0.9372250010269242,193,0.8471390949891835,0.522,229.0,,,,,0.8921820480080538,0.09008590603774069,1,0.522,0.522,0.522,0.0,Wheelo benchmark,0.37018204800805377,231.0,STRONG CONVERGENCE
12367,Alex Neal-Bullen,adelaide,192.0,0.8992350617686422,179,1.002832149784206,0.48600000000000004,233.0,,,,,0.9510336057764242,0.10359708801556389,1,0.48600000000000004,0.48600000000000004,0.48600000000000004,0.0,Wheelo benchmark,0.4650336057764241,235.0,STRONG CONVERGENCE
13049,Bailey Humphrey,gold_coast,193.0,0.8931138132665835,187,0.9304561746726298,1.3980000000000001,157.0,,,,,0.9117849939696065,0.0373423614060463,1,1.3980000000000001,1.3980000000000001,1.3980000000000001,0.0,Wheelo benchmark,-0.4862150060303936,159.0,STRONG CONVERGENCE
12366,Peter Wright,essendon,194.0,0.8734509252755674,73,4.1068176383798045,0.98,186.0,,,,,2.490134281827686,3.233366713104237,1,0.98,0.98,0.98,0.0,Wheelo benchmark,1.510134281827686,186.0,PRODUCTION + EXTERNAL AGREE
12268,Jake Lloyd,sydney,195.0,0.8540710124303288,278,0.2919378210942809,0.182,288.0,,,,,0.5730044167623048,0.5621331913360479,1,0.182,0.182,0.182,0.0,Wheelo benchmark,0.39100441676230485,288.0,STRONG CONVERGENCE
12899,Nick Bryan,essendon,196.0,0.849310662297465,188,0.9188187374674434,1.275,161.0,,,1.0,38.0,0.8840646998824542,0.06950807516997837,2,1.1375,1.0,1.275,0.2749999999999999,Wheelo + Betfair benchmark,-0.2534353001175458,171.0,STRONG CONVERGENCE
12422,Darcy Byrne-Jones,port_adelaide,197.0,0.8128735151411622,275,0.302974556487423,0.667,217.0,,,,,0.5579240358142926,0.5098989586537392,1,0.667,0.667,0.667,0.0,Wheelo benchmark,-0.10907596418570742,218.0,STRONG CONVERGENCE
12750,Connor Idun,greater_western_sydney,198.0,0.8124292741845452,252,0.410567077665176,0.644,219.0,,,,,0.6114981759248606,0.4018621965193693,1,0.644,0.644,0.644,0.0,Wheelo benchmark,-0.03250182407513946,220.0,STRONG CONVERGENCE
12664,Kane Farrell,port_adelaide,199.0,0.7858703266781228,170,1.071731017026081,0.508,231.0,,,,,0.9288006718521019,0.28586069034795814,1,0.508,0.508,0.508,0.0,Wheelo benchmark,0.4208006718521019,233.0,STRONG CONVERGENCE
12177,Jarrod Witts,gold_coast,200.0,0.7851698688553301,154,1.2562564615344454,0.8580000000000001,196.0,,,1.0,38.0,1.0207131651948878,0.47108659267911523,2,0.929,0.8580000000000001,1.0,0.1419999999999999,Wheelo + Betfair benchmark,0.0917131651948877,191.0,STRONG CONVERGENCE
12276,Blake Acres,carlton,201.0,0.7787811196330937,284,0.2675080908374037,0.308,259.0,,,,,0.5231446052352486,0.51127302879569,1,0.308,0.308,0.308,0.0,Wheelo benchmark,0.21514460523524864,260.0,STRONG CONVERGENCE
12996,Daniel Turner,melbourne,202.0,0.7714488021599978,353,0.1212168882567512,0.874,195.0,,,,,0.44633284520837446,0.6502319139032466,1,0.874,0.874,0.874,0.0,Wheelo benchmark,-0.42766715479162554,196.0,STRONG CONVERGENCE
12778,Trent Rivers,melbourne,203.0,0.7560886016802227,286,0.2596501071249329,0.411,246.0,,,,,0.5078693544025779,0.4964384945552898,1,0.411,0.411,0.411,0.0,Wheelo benchmark,0.09686935440257788,248.0,STRONG CONVERGENCE
12592,Cam Rayner,brisbane_lions,204.0,0.7493734936976747,199,0.7813874941432805,0.816,201.0,,,,,0.7653804939204776,0.03201400044560576,1,0.816,0.816,0.816,0.0,Wheelo benchmark,-0.05061950607952237,201.0,STRONG CONVERGENCE
12929,Cooper Sharman,st_kilda,205.0,0.7475014447066376,132,1.6892144727360787,0.746,206.0,,,,,1.2183579587213582,0.9417130280294411,1,0.746,0.746,0.746,0.0,Wheelo benchmark,0.4723579587213582,206.0,STRONG CONVERGENCE
13263,Cooper Trembath,north_melbourne,206.0,0.7387900801093488,145,1.3868129622983016,2.349,119.0,,,,,1.0628015212038253,0.6480228821889529,1,2.349,2.349,2.349,0.0,Wheelo benchmark,-1.2861984787961749,119.0,STRONG CONVERGENCE
13122,Connor OSullivan,geelong,207.0,0.7326070217813265,268,0.328819671576731,1.04,181.0,,,,,0.5307133466790288,0.40378735020459555,1,1.04,1.04,1.04,0.0,Wheelo benchmark,-0.5092866533209712,181.0,STRONG CONVERGENCE
12810,Sam Draper,brisbane_lions,208.0,0.7294357811614168,172,1.0494962640916636,0.67,216.0,,,,,0.8894660226265403,0.3200604829302468,1,0.67,0.67,0.67,0.0,Wheelo benchmark,0.21946602262654025,217.0,STRONG CONVERGENCE
12087,Elliot Yeo,west_coast,209.0,0.7259522776668033,106,2.192448321112217,0.819,199.0,,,,,1.4592002993895101,1.4664960434454137,1,0.819,0.819,0.819,0.0,Wheelo benchmark,0.6402002993895102,199.0,STRONG CONVERGENCE
13117,Kane McAuliffe,richmond,210.0,0.7218494635943681,269,0.3281240718941439,0.5680000000000001,224.0,,,,,0.524986767744256,0.3937253917002242,1,0.5680000000000001,0.5680000000000001,0.5680000000000001,0.0,Wheelo benchmark,-0.04301323225574405,226.0,STRONG CONVERGENCE
12619,James Worpel,geelong,211.0,0.7205610303704818,137,1.4828848527362797,1.044,180.0,,,,,1.1017229415533807,0.7623238223657979,1,1.044,1.044,1.044,0.0,Wheelo benchmark,0.05772294155338065,180.0,STRONG CONVERGENCE
13065,Lachlan McAndrew,adelaide,212.0,0.7198085973720911,152,1.2950462234245272,0.773,203.0,,,,,1.0074274103983092,0.5752376260524361,1,0.773,0.773,0.773,0.0,Wheelo benchmark,0.23442741039830917,203.0,STRONG CONVERGENCE
13187,Finn OSullivan,north_melbourne,213.0,0.7108859845596609,124,1.8072247928276768,1.5,150.0,,,,,1.2590553886936688,1.0963388082680159,1,1.5,1.5,1.5,0.0,Wheelo benchmark,-0.24094461130633116,150.0,STRONG CONVERGENCE
12374,Toby Nankervis,richmond,214.0,0.7105791834115973,130,1.7052405110369135,0.084,345.0,,,,,1.2079098472242555,0.9946613276253162,1,0.084,0.084,0.084,0.0,Wheelo benchmark,1.1239098472242555,345.0,STRONG CONVERGENCE
12932,Brayden Cook,adelaide,215.0,0.7054327355404575,270,0.3132024636608105,0.279,266.0,,,,,0.509317599600634,0.392230271879647,1,0.279,0.279,0.279,0.0,Wheelo benchmark,0.23031759960063403,267.0,STRONG CONVERGENCE
12603,Adam Cerra,carlton,216.0,0.6934376306884142,224,0.5884210130541562,0.327,256.0,,,,,0.6409293218712853,0.10501661763425807,1,0.327,0.327,0.327,0.0,Wheelo benchmark,0.31392932187128525,257.0,STRONG CONVERGENCE
12689,Gryan Miers,geelong,217.0,0.6893253950765685,171,1.06935829103783,1.058,178.0,,,,,0.8793418430571993,0.38003289596126155,1,1.058,1.058,1.058,0.0,Wheelo benchmark,-0.17865815694280074,178.0,STRONG CONVERGENCE
12700,Lachie Schultz,collingwood,218.0,0.671210942812245,180,1.0013009739057492,0.505,232.0,,,,,0.8362559583589971,0.3300900310935042,1,0.505,0.505,0.505,0.0,Wheelo benchmark,0.3312559583589971,234.0,STRONG CONVERGENCE
12670,Conor Nash,hawthorn,219.0,0.6710081527202768,116,1.9757810992386176,0.851,197.0,,,,,1.3233946259794471,1.3047729465183409,1,0.851,0.851,0.851,0.0,Wheelo benchmark,0.47239462597944715,197.0,STRONG CONVERGENCE
12960,Nathan ODriscoll,fremantle,220.0,0.6686175092501572,345,0.1327307761197626,0.23500000000000001,276.0,,,,,0.4006741426849599,0.5358867331303946,1,0.23500000000000001,0.23500000000000001,0.23500000000000001,0.0,Wheelo benchmark,0.16567414268495986,277.0,STRONG CONVERGENCE
12340,Harris Andrews,brisbane_lions,221.0,0.6671874547275806,266,0.3430566304539288,2.141,126.0,,,1.0,38.0,0.5051220425907547,0.32413082427365175,2,1.5705,1.0,2.141,1.141,Wheelo + Betfair benchmark,-1.0653779574092455,146.0,STRONG CONVERGENCE
12394,Oscar McDonald,fremantle,222.0,0.6552376197500169,364,0.1062500301321539,1.055,179.0,,,,,0.3807438249410854,0.5489875896178631,1,1.055,1.055,1.055,0.0,Wheelo benchmark,-0.6742561750589146,179.0,STRONG CONVERGENCE
12952,Jake Soligo,adelaide,223.0,0.6376280082112933,274,0.3047023808570482,0.274,267.0,,,,,0.4711651945341707,0.3329256273542451,1,0.274,0.274,0.274,0.0,Wheelo benchmark,0.1971651945341707,268.0,STRONG CONVERGENCE
13121,Ethan Read,gold_coast,224.0,0.6269016424965954,306,0.2060696362692504,0.303,260.0,,,,,0.41648563938292293,0.420832006227345,1,0.303,0.303,0.303,0.0,Wheelo benchmark,0.11348563938292294,261.0,STRONG CONVERGENCE
13146,Edward Allan,collingwood,225.0,0.6254419448372994,232,0.5243792761175262,0.622,221.0,,,,,0.5749106104774129,0.10106266871977321,1,0.622,0.622,0.622,0.0,Wheelo benchmark,-0.04708938952258712,222.0,STRONG CONVERGENCE
12695,Willem Drew,port_adelaide,226.0,0.6138513869485519,120,1.891959283826248,0.333,255.0,,,,,1.2529053353874,1.278107896877696,1,0.333,0.333,0.333,0.0,Wheelo benchmark,0.9199053353874,256.0,STRONG CONVERGENCE
12674,Tom De Koning,st_kilda,227.0,0.6109777488082948,133,1.6782002521763026,0.902,191.0,,,,,1.1445890004922987,1.0672225033680078,1,0.902,0.902,0.902,0.0,Wheelo benchmark,0.2425890004922987,192.0,STRONG CONVERGENCE
13278,Zeke Uwland,gold_coast,228.0,0.609606289343687,394,0.0801644498205586,0.5690000000000001,223.0,,,,,0.3448853695821228,0.5294418395231284,1,0.5690000000000001,0.5690000000000001,0.5690000000000001,0.0,Wheelo benchmark,-0.22411463041787727,225.0,STRONG CONVERGENCE
12656,Brent Daniels,greater_western_sydney,229.0,0.6074381825960717,81,3.4932267555776466,1.745,140.0,,,,,2.050332469086859,2.885788572981575,1,1.745,1.745,1.745,0.0,Wheelo benchmark,0.30533246908685907,136.0,HIGH DISAGREEMENT
12951,Angus Sheldrick,sydney,230.0,0.5950372271196933,214,0.6548450171714071,0.37,249.0,,,,,0.6249411221455502,0.05980779005171377,1,0.37,0.37,0.37,0.0,Wheelo benchmark,0.2549411221455502,250.0,STRONG CONVERGENCE
12994,Matt Roberts,sydney,231.0,0.5727101035087492,280,0.2873408293485384,0.289,263.0,,,,,0.4300254664286438,0.2853692741602108,1,0.289,0.289,0.289,0.0,Wheelo benchmark,0.14102546642864383,264.0,STRONG CONVERGENCE
13043,Tylar Young,west_coast,232.0,0.5627288806256316,405,0.0674197172726585,0.09500000000000001,330.0,,,,,0.31507429894914507,0.49530916335297315,1,0.09500000000000001,0.09500000000000001,0.09500000000000001,0.0,Wheelo benchmark,0.22007429894914504,330.0,STRONG CONVERGENCE
13021,Sam Darcy,western_bulldogs,233.0,0.5522959350646586,175,1.0224135919894708,0.28,265.0,,,,,0.7873547635270647,0.4701176569248122,1,0.28,0.28,0.28,0.0,Wheelo benchmark,0.5073547635270647,266.0,STRONG CONVERGENCE
12508,Nic Newman,carlton,234.0,0.5348101670991752,333,0.152457171265433,0.229,277.0,,,,,0.3436336691823041,0.38235299583374216,1,0.229,0.229,0.229,0.0,Wheelo benchmark,0.11463366918230408,278.0,STRONG CONVERGENCE
11967,Jeremy Howe,collingwood,235.0,0.5237682700426479,320,0.166731333991775,0.542,226.0,,,,,0.34524980201721145,0.35703693605087294,1,0.542,0.542,0.542,0.0,Wheelo benchmark,-0.1967501979827886,228.0,STRONG CONVERGENCE
12876,Beau McCreery,collingwood,236.0,0.5208529972848959,104,2.218576567985161,1.237,162.0,,,,,1.3697147826350284,1.697723570700265,1,1.237,1.237,1.237,0.0,Wheelo benchmark,0.13271478263502834,161.0,STRONG CONVERGENCE
13099,Caleb Windsor,melbourne,237.0,0.5200368810601306,329,0.1577470449548801,1.2209999999999999,164.0,,,,,0.33889196300750535,0.36228983610525045,1,1.2209999999999999,1.2209999999999999,1.2209999999999999,0.0,Wheelo benchmark,-0.8821080369924945,163.0,STRONG CONVERGENCE
12861,Logan McDonald,sydney,238.0,0.5101003047664019,221,0.6238434946063376,0.325,257.0,,,,,0.5669718996863697,0.1137431898399357,1,0.325,0.325,0.325,0.0,Wheelo benchmark,0.24197189968636973,258.0,STRONG CONVERGENCE
12933,Joel Jeffrey,gold_coast,239.0,0.5065664037050429,238,0.4942687906640107,0.222,279.0,,,,,0.5004175971845268,0.012297613041032218,1,0.222,0.222,0.222,0.0,Wheelo benchmark,0.27841759718452685,279.0,STRONG CONVERGENCE
13054,Aaron Cadman,greater_western_sydney,240.0,0.5027519923127446,223,0.6114060493665923,0.366,251.0,,,,,0.5570790208396684,0.10865405705384767,1,0.366,0.366,0.366,0.0,Wheelo benchmark,0.19107902083966843,252.0,STRONG CONVERGENCE
12863,Braeden Campbell,sydney,241.0,0.4999727748699434,213,0.6563981194133489,0.391,247.0,,,1.0,38.0,0.5781854471416461,0.1564253445434055,2,0.6955,0.391,1.0,0.609,Wheelo + Betfair benchmark,-0.1173145528583539,211.0,STRONG CONVERGENCE
13100,Seth Campbell,richmond,242.0,0.4878185047832349,168,1.0829553800847511,0.47300000000000003,235.0,,,,,0.785386942433993,0.5951368753015163,1,0.47300000000000003,0.47300000000000003,0.47300000000000003,0.0,Wheelo benchmark,0.31238694243399295,237.0,STRONG CONVERGENCE
13057,Josh Weddle,hawthorn,243.0,0.4875310091638183,239,0.4939558216548229,0.361,252.0,,,,,0.4907434154093206,0.006424812491004572,1,0.361,0.361,0.361,0.0,Wheelo benchmark,0.1297434154093206,253.0,STRONG CONVERGENCE
12910,Callum Brown,greater_western_sydney,244.0,0.4840429317271135,139,1.472961311471259,0.655,218.0,,,,,0.9785021215991863,0.9889183797441454,1,0.655,0.655,0.655,0.0,Wheelo benchmark,0.32350212159918623,219.0,STRONG CONVERGENCE
13072,Jaspa Fletcher,brisbane_lions,245.0,0.4840377297243107,347,0.1270588462636897,0.252,270.0,,,,,0.3055482879940002,0.356978883460621,1,0.252,0.252,0.252,0.0,Wheelo benchmark,0.05354828799400019,271.0,STRONG CONVERGENCE
13212,Matt Carroll,carlton,246.0,0.4837500325479891,173,1.033085136831943,0.719,209.0,,,,,0.758417584689966,0.5493351042839538,1,0.719,0.719,0.719,0.0,Wheelo benchmark,0.039417584689966034,209.0,STRONG CONVERGENCE
12536,Harry Perryman,collingwood,247.0,0.4757401146717063,318,0.1723939688897125,0.43599999999999994,240.0,,,,,0.3240670417807094,0.3033461457819938,1,0.43599999999999994,0.43599999999999994,0.43599999999999994,0.0,Wheelo benchmark,-0.11193295821929056,242.0,STRONG CONVERGENCE
13123,Koltyn Tholstrup,melbourne,248.0,0.4745598701544609,307,0.2035469603910386,0.46900000000000003,236.0,,,,,0.33905341527274974,0.2710129097634223,1,0.46900000000000003,0.46900000000000003,0.46900000000000003,0.0,Wheelo benchmark,-0.1299465847272503,238.0,STRONG CONVERGENCE
13036,Mattaes Phillipou,st_kilda,249.0,0.4716988659849824,242,0.4659309736389938,0.281,264.0,,,,,0.4688149198119881,0.005767892345988623,1,0.281,0.281,0.281,0.0,Wheelo benchmark,0.18781491981198806,265.0,STRONG CONVERGENCE
12745,Hayden McLean,sydney,250.0,0.4626627374596125,215,0.6517167047095648,0.185,287.0,,,,,0.5571897210845886,0.18905396724995227,1,0.185,0.185,0.185,0.0,Wheelo benchmark,0.37218972108458864,287.0,STRONG CONVERGENCE
12351,Jake Lever,melbourne,251.0,0.4487703888344653,361,0.1110112489790369,0.35000000000000003,253.0,,,,,0.2798908189067511,0.3377591398554284,1,0.35000000000000003,0.35000000000000003,0.35000000000000003,0.0,Wheelo benchmark,-0.07010918109324893,254.0,STRONG CONVERGENCE
13132,Daniel Curtin,adelaide,252.0,0.4391356226606787,207,0.7260427831688474,0.513,230.0,,,,,0.582589202914763,0.2869071605081687,1,0.513,0.513,0.513,0.0,Wheelo benchmark,0.069589202914763,232.0,STRONG CONVERGENCE
12371,Brayden Maynard,collingwood,253.0,0.4313663431036379,262,0.3502991237273836,0.239,275.0,,,,,0.3908327334155107,0.08106721937625433,1,0.239,0.239,0.239,0.0,Wheelo benchmark,0.15183273341551073,276.0,STRONG CONVERGENCE
12521,Ben Long,gold_coast,254.0,0.4300803734578363,233,0.5131295277139378,0.604,222.0,,,,,0.47160495058588703,0.08304915425610154,1,0.604,0.604,0.604,0.0,Wheelo benchmark,-0.13239504941411295,224.0,STRONG CONVERGENCE
12938,Charlie Comben,north_melbourne,255.0,0.4216809861944656,231,0.531289536983271,1.159,170.0,,,,,0.4764852615888683,0.10960855078880538,1,1.159,1.159,1.159,0.0,Wheelo benchmark,-0.6825147384111317,169.0,STRONG CONVERGENCE
12652,Wil Powell,gold_coast,256.0,0.4216794625395208,250,0.4206851237998475,0.28900000000000003,262.0,,,,,0.42118229316968414,0.000994338739673306,1,0.28900000000000003,0.28900000000000003,0.28900000000000003,0.0,Wheelo benchmark,0.1321822931696841,263.0,STRONG CONVERGENCE
13023,Ned Long,collingwood,257.0,0.4204960850675054,195,0.8024694246988999,0.215,280.0,,,,,0.6114827548832027,0.3819733396313945,1,0.215,0.215,0.215,0.0,Wheelo benchmark,0.3964827548832027,280.0,STRONG CONVERGENCE
12458,Jack Silvagni,st_kilda,258.0,0.4168847350264288,322,0.1659079948452033,0.121,312.0,,,,,0.29139636493581605,0.2509767401812255,1,0.121,0.121,0.121,0.0,Wheelo benchmark,0.17039636493581606,312.0,STRONG CONVERGENCE
12462,Harry Himmelberg,greater_western_sydney,259.0,0.4137291654141792,323,0.1655668782370354,0.17900000000000002,289.0,,,,,0.2896480218256073,0.2481622871771438,1,0.17900000000000002,0.17900000000000002,0.17900000000000002,0.0,Wheelo benchmark,0.11064802182560726,289.0,STRONG CONVERGENCE
12544,Brennan Cox,fremantle,260.0,0.413034165088907,431,0.0467736992878454,0.178,290.0,,,,,0.2299039321883762,0.3662604658010616,1,0.178,0.178,0.178,0.0,Wheelo benchmark,0.05190393218837622,290.0,STRONG CONVERGENCE
12875,Heath Chapman,fremantle,261.0,0.4122367654320561,277,0.2985926761405025,0.20900000000000002,282.0,,,,,0.35541472078627934,0.11364408929155362,1,0.20900000000000002,0.20900000000000002,0.20900000000000002,0.0,Wheelo benchmark,0.14641472078627932,282.0,STRONG CONVERGENCE
12404,Mitch McGovern,carlton,262.0,0.4104592532623078,237,0.4984073541162304,0.054,381.0,,,,,0.4544333036892691,0.08794810085392257,1,0.054,0.054,0.054,0.0,Wheelo benchmark,0.4004333036892691,381.0,STRONG CONVERGENCE
12889,Zach Reid,essendon,263.0,0.4094923647304191,287,0.2581604420577694,0.42,242.0,,,,,0.33382640339409425,0.15133192267264972,1,0.42,0.42,0.42,0.0,Wheelo benchmark,-0.08617359660590573,244.0,STRONG CONVERGENCE
13064,George Wardlaw,north_melbourne,264.0,0.3999547219813394,205,0.7295501938227813,0.673,215.0,,,,,0.5647524579020604,0.3295954718414419,1,0.673,0.673,0.673,0.0,Wheelo benchmark,-0.10824754209793963,216.0,STRONG CONVERGENCE
13190,Sam Lalor,richmond,265.0,0.3983445419345689,165,1.1178216958717868,0.15699999999999997,298.0,,,,,0.7580831189031778,0.7194771539372179,1,0.15699999999999997,0.15699999999999997,0.15699999999999997,0.0,Wheelo benchmark,0.6010831189031778,298.0,STRONG CONVERGENCE
13019,Mac Andrew,gold_coast,266.0,0.3968289077345929,257,0.3859375969493917,0.688,212.0,,,,,0.39138325234199234,0.01089131078520117,1,0.688,0.688,0.688,0.0,Wheelo benchmark,-0.2966167476580076,213.0,STRONG CONVERGENCE
12312,Mason Wood,st_kilda,267.0,0.3839830325109546,227,0.5654112546563662,0.088,338.0,,,,,0.47469714358366044,0.1814282221454116,1,0.088,0.088,0.088,0.0,Wheelo benchmark,0.3866971435836605,338.0,STRONG CONVERGENCE
12704,Jack Lukosius,port_adelaide,268.0,0.3668231791199114,271,0.312795915645491,0.074,360.0,,,,,0.3398095473827012,0.05402726347442044,1,0.074,0.074,0.074,0.0,Wheelo benchmark,0.2658095473827012,360.0,STRONG CONVERGENCE
12579,Harry Morrison,hawthorn,269.0,0.3667854165612541,301,0.2181203860420912,0.133,309.0,,,,,0.2924529013016726,0.14866503051916288,1,0.133,0.133,0.133,0.0,Wheelo benchmark,0.1594529013016726,309.0,STRONG CONVERGENCE
12661,Liam Baker,west_coast,270.0,0.3651685604062063,339,0.1398983889391631,0.159,296.0,,,,,0.2525334746726847,0.22527017146704323,1,0.159,0.159,0.159,0.0,Wheelo benchmark,0.09353347467268472,296.0,STRONG CONVERGENCE
11894,Ryan Lester,brisbane_lions,271.0,0.3617685849083717,326,0.1620397474587632,0.902,191.0,,,,,0.2619041661835675,0.1997288374496085,1,0.902,0.902,0.902,0.0,Wheelo benchmark,-0.6400958338164325,192.0,STRONG CONVERGENCE
13033,Judd McVee,fremantle,272.0,0.3583260666446029,375,0.0914958482288435,0.121,312.0,,,,,0.2249109574367232,0.26683021841575943,1,0.121,0.121,0.121,0.0,Wheelo benchmark,0.10391095743672321,312.0,STRONG CONVERGENCE
11820,Jake Melksham,melbourne,273.0,0.3513581305996124,482,0.0264888820101287,0.136,307.0,,,,,0.18892350630487056,0.3248692485894837,1,0.136,0.136,0.136,0.0,Wheelo benchmark,0.052923506304870555,307.0,STRONG CONVERGENCE
12091,Nick Haynes,carlton,274.0,0.3454981811449606,413,0.0575089072190322,0.16,293.0,,,,,0.2015035441819964,0.28798927392592844,1,0.16,0.16,0.16,0.0,Wheelo benchmark,0.041503544181996394,293.0,STRONG CONVERGENCE
12834,Jake Riccardi,greater_western_sydney,275.0,0.3343209331064093,312,0.1894267596157723,0.16,293.0,,,,,0.2618738463610908,0.14489417349063702,1,0.16,0.16,0.16,0.0,Wheelo benchmark,0.10187384636109079,293.0,STRONG CONVERGENCE
13050,Ned Moyle,gold_coast,276.0,0.3298074734146853,150,1.323490003623314,0.32,258.0,,,,,0.8266487385189996,0.9936825302086286,1,0.32,0.32,0.32,0.0,Wheelo benchmark,0.5066487385189995,259.0,STRONG CONVERGENCE
12551,Zach Guthrie,geelong,277.0,0.3235895898197664,354,0.1211598709949321,0.208,283.0,,,,,0.22237473040734923,0.2024297188248343,1,0.208,0.208,0.208,0.0,Wheelo benchmark,0.01437473040734924,283.0,STRONG CONVERGENCE
11948,Tom Lynch,richmond,278.0,0.3197476799343607,202,0.7647664465081411,0.104,324.0,,,,,0.5422570632212509,0.44501876657378037,1,0.104,0.104,0.104,0.0,Wheelo benchmark,0.4382570632212509,324.0,STRONG CONVERGENCE
12809,Mark Keane,adelaide,279.0,0.3192896099015061,348,0.124869395353994,0.8160000000000001,200.0,,,,,0.22207950262775006,0.19442021454751213,1,0.8160000000000001,0.8160000000000001,0.8160000000000001,0.0,Wheelo benchmark,-0.5939204973722501,200.0,STRONG CONVERGENCE
12864,Harry Sharp,melbourne,280.0,0.3189133199946839,356,0.1181369595106576,0.412,245.0,,,,,0.21852513975267077,0.2007763604840263,1,0.412,0.412,0.412,0.0,Wheelo benchmark,-0.1934748602473292,247.0,STRONG CONVERGENCE
13038,Reuben Ginbey,west_coast,281.0,0.3173404651349514,245,0.4586076358324805,1.008,184.0,,,,,0.3879740504837159,0.1412671706975291,1,1.008,1.008,1.008,0.0,Wheelo benchmark,-0.6200259495162841,184.0,STRONG CONVERGENCE
12629,Isaac Cumming,adelaide,282.0,0.3116627767641959,295,0.2356079280501359,0.083,346.0,,,,,0.2736353524071659,0.07605484871406001,1,0.083,0.083,0.083,0.0,Wheelo benchmark,0.1906353524071659,346.0,STRONG CONVERGENCE
13087,Elijah Tsatas,essendon,283.0,0.3108518659369579,296,0.2326659669673789,0.252,270.0,,,,,0.27175891645216843,0.078185898969579,1,0.252,0.252,0.252,0.0,Wheelo benchmark,0.01975891645216843,271.0,STRONG CONVERGENCE
12891,Sam De Koning,geelong,284.0,0.3093587300495382,158,1.1958348778199488,0.46,238.0,,,,,0.7525968039347435,0.8864761477704106,1,0.46,0.46,0.46,0.0,Wheelo benchmark,0.29259680393474347,240.0,STRONG CONVERGENCE
12557,Cameron Zurhaar,north_melbourne,285.0,0.3075874057002828,255,0.3947030107043038,0.298,261.0,,,,,0.35114520820229334,0.08711560500402099,1,0.298,0.298,0.298,0.0,Wheelo benchmark,0.05314520820229335,262.0,STRONG CONVERGENCE
12904,Kieren Briggs,greater_western_sydney,286.0,0.3048217649180817,216,0.6481151804021371,0.242,274.0,,,,,0.4764684726601094,0.3432934154840554,1,0.242,0.242,0.242,0.0,Wheelo benchmark,0.2344684726601094,275.0,STRONG CONVERGENCE
13247,Jobe Shanahan,west_coast,287.0,0.3040834673625767,282,0.2786474110166175,0.21,281.0,,,,,0.2913654391895971,0.02543605634595919,1,0.21,0.21,0.21,0.0,Wheelo benchmark,0.08136543918959713,281.0,STRONG CONVERGENCE
12391,Conor McKenna,brisbane_lions,288.0,0.2914509768455328,371,0.0965816153079219,0.16,293.0,,,,,0.19401629607672735,0.19486936153761086,1,0.16,0.16,0.16,0.0,Wheelo benchmark,0.03401629607672735,293.0,STRONG CONVERGENCE
13299,Jacob Farrow,essendon,289.0,0.29082185250232,325,0.1631248981903684,0.08199999999999999,350.0,,,,,0.2269733753463442,0.1276969543119516,1,0.08199999999999999,0.08199999999999999,0.08199999999999999,0.0,Wheelo benchmark,0.14497337534634422,350.0,STRONG CONVERGENCE
12453,Corey Wagner,fremantle,290.0,0.2885936264692295,346,0.1275477143182572,0.083,346.0,,,,,0.20807067039374333,0.16104591215097228,1,0.083,0.083,0.083,0.0,Wheelo benchmark,0.1250706703937433,346.0,STRONG CONVERGENCE
12916,Lachlan Bramble,western_bulldogs,291.0,0.2876604458960983,315,0.1834678909195485,0.342,254.0,,,,,0.2355641684078234,0.1041925549765498,1,0.342,0.342,0.342,0.0,Wheelo benchmark,-0.10643583159217662,255.0,STRONG CONVERGENCE
13156,Logan Evans,port_adelaide,292.0,0.285263455989279,396,0.0751630304717142,0.091,335.0,,,,,0.1802132432304966,0.2101004255175648,1,0.091,0.091,0.091,0.0,Wheelo benchmark,0.08921324323049659,335.0,STRONG CONVERGENCE
13081,Luke Nankervis,adelaide,293.0,0.2757734220964238,395,0.0797813650653586,0.112,320.0,,,,,0.1777773935808912,0.1959920570310652,1,0.112,0.112,0.112,0.0,Wheelo benchmark,0.0657773935808912,320.0,STRONG CONVERGENCE
13032,Bailey Laurie,melbourne,294.0,0.2738399108170348,427,0.049176612143565,0.148,300.0,,,,,0.1615082614802999,0.2246632986734698,1,0.148,0.148,0.148,0.0,Wheelo benchmark,0.013508261480299905,300.0,STRONG CONVERGENCE
12740,Isaac Quaynor,collingwood,295.0,0.2725986358983033,341,0.136079444840424,0.245,272.0,,,,,0.20433904036936365,0.1365191910578793,1,0.245,0.245,0.245,0.0,Wheelo benchmark,-0.040660959630636345,273.0,STRONG CONVERGENCE
13066,Oisin Mullin,geelong,296.0,0.2699389553113872,218,0.632833980856954,1.173,168.0,,,,,0.4513864680841706,0.3628950255455668,1,1.173,1.173,1.173,0.0,Wheelo benchmark,-0.7216135319158294,167.0,STRONG CONVERGENCE
13164,Joe Fonti,greater_western_sydney,297.0,0.2640591640473626,338,0.1414600567242233,0.198,285.0,,,,,0.20275961038579296,0.12259910732313933,1,0.198,0.198,0.198,0.0,Wheelo benchmark,0.004759610385792951,285.0,STRONG CONVERGENCE
12499,Jack Bowes,geelong,298.0,0.2640071733594228,300,0.2185407706467572,0.118,316.0,,,,,0.24127397200309,0.04546640271266561,1,0.118,0.118,0.118,0.0,Wheelo benchmark,0.12327397200309001,316.0,STRONG CONVERGENCE
13279,Phoenix Gothard,greater_western_sydney,299.0,0.2638283974658036,198,0.7837111685737507,0.41900000000000004,243.0,,,,,0.5237697830197772,0.519882771107947,1,0.41900000000000004,0.41900000000000004,0.41900000000000004,0.0,Wheelo benchmark,0.10476978301977713,245.0,STRONG CONVERGENCE
12755,Jye Caldwell,essendon,300.0,0.2635091108928051,184,0.9412729424245904,0.091,335.0,,,,,0.6023910266586977,0.6777638315317853,1,0.091,0.091,0.091,0.0,Wheelo benchmark,0.5113910266586977,335.0,STRONG CONVERGENCE
12334,Liam Duggan,west_coast,301.0,0.2625938981025959,360,0.1122052644579445,0.095,331.0,,,,,0.1873995812802702,0.15038863364465144,1,0.095,0.095,0.095,0.0,Wheelo benchmark,0.0923995812802702,331.0,STRONG CONVERGENCE
12902,Hugo Ralphsmith,richmond,302.0,0.2622987135053806,281,0.2826770691973388,0.025,432.0,,,,,0.2724878913513597,0.020378355691958228,1,0.025,0.025,0.025,0.0,Wheelo benchmark,0.2474878913513597,432.0,STRONG CONVERGENCE
12083,Jamie Elliott,collingwood,303.0,0.2604960731576058,288,0.2557430867247595,0.533,228.0,,,,,0.2581195799411826,0.004752986432846329,1,0.533,0.533,0.533,0.0,Wheelo benchmark,-0.2748804200588174,230.0,STRONG CONVERGENCE
13001,Ryan Angwin,greater_western_sydney,304.0,0.2594237421768434,260,0.3660753523276274,0.075,356.0,,,,,0.31274954725223536,0.106651610150784,1,0.075,0.075,0.075,0.0,Wheelo benchmark,0.23774954725223535,356.0,STRONG CONVERGENCE
12772,Toby Bedford,greater_western_sydney,305.0,0.251072973594084,263,0.3457969615073754,0.537,227.0,,,,,0.2984349675507297,0.0947239879132914,1,0.537,0.537,0.537,0.0,Wheelo benchmark,-0.23856503244927035,229.0,STRONG CONVERGENCE
13170,Cooper Lord,carlton,306.0,0.2504563535133862,437,0.040442449299316,0.047,390.0,,,,,0.1454494014063511,0.21001390421407018,1,0.047,0.047,0.047,0.0,Wheelo benchmark,0.0984494014063511,390.0,STRONG CONVERGENCE
12377,Jayden Laverde,greater_western_sydney,307.0,0.2492114789794747,359,0.1144506739430631,0.125,311.0,,,,,0.1818310764612689,0.1347608050364116,1,0.125,0.125,0.125,0.0,Wheelo benchmark,0.05683107646126889,311.0,STRONG CONVERGENCE
13028,Lachlan Cowan,carlton,308.0,0.2490406946768626,374,0.0917991742028291,0.146,302.0,,,,,0.17041993443984585,0.1572415204740335,1,0.146,0.146,0.146,0.0,Wheelo benchmark,0.02441993443984586,302.0,STRONG CONVERGENCE
13182,Matthew Jefferson,melbourne,309.0,0.2481561464869319,299,0.2213630476246054,0.257,268.0,,,,,0.23475959705576865,0.026793098862326503,1,0.257,0.257,0.257,0.0,Wheelo benchmark,-0.022240402944231352,269.0,STRONG CONVERGENCE
13138,Bruce Reville,brisbane_lions,310.0,0.2418946149755351,330,0.1561907877451664,0.12,314.0,,,,,0.19904270136035074,0.0857038272303687,1,0.12,0.12,0.12,0.0,Wheelo benchmark,0.07904270136035074,314.0,STRONG CONVERGENCE
12597,Esava Ratugolea,port_adelaide,311.0,0.241195532776168,372,0.0961718809519941,0.772,204.0,,,,,0.16868370686408105,0.14502365182417393,1,0.772,0.772,0.772,0.0,Wheelo benchmark,-0.603316293135919,204.0,STRONG CONVERGENCE
12655,Oscar Allen,brisbane_lions,312.0,0.2298948526839406,376,0.0905156521085551,0.096,329.0,,,,,0.16020525239624786,0.1393792005753855,1,0.096,0.096,0.096,0.0,Wheelo benchmark,0.06420525239624786,329.0,STRONG CONVERGENCE
13248,Roan Steele,collingwood,313.0,0.229861494099377,265,0.3437625753594746,0.106,323.0,,,,,0.2868120347294258,0.11390108126009757,1,0.106,0.106,0.106,0.0,Wheelo benchmark,0.1808120347294258,323.0,STRONG CONVERGENCE
12175,Zac Williams,carlton,314.0,0.2298134615012491,279,0.2915783819503023,0.094,333.0,,,,,0.2606959217257757,0.061764920449053184,1,0.094,0.094,0.094,0.0,Wheelo benchmark,0.16669592172577571,333.0,STRONG CONVERGENCE
13062,Jhye Clark,geelong,315.0,0.2250517293682036,378,0.0889952907463011,0.093,334.0,,,,,0.15702351005725235,0.13605643862190253,1,0.093,0.093,0.093,0.0,Wheelo benchmark,0.06402351005725235,334.0,STRONG CONVERGENCE
12282,Rory Lobb,western_bulldogs,316.0,0.2226115209385971,313,0.1849579898899235,0.11699999999999999,318.0,,,,,0.2037847554142603,0.03765353104867358,1,0.11699999999999999,0.11699999999999999,0.11699999999999999,0.0,Wheelo benchmark,0.08678475541426031,318.0,STRONG CONVERGENCE
12838,Keidean Coleman,brisbane_lions,317.0,0.2218861925355628,357,0.1156597025434035,0.12,314.0,,,,,0.16877294753948316,0.10622648999215929,1,0.12,0.12,0.12,0.0,Wheelo benchmark,0.048772947539483164,314.0,STRONG CONVERGENCE
12437,Mason Redman,essendon,318.0,0.2197885880061728,317,0.1790270717464967,0.075,356.0,,,,,0.19940782987633476,0.040761516259676084,1,0.075,0.075,0.075,0.0,Wheelo benchmark,0.12440782987633477,356.0,STRONG CONVERGENCE
12769,Connor Budarick,western_bulldogs,319.0,0.2174241566959481,416,0.0552286206887688,0.189,286.0,,,,,0.13632638869235847,0.16219553600717931,1,0.189,0.189,0.189,0.0,Wheelo benchmark,-0.05267361130764153,286.0,STRONG CONVERGENCE
12866,Tom Powell,north_melbourne,320.0,0.211853353654877,331,0.1531324337238512,0.068,367.0,,,,,0.1824928936893641,0.058720919931025795,1,0.068,0.068,0.068,0.0,Wheelo benchmark,0.1144928936893641,367.0,STRONG CONVERGENCE
12672,Sam Switkowski,fremantle,321.0,0.2110177907178587,324,0.1643613097552861,0.157,297.0,,,,,0.1876895502365724,0.046656480962572605,1,0.157,0.157,0.157,0.0,Wheelo benchmark,0.03068955023657241,297.0,STRONG CONVERGENCE
12385,Lachie Weller,gold_coast,322.0,0.2085785673791004,303,0.2114093734096097,0.077,354.0,,,,,0.20999397039435505,0.002830806030509281,1,0.077,0.077,0.077,0.0,Wheelo benchmark,0.13299397039435507,354.0,STRONG CONVERGENCE
12867,Miles Bergman,port_adelaide,323.0,0.2078797695527549,243,0.4600289727980842,0.076,355.0,,,,,0.33395437117541954,0.2521492032453293,1,0.076,0.076,0.076,0.0,Wheelo benchmark,0.25795437117541953,355.0,STRONG CONVERGENCE
12236,Jack Martin,geelong,324.0,0.19976045457386,337,0.1427250598955081,0.155,299.0,,,,,0.17124275723468405,0.05703539467835189,1,0.155,0.155,0.155,0.0,Wheelo benchmark,0.016242757234684047,299.0,STRONG CONVERGENCE
12349,Kyle Langford,essendon,325.0,0.196765587642539,335,0.1443661902275067,0.048,388.0,,,,,0.17056588893502286,0.0523993974150323,1,0.048,0.048,0.048,0.0,Wheelo benchmark,0.12256588893502286,388.0,STRONG CONVERGENCE
12444,Sam Collins,gold_coast,326.0,0.1967462291553308,362,0.1091386423609024,0.41600000000000004,244.0,,,,,0.1529424357581166,0.0876075867944284,1,0.41600000000000004,0.41600000000000004,0.41600000000000004,0.0,Wheelo benchmark,-0.2630575642418834,246.0,STRONG CONVERGENCE
12246,Luke McDonald,north_melbourne,327.0,0.1952921002401208,370,0.096770856667944,0.056999999999999995,377.0,,,,,0.14603147845403242,0.09852124357217681,1,0.056999999999999995,0.056999999999999995,0.056999999999999995,0.0,Wheelo benchmark,0.08903147845403242,377.0,STRONG CONVERGENCE
12724,Darcy Fort,brisbane_lions,328.0,0.1936823710533219,219,0.6261221638995129,0.075,356.0,,,,,0.4099022674764174,0.43243979284619105,1,0.075,0.075,0.075,0.0,Wheelo benchmark,0.3349022674764174,356.0,STRONG CONVERGENCE
13204,Isaiah Dudley,fremantle,329.0,0.1914911188166949,291,0.2455986774388122,0.104,324.0,,,,,0.21854489812775355,0.0541075586221173,1,0.104,0.104,0.104,0.0,Wheelo benchmark,0.11454489812775355,324.0,STRONG CONVERGENCE
12941,Ben Miller,richmond,330.0,0.1870511661984206,406,0.0642371772908231,0.035,410.0,,,,,0.12564417174462184,0.12281398890759751,1,0.035,0.035,0.035,0.0,Wheelo benchmark,0.09064417174462183,410.0,STRONG CONVERGENCE
13150,Billy Dowling,adelaide,331.0,0.1848753146789907,438,0.0401767958899275,0.04,404.0,,,,,0.11252605528445911,0.1446985187890632,1,0.04,0.04,0.04,0.0,Wheelo benchmark,0.0725260552844591,404.0,STRONG CONVERGENCE
12531,Mark OConnor,geelong,332.0,0.1795467361611952,391,0.0821440527660345,0.109,321.0,,,,,0.13084539446361484,0.09740268339516071,1,0.109,0.109,0.109,0.0,Wheelo benchmark,0.021845394463614845,321.0,STRONG CONVERGENCE
12872,Nick Murray,adelaide,333.0,0.1793640282875628,447,0.0376824583331063,0.063,372.0,,,,,0.10852324331033454,0.1416815699544565,1,0.063,0.063,0.063,0.0,Wheelo benchmark,0.04552324331033454,372.0,STRONG CONVERGENCE
13297,Talor Byrne,carlton,334.0,0.1771564791955491,222,0.6180643512310707,0.43000000000000005,241.0,,,,,0.3976104152133099,0.4409078720355216,1,0.43000000000000005,0.43000000000000005,0.43000000000000005,0.0,Wheelo benchmark,-0.03238958478669013,243.0,STRONG CONVERGENCE
12976,Jack Carroll,st_kilda,335.0,0.1764695753065824,385,0.0844865740156507,0.041,402.0,,,,,0.13047807466111655,0.09198300129093169,1,0.041,0.041,0.041,0.0,Wheelo benchmark,0.08947807466111654,402.0,STRONG CONVERGENCE
13086,James Borlase,adelaide,336.0,0.1758396633056898,487,0.0258183836682496,0.137,306.0,,,,,0.10082902348696969,0.1500212796374402,1,0.137,0.137,0.137,0.0,Wheelo benchmark,-0.03617097651303032,306.0,STRONG CONVERGENCE
13014,Tyler Sonsie,richmond,337.0,0.1754446672834795,393,0.0811501438586517,0.026,429.0,,,,,0.1282974055710656,0.09429452342482779,1,0.026,0.026,0.026,0.0,Wheelo benchmark,0.10229740557106559,429.0,STRONG CONVERGENCE
12906,Ned Reeves,hawthorn,338.0,0.1750059286251746,192,0.8505183462294439,0.08,352.0,,,,,0.5127621374273093,0.6755124176042693,1,0.08,0.08,0.08,0.0,Wheelo benchmark,0.43276213742730923,352.0,STRONG CONVERGENCE
12676,Billy Frampton,collingwood,339.0,0.169863872044112,414,0.0571221031651274,0.118,316.0,,,,,0.11349298760461969,0.1127417688789846,1,0.118,0.118,0.118,0.0,Wheelo benchmark,-0.004507012395380303,316.0,STRONG CONVERGENCE
12696,Xavier Duursma,essendon,340.0,0.1677145031757287,283,0.2682610279814634,0.037,407.0,,,,,0.21798776557859606,0.1005465248057347,1,0.037,0.037,0.037,0.0,Wheelo benchmark,0.18098776557859605,407.0,STRONG CONVERGENCE
12860,James Jordon,sydney,341.0,0.1647889552786294,302,0.2151391985563546,0.081,351.0,,,,,0.189964076917492,0.05035024327772519,1,0.081,0.081,0.081,0.0,Wheelo benchmark,0.108964076917492,351.0,STRONG CONVERGENCE
13188,Joe Berry,port_adelaide,342.0,0.1645028128311651,267,0.338269648817891,0.041,402.0,,,,,0.25138623082452805,0.1737668359867259,1,0.041,0.041,0.041,0.0,Wheelo benchmark,0.21038623082452804,402.0,STRONG CONVERGENCE
12352,Alex Pearce,fremantle,343.0,0.1643315811204158,403,0.0691422146077198,0.377,248.0,,,,,0.1167368978640678,0.095189366512696,1,0.377,0.377,0.377,0.0,Wheelo benchmark,-0.2602631021359322,249.0,STRONG CONVERGENCE
12818,Sam Wicks,sydney,344.0,0.1634915339019703,381,0.0877957398471655,0.086,343.0,,,,,0.1256436368745679,0.0756957940548048,1,0.086,0.086,0.086,0.0,Wheelo benchmark,0.0396436368745679,343.0,STRONG CONVERGENCE
12752,Changkuoth Jiath,melbourne,345.0,0.162858097817275,387,0.0835682546090416,0.16699999999999998,292.0,,,,,0.1232131762131583,0.0792898432082334,1,0.16699999999999998,0.16699999999999998,0.16699999999999998,0.0,Wheelo benchmark,-0.04378682378684168,292.0,STRONG CONVERGENCE
13098,Blake Howes,melbourne,346.0,0.1606335631863243,456,0.0343257246928094,0.085,344.0,,,,,0.09747964393956685,0.1263078384935149,1,0.085,0.085,0.085,0.0,Wheelo benchmark,0.01247964393956684,344.0,STRONG CONVERGENCE
12454,Eric Hipwood,brisbane_lions,347.0,0.1567270234361343,311,0.1896774883946515,0.046,392.0,,,,,0.1732022559153929,0.03295046495851722,1,0.046,0.046,0.046,0.0,Wheelo benchmark,0.12720225591539291,392.0,STRONG CONVERGENCE
12383,Tom Barrass,hawthorn,348.0,0.1546101228252988,421,0.0525702612046083,0.224,278.0,,,1.0,38.0,0.10359019201495355,0.10203986162069048,2,0.612,0.224,1.0,0.776,Wheelo + Betfair benchmark,-0.5084098079850464,223.0,STRONG CONVERGENCE
13029,Oliver Hollands,carlton,349.0,0.1515185981053394,410,0.0614635054361771,0.058,375.0,,,,,0.10649105177075825,0.09005509266916231,1,0.058,0.058,0.058,0.0,Wheelo benchmark,0.04849105177075825,375.0,STRONG CONVERGENCE
13027,Max Michalanney,adelaide,350.0,0.149735063317094,460,0.0339484676634708,0.07300000000000001,361.0,,,,,0.09184176549028239,0.11578659565362319,1,0.07300000000000001,0.07300000000000001,0.07300000000000001,0.0,Wheelo benchmark,0.01884176549028238,361.0,STRONG CONVERGENCE
13213,Cooper Hynes,western_bulldogs,351.0,0.147296512829953,390,0.0824461250483255,0.05500000000000001,379.0,,,,,0.11487131893913927,0.06485038778162751,1,0.05500000000000001,0.05500000000000001,0.05500000000000001,0.0,Wheelo benchmark,0.05987131893913926,379.0,STRONG CONVERGENCE
12748,Rhylee West,western_bulldogs,352.0,0.1465570975998432,321,0.1663399864203504,0.078,353.0,,,,,0.15644854201009678,0.01978288882050719,1,0.078,0.078,0.078,0.0,Wheelo benchmark,0.07844854201009678,353.0,STRONG CONVERGENCE
12440,Jacob Hopper,richmond,353.0,0.1458097630836253,209,0.7059529226985203,0.087,340.0,,,,,0.4258813428910728,0.5601431596148949,1,0.087,0.087,0.087,0.0,Wheelo benchmark,0.33888134289107286,340.0,STRONG CONVERGENCE
13216,Jedd Busslinger,western_bulldogs,354.0,0.1452726370170478,512,0.0172879360044309,0.032,416.0,,,,,0.08128028651073935,0.12798470101261689,1,0.032,0.032,0.032,0.0,Wheelo benchmark,0.049280286510739346,416.0,STRONG CONVERGENCE
12821,Xavier OHalloran,greater_western_sydney,355.0,0.1433588689797305,316,0.1808897730719017,0.136,307.0,,,,,0.1621243210258161,0.03753090409217122,1,0.136,0.136,0.136,0.0,Wheelo benchmark,0.026124321025816077,307.0,STRONG CONVERGENCE
12900,Buku Khamis,western_bulldogs,356.0,0.1431528963451237,499,0.0215535635195675,0.046,392.0,,,,,0.0823532299323456,0.12159933282555621,1,0.046,0.046,0.046,0.0,Wheelo benchmark,0.036353229932345604,392.0,STRONG CONVERGENCE
12402,Jacob Weitering,carlton,357.0,0.1424599944741041,442,0.0388902906821397,0.048999999999999995,387.0,,,,,0.0906751425781219,0.1035697037919644,1,0.048999999999999995,0.048999999999999995,0.048999999999999995,0.0,Wheelo benchmark,0.0416751425781219,387.0,STRONG CONVERGENCE
12267,Darcy Gardiner,brisbane_lions,358.0,0.1387217783846913,484,0.0263591088292926,0.043000000000000003,400.0,,,,,0.08254044360699195,0.1123626695553987,1,0.043000000000000003,0.043000000000000003,0.043000000000000003,0.0,Wheelo benchmark,0.039540443606991944,400.0,STRONG CONVERGENCE
12874,Jaxon Prior,essendon,359.0,0.1382810017112064,384,0.0854006626319832,0.045,396.0,,,,,0.11184083217159481,0.05288033907922321,1,0.045,0.045,0.045,0.0,Wheelo benchmark,0.06684083217159481,396.0,STRONG CONVERGENCE
12491,Andrew McGrath,essendon,360.0,0.1337267404663297,259,0.3748260252319795,0.052,382.0,,,,,0.2542763828491546,0.2410992847656498,1,0.052,0.052,0.052,0.0,Wheelo benchmark,0.2022763828491546,382.0,STRONG CONVERGENCE
12607,Jack Henry,geelong,361.0,0.1307420953650556,383,0.0855250515415658,0.087,340.0,,,,,0.1081335734533107,0.0452170438234898,1,0.087,0.087,0.087,0.0,Wheelo benchmark,0.02113357345331071,340.0,STRONG CONVERGENCE
13096,Tom Brown,richmond,362.0,0.1284648249112926,350,0.124767587794157,0.046,392.0,,,,,0.1266162063527248,0.003697237117135599,1,0.046,0.046,0.046,0.0,Wheelo benchmark,0.0806162063527248,392.0,STRONG CONVERGENCE
12843,Finn Maginness,hawthorn,363.0,0.1275868996718784,293,0.2409550405892221,0.023,437.0,,,,,0.18427097013055024,0.11336814091734371,1,0.023,0.023,0.023,0.0,Wheelo benchmark,0.16127097013055025,437.0,STRONG CONVERGENCE
12272,Christian Salem,melbourne,364.0,0.1274505784848865,476,0.028703617702483,0.04,404.0,,,,,0.07807709809368475,0.0987469607824035,1,0.04,0.04,0.04,0.0,Wheelo benchmark,0.03807709809368475,404.0,STRONG CONVERGENCE
13046,Arthur Jones,western_bulldogs,365.0,0.1260612065952137,358,0.1155908201119037,0.07,365.0,,,,,0.12082601335355869,0.010470386483309987,1,0.07,0.07,0.07,0.0,Wheelo benchmark,0.050826013353558686,365.0,STRONG CONVERGENCE
12090,Lincoln McCarthy,brisbane_lions,366.0,0.1255212134981573,409,0.0616107165819106,0.047,390.0,,,,,0.09356596504003395,0.06391049691624671,1,0.047,0.047,0.047,0.0,Wheelo benchmark,0.04656596504003395,390.0,STRONG CONVERGENCE
13061,James ODonnell,western_bulldogs,367.0,0.1222566877440972,470,0.0308122615496773,0.035,410.0,,,,,0.07653447464688726,0.0914444261944199,1,0.035,0.035,0.035,0.0,Wheelo benchmark,0.041534474646887254,410.0,STRONG CONVERGENCE
12565,Jack Scrimshaw,hawthorn,368.0,0.1221894567287051,448,0.0370279192329964,0.055,380.0,,,,,0.07960868798085075,0.0851615374957087,1,0.055,0.055,0.055,0.0,Wheelo benchmark,0.024608687980850745,380.0,STRONG CONVERGENCE
12644,Sam Taylor,greater_western_sydney,369.0,0.1221786565132439,408,0.0631234300175076,0.177,291.0,,,,,0.09265104326537575,0.0590552264957363,1,0.177,0.177,0.177,0.0,Wheelo benchmark,-0.08434895673462424,291.0,STRONG CONVERGENCE
12942,Alex Davies,gold_coast,370.0,0.1215333119836837,305,0.2080008426107304,0.08299999999999999,348.0,,,,,0.16476707729720705,0.08646753062704671,1,0.08299999999999999,0.08299999999999999,0.08299999999999999,0.0,Wheelo benchmark,0.08176707729720706,348.0,STRONG CONVERGENCE
13232,Leo Lombard,gold_coast,371.0,0.1209180375095407,292,0.2430534321522444,0.075,356.0,,,,,0.18198573483089253,0.1221353946427037,1,0.075,0.075,0.075,0.0,Wheelo benchmark,0.10698573483089253,356.0,STRONG CONVERGENCE
12774,Deven Robertson,west_coast,372.0,0.1204297902239091,400,0.0696246232943348,0.059,374.0,,,,,0.09502720675912195,0.05080516692957429,1,0.059,0.059,0.059,0.0,Wheelo benchmark,0.03602720675912195,374.0,STRONG CONVERGENCE
13119,Sam Clohesy,gold_coast,373.0,0.1203357383880268,417,0.0548666028102177,0.049,384.0,,,,,0.08760117059912226,0.0654691355778091,1,0.049,0.049,0.049,0.0,Wheelo benchmark,0.038601170599122256,384.0,STRONG CONVERGENCE
12829,Jordon Butts,adelaide,374.0,0.1183629100426706,368,0.0996404267568933,0.09799999999999999,327.0,,,,,0.10900166839978195,0.018722483285777303,1,0.09799999999999999,0.09799999999999999,0.09799999999999999,0.0,Wheelo benchmark,0.011001668399781964,327.0,STRONG CONVERGENCE
13285,Mitchell Edwards,geelong,375.0,0.1167299185331569,285,0.2606817922197648,0.088,338.0,,,,,0.18870585537646084,0.1439518736866079,1,0.088,0.088,0.088,0.0,Wheelo benchmark,0.10070585537646085,338.0,STRONG CONVERGENCE
12559,Lewis Young,carlton,376.0,0.11388573012129,423,0.0517215895552887,0.034,413.0,,,,,0.08280365983828936,0.062164140566001294,1,0.034,0.034,0.034,0.0,Wheelo benchmark,0.048803659838289354,413.0,STRONG CONVERGENCE
13220,Hugh Boxshall,st_kilda,377.0,0.1076978566466134,249,0.4313819879242633,0.095,331.0,,,,,0.2695399222854383,0.3236841312776499,1,0.095,0.095,0.095,0.0,Wheelo benchmark,0.17453992228543833,331.0,STRONG CONVERGENCE
13045,Harry Rowston,greater_western_sydney,378.0,0.1059309402152851,343,0.1343698607988298,0.097,328.0,,,,,0.12015040050705744,0.02843892058354469,1,0.097,0.097,0.097,0.0,Wheelo benchmark,0.02315040050705744,328.0,STRONG CONVERGENCE
13159,Zac Taylor,adelaide,379.0,0.1046745220200383,352,0.1240060741743448,0.049,384.0,,,,,0.11434029809719154,0.0193315521543065,1,0.049,0.049,0.049,0.0,Wheelo benchmark,0.06534029809719154,384.0,STRONG CONVERGENCE
13145,Steely Green,richmond,380.0,0.1032333977191429,355,0.1191817508516333,0.013000000000000001,476.0,,,,,0.1112075742853881,0.015948353132490392,1,0.013000000000000001,0.013000000000000001,0.013000000000000001,0.0,Wheelo benchmark,0.09820757428538811,476.0,STRONG CONVERGENCE
12140,Dane Rampe,sydney,381.0,0.0970184334009927,497,0.0230731015956347,0.036000000000000004,408.0,,,,,0.060045767498313696,0.073945331805358,1,0.036000000000000004,0.036000000000000004,0.036000000000000004,0.0,Wheelo benchmark,0.02404576749831369,408.0,STRONG CONVERGENCE
12174,Nick Vlastuin,richmond,382.0,0.0949436151118292,332,0.1525962101651708,0.07100000000000001,363.0,,,,,0.1237699126385,0.05765259505334161,1,0.07100000000000001,0.07100000000000001,0.07100000000000001,0.0,Wheelo benchmark,0.05276991263849999,363.0,STRONG CONVERGENCE
13273,Harry Dean,carlton,383.0,0.0941647615398273,504,0.0190479092310812,0.03,421.0,,,,,0.056606335385454246,0.0751168523087461,1,0.03,0.03,0.03,0.0,Wheelo benchmark,0.026606335385454247,421.0,STRONG CONVERGENCE
12639,Brody Mihocek,melbourne,384.0,0.093782334547769,458,0.0342234488477275,0.042,401.0,,,,,0.06400289169774825,0.0595588857000415,1,0.042,0.042,0.042,0.0,Wheelo benchmark,0.02200289169774825,401.0,STRONG CONVERGENCE
13313,Patrick Retschko,richmond,385.0,0.0920992114682157,377,0.0896566414931469,0.207,284.0,,,,,0.0908779264806813,0.002442569975068809,1,0.207,0.207,0.207,0.0,Wheelo benchmark,-0.11612207351931869,284.0,STRONG CONVERGENCE
13157,Caiden Cleary,sydney,386.0,0.0884952221282838,366,0.102636928334454,0.065,369.0,,,,,0.0955660752313689,0.014141706206170196,1,0.065,0.065,0.065,0.0,Wheelo benchmark,0.030566075231368894,369.0,STRONG CONVERGENCE
12141,Jaeger OMeara,fremantle,387.0,0.0881008119413369,426,0.0494834153899313,0.048,388.0,,,,,0.06879211366563409,0.0386173965514056,1,0.048,0.048,0.048,0.0,Wheelo benchmark,0.02079211366563409,388.0,STRONG CONVERGENCE
11917,Dion Prestia,richmond,388.0,0.0855559598191163,261,0.3604326345337513,0.064,370.0,,,,,0.2229942971764338,0.274876674714635,1,0.064,0.064,0.064,0.0,Wheelo benchmark,0.1589942971764338,370.0,STRONG CONVERGENCE
13016,Elijah Hollands,carlton,389.0,0.085111409499424,340,0.1398848444292684,0.063,372.0,,,,,0.1124981269643462,0.054773434929844406,1,0.063,0.063,0.063,0.0,Wheelo benchmark,0.049498126964346204,372.0,STRONG CONVERGENCE
13158,Max Gruzewski,greater_western_sydney,390.0,0.0837018944427341,397,0.073192870511747,0.044,398.0,,,,,0.07844738247724055,0.0105090239309871,1,0.044,0.044,0.044,0.0,Wheelo benchmark,0.03444738247724055,398.0,STRONG CONVERGENCE
13307,Sullivan Robey,essendon,391.0,0.0830436890338329,208,0.716802736063807,0.14300000000000002,304.0,,,,,0.3999232125488199,0.6337590470299741,1,0.14300000000000002,0.14300000000000002,0.14300000000000002,0.0,Wheelo benchmark,0.2569232125488199,304.0,STRONG CONVERGENCE
13177,Isaac Kako,essendon,392.0,0.0781434323144124,389,0.0832344235162238,0.128,310.0,,,,,0.08068892791531809,0.005090991201811404,1,0.128,0.128,0.128,0.0,Wheelo benchmark,-0.04731107208468191,310.0,STRONG CONVERGENCE
13217,Oliver Wiltshire,geelong,393.0,0.0780890310615189,441,0.0395591494248408,0.08900000000000001,337.0,,,,,0.058824090243179854,0.0385298816366781,1,0.08900000000000001,0.08900000000000001,0.08900000000000001,0.0,Wheelo benchmark,-0.030175909756820156,337.0,STRONG CONVERGENCE
12622,Charlie Spargo,north_melbourne,394.0,0.07777382523406,463,0.0326714323817158,0.013000000000000001,476.0,,,,,0.0552226288078879,0.0451023928523442,1,0.013000000000000001,0.013000000000000001,0.013000000000000001,0.0,Wheelo benchmark,0.042222628807887894,476.0,STRONG CONVERGENCE
13077,Cooper Harvey,north_melbourne,395.0,0.077487166345051,492,0.0249266748573001,0.022,441.0,,,,,0.05120692060117555,0.052560491487750896,1,0.022,0.022,0.022,0.0,Wheelo benchmark,0.02920692060117555,441.0,STRONG CONVERGENCE
13221,Bo Allan,west_coast,396.0,0.0773933287633652,401,0.0691707360463285,0.028999999999999998,423.0,,,,,0.07328203240484685,0.008222592717036709,1,0.028999999999999998,0.028999999999999998,0.028999999999999998,0.0,Wheelo benchmark,0.04428203240484685,423.0,STRONG CONVERGENCE
12822,Matthew Cottrell,carlton,397.0,0.076394014159061,440,0.0398258456180252,0.012,484.0,,,,,0.0581099298885431,0.0365681685410358,1,0.012,0.012,0.012,0.0,Wheelo benchmark,0.046109929888543094,484.0,STRONG CONVERGENCE
13235,Ty Gallop,brisbane_lions,398.0,0.0754647853574689,472,0.0305852734593005,0.029,422.0,,,,,0.053025029408384695,0.0448795118981684,1,0.029,0.029,0.029,0.0,Wheelo benchmark,0.024025029408384694,422.0,STRONG CONVERGENCE
13303,Wade Derksen,carlton,399.0,0.0741134366524378,513,0.0171785550113452,0.044,398.0,,,,,0.0456459958318915,0.0569348816410926,1,0.044,0.044,0.044,0.0,Wheelo benchmark,0.0016459958318915044,398.0,STRONG CONVERGENCE
12936,Corey Durdin,port_adelaide,400.0,0.0739692271942039,334,0.1484830732780729,0.027,426.0,,,,,0.1112261502361384,0.07451384608386899,1,0.027,0.027,0.027,0.0,Wheelo benchmark,0.0842261502361384,426.0,STRONG CONVERGENCE
13210,Hamish Davis,west_coast,401.0,0.0726045869684526,479,0.027809265781801,0.014,467.0,,,,,0.0502069263751268,0.044795321186651596,1,0.014,0.014,0.014,0.0,Wheelo benchmark,0.0362069263751268,467.0,STRONG CONVERGENCE
13276,Michael Sellwood,western_bulldogs,402.0,0.0697039826241049,399,0.071124228398239,0.144,303.0,,,,,0.07041410551117194,0.0014202457741340907,1,0.144,0.144,0.144,0.0,Wheelo benchmark,-0.07358589448882805,303.0,STRONG CONVERGENCE
13078,Sam Banks,richmond,403.0,0.0685197362141509,432,0.0456286496183165,0.016,458.0,,,,,0.0570741929162337,0.0228910865958344,1,0.016,0.016,0.016,0.0,Wheelo benchmark,0.0410741929162337,458.0,STRONG CONVERGENCE
13294,Milan Murdock,west_coast,404.0,0.0683002358358882,114,2.0345314218412027,0.879,194.0,,,,,1.0514158288385456,1.9662311860053145,1,0.879,0.879,0.879,0.0,Wheelo benchmark,0.17241582883854556,195.0,STRONG CONVERGENCE
12580,Ben McKay,essendon,405.0,0.0674242464166162,272,0.311123517298796,0.028,425.0,,,,,0.1892738818577061,0.2436992708821798,1,0.028,0.028,0.028,0.0,Wheelo benchmark,0.1612738818577061,425.0,STRONG CONVERGENCE
13035,Anthony Caminiti,st_kilda,406.0,0.0670803131956057,388,0.0833891245633707,0.008,502.0,,,,,0.07523471887948821,0.016308811367765005,1,0.008,0.008,0.008,0.0,Wheelo benchmark,0.0672347188794882,502.0,STRONG CONVERGENCE
12456,Nathan Broad,richmond,407.0,0.0670652142698599,449,0.0370113717810402,0.016,458.0,,,,,0.052038293025450044,0.030053842488819697,1,0.016,0.016,0.016,0.0,Wheelo benchmark,0.036038293025450044,458.0,STRONG CONVERGENCE
12831,Liam Henry,st_kilda,408.0,0.0669726431707257,471,0.0307113819617554,0.073,362.0,,,,,0.048842012566240545,0.036261261208970295,1,0.073,0.073,0.073,0.0,Wheelo benchmark,-0.02415798743375945,362.0,STRONG CONVERGENCE
12800,Cody Weightman,western_bulldogs,409.0,0.0667470513690175,439,0.0399535281294689,0.013000000000000001,476.0,,,,,0.053350289749243204,0.026793523239548596,1,0.013000000000000001,0.013000000000000001,0.013000000000000001,0.0,Wheelo benchmark,0.04035028974924321,476.0,STRONG CONVERGENCE
13199,Christian Moraes,port_adelaide,410.0,0.066275414431375,443,0.0387524121049372,0.028999999999999998,423.0,,,,,0.0525139132681561,0.027523002326437798,1,0.028999999999999998,0.028999999999999998,0.028999999999999998,0.0,Wheelo benchmark,0.0235139132681561,423.0,STRONG CONVERGENCE
12882,Lachie Jones,port_adelaide,411.0,0.0653381136376418,452,0.0350534241331544,0.022,441.0,,,,,0.050195768885398104,0.030284689504487407,1,0.022,0.022,0.022,0.0,Wheelo benchmark,0.028195768885398105,441.0,STRONG CONVERGENCE
12802,Ryan Byrnes,st_kilda,412.0,0.0650056549440704,434,0.0446816667500236,0.019,450.0,,,,,0.054843660847047004,0.0203239881940468,1,0.019,0.019,0.019,0.0,Wheelo benchmark,0.035843660847047,450.0,STRONG CONVERGENCE
13106,Zane Duursma,north_melbourne,413.0,0.0638405592351292,342,0.1346032250915439,0.034,413.0,,,,,0.09922189216333654,0.0707626658564147,1,0.034,0.034,0.034,0.0,Wheelo benchmark,0.06522189216333654,413.0,STRONG CONVERGENCE
13070,Ryan Maric,west_coast,414.0,0.0630279562195576,461,0.0328754803046527,0.015,463.0,,,,,0.04795171826210515,0.030152475914904907,1,0.015,0.015,0.015,0.0,Wheelo benchmark,0.03295171826210515,463.0,STRONG CONVERGENCE
12321,Jesse Hogan,greater_western_sydney,415.0,0.0620659225425488,398,0.071284735921492,0.014,467.0,,,,,0.0666753292320204,0.009218813378943196,1,0.014,0.014,0.014,0.0,Wheelo benchmark,0.052675329232020396,467.0,STRONG CONVERGENCE
12957,Brady Hough,west_coast,416.0,0.0605521597309853,430,0.0479869789322996,0.019,450.0,,,,,0.05426956933164245,0.012565180798685703,1,0.019,0.019,0.019,0.0,Wheelo benchmark,0.03526956933164245,450.0,STRONG CONVERGENCE
13095,James Trezise,richmond,417.0,0.0599398367842664,466,0.0318647881493243,0.011,487.0,,,,,0.04590231246679535,0.028075048634942097,1,0.011,0.011,0.011,0.0,Wheelo benchmark,0.03490231246679536,487.0,STRONG CONVERGENCE
12446,Tom Cole,west_coast,418.0,0.0595027170044967,367,0.0997735705161238,0.017,455.0,,,,,0.07963814376031025,0.040270853511627104,1,0.017,0.017,0.017,0.0,Wheelo benchmark,0.06263814376031025,455.0,STRONG CONVERGENCE
13114,Jed Walter,gold_coast,419.0,0.0577535356440427,290,0.2531656134786592,0.016,458.0,,,,,0.15545957456135095,0.19541207783461648,1,0.016,0.016,0.016,0.0,Wheelo benchmark,0.13945957456135094,458.0,STRONG CONVERGENCE
12806,Brad Close,geelong,420.0,0.0555105544306134,402,0.0691504495620931,0.035,410.0,,,,,0.062330501996353246,0.013639895131479694,1,0.035,0.035,0.035,0.0,Wheelo benchmark,0.027330501996353243,410.0,STRONG CONVERGENCE
12414,Callum Ah Chee,adelaide,421.0,0.0549590708579452,455,0.0343542414581311,0.020999999999999998,447.0,,,,,0.044656656158038155,0.020604829399814097,1,0.020999999999999998,0.020999999999999998,0.020999999999999998,0.0,Wheelo benchmark,0.023656656158038157,447.0,STRONG CONVERGENCE
13186,Jacob Konstanty,north_melbourne,422.0,0.0534706815926687,415,0.0567305275520343,0.006,518.0,,,,,0.0551006045723515,0.003259845959365605,1,0.006,0.006,0.006,0.0,Wheelo benchmark,0.0491006045723515,518.0,STRONG CONVERGENCE
11847,Rhys Stanley,geelong,423.0,0.052562820313729,241,0.468051177010204,0.025,432.0,,,,,0.2603069986619665,0.415488356696475,1,0.025,0.025,0.025,0.0,Wheelo benchmark,0.2353069986619665,432.0,STRONG CONVERGENCE
13178,Sam Davidson,western_bulldogs,424.0,0.0521045290244072,382,0.0877251278426067,0.016,458.0,,,,,0.06991482843350695,0.035620598818199505,1,0.016,0.016,0.016,0.0,Wheelo benchmark,0.05391482843350695,458.0,STRONG CONVERGENCE
12991,Jacob Wehr,port_adelaide,425.0,0.0520381059289427,420,0.0529172608117351,0.013000000000000001,476.0,,,,,0.0524776833703389,0.0008791548827924017,1,0.013000000000000001,0.013000000000000001,0.013000000000000001,0.0,Wheelo benchmark,0.0394776833703389,476.0,STRONG CONVERGENCE
12631,Jordan Ridley,essendon,426.0,0.0511472816875373,547,0.0098444579089135,0.023,437.0,,,,,0.0304958697982254,0.0413028237786238,1,0.023,0.023,0.023,0.0,Wheelo benchmark,0.007495869798225401,437.0,STRONG CONVERGENCE
12870,Matt Flynn,west_coast,427.0,0.050684379850488,462,0.0327050528755199,0.004,534.0,,,,,0.04169471636300395,0.017979326974968103,1,0.004,0.004,0.004,0.0,Wheelo benchmark,0.03769471636300395,534.0,STRONG CONVERGENCE
12721,Liam Stocker,st_kilda,428.0,0.0495277564785026,473,0.0305608525407583,0.025,432.0,,,,,0.04004430450963045,0.0189669039377443,1,0.025,0.025,0.025,0.0,Wheelo benchmark,0.01504430450963045,432.0,STRONG CONVERGENCE
12428,Mason Cox,fremantle,429.0,0.0477522418456988,424,0.0502848817532177,0.045,396.0,,,,,0.04901856179945825,0.0025326399075189035,1,0.045,0.045,0.045,0.0,Wheelo benchmark,0.004018561799458253,396.0,STRONG CONVERGENCE
12473,Reilly OBrien,adelaide,430.0,0.0475248004030589,412,0.0576780697662995,0.031,418.0,,,,,0.052601435084679196,0.010153269363240604,1,0.031,0.031,0.031,0.0,Wheelo benchmark,0.021601435084679196,418.0,STRONG CONVERGENCE
12490,Dan Butler,st_kilda,431.0,0.0470995138696274,496,0.0239376811911612,0.014,467.0,,,,,0.0355185975303943,0.0231618326784662,1,0.014,0.014,0.014,0.0,Wheelo benchmark,0.0215185975303943,467.0,STRONG CONVERGENCE
13015,Jai Culley,melbourne,432.0,0.0469549442912931,465,0.0320417598801614,0.022,441.0,,,,,0.039498352085727245,0.014913184411131701,1,0.022,0.022,0.022,0.0,Wheelo benchmark,0.017498352085727246,441.0,STRONG CONVERGENCE
12723,Oskar Baker,western_bulldogs,433.0,0.0468719687857479,491,0.0250284477687415,0.024,436.0,,,,,0.0359502082772447,0.021843521017006397,1,0.024,0.024,0.024,0.0,Wheelo benchmark,0.011950208277244696,436.0,STRONG CONVERGENCE
13259,Jack Whitlock,port_adelaide,434.0,0.0461336160268472,344,0.1339180819568368,0.07100000000000001,363.0,,,,,0.090025848991842,0.08778446592998959,1,0.07100000000000001,0.07100000000000001,0.07100000000000001,0.0,Wheelo benchmark,0.019025848991841995,363.0,STRONG CONVERGENCE
13238,Archie May,essendon,435.0,0.0460760322038087,251,0.4183442751039549,0.013999999999999999,474.0,,,,,0.23221015365388178,0.3722682429001462,1,0.013999999999999999,0.013999999999999999,0.013999999999999999,0.0,Wheelo benchmark,0.2182101536538818,474.0,STRONG CONVERGENCE
12511,Griffin Logue,north_melbourne,436.0,0.0460721384135327,521,0.0158902645957258,0.020999999999999998,447.0,,,,,0.030981201504629248,0.0301818738178069,1,0.020999999999999998,0.020999999999999998,0.020999999999999998,0.0,Wheelo benchmark,0.00998120150462925,447.0,STRONG CONVERGENCE
13120,Will Graham,gold_coast,437.0,0.045418427893113,310,0.1902064577172082,0.018000000000000002,453.0,,,,,0.1178124428051606,0.14478802982409522,1,0.018000000000000002,0.018000000000000002,0.018000000000000002,0.0,Wheelo benchmark,0.09981244280516059,453.0,STRONG CONVERGENCE
12015,Harry Cunningham,sydney,438.0,0.0453344036250489,524,0.0150710895994067,0.022,441.0,,,,,0.0302027466122278,0.030263314025642196,1,0.022,0.022,0.022,0.0,Wheelo benchmark,0.0082027466122278,441.0,STRONG CONVERGENCE
13000,Rhett Bazzo,west_coast,439.0,0.0448788884751551,523,0.0153053352650508,0.014,467.0,,,,,0.030092111870102953,0.0295735532101043,1,0.014,0.014,0.014,0.0,Wheelo benchmark,0.016092111870102954,467.0,STRONG CONVERGENCE
12718,Noah Answerth,brisbane_lions,440.0,0.0435444915238746,528,0.0143099087158869,0.02,449.0,,,,,0.02892720011988075,0.0292345828079877,1,0.02,0.02,0.02,0.0,Wheelo benchmark,0.008927200119880751,449.0,STRONG CONVERGENCE
12009,Tom McDonald,melbourne,441.0,0.0424788124464216,553,0.0095255310860004,0.015,463.0,,,,,0.026002171766211,0.0329532813604212,1,0.015,0.015,0.015,0.0,Wheelo benchmark,0.011002171766210999,463.0,STRONG CONVERGENCE
12697,Connor Rozee,port_adelaide,442.0,0.0421838693618885,475,0.0295302007225525,0.066,368.0,,,,,0.0358570350422205,0.012653668639335997,1,0.066,0.066,0.066,0.0,Wheelo benchmark,-0.030142964957779503,368.0,STRONG CONVERGENCE
12608,Nick Coffield,western_bulldogs,443.0,0.0413829680236262,546,0.0099522514131347,0.015,463.0,,,,,0.02566760971838045,0.031430716610491495,1,0.015,0.015,0.015,0.0,Wheelo benchmark,0.01066760971838045,463.0,STRONG CONVERGENCE
12988,Sam Butler,hawthorn,444.0,0.0399312308296243,522,0.0154471999550731,0.032,416.0,,,,,0.0276892153923487,0.0244840308745512,1,0.032,0.032,0.032,0.0,Wheelo benchmark,-0.004310784607651302,416.0,STRONG CONVERGENCE
13287,Tom Blamires,north_melbourne,445.0,0.0391827027624788,308,0.2010966181966976,0.08600000000000001,342.0,,,,,0.12013966047958821,0.1619139154342188,1,0.08600000000000001,0.08600000000000001,0.08600000000000001,0.0,Wheelo benchmark,0.034139660479588205,342.0,STRONG CONVERGENCE
13293,Josh Lindsay,west_coast,446.0,0.0384543784507709,428,0.049035546185264,0.049,384.0,,,,,0.043744962318017444,0.0105811677344931,1,0.049,0.049,0.049,0.0,Wheelo benchmark,-0.005255037681982558,384.0,STRONG CONVERGENCE
12921,Luke Pedlar,adelaide,447.0,0.0382657701366923,502,0.0203900496188684,0.011,487.0,,,,,0.02932790987778035,0.0178757205178239,1,0.011,0.011,0.011,0.0,Wheelo benchmark,0.018327909877780352,487.0,STRONG CONVERGENCE
13113,Mykelti Lefau,richmond,448.0,0.0381590111306672,298,0.2241788368120794,0.014,467.0,,,,,0.1311689239713733,0.1860198256814122,1,0.014,0.014,0.014,0.0,Wheelo benchmark,0.11716892397137331,467.0,STRONG CONVERGENCE
12370,Jake Kolodjashnij,geelong,449.0,0.0377282118030228,531,0.0138358610215733,0.036,409.0,,,,,0.02578203641229805,0.0238923507814495,1,0.036,0.036,0.036,0.0,Wheelo benchmark,-0.010217963587701946,409.0,STRONG CONVERGENCE
12946,Jackson Mead,port_adelaide,450.0,0.037475345393432,498,0.0223835821280829,0.023,437.0,,,,,0.029929463760757453,0.015091763265349101,1,0.023,0.023,0.023,0.0,Wheelo benchmark,0.006929463760757454,437.0,STRONG CONVERGENCE
13068,Harvey Harrison,collingwood,451.0,0.0364937937896045,549,0.0096968773735004,0.013999999999999999,474.0,,,,,0.023095335581552454,0.026796916416104103,1,0.013999999999999999,0.013999999999999999,0.013999999999999999,0.0,Wheelo benchmark,0.009095335581552455,474.0,STRONG CONVERGENCE
12846,Jack Buckley,greater_western_sydney,452.0,0.0344911607824548,539,0.0119008157539391,0.01,492.0,,,,,0.02319598826819695,0.0225903450285157,1,0.01,0.01,0.01,0.0,Wheelo benchmark,0.013195988268196951,492.0,STRONG CONVERGENCE
12054,Adam Treloar,western_bulldogs,453.0,0.0344571143965162,526,0.0146696773052314,0.005,526.0,,,,,0.0245633958508738,0.019787437091284797,1,0.005,0.005,0.005,0.0,Wheelo benchmark,0.0195633958508738,526.0,STRONG CONVERGENCE
13108,Toby Pink,north_melbourne,454.0,0.0342829126399289,543,0.0108771919625412,0.019,450.0,,,,,0.02258005230123505,0.0234057206773877,1,0.019,0.019,0.019,0.0,Wheelo benchmark,0.003580052301235051,450.0,STRONG CONVERGENCE
12883,Rhyan Mansell,richmond,455.0,0.0339247565590175,404,0.0686865352904859,0.006,518.0,,,,,0.0513056459247517,0.03476177873146841,1,0.006,0.006,0.006,0.0,Wheelo benchmark,0.045305645924751704,518.0,STRONG CONVERGENCE
12886,Conor Stone,greater_western_sydney,456.0,0.033761982954066,422,0.052488971593632,0.026,429.0,,,,,0.043125477273849,0.018726988639565997,1,0.026,0.026,0.026,0.0,Wheelo benchmark,0.017125477273849003,429.0,STRONG CONVERGENCE
12854,Lachlan McNeil,western_bulldogs,457.0,0.0327726461442085,451,0.036166535840109,0.007,508.0,,,,,0.03446959099215875,0.003393889695900501,1,0.007,0.007,0.007,0.0,Wheelo benchmark,0.027469590992158753,508.0,STRONG CONVERGENCE
12879,Archie Perkins,essendon,458.0,0.0295300381303936,469,0.0313252097163714,0.002,560.0,,,,,0.0304276239233825,0.0017951715859777992,1,0.002,0.002,0.002,0.0,Wheelo benchmark,0.0284276239233825,560.0,STRONG CONVERGENCE
13179,Josh Dolan,western_bulldogs,459.0,0.0289695991199995,468,0.0316204764637998,0.013,482.0,,,,,0.030295037791899647,0.0026508773438003,1,0.013,0.013,0.013,0.0,Wheelo benchmark,0.01729503779189965,482.0,STRONG CONVERGENCE
13135,Calsher Dear,hawthorn,460.0,0.0288230358103818,457,0.0342247833217036,0.004,534.0,,,,,0.0315239095660427,0.005401747511321803,1,0.004,0.004,0.004,0.0,Wheelo benchmark,0.0275239095660427,534.0,STRONG CONVERGENCE
13069,Bailey Macdonald,hawthorn,461.0,0.0278806163813206,515,0.0164858600003919,0.01,492.0,,,,,0.02218323819085625,0.0113947563809287,1,0.01,0.01,0.01,0.0,Wheelo benchmark,0.012183238190856248,492.0,STRONG CONVERGENCE
13237,Lachlan Blakiston,essendon,462.0,0.0276269920362131,379,0.088147108719437,0.003,544.0,,,,,0.05788705037782505,0.06052011668322389,1,0.003,0.003,0.003,0.0,Wheelo benchmark,0.05488705037782505,544.0,STRONG CONVERGENCE
11937,Jamie Cripps,west_coast,463.0,0.0268441566875899,501,0.0207038944695323,0.004,534.0,,,,,0.0237740255785611,0.0061402622180576,1,0.004,0.004,0.004,0.0,Wheelo benchmark,0.0197740255785611,534.0,STRONG CONVERGENCE
12359,Joel Hamling,sydney,464.0,0.0264633057413522,548,0.0097371484598265,0.012,484.0,,,,,0.018100227100589353,0.0167261572815257,1,0.012,0.012,0.012,0.0,Wheelo benchmark,0.0061002271005893526,484.0,STRONG CONVERGENCE
12575,Todd Marshall,port_adelaide,465.0,0.0259313023841607,480,0.0276830470897666,0.008,502.0,,,,,0.02680717473696365,0.0017517447056058996,1,0.008,0.008,0.008,0.0,Wheelo benchmark,0.01880717473696365,502.0,STRONG CONVERGENCE
13005,James Tunstill,brisbane_lions,466.0,0.0258944120929994,554,0.0094117978239193,0.007,508.0,,,,,0.01765310495845935,0.016482614269080098,1,0.007,0.007,0.007,0.0,Wheelo benchmark,0.01065310495845935,508.0,STRONG CONVERGENCE
13306,Angus Anderson,collingwood,467.0,0.0257476686457182,319,0.1705740263205102,0.099,326.0,,,,,0.0981608474831142,0.144826357674792,1,0.099,0.099,0.099,0.0,Wheelo benchmark,-0.0008391525168858077,326.0,STRONG CONVERGENCE
13185,Xavier Lindsay,melbourne,468.0,0.0250746739754585,561,0.0073201523720712,0.017,455.0,,,,,0.01619741317376485,0.0177545216033873,1,0.017,0.017,0.017,0.0,Wheelo benchmark,-0.0008025868262351507,455.0,STRONG CONVERGENCE
13283,Dyson Sharp,essendon,469.0,0.0244856343585643,211,0.6619652450495686,0.14600000000000002,301.0,,,,,0.34322543970406644,0.6374796106910042,1,0.14600000000000002,0.14600000000000002,0.14600000000000002,0.0,Wheelo benchmark,0.19722543970406642,301.0,STRONG CONVERGENCE
12420,Dougal Howard,st_kilda,470.0,0.0226137506578816,577,0.0052252396094181,0.008,502.0,,,,,0.013919495133649849,0.0173885110484635,1,0.008,0.008,0.008,0.0,Wheelo benchmark,0.0059194951336498484,502.0,STRONG CONVERGENCE
13223,Archer Day-Wicks,essendon,471.0,0.0221240692070706,450,0.0366335545890161,0.007,508.0,,,,,0.02937881189804335,0.014509485381945499,1,0.007,0.007,0.007,0.0,Wheelo benchmark,0.02237881189804335,508.0,STRONG CONVERGENCE
12181,Aidan Corr,north_melbourne,472.0,0.021968873451738,536,0.0129600598151671,0.015000000000000001,462.0,,,,,0.017464466633452552,0.009008813636570901,1,0.015000000000000001,0.015000000000000001,0.015000000000000001,0.0,Wheelo benchmark,0.002464466633452551,462.0,STRONG CONVERGENCE
13301,Josh Lai,port_adelaide,473.0,0.0212082337851616,464,0.0325320654026074,0.026999999999999996,428.0,,,,,0.0268701495938845,0.011323831617445799,1,0.026999999999999996,0.026999999999999996,0.026999999999999996,0.0,Wheelo benchmark,-0.0001298504061154962,428.0,STRONG CONVERGENCE
12541,Will Brodie,port_adelaide,474.0,0.0207118444963411,380,0.0878926636841584,0.009000000000000001,497.0,,,,,0.05430225409024975,0.0671808191878173,1,0.009000000000000001,0.009000000000000001,0.009000000000000001,0.0,Wheelo benchmark,0.04530225409024975,497.0,STRONG CONVERGENCE
12526,Lewis Melican,sydney,475.0,0.0203945434669973,481,0.0269950293220271,0.011,487.0,,,,,0.0236947863945122,0.0066004858550298,1,0.011,0.011,0.011,0.0,Wheelo benchmark,0.0126947863945122,487.0,STRONG CONVERGENCE
12547,Sean Darcy,fremantle,476.0,0.0198690122906761,478,0.027866840553603,0.007,508.0,,,,,0.02386792642213955,0.007997828262926901,1,0.007,0.007,0.007,0.0,Wheelo benchmark,0.01686792642213955,508.0,STRONG CONVERGENCE
13214,Jonty Faull,richmond,477.0,0.0197420664066683,540,0.011803794568375,0.006,518.0,,,,,0.01577293048752165,0.0079382718382933,1,0.006,0.006,0.006,0.0,Wheelo benchmark,0.009772930487521649,518.0,STRONG CONVERGENCE
12729,Peter Ladhams,sydney,478.0,0.019298000405174,240,0.4920648626853227,0.004,534.0,,,,,0.25568143154524836,0.4727668622801487,1,0.004,0.004,0.004,0.0,Wheelo benchmark,0.25168143154524836,534.0,STRONG CONVERGENCE
13173,Tom Hanily,sydney,479.0,0.0168915187535628,520,0.0159107297803102,0.009000000000000001,497.0,,,,,0.0164011242669365,0.0009807889732525998,1,0.009000000000000001,0.009000000000000001,0.009000000000000001,0.0,Wheelo benchmark,0.007401124266936499,497.0,STRONG CONVERGENCE
12307,Nick Holman,gold_coast,480.0,0.0156957938852678,503,0.0194198322459801,0.002,560.0,,,,,0.01755781306562395,0.0037240383607122993,1,0.002,0.002,0.002,0.0,Wheelo benchmark,0.01555781306562395,560.0,STRONG CONVERGENCE
13165,Hugh Bond,adelaide,481.0,0.0146609605581307,590,0.0038969042201026,0.006,518.0,,,,,0.00927893238911665,0.0107640563380281,1,0.006,0.006,0.006,0.0,Wheelo benchmark,0.0032789323891166504,518.0,STRONG CONVERGENCE
12668,Brandon Starcevich,west_coast,482.0,0.0146333811460773,517,0.0164528916113133,0.003,544.0,,,,,0.0155431363786953,0.001819510465235999,1,0.003,0.003,0.003,0.0,Wheelo benchmark,0.0125431363786953,544.0,STRONG CONVERGENCE
13328,Hugo Hall-Kahan,adelaide,483.0,0.0139511327944519,407,0.0635142773700901,0.109,321.0,,,,,0.038732705082271,0.04956314457563821,1,0.109,0.109,0.109,0.0,Wheelo benchmark,-0.070267294917729,321.0,STRONG CONVERGENCE
13191,Luke Trainor,richmond,484.0,0.0135450130601152,551,0.009547712031224,0.007,508.0,,,,,0.0115463625456696,0.0039973010288912,1,0.007,0.007,0.007,0.0,Wheelo benchmark,0.004546362545669601,508.0,STRONG CONVERGENCE
12591,Hunter Clark,st_kilda,485.0,0.0135172209507889,562,0.0071753292947348,0.008,502.0,,,,,0.010346275122761851,0.0063418916560541005,1,0.008,0.008,0.008,0.0,Wheelo benchmark,0.002346275122761851,502.0,STRONG CONVERGENCE
12415,Jade Gresham,essendon,486.0,0.0133097494963761,509,0.0181437165641846,0.003,544.0,,,,,0.015726733030280347,0.0048339670678085,1,0.003,0.003,0.003,0.0,Wheelo benchmark,0.012726733030280348,544.0,STRONG CONVERGENCE
12625,Charlie Ballard,gold_coast,487.0,0.0131817957228767,435,0.042681274071942,0.022000000000000002,440.0,,,,,0.02793153489740935,0.0294994783490653,1,0.022000000000000002,0.022000000000000002,0.022000000000000002,0.0,Wheelo benchmark,0.005931534897409347,440.0,STRONG CONVERGENCE
13073,Dante Visentini,port_adelaide,488.0,0.0130767341019783,474,0.029826983753118,0.004,534.0,,,,,0.02145185892754815,0.0167502496511397,1,0.004,0.004,0.004,0.0,Wheelo benchmark,0.01745185892754815,534.0,STRONG CONVERGENCE
13251,Oscar Adams,gold_coast,489.0,0.012866004630987,570,0.0063249416150525,0.01,492.0,,,,,0.00959547312301975,0.006541063015934501,1,0.01,0.01,0.01,0.0,Wheelo benchmark,-0.0004045268769802494,492.0,STRONG CONVERGENCE
13229,Angus Clarke,essendon,490.0,0.0127002539255417,516,0.0164857554037216,0.003,544.0,,,,,0.01459300466463165,0.0037855014781798986,1,0.003,0.003,0.003,0.0,Wheelo benchmark,0.011593004664631649,544.0,STRONG CONVERGENCE
12730,Callum Coleman-Jones,north_melbourne,491.0,0.0120904871498708,533,0.0134637827959679,0.018000000000000002,453.0,,,,,0.01277713497291935,0.0013732956460970995,1,0.018000000000000002,0.018000000000000002,0.018000000000000002,0.0,Wheelo benchmark,-0.005222865027080652,453.0,STRONG CONVERGENCE
13236,Nick Madden,greater_western_sydney,492.0,0.0120748228771269,176,1.02211865646482,0.04,404.0,,,,,0.5170967396709734,1.0100438335876931,1,0.04,0.04,0.04,0.0,Wheelo benchmark,0.4770967396709734,404.0,STRONG CONVERGENCE
13243,Alix Tauru,st_kilda,493.0,0.0119768325979084,544,0.0104342568334256,0.003,544.0,,,,,0.011205544715667,0.0015425757644827991,1,0.003,0.003,0.003,0.0,Wheelo benchmark,0.008205544715667,544.0,STRONG CONVERGENCE
12923,Jamarra Ugle-Hagan,gold_coast,494.0,0.0119176850284477,567,0.0065141069365381,0.009,501.0,,,,,0.0092158959824929,0.0054035780919096,1,0.009,0.009,0.009,0.0,Wheelo benchmark,0.0002158959824929002,501.0,STRONG CONVERGENCE
13088,Toby McMullin,greater_western_sydney,495.0,0.0116697751457671,537,0.0128629696559049,0.007,508.0,,,,,0.012266372400836001,0.0011931945101378,1,0.007,0.007,0.007,0.0,Wheelo benchmark,0.005266372400836001,508.0,STRONG CONVERGENCE
13126,Jake Rogers,gold_coast,496.0,0.0110093304396849,459,0.0339639744575041,0.004,534.0,,,,,0.022486652448594498,0.022954644017819197,1,0.004,0.004,0.004,0.0,Wheelo benchmark,0.018486652448594498,534.0,STRONG CONVERGENCE
13039,Campbell Chesser,carlton,497.0,0.0108150771903931,603,0.0025774703195723,0.001,579.0,,,,,0.0066962737549827005,0.008237606870820799,1,0.001,0.001,0.001,0.0,Wheelo benchmark,0.0056962737549827005,579.0,STRONG CONVERGENCE
12691,Chayce Jones,adelaide,498.0,0.0104876105628355,609,0.0023105429527145,0.003,544.0,,,,,0.006399076757775,0.008177067610121,1,0.003,0.003,0.003,0.0,Wheelo benchmark,0.003399076757775,544.0,STRONG CONVERGENCE
13071,Jack Buller,collingwood,499.0,0.010226757844541,508,0.0186637157265291,0.006,518.0,,,,,0.01444523678553505,0.008436957881988102,1,0.006,0.006,0.006,0.0,Wheelo benchmark,0.00844523678553505,518.0,STRONG CONVERGENCE
12965,Jordan Boyd,carlton,500.0,0.0101697182460471,556,0.0090011801063717,0.002,560.0,,,,,0.0095854491762094,0.0011685381396754,1,0.002,0.002,0.002,0.0,Wheelo benchmark,0.0075854491762094006,560.0,STRONG CONVERGENCE
13196,Archer Reid,west_coast,501.0,0.0095203451342035,568,0.0063922359257457,0.004,534.0,,,,,0.0079562905299746,0.0031281092084578,1,0.004,0.004,0.004,0.0,Wheelo benchmark,0.0039562905299746,534.0,STRONG CONVERGENCE
12841,Flynn Perez,hawthorn,502.0,0.0094421081229664,565,0.0065479983996725,0.002,560.0,,,,,0.00799505326131945,0.0028941097232939,1,0.002,0.002,0.002,0.0,Wheelo benchmark,0.005995053261319451,560.0,STRONG CONVERGENCE
13025,Josh Goater,north_melbourne,503.0,0.0094162951221562,588,0.0041362410323811,0.004,534.0,,,,,0.00677626807726865,0.0052800540897751,1,0.004,0.004,0.004,0.0,Wheelo benchmark,0.00277626807726865,534.0,STRONG CONVERGENCE
13284,Will Lewis,western_bulldogs,504.0,0.0093856404898374,373,0.0927800023001446,0.031,418.0,,,,,0.051082821394991,0.08339436181030721,1,0.031,0.031,0.031,0.0,Wheelo benchmark,0.020082821394991,418.0,STRONG CONVERGENCE
12820,Jeremy Sharp,fremantle,505.0,0.008628423203871,626,0.0012003223013222,0.002,560.0,,,,,0.0049143727525966,0.0074281009025488,1,0.002,0.002,0.002,0.0,Wheelo benchmark,0.0029143727525965998,560.0,STRONG CONVERGENCE
12813,Harry Schoenberg,west_coast,506.0,0.0085973165126138,594,0.0032609842413749,0.0,601.0,,,,,0.00592915037699435,0.0053363322712388995,1,0.0,0.0,0.0,0.0,Wheelo benchmark,0.00592915037699435,601.0,STRONG CONVERGENCE
13203,Saad El-Hawli,essendon,507.0,0.0074154623694141,534,0.0134354838948752,0.003,544.0,,,,,0.01042547313214465,0.0060200215254610995,1,0.003,0.003,0.003,0.0,Wheelo benchmark,0.00742547313214465,544.0,STRONG CONVERGENCE
13269,Ewan Mackinlay,port_adelaide,508.0,0.0073021861121202,433,0.0453446781522752,0.013000000000000001,476.0,,,,,0.026323432132197698,0.038042492040155,1,0.013000000000000001,0.013000000000000001,0.013000000000000001,0.0,Wheelo benchmark,0.013323432132197697,476.0,STRONG CONVERGENCE
13130,Riley Hardeman,north_melbourne,509.0,0.0072154443411173,559,0.007691985956089,0.007,508.0,,,,,0.00745371514860315,0.0004765416149716999,1,0.007,0.007,0.007,0.0,Wheelo benchmark,0.0004537151486031501,508.0,STRONG CONVERGENCE
12839,Matthew Owies,west_coast,510.0,0.006370304141415,611,0.0021051808019563,0.0,601.0,,,,,0.00423774247168565,0.0042651233394587,1,0.0,0.0,0.0,0.0,Wheelo benchmark,0.00423774247168565,601.0,STRONG CONVERGENCE
12654,Darragh Joyce,brisbane_lions,511.0,0.0063193817149478,642,0.0006716952315293,0.003,544.0,,,,,0.00349553847323855,0.0056476864834185,1,0.003,0.003,0.003,0.0,Wheelo benchmark,0.0004955384732385501,544.0,STRONG CONVERGENCE
13020,Leek Aleer,greater_western_sydney,512.0,0.0062934975029744,365,0.1039237577468667,0.002,560.0,,,,,0.05510862762492055,0.09763026024389229,1,0.002,0.002,0.002,0.0,Wheelo benchmark,0.05310862762492055,560.0,STRONG CONVERGENCE
13253,Taj Hotton,richmond,513.0,0.0062898645839672,351,0.124494834486215,0.015,463.0,,,,,0.0653923495350911,0.1182049699022478,1,0.015,0.015,0.015,0.0,Wheelo benchmark,0.0503923495350911,463.0,STRONG CONVERGENCE
13194,Liam OConnell,st_kilda,514.0,0.0059327007358891,571,0.0060368022778331,0.003,544.0,,,,,0.0059847515068611,0.00010410154194400063,1,0.003,0.003,0.003,0.0,Wheelo benchmark,0.0029847515068611,544.0,STRONG CONVERGENCE
13231,Zak Johnson,essendon,515.0,0.0057529730580381,583,0.004836759096705,0.008,502.0,,,,,0.005294866077371551,0.0009162139613330999,1,0.008,0.008,0.008,0.0,Wheelo benchmark,-0.0027051339226284495,502.0,STRONG CONVERGENCE
13044,Elijah Hewett,west_coast,516.0,0.005701480119195,572,0.0059935599354453,0.007,508.0,,,,,0.00584752002732015,0.00029207981625029977,1,0.007,0.007,0.007,0.0,Wheelo benchmark,-0.0011524799726798504,508.0,STRONG CONVERGENCE
13318,Will Edwards,sydney,517.0,0.0056657575979991,495,0.0240151224402908,0.021,446.0,,,,,0.01484044001914495,0.0183493648422917,1,0.021,0.021,0.021,0.0,Wheelo benchmark,-0.006159559980855052,446.0,STRONG CONVERGENCE
13286,Latrelle Pickett,melbourne,518.0,0.0055017518297038,532,0.0138266683428222,0.01,492.0,,,,,0.009664210086263,0.0083249165131184,1,0.01,0.01,0.01,0.0,Wheelo benchmark,-0.0003357899137370005,492.0,STRONG CONVERGENCE
13206,Tobie Travaglia,st_kilda,519.0,0.0054422511597328,560,0.0075376819419044,0.002,560.0,,,,,0.006489966550818601,0.0020954307821715997,1,0.002,0.002,0.002,0.0,Wheelo benchmark,0.0044899665508186005,560.0,STRONG CONVERGENCE
13265,Jordan Croft,western_bulldogs,520.0,0.00502130077721,454,0.034434075844222,0.012,484.0,,,,,0.019727688310715998,0.029412775067012,1,0.012,0.012,0.012,0.0,Wheelo benchmark,0.007727688310715998,484.0,STRONG CONVERGENCE
12852,Nik Cox,essendon,521.0,0.0046081970168362,550,0.0095605951877638,0.002,560.0,,,,,0.0070843961023,0.0049523981709275995,1,0.002,0.002,0.002,0.0,Wheelo benchmark,0.0050843961023,560.0,STRONG CONVERGENCE
13151,Jack Hutchinson,west_coast,522.0,0.0045953170033509,596,0.0030786401165664,0.002,560.0,,,,,0.00383697855995865,0.0015166768867845002,1,0.002,0.002,0.002,0.0,Wheelo benchmark,0.0018369785599586502,560.0,STRONG CONVERGENCE
13290,Sam Grlj,richmond,523.0,0.0045352135888442,453,0.034738532222869,0.005,526.0,,,,,0.019636872905856598,0.030203318634024798,1,0.005,0.005,0.005,0.0,Wheelo benchmark,0.014636872905856597,526.0,STRONG CONVERGENCE
13245,Flynn Young,carlton,524.0,0.0040789782652075,578,0.0052117207156163,0.001,579.0,,,,,0.0046453494904119,0.0011327424504088005,1,0.001,0.001,0.001,0.0,Wheelo benchmark,0.0036453494904119003,579.0,STRONG CONVERGENCE
13091,Henry Hustwaite,hawthorn,525.0,0.0039989688419509,574,0.0057721999351441,0.003,544.0,,,,,0.0048855843885475,0.0017732310931931998,1,0.003,0.003,0.003,0.0,Wheelo benchmark,0.0018855843885474998,544.0,STRONG CONVERGENCE
13142,Shadeau Brain,brisbane_lions,526.0,0.0038995624163829,610,0.002296259442106,0.005,526.0,,,,,0.00309791092924445,0.0016033029742769,1,0.005,0.005,0.005,0.0,Wheelo benchmark,-0.00190208907075555,526.0,STRONG CONVERGENCE
13291,Cooper Duff-Tytler,west_coast,527.0,0.0037780958670855,419,0.0538422063775917,0.009000000000000001,497.0,,,,,0.0288101511223386,0.050064110510506195,1,0.009000000000000001,0.009000000000000001,0.009000000000000001,0.0,Wheelo benchmark,0.0198101511223386,497.0,STRONG CONVERGENCE
13316,Sam Cumming,richmond,528.0,0.0037629938829086,327,0.1602609970431331,0.051000000000000004,383.0,,,,,0.08201199546302085,0.1564980031602245,1,0.051000000000000004,0.051000000000000004,0.051000000000000004,0.0,Wheelo benchmark,0.031011995463020844,383.0,STRONG CONVERGENCE
13116,Angus Hastie,st_kilda,529.0,0.0034225820014343,598,0.0029042351359136,0.0,601.0,,,,,0.0031634085686739503,0.0005183468655207001,1,0.0,0.0,0.0,0.0,Wheelo benchmark,0.0031634085686739503,601.0,STRONG CONVERGENCE
12330,Adam Saad,carlton,530.0,0.003336017746987,587,0.0042582068379583,0.002,560.0,,,,,0.00379711229247265,0.0009221890909712994,1,0.002,0.002,0.002,0.0,Wheelo benchmark,0.0017971122924726498,560.0,STRONG CONVERGENCE
13222,Josaia Delana,greater_western_sydney,531.0,0.003329901627868,230,0.5384136918916422,0.058,375.0,,,,,0.2708717967597551,0.5350837902637743,1,0.058,0.058,0.058,0.0,Wheelo benchmark,0.2128717967597551,375.0,STRONG CONVERGENCE
13256,Zac Banch,north_melbourne,532.0,0.0032801298294928,425,0.0500527644039572,0.013,482.0,,,,,0.026666447116725,0.0467726345744644,1,0.013,0.013,0.013,0.0,Wheelo benchmark,0.013666447116725001,482.0,STRONG CONVERGENCE
13133,Lachlan Sullivan,collingwood,533.0,0.002690009297544,620,0.0016061419508054,0.0,601.0,,,,,0.0021480756241747,0.0010838673467386,1,0.0,0.0,0.0,0.0,Wheelo benchmark,0.0021480756241747,601.0,STRONG CONVERGENCE
12918,Samson Ryan,richmond,534.0,0.0025596663785712,429,0.049020143220407,0.001,579.0,,,,,0.0257899047994891,0.0464604768418358,1,0.001,0.001,0.001,0.0,Wheelo benchmark,0.024789904799489098,579.0,STRONG CONVERGENCE
12935,Maurice Rioli,richmond,535.0,0.0024076143167732,488,0.025374487407842,0.0,601.0,,,,,0.0138910508623076,0.0229668730910688,1,0.0,0.0,0.0,0.0,Wheelo benchmark,0.0138910508623076,601.0,STRONG CONVERGENCE
13272,Lachlan Gulbin,gold_coast,536.0,0.0022627244022714,485,0.0260314538548578,0.006,518.0,,,,,0.0141470891285646,0.023768729452586398,1,0.006,0.006,0.006,0.0,Wheelo benchmark,0.0081470891285646,518.0,STRONG CONVERGENCE
12853,Harry Jones,essendon,537.0,0.0022085273195449,600,0.0027567767767088,0.0,601.0,,,,,0.00248265204812685,0.0005482494571638998,1,0.0,0.0,0.0,0.0,Wheelo benchmark,0.00248265204812685,601.0,STRONG CONVERGENCE
13147,Wil Parker,collingwood,538.0,0.0020375100887701,623,0.0013748536259407,0.002,560.0,,,,,0.0017061818573554,0.0006626564628294,1,0.002,0.002,0.002,0.0,Wheelo benchmark,-0.00029381814264460007,560.0,STRONG CONVERGENCE
12997,Judson Clarke,richmond,539.0,0.0019024416376826,535,0.0134083914677669,0.002,560.0,,,,,0.0076554165527247505,0.0115059498300843,1,0.002,0.002,0.002,0.0,Wheelo benchmark,0.00565541655272475,560.0,STRONG CONVERGENCE
12481,Brayden Fiorini,essendon,540.0,0.0018274915452705,584,0.0046967861342013,0.0,601.0,,,,,0.0032621388397359,0.0028692945889307996,1,0.0,0.0,0.0,0.0,Wheelo benchmark,0.0032621388397359,601.0,STRONG CONVERGENCE
13144,Wil Dawson,north_melbourne,541.0,0.0017339945770108,576,0.0056146434304264,0.002,560.0,,,,,0.0036743190037186,0.0038806488534156,1,0.002,0.002,0.002,0.0,Wheelo benchmark,0.0016743190037186001,560.0,STRONG CONVERGENCE
12757,Brandon Zerk-Thatcher,port_adelaide,542.0,0.0017226447747665,644,0.0006397605024274,0.002,560.0,,,,,0.00118120263859695,0.0010828842723391002,1,0.002,0.002,0.002,0.0,Wheelo benchmark,-0.0008187973614030501,560.0,STRONG CONVERGENCE
12372,Darcy Moore,collingwood,543.0,0.0016944604194223,630,0.0010278415286373,0.005,526.0,,,,,0.0013611509740298,0.0006666188907849999,1,0.005,0.005,0.005,0.0,Wheelo benchmark,-0.0036388490259702004,526.0,STRONG CONVERGENCE
12947,Josh Gibcus,richmond,544.0,0.0014441522779092,631,0.001023523330836,0.0,601.0,,,,,0.0012338378043726,0.00042062894707319996,1,0.0,0.0,0.0,0.0,Wheelo benchmark,0.0012338378043726,601.0,STRONG CONVERGENCE
13219,Finnbar Maley,adelaide,545.0,0.0014278689340169,558,0.0083163694348258,0.002,560.0,,,,,0.004872119184421349,0.006888500500808899,1,0.002,0.002,0.002,0.0,Wheelo benchmark,0.002872119184421349,560.0,STRONG CONVERGENCE
12701,Bailey Scott,north_melbourne,546.0,0.0014073597719314,606,0.0023994147005348,0.001,579.0,,,,,0.0019033872362331002,0.0009920549286034001,1,0.001,0.001,0.001,0.0,Wheelo benchmark,0.0009033872362331002,579.0,STRONG CONVERGENCE
13102,Harvey Gallagher,western_bulldogs,547.0,0.0013358441717613,632,0.0009812455529473,0.0,601.0,,,,,0.0011585448623543,0.00035459861881399985,1,0.0,0.0,0.0,0.0,Wheelo benchmark,0.0011585448623543,601.0,STRONG CONVERGENCE
13242,Jasper Alger,richmond,548.0,0.0011552081567751,486,0.0259646409900453,0.005,526.0,,,,,0.0135599245734102,0.0248094328332702,1,0.005,0.005,0.005,0.0,Wheelo benchmark,0.008559924573410201,526.0,STRONG CONVERGENCE
12596,Lachie Fogarty,carlton,549.0,0.0011434211535543,636,0.0007778540704038,0.0,601.0,,,,,0.00096063761197905,0.00036556708315050007,1,0.0,0.0,0.0,0.0,Wheelo benchmark,0.00096063761197905,601.0,STRONG CONVERGENCE
12848,Jy Farrar,gold_coast,550.0,0.0011196339567929,647,0.0005172157881118,0.001,579.0,,,,,0.00081842487245235,0.0006024181686811,1,0.001,0.001,0.001,0.0,Wheelo benchmark,-0.00018157512754764997,579.0,STRONG CONVERGENCE
13254,Max Heath,melbourne,551.0,0.0011133902119602,477,0.0282948278006093,0.017,455.0,,,,,0.01470410900628475,0.027181437588649097,1,0.017,0.017,0.017,0.0,Wheelo benchmark,-0.002295890993715251,455.0,STRONG CONVERGENCE
13136,Harvey Johnston,west_coast,552.0,0.0010605754944494,569,0.0063872972841978,0.001,579.0,,,,,0.0037239363893236,0.0053267217897484,1,0.001,0.001,0.001,0.0,Wheelo benchmark,0.0027239363893236,579.0,STRONG CONVERGENCE
13058,Max Ramsden,hawthorn,553.0,0.000874827501436,617,0.0018997450426637,0.0,601.0,,,,,0.00138728627204985,0.0010249175412277,1,0.0,0.0,0.0,0.0,Wheelo benchmark,0.00138728627204985,601.0,STRONG CONVERGENCE
13289,Jack Watkins,port_adelaide,554.0,0.0008312247304108,369,0.0990161206609519,0.082,349.0,,,,,0.049923672695681355,0.0981848959305411,1,0.082,0.082,0.082,0.0,Wheelo benchmark,-0.03207632730431865,349.0,STRONG CONVERGENCE
12727,Mitch Hinge,adelaide,555.0,0.0007986365772811,650,0.0004340158249813,0.001,579.0,,,,,0.0006163262011312,0.0003646207522998,1,0.001,0.001,0.001,0.0,Wheelo benchmark,-0.00038367379886880006,579.0,STRONG CONVERGENCE
13280,Toby Murray,adelaide,556.0,0.0007511738723336,258,0.3782348786294821,0.064,370.0,,,,,0.18949302625090783,0.3774837047571485,1,0.064,0.064,0.064,0.0,Wheelo benchmark,0.12549302625090783,370.0,STRONG CONVERGENCE
12776,Laitham Vandermeer,western_bulldogs,557.0,0.0007414329011541,635,0.0008469854231387,0.0,601.0,,,,,0.0007942091621464,0.00010555252198460004,1,0.0,0.0,0.0,0.0,Wheelo benchmark,0.0007942091621464,601.0,STRONG CONVERGENCE
13209,Sandy Brock,west_coast,558.0,0.0007291266876517,605,0.0024235840484098,0.0,601.0,,,,,0.00157635536803075,0.0016944573607581,1,0.0,0.0,0.0,0.0,Wheelo benchmark,0.00157635536803075,601.0,STRONG CONVERGENCE
13218,Campbell Gray,richmond,559.0,0.0007124235636636,582,0.0048447312902284,0.002,560.0,,,,,0.002778577426946,0.0041323077265648,1,0.002,0.002,0.002,0.0,Wheelo benchmark,0.0007785774269460002,560.0,STRONG CONVERGENCE
12612,Matt Guelfi,essendon,560.0,0.0006213398705024,637,0.0007469315892804,0.0,601.0,,,,,0.0006841357298914,0.000125591718778,1,0.0,0.0,0.0,0.0,Wheelo benchmark,0.0006841357298914,601.0,STRONG CONVERGENCE
12987,Luke Cleary,western_bulldogs,561.0,0.0006170697085064,661,0.0001564214527281,0.0,601.0,,,,,0.00038674558061725,0.00046064825577829993,1,0.0,0.0,0.0,0.0,Wheelo benchmark,0.00038674558061725,601.0,STRONG CONVERGENCE
13171,Ashton Moir,carlton,562.0,0.0005330316400237,651,0.0004235605214919,0.0,601.0,,,,,0.0004782960807578,0.00010947111853180008,1,0.0,0.0,0.0,0.0,Wheelo benchmark,0.0004782960807578,601.0,STRONG CONVERGENCE
12986,Mitch Knevitt,geelong,563.0,0.0004446804478235,592,0.0034325076043078,0.0,601.0,,,,,0.00193859402606565,0.0029878271564843,1,0.0,0.0,0.0,0.0,Wheelo benchmark,0.00193859402606565,601.0,STRONG CONVERGENCE
12588,Bailey Banfield,fremantle,564.0,0.0004327284892845,649,0.0004371369911644,0.0,601.0,,,,,0.00043493274022445,4.40850187989996e-06,1,0.0,0.0,0.0,0.0,Wheelo benchmark,0.00043493274022445,601.0,STRONG CONVERGENCE
13201,Isaac Keeler,st_kilda,565.0,0.000289894053831,645,0.0006109055035279,0.0,601.0,,,,,0.00045039977867945,0.00032101144969689995,1,0.0,0.0,0.0,0.0,Wheelo benchmark,0.00045039977867945,601.0,STRONG CONVERGENCE
12732,Ryan Gardner,western_bulldogs,566.0,0.0002803714306975,660,0.0001743487811153,0.0,601.0,,,,,0.0002273601059064,0.00010602264958219998,1,0.0,0.0,0.0,0.0,Wheelo benchmark,0.0002273601059064,601.0,STRONG CONVERGENCE
13282,Max Kondogiannis,essendon,567.0,0.000274715076455,586,0.0043329356207,0.0,601.0,,,,,0.0023038253485775,0.004058220544244999,1,0.0,0.0,0.0,0.0,Wheelo benchmark,0.0023038253485775,601.0,STRONG CONVERGENCE
13300,Paddy Cross,melbourne,568.0,0.0002729515428569,525,0.0148229915483729,0.033,415.0,,,,,0.0075479715456149,0.014550040005516,1,0.033,0.033,0.033,0.0,Wheelo benchmark,-0.0254520284543851,415.0,STRONG CONVERGENCE
12914,Brandon Walker,fremantle,569.0,0.0002436312707614,662,9.728253547223156e-05,0.0,601.0,,,,,0.00017045690311681577,0.00014634873528916845,1,0.0,0.0,0.0,0.0,Wheelo benchmark,0.00017045690311681577,601.0,STRONG CONVERGENCE
13338,Kye Annand,richmond,570.0,0.0001878732103141,557,0.0089510077303769,0.006,518.0,,,,,0.0045694404703455,0.0087631345200628,1,0.006,0.006,0.006,0.0,Wheelo benchmark,-0.0014305595296545005,518.0,STRONG CONVERGENCE
13211,Tom Gross,west_coast,571.0,0.0001677562293875,579,0.0051045684828675,0.0,601.0,,,,,0.0026361623561275,0.00493681225348,1,0.0,0.0,0.0,0.0,Wheelo benchmark,0.0026361623561275,601.0,STRONG CONVERGENCE
12773,Max King,st_kilda,572.0,0.0001631479032093,668,2.5437049000921844e-05,0.0,601.0,,,,,9.429247610511093e-05,0.00013771085420837817,1,0.0,0.0,0.0,0.0,Wheelo benchmark,9.429247610511093e-05,601.0,STRONG CONVERGENCE
13056,Ollie Lord,port_adelaide,573.0,0.0001187881945103,655,0.0003452424338149,0.0,601.0,,,,,0.0002320153141626,0.00022645423930460002,1,0.0,0.0,0.0,0.0,Wheelo benchmark,0.0002320153141626,601.0,STRONG CONVERGENCE
12811,Harry Edwards,west_coast,574.0,0.0001016673800718,667,5.627796632837817e-05,0.0,601.0,,,,,7.897267320008909e-05,4.538941374342183e-05,1,0.0,0.0,0.0,0.0,Wheelo benchmark,7.897267320008909e-05,601.0,STRONG CONVERGENCE
13228,Will Hayes,collingwood,575.0,2.766983263728737e-05,589,0.0040423469237094,0.001,579.0,,,,,0.002035008378173344,0.004014677091072113,1,0.001,0.001,0.001,0.0,Wheelo benchmark,0.0010350083781733438,579.0,STRONG CONVERGENCE
12520,Zac Fisher,north_melbourne,576.0,6.818438174183008e-06,663,7.83024493997387e-05,0.0,601.0,,,,,4.256044378696086e-05,7.148401122555569e-05,1,0.0,0.0,0.0,0.0,Wheelo benchmark,4.256044378696086e-05,601.0,STRONG CONVERGENCE
13189,Harry Armstrong,richmond,577.0,2.9843816360961108e-06,641,0.0006871290991758,0.0,601.0,,,,,0.0003450567404059481,0.0006841447175397039,1,0.0,0.0,0.0,0.0,Wheelo benchmark,0.0003450567404059481,601.0,STRONG CONVERGENCE
13053,Corey Warner,sydney,578.0,0.0,580,0.0050859950867477,,,,,,,0.00254299754337385,0.0050859950867477,0,,,,,insufficient external data,,,INSUFFICIENT EXTERNAL DATA
13335,Joel Fitzgerald,melbourne,,,103,2.2538687674241453,1.588,145.0,,,,,2.2538687674241453,,1,1.588,1.588,1.588,0.0,Wheelo benchmark,0.6658687674241452,142.0,OBJECTIVE + EXTERNAL AGREE
13348,Jack Ough,greater_western_sydney,,,273,0.3091365319725865,0.014,467.0,,,,,0.3091365319725865,,1,0.014,0.014,0.014,0.0,Wheelo benchmark,0.2951365319725865,467.0,OBJECTIVE + EXTERNAL AGREE
13340,Sam Swadling,collingwood,,,289,0.2535705538690591,0.245,272.0,,,,,0.2535705538690591,,1,0.245,0.245,0.245,0.0,Wheelo benchmark,0.008570553869059083,273.0,OBJECTIVE + EXTERNAL AGREE
13317,Billy Cootee,sydney,,,309,0.1973587349079994,0.14100000000000001,305.0,,,,,0.1973587349079994,,1,0.14100000000000001,0.14100000000000001,0.14100000000000001,0.0,Wheelo benchmark,0.05635873490799939,305.0,OBJECTIVE + EXTERNAL AGREE
13344,Noah Mraz,hawthorn,,,314,0.1842287732413042,0.030000000000000002,420.0,,,,,0.1842287732413042,,1,0.030000000000000002,0.030000000000000002,0.030000000000000002,0.0,Wheelo benchmark,0.1542287732413042,420.0,OBJECTIVE + EXTERNAL AGREE
13339,Marcus Herbert,west_coast,,,349,0.1248173460604586,0.254,269.0,,,,,0.1248173460604586,,1,0.254,0.254,0.254,0.0,Wheelo benchmark,-0.1291826539395414,270.0,OBJECTIVE + EXTERNAL AGREE
13260,Jesse Dattoli,sydney,,,363,0.1066291026801467,0.11299999999999999,319.0,,,,,0.1066291026801467,,1,0.11299999999999999,0.11299999999999999,0.11299999999999999,0.0,Wheelo benchmark,-0.006370897319853283,319.0,OBJECTIVE + EXTERNAL AGREE
13331,Campbell Lake,st_kilda,,,392,0.0816269149029959,0.001,579.0,,,,,0.0816269149029959,,1,0.001,0.001,0.001,0.0,Wheelo benchmark,0.0806269149029959,579.0,OBJECTIVE + EXTERNAL AGREE
13298,Oscar Steene,collingwood,,,411,0.0603799713384193,0.069,366.0,,,,,0.0603799713384193,,1,0.069,0.069,0.069,0.0,Wheelo benchmark,-0.008620028661580709,366.0,OBJECTIVE + EXTERNAL AGREE
13172,Liam Reidy,carlton,,,436,0.0423249118735973,0.006,518.0,,,,,0.0423249118735973,,1,0.006,0.006,0.006,0.0,Wheelo benchmark,0.0363249118735973,518.0,OBJECTIVE + EXTERNAL AGREE
13363,Max Beattie,hawthorn,,,444,0.0385249238827321,0.025,432.0,,,,,0.0385249238827321,,1,0.025,0.025,0.025,0.0,Wheelo benchmark,0.013524923882732097,432.0,OBJECTIVE + EXTERNAL AGREE
13162,Will Lorenz,port_adelaide,,,445,0.0382150274214808,0.005,526.0,,,,,0.0382150274214808,,1,0.005,0.005,0.005,0.0,Wheelo benchmark,0.0332150274214808,526.0,OBJECTIVE + EXTERNAL AGREE
13345,Oliver Francou,west_coast,,,467,0.0317600535405011,0.008,502.0,,,,,0.0317600535405011,,1,0.008,0.008,0.008,0.0,Wheelo benchmark,0.0237600535405011,502.0,OBJECTIVE + EXTERNAL AGREE
13361,Will Green,sydney,,,483,0.026474888808998,0.009000000000000001,497.0,,,,,0.026474888808998,,1,0.009000000000000001,0.009000000000000001,0.009000000000000001,0.0,Wheelo benchmark,0.017474888808997998,497.0,OBJECTIVE + EXTERNAL AGREE
13246,Charlie West,collingwood,,,489,0.0251902543592761,0.004,534.0,,,,,0.0251902543592761,,1,0.004,0.004,0.004,0.0,Wheelo benchmark,0.0211902543592761,534.0,OBJECTIVE + EXTERNAL AGREE
13321,Jack Ison,carlton,,,490,0.0251818304705794,0.013000000000000001,476.0,,,,,0.0251818304705794,,1,0.013000000000000001,0.013000000000000001,0.013000000000000001,0.0,Wheelo benchmark,0.0121818304705794,476.0,OBJECTIVE + EXTERNAL AGREE
13357,Oscar Ryan,adelaide,,,493,0.024524382139587,0.01,492.0,,,,,0.024524382139587,,1,0.01,0.01,0.01,0.0,Wheelo benchmark,0.014524382139586999,492.0,OBJECTIVE + EXTERNAL AGREE
13337,Xavier Bamert,port_adelaide,,,494,0.024502269867935,0.003,544.0,,,,,0.024502269867935,,1,0.003,0.003,0.003,0.0,Wheelo benchmark,0.021502269867935,544.0,OBJECTIVE + EXTERNAL AGREE
13249,George Stevens,geelong,,,500,0.0210086209862736,0.027,426.0,,,,,0.0210086209862736,,1,0.027,0.027,0.027,0.0,Wheelo benchmark,-0.0059913790137264,426.0,OBJECTIVE + EXTERNAL AGREE
13305,Mitch Zadow,port_adelaide,,,505,0.0189943910985095,0.003,544.0,,,,,0.0189943910985095,,1,0.003,0.003,0.003,0.0,Wheelo benchmark,0.0159943910985095,544.0,OBJECTIVE + EXTERNAL AGREE
13198,Tom Edwards,essendon,,,506,0.0188560928780547,0.003,544.0,,,,,0.0188560928780547,,1,0.003,0.003,0.003,0.0,Wheelo benchmark,0.0158560928780547,544.0,OBJECTIVE + EXTERNAL AGREE
13205,Tom Cochrane,port_adelaide,,,507,0.0186788178195396,0.002,560.0,,,,,0.0186788178195396,,1,0.002,0.002,0.002,0.0,Wheelo benchmark,0.0166788178195396,560.0,OBJECTIVE + EXTERNAL AGREE
13275,Lachie Jaques,western_bulldogs,,,510,0.0180939876708873,0.056,378.0,,,,,0.0180939876708873,,1,0.056,0.056,0.056,0.0,Wheelo benchmark,-0.0379060123291127,378.0,OBJECTIVE + EXTERNAL AGREE
13350,Ollie Greeves,hawthorn,,,511,0.0174109119493526,0.014,467.0,,,,,0.0174109119493526,,1,0.014,0.014,0.014,0.0,Wheelo benchmark,0.003410911949352601,467.0,OBJECTIVE + EXTERNAL AGREE
13309,Oliver Hayes-Brown,richmond,,,514,0.0165479037975955,0.001,579.0,,,,,0.0165479037975955,,1,0.001,0.001,0.001,0.0,Wheelo benchmark,0.015547903797595498,579.0,OBJECTIVE + EXTERNAL AGREE
13353,Jay Polkinghorne,geelong,,,518,0.016261996431397,0.022,441.0,,,,,0.016261996431397,,1,0.022,0.022,0.022,0.0,Wheelo benchmark,-0.005738003568603,441.0,OBJECTIVE + EXTERNAL AGREE
13341,Beau Addinsall,gold_coast,,,519,0.0159672312742037,0.045000000000000005,395.0,,,,,0.0159672312742037,,1,0.045000000000000005,0.045000000000000005,0.045000000000000005,0.0,Wheelo benchmark,-0.029032768725796305,395.0,OBJECTIVE + EXTERNAL AGREE
13304,Jack Dalton,hawthorn,,,527,0.0145041103568059,0.007,508.0,,,,,0.0145041103568059,,1,0.007,0.007,0.007,0.0,Wheelo benchmark,0.0075041103568058995,508.0,OBJECTIVE + EXTERNAL AGREE
13310,Charlie Edwards,adelaide,,,529,0.0141624332010873,0.026,429.0,,,,,0.0141624332010873,,1,0.026,0.026,0.026,0.0,Wheelo benchmark,-0.011837566798912699,429.0,OBJECTIVE + EXTERNAL AGREE
13281,Hussien El Achkar,essendon,,,530,0.0141006821334741,0.0,601.0,,,,,0.0141006821334741,,1,0.0,0.0,0.0,0.0,Wheelo benchmark,0.0141006821334741,601.0,OBJECTIVE + EXTERNAL AGREE
13241,Vigo Visentini,essendon,,,538,0.0126443957948336,0.005,526.0,,,,,0.0126443957948336,,1,0.005,0.005,0.005,0.0,Wheelo benchmark,0.007644395794833599,526.0,OBJECTIVE + EXTERNAL AGREE
13327,Harry Kyle,sydney,,,541,0.0117618233030488,0.011,487.0,,,,,0.0117618233030488,,1,0.011,0.011,0.011,0.0,Wheelo benchmark,0.0007618233030488013,487.0,OBJECTIVE + EXTERNAL AGREE
13347,Riley Hamilton,greater_western_sydney,,,542,0.0111684225377192,0.011,487.0,,,,,0.0111684225377192,,1,0.011,0.011,0.011,0.0,Wheelo benchmark,0.00016842253771920043,487.0,OBJECTIVE + EXTERNAL AGREE
13314,Lachlan Smith,western_bulldogs,,,545,0.0101064863208021,0.0,601.0,,,,,0.0101064863208021,,1,0.0,0.0,0.0,0.0,Wheelo benchmark,0.0101064863208021,601.0,OBJECTIVE + EXTERNAL AGREE
13332,Jai Murray,gold_coast,,,552,0.0095315015275331,0.003,544.0,,,,,0.0095315015275331,,1,0.003,0.003,0.003,0.0,Wheelo benchmark,0.0065315015275331,544.0,OBJECTIVE + EXTERNAL AGREE
13200,Liam Fawcett,richmond,,,555,0.009368002114791,0.001,579.0,,,,,0.009368002114791,,1,0.001,0.001,0.001,0.0,Wheelo benchmark,0.008368002114790999,579.0,OBJECTIVE + EXTERNAL AGREE
13324,Charlie Banfield,st_kilda,,,563,0.0066776298039796,0.001,579.0,,,,,0.0066776298039796,,1,0.001,0.001,0.001,0.0,Wheelo benchmark,0.0056776298039796,579.0,OBJECTIVE + EXTERNAL AGREE
13349,Flynn Riley,carlton,,,564,0.006554015786583,0.0,601.0,,,,,0.006554015786583,,1,0.0,0.0,0.0,0.0,Wheelo benchmark,0.006554015786583,601.0,OBJECTIVE + EXTERNAL AGREE
13226,Cody Angove,greater_western_sydney,,,566,0.0065476912383798,0.005,526.0,,,,,0.0065476912383798,,1,0.005,0.005,0.005,0.0,Wheelo benchmark,0.0015476912383797998,526.0,OBJECTIVE + EXTERNAL AGREE
13288,Lachy Dovaston,north_melbourne,,,573,0.0059611800110202,0.0,601.0,,,,,0.0059611800110202,,1,0.0,0.0,0.0,0.0,Wheelo benchmark,0.0059611800110202,601.0,OBJECTIVE + EXTERNAL AGREE
13296,Chris Scerri,fremantle,,,575,0.005668613820759,0.004,534.0,,,,,0.005668613820759,,1,0.004,0.004,0.004,0.0,Wheelo benchmark,0.001668613820759,534.0,OBJECTIVE + EXTERNAL AGREE
13333,Luke Kennedy,western_bulldogs,,,581,0.0050709930940683,0.001,579.0,,,,,0.0050709930940683,,1,0.001,0.001,0.001,0.0,Wheelo benchmark,0.0040709930940683,579.0,OBJECTIVE + EXTERNAL AGREE
13352,Jaxon Artemis,essendon,,,585,0.0046067796838997,0.0,601.0,,,,,0.0046067796838997,,1,0.0,0.0,0.0,0.0,Wheelo benchmark,0.0046067796838997,601.0,OBJECTIVE + EXTERNAL AGREE
13174,James Leake,greater_western_sydney,,,591,0.0037968587801348,0.003,544.0,,,,,0.0037968587801348,,1,0.003,0.003,0.003,0.0,Wheelo benchmark,0.0007968587801347998,544.0,OBJECTIVE + EXTERNAL AGREE
13250,Malakai Champion,west_coast,,,593,0.0034207511103211,0.002,560.0,,,,,0.0034207511103211,,1,0.002,0.002,0.002,0.0,Wheelo benchmark,0.0014207511103211,560.0,OBJECTIVE + EXTERNAL AGREE
13308,Louis Emmett,western_bulldogs,,,595,0.0032010617636774,0.0,601.0,,,,,0.0032010617636774,,1,0.0,0.0,0.0,0.0,Wheelo benchmark,0.0032010617636774,601.0,OBJECTIVE + EXTERNAL AGREE
13302,Oliver Hannaford,greater_western_sydney,,,597,0.0030424743616905,0.007,508.0,,,,,0.0030424743616905,,1,0.007,0.007,0.007,0.0,Wheelo benchmark,-0.003957525638309501,508.0,OBJECTIVE + EXTERNAL AGREE
13311,Will McCabe,hawthorn,,,599,0.0027944090811027,0.001,579.0,,,,,0.0027944090811027,,1,0.001,0.001,0.001,0.0,Wheelo benchmark,0.0017944090811027,579.0,OBJECTIVE + EXTERNAL AGREE
13346,Dylan Patterson,gold_coast,,,601,0.0027136612261148,0.0,601.0,,,,,0.0027136612261148,,1,0.0,0.0,0.0,0.0,Wheelo benchmark,0.0027136612261148,601.0,OBJECTIVE + EXTERNAL AGREE
13360,Alex Van Wyk,port_adelaide,,,602,0.0026342737069367,0.0,601.0,,,,,0.0026342737069367,,1,0.0,0.0,0.0,0.0,Wheelo benchmark,0.0026342737069367,601.0,OBJECTIVE + EXTERNAL AGREE
13215,Sam Marshall,brisbane_lions,,,604,0.0024974077212399,0.0,601.0,,,,,0.0024974077212399,,1,0.0,0.0,0.0,0.0,Wheelo benchmark,0.0024974077212399,601.0,OBJECTIVE + EXTERNAL AGREE
13334,Lukas Cooke,melbourne,,,607,0.0023483954796746,0.001,579.0,,,,,0.0023483954796746,,1,0.001,0.001,0.001,0.0,Wheelo benchmark,0.0013483954796746,579.0,OBJECTIVE + EXTERNAL AGREE
13257,Ben Jepson,gold_coast,,,608,0.0023359328788068,0.001,579.0,,,,,0.0023359328788068,,1,0.001,0.001,0.001,0.0,Wheelo benchmark,0.0013359328788068,579.0,OBJECTIVE + EXTERNAL AGREE
13342,Liam Puncher,collingwood,,,612,0.0020968367575859,0.001,579.0,,,,,0.0020968367575859,,1,0.001,0.001,0.001,0.0,Wheelo benchmark,0.0010968367575859002,579.0,OBJECTIVE + EXTERNAL AGREE
13277,Zane Zakostelsky,brisbane_lions,,,613,0.0020729090457716,0.0,601.0,,,,,0.0020729090457716,,1,0.0,0.0,0.0,0.0,Wheelo benchmark,0.0020729090457716,601.0,OBJECTIVE + EXTERNAL AGREE
13295,Daniel Annable,brisbane_lions,,,614,0.0020687092924105,0.0,601.0,,,,,0.0020687092924105,,1,0.0,0.0,0.0,0.0,Wheelo benchmark,0.0020687092924105,601.0,OBJECTIVE + EXTERNAL AGREE
13270,Harrison Ramm,port_adelaide,,,615,0.0020607087468457,0.0,601.0,,,,,0.0020607087468457,,1,0.0,0.0,0.0,0.0,Wheelo benchmark,0.0020607087468457,601.0,OBJECTIVE + EXTERNAL AGREE
13183,Aidan Johnson,melbourne,,,616,0.00195539608001,0.002,560.0,,,,,0.00195539608001,,1,0.002,0.002,0.002,0.0,Wheelo benchmark,-4.4603919990000244e-05,560.0,OBJECTIVE + EXTERNAL AGREE
13258,Jayden Nguyen,essendon,,,618,0.0018136399534819,0.0,601.0,,,,,0.0018136399534819,,1,0.0,0.0,0.0,0.0,Wheelo benchmark,0.0018136399534819,601.0,OBJECTIVE + EXTERNAL AGREE
13354,Balyn OBrien,port_adelaide,,,619,0.0017435495120012,0.0,601.0,,,,,0.0017435495120012,,1,0.0,0.0,0.0,0.0,Wheelo benchmark,0.0017435495120012,601.0,OBJECTIVE + EXTERNAL AGREE
13326,Cameron Nairn,hawthorn,,,621,0.0015790566065335,0.003,544.0,,,,,0.0015790566065335,,1,0.003,0.003,0.003,0.0,Wheelo benchmark,-0.0014209433934665,544.0,OBJECTIVE + EXTERNAL AGREE
13325,Harrison Oliver,greater_western_sydney,,,622,0.0015376049939936,0.0,601.0,,,,,0.0015376049939936,,1,0.0,0.0,0.0,0.0,Wheelo benchmark,0.0015376049939936,601.0,OBJECTIVE + EXTERNAL AGREE
13323,Noah Roberts-Thomson,richmond,,,624,0.0012828726515397,0.0,601.0,,,,,0.0012828726515397,,1,0.0,0.0,0.0,0.0,Wheelo benchmark,0.0012828726515397,601.0,OBJECTIVE + EXTERNAL AGREE
13315,Tom Burton,richmond,,,625,0.0012727428738746,0.0,601.0,,,,,0.0012727428738746,,1,0.0,0.0,0.0,0.0,Wheelo benchmark,0.0012727428738746,601.0,OBJECTIVE + EXTERNAL AGREE
13320,Bodie Ryan,hawthorn,,,627,0.0011988364870317,0.0,601.0,,,,,0.0011988364870317,,1,0.0,0.0,0.0,0.0,Wheelo benchmark,0.0011988364870317,601.0,OBJECTIVE + EXTERNAL AGREE
13233,Hudson OKeeffe,carlton,,,628,0.0011896118706875,0.0,601.0,,,,,0.0011896118706875,,1,0.0,0.0,0.0,0.0,Wheelo benchmark,0.0011896118706875,601.0,OBJECTIVE + EXTERNAL AGREE
13264,Rhys Unwin,essendon,,,629,0.001146103835077,0.0,601.0,,,,,0.001146103835077,,1,0.0,0.0,0.0,0.0,Wheelo benchmark,0.001146103835077,601.0,OBJECTIVE + EXTERNAL AGREE
13343,Matt Hill,hawthorn,,,633,0.0009738832263084,0.001,579.0,,,,,0.0009738832263084,,1,0.001,0.001,0.001,0.0,Wheelo benchmark,-2.611677369160001e-05,579.0,OBJECTIVE + EXTERNAL AGREE
13322,Tom Anastasopoulos,port_adelaide,,,634,0.0008594063591378,0.0,601.0,,,,,0.0008594063591378,,1,0.0,0.0,0.0,0.0,Wheelo benchmark,0.0008594063591378,601.0,OBJECTIVE + EXTERNAL AGREE
13329,Mitch Podhajski,collingwood,,,638,0.0007192760690924,0.001,579.0,,,,,0.0007192760690924,,1,0.001,0.001,0.001,0.0,Wheelo benchmark,-0.0002807239309076,579.0,OBJECTIVE + EXTERNAL AGREE
13359,Noah Howes,collingwood,,,639,0.0007115585794551,0.001,579.0,,,,,0.0007115585794551,,1,0.001,0.001,0.001,0.0,Wheelo benchmark,-0.00028844142054489997,579.0,OBJECTIVE + EXTERNAL AGREE
13364,Tobyn Murray,fremantle,,,640,0.0007057442577421,0.0,601.0,,,,,0.0007057442577421,,1,0.0,0.0,0.0,0.0,Wheelo benchmark,0.0007057442577421,601.0,OBJECTIVE + EXTERNAL AGREE
13336,Taylor Goad,north_melbourne,,,643,0.000648643813672,0.0,601.0,,,,,0.000648643813672,,1,0.0,0.0,0.0,0.0,Wheelo benchmark,0.000648643813672,601.0,OBJECTIVE + EXTERNAL AGREE
13208,Matt Whitlock,north_melbourne,,,646,0.0005563437256099,0.0,601.0,,,,,0.0005563437256099,,1,0.0,0.0,0.0,0.0,Wheelo benchmark,0.0005563437256099,601.0,OBJECTIVE + EXTERNAL AGREE
13267,Jacob Newton,west_coast,,,648,0.0004563603407154,0.0,601.0,,,,,0.0004563603407154,,1,0.0,0.0,0.0,0.0,Wheelo benchmark,0.0004563603407154,601.0,OBJECTIVE + EXTERNAL AGREE
13330,Luker Kentfield,melbourne,,,652,0.0004091649578274,0.001,579.0,,,,,0.0004091649578274,,1,0.001,0.001,0.001,0.0,Wheelo benchmark,-0.0005908350421726,579.0,OBJECTIVE + EXTERNAL AGREE
13319,Cody Curtin,brisbane_lions,,,653,0.0003882959753186,0.0,601.0,,,,,0.0003882959753186,,1,0.0,0.0,0.0,0.0,Wheelo benchmark,0.0003882959753186,601.0,OBJECTIVE + EXTERNAL AGREE
13161,Andy Moniz-Wakefield,melbourne,,,654,0.0003753002241891,0.0,601.0,,,,,0.0003753002241891,,1,0.0,0.0,0.0,0.0,Wheelo benchmark,0.0003753002241891,601.0,OBJECTIVE + EXTERNAL AGREE
13351,Zane Peucker,richmond,,,656,0.0003398522344812,0.0,601.0,,,,,0.0003398522344812,,1,0.0,0.0,0.0,0.0,Wheelo benchmark,0.0003398522344812,601.0,OBJECTIVE + EXTERNAL AGREE
13312,Xavier Taylor,melbourne,,,657,0.0003148325231047,0.001,579.0,,,,,0.0003148325231047,,1,0.001,0.001,0.001,0.0,Wheelo benchmark,-0.0006851674768953,579.0,OBJECTIVE + EXTERNAL AGREE
13358,Aidan Schubert,hawthorn,,,658,0.0003111625322528,0.0,601.0,,,,,0.0003111625322528,,1,0.0,0.0,0.0,0.0,Wheelo benchmark,0.0003111625322528,601.0,OBJECTIVE + EXTERNAL AGREE
13356,Archie Ludowyke,adelaide,,,659,0.0002872797097677,0.0,601.0,,,,,0.0002872797097677,,1,0.0,0.0,0.0,0.0,Wheelo benchmark,0.0002872797097677,601.0,OBJECTIVE + EXTERNAL AGREE
13362,Lachlan Carmichael,western_bulldogs,,,664,7.018192633309892e-05,0.0,601.0,,,,,7.018192633309892e-05,,1,0.0,0.0,0.0,0.0,Wheelo benchmark,7.018192633309892e-05,601.0,OBJECTIVE + EXTERNAL AGREE
13202,Will McLachlan,brisbane_lions,,,665,6.991818688272051e-05,0.0,601.0,,,,,6.991818688272051e-05,,1,0.0,0.0,0.0,0.0,Wheelo benchmark,6.991818688272051e-05,601.0,OBJECTIVE + EXTERNAL AGREE
13355,Caleb Lewis,gold_coast,,,666,5.684486666243518e-05,0.0,601.0,,,,,5.684486666243518e-05,,1,0.0,0.0,0.0,0.0,Wheelo benchmark,5.684486666243518e-05,601.0,OBJECTIVE + EXTERNAL AGREE
