round,match_label,wheelo_player_name,team_id,player_id,match_status,wheelo_ev,wheelo_p3_pct,wheelo_match_rank
0,Syd v Carl,Justin McInerney,sydney,12711,resolved,2.631,67.6,1
0,Syd v Carl,Errol Gulden,sydney,12862,resolved,1.749,22.5,2
0,Syd v Carl,Isaac Heeney,sydney,12326,resolved,0.959,7.7,3
0,Syd v Carl,Sam Walsh,carlton,12684,resolved,0.222,1.1,4
0,Syd v Carl,Chad Warner,sydney,12797,resolved,0.206,1.1,5
0,Syd v Carl,James Rowbottom,sydney,12714,resolved,0.047,0.0,6
0,Syd v Carl,Angus Sheldrick,sydney,12951,resolved,0.036,0.0,7
0,Syd v Carl,Matt Roberts,sydney,12994,resolved,0.026,0.0,8
0,Syd v Carl,Brodie Grundy,sydney,12217,resolved,0.018,0.0,9
0,Syd v Carl,Marc Pittonet,carlton,12417,resolved,0.016,0.0,10
0,Syd v Carl,Joel Amartey,sydney,12844,resolved,0.015,0.0,11
0,Syd v Carl,Callum Mills,sydney,12413,resolved,0.013,0.0,12
0,Syd v Carl,Nick Blakey,sydney,12699,resolved,0.01,0.0,14
0,Syd v Carl,Tom McCartin,sydney,12627,resolved,0.01,0.0,13
0,Syd v Carl,Charlie Curnow,sydney,12421,resolved,0.01,0.0,15
0,Syd v Carl,Riley Bice,sydney,13195,resolved,0.007,0.0,16
0,Syd v Carl,Jai Serong,sydney,13022,resolved,0.006,0.0,17
0,Syd v Carl,Jagga Smith,carlton,13274,resolved,0.003,0.0,18
0,Syd v Carl,James Jordon,sydney,12860,resolved,0.003,0.0,19
0,Syd v Carl,Patrick Cripps,carlton,12261,resolved,0.003,0.0,21
0,Syd v Carl,Oliver Florent,carlton,12497,resolved,0.002,0.0,20
0,Syd v Carl,Dane Rampe,sydney,12140,resolved,0.002,0.0,23
0,Syd v Carl,Jake Lloyd,sydney,12268,resolved,0.002,0.0,22
0,Syd v Carl,Cooper Lord,carlton,13170,resolved,0.002,0.0,24
0,Syd v Carl,Logan McDonald,sydney,12861,resolved,0.001,0.0,25
0,Syd v Carl,Malcolm Rosas,sydney,12903,resolved,0.001,0.0,27
0,Syd v Carl,Tom Papley,sydney,12412,resolved,0.001,0.0,28
0,Syd v Carl,Lewis Melican,sydney,12526,resolved,0.001,0.0,26
0,Syd v Carl,Sam Wicks,sydney,12818,resolved,0.001,0.0,29
0,Syd v Carl,Zac Williams,carlton,12175,resolved,0.0,0.0,30
0,Syd v Carl,Oliver Hollands,carlton,13029,resolved,0.0,0.0,31
0,Syd v Carl,Elijah Hollands,carlton,13016,resolved,0.0,0.0,32
0,Syd v Carl,Campbell Chesser,carlton,13039,resolved,0.0,0.0,33
0,Syd v Carl,Jacob Weitering,carlton,12402,resolved,0.0,0.0,34
0,Syd v Carl,George Hewett,carlton,12411,resolved,0.0,0.0,35
0,Syd v Carl,Adam Saad,carlton,12330,resolved,0.0,0.0,36
0,Syd v Carl,Mitch McGovern,carlton,12404,resolved,0.0,0.0,37
0,Syd v Carl,Harry McKay,carlton,12566,resolved,0.0,0.0,38
0,Syd v Carl,Ben Ainsworth,carlton,12498,resolved,0.0,0.0,39
0,Syd v Carl,Brodie Kemp,carlton,12937,resolved,0.0,0.0,40
0,Syd v Carl,Ashton Moir,carlton,13171,resolved,0.0,0.0,41
0,Syd v Carl,Harry Dean,carlton,13273,resolved,0.0,0.0,42
0,Syd v Carl,Lewis Young,carlton,12559,resolved,0.0,0.0,43
0,Syd v Carl,Will Hayward,carlton,12509,resolved,0.0,0.0,44
0,Syd v Carl,Lachie Fogarty,carlton,12596,resolved,0.0,0.0,45
0,Syd v Carl,Liam Reidy,carlton,13172,resolved,0.0,0.0,46
0,GC v Geel,Christian Petracca,gold_coast,12430,resolved,2.948,94.9,1
0,GC v Geel,Bailey Humphrey,gold_coast,13049,resolved,1.203,3.7,2
0,GC v Geel,John Noble,gold_coast,12743,resolved,0.7,1.1,3
0,GC v Geel,Touk Miller,gold_coast,12331,resolved,0.333,0.2,4
0,GC v Geel,Noah Anderson,gold_coast,12767,resolved,0.245,0.1,5
0,GC v Geel,Sam Collins,gold_coast,12444,resolved,0.096,0.0,6
0,GC v Geel,Daniel Rioli,gold_coast,12403,resolved,0.079,0.0,7
0,GC v Geel,Wil Powell,gold_coast,12652,resolved,0.058,0.0,8
0,GC v Geel,Ben King,gold_coast,12728,resolved,0.045,0.0,9
0,GC v Geel,Tanner Bruhn,geelong,12871,resolved,0.031,0.0,10
0,GC v Geel,Mac Andrew,gold_coast,13019,resolved,0.024,0.0,11
0,GC v Geel,Tom Atkins,geelong,12690,resolved,0.023,0.0,14
0,GC v Geel,Alex Davies,gold_coast,12942,resolved,0.022,0.0,13
0,GC v Geel,Lachie Weller,gold_coast,12385,resolved,0.022,0.0,15
0,GC v Geel,Max Holmes,geelong,12881,resolved,0.021,0.0,12
0,GC v Geel,Leonardo Lombard,gold_coast,13232,resolved,0.021,0.0,18
0,GC v Geel,Oliver Dempsey,geelong,12974,resolved,0.019,0.0,16
0,GC v Geel,Joel Jeffrey,gold_coast,12933,resolved,0.019,0.0,17
0,GC v Geel,Jarrod Witts,gold_coast,12177,resolved,0.013,0.0,20
0,GC v Geel,Ben Long,gold_coast,12521,resolved,0.012,0.0,19
0,GC v Geel,Bodhi Uwland,gold_coast,13041,resolved,0.01,0.0,21
0,GC v Geel,Gryan Miers,geelong,12689,resolved,0.009,0.0,22
0,GC v Geel,Bailey Smith,geelong,12692,resolved,0.008,0.0,23
0,GC v Geel,Sam Clohesy,gold_coast,13119,resolved,0.007,0.0,24
0,GC v Geel,James Worpel,geelong,12619,resolved,0.007,0.0,25
0,GC v Geel,Zeke Uwland,gold_coast,13278,resolved,0.006,0.0,26
0,GC v Geel,Ethan Read,gold_coast,13121,resolved,0.005,0.0,27
0,GC v Geel,Tom Stewart,geelong,12505,resolved,0.005,0.0,28
0,GC v Geel,Will Graham,gold_coast,13120,resolved,0.003,0.0,29
0,GC v Geel,Oscar Adams,gold_coast,13251,resolved,0.001,0.0,30
0,GC v Geel,Mark O'Connor,geelong,12531,resolved,0.001,0.0,32
0,GC v Geel,Connor O'Sullivan,geelong,13122,resolved,0.001,0.0,31
0,GC v Geel,Zach Guthrie,geelong,12551,resolved,0.001,0.0,33
0,GC v Geel,Sam De Koning,geelong,12891,resolved,0.0,0.0,34
0,GC v Geel,Mark Blicavs,geelong,12153,resolved,0.0,0.0,35
0,GC v Geel,Jack Henry,geelong,12607,resolved,0.0,0.0,36
0,GC v Geel,Lawson Humphries,geelong,13160,resolved,0.0,0.0,37
0,GC v Geel,Oliver Henry,geelong,12851,resolved,0.0,0.0,38
0,GC v Geel,Jhye Clark,geelong,13062,resolved,0.0,0.0,39
0,GC v Geel,Jy Farrar,gold_coast,12848,resolved,0.0,0.0,40
0,GC v Geel,Mitch Knevitt,geelong,12986,resolved,0.0,0.0,41
0,GC v Geel,Shaun Mannagh,geelong,13104,resolved,0.0,0.0,42
0,GC v Geel,Jack Martin,geelong,12236,resolved,0.0,0.0,43
0,GC v Geel,Shannon Neale,geelong,12992,resolved,0.0,0.0,44
0,GC v Geel,Brad Close,geelong,12806,resolved,0.0,0.0,45
0,GC v Geel,Oisin Mullin,geelong,13066,resolved,0.0,0.0,46
0,GWS v Haw,Jake Stringer,greater_western_sydney,12167,resolved,2.293,48.7,1
0,GWS v Haw,Finn Callaghan,greater_western_sydney,12969,resolved,1.464,22.7,2
0,GWS v Haw,Clayton Oliver,greater_western_sydney,12410,resolved,1.298,19.4,3
0,GWS v Haw,Stephen Coniglio,greater_western_sydney,12028,resolved,0.427,5.5,4
0,GWS v Haw,Jake Riccardi,greater_western_sydney,12834,resolved,0.138,1.3,5
0,GWS v Haw,Joe Fonti,greater_western_sydney,13164,resolved,0.118,1.2,6
0,GWS v Haw,Toby Greene,greater_western_sydney,12025,resolved,0.075,0.6,7
0,GWS v Haw,Jai Newcombe,hawthorn,12915,resolved,0.062,0.4,8
0,GWS v Haw,Lachie Whitfield,greater_western_sydney,12143,resolved,0.036,0.2,9
0,GWS v Haw,James Sicily,hawthorn,12332,resolved,0.016,0.0,10
0,GWS v Haw,Harry Rowston,greater_western_sydney,13045,resolved,0.012,0.0,11
0,GWS v Haw,Lachie Ash,greater_western_sydney,12782,resolved,0.012,0.0,12
0,GWS v Haw,Harvey Thomas,greater_western_sydney,13101,resolved,0.006,0.0,13
0,GWS v Haw,Kieren Briggs,greater_western_sydney,12904,resolved,0.006,0.0,14
0,GWS v Haw,Jesse Hogan,greater_western_sydney,12321,resolved,0.005,0.0,15
0,GWS v Haw,Jayden Laverde,greater_western_sydney,12377,resolved,0.005,0.0,16
0,GWS v Haw,Harry Himmelberg,greater_western_sydney,12462,resolved,0.004,0.0,17
0,GWS v Haw,Connor Macdonald,hawthorn,12954,resolved,0.004,0.0,18
0,GWS v Haw,Josh Ward,hawthorn,12955,resolved,0.002,0.0,21
0,GWS v Haw,Mabior Chol,hawthorn,12485,resolved,0.002,0.0,20
0,GWS v Haw,Conor Nash,hawthorn,12670,resolved,0.002,0.0,23
0,GWS v Haw,Connor Idun,greater_western_sydney,12750,resolved,0.002,0.0,19
0,GWS v Haw,Jack Ginnivan,hawthorn,12927,resolved,0.002,0.0,26
0,GWS v Haw,Jack Buckley,greater_western_sydney,12846,resolved,0.002,0.0,24
0,GWS v Haw,Nick Watson,hawthorn,13105,resolved,0.002,0.0,27
0,GWS v Haw,Josh Battle,hawthorn,12558,resolved,0.002,0.0,22
0,GWS v Haw,Jack Gunston,hawthorn,11845,resolved,0.001,0.0,25
0,GWS v Haw,Callum Brown,greater_western_sydney,12910,resolved,0.001,0.0,29
0,GWS v Haw,Jack Scrimshaw,hawthorn,12565,resolved,0.001,0.0,28
0,GWS v Haw,Max Gruzewski,greater_western_sydney,13158,resolved,0.001,0.0,30
0,GWS v Haw,Phoenix Gothard,greater_western_sydney,13279,resolved,0.0,0.0,31
0,GWS v Haw,Massimo D'Ambrosio,hawthorn,12998,resolved,0.0,0.0,32
0,GWS v Haw,Ryan Angwin,greater_western_sydney,13001,resolved,0.0,0.0,33
0,GWS v Haw,Josh Weddle,hawthorn,13057,resolved,0.0,0.0,34
0,GWS v Haw,Jarman Impey,hawthorn,12237,resolved,0.0,0.0,35
0,GWS v Haw,Karl Amon,hawthorn,12357,resolved,0.0,0.0,36
0,GWS v Haw,Sam Butler,hawthorn,12988,resolved,0.0,0.0,37
0,GWS v Haw,Harry Morrison,hawthorn,12579,resolved,0.0,0.0,38
0,GWS v Haw,Blake Hardwick,hawthorn,12469,resolved,0.0,0.0,39
0,GWS v Haw,Xavier O'Halloran,greater_western_sydney,12821,resolved,0.0,0.0,40
0,GWS v Haw,Lloyd Meek,hawthorn,12856,resolved,0.0,0.0,41
0,GWS v Haw,Mitch Lewis,hawthorn,12636,resolved,0.0,0.0,42
0,GWS v Haw,Josaia Delana,greater_western_sydney,13222,resolved,0.0,0.0,43
0,GWS v Haw,Tom Barrass,hawthorn,12383,resolved,0.0,0.0,44
0,GWS v Haw,Dylan Moore,hawthorn,12710,resolved,0.0,0.0,45
0,GWS v Haw,Finn Maginness,hawthorn,12843,resolved,0.0,0.0,46
0,Bris v WB,Ed Richards,western_bulldogs,12605,resolved,2.641,68.3,1
0,Bris v WB,Lachie Neale,brisbane_lions,12055,resolved,1.74,23.7,2
0,Bris v WB,Marcus Bontempelli,western_bulldogs,12269,resolved,0.394,2.9,3
0,Bris v WB,Charlie Cameron,brisbane_lions,,unresolved,0.273,1.7,4
0,Bris v WB,Matthew Kennedy,western_bulldogs,12455,resolved,0.239,1.4,5
0,Bris v WB,Tom Liberatore,western_bulldogs,11898,resolved,0.13,0.5,6
0,Bris v WB,Will Ashcroft,brisbane_lions,13040,resolved,0.116,0.5,7
0,Bris v WB,Connor Budarick,western_bulldogs,12769,resolved,0.106,0.4,8
0,Bris v WB,Tim English,western_bulldogs,12537,resolved,0.097,0.3,9
0,Bris v WB,Bailey Williams,western_bulldogs,12441,resolved,0.083,0.3,10
0,Bris v WB,Dayne Zorko,brisbane_lions,12076,resolved,0.066,0.1,11
0,Bris v WB,Ryan Lester,brisbane_lions,11894,resolved,0.021,0.0,12
0,Bris v WB,Harris Andrews,brisbane_lions,12340,resolved,0.017,0.0,13
0,Bris v WB,Rory Lobb,western_bulldogs,12282,resolved,0.011,0.0,14
0,Bris v WB,Joel Freijah,western_bulldogs,13140,resolved,0.01,0.0,15
0,Bris v WB,Bailey Dale,western_bulldogs,12354,resolved,0.008,0.0,16
0,Bris v WB,Jarrod Berry,brisbane_lions,12519,resolved,0.007,0.0,17
0,Bris v WB,Josh Dunkley,brisbane_lions,12408,resolved,0.007,0.0,18
0,Bris v WB,Logan Morris,brisbane_lions,13137,resolved,0.004,0.0,19
0,Bris v WB,Darcy Wilmot,brisbane_lions,13026,resolved,0.003,0.0,23
0,Bris v WB,Kai Lohmann,brisbane_lions,12968,resolved,0.003,0.0,21
0,Bris v WB,Jaspa Fletcher,brisbane_lions,13072,resolved,0.003,0.0,20
0,Bris v WB,Lachie Jaques,western_bulldogs,13275,resolved,0.002,0.0,26
0,Bris v WB,Sam Darcy,western_bulldogs,13021,resolved,0.002,0.0,22
0,Bris v WB,Zac Bailey,brisbane_lions,12610,resolved,0.002,0.0,25
0,Bris v WB,Aaron Naughton,western_bulldogs,12594,resolved,0.002,0.0,27
0,Bris v WB,Lachlan Bramble,western_bulldogs,12916,resolved,0.002,0.0,24
0,Bris v WB,Darcy Fort,brisbane_lions,12724,resolved,0.002,0.0,29
0,Bris v WB,Rhylee West,western_bulldogs,12748,resolved,0.002,0.0,31
0,Bris v WB,Cam Rayner,brisbane_lions,12592,resolved,0.002,0.0,28
0,Bris v WB,Keidean Coleman,brisbane_lions,12838,resolved,0.002,0.0,30
0,Bris v WB,James O'Donnell,western_bulldogs,13061,resolved,0.001,0.0,34
0,Bris v WB,Oskar Baker,western_bulldogs,12723,resolved,0.001,0.0,35
0,Bris v WB,Bruce Reville,brisbane_lions,13138,resolved,0.0,0.0,32
0,Bris v WB,Levi Ashcroft,brisbane_lions,13197,resolved,0.0,0.0,33
0,Bris v WB,Cooper Hynes,western_bulldogs,13213,resolved,0.0,0.0,36
0,Bris v WB,Michael Sellwood,western_bulldogs,13276,resolved,0.0,0.0,37
0,Bris v WB,Buku Khamis,western_bulldogs,12900,resolved,0.0,0.0,38
0,Bris v WB,Sam Davidson,western_bulldogs,13178,resolved,0.0,0.0,39
0,Bris v WB,Oscar Allen,brisbane_lions,12655,resolved,0.0,0.0,40
0,Bris v WB,Zane Zakostelsky,brisbane_lions,13277,resolved,0.0,0.0,41
0,Bris v WB,Ty Gallop,brisbane_lions,13235,resolved,0.0,0.0,42
0,Bris v WB,Jordan Croft,western_bulldogs,13265,resolved,0.0,0.0,43
0,Bris v WB,Darcy Gardiner,brisbane_lions,12267,resolved,0.0,0.0,44
0,Bris v WB,Arthur Jones,western_bulldogs,13046,resolved,0.0,0.0,45
0,Bris v WB,Hugh McCluggage,brisbane_lions,12518,resolved,0.0,0.0,46
0,St K v Coll,Nick Daicos,collingwood,12943,resolved,2.94,94.1,1
0,St K v Coll,Josh Daicos,collingwood,12573,resolved,1.116,4.3,2
0,St K v Coll,Jordan De Goey,collingwood,12318,resolved,0.608,1.1,3
0,St K v Coll,Jack Sinclair,st_kilda,12325,resolved,0.342,0.4,4
0,St K v Coll,Dan Houston,collingwood,12495,resolved,0.212,0.1,5
0,St K v Coll,Isaac Quaynor,collingwood,12740,resolved,0.097,0.0,6
0,St K v Coll,Scott Pendlebury,collingwood,4182,resolved,0.093,0.0,7
0,St K v Coll,Darcy Cameron,collingwood,12660,resolved,0.082,0.0,8
0,St K v Coll,Lachie Schultz,collingwood,12700,resolved,0.077,0.0,9
0,St K v Coll,Brayden Maynard,collingwood,12371,resolved,0.077,0.0,10
0,St K v Coll,Sam Flanders,st_kilda,12824,resolved,0.063,0.0,11
0,St K v Coll,Beau McCreery,collingwood,12876,resolved,0.049,0.0,12
0,St K v Coll,Jack Crisp,collingwood,12061,resolved,0.042,0.0,13
0,St K v Coll,Harry Perryman,collingwood,12536,resolved,0.037,0.0,14
0,St K v Coll,Marcus Windhager,st_kilda,12967,resolved,0.023,0.0,15
0,St K v Coll,Nasiah Wanganeen-Milera,st_kilda,12950,resolved,0.022,0.0,16
0,St K v Coll,Callum Wilkie,st_kilda,12703,resolved,0.021,0.0,17
0,St K v Coll,Tom De Koning,st_kilda,12674,resolved,0.014,0.0,18
0,St K v Coll,Billy Frampton,collingwood,12676,resolved,0.013,0.0,19
0,St K v Coll,Patrick Lipinski,collingwood,12578,resolved,0.012,0.0,20
0,St K v Coll,Bradley Hill,st_kilda,12060,resolved,0.011,0.0,21
0,St K v Coll,Hugo Garcia,st_kilda,13125,resolved,0.01,0.0,22
0,St K v Coll,Steele Sidebottom,collingwood,11751,resolved,0.007,0.0,23
0,St K v Coll,Mattaes Phillipou,st_kilda,13036,resolved,0.007,0.0,24
0,St K v Coll,Jack Silvagni,st_kilda,12458,resolved,0.005,0.0,25
0,St K v Coll,Jamie Elliott,collingwood,12083,resolved,0.005,0.0,26
0,St K v Coll,Mitch Owens,st_kilda,12948,resolved,0.002,0.0,29
0,St K v Coll,Max Hall,st_kilda,13193,resolved,0.002,0.0,31
0,St K v Coll,Wil Parker,collingwood,13147,resolved,0.002,0.0,30
0,St K v Coll,Darcy Wilson,st_kilda,13110,resolved,0.002,0.0,28
0,St K v Coll,Ned Long,collingwood,13023,resolved,0.002,0.0,27
0,St K v Coll,Roan Steele,collingwood,13248,resolved,0.002,0.0,33
0,St K v Coll,Cooper Sharman,st_kilda,12929,resolved,0.002,0.0,32
0,St K v Coll,Jack Macrae,st_kilda,12166,resolved,0.001,0.0,34
0,St K v Coll,Jack Carroll,st_kilda,12976,resolved,0.001,0.0,35
0,St K v Coll,Daniel McStay,collingwood,12291,resolved,0.0,0.0,36
0,St K v Coll,Edward Allan,collingwood,13146,resolved,0.0,0.0,37
0,St K v Coll,Tim Membrey,collingwood,12300,resolved,0.0,0.0,38
0,St K v Coll,Jack Buller,collingwood,13071,resolved,0.0,0.0,39
0,St K v Coll,Liam Ryan,st_kilda,12600,resolved,0.0,0.0,40
0,St K v Coll,Jack Higgins,st_kilda,12609,resolved,0.0,0.0,41
0,St K v Coll,Mason Wood,st_kilda,12312,resolved,0.0,0.0,42
0,St K v Coll,Anthony Caminiti,st_kilda,13035,resolved,0.0,0.0,43
0,St K v Coll,Rowan Marshall,st_kilda,12564,resolved,0.0,0.0,44
0,St K v Coll,Hugh Boxshall,st_kilda,13220,resolved,0.0,0.0,45
0,St K v Coll,Alix Tauru,st_kilda,13243,resolved,0.0,0.0,46
1,Carl v Rich,Sam Walsh,carlton,12684,resolved,2.297,46.2,1
1,Carl v Rich,Patrick Cripps,carlton,12261,resolved,2.089,37.4,2
1,Carl v Rich,Jagga Smith,carlton,13274,resolved,0.581,6.6,3
1,Carl v Rich,Tim Taranto,richmond,12504,resolved,0.524,5.8,4
1,Carl v Rich,Jayden Short,richmond,12418,resolved,0.299,3.1,5
1,Carl v Rich,George Hewett,carlton,12411,resolved,0.067,0.6,6
1,Carl v Rich,Sam Lalor,richmond,13190,resolved,0.036,0.2,7
1,Carl v Rich,Marc Pittonet,carlton,12417,resolved,0.011,0.0,9
1,Carl v Rich,Oliver Florent,carlton,12497,resolved,0.009,0.0,8
1,Carl v Rich,Jack Ross,richmond,,unresolved,0.009,0.0,10
1,Carl v Rich,Harry McKay,carlton,12566,resolved,0.008,0.0,11
1,Carl v Rich,Mitch McGovern,carlton,12404,resolved,0.008,0.0,12
1,Carl v Rich,Noah Balta,richmond,12686,resolved,0.008,0.0,14
1,Carl v Rich,Toby Nankervis,richmond,12374,resolved,0.008,0.0,13
1,Carl v Rich,Cooper Lord,carlton,13170,resolved,0.007,0.0,15
1,Carl v Rich,Zac Williams,carlton,12175,resolved,0.006,0.0,16
1,Carl v Rich,Tom Lynch,richmond,11948,resolved,0.004,0.0,19
1,Carl v Rich,Sam Banks,richmond,13078,resolved,0.004,0.0,18
1,Carl v Rich,Matthew Carroll,carlton,13212,resolved,0.004,0.0,17
1,Carl v Rich,Jacob Weitering,carlton,12402,resolved,0.003,0.0,21
1,Carl v Rich,Jacob Hopper,richmond,12440,resolved,0.003,0.0,20
1,Carl v Rich,Will Hayward,carlton,12509,resolved,0.002,0.0,22
1,Carl v Rich,Sam Grlj,richmond,13290,resolved,0.002,0.0,23
1,Carl v Rich,Rhyan Mansell,richmond,12883,resolved,0.002,0.0,24
1,Carl v Rich,Nathan Broad,richmond,12456,resolved,0.002,0.0,26
1,Carl v Rich,Steely Green,richmond,13145,resolved,0.002,0.0,27
1,Carl v Rich,Ben Miller,richmond,12941,resolved,0.001,0.0,25
1,Carl v Rich,Kane McAuliffe,richmond,13117,resolved,0.001,0.0,33
1,Carl v Rich,Campbell Chesser,carlton,13039,resolved,0.001,0.0,30
1,Carl v Rich,Elijah Hollands,carlton,13016,resolved,0.001,0.0,29
1,Carl v Rich,Oliver Hollands,carlton,13029,resolved,0.001,0.0,31
1,Carl v Rich,Lewis Young,carlton,12559,resolved,0.001,0.0,28
1,Carl v Rich,Lachlan Cowan,carlton,13028,resolved,0.0,0.0,32
1,Carl v Rich,Seth Campbell,richmond,13100,resolved,0.0,0.0,34
1,Carl v Rich,Hudson O'Keeffe,carlton,13233,resolved,0.0,0.0,35
1,Carl v Rich,Josh Gibcus,richmond,12947,resolved,0.0,0.0,36
1,Carl v Rich,Brodie Kemp,carlton,12937,resolved,0.0,0.0,37
1,Carl v Rich,James Trezise,richmond,13095,resolved,0.0,0.0,38
1,Carl v Rich,Jonty Faull,richmond,13214,resolved,0.0,0.0,39
1,Carl v Rich,Harry Dean,carlton,13273,resolved,0.0,0.0,40
1,Carl v Rich,Hugo Ralphsmith,richmond,12902,resolved,0.0,0.0,41
1,Carl v Rich,Ben Ainsworth,carlton,12498,resolved,0.0,0.0,42
1,Carl v Rich,Lachie Fogarty,carlton,12596,resolved,0.0,0.0,43
1,Carl v Rich,Maurice Rioli,richmond,12935,resolved,0.0,0.0,44
1,Carl v Rich,Harry Armstrong,richmond,13189,resolved,0.0,0.0,45
1,Carl v Rich,Campbell Gray,richmond,13218,resolved,0.0,0.0,46
1,Ess v Haw,Nick Watson,hawthorn,13105,resolved,1.753,31.5,1
1,Ess v Haw,Jai Newcombe,hawthorn,12915,resolved,1.027,17.4,2
1,Ess v Haw,Jack Gunston,hawthorn,11845,resolved,0.836,14.3,3
1,Ess v Haw,Conor Nash,hawthorn,12670,resolved,0.5,8.4,4
1,Ess v Haw,James Sicily,hawthorn,12332,resolved,0.435,7.2,6
1,Ess v Haw,Josh Ward,hawthorn,12955,resolved,0.434,7.3,5
1,Ess v Haw,Jarman Impey,hawthorn,12237,resolved,0.178,2.6,7
1,Ess v Haw,Connor Macdonald,hawthorn,12954,resolved,0.164,2.6,8
1,Ess v Haw,Cam Mackenzie,hawthorn,13031,resolved,0.13,2.0,9
1,Ess v Haw,Zach Merrett,essendon,12241,resolved,0.122,1.8,10
1,Ess v Haw,Josh Weddle,hawthorn,13057,resolved,0.101,1.5,11
1,Ess v Haw,Dylan Moore,hawthorn,12710,resolved,0.07,1.0,12
1,Ess v Haw,Sam Durham,essendon,12925,resolved,0.038,0.5,13
1,Ess v Haw,Karl Amon,hawthorn,12357,resolved,0.032,0.4,14
1,Ess v Haw,Blake Hardwick,hawthorn,12469,resolved,0.03,0.4,17
1,Ess v Haw,Lloyd Meek,hawthorn,12856,resolved,0.028,0.3,16
1,Ess v Haw,Ned Reeves,hawthorn,12906,resolved,0.027,0.2,15
1,Ess v Haw,Jack Ginnivan,hawthorn,12927,resolved,0.022,0.2,18
1,Ess v Haw,Mason Redman,essendon,12437,resolved,0.02,0.2,19
1,Ess v Haw,Tom Barrass,hawthorn,12383,resolved,0.017,0.1,20
1,Ess v Haw,Josh Battle,hawthorn,12558,resolved,0.009,0.0,21
1,Ess v Haw,Jack Scrimshaw,hawthorn,12565,resolved,0.008,0.0,22
1,Ess v Haw,Massimo D'Ambrosio,hawthorn,12998,resolved,0.006,0.0,23
1,Ess v Haw,Mabior Chol,hawthorn,12485,resolved,0.004,0.0,24
1,Ess v Haw,Jye Caldwell,essendon,12755,resolved,0.003,0.0,26
1,Ess v Haw,Darcy Parish,essendon,12406,resolved,0.003,0.0,25
1,Ess v Haw,Archie Roberts,essendon,13168,resolved,0.002,0.0,27
1,Ess v Haw,Andrew McGrath,essendon,12491,resolved,0.001,0.0,28
1,Ess v Haw,Brayden Fiorini,essendon,12481,resolved,0.0,0.0,29
1,Ess v Haw,Mitch Lewis,hawthorn,12636,resolved,0.0,0.0,30
1,Ess v Haw,Ben McKay,essendon,12580,resolved,0.0,0.0,31
1,Ess v Haw,Lachlan Blakiston,essendon,13237,resolved,0.0,0.0,32
1,Ess v Haw,Xavier Duursma,essendon,12696,resolved,0.0,0.0,33
1,Ess v Haw,Sam Butler,hawthorn,12988,resolved,0.0,0.0,34
1,Ess v Haw,Archie Perkins,essendon,12879,resolved,0.0,0.0,35
1,Ess v Haw,Zak Johnson,essendon,13231,resolved,0.0,0.0,36
1,Ess v Haw,Dyson Sharp,essendon,13283,resolved,0.0,0.0,37
1,Ess v Haw,Jayden Nguyen,essendon,13258,resolved,0.0,0.0,38
1,Ess v Haw,Nate Caddy,essendon,13148,resolved,0.0,0.0,39
1,Ess v Haw,Jaxon Prior,essendon,12874,resolved,0.0,0.0,40
1,Ess v Haw,Peter Wright,essendon,12366,resolved,0.0,0.0,41
1,Ess v Haw,Max Kondogiannis,essendon,13282,resolved,0.0,0.0,42
1,Ess v Haw,Zach Reid,essendon,12889,resolved,0.0,0.0,43
1,Ess v Haw,Kyle Langford,essendon,12349,resolved,0.0,0.0,44
1,Ess v Haw,Hussien El Achkar,essendon,13281,resolved,0.0,0.0,45
1,Ess v Haw,Archer May,essendon,13238,resolved,0.0,0.0,46
1,WB v GWS,Marcus Bontempelli,western_bulldogs,12269,resolved,2.667,67.8,1
1,WB v GWS,Aaron Naughton,western_bulldogs,12594,resolved,2.192,30.4,2
1,WB v GWS,Tom Liberatore,western_bulldogs,11898,resolved,0.507,1.1,3
1,WB v GWS,Matthew Kennedy,western_bulldogs,12455,resolved,0.286,0.5,4
1,WB v GWS,Tim English,western_bulldogs,12537,resolved,0.123,0.1,5
1,WB v GWS,Sam Darcy,western_bulldogs,13021,resolved,0.082,0.0,6
1,WB v GWS,Lachie Jaques,western_bulldogs,13275,resolved,0.048,0.0,7
1,WB v GWS,Finn Callaghan,greater_western_sydney,12969,resolved,0.019,0.0,8
1,WB v GWS,Ed Richards,western_bulldogs,12605,resolved,0.017,0.0,9
1,WB v GWS,Connor Budarick,western_bulldogs,12769,resolved,0.009,0.0,10
1,WB v GWS,Bailey Dale,western_bulldogs,12354,resolved,0.007,0.0,11
1,WB v GWS,Toby Greene,greater_western_sydney,12025,resolved,0.007,0.0,12
1,WB v GWS,Ryley Sanders,western_bulldogs,13103,resolved,0.006,0.0,14
1,WB v GWS,Joel Freijah,western_bulldogs,13140,resolved,0.005,0.0,13
1,WB v GWS,Lachie Ash,greater_western_sydney,12782,resolved,0.003,0.0,15
1,WB v GWS,Clayton Oliver,greater_western_sydney,12410,resolved,0.003,0.0,17
1,WB v GWS,Rory Lobb,western_bulldogs,12282,resolved,0.003,0.0,16
1,WB v GWS,Bailey Williams,western_bulldogs,12441,resolved,0.003,0.0,22
1,WB v GWS,Buku Khamis,western_bulldogs,12900,resolved,0.003,0.0,21
1,WB v GWS,Lachlan Bramble,western_bulldogs,12916,resolved,0.002,0.0,18
1,WB v GWS,Sam Davidson,western_bulldogs,13178,resolved,0.002,0.0,20
1,WB v GWS,Oskar Baker,western_bulldogs,12723,resolved,0.002,0.0,19
1,WB v GWS,Michael Sellwood,western_bulldogs,13276,resolved,0.001,0.0,23
1,WB v GWS,Cooper Hynes,western_bulldogs,13213,resolved,0.001,0.0,24
1,WB v GWS,Lachie Whitfield,greater_western_sydney,12143,resolved,0.001,0.0,26
1,WB v GWS,Rhylee West,western_bulldogs,12748,resolved,0.001,0.0,25
1,WB v GWS,James O'Donnell,western_bulldogs,13061,resolved,0.0,0.0,27
1,WB v GWS,Jack Buckley,greater_western_sydney,12846,resolved,0.0,0.0,28
1,WB v GWS,Jake Riccardi,greater_western_sydney,12834,resolved,0.0,0.0,29
1,WB v GWS,Joe Fonti,greater_western_sydney,13164,resolved,0.0,0.0,30
1,WB v GWS,Connor Idun,greater_western_sydney,12750,resolved,0.0,0.0,31
1,WB v GWS,Jayden Laverde,greater_western_sydney,12377,resolved,0.0,0.0,32
1,WB v GWS,Harvey Thomas,greater_western_sydney,13101,resolved,0.0,0.0,33
1,WB v GWS,Will Lewis,western_bulldogs,13284,resolved,0.0,0.0,34
1,WB v GWS,Harry Rowston,greater_western_sydney,13045,resolved,0.0,0.0,35
1,WB v GWS,Harry Himmelberg,greater_western_sydney,12462,resolved,0.0,0.0,36
1,WB v GWS,Stephen Coniglio,greater_western_sydney,12028,resolved,0.0,0.0,37
1,WB v GWS,Phoenix Gothard,greater_western_sydney,13279,resolved,0.0,0.0,38
1,WB v GWS,Kieren Briggs,greater_western_sydney,12904,resolved,0.0,0.0,39
1,WB v GWS,Ryan Angwin,greater_western_sydney,13001,resolved,0.0,0.0,40
1,WB v GWS,Xavier O'Halloran,greater_western_sydney,12821,resolved,0.0,0.0,41
1,WB v GWS,Jesse Hogan,greater_western_sydney,12321,resolved,0.0,0.0,42
1,WB v GWS,Callum Brown,greater_western_sydney,12910,resolved,0.0,0.0,43
1,WB v GWS,Max Gruzewski,greater_western_sydney,13158,resolved,0.0,0.0,44
1,WB v GWS,Jake Stringer,greater_western_sydney,12167,resolved,0.0,0.0,45
1,WB v GWS,Josaia Delana,greater_western_sydney,13222,resolved,0.0,0.0,46
1,Geel v Frem,Max Holmes,geelong,12881,resolved,2.196,46.0,1
1,Geel v Frem,Shannon Neale,geelong,12992,resolved,1.014,15.4,2
1,Geel v Frem,Luke Jackson,fremantle,12779,resolved,0.942,14.6,3
1,Geel v Frem,Bailey Smith,geelong,12692,resolved,0.712,10.5,4
1,Geel v Frem,Caleb Serong,fremantle,12786,resolved,0.479,6.5,5
1,Geel v Frem,Jeremy Cameron,geelong,12017,resolved,0.396,5.3,6
1,Geel v Frem,Shaun Mannagh,geelong,13104,resolved,0.084,0.8,7
1,Geel v Frem,Tom Stewart,geelong,12505,resolved,0.057,0.5,8
1,Geel v Frem,Tanner Bruhn,geelong,12871,resolved,0.053,0.4,9
1,Geel v Frem,Gryan Miers,geelong,12689,resolved,0.019,0.0,10
1,Geel v Frem,Andrew Brayshaw,fremantle,12589,resolved,0.017,0.0,11
1,Geel v Frem,Lawson Humphries,geelong,13160,resolved,0.006,0.0,12
1,Geel v Frem,Murphy Reid,fremantle,13180,resolved,0.005,0.0,14
1,Geel v Frem,Tom Atkins,geelong,12690,resolved,0.004,0.0,13
1,Geel v Frem,Jack Henry,geelong,12607,resolved,0.003,0.0,16
1,Geel v Frem,Hayden Young,fremantle,12777,resolved,0.003,0.0,15
1,Geel v Frem,Neil Erasmus,fremantle,12966,resolved,0.002,0.0,18
1,Geel v Frem,Sam De Koning,geelong,12891,resolved,0.001,0.0,20
1,Geel v Frem,Connor O'Sullivan,geelong,13122,resolved,0.001,0.0,21
1,Geel v Frem,Shai Bolton,fremantle,12535,resolved,0.001,0.0,17
1,Geel v Frem,Jordan Clark,fremantle,12688,resolved,0.001,0.0,23
1,Geel v Frem,Karl Worner,fremantle,13075,resolved,0.001,0.0,19
1,Geel v Frem,Mark Blicavs,geelong,12153,resolved,0.001,0.0,22
1,Geel v Frem,Jack Martin,geelong,12236,resolved,0.001,0.0,25
1,Geel v Frem,Zach Guthrie,geelong,12551,resolved,0.001,0.0,26
1,Geel v Frem,Isaiah Dudley,fremantle,13204,resolved,0.001,0.0,24
1,Geel v Frem,Heath Chapman,fremantle,12875,resolved,0.0,0.0,27
1,Geel v Frem,Oisin Mullin,geelong,13066,resolved,0.0,0.0,28
1,Geel v Frem,Josh Treacy,fremantle,12887,resolved,0.0,0.0,29
1,Geel v Frem,Oliver Dempsey,geelong,12974,resolved,0.0,0.0,30
1,Geel v Frem,Jhye Clark,geelong,13062,resolved,0.0,0.0,31
1,Geel v Frem,Mitchell Edwards,geelong,13285,resolved,0.0,0.0,32
1,Geel v Frem,Matthew Johnson,fremantle,13047,resolved,0.0,0.0,33
1,Geel v Frem,Judd McVee,fremantle,13033,resolved,0.0,0.0,34
1,Geel v Frem,Alex Pearce,fremantle,12352,resolved,0.0,0.0,35
1,Geel v Frem,Patrick Dangerfield,geelong,11700,resolved,0.0,0.0,36
1,Geel v Frem,Patrick Voss,fremantle,13129,resolved,0.0,0.0,37
1,Geel v Frem,Mark O'Connor,geelong,12531,resolved,0.0,0.0,38
1,Geel v Frem,Corey Wagner,fremantle,12453,resolved,0.0,0.0,39
1,Geel v Frem,Nathan O'Driscoll,fremantle,12960,resolved,0.0,0.0,40
1,Geel v Frem,Brandon Walker,fremantle,12914,resolved,0.0,0.0,41
1,Geel v Frem,Sean Darcy,fremantle,12547,resolved,0.0,0.0,42
1,Geel v Frem,Oscar McDonald,fremantle,12394,resolved,0.0,0.0,43
1,Geel v Frem,Brad Close,geelong,12806,resolved,0.0,0.0,44
1,Geel v Frem,Jye Amiss,fremantle,12983,resolved,0.0,0.0,45
1,Geel v Frem,Sam Switkowski,fremantle,12672,resolved,0.0,0.0,46
1,Syd v Bris,Joel Amartey,sydney,12844,resolved,2.454,58.7,1
1,Syd v Bris,Nick Blakey,sydney,12699,resolved,1.225,17.8,2
1,Syd v Bris,Tom McCartin,sydney,12627,resolved,0.714,9.5,3
1,Syd v Bris,Riley Bice,sydney,13195,resolved,0.43,4.8,4
1,Syd v Bris,Isaac Heeney,sydney,12326,resolved,0.258,2.6,5
1,Syd v Bris,Justin McInerney,sydney,12711,resolved,0.205,2.0,6
1,Syd v Bris,Errol Gulden,sydney,12862,resolved,0.196,1.9,7
1,Syd v Bris,Angus Sheldrick,sydney,12951,resolved,0.115,0.9,8
1,Syd v Bris,Callum Mills,sydney,12413,resolved,0.066,0.4,9
1,Syd v Bris,Lachie Neale,brisbane_lions,12055,resolved,0.052,0.3,10
1,Syd v Bris,Dayne Zorko,brisbane_lions,12076,resolved,0.046,0.2,12
1,Syd v Bris,James Rowbottom,sydney,12714,resolved,0.045,0.2,11
1,Syd v Bris,Chad Warner,sydney,12797,resolved,0.04,0.2,13
1,Syd v Bris,Matt Roberts,sydney,12994,resolved,0.031,0.1,14
1,Syd v Bris,Darcy Wilmot,brisbane_lions,13026,resolved,0.028,0.1,15
1,Syd v Bris,Tom Papley,sydney,12412,resolved,0.017,0.0,16
1,Syd v Bris,Logan McDonald,sydney,12861,resolved,0.011,0.0,17
1,Syd v Bris,Brodie Grundy,sydney,12217,resolved,0.011,0.0,18
1,Syd v Bris,Jai Serong,sydney,13022,resolved,0.01,0.0,19
1,Syd v Bris,Darcy Fort,brisbane_lions,12724,resolved,0.008,0.0,20
1,Syd v Bris,Will Ashcroft,brisbane_lions,13040,resolved,0.007,0.0,21
1,Syd v Bris,Cam Rayner,brisbane_lions,12592,resolved,0.006,0.0,23
1,Syd v Bris,Charlie Curnow,sydney,12421,resolved,0.006,0.0,24
1,Syd v Bris,Lewis Melican,sydney,12526,resolved,0.004,0.0,25
1,Syd v Bris,Dane Rampe,sydney,12140,resolved,0.004,0.0,22
1,Syd v Bris,Josh Dunkley,brisbane_lions,12408,resolved,0.004,0.0,26
1,Syd v Bris,Bruce Reville,brisbane_lions,13138,resolved,0.001,0.0,29
1,Syd v Bris,Sam Wicks,sydney,12818,resolved,0.001,0.0,27
1,Syd v Bris,Charlie Cameron,brisbane_lions,,unresolved,0.001,0.0,30
1,Syd v Bris,Levi Ashcroft,brisbane_lions,13197,resolved,0.001,0.0,28
1,Syd v Bris,Jaspa Fletcher,brisbane_lions,13072,resolved,0.001,0.0,32
1,Syd v Bris,Malcolm Rosas,sydney,12903,resolved,0.001,0.0,31
1,Syd v Bris,Jake Lloyd,sydney,12268,resolved,0.001,0.0,35
1,Syd v Bris,Jarrod Berry,brisbane_lions,12519,resolved,0.0,0.0,33
1,Syd v Bris,Keidean Coleman,brisbane_lions,12838,resolved,0.0,0.0,34
1,Syd v Bris,Sam Draper,brisbane_lions,12810,resolved,0.0,0.0,36
1,Syd v Bris,Ryan Lester,brisbane_lions,11894,resolved,0.0,0.0,37
1,Syd v Bris,Zane Zakostelsky,brisbane_lions,13277,resolved,0.0,0.0,38
1,Syd v Bris,James Jordon,sydney,12860,resolved,0.0,0.0,39
1,Syd v Bris,James Tunstill,brisbane_lions,13005,resolved,0.0,0.0,40
1,Syd v Bris,Lincoln McCarthy,brisbane_lions,12090,resolved,0.0,0.0,41
1,Syd v Bris,Kai Lohmann,brisbane_lions,12968,resolved,0.0,0.0,42
1,Syd v Bris,Noah Answerth,brisbane_lions,12718,resolved,0.0,0.0,43
1,Syd v Bris,Daniel Annable,brisbane_lions,13295,resolved,0.0,0.0,44
1,Syd v Bris,Oscar Allen,brisbane_lions,12655,resolved,0.0,0.0,45
1,Syd v Bris,Ty Gallop,brisbane_lions,13235,resolved,0.0,0.0,46
1,Coll v Adel,Nick Daicos,collingwood,12943,resolved,1.854,33.3,1
1,Coll v Adel,Wayne Milera,adelaide,12405,resolved,1.793,31.3,2
1,Coll v Adel,Riley Thilthorpe,adelaide,12892,resolved,0.763,12.3,3
1,Coll v Adel,Dan Houston,collingwood,12495,resolved,0.35,5.7,4
1,Coll v Adel,Josh Worrell,adelaide,12912,resolved,0.284,4.6,5
1,Coll v Adel,Alex Neal-Bullen,adelaide,12367,resolved,0.268,4.1,6
1,Coll v Adel,Jordan Dawson,adelaide,12516,resolved,0.158,2.3,7
1,Coll v Adel,Josh Rachele,adelaide,12953,resolved,0.148,2.2,8
1,Coll v Adel,Sam Berry,adelaide,12849,resolved,0.099,1.4,9
1,Coll v Adel,Rory Laird,adelaide,12165,resolved,0.054,0.7,10
1,Coll v Adel,Josh Daicos,collingwood,12573,resolved,0.042,0.5,11
1,Coll v Adel,James Peatling,adelaide,12934,resolved,0.038,0.5,12
1,Coll v Adel,Isaac Cumming,adelaide,12629,resolved,0.035,0.5,13
1,Coll v Adel,Jack Crisp,collingwood,12061,resolved,0.029,0.3,14
1,Coll v Adel,Brayden Cook,adelaide,12932,resolved,0.019,0.2,15
1,Coll v Adel,Lachlan McAndrew,adelaide,13065,resolved,0.013,0.1,16
1,Coll v Adel,Taylor Walker,adelaide,11713,resolved,0.01,0.0,17
1,Coll v Adel,Darcy Cameron,collingwood,12660,resolved,0.009,0.0,18
1,Coll v Adel,Jake Soligo,adelaide,12952,resolved,0.006,0.0,19
1,Coll v Adel,Isaac Quaynor,collingwood,12740,resolved,0.004,0.0,20
1,Coll v Adel,Lachie Schultz,collingwood,12700,resolved,0.003,0.0,21
1,Coll v Adel,Patrick Lipinski,collingwood,12578,resolved,0.002,0.0,23
1,Coll v Adel,Beau McCreery,collingwood,12876,resolved,0.002,0.0,24
1,Coll v Adel,Max Michalanney,adelaide,13027,resolved,0.002,0.0,22
1,Coll v Adel,Nick Murray,adelaide,12872,resolved,0.002,0.0,29
1,Coll v Adel,Darcy Fogarty,adelaide,12584,resolved,0.002,0.0,26
1,Coll v Adel,Hugh Bond,adelaide,13165,resolved,0.002,0.0,28
1,Coll v Adel,Ben Keays,adelaide,12434,resolved,0.002,0.0,27
1,Coll v Adel,Steele Sidebottom,collingwood,11751,resolved,0.002,0.0,25
1,Coll v Adel,Scott Pendlebury,collingwood,4182,resolved,0.001,0.0,30
1,Coll v Adel,Brayden Maynard,collingwood,12371,resolved,0.001,0.0,31
1,Coll v Adel,Harry Perryman,collingwood,12536,resolved,0.001,0.0,32
1,Coll v Adel,Roan Steele,collingwood,13248,resolved,0.001,0.0,34
1,Coll v Adel,Callum Ah Chee,adelaide,12414,resolved,0.001,0.0,35
1,Coll v Adel,Luke Pedlar,adelaide,12921,resolved,0.001,0.0,38
1,Coll v Adel,Ned Long,collingwood,13023,resolved,0.001,0.0,33
1,Coll v Adel,Jordan De Goey,collingwood,12318,resolved,0.0,0.0,36
1,Coll v Adel,Jordon Butts,adelaide,12829,resolved,0.0,0.0,37
1,Coll v Adel,Jamie Elliott,collingwood,12083,resolved,0.0,0.0,39
1,Coll v Adel,Daniel McStay,collingwood,12291,resolved,0.0,0.0,40
1,Coll v Adel,Wil Parker,collingwood,13147,resolved,0.0,0.0,41
1,Coll v Adel,Billy Frampton,collingwood,12676,resolved,0.0,0.0,42
1,Coll v Adel,Edward Allan,collingwood,13146,resolved,0.0,0.0,43
1,Coll v Adel,Toby Murray,adelaide,13280,resolved,0.0,0.0,44
1,Coll v Adel,Jack Buller,collingwood,13071,resolved,0.0,0.0,45
1,Coll v Adel,Tim Membrey,collingwood,12300,resolved,0.0,0.0,46
1,NM v Port,Harry Sheezel,north_melbourne,13034,resolved,2.02,39.2,1
1,NM v Port,Charlie Comben,north_melbourne,12938,resolved,1.119,18.2,2
1,NM v Port,Luke Davies-Uniacke,north_melbourne,12590,resolved,1.072,17.5,3
1,NM v Port,Luke Parker,north_melbourne,11953,resolved,0.653,10.1,4
1,NM v Port,Dylan Stephens,north_melbourne,12796,resolved,0.607,9.4,5
1,NM v Port,Tristan Xerri,north_melbourne,12788,resolved,0.254,3.8,6
1,NM v Port,Tom Powell,north_melbourne,12866,resolved,0.045,0.4,7
1,NM v Port,Nick Larkey,north_melbourne,12563,resolved,0.043,0.4,8
1,NM v Port,Finn O'Sullivan,north_melbourne,13187,resolved,0.033,0.2,9
1,NM v Port,Zak Butters,port_adelaide,12698,resolved,0.025,0.2,10
1,NM v Port,Caleb Daniel,north_melbourne,12373,resolved,0.025,0.2,11
1,NM v Port,Cooper Trembath,north_melbourne,13263,resolved,0.024,0.2,12
1,NM v Port,Jy Simpkin,north_melbourne,12502,resolved,0.021,0.1,13
1,NM v Port,Tom Blamires,north_melbourne,13287,resolved,0.012,0.0,14
1,NM v Port,Luke McDonald,north_melbourne,12246,resolved,0.011,0.0,15
1,NM v Port,Connor Rozee,port_adelaide,12697,resolved,0.009,0.0,16
1,NM v Port,Jack Darling,north_melbourne,11905,resolved,0.006,0.0,17
1,NM v Port,Willem Drew,port_adelaide,12695,resolved,0.005,0.0,19
1,NM v Port,Cameron Zurhaar,north_melbourne,12557,resolved,0.005,0.0,18
1,NM v Port,Toby Pink,north_melbourne,13108,resolved,0.003,0.0,21
1,NM v Port,Colby McKercher,north_melbourne,13107,resolved,0.003,0.0,22
1,NM v Port,Griffin Logue,north_melbourne,12511,resolved,0.003,0.0,20
1,NM v Port,Lachy Dovaston,north_melbourne,13288,resolved,0.0,0.0,24
1,NM v Port,Mitch Georgiades,port_adelaide,12766,resolved,0.0,0.0,25
1,NM v Port,Paul Curtis,north_melbourne,12975,resolved,0.0,0.0,23
1,NM v Port,Jason Horne-Francis,port_adelaide,12956,resolved,0.0,0.0,26
1,NM v Port,Miles Bergman,port_adelaide,12867,resolved,0.0,0.0,27
1,NM v Port,Aliir Aliir,port_adelaide,12433,resolved,0.0,0.0,28
1,NM v Port,Todd Marshall,port_adelaide,12575,resolved,0.0,0.0,29
1,NM v Port,Kane Farrell,port_adelaide,12664,resolved,0.0,0.0,30
1,NM v Port,Logan Evans,port_adelaide,13156,resolved,0.0,0.0,31
1,NM v Port,Zane Duursma,north_melbourne,13106,resolved,0.0,0.0,32
1,NM v Port,Jacob Konstanty,north_melbourne,13186,resolved,0.0,0.0,33
1,NM v Port,Jase Burgoyne,port_adelaide,13007,resolved,0.0,0.0,34
1,NM v Port,Esava Ratugolea,port_adelaide,12597,resolved,0.0,0.0,35
1,NM v Port,Jacob Wehr,port_adelaide,12991,resolved,0.0,0.0,36
1,NM v Port,Joe Richards,port_adelaide,13139,resolved,0.0,0.0,37
1,NM v Port,Dante Visentini,port_adelaide,13073,resolved,0.0,0.0,38
1,NM v Port,Corey Durdin,port_adelaide,12936,resolved,0.0,0.0,39
1,NM v Port,Jack Watkins,port_adelaide,13289,resolved,0.0,0.0,40
1,NM v Port,Jack Whitlock,port_adelaide,13259,resolved,0.0,0.0,41
1,NM v Port,Ewan Mackinlay,port_adelaide,13269,resolved,0.0,0.0,42
1,NM v Port,Lachie Jones,port_adelaide,12882,resolved,0.0,0.0,43
1,NM v Port,Joe Berry,port_adelaide,13188,resolved,0.0,0.0,44
1,NM v Port,Ollie Lord,port_adelaide,13056,resolved,0.0,0.0,45
1,NM v Port,Darcy Byrne-Jones,port_adelaide,12422,resolved,0.0,0.0,46
1,Melb v St K,Jacob van Rooyen,melbourne,13048,resolved,2.514,58.9,1
1,Melb v St K,Max Hall,st_kilda,13193,resolved,1.903,29.0,2
1,Melb v St K,Max Gawn,melbourne,11966,resolved,0.99,9.8,3
1,Melb v St K,Jack Steele,melbourne,12368,resolved,0.133,0.8,5
1,Melb v St K,Jack Sinclair,st_kilda,12325,resolved,0.131,0.8,4
1,Melb v St K,Nasiah Wanganeen-Milera,st_kilda,12950,resolved,0.065,0.3,6
1,Melb v St K,Marcus Windhager,st_kilda,12967,resolved,0.045,0.1,7
1,Melb v St K,Kysaiah Pickett,melbourne,12771,resolved,0.04,0.2,8
1,Melb v St K,Sam Flanders,st_kilda,12824,resolved,0.029,0.0,9
1,Melb v St K,Caleb Windsor,melbourne,13099,resolved,0.028,0.0,10
1,Melb v St K,Callum Wilkie,st_kilda,12703,resolved,0.024,0.0,11
1,Melb v St K,Brody Mihocek,melbourne,12639,resolved,0.021,0.0,12
1,Melb v St K,Christian Salem,melbourne,12272,resolved,0.013,0.0,13
1,Melb v St K,Changkuoth Jiath,melbourne,12752,resolved,0.01,0.0,14
1,Melb v St K,Bradley Hill,st_kilda,12060,resolved,0.008,0.0,15
1,Melb v St K,Xavier Lindsay,melbourne,13185,resolved,0.006,0.0,16
1,Melb v St K,Hugo Garcia,st_kilda,13125,resolved,0.004,0.0,17
1,Melb v St K,Koltyn Tholstrup,melbourne,13123,resolved,0.004,0.0,18
1,Melb v St K,Trent Rivers,melbourne,12778,resolved,0.004,0.0,20
1,Melb v St K,Mitch Owens,st_kilda,12948,resolved,0.003,0.0,19
1,Melb v St K,Daniel Turner,melbourne,12996,resolved,0.003,0.0,22
1,Melb v St K,Bayley Fritsch,melbourne,12598,resolved,0.003,0.0,27
1,Melb v St K,Jack Macrae,st_kilda,12166,resolved,0.003,0.0,21
1,Melb v St K,Harrison Petty,melbourne,12653,resolved,0.003,0.0,23
1,Melb v St K,Harry Sharp,melbourne,12864,resolved,0.002,0.0,24
1,Melb v St K,Jake Lever,melbourne,12351,resolved,0.002,0.0,26
1,Melb v St K,Tom De Koning,st_kilda,12674,resolved,0.002,0.0,25
1,Melb v St K,Kade Chandler,melbourne,12756,resolved,0.002,0.0,29
1,Melb v St K,Blake Howes,melbourne,13098,resolved,0.002,0.0,28
1,Melb v St K,Jai Culley,melbourne,13015,resolved,0.001,0.0,31
1,Melb v St K,Darcy Wilson,st_kilda,13110,resolved,0.001,0.0,30
1,Melb v St K,Jack Silvagni,st_kilda,12458,resolved,0.001,0.0,32
1,Melb v St K,Mason Wood,st_kilda,12312,resolved,0.001,0.0,34
1,Melb v St K,Harvey Langford,melbourne,13184,resolved,0.001,0.0,35
1,Melb v St K,Latrelle Pickett,melbourne,13286,resolved,0.0,0.0,33
1,Melb v St K,Hugh Boxshall,st_kilda,13220,resolved,0.0,0.0,36
1,Melb v St K,Ed Langdon,melbourne,12393,resolved,0.0,0.0,37
1,Melb v St K,Jack Higgins,st_kilda,12609,resolved,0.0,0.0,38
1,Melb v St K,Mattaes Phillipou,st_kilda,13036,resolved,0.0,0.0,39
1,Melb v St K,Jack Carroll,st_kilda,12976,resolved,0.0,0.0,40
1,Melb v St K,Isaac Keeler,st_kilda,13201,resolved,0.0,0.0,41
1,Melb v St K,Alix Tauru,st_kilda,13243,resolved,0.0,0.0,42
1,Melb v St K,Anthony Caminiti,st_kilda,13035,resolved,0.0,0.0,43
1,Melb v St K,Tom Sparrow,melbourne,12693,resolved,0.0,0.0,44
1,Melb v St K,Liam Ryan,st_kilda,12600,resolved,0.0,0.0,45
1,Melb v St K,Cooper Sharman,st_kilda,12929,resolved,0.0,0.0,46
1,GC v WC,Christian Petracca,gold_coast,12430,resolved,2.883,88.7,1
1,GC v WC,Noah Anderson,gold_coast,12767,resolved,1.627,9.4,2
1,GC v WC,Jarrod Witts,gold_coast,12177,resolved,0.796,1.6,3
1,GC v WC,Ben King,gold_coast,12728,resolved,0.372,0.4,4
1,GC v WC,Touk Miller,gold_coast,12331,resolved,0.08,0.0,5
1,GC v WC,Wil Powell,gold_coast,12652,resolved,0.049,0.0,6
1,GC v WC,Joel Jeffrey,gold_coast,12933,resolved,0.044,0.0,7
1,GC v WC,Alex Davies,gold_coast,12942,resolved,0.038,0.0,8
1,GC v WC,Bodhi Uwland,gold_coast,13041,resolved,0.032,0.0,9
1,GC v WC,John Noble,gold_coast,12743,resolved,0.022,0.0,10
1,GC v WC,Harley Reid,west_coast,13111,resolved,0.011,0.0,11
1,GC v WC,Sam Clohesy,gold_coast,13119,resolved,0.01,0.0,12
1,GC v WC,Milan Murdock,west_coast,13294,resolved,0.007,0.0,13
1,GC v WC,Elliot Yeo,west_coast,12087,resolved,0.004,0.0,14
1,GC v WC,Leonardo Lombard,gold_coast,13232,resolved,0.004,0.0,15
1,GC v WC,Jake Rogers,gold_coast,13126,resolved,0.003,0.0,17
1,GC v WC,Mac Andrew,gold_coast,13019,resolved,0.003,0.0,16
1,GC v WC,Lachie Weller,gold_coast,12385,resolved,0.002,0.0,19
1,GC v WC,Sam Collins,gold_coast,12444,resolved,0.002,0.0,18
1,GC v WC,Jack Graham,west_coast,,unresolved,0.002,0.0,25
1,GC v WC,Ethan Read,gold_coast,13121,resolved,0.001,0.0,20
1,GC v WC,Daniel Rioli,gold_coast,12403,resolved,0.001,0.0,24
1,GC v WC,Deven Robertson,west_coast,12774,resolved,0.001,0.0,23
1,GC v WC,Liam Duggan,west_coast,12334,resolved,0.001,0.0,22
1,GC v WC,Tom McCarthy,west_coast,13240,resolved,0.001,0.0,26
1,GC v WC,Ben Long,gold_coast,12521,resolved,0.001,0.0,27
1,GC v WC,Jake Waterman,west_coast,12601,resolved,0.001,0.0,21
1,GC v WC,Jy Farrar,gold_coast,12848,resolved,0.001,0.0,30
1,GC v WC,Will Graham,gold_coast,13120,resolved,0.0,0.0,29
1,GC v WC,Bo Allan,west_coast,13221,resolved,0.0,0.0,28
1,GC v WC,Oscar Adams,gold_coast,13251,resolved,0.0,0.0,31
1,GC v WC,Zeke Uwland,gold_coast,13278,resolved,0.0,0.0,32
1,GC v WC,Ryan Maric,west_coast,13070,resolved,0.0,0.0,33
1,GC v WC,Tylar Young,west_coast,13043,resolved,0.0,0.0,34
1,GC v WC,Willem Duursma,west_coast,13292,resolved,0.0,0.0,35
1,GC v WC,Josh Lindsay,west_coast,13293,resolved,0.0,0.0,36
1,GC v WC,Hamish Davis,west_coast,13210,resolved,0.0,0.0,37
1,GC v WC,Tom Cole,west_coast,12446,resolved,0.0,0.0,38
1,GC v WC,Jamie Cripps,west_coast,11937,resolved,0.0,0.0,39
1,GC v WC,Reuben Ginbey,west_coast,13038,resolved,0.0,0.0,40
1,GC v WC,Matt Flynn,west_coast,12870,resolved,0.0,0.0,41
1,GC v WC,Brady Hough,west_coast,12957,resolved,0.0,0.0,42
1,GC v WC,Cooper Duff-Tytler,west_coast,13291,resolved,0.0,0.0,43
1,GC v WC,Jobe Shanahan,west_coast,13247,resolved,0.0,0.0,44
1,GC v WC,Archer Reid,west_coast,13196,resolved,0.0,0.0,45
1,GC v WC,Jacob Newton,west_coast,13267,resolved,0.0,0.0,46
2,Haw v Syd,Jai Newcombe,hawthorn,12915,resolved,2.747,77.8,1
2,Haw v Syd,Jack Gunston,hawthorn,11845,resolved,0.963,9.9,2
2,Haw v Syd,Dylan Moore,hawthorn,12710,resolved,0.829,7.7,3
2,Haw v Syd,Josh Ward,hawthorn,12955,resolved,0.335,2.2,4
2,Haw v Syd,Chad Warner,sydney,,ambiguous,0.29,1.6,5
2,Haw v Syd,James Sicily,hawthorn,12332,resolved,0.126,0.3,6
2,Haw v Syd,Tom Barrass,hawthorn,12383,resolved,0.099,0.2,7
2,Haw v Syd,Callum Mills,sydney,12413,resolved,0.087,0.2,8
2,Haw v Syd,Cam Mackenzie,hawthorn,13031,resolved,0.055,0.0,9
2,Haw v Syd,Conor Nash,hawthorn,12670,resolved,0.05,0.0,10
2,Haw v Syd,Brodie Grundy,sydney,12217,resolved,0.049,0.0,11
2,Haw v Syd,Josh Weddle,hawthorn,13057,resolved,0.047,0.0,12
2,Haw v Syd,Justin McInerney,sydney,12711,resolved,0.046,0.0,13
2,Haw v Syd,Jack Ginnivan,hawthorn,12927,resolved,0.043,0.0,14
2,Haw v Syd,Josh Battle,hawthorn,12558,resolved,0.038,0.0,15
2,Haw v Syd,Nick Blakey,sydney,12699,resolved,0.022,0.0,16
2,Haw v Syd,Jarman Impey,hawthorn,12237,resolved,0.017,0.0,18
2,Haw v Syd,Nick Watson,hawthorn,13105,resolved,0.017,0.0,20
2,Haw v Syd,Connor Macdonald,hawthorn,12954,resolved,0.017,0.0,17
2,Haw v Syd,Massimo D'Ambrosio,hawthorn,12998,resolved,0.016,0.0,21
2,Haw v Syd,Jack Scrimshaw,hawthorn,12565,resolved,0.015,0.0,19
2,Haw v Syd,Mitch Lewis,hawthorn,12636,resolved,0.012,0.0,22
2,Haw v Syd,Riley Bice,sydney,13195,resolved,0.01,0.0,23
2,Haw v Syd,Logan McDonald,sydney,12861,resolved,0.01,0.0,25
2,Haw v Syd,Karl Amon,hawthorn,12357,resolved,0.01,0.0,24
2,Haw v Syd,Angus Sheldrick,sydney,12951,resolved,0.009,0.0,27
2,Haw v Syd,Blake Hardwick,hawthorn,12469,resolved,0.009,0.0,28
2,Haw v Syd,Lloyd Meek,hawthorn,12856,resolved,0.008,0.0,26
2,Haw v Syd,Sam Butler,hawthorn,12988,resolved,0.006,0.0,29
2,Haw v Syd,Mabior Chol,hawthorn,12485,resolved,0.005,0.0,30
2,Haw v Syd,James Rowbottom,sydney,12714,resolved,0.005,0.0,31
2,Haw v Syd,Jake Lloyd,sydney,12268,resolved,0.004,0.0,32
2,Haw v Syd,Tom Papley,sydney,12412,resolved,0.002,0.0,33
2,Haw v Syd,Ned Reeves,hawthorn,12906,resolved,0.002,0.0,35
2,Haw v Syd,Jai Serong,sydney,13022,resolved,0.001,0.0,34
2,Haw v Syd,Dane Rampe,sydney,12140,resolved,0.0,0.0,36
2,Haw v Syd,Tom McCartin,sydney,12627,resolved,0.0,0.0,37
2,Haw v Syd,Matt Roberts,sydney,12994,resolved,0.0,0.0,38
2,Haw v Syd,Joel Amartey,sydney,12844,resolved,0.0,0.0,39
2,Haw v Syd,Corey Warner,sydney,,ambiguous,0.0,0.0,40
2,Haw v Syd,Sam Wicks,sydney,12818,resolved,0.0,0.0,41
2,Haw v Syd,James Jordon,sydney,12860,resolved,0.0,0.0,42
2,Haw v Syd,Charlie Curnow,sydney,12421,resolved,0.0,0.0,43
2,Haw v Syd,Lewis Melican,sydney,12526,resolved,0.0,0.0,44
2,Haw v Syd,Malcolm Rosas,sydney,12903,resolved,0.0,0.0,45
2,Haw v Syd,Caiden Cleary,sydney,13157,resolved,0.0,0.0,46
2,Adel v WB,Marcus Bontempelli,western_bulldogs,12269,resolved,2.402,52.3,1
2,Adel v WB,Joel Freijah,western_bulldogs,13140,resolved,2.017,34.7,2
2,Adel v WB,Bailey Williams,western_bulldogs,12441,resolved,0.429,4.1,3
2,Adel v WB,Tom Liberatore,western_bulldogs,11898,resolved,0.391,4.0,4
2,Adel v WB,Ed Richards,western_bulldogs,12605,resolved,0.23,2.0,5
2,Adel v WB,Jordan Dawson,adelaide,12516,resolved,0.142,1.1,6
2,Adel v WB,Matthew Kennedy,western_bulldogs,12455,resolved,0.129,1.1,7
2,Adel v WB,Jordon Butts,adelaide,12829,resolved,0.086,0.5,8
2,Adel v WB,Sam Berry,adelaide,12849,resolved,0.044,0.2,9
2,Adel v WB,Tim English,western_bulldogs,12537,resolved,0.017,0.0,10
2,Adel v WB,Buku Khamis,western_bulldogs,12900,resolved,0.013,0.0,11
2,Adel v WB,Josh Rachele,adelaide,12953,resolved,0.013,0.0,12
2,Adel v WB,Ryley Sanders,western_bulldogs,13103,resolved,0.011,0.0,13
2,Adel v WB,Riley Thilthorpe,adelaide,12892,resolved,0.01,0.0,14
2,Adel v WB,Bailey Dale,western_bulldogs,12354,resolved,0.006,0.0,17
2,Adel v WB,Oskar Baker,western_bulldogs,12723,resolved,0.006,0.0,16
2,Adel v WB,Josh Worrell,adelaide,12912,resolved,0.006,0.0,15
2,Adel v WB,Connor Budarick,western_bulldogs,12769,resolved,0.005,0.0,19
2,Adel v WB,Aaron Naughton,western_bulldogs,12594,resolved,0.004,0.0,18
2,Adel v WB,Lachlan McAndrew,adelaide,13065,resolved,0.004,0.0,20
2,Adel v WB,Taylor Walker,adelaide,11713,resolved,0.004,0.0,21
2,Adel v WB,Nick Murray,adelaide,12872,resolved,0.003,0.0,24
2,Adel v WB,Chayce Jones,adelaide,12691,resolved,0.003,0.0,26
2,Adel v WB,Izak Rankine,adelaide,12798,resolved,0.003,0.0,22
2,Adel v WB,Sam Darcy,western_bulldogs,13021,resolved,0.003,0.0,23
2,Adel v WB,Michael Sellwood,western_bulldogs,13276,resolved,0.003,0.0,25
2,Adel v WB,Wayne Milera,adelaide,12405,resolved,0.002,0.0,27
2,Adel v WB,Rory Laird,adelaide,12165,resolved,0.002,0.0,29
2,Adel v WB,Jake Soligo,adelaide,12952,resolved,0.002,0.0,28
2,Adel v WB,Lachie Jaques,western_bulldogs,13275,resolved,0.002,0.0,30
2,Adel v WB,Isaac Cumming,adelaide,12629,resolved,0.001,0.0,31
2,Adel v WB,Alex Neal-Bullen,adelaide,12367,resolved,0.001,0.0,33
2,Adel v WB,Lachlan Bramble,western_bulldogs,12916,resolved,0.001,0.0,32
2,Adel v WB,Darcy Fogarty,adelaide,12584,resolved,0.001,0.0,34
2,Adel v WB,James O'Donnell,western_bulldogs,13061,resolved,0.001,0.0,35
2,Adel v WB,Max Michalanney,adelaide,13027,resolved,0.001,0.0,39
2,Adel v WB,James Peatling,adelaide,12934,resolved,0.001,0.0,36
2,Adel v WB,Rory Lobb,western_bulldogs,12282,resolved,0.001,0.0,37
2,Adel v WB,Ben Keays,adelaide,12434,resolved,0.001,0.0,38
2,Adel v WB,Brayden Cook,adelaide,12932,resolved,0.0,0.0,40
2,Adel v WB,Sam Davidson,western_bulldogs,13178,resolved,0.0,0.0,41
2,Adel v WB,Jordan Croft,western_bulldogs,13265,resolved,0.0,0.0,42
2,Adel v WB,Callum Ah Chee,adelaide,12414,resolved,0.0,0.0,43
2,Adel v WB,Cooper Hynes,western_bulldogs,13213,resolved,0.0,0.0,44
2,Adel v WB,Rhylee West,western_bulldogs,12748,resolved,0.0,0.0,45
2,Adel v WB,Luke Pedlar,adelaide,12921,resolved,0.0,0.0,46
2,Rich v GC,Ben King,gold_coast,12728,resolved,2.781,79.9,1
2,Rich v GC,Touk Miller,gold_coast,12331,resolved,1.298,10.8,2
2,Rich v GC,Bodhi Uwland,gold_coast,13041,resolved,1.141,8.3,3
2,Rich v GC,Ethan Read,gold_coast,13121,resolved,0.288,1.0,4
2,Rich v GC,Sam Collins,gold_coast,12444,resolved,0.07,0.0,6
2,Rich v GC,Noah Anderson,gold_coast,12767,resolved,0.064,0.0,5
2,Rich v GC,Wil Powell,gold_coast,12652,resolved,0.056,0.0,7
2,Rich v GC,Joel Jeffrey,gold_coast,12933,resolved,0.055,0.0,8
2,Rich v GC,Christian Petracca,gold_coast,12430,resolved,0.048,0.0,9
2,Rich v GC,Jarrod Witts,gold_coast,12177,resolved,0.037,0.0,10
2,Rich v GC,Tim Taranto,richmond,12504,resolved,0.034,0.0,11
2,Rich v GC,Sam Clohesy,gold_coast,13119,resolved,0.021,0.0,12
2,Rich v GC,Charlie Ballard,gold_coast,12625,resolved,0.017,0.0,13
2,Rich v GC,John Noble,gold_coast,12743,resolved,0.016,0.0,14
2,Rich v GC,Jayden Short,richmond,12418,resolved,0.013,0.0,15
2,Rich v GC,Seth Campbell,richmond,13100,resolved,0.01,0.0,16
2,Rich v GC,Alex Davies,gold_coast,12942,resolved,0.009,0.0,17
2,Rich v GC,Bailey Humphrey,gold_coast,13049,resolved,0.008,0.0,19
2,Rich v GC,Jacob Hopper,richmond,12440,resolved,0.007,0.0,21
2,Rich v GC,Will Graham,gold_coast,13120,resolved,0.007,0.0,20
2,Rich v GC,Mac Andrew,gold_coast,13019,resolved,0.007,0.0,18
2,Rich v GC,Jack Ross,richmond,,unresolved,0.005,0.0,22
2,Rich v GC,Ben Long,gold_coast,12521,resolved,0.002,0.0,25
2,Rich v GC,Daniel Rioli,gold_coast,12403,resolved,0.002,0.0,23
2,Rich v GC,Zeke Uwland,gold_coast,13278,resolved,0.002,0.0,24
2,Rich v GC,Toby Nankervis,richmond,12374,resolved,0.001,0.0,26
2,Rich v GC,Dion Prestia,richmond,11917,resolved,0.001,0.0,27
2,Rich v GC,Jake Rogers,gold_coast,13126,resolved,0.001,0.0,28
2,Rich v GC,Sam Lalor,richmond,13190,resolved,0.0,0.0,29
2,Rich v GC,Lachie Weller,gold_coast,12385,resolved,0.0,0.0,30
2,Rich v GC,Leonardo Lombard,gold_coast,13232,resolved,0.0,0.0,31
2,Rich v GC,Ben Miller,richmond,12941,resolved,0.0,0.0,32
2,Rich v GC,Sam Banks,richmond,13078,resolved,0.0,0.0,33
2,Rich v GC,Tyler Sonsie,richmond,13014,resolved,0.0,0.0,34
2,Rich v GC,Hugo Ralphsmith,richmond,12902,resolved,0.0,0.0,35
2,Rich v GC,Noah Balta,richmond,12686,resolved,0.0,0.0,36
2,Rich v GC,Nick Vlastuin,richmond,12174,resolved,0.0,0.0,37
2,Rich v GC,Sam Grlj,richmond,13290,resolved,0.0,0.0,38
2,Rich v GC,Mykelti Lefau,richmond,13113,resolved,0.0,0.0,39
2,Rich v GC,Nathan Broad,richmond,12456,resolved,0.0,0.0,40
2,Rich v GC,Tom Brown,richmond,13096,resolved,0.0,0.0,41
2,Rich v GC,Maurice Rioli,richmond,12935,resolved,0.0,0.0,42
2,Rich v GC,Harry Armstrong,richmond,13189,resolved,0.0,0.0,43
2,Rich v GC,James Trezise,richmond,13095,resolved,0.0,0.0,44
2,Rich v GC,Steely Green,richmond,13145,resolved,0.0,0.0,45
2,Rich v GC,Tom Lynch,richmond,11948,resolved,0.0,0.0,46
2,GWS v St K,Callum Wilkie,st_kilda,12703,resolved,1.503,24.9,1
2,GWS v St K,Lachie Ash,greater_western_sydney,12782,resolved,1.372,22.9,2
2,GWS v St K,Jack Sinclair,st_kilda,12325,resolved,0.866,14.8,3
2,GWS v St K,Nasiah Wanganeen-Milera,st_kilda,12950,resolved,0.793,13.9,4
2,GWS v St K,Clayton Oliver,greater_western_sydney,12410,resolved,0.553,9.5,5
2,GWS v St K,Finn Callaghan,greater_western_sydney,12969,resolved,0.253,4.4,6
2,GWS v St K,Sam Flanders,st_kilda,12824,resolved,0.165,2.8,7
2,GWS v St K,Darcy Wilson,st_kilda,13110,resolved,0.138,2.4,8
2,GWS v St K,Stephen Coniglio,greater_western_sydney,12028,resolved,0.078,1.2,9
2,GWS v St K,Hugo Garcia,st_kilda,13125,resolved,0.066,1.0,10
2,GWS v St K,Lachie Whitfield,greater_western_sydney,12143,resolved,0.035,0.5,11
2,GWS v St K,Tom De Koning,st_kilda,12674,resolved,0.023,0.3,13
2,GWS v St K,Toby Greene,greater_western_sydney,12025,resolved,0.021,0.3,12
2,GWS v St K,Mason Wood,st_kilda,12312,resolved,0.019,0.2,14
2,GWS v St K,Ryan Angwin,greater_western_sydney,13001,resolved,0.017,0.2,15
2,GWS v St K,Phoenix Gothard,greater_western_sydney,13279,resolved,0.016,0.2,17
2,GWS v St K,Max Hall,st_kilda,13193,resolved,0.015,0.2,18
2,GWS v St K,Bradley Hill,st_kilda,12060,resolved,0.015,0.1,16
2,GWS v St K,Marcus Windhager,st_kilda,12967,resolved,0.01,0.1,19
2,GWS v St K,Connor Idun,greater_western_sydney,12750,resolved,0.007,0.0,22
2,GWS v St K,Harvey Thomas,greater_western_sydney,13101,resolved,0.006,0.0,20
2,GWS v St K,Xavier O'Halloran,greater_western_sydney,12821,resolved,0.006,0.0,23
2,GWS v St K,Rowan Marshall,st_kilda,12564,resolved,0.005,0.0,24
2,GWS v St K,Jack Silvagni,st_kilda,12458,resolved,0.005,0.0,21
2,GWS v St K,Jack Higgins,st_kilda,12609,resolved,0.004,0.0,26
2,GWS v St K,Harry Himmelberg,greater_western_sydney,12462,resolved,0.003,0.0,25
2,GWS v St K,Kieren Briggs,greater_western_sydney,12904,resolved,0.001,0.0,29
2,GWS v St K,Joe Fonti,greater_western_sydney,13164,resolved,0.001,0.0,27
2,GWS v St K,Alix Tauru,st_kilda,13243,resolved,0.001,0.0,28
2,GWS v St K,Jayden Laverde,greater_western_sydney,12377,resolved,0.0,0.0,30
2,GWS v St K,Jesse Hogan,greater_western_sydney,12321,resolved,0.0,0.0,33
2,GWS v St K,Jack Buckley,greater_western_sydney,12846,resolved,0.0,0.0,31
2,GWS v St K,Mattaes Phillipou,st_kilda,13036,resolved,0.0,0.0,32
2,GWS v St K,Cooper Sharman,st_kilda,12929,resolved,0.0,0.0,34
2,GWS v St K,Liam Stocker,st_kilda,12721,resolved,0.0,0.0,35
2,GWS v St K,Mitch Owens,st_kilda,12948,resolved,0.0,0.0,36
2,GWS v St K,Hugh Boxshall,st_kilda,13220,resolved,0.0,0.0,37
2,GWS v St K,Jack Carroll,st_kilda,12976,resolved,0.0,0.0,38
2,GWS v St K,Harry Rowston,greater_western_sydney,13045,resolved,0.0,0.0,39
2,GWS v St K,Max Gruzewski,greater_western_sydney,13158,resolved,0.0,0.0,40
2,GWS v St K,Jake Stringer,greater_western_sydney,12167,resolved,0.0,0.0,41
2,GWS v St K,Callum Brown,greater_western_sydney,12910,resolved,0.0,0.0,42
2,GWS v St K,Liam Ryan,st_kilda,12600,resolved,0.0,0.0,43
2,GWS v St K,Jake Riccardi,greater_western_sydney,12834,resolved,0.0,0.0,44
2,GWS v St K,Anthony Caminiti,st_kilda,13035,resolved,0.0,0.0,45
2,GWS v St K,Josaia Delana,greater_western_sydney,13222,resolved,0.0,0.0,46
2,Frem v Melb,Shai Bolton,fremantle,12535,resolved,2.473,54.9,1
2,Frem v Melb,Andrew Brayshaw,fremantle,12589,resolved,2.126,35.4,2
2,Frem v Melb,Josh Treacy,fremantle,12887,resolved,0.887,7.7,3
2,Frem v Melb,Max Gawn,melbourne,11966,resolved,0.267,1.8,4
2,Frem v Melb,Jack Steele,melbourne,12368,resolved,0.057,0.2,5
2,Frem v Melb,Murphy Reid,fremantle,13180,resolved,0.044,0.1,6
2,Frem v Melb,Isaiah Dudley,fremantle,13204,resolved,0.027,0.0,7
2,Frem v Melb,Luke Jackson,fremantle,12779,resolved,0.022,0.0,8
2,Frem v Melb,Luke Ryan,fremantle,12542,resolved,0.016,0.0,9
2,Frem v Melb,Caleb Serong,fremantle,12786,resolved,0.015,0.0,10
2,Frem v Melb,Neil Erasmus,fremantle,12966,resolved,0.01,0.0,11
2,Frem v Melb,Jordan Clark,fremantle,12688,resolved,0.009,0.0,12
2,Frem v Melb,Karl Worner,fremantle,13075,resolved,0.008,0.0,13
2,Frem v Melb,Matthew Johnson,fremantle,13047,resolved,0.007,0.0,14
2,Frem v Melb,Oscar McDonald,fremantle,12394,resolved,0.006,0.0,15
2,Frem v Melb,Christian Salem,melbourne,12272,resolved,0.004,0.0,16
2,Frem v Melb,Christopher Scerri,fremantle,13296,resolved,0.004,0.0,17
2,Frem v Melb,Corey Wagner,fremantle,12453,resolved,0.003,0.0,20
2,Frem v Melb,Nathan O'Driscoll,fremantle,12960,resolved,0.003,0.0,18
2,Frem v Melb,Ed Langdon,melbourne,12393,resolved,0.003,0.0,21
2,Frem v Melb,Heath Chapman,fremantle,12875,resolved,0.002,0.0,19
2,Frem v Melb,Trent Rivers,melbourne,12778,resolved,0.001,0.0,23
2,Frem v Melb,Judd McVee,fremantle,13033,resolved,0.001,0.0,24
2,Frem v Melb,Jake Lever,melbourne,12351,resolved,0.001,0.0,26
2,Frem v Melb,Alex Pearce,fremantle,12352,resolved,0.001,0.0,25
2,Frem v Melb,Sean Darcy,fremantle,12547,resolved,0.001,0.0,27
2,Frem v Melb,Patrick Voss,fremantle,13129,resolved,0.001,0.0,22
2,Frem v Melb,Jye Amiss,fremantle,12983,resolved,0.0,0.0,28
2,Frem v Melb,Kysaiah Pickett,melbourne,12771,resolved,0.0,0.0,29
2,Frem v Melb,Sam Switkowski,fremantle,12672,resolved,0.0,0.0,30
2,Frem v Melb,Kade Chandler,melbourne,12756,resolved,0.0,0.0,31
2,Frem v Melb,Bayley Fritsch,melbourne,12598,resolved,0.0,0.0,32
2,Frem v Melb,Tom Sparrow,melbourne,12693,resolved,0.0,0.0,33
2,Frem v Melb,Changkuoth Jiath,melbourne,12752,resolved,0.0,0.0,34
2,Frem v Melb,Harrison Petty,melbourne,12653,resolved,0.0,0.0,35
2,Frem v Melb,Caleb Windsor,melbourne,13099,resolved,0.0,0.0,36
2,Frem v Melb,Harry Sharp,melbourne,12864,resolved,0.0,0.0,37
2,Frem v Melb,Koltyn Tholstrup,melbourne,13123,resolved,0.0,0.0,38
2,Frem v Melb,Harvey Langford,melbourne,13184,resolved,0.0,0.0,39
2,Frem v Melb,Jacob van Rooyen,melbourne,13048,resolved,0.0,0.0,40
2,Frem v Melb,Xavier Lindsay,melbourne,13185,resolved,0.0,0.0,41
2,Frem v Melb,Jai Culley,melbourne,13015,resolved,0.0,0.0,42
2,Frem v Melb,Brody Mihocek,melbourne,12639,resolved,0.0,0.0,43
2,Frem v Melb,Blake Howes,melbourne,13098,resolved,0.0,0.0,44
2,Frem v Melb,Daniel Turner,melbourne,12996,resolved,0.0,0.0,45
2,Frem v Melb,Latrelle Pickett,melbourne,13286,resolved,0.0,0.0,46
2,Port v Ess,Zak Butters,port_adelaide,12698,resolved,2.664,67.3,1
2,Port v Ess,Jason Horne-Francis,port_adelaide,12956,resolved,2.223,31.4,2
2,Port v Ess,Aliir Aliir,port_adelaide,12433,resolved,0.453,1.1,3
2,Port v Ess,Joe Richards,port_adelaide,13139,resolved,0.132,0.1,4
2,Port v Ess,Willem Drew,port_adelaide,12695,resolved,0.088,0.0,5
2,Port v Ess,Jack Watkins,port_adelaide,13289,resolved,0.068,0.0,6
2,Port v Ess,Jordon Sweet,port_adelaide,12890,resolved,0.058,0.0,7
2,Port v Ess,Connor Rozee,port_adelaide,12697,resolved,0.057,0.0,8
2,Port v Ess,Jack Lukosius,port_adelaide,12704,resolved,0.048,0.0,9
2,Port v Ess,Jase Burgoyne,port_adelaide,13007,resolved,0.035,0.0,10
2,Port v Ess,Jye Caldwell,essendon,12755,resolved,0.019,0.0,11
2,Port v Ess,Logan Evans,port_adelaide,13156,resolved,0.016,0.0,12
2,Port v Ess,Joe Berry,port_adelaide,13188,resolved,0.015,0.0,13
2,Port v Ess,Nate Caddy,essendon,13148,resolved,0.011,0.0,14
2,Port v Ess,Darcy Parish,essendon,12406,resolved,0.011,0.0,16
2,Port v Ess,Zach Merrett,essendon,12241,resolved,0.01,0.0,15
2,Port v Ess,Sam Durham,essendon,12925,resolved,0.01,0.0,19
2,Port v Ess,Jackson Mead,port_adelaide,12946,resolved,0.009,0.0,17
2,Port v Ess,Mitch Georgiades,port_adelaide,12766,resolved,0.009,0.0,18
2,Port v Ess,Ewan Mackinlay,port_adelaide,13269,resolved,0.008,0.0,20
2,Port v Ess,Archie Roberts,essendon,13168,resolved,0.008,0.0,21
2,Port v Ess,Kane Farrell,port_adelaide,12664,resolved,0.007,0.0,22
2,Port v Ess,Todd Marshall,port_adelaide,12575,resolved,0.006,0.0,24
2,Port v Ess,Zak Johnson,essendon,13231,resolved,0.006,0.0,23
2,Port v Ess,Esava Ratugolea,port_adelaide,12597,resolved,0.006,0.0,26
2,Port v Ess,Jacob Wehr,port_adelaide,12991,resolved,0.005,0.0,25
2,Port v Ess,Darcy Byrne-Jones,port_adelaide,12422,resolved,0.004,0.0,28
2,Port v Ess,Jaxon Prior,essendon,12874,resolved,0.003,0.0,29
2,Port v Ess,Andrew McGrath,essendon,12491,resolved,0.003,0.0,32
2,Port v Ess,Corey Durdin,port_adelaide,12936,resolved,0.003,0.0,27
2,Port v Ess,Jack Whitlock,port_adelaide,13259,resolved,0.002,0.0,30
2,Port v Ess,Miles Bergman,port_adelaide,12867,resolved,0.002,0.0,31
2,Port v Ess,Lachlan Blakiston,essendon,13237,resolved,0.0,0.0,33
2,Port v Ess,Xavier Duursma,essendon,12696,resolved,0.0,0.0,34
2,Port v Ess,Zach Reid,essendon,12889,resolved,0.0,0.0,35
2,Port v Ess,Brayden Fiorini,essendon,12481,resolved,0.0,0.0,36
2,Port v Ess,Jayden Nguyen,essendon,13258,resolved,0.0,0.0,37
2,Port v Ess,Max Kondogiannis,essendon,13282,resolved,0.0,0.0,38
2,Port v Ess,Isaac Kako,essendon,13177,resolved,0.0,0.0,39
2,Port v Ess,Peter Wright,essendon,12366,resolved,0.0,0.0,40
2,Port v Ess,Kyle Langford,essendon,12349,resolved,0.0,0.0,41
2,Port v Ess,Archie Perkins,essendon,12879,resolved,0.0,0.0,42
2,Port v Ess,Ben McKay,essendon,12580,resolved,0.0,0.0,43
2,Port v Ess,Mason Redman,essendon,12437,resolved,0.0,0.0,44
2,Port v Ess,Dyson Sharp,essendon,13283,resolved,0.0,0.0,45
2,Port v Ess,Hussien El Achkar,essendon,13281,resolved,0.0,0.0,46
2,WC v NM,Harley Reid,west_coast,13111,resolved,2.201,45.2,1
2,WC v NM,Harry Sheezel,north_melbourne,13034,resolved,1.439,23.5,2
2,WC v NM,Nick Larkey,north_melbourne,12563,resolved,0.97,14.3,3
2,WC v NM,Tristan Xerri,north_melbourne,12788,resolved,0.664,9.6,4
2,WC v NM,Elliot Yeo,west_coast,12087,resolved,0.254,3.3,5
2,WC v NM,Luke Davies-Uniacke,north_melbourne,12590,resolved,0.195,2.5,6
2,WC v NM,Jack Graham,west_coast,,unresolved,0.077,0.7,7
2,WC v NM,Tim Kelly,west_coast,12595,resolved,0.054,0.5,8
2,WC v NM,Deven Robertson,west_coast,12774,resolved,0.04,0.3,9
2,WC v NM,Milan Murdock,west_coast,13294,resolved,0.025,0.1,10
2,WC v NM,Caleb Daniel,north_melbourne,12373,resolved,0.008,0.0,11
2,WC v NM,Reuben Ginbey,west_coast,13038,resolved,0.008,0.0,12
2,WC v NM,Jobe Shanahan,west_coast,13247,resolved,0.007,0.0,13
2,WC v NM,Cooper Duff-Tytler,west_coast,13291,resolved,0.007,0.0,14
2,WC v NM,Jy Simpkin,north_melbourne,12502,resolved,0.005,0.0,15
2,WC v NM,Willem Duursma,west_coast,13292,resolved,0.005,0.0,16
2,WC v NM,Tom Powell,north_melbourne,12866,resolved,0.005,0.0,18
2,WC v NM,Brady Hough,west_coast,12957,resolved,0.005,0.0,17
2,WC v NM,Liam Baker,west_coast,12661,resolved,0.004,0.0,22
2,WC v NM,Tom McCarthy,west_coast,13240,resolved,0.004,0.0,19
2,WC v NM,Jamie Cripps,west_coast,11937,resolved,0.004,0.0,20
2,WC v NM,Archer Reid,west_coast,13196,resolved,0.004,0.0,23
2,WC v NM,Liam Duggan,west_coast,12334,resolved,0.003,0.0,21
2,WC v NM,Finn O'Sullivan,north_melbourne,13187,resolved,0.003,0.0,25
2,WC v NM,Colby McKercher,north_melbourne,13107,resolved,0.002,0.0,30
2,WC v NM,Jake Waterman,west_coast,12601,resolved,0.002,0.0,27
2,WC v NM,Matt Flynn,west_coast,12870,resolved,0.002,0.0,24
2,WC v NM,Bo Allan,west_coast,13221,resolved,0.002,0.0,26
2,WC v NM,Hamish Davis,west_coast,13210,resolved,0.001,0.0,29
2,WC v NM,Luke Parker,north_melbourne,11953,resolved,0.001,0.0,28
2,WC v NM,Dylan Stephens,north_melbourne,12796,resolved,0.001,0.0,31
2,WC v NM,Luke McDonald,north_melbourne,12246,resolved,0.0,0.0,32
2,WC v NM,Paul Curtis,north_melbourne,12975,resolved,0.0,0.0,33
2,WC v NM,Tom Blamires,north_melbourne,13287,resolved,0.0,0.0,34
2,WC v NM,Cameron Zurhaar,north_melbourne,12557,resolved,0.0,0.0,35
2,WC v NM,Charlie Comben,north_melbourne,12938,resolved,0.0,0.0,36
2,WC v NM,Tylar Young,west_coast,13043,resolved,0.0,0.0,37
2,WC v NM,Toby Pink,north_melbourne,13108,resolved,0.0,0.0,38
2,WC v NM,Jacob Newton,west_coast,13267,resolved,0.0,0.0,39
2,WC v NM,Lachy Dovaston,north_melbourne,13288,resolved,0.0,0.0,40
2,WC v NM,Harry Edwards,west_coast,12811,resolved,0.0,0.0,41
2,WC v NM,Zane Duursma,north_melbourne,13106,resolved,0.0,0.0,42
2,WC v NM,Jacob Konstanty,north_melbourne,13186,resolved,0.0,0.0,43
2,WC v NM,Jack Darling,north_melbourne,11905,resolved,0.0,0.0,44
2,WC v NM,Cooper Trembath,north_melbourne,13263,resolved,0.0,0.0,45
2,WC v NM,Griffin Logue,north_melbourne,12511,resolved,0.0,0.0,46
3,Geel v Adel,Bailey Smith,geelong,12692,resolved,2.932,93.4,1
3,Geel v Adel,Josh Rachele,adelaide,12953,resolved,1.044,4.4,2
3,Geel v Adel,Max Holmes,geelong,12881,resolved,0.688,1.8,3
3,Geel v Adel,Mark Blicavs,geelong,12153,resolved,0.221,0.2,4
3,Geel v Adel,Gryan Miers,geelong,12689,resolved,0.171,0.1,5
3,Geel v Adel,Tom Stewart,geelong,12505,resolved,0.14,0.0,6
3,Geel v Adel,Tom Atkins,geelong,12690,resolved,0.122,0.0,7
3,Geel v Adel,Shaun Mannagh,geelong,13104,resolved,0.122,0.0,8
3,Geel v Adel,Sam De Koning,geelong,12891,resolved,0.103,0.0,9
3,Geel v Adel,Sam Berry,adelaide,12849,resolved,0.084,0.0,10
3,Geel v Adel,Oliver Dempsey,geelong,12974,resolved,0.078,0.0,11
3,Geel v Adel,Jack Martin,geelong,12236,resolved,0.072,0.0,12
3,Geel v Adel,Connor O'Sullivan,geelong,13122,resolved,0.051,0.0,13
3,Geel v Adel,Josh Worrell,adelaide,12912,resolved,0.049,0.0,14
3,Geel v Adel,Jake Soligo,adelaide,12952,resolved,0.04,0.0,15
3,Geel v Adel,James Peatling,adelaide,12934,resolved,0.025,0.0,16
3,Geel v Adel,Brayden Cook,adelaide,12932,resolved,0.01,0.0,17
3,Geel v Adel,Jhye Clark,geelong,13062,resolved,0.008,0.0,18
3,Geel v Adel,Tanner Bruhn,geelong,12871,resolved,0.007,0.0,19
3,Geel v Adel,Lachlan McAndrew,adelaide,13065,resolved,0.007,0.0,20
3,Geel v Adel,Mark O'Connor,geelong,12531,resolved,0.004,0.0,21
3,Geel v Adel,Oliver Henry,geelong,12851,resolved,0.004,0.0,22
3,Geel v Adel,Oisin Mullin,geelong,13066,resolved,0.004,0.0,23
3,Geel v Adel,Nick Murray,adelaide,12872,resolved,0.002,0.0,27
3,Geel v Adel,Jack Henry,geelong,12607,resolved,0.002,0.0,26
3,Geel v Adel,Wayne Milera,adelaide,12405,resolved,0.002,0.0,25
3,Geel v Adel,Zac Taylor,adelaide,13159,resolved,0.002,0.0,24
3,Geel v Adel,Riley Thilthorpe,adelaide,12892,resolved,0.002,0.0,30
3,Geel v Adel,Oliver Wiltshire,geelong,13217,resolved,0.001,0.0,29
3,Geel v Adel,Jeremy Cameron,geelong,12017,resolved,0.001,0.0,28
3,Geel v Adel,Shannon Neale,geelong,12992,resolved,0.001,0.0,32
3,Geel v Adel,Lawson Humphries,geelong,13160,resolved,0.001,0.0,31
3,Geel v Adel,Ben Keays,adelaide,12434,resolved,0.0,0.0,33
3,Geel v Adel,Alex Neal-Bullen,adelaide,12367,resolved,0.0,0.0,34
3,Geel v Adel,Max Michalanney,adelaide,13027,resolved,0.0,0.0,35
3,Geel v Adel,Mitchell Edwards,geelong,13285,resolved,0.0,0.0,36
3,Geel v Adel,Zach Guthrie,geelong,12551,resolved,0.0,0.0,37
3,Geel v Adel,Luke Nankervis,adelaide,13081,resolved,0.0,0.0,38
3,Geel v Adel,Jordon Butts,adelaide,12829,resolved,0.0,0.0,39
3,Geel v Adel,Isaac Cumming,adelaide,12629,resolved,0.0,0.0,40
3,Geel v Adel,Chayce Jones,adelaide,12691,resolved,0.0,0.0,41
3,Geel v Adel,Izak Rankine,adelaide,12798,resolved,0.0,0.0,42
3,Geel v Adel,Darcy Fogarty,adelaide,12584,resolved,0.0,0.0,43
3,Geel v Adel,Finnbar Maley,adelaide,13219,resolved,0.0,0.0,44
3,Geel v Adel,Hugh Bond,adelaide,13165,resolved,0.0,0.0,45
3,Geel v Adel,Luke Pedlar,adelaide,12921,resolved,0.0,0.0,46
3,Coll v GWS,Nick Daicos,collingwood,12943,resolved,2.993,99.3,1
3,Coll v GWS,Steele Sidebottom,collingwood,11751,resolved,0.678,0.3,2
3,Coll v GWS,Josh Daicos,collingwood,12573,resolved,0.624,0.2,3
3,Coll v GWS,Finn Callaghan,greater_western_sydney,12969,resolved,0.505,0.1,4
3,Coll v GWS,Clayton Oliver,greater_western_sydney,12410,resolved,0.387,0.0,5
3,Coll v GWS,Tim Membrey,collingwood,12300,resolved,0.238,0.0,6
3,Coll v GWS,Jack Crisp,collingwood,12061,resolved,0.177,0.0,7
3,Coll v GWS,Lachie Whitfield,greater_western_sydney,12143,resolved,0.065,0.0,8
3,Coll v GWS,Billy Frampton,collingwood,12676,resolved,0.053,0.0,9
3,Coll v GWS,Lachie Schultz,collingwood,12700,resolved,0.042,0.0,10
3,Coll v GWS,Jordan De Goey,collingwood,12318,resolved,0.031,0.0,12
3,Coll v GWS,Dan Houston,collingwood,12495,resolved,0.029,0.0,11
3,Coll v GWS,Toby Greene,greater_western_sydney,12025,resolved,0.027,0.0,13
3,Coll v GWS,Lachie Ash,greater_western_sydney,12782,resolved,0.019,0.0,14
3,Coll v GWS,Beau McCreery,collingwood,12876,resolved,0.019,0.0,15
3,Coll v GWS,Harry Perryman,collingwood,12536,resolved,0.014,0.0,17
3,Coll v GWS,Brayden Maynard,collingwood,12371,resolved,0.014,0.0,16
3,Coll v GWS,Oscar Steene,collingwood,13298,resolved,0.01,0.0,19
3,Coll v GWS,Harvey Thomas,greater_western_sydney,13101,resolved,0.01,0.0,18
3,Coll v GWS,Ned Long,collingwood,13023,resolved,0.008,0.0,20
3,Coll v GWS,Connor Idun,greater_western_sydney,12750,resolved,0.007,0.0,22
3,Coll v GWS,Ryan Angwin,greater_western_sydney,13001,resolved,0.007,0.0,23
3,Coll v GWS,Daniel McStay,collingwood,12291,resolved,0.006,0.0,21
3,Coll v GWS,Jeremy Howe,collingwood,11967,resolved,0.006,0.0,25
3,Coll v GWS,Isaac Quaynor,collingwood,12740,resolved,0.006,0.0,26
3,Coll v GWS,Darcy Cameron,collingwood,12660,resolved,0.005,0.0,24
3,Coll v GWS,Kieren Briggs,greater_western_sydney,12904,resolved,0.005,0.0,27
3,Coll v GWS,Scott Pendlebury,collingwood,4182,resolved,0.004,0.0,28
3,Coll v GWS,Patrick Lipinski,collingwood,12578,resolved,0.004,0.0,29
3,Coll v GWS,Jake Riccardi,greater_western_sydney,12834,resolved,0.002,0.0,32
3,Coll v GWS,Jayden Laverde,greater_western_sydney,12377,resolved,0.002,0.0,33
3,Coll v GWS,Darcy Moore,collingwood,12372,resolved,0.002,0.0,31
3,Coll v GWS,Jake Stringer,greater_western_sydney,12167,resolved,0.001,0.0,30
3,Coll v GWS,Joe Fonti,greater_western_sydney,13164,resolved,0.001,0.0,34
3,Coll v GWS,Roan Steele,collingwood,13248,resolved,0.001,0.0,35
3,Coll v GWS,Phoenix Gothard,greater_western_sydney,13279,resolved,0.0,0.0,36
3,Coll v GWS,Jamie Elliott,collingwood,12083,resolved,0.0,0.0,37
3,Coll v GWS,Harry Himmelberg,greater_western_sydney,12462,resolved,0.0,0.0,38
3,Coll v GWS,Stephen Coniglio,greater_western_sydney,12028,resolved,0.0,0.0,39
3,Coll v GWS,Xavier O'Halloran,greater_western_sydney,12821,resolved,0.0,0.0,40
3,Coll v GWS,James Leake,greater_western_sydney,13174,resolved,0.0,0.0,41
3,Coll v GWS,Callum Brown,greater_western_sydney,12910,resolved,0.0,0.0,42
3,Coll v GWS,Max Gruzewski,greater_western_sydney,13158,resolved,0.0,0.0,43
3,Coll v GWS,Oliver Hannaford,greater_western_sydney,13302,resolved,0.0,0.0,44
3,Coll v GWS,Jesse Hogan,greater_western_sydney,12321,resolved,0.0,0.0,45
3,Coll v GWS,Josaia Delana,greater_western_sydney,13222,resolved,0.0,0.0,46
3,St K v Bris,Will Ashcroft,brisbane_lions,13040,resolved,2.223,44.7,1
3,St K v Bris,Jarrod Berry,brisbane_lions,12519,resolved,1.942,35.0,2
3,St K v Bris,Zac Bailey,brisbane_lions,12610,resolved,0.574,7.3,3
3,St K v Bris,Dayne Zorko,brisbane_lions,12076,resolved,0.397,5.0,4
3,St K v Bris,Nasiah Wanganeen-Milera,st_kilda,12950,resolved,0.368,4.8,5
3,St K v Bris,Josh Dunkley,brisbane_lions,12408,resolved,0.107,1.1,6
3,St K v Bris,Callum Wilkie,st_kilda,12703,resolved,0.082,0.7,7
3,St K v Bris,Lachie Neale,brisbane_lions,12055,resolved,0.06,0.6,8
3,St K v Bris,Levi Ashcroft,brisbane_lions,13197,resolved,0.036,0.3,9
3,St K v Bris,Keidean Coleman,brisbane_lions,12838,resolved,0.03,0.2,10
3,St K v Bris,Jack Sinclair,st_kilda,12325,resolved,0.022,0.1,11
3,St K v Bris,Cam Rayner,brisbane_lions,12592,resolved,0.021,0.1,12
3,St K v Bris,Logan Morris,brisbane_lions,13137,resolved,0.017,0.0,13
3,St K v Bris,Ryan Lester,brisbane_lions,11894,resolved,0.015,0.0,14
3,St K v Bris,Sam Flanders,st_kilda,12824,resolved,0.013,0.0,16
3,St K v Bris,Darcy Gardiner,brisbane_lions,12267,resolved,0.012,0.0,15
3,St K v Bris,Bruce Reville,brisbane_lions,13138,resolved,0.01,0.0,18
3,St K v Bris,Oscar Allen,brisbane_lions,12655,resolved,0.01,0.0,17
3,St K v Bris,Lincoln McCarthy,brisbane_lions,12090,resolved,0.008,0.0,22
3,St K v Bris,Darcy Wilmot,brisbane_lions,13026,resolved,0.007,0.0,19
3,St K v Bris,Darcy Fort,brisbane_lions,12724,resolved,0.007,0.0,21
3,St K v Bris,Charlie Cameron,brisbane_lions,,unresolved,0.006,0.0,23
3,St K v Bris,Jaspa Fletcher,brisbane_lions,13072,resolved,0.005,0.0,20
3,St K v Bris,Kai Lohmann,brisbane_lions,12968,resolved,0.005,0.0,24
3,St K v Bris,Marcus Windhager,st_kilda,12967,resolved,0.004,0.0,25
3,St K v Bris,Sam Draper,brisbane_lions,12810,resolved,0.003,0.0,27
3,St K v Bris,Liam Ryan,st_kilda,12600,resolved,0.003,0.0,26
3,St K v Bris,Mattaes Phillipou,st_kilda,13036,resolved,0.003,0.0,28
3,St K v Bris,Max Hall,st_kilda,13193,resolved,0.002,0.0,30
3,St K v Bris,Cooper Sharman,st_kilda,12929,resolved,0.002,0.0,29
3,St K v Bris,Bradley Hill,st_kilda,12060,resolved,0.001,0.0,31
3,St K v Bris,Mitch Owens,st_kilda,12948,resolved,0.001,0.0,33
3,St K v Bris,Tom De Koning,st_kilda,12674,resolved,0.001,0.0,32
3,St K v Bris,Jack Higgins,st_kilda,12609,resolved,0.001,0.0,34
3,St K v Bris,Hugo Garcia,st_kilda,13125,resolved,0.001,0.0,36
3,St K v Bris,Noah Answerth,brisbane_lions,12718,resolved,0.001,0.0,37
3,St K v Bris,Ty Gallop,brisbane_lions,13235,resolved,0.001,0.0,35
3,St K v Bris,Mason Wood,st_kilda,12312,resolved,0.0,0.0,38
3,St K v Bris,Liam Stocker,st_kilda,12721,resolved,0.0,0.0,39
3,St K v Bris,Dougal Howard,st_kilda,12420,resolved,0.0,0.0,40
3,St K v Bris,Darcy Wilson,st_kilda,13110,resolved,0.0,0.0,41
3,St K v Bris,Rowan Marshall,st_kilda,12564,resolved,0.0,0.0,42
3,St K v Bris,Jack Silvagni,st_kilda,12458,resolved,0.0,0.0,43
3,St K v Bris,Dan Butler,st_kilda,12490,resolved,0.0,0.0,44
3,St K v Bris,Jack Carroll,st_kilda,12976,resolved,0.0,0.0,45
3,St K v Bris,Alix Tauru,st_kilda,13243,resolved,0.0,0.0,46
3,Frem v Rich,Caleb Serong,fremantle,12786,resolved,2.58,63.0,1
3,Frem v Rich,Josh Treacy,fremantle,12887,resolved,1.977,28.1,2
3,Frem v Rich,Shai Bolton,fremantle,12535,resolved,1.017,7.8,3
3,Frem v Rich,Andrew Brayshaw,fremantle,12589,resolved,0.115,0.5,4
3,Frem v Rich,Tim Taranto,richmond,12504,resolved,0.086,0.3,5
3,Frem v Rich,Luke Jackson,fremantle,12779,resolved,0.076,0.2,6
3,Frem v Rich,Jordan Clark,fremantle,12688,resolved,0.066,0.1,7
3,Frem v Rich,Neil Erasmus,fremantle,12966,resolved,0.011,0.0,9
3,Frem v Rich,Jaeger O'Meara,fremantle,12141,resolved,0.009,0.0,8
3,Frem v Rich,Patrick Voss,fremantle,13129,resolved,0.009,0.0,10
3,Frem v Rich,Corey Wagner,fremantle,12453,resolved,0.007,0.0,11
3,Frem v Rich,Murphy Reid,fremantle,13180,resolved,0.007,0.0,12
3,Frem v Rich,Jye Amiss,fremantle,12983,resolved,0.005,0.0,15
3,Frem v Rich,Matthew Johnson,fremantle,13047,resolved,0.005,0.0,13
3,Frem v Rich,Brennan Cox,fremantle,12544,resolved,0.005,0.0,14
3,Frem v Rich,Heath Chapman,fremantle,12875,resolved,0.005,0.0,17
3,Frem v Rich,Luke Trainor,richmond,13191,resolved,0.004,0.0,16
3,Frem v Rich,Sean Darcy,fremantle,12547,resolved,0.004,0.0,18
3,Frem v Rich,Alex Pearce,fremantle,12352,resolved,0.003,0.0,19
3,Frem v Rich,Jack Ross,richmond,,unresolved,0.002,0.0,21
3,Frem v Rich,Judd McVee,fremantle,13033,resolved,0.002,0.0,20
3,Frem v Rich,Luke Ryan,fremantle,12542,resolved,0.001,0.0,22
3,Frem v Rich,Isaiah Dudley,fremantle,13204,resolved,0.001,0.0,23
3,Frem v Rich,Karl Worner,fremantle,13075,resolved,0.001,0.0,24
3,Frem v Rich,Jacob Hopper,richmond,12440,resolved,0.001,0.0,26
3,Frem v Rich,Nick Vlastuin,richmond,12174,resolved,0.001,0.0,28
3,Frem v Rich,Steely Green,richmond,13145,resolved,0.001,0.0,25
3,Frem v Rich,Jayden Short,richmond,12418,resolved,0.001,0.0,27
3,Frem v Rich,Sam Lalor,richmond,13190,resolved,0.0,0.0,29
3,Frem v Rich,Sam Switkowski,fremantle,12672,resolved,0.0,0.0,30
3,Frem v Rich,Ben Miller,richmond,12941,resolved,0.0,0.0,31
3,Frem v Rich,Tyler Sonsie,richmond,13014,resolved,0.0,0.0,32
3,Frem v Rich,Sam Banks,richmond,13078,resolved,0.0,0.0,33
3,Frem v Rich,Christopher Scerri,fremantle,13296,resolved,0.0,0.0,34
3,Frem v Rich,Sam Grlj,richmond,13290,resolved,0.0,0.0,35
3,Frem v Rich,Dion Prestia,richmond,11917,resolved,0.0,0.0,36
3,Frem v Rich,Noah Balta,richmond,12686,resolved,0.0,0.0,37
3,Frem v Rich,Jonty Faull,richmond,13214,resolved,0.0,0.0,38
3,Frem v Rich,Tom Brown,richmond,13096,resolved,0.0,0.0,39
3,Frem v Rich,Hugo Ralphsmith,richmond,12902,resolved,0.0,0.0,40
3,Frem v Rich,Maurice Rioli,richmond,12935,resolved,0.0,0.0,41
3,Frem v Rich,Mykelti Lefau,richmond,13113,resolved,0.0,0.0,42
3,Frem v Rich,Seth Campbell,richmond,13100,resolved,0.0,0.0,43
3,Frem v Rich,Jasper Alger,richmond,13242,resolved,0.0,0.0,44
3,Frem v Rich,Campbell Gray,richmond,13218,resolved,0.0,0.0,45
3,Frem v Rich,Harry Armstrong,richmond,13189,resolved,0.0,0.0,46
3,Ess v NM,Harry Sheezel,north_melbourne,13034,resolved,1.786,31.2,1
3,Ess v NM,Luke Davies-Uniacke,north_melbourne,12590,resolved,1.34,22.5,2
3,Ess v NM,Colby McKercher,north_melbourne,13107,resolved,1.223,20.6,3
3,Ess v NM,Finn O'Sullivan,north_melbourne,13187,resolved,0.758,12.5,4
3,Ess v NM,Luke Parker,north_melbourne,11953,resolved,0.728,12.0,5
3,Ess v NM,George Wardlaw,north_melbourne,13064,resolved,0.039,0.5,6
3,Ess v NM,Peter Wright,essendon,12366,resolved,0.019,0.2,8
3,Ess v NM,Jye Caldwell,essendon,12755,resolved,0.018,0.2,7
3,Ess v NM,Tristan Xerri,north_melbourne,12788,resolved,0.016,0.1,9
3,Ess v NM,Toby Pink,north_melbourne,13108,resolved,0.015,0.2,10
3,Ess v NM,Dylan Stephens,north_melbourne,12796,resolved,0.008,0.0,13
3,Ess v NM,Jy Simpkin,north_melbourne,12502,resolved,0.008,0.0,11
3,Ess v NM,Tom Powell,north_melbourne,12866,resolved,0.008,0.0,12
3,Ess v NM,Caleb Daniel,north_melbourne,12373,resolved,0.005,0.0,14
3,Ess v NM,Sam Durham,essendon,12925,resolved,0.004,0.0,15
3,Ess v NM,Nick Larkey,north_melbourne,12563,resolved,0.004,0.0,16
3,Ess v NM,Andrew McGrath,essendon,12491,resolved,0.003,0.0,17
3,Ess v NM,Tom Blamires,north_melbourne,13287,resolved,0.003,0.0,20
3,Ess v NM,Luke McDonald,north_melbourne,12246,resolved,0.003,0.0,19
3,Ess v NM,Zane Duursma,north_melbourne,13106,resolved,0.002,0.0,18
3,Ess v NM,Isaac Kako,essendon,13177,resolved,0.002,0.0,23
3,Ess v NM,Archie Roberts,essendon,13168,resolved,0.002,0.0,21
3,Ess v NM,Cooper Trembath,north_melbourne,13263,resolved,0.002,0.0,25
3,Ess v NM,Jaxon Prior,essendon,12874,resolved,0.001,0.0,24
3,Ess v NM,Darcy Parish,essendon,12406,resolved,0.001,0.0,22
3,Ess v NM,Lachlan Blakiston,essendon,13237,resolved,0.001,0.0,26
3,Ess v NM,Charlie Comben,north_melbourne,12938,resolved,0.001,0.0,27
3,Ess v NM,Kyle Langford,essendon,12349,resolved,0.0,0.0,28
3,Ess v NM,Paul Curtis,north_melbourne,12975,resolved,0.0,0.0,29
3,Ess v NM,Cameron Zurhaar,north_melbourne,12557,resolved,0.0,0.0,30
3,Ess v NM,Zach Merrett,essendon,12241,resolved,0.0,0.0,31
3,Ess v NM,Archie Perkins,essendon,12879,resolved,0.0,0.0,32
3,Ess v NM,Xavier Duursma,essendon,12696,resolved,0.0,0.0,33
3,Ess v NM,Lachy Dovaston,north_melbourne,13288,resolved,0.0,0.0,34
3,Ess v NM,Archer Day-Wicks,essendon,13223,resolved,0.0,0.0,35
3,Ess v NM,Jacob Farrow,essendon,13299,resolved,0.0,0.0,36
3,Ess v NM,Saad El-Hawli,essendon,13203,resolved,0.0,0.0,37
3,Ess v NM,Zach Reid,essendon,12889,resolved,0.0,0.0,38
3,Ess v NM,Jade Gresham,essendon,12415,resolved,0.0,0.0,39
3,Ess v NM,Nate Caddy,essendon,13148,resolved,0.0,0.0,40
3,Ess v NM,Callum Coleman-Jones,north_melbourne,12730,resolved,0.0,0.0,41
3,Ess v NM,Archer May,essendon,13238,resolved,0.0,0.0,42
3,Ess v NM,Ben McKay,essendon,12580,resolved,0.0,0.0,43
3,Ess v NM,Matt Guelfi,essendon,12612,resolved,0.0,0.0,44
3,Ess v NM,Aidan Corr,north_melbourne,12181,resolved,0.0,0.0,45
3,Ess v NM,Zak Johnson,essendon,13231,resolved,0.0,0.0,46
3,Port v WC,Harley Reid,west_coast,13111,resolved,1.827,31.8,1
3,Port v WC,Zak Butters,port_adelaide,12698,resolved,1.78,31.0,2
3,Port v WC,Jake Waterman,west_coast,12601,resolved,1.471,24.0,3
3,Port v WC,Tim Kelly,west_coast,12595,resolved,0.586,9.7,4
3,Port v WC,Jason Horne-Francis,port_adelaide,12956,resolved,0.06,0.9,5
3,Port v WC,Kane Farrell,port_adelaide,12664,resolved,0.045,0.6,7
3,Port v WC,Willem Drew,port_adelaide,12695,resolved,0.043,0.5,6
3,Port v WC,Willem Duursma,west_coast,13292,resolved,0.036,0.4,8
3,Port v WC,Tom McCarthy,west_coast,13240,resolved,0.027,0.3,9
3,Port v WC,Mitch Georgiades,port_adelaide,12766,resolved,0.019,0.2,10
3,Port v WC,Deven Robertson,west_coast,12774,resolved,0.018,0.1,11
3,Port v WC,Jack Whitlock,port_adelaide,13259,resolved,0.015,0.1,12
3,Port v WC,Liam Baker,west_coast,12661,resolved,0.013,0.1,13
3,Port v WC,Jobe Shanahan,west_coast,13247,resolved,0.013,0.1,14
3,Port v WC,Jack Watkins,port_adelaide,13289,resolved,0.012,0.1,15
3,Port v WC,Jase Burgoyne,port_adelaide,13007,resolved,0.008,0.0,16
3,Port v WC,Jack Graham,west_coast,,unresolved,0.006,0.0,17
3,Port v WC,Logan Evans,port_adelaide,13156,resolved,0.004,0.0,18
3,Port v WC,Jordon Sweet,port_adelaide,12890,resolved,0.003,0.0,19
3,Port v WC,Will Brodie,port_adelaide,12541,resolved,0.003,0.0,21
3,Port v WC,Josh Lindsay,west_coast,13293,resolved,0.003,0.0,20
3,Port v WC,Tylar Young,west_coast,13043,resolved,0.002,0.0,23
3,Port v WC,Matt Flynn,west_coast,12870,resolved,0.002,0.0,22
3,Port v WC,Hamish Davis,west_coast,13210,resolved,0.001,0.0,25
3,Port v WC,Bo Allan,west_coast,13221,resolved,0.001,0.0,24
3,Port v WC,Liam Duggan,west_coast,12334,resolved,0.001,0.0,27
3,Port v WC,Aliir Aliir,port_adelaide,12433,resolved,0.001,0.0,26
3,Port v WC,Brady Hough,west_coast,12957,resolved,0.0,0.0,33
3,Port v WC,Jack Lukosius,port_adelaide,12704,resolved,0.0,0.0,28
3,Port v WC,Elliot Yeo,west_coast,12087,resolved,0.0,0.0,29
3,Port v WC,Josh Lai,port_adelaide,13301,resolved,0.0,0.0,32
3,Port v WC,Jacob Wehr,port_adelaide,12991,resolved,0.0,0.0,31
3,Port v WC,Darcy Byrne-Jones,port_adelaide,12422,resolved,0.0,0.0,30
3,Port v WC,Harry Schoenberg,west_coast,12813,resolved,0.0,0.0,34
3,Port v WC,Jackson Mead,port_adelaide,12946,resolved,0.0,0.0,35
3,Port v WC,Esava Ratugolea,port_adelaide,12597,resolved,0.0,0.0,36
3,Port v WC,Corey Durdin,port_adelaide,12936,resolved,0.0,0.0,37
3,Port v WC,Jamie Cripps,west_coast,11937,resolved,0.0,0.0,38
3,Port v WC,Joe Richards,port_adelaide,13139,resolved,0.0,0.0,39
3,Port v WC,Cooper Duff-Tytler,west_coast,13291,resolved,0.0,0.0,40
3,Port v WC,Lachie Jones,port_adelaide,12882,resolved,0.0,0.0,41
3,Port v WC,Reuben Ginbey,west_coast,13038,resolved,0.0,0.0,42
3,Port v WC,Archer Reid,west_coast,13196,resolved,0.0,0.0,43
3,Port v WC,Jacob Newton,west_coast,13267,resolved,0.0,0.0,44
3,Port v WC,Ewan Mackinlay,port_adelaide,13269,resolved,0.0,0.0,45
3,Port v WC,Joe Berry,port_adelaide,13188,resolved,0.0,0.0,46
3,Carl v Melb,Kysaiah Pickett,melbourne,12771,resolved,2.845,85.4,1
3,Carl v Melb,Max Gawn,melbourne,11966,resolved,1.274,8.9,2
3,Carl v Melb,Tom Sparrow,melbourne,12693,resolved,0.902,4.6,3
3,Carl v Melb,Jack Steele,melbourne,12368,resolved,0.339,0.9,4
3,Carl v Melb,Jake Lever,melbourne,12351,resolved,0.16,0.2,5
3,Carl v Melb,Bayley Fritsch,melbourne,12598,resolved,0.098,0.0,6
3,Carl v Melb,Sam Walsh,carlton,12684,resolved,0.09,0.0,7
3,Carl v Melb,Patrick Cripps,carlton,12261,resolved,0.059,0.0,8
3,Carl v Melb,Caleb Windsor,melbourne,13099,resolved,0.051,0.0,9
3,Carl v Melb,Elijah Hollands,carlton,13016,resolved,0.031,0.0,10
3,Carl v Melb,Harvey Langford,melbourne,13184,resolved,0.023,0.0,12
3,Carl v Melb,Kade Chandler,melbourne,12756,resolved,0.022,0.0,11
3,Carl v Melb,Jagga Smith,carlton,13274,resolved,0.017,0.0,13
3,Carl v Melb,Christian Salem,melbourne,12272,resolved,0.011,0.0,14
3,Carl v Melb,Jai Culley,melbourne,13015,resolved,0.01,0.0,15
3,Carl v Melb,Ed Langdon,melbourne,12393,resolved,0.01,0.0,17
3,Carl v Melb,Koltyn Tholstrup,melbourne,13123,resolved,0.009,0.0,16
3,Carl v Melb,Xavier Lindsay,melbourne,13185,resolved,0.009,0.0,19
3,Carl v Melb,Tom McDonald,melbourne,12009,resolved,0.008,0.0,18
3,Carl v Melb,Oliver Hollands,carlton,13029,resolved,0.006,0.0,20
3,Carl v Melb,Mitch McGovern,carlton,12404,resolved,0.005,0.0,21
3,Carl v Melb,George Hewett,carlton,12411,resolved,0.004,0.0,22
3,Carl v Melb,Jacob Weitering,carlton,12402,resolved,0.003,0.0,26
3,Carl v Melb,Harry McKay,carlton,12566,resolved,0.002,0.0,25
3,Carl v Melb,Harry Sharp,melbourne,12864,resolved,0.002,0.0,23
3,Carl v Melb,Lewis Young,carlton,12559,resolved,0.002,0.0,29
3,Carl v Melb,Oliver Florent,carlton,12497,resolved,0.002,0.0,24
3,Carl v Melb,Harrison Petty,melbourne,12653,resolved,0.002,0.0,27
3,Carl v Melb,Zac Williams,carlton,12175,resolved,0.001,0.0,28
3,Carl v Melb,Brody Mihocek,melbourne,12639,resolved,0.001,0.0,30
3,Carl v Melb,Blake Howes,melbourne,13098,resolved,0.001,0.0,31
3,Carl v Melb,Changkuoth Jiath,melbourne,12752,resolved,0.0,0.0,33
3,Carl v Melb,Ben Ainsworth,carlton,12498,resolved,0.0,0.0,32
3,Carl v Melb,Matthew Carroll,carlton,13212,resolved,0.0,0.0,34
3,Carl v Melb,Lachlan Cowan,carlton,13028,resolved,0.0,0.0,35
3,Carl v Melb,Latrelle Pickett,melbourne,13286,resolved,0.0,0.0,36
3,Carl v Melb,Will Hayward,carlton,12509,resolved,0.0,0.0,37
3,Carl v Melb,Paddy Cross,melbourne,13300,resolved,0.0,0.0,38
3,Carl v Melb,Marc Pittonet,carlton,12417,resolved,0.0,0.0,39
3,Carl v Melb,Jacob van Rooyen,melbourne,13048,resolved,0.0,0.0,40
3,Carl v Melb,Campbell Chesser,carlton,13039,resolved,0.0,0.0,41
3,Carl v Melb,Harry Dean,carlton,13273,resolved,0.0,0.0,42
3,Carl v Melb,Talor Byrne,carlton,13297,resolved,0.0,0.0,43
3,Carl v Melb,Francis Evans,carlton,12873,resolved,0.0,0.0,44
3,Carl v Melb,Brodie Kemp,carlton,12937,resolved,0.0,0.0,45
3,Carl v Melb,Hudson O'Keeffe,carlton,13233,resolved,0.0,0.0,46
4,Bris v Coll,Will Ashcroft,brisbane_lions,13040,resolved,2.719,75.1,1
4,Bris v Coll,Zac Bailey,brisbane_lions,12610,resolved,1.347,14.9,2
4,Bris v Coll,Lachie Neale,brisbane_lions,12055,resolved,0.761,6.1,3
4,Bris v Coll,Kai Lohmann,brisbane_lions,12968,resolved,0.286,1.5,4
4,Bris v Coll,Logan Morris,brisbane_lions,13137,resolved,0.272,1.4,5
4,Bris v Coll,Dayne Zorko,brisbane_lions,12076,resolved,0.166,0.5,6
4,Bris v Coll,Sam Draper,brisbane_lions,12810,resolved,0.097,0.3,7
4,Bris v Coll,Josh Dunkley,brisbane_lions,12408,resolved,0.064,0.1,8
4,Bris v Coll,Jaspa Fletcher,brisbane_lions,13072,resolved,0.062,0.1,9
4,Bris v Coll,Dan Houston,collingwood,12495,resolved,0.035,0.0,10
4,Bris v Coll,Levi Ashcroft,brisbane_lions,13197,resolved,0.028,0.0,13
4,Bris v Coll,Darcy Wilmot,brisbane_lions,13026,resolved,0.028,0.0,11
4,Bris v Coll,Oscar Allen,brisbane_lions,12655,resolved,0.026,0.0,12
4,Bris v Coll,Keidean Coleman,brisbane_lions,12838,resolved,0.024,0.0,14
4,Bris v Coll,Ryan Lester,brisbane_lions,11894,resolved,0.017,0.0,15
4,Bris v Coll,Cam Rayner,brisbane_lions,12592,resolved,0.016,0.0,16
4,Bris v Coll,Josh Daicos,collingwood,12573,resolved,0.013,0.0,17
4,Bris v Coll,Jarrod Berry,brisbane_lions,12519,resolved,0.011,0.0,18
4,Bris v Coll,Bruce Reville,brisbane_lions,13138,resolved,0.006,0.0,19
4,Bris v Coll,Daniel McStay,collingwood,12291,resolved,0.005,0.0,20
4,Bris v Coll,Lincoln McCarthy,brisbane_lions,12090,resolved,0.005,0.0,21
4,Bris v Coll,Ned Long,collingwood,13023,resolved,0.003,0.0,22
4,Bris v Coll,Jordan De Goey,collingwood,12318,resolved,0.002,0.0,25
4,Bris v Coll,Brayden Maynard,collingwood,12371,resolved,0.002,0.0,23
4,Bris v Coll,Darcy Fort,brisbane_lions,12724,resolved,0.002,0.0,24
4,Bris v Coll,Ty Gallop,brisbane_lions,13235,resolved,0.001,0.0,26
4,Bris v Coll,Charlie Cameron,brisbane_lions,,unresolved,0.001,0.0,27
4,Bris v Coll,Darragh Joyce,brisbane_lions,12654,resolved,0.0,0.0,28
4,Bris v Coll,Beau McCreery,collingwood,12876,resolved,0.0,0.0,29
4,Bris v Coll,Jack Crisp,collingwood,12061,resolved,0.0,0.0,30
4,Bris v Coll,Steele Sidebottom,collingwood,11751,resolved,0.0,0.0,31
4,Bris v Coll,James Tunstill,brisbane_lions,13005,resolved,0.0,0.0,32
4,Bris v Coll,Jeremy Howe,collingwood,11967,resolved,0.0,0.0,33
4,Bris v Coll,Harry Perryman,collingwood,12536,resolved,0.0,0.0,34
4,Bris v Coll,Billy Frampton,collingwood,12676,resolved,0.0,0.0,35
4,Bris v Coll,Darcy Cameron,collingwood,12660,resolved,0.0,0.0,36
4,Bris v Coll,Oscar Steene,collingwood,13298,resolved,0.0,0.0,37
4,Bris v Coll,Isaac Quaynor,collingwood,12740,resolved,0.0,0.0,38
4,Bris v Coll,Lachie Schultz,collingwood,12700,resolved,0.0,0.0,39
4,Bris v Coll,Roan Steele,collingwood,13248,resolved,0.0,0.0,40
4,Bris v Coll,Jamie Elliott,collingwood,12083,resolved,0.0,0.0,41
4,Bris v Coll,Edward Allan,collingwood,13146,resolved,0.0,0.0,42
4,Bris v Coll,Tim Membrey,collingwood,12300,resolved,0.0,0.0,43
4,Bris v Coll,Lachlan Sullivan,collingwood,13133,resolved,0.0,0.0,44
4,Bris v Coll,Patrick Lipinski,collingwood,12578,resolved,0.0,0.0,45
4,Bris v Coll,William Hayes,collingwood,13228,resolved,0.0,0.0,46
4,NM v Carl,Luke Davies-Uniacke,north_melbourne,12590,resolved,1.644,28.7,1
4,NM v Carl,Caleb Daniel,north_melbourne,12373,resolved,1.606,27.5,2
4,NM v Carl,Harry Sheezel,north_melbourne,13034,resolved,0.698,11.7,3
4,NM v Carl,Cooper Trembath,north_melbourne,13263,resolved,0.464,8.0,4
4,NM v Carl,Dylan Stephens,north_melbourne,12796,resolved,0.357,6.0,5
4,NM v Carl,Finn O'Sullivan,north_melbourne,13187,resolved,0.281,4.9,7
4,NM v Carl,Patrick Cripps,carlton,12261,resolved,0.274,4.6,6
4,NM v Carl,Colby McKercher,north_melbourne,13107,resolved,0.086,1.3,8
4,NM v Carl,Marc Pittonet,carlton,12417,resolved,0.073,1.1,9
4,NM v Carl,Luke Parker,north_melbourne,11953,resolved,0.065,0.9,10
4,NM v Carl,George Hewett,carlton,12411,resolved,0.063,1.0,11
4,NM v Carl,Adam Cerra,carlton,12603,resolved,0.05,0.7,12
4,NM v Carl,Sam Walsh,carlton,12684,resolved,0.047,0.7,14
4,NM v Carl,George Wardlaw,north_melbourne,13064,resolved,0.045,0.6,13
4,NM v Carl,Zane Duursma,north_melbourne,13106,resolved,0.03,0.4,15
4,NM v Carl,Elijah Hollands,carlton,13016,resolved,0.029,0.4,17
4,NM v Carl,Oliver Hollands,carlton,13029,resolved,0.029,0.4,16
4,NM v Carl,Jy Simpkin,north_melbourne,12502,resolved,0.022,0.3,18
4,NM v Carl,Luke McDonald,north_melbourne,12246,resolved,0.02,0.2,19
4,NM v Carl,Ben Ainsworth,carlton,12498,resolved,0.019,0.2,21
4,NM v Carl,Paul Curtis,north_melbourne,12975,resolved,0.018,0.2,20
4,NM v Carl,Jagga Smith,carlton,13274,resolved,0.014,0.1,22
4,NM v Carl,Harry McKay,carlton,12566,resolved,0.013,0.1,23
4,NM v Carl,Brodie Kemp,carlton,12937,resolved,0.011,0.1,24
4,NM v Carl,Tom Powell,north_melbourne,12866,resolved,0.007,0.0,26
4,NM v Carl,Oliver Florent,carlton,12497,resolved,0.007,0.0,25
4,NM v Carl,Nic Newman,carlton,12508,resolved,0.006,0.0,28
4,NM v Carl,Nick Larkey,north_melbourne,12563,resolved,0.005,0.0,27
4,NM v Carl,Tom Blamires,north_melbourne,13287,resolved,0.004,0.0,29
4,NM v Carl,Jack Darling,north_melbourne,11905,resolved,0.003,0.0,30
4,NM v Carl,Jordan Boyd,carlton,12965,resolved,0.002,0.0,31
4,NM v Carl,Mitch McGovern,carlton,12404,resolved,0.002,0.0,35
4,NM v Carl,Callum Coleman-Jones,north_melbourne,12730,resolved,0.002,0.0,33
4,NM v Carl,Cameron Zurhaar,north_melbourne,12557,resolved,0.001,0.0,32
4,NM v Carl,Charlie Comben,north_melbourne,12938,resolved,0.001,0.0,34
4,NM v Carl,Francis Evans,carlton,12873,resolved,0.001,0.0,38
4,NM v Carl,Matthew Carroll,carlton,13212,resolved,0.001,0.0,36
4,NM v Carl,Lachlan Cowan,carlton,13028,resolved,0.001,0.0,37
4,NM v Carl,Toby Pink,north_melbourne,13108,resolved,0.001,0.0,40
4,NM v Carl,Zac Banch,north_melbourne,13256,resolved,0.0,0.0,39
4,NM v Carl,Aidan Corr,north_melbourne,12181,resolved,0.0,0.0,42
4,NM v Carl,Wade Derksen,carlton,13303,resolved,0.0,0.0,43
4,NM v Carl,Jacob Weitering,carlton,12402,resolved,0.0,0.0,41
4,NM v Carl,Lewis Young,carlton,12559,resolved,0.0,0.0,44
4,NM v Carl,Will Hayward,carlton,12509,resolved,0.0,0.0,45
4,NM v Carl,Talor Byrne,carlton,13297,resolved,0.0,0.0,46
4,Adel v Frem,Caleb Serong,fremantle,12786,resolved,2.325,51.5,1
4,Adel v Frem,Andrew Brayshaw,fremantle,12589,resolved,1.362,21.9,2
4,Adel v Frem,Jordan Dawson,adelaide,12516,resolved,0.596,8.1,3
4,Adel v Frem,James Peatling,adelaide,12934,resolved,0.568,7.5,4
4,Adel v Frem,Jye Amiss,fremantle,12983,resolved,0.319,3.9,5
4,Adel v Frem,Wayne Milera,adelaide,12405,resolved,0.269,3.3,6
4,Adel v Frem,Murphy Reid,fremantle,13180,resolved,0.163,1.8,7
4,Adel v Frem,Josh Worrell,adelaide,12912,resolved,0.081,0.7,8
4,Adel v Frem,Luke Jackson,fremantle,12779,resolved,0.071,0.6,9
4,Adel v Frem,Shai Bolton,fremantle,12535,resolved,0.064,0.5,10
4,Adel v Frem,Josh Rachele,adelaide,12953,resolved,0.033,0.2,12
4,Adel v Frem,Sam Berry,adelaide,12849,resolved,0.031,0.2,11
4,Adel v Frem,Alex Pearce,fremantle,12352,resolved,0.015,0.0,13
4,Adel v Frem,Matthew Johnson,fremantle,13047,resolved,0.015,0.0,15
4,Adel v Frem,Neil Erasmus,fremantle,12966,resolved,0.014,0.0,14
4,Adel v Frem,Judd McVee,fremantle,13033,resolved,0.014,0.0,16
4,Adel v Frem,Patrick Voss,fremantle,13129,resolved,0.012,0.0,17
4,Adel v Frem,Josh Treacy,fremantle,12887,resolved,0.011,0.0,18
4,Adel v Frem,Alex Neal-Bullen,adelaide,12367,resolved,0.008,0.0,19
4,Adel v Frem,Riley Thilthorpe,adelaide,12892,resolved,0.007,0.0,20
4,Adel v Frem,Lachlan McAndrew,adelaide,13065,resolved,0.005,0.0,21
4,Adel v Frem,Jordan Clark,fremantle,12688,resolved,0.005,0.0,22
4,Adel v Frem,Corey Wagner,fremantle,12453,resolved,0.003,0.0,24
4,Adel v Frem,Heath Chapman,fremantle,12875,resolved,0.003,0.0,23
4,Adel v Frem,Brennan Cox,fremantle,12544,resolved,0.002,0.0,25
4,Adel v Frem,Ben Keays,adelaide,12434,resolved,0.001,0.0,26
4,Adel v Frem,Izak Rankine,adelaide,12798,resolved,0.001,0.0,27
4,Adel v Frem,Luke Ryan,fremantle,12542,resolved,0.001,0.0,28
4,Adel v Frem,Isaiah Dudley,fremantle,13204,resolved,0.001,0.0,29
4,Adel v Frem,Max Michalanney,adelaide,13027,resolved,0.0,0.0,30
4,Adel v Frem,Brayden Cook,adelaide,12932,resolved,0.0,0.0,31
4,Adel v Frem,Sam Switkowski,fremantle,12672,resolved,0.0,0.0,32
4,Adel v Frem,Taylor Walker,adelaide,11713,resolved,0.0,0.0,33
4,Adel v Frem,Jaeger O'Meara,fremantle,12141,resolved,0.0,0.0,34
4,Adel v Frem,Karl Worner,fremantle,13075,resolved,0.0,0.0,35
4,Adel v Frem,Finnbar Maley,adelaide,13219,resolved,0.0,0.0,36
4,Adel v Frem,Sean Darcy,fremantle,12547,resolved,0.0,0.0,37
4,Adel v Frem,Nick Murray,adelaide,12872,resolved,0.0,0.0,38
4,Adel v Frem,Jake Soligo,adelaide,12952,resolved,0.0,0.0,39
4,Adel v Frem,Zac Taylor,adelaide,13159,resolved,0.0,0.0,40
4,Adel v Frem,James Borlase,adelaide,13086,resolved,0.0,0.0,41
4,Adel v Frem,Luke Pedlar,adelaide,12921,resolved,0.0,0.0,42
4,Adel v Frem,Reilly O'Brien,adelaide,12473,resolved,0.0,0.0,43
4,Adel v Frem,Hugh Bond,adelaide,13165,resolved,0.0,0.0,44
4,Adel v Frem,Christopher Scerri,fremantle,13296,resolved,0.0,0.0,45
4,Adel v Frem,Chayce Jones,adelaide,12691,resolved,0.0,0.0,46
4,Rich v Port,Zak Butters,port_adelaide,12698,resolved,2.238,43.6,1
4,Rich v Port,Aliir Aliir,port_adelaide,12433,resolved,2.121,39.1,2
4,Rich v Port,Darcy Byrne-Jones,port_adelaide,12422,resolved,0.39,4.5,3
4,Rich v Port,Jason Horne-Francis,port_adelaide,12956,resolved,0.37,4.3,4
4,Rich v Port,Kane Farrell,port_adelaide,12664,resolved,0.356,4.1,5
4,Rich v Port,Jordon Sweet,port_adelaide,12890,resolved,0.325,3.9,6
4,Rich v Port,Willem Drew,port_adelaide,12695,resolved,0.036,0.2,7
4,Rich v Port,Jack Whitlock,port_adelaide,13259,resolved,0.025,0.1,8
4,Rich v Port,Jack Lukosius,port_adelaide,12704,resolved,0.023,0.1,9
4,Rich v Port,Jase Burgoyne,port_adelaide,13007,resolved,0.015,0.0,10
4,Rich v Port,Mitch Georgiades,port_adelaide,12766,resolved,0.013,0.0,11
4,Rich v Port,Dion Prestia,richmond,11917,resolved,0.013,0.0,12
4,Rich v Port,Jacob Hopper,richmond,12440,resolved,0.011,0.0,14
4,Rich v Port,Joe Richards,port_adelaide,13139,resolved,0.01,0.0,13
4,Rich v Port,Tim Taranto,richmond,12504,resolved,0.007,0.0,15
4,Rich v Port,Ollie Wines,port_adelaide,12150,resolved,0.006,0.0,16
4,Rich v Port,Lachie Jones,port_adelaide,12882,resolved,0.004,0.0,18
4,Rich v Port,Jayden Short,richmond,12418,resolved,0.004,0.0,17
4,Rich v Port,Jacob Wehr,port_adelaide,12991,resolved,0.004,0.0,20
4,Rich v Port,Ben Miller,richmond,12941,resolved,0.003,0.0,19
4,Rich v Port,Miles Bergman,port_adelaide,12867,resolved,0.002,0.0,21
4,Rich v Port,Sam Lalor,richmond,13190,resolved,0.002,0.0,22
4,Rich v Port,Sam Grlj,richmond,13290,resolved,0.002,0.0,23
4,Rich v Port,Logan Evans,port_adelaide,13156,resolved,0.002,0.0,24
4,Rich v Port,Josh Lai,port_adelaide,13301,resolved,0.002,0.0,25
4,Rich v Port,Joe Berry,port_adelaide,13188,resolved,0.002,0.0,28
4,Rich v Port,Jack Ross,richmond,,unresolved,0.002,0.0,30
4,Rich v Port,Campbell Gray,richmond,13218,resolved,0.002,0.0,26
4,Rich v Port,Sam Banks,richmond,13078,resolved,0.002,0.0,27
4,Rich v Port,Corey Durdin,port_adelaide,12936,resolved,0.002,0.0,29
4,Rich v Port,Tyler Sonsie,richmond,13014,resolved,0.001,0.0,31
4,Rich v Port,Jack Watkins,port_adelaide,13289,resolved,0.001,0.0,32
4,Rich v Port,Kane McAuliffe,richmond,13117,resolved,0.001,0.0,33
4,Rich v Port,Liam Fawcett,richmond,13200,resolved,0.001,0.0,34
4,Rich v Port,Steely Green,richmond,13145,resolved,0.0,0.0,35
4,Rich v Port,Samson Ryan,richmond,12918,resolved,0.0,0.0,36
4,Rich v Port,Ewan Mackinlay,port_adelaide,13269,resolved,0.0,0.0,37
4,Rich v Port,Maurice Rioli,richmond,12935,resolved,0.0,0.0,38
4,Rich v Port,Luke Trainor,richmond,13191,resolved,0.0,0.0,39
4,Rich v Port,Tom Brown,richmond,13096,resolved,0.0,0.0,40
4,Rich v Port,Nathan Broad,richmond,12456,resolved,0.0,0.0,41
4,Rich v Port,Mitch Zadow,port_adelaide,13305,resolved,0.0,0.0,42
4,Rich v Port,Mykelti Lefau,richmond,13113,resolved,0.0,0.0,43
4,Rich v Port,Nick Vlastuin,richmond,12174,resolved,0.0,0.0,44
4,Rich v Port,Seth Campbell,richmond,13100,resolved,0.0,0.0,45
4,Rich v Port,Jonty Faull,richmond,13214,resolved,0.0,0.0,46
4,WC v Syd,Isaac Heeney,sydney,12326,resolved,2.593,65.0,1
4,WC v Syd,Brodie Grundy,sydney,12217,resolved,1.672,21.2,2
4,WC v Syd,Chad Warner,sydney,,ambiguous,1.147,10.9,3
4,WC v Syd,Tom Papley,sydney,12412,resolved,0.399,2.8,4
4,WC v Syd,Justin McInerney,sydney,12711,resolved,0.043,0.0,5
4,WC v Syd,Jai Serong,sydney,13022,resolved,0.032,0.0,6
4,WC v Syd,Nick Blakey,sydney,12699,resolved,0.023,0.0,7
4,WC v Syd,Charlie Curnow,sydney,12421,resolved,0.018,0.0,8
4,WC v Syd,Riley Bice,sydney,13195,resolved,0.015,0.0,10
4,WC v Syd,Jake Lloyd,sydney,12268,resolved,0.013,0.0,9
4,WC v Syd,Sam Wicks,sydney,12818,resolved,0.012,0.0,11
4,WC v Syd,Angus Sheldrick,sydney,12951,resolved,0.012,0.0,12
4,WC v Syd,James Rowbottom,sydney,12714,resolved,0.007,0.0,13
4,WC v Syd,Callum Mills,sydney,12413,resolved,0.003,0.0,15
4,WC v Syd,Joel Amartey,sydney,12844,resolved,0.002,0.0,14
4,WC v Syd,James Jordon,sydney,12860,resolved,0.002,0.0,16
4,WC v Syd,Tom McCartin,sydney,12627,resolved,0.002,0.0,17
4,WC v Syd,Matt Roberts,sydney,12994,resolved,0.001,0.0,18
4,WC v Syd,Lewis Melican,sydney,12526,resolved,0.001,0.0,19
4,WC v Syd,Dane Rampe,sydney,12140,resolved,0.001,0.0,21
4,WC v Syd,Tim Kelly,west_coast,12595,resolved,0.001,0.0,20
4,WC v Syd,Willem Duursma,west_coast,13292,resolved,0.0,0.0,22
4,WC v Syd,Logan McDonald,sydney,12861,resolved,0.0,0.0,23
4,WC v Syd,Harry Cunningham,sydney,12015,resolved,0.0,0.0,24
4,WC v Syd,Corey Warner,sydney,,ambiguous,0.0,0.0,25
4,WC v Syd,Tom McCarthy,west_coast,13240,resolved,0.0,0.0,26
4,WC v Syd,Jack Graham,west_coast,,unresolved,0.0,0.0,27
4,WC v Syd,Harley Reid,west_coast,13111,resolved,0.0,0.0,28
4,WC v Syd,Liam Duggan,west_coast,12334,resolved,0.0,0.0,29
4,WC v Syd,Brady Hough,west_coast,12957,resolved,0.0,0.0,30
4,WC v Syd,Liam Baker,west_coast,12661,resolved,0.0,0.0,31
4,WC v Syd,Bo Allan,west_coast,13221,resolved,0.0,0.0,32
4,WC v Syd,Josh Lindsay,west_coast,13293,resolved,0.0,0.0,33
4,WC v Syd,Matt Flynn,west_coast,12870,resolved,0.0,0.0,34
4,WC v Syd,Archer Reid,west_coast,13196,resolved,0.0,0.0,35
4,WC v Syd,Jobe Shanahan,west_coast,13247,resolved,0.0,0.0,36
4,WC v Syd,Reuben Ginbey,west_coast,13038,resolved,0.0,0.0,37
4,WC v Syd,Hamish Davis,west_coast,13210,resolved,0.0,0.0,38
4,WC v Syd,Sandy Brock,west_coast,13209,resolved,0.0,0.0,39
4,WC v Syd,Cooper Duff-Tytler,west_coast,13291,resolved,0.0,0.0,40
4,WC v Syd,Jake Waterman,west_coast,12601,resolved,0.0,0.0,41
4,WC v Syd,Tylar Young,west_coast,13043,resolved,0.0,0.0,42
4,WC v Syd,Jamie Cripps,west_coast,11937,resolved,0.0,0.0,43
4,WC v Syd,Malakai Champion,west_coast,13250,resolved,0.0,0.0,44
4,WC v Syd,Harry Schoenberg,west_coast,12813,resolved,0.0,0.0,45
4,WC v Syd,Matthew Owies,west_coast,12839,resolved,0.0,0.0,46
4,Melb v GC,Max Gawn,melbourne,11966,resolved,2.29,47.2,1
4,Melb v GC,Jack Steele,melbourne,12368,resolved,1.76,27.1,2
4,Melb v GC,Kysaiah Pickett,melbourne,12771,resolved,1.561,22.3,3
4,Melb v GC,Tom Sparrow,melbourne,12693,resolved,0.177,2.1,4
4,Melb v GC,Jake Melksham,melbourne,11820,resolved,0.124,1.3,5
4,Melb v GC,Caleb Windsor,melbourne,13099,resolved,0.011,0.0,6
4,Melb v GC,Christian Salem,melbourne,12272,resolved,0.009,0.0,7
4,Melb v GC,Noah Anderson,gold_coast,12767,resolved,0.009,0.0,8
4,Melb v GC,Harry Sharp,melbourne,12864,resolved,0.008,0.0,9
4,Melb v GC,John Noble,gold_coast,12743,resolved,0.007,0.0,10
4,Melb v GC,Bodhi Uwland,gold_coast,13041,resolved,0.004,0.0,11
4,Melb v GC,Jacob van Rooyen,melbourne,13048,resolved,0.003,0.0,16
4,Melb v GC,Matt Rowell,gold_coast,12768,resolved,0.003,0.0,13
4,Melb v GC,Ben King,gold_coast,12728,resolved,0.003,0.0,15
4,Melb v GC,Will Graham,gold_coast,13120,resolved,0.003,0.0,14
4,Melb v GC,Jed Walter,gold_coast,13114,resolved,0.003,0.0,18
4,Melb v GC,Xavier Lindsay,melbourne,13185,resolved,0.002,0.0,12
4,Melb v GC,Jake Lever,melbourne,12351,resolved,0.002,0.0,20
4,Melb v GC,Daniel Rioli,gold_coast,12403,resolved,0.002,0.0,23
4,Melb v GC,Koltyn Tholstrup,melbourne,13123,resolved,0.002,0.0,17
4,Melb v GC,Touk Miller,gold_coast,12331,resolved,0.002,0.0,19
4,Melb v GC,Kade Chandler,melbourne,12756,resolved,0.002,0.0,22
4,Melb v GC,Zeke Uwland,gold_coast,13278,resolved,0.001,0.0,21
4,Melb v GC,Bailey Laurie,melbourne,13032,resolved,0.001,0.0,30
4,Melb v GC,Lachlan Gulbin,gold_coast,13272,resolved,0.001,0.0,26
4,Melb v GC,Wil Powell,gold_coast,12652,resolved,0.001,0.0,28
4,Melb v GC,Daniel Turner,melbourne,12996,resolved,0.001,0.0,27
4,Melb v GC,Brody Mihocek,melbourne,12639,resolved,0.001,0.0,29
4,Melb v GC,Ed Langdon,melbourne,12393,resolved,0.001,0.0,32
4,Melb v GC,Harvey Langford,melbourne,13184,resolved,0.001,0.0,24
4,Melb v GC,Latrelle Pickett,melbourne,13286,resolved,0.001,0.0,31
4,Melb v GC,Tom McDonald,melbourne,12009,resolved,0.001,0.0,25
4,Melb v GC,Blake Howes,melbourne,13098,resolved,0.001,0.0,35
4,Melb v GC,Sam Clohesy,gold_coast,13119,resolved,0.0,0.0,34
4,Melb v GC,Ethan Read,gold_coast,13121,resolved,0.0,0.0,33
4,Melb v GC,Joel Jeffrey,gold_coast,12933,resolved,0.0,0.0,36
4,Melb v GC,Jai Culley,melbourne,13015,resolved,0.0,0.0,37
4,Melb v GC,Lachie Weller,gold_coast,12385,resolved,0.0,0.0,38
4,Melb v GC,Sam Collins,gold_coast,12444,resolved,0.0,0.0,39
4,Melb v GC,Leonardo Lombard,gold_coast,13232,resolved,0.0,0.0,40
4,Melb v GC,Mac Andrew,gold_coast,13019,resolved,0.0,0.0,41
4,Melb v GC,Jarrod Witts,gold_coast,12177,resolved,0.0,0.0,42
4,Melb v GC,Charlie Ballard,gold_coast,12625,resolved,0.0,0.0,43
4,Melb v GC,Harrison Petty,melbourne,12653,resolved,0.0,0.0,44
4,Melb v GC,Ben Long,gold_coast,12521,resolved,0.0,0.0,45
4,Melb v GC,Jake Rogers,gold_coast,13126,resolved,0.0,0.0,46
4,WB v Ess,Marcus Bontempelli,western_bulldogs,12269,resolved,2.545,58.5,1
4,WB v Ess,Matthew Kennedy,western_bulldogs,12455,resolved,2.192,36.5,2
4,WB v Ess,Ryley Sanders,western_bulldogs,13103,resolved,0.475,2.7,3
4,WB v Ess,Zach Merrett,essendon,12241,resolved,0.235,1.1,4
4,WB v Ess,Sam Darcy,western_bulldogs,13021,resolved,0.192,0.8,5
4,WB v Ess,Joel Freijah,western_bulldogs,13140,resolved,0.11,0.4,6
4,WB v Ess,Archie Roberts,essendon,13168,resolved,0.055,0.1,7
4,WB v Ess,Arthur Jones,western_bulldogs,13046,resolved,0.042,0.0,8
4,WB v Ess,Bailey Williams,western_bulldogs,12441,resolved,0.033,0.0,9
4,WB v Ess,Connor Budarick,western_bulldogs,12769,resolved,0.018,0.0,11
4,WB v Ess,Rory Lobb,western_bulldogs,12282,resolved,0.018,0.0,10
4,WB v Ess,Oskar Baker,western_bulldogs,12723,resolved,0.013,0.0,12
4,WB v Ess,Aaron Naughton,western_bulldogs,12594,resolved,0.012,0.0,13
4,WB v Ess,Jye Caldwell,essendon,12755,resolved,0.008,0.0,15
4,WB v Ess,Bailey Dale,western_bulldogs,12354,resolved,0.008,0.0,14
4,WB v Ess,Lachlan Bramble,western_bulldogs,12916,resolved,0.005,0.0,16
4,WB v Ess,Rhylee West,western_bulldogs,12748,resolved,0.005,0.0,17
4,WB v Ess,Lachie Jaques,western_bulldogs,13275,resolved,0.004,0.0,18
4,WB v Ess,Tim English,western_bulldogs,12537,resolved,0.004,0.0,19
4,WB v Ess,Buku Khamis,western_bulldogs,12900,resolved,0.003,0.0,20
4,WB v Ess,Jaxon Prior,essendon,12874,resolved,0.003,0.0,23
4,WB v Ess,Josh Dolan,western_bulldogs,13179,resolved,0.003,0.0,21
4,WB v Ess,Jacob Farrow,essendon,13299,resolved,0.003,0.0,24
4,WB v Ess,Darcy Parish,essendon,12406,resolved,0.002,0.0,25
4,WB v Ess,Andrew McGrath,essendon,12491,resolved,0.002,0.0,22
4,WB v Ess,James O'Donnell,western_bulldogs,13061,resolved,0.002,0.0,27
4,WB v Ess,Zak Johnson,essendon,13231,resolved,0.002,0.0,26
4,WB v Ess,Zach Reid,essendon,12889,resolved,0.001,0.0,28
4,WB v Ess,Jade Gresham,essendon,12415,resolved,0.001,0.0,29
4,WB v Ess,Sam Davidson,western_bulldogs,13178,resolved,0.001,0.0,31
4,WB v Ess,Thomas Edwards,essendon,13198,resolved,0.001,0.0,32
4,WB v Ess,Jordan Croft,western_bulldogs,13265,resolved,0.001,0.0,33
4,WB v Ess,Archer May,essendon,13238,resolved,0.001,0.0,34
4,WB v Ess,Michael Sellwood,western_bulldogs,13276,resolved,0.001,0.0,30
4,WB v Ess,Sam Durham,essendon,12925,resolved,0.0,0.0,35
4,WB v Ess,Peter Wright,essendon,12366,resolved,0.0,0.0,36
4,WB v Ess,Saad El-Hawli,essendon,13203,resolved,0.0,0.0,37
4,WB v Ess,Lachlan McNeil,western_bulldogs,12854,resolved,0.0,0.0,38
4,WB v Ess,Kyle Langford,essendon,12349,resolved,0.0,0.0,39
4,WB v Ess,Xavier Duursma,essendon,12696,resolved,0.0,0.0,40
4,WB v Ess,Archer Day-Wicks,essendon,13223,resolved,0.0,0.0,41
4,WB v Ess,Isaac Kako,essendon,13177,resolved,0.0,0.0,42
4,WB v Ess,Lachlan Blakiston,essendon,13237,resolved,0.0,0.0,43
4,WB v Ess,Ben McKay,essendon,12580,resolved,0.0,0.0,44
4,WB v Ess,Archie Perkins,essendon,12879,resolved,0.0,0.0,45
4,WB v Ess,Matt Guelfi,essendon,12612,resolved,0.0,0.0,46
4,Haw v Geel,Bailey Smith,geelong,12692,resolved,1.726,30.7,1
4,Haw v Geel,Jai Newcombe,hawthorn,12915,resolved,0.685,11.8,2
4,Haw v Geel,Connor Macdonald,hawthorn,12954,resolved,0.651,11.3,3
4,Haw v Geel,Jarman Impey,hawthorn,12237,resolved,0.557,9.6,4
4,Haw v Geel,Josh Ward,hawthorn,12955,resolved,0.553,9.7,5
4,Haw v Geel,Max Holmes,geelong,12881,resolved,0.31,5.1,6
4,Haw v Geel,Nick Watson,hawthorn,13105,resolved,0.288,4.8,7
4,Haw v Geel,Jack Ginnivan,hawthorn,12927,resolved,0.258,4.2,8
4,Haw v Geel,Tom Stewart,geelong,12505,resolved,0.24,3.9,9
4,Haw v Geel,Jack Gunston,hawthorn,11845,resolved,0.174,2.8,10
4,Haw v Geel,Massimo D'Ambrosio,hawthorn,12998,resolved,0.083,1.2,11
4,Haw v Geel,Tanner Bruhn,geelong,12871,resolved,0.07,0.9,13
4,Haw v Geel,Shannon Neale,geelong,12992,resolved,0.07,1.0,12
4,Haw v Geel,James Sicily,hawthorn,12332,resolved,0.067,1.0,14
4,Haw v Geel,Conor Nash,hawthorn,12670,resolved,0.034,0.4,16
4,Haw v Geel,Lawson Humphries,geelong,13160,resolved,0.034,0.4,15
4,Haw v Geel,Jack Bowes,geelong,12499,resolved,0.029,0.3,17
4,Haw v Geel,Sam Butler,hawthorn,12988,resolved,0.026,0.3,18
4,Haw v Geel,Tom Barrass,hawthorn,12383,resolved,0.026,0.2,19
4,Haw v Geel,Josh Battle,hawthorn,12558,resolved,0.017,0.2,20
4,Haw v Geel,Gryan Miers,geelong,12689,resolved,0.014,0.1,21
4,Haw v Geel,Zach Guthrie,geelong,12551,resolved,0.011,0.0,22
4,Haw v Geel,Josh Weddle,hawthorn,13057,resolved,0.009,0.0,23
4,Haw v Geel,Jeremy Cameron,geelong,12017,resolved,0.008,0.0,24
4,Haw v Geel,Mitchell Edwards,geelong,13285,resolved,0.008,0.0,27
4,Haw v Geel,Mabior Chol,hawthorn,12485,resolved,0.008,0.0,26
4,Haw v Geel,Oliver Henry,geelong,12851,resolved,0.007,0.0,25
4,Haw v Geel,Mitch Lewis,hawthorn,12636,resolved,0.006,0.0,28
4,Haw v Geel,Connor O'Sullivan,geelong,13122,resolved,0.004,0.0,30
4,Haw v Geel,Dylan Moore,hawthorn,12710,resolved,0.004,0.0,29
4,Haw v Geel,Ned Reeves,hawthorn,12906,resolved,0.004,0.0,32
4,Haw v Geel,Mark Blicavs,geelong,12153,resolved,0.004,0.0,31
4,Haw v Geel,Blake Hardwick,hawthorn,12469,resolved,0.003,0.0,34
4,Haw v Geel,Oisin Mullin,geelong,13066,resolved,0.003,0.0,33
4,Haw v Geel,Tom Atkins,geelong,12690,resolved,0.002,0.0,35
4,Haw v Geel,Sam De Koning,geelong,12891,resolved,0.002,0.0,36
4,Haw v Geel,Oliver Dempsey,geelong,12974,resolved,0.001,0.0,38
4,Haw v Geel,Flynn Perez,hawthorn,12841,resolved,0.001,0.0,39
4,Haw v Geel,Oliver Wiltshire,geelong,13217,resolved,0.001,0.0,40
4,Haw v Geel,Lloyd Meek,hawthorn,12856,resolved,0.001,0.0,37
4,Haw v Geel,Jack Martin,geelong,12236,resolved,0.0,0.0,41
4,Haw v Geel,Jack Scrimshaw,hawthorn,12565,resolved,0.0,0.0,42
4,Haw v Geel,Jack Dalton,hawthorn,13304,resolved,0.0,0.0,43
4,Haw v Geel,Jack Henry,geelong,12607,resolved,0.0,0.0,44
4,Haw v Geel,Brad Close,geelong,12806,resolved,0.0,0.0,45
4,Haw v Geel,Shaun Mannagh,geelong,13104,resolved,0.0,0.0,46
5,Adel v Carl,Josh Rachele,adelaide,12953,resolved,2.945,94.6,1
5,Adel v Carl,Sam Berry,adelaide,12849,resolved,1.225,4.3,2
5,Adel v Carl,Jordan Dawson,adelaide,12516,resolved,0.642,1.1,3
5,Adel v Carl,Sam Walsh,carlton,12684,resolved,0.193,0.0,4
5,Adel v Carl,Patrick Cripps,carlton,12261,resolved,0.19,0.0,6
5,Adel v Carl,Wayne Milera,adelaide,12405,resolved,0.185,0.0,5
5,Adel v Carl,Izak Rankine,adelaide,12798,resolved,0.157,0.0,7
5,Adel v Carl,Ben Keays,adelaide,12434,resolved,0.102,0.0,8
5,Adel v Carl,Alex Neal-Bullen,adelaide,12367,resolved,0.065,0.0,9
5,Adel v Carl,James Peatling,adelaide,12934,resolved,0.055,0.0,10
5,Adel v Carl,Rory Laird,adelaide,12165,resolved,0.04,0.0,12
5,Adel v Carl,Josh Worrell,adelaide,12912,resolved,0.038,0.0,11
5,Adel v Carl,Isaac Cumming,adelaide,12629,resolved,0.025,0.0,13
5,Adel v Carl,Adam Cerra,carlton,12603,resolved,0.018,0.0,14
5,Adel v Carl,Marc Pittonet,carlton,12417,resolved,0.017,0.0,15
5,Adel v Carl,Lachlan McAndrew,adelaide,13065,resolved,0.017,0.0,16
5,Adel v Carl,Riley Thilthorpe,adelaide,12892,resolved,0.013,0.0,17
5,Adel v Carl,Luke Nankervis,adelaide,13081,resolved,0.011,0.0,18
5,Adel v Carl,Taylor Walker,adelaide,11713,resolved,0.011,0.0,20
5,Adel v Carl,Oliver Florent,carlton,12497,resolved,0.01,0.0,19
5,Adel v Carl,Max Michalanney,adelaide,13027,resolved,0.008,0.0,22
5,Adel v Carl,Brayden Cook,adelaide,12932,resolved,0.006,0.0,21
5,Adel v Carl,Nick Haynes,carlton,12091,resolved,0.005,0.0,23
5,Adel v Carl,Nic Newman,carlton,12508,resolved,0.003,0.0,24
5,Adel v Carl,Zac Williams,carlton,12175,resolved,0.003,0.0,25
5,Adel v Carl,Oliver Hollands,carlton,13029,resolved,0.002,0.0,28
5,Adel v Carl,Jake Soligo,adelaide,12952,resolved,0.002,0.0,29
5,Adel v Carl,Nick Murray,adelaide,12872,resolved,0.002,0.0,30
5,Adel v Carl,Elijah Hollands,carlton,13016,resolved,0.002,0.0,31
5,Adel v Carl,Finnbar Maley,adelaide,13219,resolved,0.002,0.0,26
5,Adel v Carl,Jagga Smith,carlton,13274,resolved,0.002,0.0,27
5,Adel v Carl,James Borlase,adelaide,13086,resolved,0.001,0.0,32
5,Adel v Carl,Mitchell Hinge,adelaide,12727,resolved,0.001,0.0,33
5,Adel v Carl,Zac Taylor,adelaide,13159,resolved,0.001,0.0,34
5,Adel v Carl,Mitch McGovern,carlton,12404,resolved,0.001,0.0,35
5,Adel v Carl,Lachlan Cowan,carlton,13028,resolved,0.001,0.0,38
5,Adel v Carl,Ben Ainsworth,carlton,12498,resolved,0.0,0.0,36
5,Adel v Carl,Matthew Carroll,carlton,13212,resolved,0.0,0.0,37
5,Adel v Carl,Francis Evans,carlton,12873,resolved,0.0,0.0,39
5,Adel v Carl,Harry McKay,carlton,12566,resolved,0.0,0.0,40
5,Adel v Carl,Wade Derksen,carlton,13303,resolved,0.0,0.0,41
5,Adel v Carl,Jordan Boyd,carlton,12965,resolved,0.0,0.0,42
5,Adel v Carl,Lewis Young,carlton,12559,resolved,0.0,0.0,43
5,Adel v Carl,Hudson O'Keeffe,carlton,13233,resolved,0.0,0.0,44
5,Adel v Carl,Brodie Kemp,carlton,12937,resolved,0.0,0.0,45
5,Adel v Carl,Talor Byrne,carlton,13297,resolved,0.0,0.0,46
5,Coll v Frem,Nick Daicos,collingwood,12943,resolved,1.886,35.7,1
5,Coll v Frem,Luke Jackson,fremantle,12779,resolved,1.325,22.8,2
5,Coll v Frem,Luke Ryan,fremantle,12542,resolved,0.916,15.1,3
5,Coll v Frem,Caleb Serong,fremantle,12786,resolved,0.379,6.1,4
5,Coll v Frem,Jack Crisp,collingwood,12061,resolved,0.352,5.8,5
5,Coll v Frem,Andrew Brayshaw,fremantle,12589,resolved,0.239,3.7,6
5,Coll v Frem,Alex Pearce,fremantle,12352,resolved,0.217,3.2,7
5,Coll v Frem,Shai Bolton,fremantle,12535,resolved,0.12,1.7,9
5,Coll v Frem,Jordan Clark,fremantle,12688,resolved,0.117,1.7,8
5,Coll v Frem,Scott Pendlebury,collingwood,4182,resolved,0.069,0.9,10
5,Coll v Frem,Darcy Cameron,collingwood,12660,resolved,0.058,0.7,11
5,Coll v Frem,Angus Anderson,collingwood,13306,resolved,0.044,0.5,12
5,Coll v Frem,Jye Amiss,fremantle,12983,resolved,0.039,0.5,13
5,Coll v Frem,Jaeger O'Meara,fremantle,12141,resolved,0.032,0.3,14
5,Coll v Frem,Murphy Reid,fremantle,13180,resolved,0.031,0.3,15
5,Coll v Frem,Karl Worner,fremantle,13075,resolved,0.028,0.3,16
5,Coll v Frem,Sam Switkowski,fremantle,12672,resolved,0.023,0.2,17
5,Coll v Frem,Lachie Schultz,collingwood,12700,resolved,0.017,0.2,20
5,Coll v Frem,Brayden Maynard,collingwood,12371,resolved,0.017,0.1,18
5,Coll v Frem,Josh Daicos,collingwood,12573,resolved,0.015,0.1,19
5,Coll v Frem,Isaiah Dudley,fremantle,13204,resolved,0.009,0.0,22
5,Coll v Frem,Billy Frampton,collingwood,12676,resolved,0.009,0.0,21
5,Coll v Frem,Isaac Quaynor,collingwood,12740,resolved,0.008,0.0,23
5,Coll v Frem,Corey Wagner,fremantle,12453,resolved,0.008,0.0,24
5,Coll v Frem,Neil Erasmus,fremantle,12966,resolved,0.007,0.0,25
5,Coll v Frem,Matthew Johnson,fremantle,13047,resolved,0.005,0.0,26
5,Coll v Frem,Josh Treacy,fremantle,12887,resolved,0.005,0.0,27
5,Coll v Frem,Steele Sidebottom,collingwood,11751,resolved,0.005,0.0,28
5,Coll v Frem,Brennan Cox,fremantle,12544,resolved,0.004,0.0,31
5,Coll v Frem,Heath Chapman,fremantle,12875,resolved,0.003,0.0,29
5,Coll v Frem,Ned Long,collingwood,13023,resolved,0.003,0.0,32
5,Coll v Frem,Jeremy Howe,collingwood,11967,resolved,0.002,0.0,30
5,Coll v Frem,Tim Membrey,collingwood,12300,resolved,0.002,0.0,34
5,Coll v Frem,Harry Perryman,collingwood,12536,resolved,0.001,0.0,33
5,Coll v Frem,Daniel McStay,collingwood,12291,resolved,0.001,0.0,37
5,Coll v Frem,Jamie Elliott,collingwood,12083,resolved,0.001,0.0,35
5,Coll v Frem,Patrick Lipinski,collingwood,12578,resolved,0.001,0.0,36
5,Coll v Frem,Roan Steele,collingwood,13248,resolved,0.001,0.0,38
5,Coll v Frem,Judd McVee,fremantle,13033,resolved,0.001,0.0,40
5,Coll v Frem,Beau McCreery,collingwood,12876,resolved,0.0,0.0,39
5,Coll v Frem,Dan Houston,collingwood,12495,resolved,0.0,0.0,41
5,Coll v Frem,Sean Darcy,fremantle,12547,resolved,0.0,0.0,42
5,Coll v Frem,Patrick Voss,fremantle,13129,resolved,0.0,0.0,43
5,Coll v Frem,Christopher Scerri,fremantle,13296,resolved,0.0,0.0,44
5,Coll v Frem,Jordan De Goey,collingwood,12318,resolved,0.0,0.0,45
5,Coll v Frem,Oscar Steene,collingwood,13298,resolved,0.0,0.0,46
5,NM v Bris,Lachie Neale,brisbane_lions,12055,resolved,2.701,73.6,1
5,NM v Bris,Luke Davies-Uniacke,north_melbourne,12590,resolved,1.445,17.4,2
5,NM v Bris,Zac Bailey,brisbane_lions,12610,resolved,0.423,3.0,3
5,NM v Bris,Jy Simpkin,north_melbourne,12502,resolved,0.378,2.5,4
5,NM v Bris,Sam Draper,brisbane_lions,12810,resolved,0.274,1.5,5
5,NM v Bris,Harry Sheezel,north_melbourne,13034,resolved,0.194,0.9,6
5,NM v Bris,Luke Parker,north_melbourne,11953,resolved,0.107,0.4,7
5,NM v Bris,Jarrod Berry,brisbane_lions,12519,resolved,0.093,0.3,9
5,NM v Bris,Will Ashcroft,brisbane_lions,13040,resolved,0.093,0.3,8
5,NM v Bris,Cam Rayner,brisbane_lions,12592,resolved,0.056,0.1,10
5,NM v Bris,Hugh McCluggage,brisbane_lions,12518,resolved,0.048,0.0,11
5,NM v Bris,Oscar Allen,brisbane_lions,12655,resolved,0.039,0.0,12
5,NM v Bris,Lincoln McCarthy,brisbane_lions,12090,resolved,0.015,0.0,14
5,NM v Bris,Josh Dunkley,brisbane_lions,12408,resolved,0.015,0.0,13
5,NM v Bris,Cooper Trembath,north_melbourne,13263,resolved,0.013,0.0,15
5,NM v Bris,Harris Andrews,brisbane_lions,12340,resolved,0.012,0.0,16
5,NM v Bris,George Wardlaw,north_melbourne,13064,resolved,0.011,0.0,17
5,NM v Bris,Keidean Coleman,brisbane_lions,12838,resolved,0.01,0.0,18
5,NM v Bris,Levi Ashcroft,brisbane_lions,13197,resolved,0.008,0.0,19
5,NM v Bris,Griffin Logue,north_melbourne,12511,resolved,0.008,0.0,20
5,NM v Bris,Colby McKercher,north_melbourne,13107,resolved,0.007,0.0,23
5,NM v Bris,Paul Curtis,north_melbourne,12975,resolved,0.007,0.0,26
5,NM v Bris,Kai Lohmann,brisbane_lions,12968,resolved,0.006,0.0,22
5,NM v Bris,Tom Blamires,north_melbourne,13287,resolved,0.006,0.0,25
5,NM v Bris,Ryan Lester,brisbane_lions,11894,resolved,0.005,0.0,24
5,NM v Bris,Darcy Wilmot,brisbane_lions,13026,resolved,0.005,0.0,21
5,NM v Bris,Bruce Reville,brisbane_lions,13138,resolved,0.005,0.0,28
5,NM v Bris,Jaspa Fletcher,brisbane_lions,13072,resolved,0.004,0.0,27
5,NM v Bris,Dayne Zorko,brisbane_lions,12076,resolved,0.002,0.0,29
5,NM v Bris,Luke McDonald,north_melbourne,12246,resolved,0.002,0.0,32
5,NM v Bris,Charlie Cameron,brisbane_lions,,unresolved,0.002,0.0,31
5,NM v Bris,Ty Gallop,brisbane_lions,13235,resolved,0.001,0.0,33
5,NM v Bris,Caleb Daniel,north_melbourne,12373,resolved,0.001,0.0,30
5,NM v Bris,Nick Larkey,north_melbourne,12563,resolved,0.001,0.0,36
5,NM v Bris,Darcy Fort,brisbane_lions,12724,resolved,0.001,0.0,37
5,NM v Bris,Jack Darling,north_melbourne,11905,resolved,0.001,0.0,34
5,NM v Bris,Logan Morris,brisbane_lions,13137,resolved,0.001,0.0,35
5,NM v Bris,Tom Powell,north_melbourne,12866,resolved,0.0,0.0,38
5,NM v Bris,Dylan Stephens,north_melbourne,12796,resolved,0.0,0.0,39
5,NM v Bris,Charlie Comben,north_melbourne,12938,resolved,0.0,0.0,40
5,NM v Bris,Cameron Zurhaar,north_melbourne,12557,resolved,0.0,0.0,41
5,NM v Bris,Callum Coleman-Jones,north_melbourne,12730,resolved,0.0,0.0,42
5,NM v Bris,Aidan Corr,north_melbourne,12181,resolved,0.0,0.0,43
5,NM v Bris,Zac Banch,north_melbourne,13256,resolved,0.0,0.0,44
5,NM v Bris,Charlie Spargo,north_melbourne,12622,resolved,0.0,0.0,45
5,NM v Bris,Zane Duursma,north_melbourne,13106,resolved,0.0,0.0,46
5,Ess v Melb,Archie Roberts,essendon,13168,resolved,2.737,75.9,1
5,Ess v Melb,Darcy Parish,essendon,12406,resolved,1.61,17.1,2
5,Ess v Melb,Zach Merrett,essendon,12241,resolved,0.823,5.4,3
5,Ess v Melb,Peter Wright,essendon,12366,resolved,0.197,0.6,4
5,Ess v Melb,Elijah Tsatas,essendon,13087,resolved,0.13,0.3,5
5,Ess v Melb,Isaac Kako,essendon,13177,resolved,0.126,0.3,6
5,Ess v Melb,Kysaiah Pickett,melbourne,12771,resolved,0.099,0.2,7
5,Ess v Melb,Max Gawn,melbourne,11966,resolved,0.073,0.1,8
5,Ess v Melb,Jack Steele,melbourne,12368,resolved,0.034,0.0,9
5,Ess v Melb,Kyle Langford,essendon,12349,resolved,0.032,0.0,10
5,Ess v Melb,Xavier Duursma,essendon,12696,resolved,0.028,0.0,11
5,Ess v Melb,Ben McKay,essendon,12580,resolved,0.021,0.0,12
5,Ess v Melb,Jacob Farrow,essendon,13299,resolved,0.019,0.0,13
5,Ess v Melb,Jordan Ridley,essendon,12631,resolved,0.016,0.0,14
5,Ess v Melb,Andrew McGrath,essendon,12491,resolved,0.013,0.0,15
5,Ess v Melb,Jye Caldwell,essendon,12755,resolved,0.011,0.0,16
5,Ess v Melb,Sam Durham,essendon,12925,resolved,0.006,0.0,18
5,Ess v Melb,Zach Reid,essendon,12889,resolved,0.005,0.0,17
5,Ess v Melb,Archer Day-Wicks,essendon,13223,resolved,0.004,0.0,20
5,Ess v Melb,Jaxon Prior,essendon,12874,resolved,0.002,0.0,19
5,Ess v Melb,Jade Gresham,essendon,12415,resolved,0.002,0.0,22
5,Ess v Melb,Thomas Edwards,essendon,13198,resolved,0.002,0.0,23
5,Ess v Melb,Tom Sparrow,melbourne,12693,resolved,0.002,0.0,24
5,Ess v Melb,Nate Caddy,essendon,13148,resolved,0.002,0.0,21
5,Ess v Melb,Archer May,essendon,13238,resolved,0.001,0.0,25
5,Ess v Melb,Koltyn Tholstrup,melbourne,13123,resolved,0.001,0.0,26
5,Ess v Melb,Daniel Turner,melbourne,12996,resolved,0.001,0.0,27
5,Ess v Melb,Tom McDonald,melbourne,12009,resolved,0.001,0.0,31
5,Ess v Melb,Harvey Langford,melbourne,13184,resolved,0.001,0.0,28
5,Ess v Melb,Lachlan Blakiston,essendon,13237,resolved,0.0,0.0,30
5,Ess v Melb,Jake Lever,melbourne,12351,resolved,0.0,0.0,29
5,Ess v Melb,Kade Chandler,melbourne,12756,resolved,0.0,0.0,32
5,Ess v Melb,Blake Howes,melbourne,13098,resolved,0.0,0.0,33
5,Ess v Melb,Sullivan Robey,essendon,13307,resolved,0.0,0.0,34
5,Ess v Melb,Harry Sharp,melbourne,12864,resolved,0.0,0.0,35
5,Ess v Melb,Bayley Fritsch,melbourne,12598,resolved,0.0,0.0,36
5,Ess v Melb,Xavier Lindsay,melbourne,13185,resolved,0.0,0.0,37
5,Ess v Melb,Harrison Petty,melbourne,12653,resolved,0.0,0.0,38
5,Ess v Melb,Christian Salem,melbourne,12272,resolved,0.0,0.0,39
5,Ess v Melb,Jai Culley,melbourne,13015,resolved,0.0,0.0,40
5,Ess v Melb,Jacob van Rooyen,melbourne,13048,resolved,0.0,0.0,41
5,Ess v Melb,Caleb Windsor,melbourne,13099,resolved,0.0,0.0,42
5,Ess v Melb,Ed Langdon,melbourne,12393,resolved,0.0,0.0,43
5,Ess v Melb,Latrelle Pickett,melbourne,13286,resolved,0.0,0.0,44
5,Ess v Melb,Brody Mihocek,melbourne,12639,resolved,0.0,0.0,45
5,Ess v Melb,Jake Melksham,melbourne,11820,resolved,0.0,0.0,46
5,Syd v GC,Isaac Heeney,sydney,12326,resolved,2.95,95.2,1
5,Syd v GC,Justin McInerney,sydney,12711,resolved,1.017,3.0,2
5,Syd v GC,Chad Warner,sydney,,ambiguous,0.592,1.0,3
5,Syd v GC,Matt Rowell,gold_coast,12768,resolved,0.383,0.4,4
5,Syd v GC,Brodie Grundy,sydney,12217,resolved,0.279,0.2,5
5,Syd v GC,Tom McCartin,sydney,12627,resolved,0.224,0.2,6
5,Syd v GC,Callum Mills,sydney,12413,resolved,0.178,0.0,7
5,Syd v GC,Tom Papley,sydney,12412,resolved,0.171,0.0,8
5,Syd v GC,Nick Blakey,sydney,12699,resolved,0.057,0.0,9
5,Syd v GC,Matt Roberts,sydney,12994,resolved,0.039,0.0,10
5,Syd v GC,Bodhi Uwland,gold_coast,13041,resolved,0.02,0.0,11
5,Syd v GC,Riley Bice,sydney,13195,resolved,0.012,0.0,12
5,Syd v GC,Touk Miller,gold_coast,12331,resolved,0.009,0.0,13
5,Syd v GC,Jai Serong,sydney,13022,resolved,0.008,0.0,14
5,Syd v GC,Noah Anderson,gold_coast,12767,resolved,0.008,0.0,17
5,Syd v GC,Dane Rampe,sydney,12140,resolved,0.007,0.0,15
5,Syd v GC,Malcolm Rosas,sydney,12903,resolved,0.007,0.0,16
5,Syd v GC,Ben Long,gold_coast,12521,resolved,0.007,0.0,18
5,Syd v GC,Mac Andrew,gold_coast,13019,resolved,0.005,0.0,21
5,Syd v GC,James Rowbottom,sydney,12714,resolved,0.004,0.0,19
5,Syd v GC,Joel Hamling,sydney,12359,resolved,0.004,0.0,20
5,Syd v GC,John Noble,gold_coast,12743,resolved,0.002,0.0,22
5,Syd v GC,Will Graham,gold_coast,13120,resolved,0.002,0.0,23
5,Syd v GC,Harry Cunningham,sydney,12015,resolved,0.002,0.0,25
5,Syd v GC,Sam Wicks,sydney,12818,resolved,0.002,0.0,28
5,Syd v GC,Charlie Curnow,sydney,12421,resolved,0.002,0.0,24
5,Syd v GC,Jarrod Witts,gold_coast,12177,resolved,0.002,0.0,27
5,Syd v GC,Joel Amartey,sydney,12844,resolved,0.002,0.0,26
5,Syd v GC,James Jordon,sydney,12860,resolved,0.002,0.0,29
5,Syd v GC,Jake Lloyd,sydney,12268,resolved,0.001,0.0,30
5,Syd v GC,Wil Powell,gold_coast,12652,resolved,0.0,0.0,32
5,Syd v GC,Logan McDonald,sydney,12861,resolved,0.0,0.0,31
5,Syd v GC,Lachie Weller,gold_coast,12385,resolved,0.0,0.0,33
5,Syd v GC,Sam Collins,gold_coast,12444,resolved,0.0,0.0,34
5,Syd v GC,Jed Walter,gold_coast,13114,resolved,0.0,0.0,35
5,Syd v GC,Alex Davies,gold_coast,12942,resolved,0.0,0.0,36
5,Syd v GC,Corey Warner,sydney,,ambiguous,0.0,0.0,37
5,Syd v GC,Ben King,gold_coast,12728,resolved,0.0,0.0,38
5,Syd v GC,Zeke Uwland,gold_coast,13278,resolved,0.0,0.0,39
5,Syd v GC,Charlie Ballard,gold_coast,12625,resolved,0.0,0.0,40
5,Syd v GC,Joel Jeffrey,gold_coast,12933,resolved,0.0,0.0,41
5,Syd v GC,Leonardo Lombard,gold_coast,13232,resolved,0.0,0.0,42
5,Syd v GC,Sam Clohesy,gold_coast,13119,resolved,0.0,0.0,43
5,Syd v GC,Daniel Rioli,gold_coast,12403,resolved,0.0,0.0,44
5,Syd v GC,Lachlan Gulbin,gold_coast,13272,resolved,0.0,0.0,45
5,Syd v GC,Ethan Read,gold_coast,13121,resolved,0.0,0.0,46
5,Haw v WB,Jai Newcombe,hawthorn,12915,resolved,2.841,85.3,1
5,Haw v WB,Jack Ginnivan,hawthorn,12927,resolved,0.943,7.8,2
5,Haw v WB,Josh Battle,hawthorn,12558,resolved,0.525,3.1,3
5,Haw v WB,Mitch Lewis,hawthorn,12636,resolved,0.366,1.8,4
5,Haw v WB,James Sicily,hawthorn,12332,resolved,0.22,0.7,6
5,Haw v WB,Blake Hardwick,hawthorn,12469,resolved,0.215,0.7,5
5,Haw v WB,Connor Macdonald,hawthorn,12954,resolved,0.142,0.4,7
5,Haw v WB,Dylan Moore,hawthorn,12710,resolved,0.084,0.1,8
5,Haw v WB,Karl Amon,hawthorn,12357,resolved,0.081,0.1,9
5,Haw v WB,Tom Barrass,hawthorn,12383,resolved,0.07,0.0,10
5,Haw v WB,Marcus Bontempelli,western_bulldogs,12269,resolved,0.069,0.0,12
5,Haw v WB,Conor Nash,hawthorn,12670,resolved,0.069,0.0,11
5,Haw v WB,Jarman Impey,hawthorn,12237,resolved,0.059,0.0,13
5,Haw v WB,Lloyd Meek,hawthorn,12856,resolved,0.05,0.0,14
5,Haw v WB,Massimo D'Ambrosio,hawthorn,12998,resolved,0.038,0.0,15
5,Haw v WB,Ryley Sanders,western_bulldogs,13103,resolved,0.035,0.0,16
5,Haw v WB,Matthew Kennedy,western_bulldogs,12455,resolved,0.032,0.0,18
5,Haw v WB,Cam Mackenzie,hawthorn,13031,resolved,0.028,0.0,17
5,Haw v WB,Josh Ward,hawthorn,12955,resolved,0.026,0.0,19
5,Haw v WB,Jack Gunston,hawthorn,11845,resolved,0.025,0.0,21
5,Haw v WB,Josh Weddle,hawthorn,13057,resolved,0.023,0.0,20
5,Haw v WB,Ed Richards,western_bulldogs,12605,resolved,0.019,0.0,22
5,Haw v WB,Nick Watson,hawthorn,13105,resolved,0.01,0.0,23
5,Haw v WB,Bailey Dale,western_bulldogs,12354,resolved,0.008,0.0,24
5,Haw v WB,Ned Reeves,hawthorn,12906,resolved,0.007,0.0,25
5,Haw v WB,Joel Freijah,western_bulldogs,13140,resolved,0.005,0.0,26
5,Haw v WB,James O'Donnell,western_bulldogs,13061,resolved,0.003,0.0,28
5,Haw v WB,Bailey Williams,western_bulldogs,12441,resolved,0.002,0.0,27
5,Haw v WB,Rhylee West,western_bulldogs,12748,resolved,0.002,0.0,29
5,Haw v WB,Sam Darcy,western_bulldogs,13021,resolved,0.001,0.0,32
5,Haw v WB,Michael Sellwood,western_bulldogs,13276,resolved,0.001,0.0,31
5,Haw v WB,Flynn Perez,hawthorn,12841,resolved,0.001,0.0,30
5,Haw v WB,Jordan Croft,western_bulldogs,13265,resolved,0.0,0.0,33
5,Haw v WB,Sam Butler,hawthorn,12988,resolved,0.0,0.0,34
5,Haw v WB,Connor Budarick,western_bulldogs,12769,resolved,0.0,0.0,35
5,Haw v WB,Cooper Hynes,western_bulldogs,13213,resolved,0.0,0.0,36
5,Haw v WB,Lachlan Bramble,western_bulldogs,12916,resolved,0.0,0.0,37
5,Haw v WB,Mabior Chol,hawthorn,12485,resolved,0.0,0.0,38
5,Haw v WB,Aaron Naughton,western_bulldogs,12594,resolved,0.0,0.0,39
5,Haw v WB,Rory Lobb,western_bulldogs,12282,resolved,0.0,0.0,40
5,Haw v WB,Louis Emmett,western_bulldogs,13308,resolved,0.0,0.0,41
5,Haw v WB,Josh Dolan,western_bulldogs,13179,resolved,0.0,0.0,42
5,Haw v WB,Harvey Gallagher,western_bulldogs,13102,resolved,0.0,0.0,43
5,Haw v WB,Buku Khamis,western_bulldogs,12900,resolved,0.0,0.0,44
5,Haw v WB,Sam Davidson,western_bulldogs,13178,resolved,0.0,0.0,45
5,Haw v WB,Oskar Baker,western_bulldogs,12723,resolved,0.0,0.0,46
5,Geel v WC,Bailey Smith,geelong,12692,resolved,2.687,72.6,1
5,Geel v WC,Max Holmes,geelong,12881,resolved,1.293,12.6,2
5,Geel v WC,Tanner Bruhn,geelong,12871,resolved,1.05,9.0,3
5,Geel v WC,Tom Atkins,geelong,12690,resolved,0.707,5.4,4
5,Geel v WC,James Worpel,geelong,12619,resolved,0.118,0.3,5
5,Geel v WC,Mark O'Connor,geelong,12531,resolved,0.039,0.0,6
5,Geel v WC,Jeremy Cameron,geelong,12017,resolved,0.026,0.0,7
5,Geel v WC,Harley Reid,west_coast,13111,resolved,0.016,0.0,8
5,Geel v WC,Sam De Koning,geelong,12891,resolved,0.012,0.0,9
5,Geel v WC,Connor O'Sullivan,geelong,13122,resolved,0.01,0.0,10
5,Geel v WC,Jack Bowes,geelong,12499,resolved,0.006,0.0,11
5,Geel v WC,Tim Kelly,west_coast,12595,resolved,0.005,0.0,12
5,Geel v WC,Gryan Miers,geelong,12689,resolved,0.005,0.0,13
5,Geel v WC,Tom Stewart,geelong,12505,resolved,0.004,0.0,14
5,Geel v WC,Jake Kolodjashnij,geelong,12370,resolved,0.003,0.0,15
5,Geel v WC,Lawson Humphries,geelong,13160,resolved,0.003,0.0,16
5,Geel v WC,Oliver Henry,geelong,12851,resolved,0.002,0.0,19
5,Geel v WC,Bailey J. Williams,west_coast,,unresolved,0.002,0.0,20
5,Geel v WC,Brad Close,geelong,12806,resolved,0.002,0.0,18
5,Geel v WC,Oliver Dempsey,geelong,12974,resolved,0.002,0.0,21
5,Geel v WC,Jobe Shanahan,west_coast,13247,resolved,0.002,0.0,23
5,Geel v WC,Shannon Neale,geelong,12992,resolved,0.002,0.0,17
5,Geel v WC,Tom McCarthy,west_coast,13240,resolved,0.001,0.0,22
5,Geel v WC,Willem Duursma,west_coast,13292,resolved,0.001,0.0,24
5,Geel v WC,Zach Guthrie,geelong,12551,resolved,0.001,0.0,25
5,Geel v WC,Mitchell Edwards,geelong,13285,resolved,0.001,0.0,26
5,Geel v WC,Josh Lindsay,west_coast,13293,resolved,0.001,0.0,27
5,Geel v WC,Liam Duggan,west_coast,12334,resolved,0.0,0.0,28
5,Geel v WC,Reuben Ginbey,west_coast,13038,resolved,0.0,0.0,29
5,Geel v WC,Liam Baker,west_coast,12661,resolved,0.0,0.0,30
5,Geel v WC,Oliver Wiltshire,geelong,13217,resolved,0.0,0.0,31
5,Geel v WC,Hamish Davis,west_coast,13210,resolved,0.0,0.0,32
5,Geel v WC,Oisin Mullin,geelong,13066,resolved,0.0,0.0,33
5,Geel v WC,Deven Robertson,west_coast,12774,resolved,0.0,0.0,34
5,Geel v WC,Jack Graham,west_coast,,unresolved,0.0,0.0,35
5,Geel v WC,Tylar Young,west_coast,13043,resolved,0.0,0.0,36
5,Geel v WC,Shaun Mannagh,geelong,13104,resolved,0.0,0.0,37
5,Geel v WC,Elijah Hewett,west_coast,13044,resolved,0.0,0.0,38
5,Geel v WC,Jake Waterman,west_coast,12601,resolved,0.0,0.0,39
5,Geel v WC,Harry Schoenberg,west_coast,12813,resolved,0.0,0.0,40
5,Geel v WC,Sandy Brock,west_coast,13209,resolved,0.0,0.0,41
5,Geel v WC,Brady Hough,west_coast,12957,resolved,0.0,0.0,42
5,Geel v WC,Bo Allan,west_coast,13221,resolved,0.0,0.0,43
5,Geel v WC,Matthew Owies,west_coast,12839,resolved,0.0,0.0,44
5,Geel v WC,Archer Reid,west_coast,13196,resolved,0.0,0.0,45
5,Geel v WC,Cooper Duff-Tytler,west_coast,13291,resolved,0.0,0.0,46
5,GWS v Rich,Finn Callaghan,greater_western_sydney,12969,resolved,2.611,67.6,1
5,GWS v Rich,Lachie Ash,greater_western_sydney,12782,resolved,1.131,13.4,2
5,GWS v Rich,Clayton Oliver,greater_western_sydney,12410,resolved,0.889,9.8,3
5,GWS v Rich,Toby Greene,greater_western_sydney,12025,resolved,0.588,5.6,4
5,GWS v Rich,Aaron Cadman,greater_western_sydney,13054,resolved,0.241,1.7,5
5,GWS v Rich,Jake Stringer,greater_western_sydney,12167,resolved,0.176,0.9,6
5,GWS v Rich,Lachie Whitfield,greater_western_sydney,12143,resolved,0.137,0.7,7
5,GWS v Rich,Jayden Laverde,greater_western_sydney,12377,resolved,0.051,0.1,8
5,GWS v Rich,Tim Taranto,richmond,12504,resolved,0.033,0.0,9
5,GWS v Rich,Nicholas Madden,greater_western_sydney,13236,resolved,0.02,0.0,10
5,GWS v Rich,Brent Daniels,greater_western_sydney,12656,resolved,0.018,0.0,11
5,GWS v Rich,Connor Idun,greater_western_sydney,12750,resolved,0.011,0.0,12
5,GWS v Rich,Jacob Hopper,richmond,12440,resolved,0.01,0.0,13
5,GWS v Rich,Harvey Thomas,greater_western_sydney,13101,resolved,0.01,0.0,14
5,GWS v Rich,Xavier O'Halloran,greater_western_sydney,12821,resolved,0.008,0.0,16
5,GWS v Rich,Jake Riccardi,greater_western_sydney,12834,resolved,0.008,0.0,18
5,GWS v Rich,Phoenix Gothard,greater_western_sydney,13279,resolved,0.008,0.0,17
5,GWS v Rich,Jack Buckley,greater_western_sydney,12846,resolved,0.008,0.0,15
5,GWS v Rich,Oliver Hannaford,greater_western_sydney,13302,resolved,0.007,0.0,20
5,GWS v Rich,Toby Bedford,greater_western_sydney,12772,resolved,0.005,0.0,19
5,GWS v Rich,Joe Fonti,greater_western_sydney,13164,resolved,0.004,0.0,21
5,GWS v Rich,Harry Himmelberg,greater_western_sydney,12462,resolved,0.004,0.0,24
5,GWS v Rich,Ryan Angwin,greater_western_sydney,13001,resolved,0.004,0.0,22
5,GWS v Rich,Sam Lalor,richmond,13190,resolved,0.004,0.0,25
5,GWS v Rich,Jesse Hogan,greater_western_sydney,12321,resolved,0.004,0.0,23
5,GWS v Rich,Mykelti Lefau,richmond,13113,resolved,0.004,0.0,26
5,GWS v Rich,Jayden Short,richmond,12418,resolved,0.002,0.0,27
5,GWS v Rich,Nathan Broad,richmond,12456,resolved,0.002,0.0,28
5,GWS v Rich,Dion Prestia,richmond,11917,resolved,0.001,0.0,29
5,GWS v Rich,Noah Balta,richmond,12686,resolved,0.001,0.0,30
5,GWS v Rich,Jack Ross,richmond,,unresolved,0.0,0.0,31
5,GWS v Rich,Seth Campbell,richmond,13100,resolved,0.0,0.0,32
5,GWS v Rich,Ben Miller,richmond,12941,resolved,0.0,0.0,33
5,GWS v Rich,Stephen Coniglio,greater_western_sydney,12028,resolved,0.0,0.0,34
5,GWS v Rich,Tom Brown,richmond,13096,resolved,0.0,0.0,35
5,GWS v Rich,Sam Banks,richmond,13078,resolved,0.0,0.0,36
5,GWS v Rich,Nick Vlastuin,richmond,12174,resolved,0.0,0.0,37
5,GWS v Rich,Liam Fawcett,richmond,13200,resolved,0.0,0.0,38
5,GWS v Rich,Tyler Sonsie,richmond,13014,resolved,0.0,0.0,39
5,GWS v Rich,Oliver Hayes-Brown,richmond,13309,resolved,0.0,0.0,40
5,GWS v Rich,Luke Trainor,richmond,13191,resolved,0.0,0.0,41
5,GWS v Rich,Steely Green,richmond,13145,resolved,0.0,0.0,42
5,GWS v Rich,Sam Grlj,richmond,13290,resolved,0.0,0.0,43
5,GWS v Rich,Campbell Gray,richmond,13218,resolved,0.0,0.0,44
5,GWS v Rich,Maurice Rioli,richmond,12935,resolved,0.0,0.0,45
5,GWS v Rich,Jonty Faull,richmond,13214,resolved,0.0,0.0,46
5,Port v St K,Nasiah Wanganeen-Milera,st_kilda,12950,resolved,2.779,79.4,1
5,Port v St K,Zak Butters,port_adelaide,12698,resolved,1.603,14.5,2
5,Port v St K,Jason Horne-Francis,port_adelaide,12956,resolved,0.835,4.3,3
5,Port v St K,Hugo Garcia,st_kilda,13125,resolved,0.43,1.6,4
5,Port v St K,Callum Wilkie,st_kilda,12703,resolved,0.11,0.1,5
5,Port v St K,Jack Silvagni,st_kilda,12458,resolved,0.066,0.0,6
5,Port v St K,Sam Flanders,st_kilda,12824,resolved,0.028,0.0,8
5,Port v St K,Marcus Windhager,st_kilda,12967,resolved,0.028,0.0,7
5,Port v St K,Ollie Wines,port_adelaide,12150,resolved,0.027,0.0,9
5,Port v St K,Jack Sinclair,st_kilda,12325,resolved,0.021,0.0,10
5,Port v St K,Mattaes Phillipou,st_kilda,13036,resolved,0.019,0.0,11
5,Port v St K,Willem Drew,port_adelaide,12695,resolved,0.012,0.0,12
5,Port v St K,Bradley Hill,st_kilda,12060,resolved,0.008,0.0,13
5,Port v St K,Jack Carroll,st_kilda,12976,resolved,0.004,0.0,14
5,Port v St K,Aliir Aliir,port_adelaide,12433,resolved,0.004,0.0,16
5,Port v St K,Logan Evans,port_adelaide,13156,resolved,0.003,0.0,17
5,Port v St K,Max Hall,st_kilda,13193,resolved,0.003,0.0,15
5,Port v St K,Mitch Georgiades,port_adelaide,12766,resolved,0.003,0.0,19
5,Port v St K,Mitch Owens,st_kilda,12948,resolved,0.002,0.0,20
5,Port v St K,Darcy Byrne-Jones,port_adelaide,12422,resolved,0.002,0.0,18
5,Port v St K,Alix Tauru,st_kilda,13243,resolved,0.002,0.0,21
5,Port v St K,Hunter Clark,st_kilda,12591,resolved,0.002,0.0,23
5,Port v St K,Kane Farrell,port_adelaide,12664,resolved,0.002,0.0,25
5,Port v St K,Jordon Sweet,port_adelaide,12890,resolved,0.002,0.0,22
5,Port v St K,Lachie Jones,port_adelaide,12882,resolved,0.001,0.0,29
5,Port v St K,Hugh Boxshall,st_kilda,13220,resolved,0.001,0.0,24
5,Port v St K,Jase Burgoyne,port_adelaide,13007,resolved,0.001,0.0,26
5,Port v St K,Rowan Marshall,st_kilda,12564,resolved,0.001,0.0,27
5,Port v St K,Tom De Koning,st_kilda,12674,resolved,0.001,0.0,28
5,Port v St K,Liam Ryan,st_kilda,12600,resolved,0.001,0.0,30
5,Port v St K,Darcy Wilson,st_kilda,13110,resolved,0.0,0.0,31
5,Port v St K,Mason Wood,st_kilda,12312,resolved,0.0,0.0,32
5,Port v St K,Dan Butler,st_kilda,12490,resolved,0.0,0.0,33
5,Port v St K,Joe Berry,port_adelaide,13188,resolved,0.0,0.0,34
5,Port v St K,Cooper Sharman,st_kilda,12929,resolved,0.0,0.0,35
5,Port v St K,Joe Richards,port_adelaide,13139,resolved,0.0,0.0,36
5,Port v St K,Ewan Mackinlay,port_adelaide,13269,resolved,0.0,0.0,37
5,Port v St K,Miles Bergman,port_adelaide,12867,resolved,0.0,0.0,38
5,Port v St K,Jack Watkins,port_adelaide,13289,resolved,0.0,0.0,39
5,Port v St K,Jack Lukosius,port_adelaide,12704,resolved,0.0,0.0,40
5,Port v St K,Corey Durdin,port_adelaide,12936,resolved,0.0,0.0,41
5,Port v St K,Josh Lai,port_adelaide,13301,resolved,0.0,0.0,42
5,Port v St K,Todd Marshall,port_adelaide,12575,resolved,0.0,0.0,43
5,Port v St K,Jack Higgins,st_kilda,12609,resolved,0.0,0.0,44
5,Port v St K,Jack Whitlock,port_adelaide,13259,resolved,0.0,0.0,45
5,Port v St K,Jacob Wehr,port_adelaide,12991,resolved,0.0,0.0,46
6,Carl v Coll,Nick Daicos,collingwood,12943,resolved,2.984,98.4,1
6,Carl v Coll,Sam Walsh,carlton,12684,resolved,0.54,0.6,2
6,Carl v Coll,Jamie Elliott,collingwood,12083,resolved,0.481,0.5,3
6,Carl v Coll,Harry Perryman,collingwood,12536,resolved,0.347,0.2,4
6,Carl v Coll,Patrick Lipinski,collingwood,12578,resolved,0.319,0.2,5
6,Carl v Coll,Patrick Cripps,carlton,12261,resolved,0.267,0.1,6
6,Carl v Coll,Oliver Florent,carlton,12497,resolved,0.114,0.0,7
6,Carl v Coll,Scott Pendlebury,collingwood,4182,resolved,0.11,0.0,8
6,Carl v Coll,Josh Daicos,collingwood,12573,resolved,0.073,0.0,9
6,Carl v Coll,Darcy Cameron,collingwood,12660,resolved,0.07,0.0,11
6,Carl v Coll,Zac Williams,carlton,12175,resolved,0.067,0.0,10
6,Carl v Coll,Oscar Steene,collingwood,13298,resolved,0.055,0.0,13
6,Carl v Coll,Ned Long,collingwood,13023,resolved,0.054,0.0,12
6,Carl v Coll,Beau McCreery,collingwood,12876,resolved,0.051,0.0,15
6,Carl v Coll,Dan Houston,collingwood,12495,resolved,0.05,0.0,14
6,Carl v Coll,Marc Pittonet,carlton,12417,resolved,0.043,0.0,17
6,Carl v Coll,Jeremy Howe,collingwood,11967,resolved,0.043,0.0,16
6,Carl v Coll,Jack Crisp,collingwood,12061,resolved,0.039,0.0,18
6,Carl v Coll,Adam Cerra,carlton,12603,resolved,0.03,0.0,19
6,Carl v Coll,Brayden Maynard,collingwood,12371,resolved,0.023,0.0,23
6,Carl v Coll,Nic Newman,carlton,12508,resolved,0.023,0.0,20
6,Carl v Coll,Angus Anderson,collingwood,13306,resolved,0.023,0.0,21
6,Carl v Coll,Jacob Weitering,carlton,12402,resolved,0.022,0.0,24
6,Carl v Coll,Matthew Carroll,carlton,13212,resolved,0.021,0.0,22
6,Carl v Coll,Jagga Smith,carlton,13274,resolved,0.02,0.0,25
6,Carl v Coll,Ben Ainsworth,carlton,12498,resolved,0.02,0.0,26
6,Carl v Coll,Lachlan Cowan,carlton,13028,resolved,0.016,0.0,28
6,Carl v Coll,Brodie Kemp,carlton,12937,resolved,0.016,0.0,27
6,Carl v Coll,Roan Steele,collingwood,13248,resolved,0.014,0.0,29
6,Carl v Coll,Billy Frampton,collingwood,12676,resolved,0.008,0.0,30
6,Carl v Coll,Mitch McGovern,carlton,12404,resolved,0.008,0.0,32
6,Carl v Coll,Tim Membrey,collingwood,12300,resolved,0.007,0.0,35
6,Carl v Coll,Nick Haynes,carlton,12091,resolved,0.007,0.0,34
6,Carl v Coll,Lachie Schultz,collingwood,12700,resolved,0.007,0.0,33
6,Carl v Coll,Will Hayward,carlton,12509,resolved,0.007,0.0,31
6,Carl v Coll,Oliver Hollands,carlton,13029,resolved,0.005,0.0,37
6,Carl v Coll,Harry McKay,carlton,12566,resolved,0.005,0.0,36
6,Carl v Coll,Harry Dean,carlton,13273,resolved,0.004,0.0,38
6,Carl v Coll,Daniel McStay,collingwood,12291,resolved,0.003,0.0,39
6,Carl v Coll,Isaac Quaynor,collingwood,12740,resolved,0.001,0.0,40
6,Carl v Coll,William Hayes,collingwood,13228,resolved,0.0,0.0,42
6,Carl v Coll,Francis Evans,carlton,12873,resolved,0.0,0.0,41
6,Carl v Coll,Edward Allan,collingwood,13146,resolved,0.0,0.0,43
6,Carl v Coll,Talor Byrne,carlton,13297,resolved,0.0,0.0,44
6,Carl v Coll,Lewis Young,carlton,12559,resolved,0.0,0.0,45
6,Carl v Coll,Elijah Hollands,carlton,13016,resolved,0.0,0.0,46
6,Geel v WB,Jeremy Cameron,geelong,12017,resolved,3.0,100.0,1
6,Geel v WB,Bailey Smith,geelong,12692,resolved,1.943,0.0,2
6,Geel v WB,Max Holmes,geelong,12881,resolved,0.446,0.0,3
6,Geel v WB,Lawson Humphries,geelong,13160,resolved,0.153,0.0,4
6,Geel v WB,Oliver Dempsey,geelong,12974,resolved,0.059,0.0,5
6,Geel v WB,Ed Richards,western_bulldogs,12605,resolved,0.045,0.0,7
6,Geel v WB,Patrick Dangerfield,geelong,11700,resolved,0.045,0.0,6
6,Geel v WB,Zach Guthrie,geelong,12551,resolved,0.04,0.0,8
6,Geel v WB,Oisin Mullin,geelong,13066,resolved,0.036,0.0,9
6,Geel v WB,James Worpel,geelong,12619,resolved,0.03,0.0,10
6,Geel v WB,Shaun Mannagh,geelong,13104,resolved,0.027,0.0,11
6,Geel v WB,Jack Bowes,geelong,12499,resolved,0.018,0.0,12
6,Geel v WB,Tom Atkins,geelong,12690,resolved,0.018,0.0,13
6,Geel v WB,Matthew Kennedy,western_bulldogs,12455,resolved,0.016,0.0,14
6,Geel v WB,Jack Martin,geelong,12236,resolved,0.014,0.0,17
6,Geel v WB,Bailey Dale,western_bulldogs,12354,resolved,0.013,0.0,15
6,Geel v WB,Tanner Bruhn,geelong,12871,resolved,0.012,0.0,16
6,Geel v WB,Ryley Sanders,western_bulldogs,13103,resolved,0.011,0.0,18
6,Geel v WB,Jake Kolodjashnij,geelong,12370,resolved,0.011,0.0,19
6,Geel v WB,Sam De Koning,geelong,12891,resolved,0.01,0.0,20
6,Geel v WB,Mark Blicavs,geelong,12153,resolved,0.01,0.0,21
6,Geel v WB,Tom Stewart,geelong,12505,resolved,0.008,0.0,22
6,Geel v WB,Shannon Neale,geelong,12992,resolved,0.006,0.0,23
6,Geel v WB,Bailey Williams,western_bulldogs,12441,resolved,0.005,0.0,25
6,Geel v WB,Mitchell Edwards,geelong,13285,resolved,0.005,0.0,24
6,Geel v WB,Oliver Henry,geelong,12851,resolved,0.003,0.0,28
6,Geel v WB,Connor O'Sullivan,geelong,13122,resolved,0.003,0.0,27
6,Geel v WB,Joel Freijah,western_bulldogs,13140,resolved,0.003,0.0,26
6,Geel v WB,Aaron Naughton,western_bulldogs,12594,resolved,0.002,0.0,29
6,Geel v WB,Sam Davidson,western_bulldogs,13178,resolved,0.002,0.0,31
6,Geel v WB,Oskar Baker,western_bulldogs,12723,resolved,0.002,0.0,30
6,Geel v WB,Marcus Bontempelli,western_bulldogs,12269,resolved,0.002,0.0,32
6,Geel v WB,Rhylee West,western_bulldogs,12748,resolved,0.001,0.0,33
6,Geel v WB,Michael Sellwood,western_bulldogs,13276,resolved,0.001,0.0,35
6,Geel v WB,Jordan Croft,western_bulldogs,13265,resolved,0.001,0.0,34
6,Geel v WB,Oliver Wiltshire,geelong,13217,resolved,0.0,0.0,36
6,Geel v WB,Cooper Hynes,western_bulldogs,13213,resolved,0.0,0.0,37
6,Geel v WB,Tom Liberatore,western_bulldogs,11898,resolved,0.0,0.0,38
6,Geel v WB,Rory Lobb,western_bulldogs,12282,resolved,0.0,0.0,39
6,Geel v WB,Louis Emmett,western_bulldogs,13308,resolved,0.0,0.0,40
6,Geel v WB,Will Lewis,western_bulldogs,13284,resolved,0.0,0.0,41
6,Geel v WB,Buku Khamis,western_bulldogs,12900,resolved,0.0,0.0,42
6,Geel v WB,James O'Donnell,western_bulldogs,13061,resolved,0.0,0.0,43
6,Geel v WB,Lachlan Bramble,western_bulldogs,12916,resolved,0.0,0.0,44
6,Geel v WB,Sam Darcy,western_bulldogs,13021,resolved,0.0,0.0,45
6,Geel v WB,Lachie Jaques,western_bulldogs,13275,resolved,0.0,0.0,46
6,Syd v GWS,Nick Blakey,sydney,12699,resolved,2.553,63.9,1
6,Syd v GWS,Justin McInerney,sydney,12711,resolved,1.356,18.3,2
6,Syd v GWS,Chad Warner,sydney,,ambiguous,0.656,7.0,3
6,Syd v GWS,Brodie Grundy,sydney,12217,resolved,0.479,4.7,4
6,Syd v GWS,Clayton Oliver,greater_western_sydney,12410,resolved,0.418,4.0,5
6,Syd v GWS,Isaac Heeney,sydney,12326,resolved,0.215,1.7,6
6,Syd v GWS,Tom McCartin,sydney,12627,resolved,0.055,0.2,7
6,Syd v GWS,Matt Roberts,sydney,12994,resolved,0.038,0.1,9
6,Syd v GWS,Riley Bice,sydney,13195,resolved,0.036,0.1,8
6,Syd v GWS,Lachie Ash,greater_western_sydney,12782,resolved,0.031,0.0,10
6,Syd v GWS,Toby Greene,greater_western_sydney,12025,resolved,0.023,0.0,12
6,Syd v GWS,James Jordon,sydney,12860,resolved,0.019,0.0,11
6,Syd v GWS,Angus Sheldrick,sydney,12951,resolved,0.017,0.0,13
6,Syd v GWS,Charlie Curnow,sydney,12421,resolved,0.014,0.0,14
6,Syd v GWS,Callum Mills,sydney,12413,resolved,0.013,0.0,17
6,Syd v GWS,James Rowbottom,sydney,12714,resolved,0.012,0.0,15
6,Syd v GWS,Sam Wicks,sydney,12818,resolved,0.011,0.0,16
6,Syd v GWS,Finn Callaghan,greater_western_sydney,12969,resolved,0.01,0.0,18
6,Syd v GWS,Lachie Whitfield,greater_western_sydney,12143,resolved,0.009,0.0,19
6,Syd v GWS,Joel Amartey,sydney,12844,resolved,0.008,0.0,20
6,Syd v GWS,Phoenix Gothard,greater_western_sydney,13279,resolved,0.006,0.0,22
6,Syd v GWS,Tom Papley,sydney,12412,resolved,0.006,0.0,21
6,Syd v GWS,Malcolm Rosas,sydney,12903,resolved,0.004,0.0,23
6,Syd v GWS,Logan McDonald,sydney,12861,resolved,0.002,0.0,24
6,Syd v GWS,Jai Serong,sydney,13022,resolved,0.002,0.0,25
6,Syd v GWS,Harry Rowston,greater_western_sydney,13045,resolved,0.002,0.0,28
6,Syd v GWS,Joel Hamling,sydney,12359,resolved,0.001,0.0,26
6,Syd v GWS,Jayden Laverde,greater_western_sydney,12377,resolved,0.001,0.0,27
6,Syd v GWS,Jake Lloyd,sydney,12268,resolved,0.001,0.0,29
6,Syd v GWS,Jake Riccardi,greater_western_sydney,12834,resolved,0.001,0.0,30
6,Syd v GWS,Harry Cunningham,sydney,12015,resolved,0.001,0.0,31
6,Syd v GWS,Leek Aleer,greater_western_sydney,13020,resolved,0.001,0.0,33
6,Syd v GWS,Harry Himmelberg,greater_western_sydney,12462,resolved,0.0,0.0,32
6,Syd v GWS,Joe Fonti,greater_western_sydney,13164,resolved,0.0,0.0,34
6,Syd v GWS,Harvey Thomas,greater_western_sydney,13101,resolved,0.0,0.0,35
6,Syd v GWS,Jake Stringer,greater_western_sydney,12167,resolved,0.0,0.0,36
6,Syd v GWS,Ryan Angwin,greater_western_sydney,13001,resolved,0.0,0.0,37
6,Syd v GWS,Corey Warner,sydney,,ambiguous,0.0,0.0,38
6,Syd v GWS,Nicholas Madden,greater_western_sydney,13236,resolved,0.0,0.0,39
6,Syd v GWS,Jack Buckley,greater_western_sydney,12846,resolved,0.0,0.0,40
6,Syd v GWS,Toby Bedford,greater_western_sydney,12772,resolved,0.0,0.0,41
6,Syd v GWS,Connor Idun,greater_western_sydney,12750,resolved,0.0,0.0,42
6,Syd v GWS,Xavier O'Halloran,greater_western_sydney,12821,resolved,0.0,0.0,43
6,Syd v GWS,Oliver Hannaford,greater_western_sydney,13302,resolved,0.0,0.0,44
6,Syd v GWS,Toby McMullin,greater_western_sydney,13088,resolved,0.0,0.0,45
6,Syd v GWS,Callum Brown,greater_western_sydney,12910,resolved,0.0,0.0,46
6,GC v Ess,Matt Rowell,gold_coast,12768,resolved,2.252,44.6,1
6,GC v Ess,Christian Petracca,gold_coast,12430,resolved,2.06,36.2,2
6,GC v Ess,Zach Merrett,essendon,12241,resolved,1.021,12.7,3
6,GC v Ess,Darcy Parish,essendon,12406,resolved,0.492,6.0,4
6,GC v Ess,Touk Miller,gold_coast,12331,resolved,0.055,0.4,5
6,GC v Ess,Archie Roberts,essendon,13168,resolved,0.022,0.1,6
6,GC v Ess,Sam Collins,gold_coast,12444,resolved,0.017,0.0,7
6,GC v Ess,Jye Caldwell,essendon,12755,resolved,0.015,0.0,8
6,GC v Ess,Elijah Tsatas,essendon,13087,resolved,0.01,0.0,10
6,GC v Ess,Lachie Weller,gold_coast,12385,resolved,0.009,0.0,9
6,GC v Ess,Wil Powell,gold_coast,12652,resolved,0.008,0.0,11
6,GC v Ess,Bailey Humphrey,gold_coast,13049,resolved,0.007,0.0,12
6,GC v Ess,Bodhi Uwland,gold_coast,13041,resolved,0.005,0.0,14
6,GC v Ess,Andrew McGrath,essendon,12491,resolved,0.005,0.0,15
6,GC v Ess,John Noble,gold_coast,12743,resolved,0.004,0.0,13
6,GC v Ess,Jarrod Witts,gold_coast,12177,resolved,0.004,0.0,16
6,GC v Ess,Ethan Read,gold_coast,13121,resolved,0.003,0.0,17
6,GC v Ess,Daniel Rioli,gold_coast,12403,resolved,0.002,0.0,19
6,GC v Ess,Ben King,gold_coast,12728,resolved,0.002,0.0,18
6,GC v Ess,Kyle Langford,essendon,12349,resolved,0.002,0.0,20
6,GC v Ess,Joel Jeffrey,gold_coast,12933,resolved,0.001,0.0,23
6,GC v Ess,Mac Andrew,gold_coast,13019,resolved,0.001,0.0,22
6,GC v Ess,Peter Wright,essendon,12366,resolved,0.001,0.0,24
6,GC v Ess,Ben Long,gold_coast,12521,resolved,0.001,0.0,21
6,GC v Ess,Xavier Duursma,essendon,12696,resolved,0.001,0.0,25
6,GC v Ess,Zeke Uwland,gold_coast,13278,resolved,0.001,0.0,26
6,GC v Ess,Jed Walter,gold_coast,13114,resolved,0.001,0.0,27
6,GC v Ess,Sullivan Robey,essendon,13307,resolved,0.0,0.0,28
6,GC v Ess,Sam Durham,essendon,12925,resolved,0.0,0.0,29
6,GC v Ess,Isaac Kako,essendon,13177,resolved,0.0,0.0,30
6,GC v Ess,Jacob Farrow,essendon,13299,resolved,0.0,0.0,31
6,GC v Ess,Saad El-Hawli,essendon,13203,resolved,0.0,0.0,32
6,GC v Ess,Archer May,essendon,13238,resolved,0.0,0.0,33
6,GC v Ess,Charlie Ballard,gold_coast,12625,resolved,0.0,0.0,34
6,GC v Ess,Oscar Adams,gold_coast,13251,resolved,0.0,0.0,35
6,GC v Ess,Will Graham,gold_coast,13120,resolved,0.0,0.0,36
6,GC v Ess,Thomas Edwards,essendon,13198,resolved,0.0,0.0,37
6,GC v Ess,Zach Reid,essendon,12889,resolved,0.0,0.0,38
6,GC v Ess,Jake Rogers,gold_coast,13126,resolved,0.0,0.0,39
6,GC v Ess,Leonardo Lombard,gold_coast,13232,resolved,0.0,0.0,40
6,GC v Ess,Archer Day-Wicks,essendon,13223,resolved,0.0,0.0,41
6,GC v Ess,Jordan Ridley,essendon,12631,resolved,0.0,0.0,42
6,GC v Ess,Jade Gresham,essendon,12415,resolved,0.0,0.0,43
6,GC v Ess,Ben McKay,essendon,12580,resolved,0.0,0.0,44
6,GC v Ess,Nate Caddy,essendon,13148,resolved,0.0,0.0,45
6,GC v Ess,Lachlan Blakiston,essendon,13237,resolved,0.0,0.0,46
6,Haw v Port,Zak Butters,port_adelaide,12698,resolved,2.169,41.5,1
6,Haw v Port,Jason Horne-Francis,port_adelaide,12956,resolved,1.903,31.8,2
6,Haw v Port,Nick Watson,hawthorn,13105,resolved,1.561,23.0,3
6,Haw v Port,Jai Newcombe,hawthorn,12915,resolved,0.159,2.2,4
6,Haw v Port,Mitch Lewis,hawthorn,12636,resolved,0.07,0.7,5
6,Haw v Port,Conor Nash,hawthorn,12670,resolved,0.047,0.5,6
6,Haw v Port,Jarman Impey,hawthorn,12237,resolved,0.041,0.4,7
6,Haw v Port,Willem Drew,port_adelaide,12695,resolved,0.006,0.0,9
6,Haw v Port,Josh Battle,hawthorn,12558,resolved,0.006,0.0,10
6,Haw v Port,Ollie Wines,port_adelaide,12150,resolved,0.006,0.0,8
6,Haw v Port,Blake Hardwick,hawthorn,12469,resolved,0.005,0.0,11
6,Haw v Port,Josh Weddle,hawthorn,13057,resolved,0.003,0.0,12
6,Haw v Port,Calsher Dear,hawthorn,13135,resolved,0.003,0.0,16
6,Haw v Port,Jack Ginnivan,hawthorn,12927,resolved,0.003,0.0,14
6,Haw v Port,Miles Bergman,port_adelaide,12867,resolved,0.002,0.0,18
6,Haw v Port,Josh Ward,hawthorn,12955,resolved,0.002,0.0,15
6,Haw v Port,Todd Marshall,port_adelaide,12575,resolved,0.002,0.0,19
6,Haw v Port,Massimo D'Ambrosio,hawthorn,12998,resolved,0.002,0.0,17
6,Haw v Port,Cam Mackenzie,hawthorn,13031,resolved,0.002,0.0,13
6,Haw v Port,James Sicily,hawthorn,12332,resolved,0.002,0.0,20
6,Haw v Port,Dylan Moore,hawthorn,12710,resolved,0.001,0.0,21
6,Haw v Port,Ned Reeves,hawthorn,12906,resolved,0.001,0.0,22
6,Haw v Port,Jase Burgoyne,port_adelaide,13007,resolved,0.001,0.0,24
6,Haw v Port,Ewan Mackinlay,port_adelaide,13269,resolved,0.001,0.0,23
6,Haw v Port,Joe Berry,port_adelaide,13188,resolved,0.001,0.0,26
6,Haw v Port,Tom Barrass,hawthorn,12383,resolved,0.0,0.0,27
6,Haw v Port,Connor Macdonald,hawthorn,12954,resolved,0.0,0.0,25
6,Haw v Port,Karl Amon,hawthorn,12357,resolved,0.0,0.0,28
6,Haw v Port,Mitch Georgiades,port_adelaide,12766,resolved,0.0,0.0,29
6,Haw v Port,Kane Farrell,port_adelaide,12664,resolved,0.0,0.0,30
6,Haw v Port,Jack Whitlock,port_adelaide,13259,resolved,0.0,0.0,31
6,Haw v Port,Darcy Byrne-Jones,port_adelaide,12422,resolved,0.0,0.0,32
6,Haw v Port,Aliir Aliir,port_adelaide,12433,resolved,0.0,0.0,33
6,Haw v Port,Lachie Jones,port_adelaide,12882,resolved,0.0,0.0,34
6,Haw v Port,Jordon Sweet,port_adelaide,12890,resolved,0.0,0.0,35
6,Haw v Port,Flynn Perez,hawthorn,12841,resolved,0.0,0.0,36
6,Haw v Port,Joe Richards,port_adelaide,13139,resolved,0.0,0.0,37
6,Haw v Port,Sam Butler,hawthorn,12988,resolved,0.0,0.0,38
6,Haw v Port,Christian Moraes,port_adelaide,13199,resolved,0.0,0.0,39
6,Haw v Port,Lloyd Meek,hawthorn,12856,resolved,0.0,0.0,40
6,Haw v Port,Jacob Wehr,port_adelaide,12991,resolved,0.0,0.0,41
6,Haw v Port,Dante Visentini,port_adelaide,13073,resolved,0.0,0.0,42
6,Haw v Port,William McCabe,hawthorn,13311,resolved,0.0,0.0,43
6,Haw v Port,Josh Lai,port_adelaide,13301,resolved,0.0,0.0,44
6,Haw v Port,Corey Durdin,port_adelaide,12936,resolved,0.0,0.0,45
6,Haw v Port,Logan Evans,port_adelaide,13156,resolved,0.0,0.0,46
6,Adel v St K,Taylor Walker,adelaide,11713,resolved,2.328,52.2,1
6,Adel v St K,Jack Sinclair,st_kilda,12325,resolved,1.015,15.8,2
6,Adel v St K,Callum Wilkie,st_kilda,12703,resolved,0.958,14.7,3
6,Adel v St K,Nasiah Wanganeen-Milera,st_kilda,12950,resolved,0.3,3.7,4
6,Adel v St K,Sam Flanders,st_kilda,12824,resolved,0.283,3.6,5
6,Adel v St K,Wayne Milera,adelaide,12405,resolved,0.259,3.2,6
6,Adel v St K,James Peatling,adelaide,12934,resolved,0.148,1.6,7
6,Adel v St K,Sam Berry,adelaide,12849,resolved,0.126,1.4,8
6,Adel v St K,Hugo Garcia,st_kilda,13125,resolved,0.08,0.7,10
6,Adel v St K,Darcy Wilson,st_kilda,13110,resolved,0.08,0.7,9
6,Adel v St K,Josh Worrell,adelaide,12912,resolved,0.066,0.6,11
6,Adel v St K,Rowan Marshall,st_kilda,12564,resolved,0.058,0.4,12
6,Adel v St K,Lachlan McAndrew,adelaide,13065,resolved,0.05,0.4,13
6,Adel v St K,Josh Rachele,adelaide,12953,resolved,0.045,0.3,15
6,Adel v St K,Rory Laird,adelaide,12165,resolved,0.042,0.2,14
6,Adel v St K,Brayden Cook,adelaide,12932,resolved,0.035,0.2,16
6,Adel v St K,Riley Thilthorpe,adelaide,12892,resolved,0.031,0.2,17
6,Adel v St K,Charlie Edwards,adelaide,13310,resolved,0.026,0.1,18
6,Adel v St K,Jack Higgins,st_kilda,12609,resolved,0.016,0.0,19
6,Adel v St K,Izak Rankine,adelaide,12798,resolved,0.015,0.0,20
6,Adel v St K,Bradley Hill,st_kilda,12060,resolved,0.011,0.0,21
6,Adel v St K,Jordon Butts,adelaide,12829,resolved,0.007,0.0,22
6,Adel v St K,Marcus Windhager,st_kilda,12967,resolved,0.007,0.0,23
6,Adel v St K,Mason Wood,st_kilda,12312,resolved,0.005,0.0,24
6,Adel v St K,Ben Keays,adelaide,12434,resolved,0.003,0.0,25
6,Adel v St K,Hugh Bond,adelaide,13165,resolved,0.002,0.0,30
6,Adel v St K,Hunter Clark,st_kilda,12591,resolved,0.002,0.0,26
6,Adel v St K,Nick Murray,adelaide,12872,resolved,0.001,0.0,27
6,Adel v St K,Mitch Owens,st_kilda,12948,resolved,0.001,0.0,29
6,Adel v St K,Alex Neal-Bullen,adelaide,12367,resolved,0.001,0.0,28
6,Adel v St K,Max Michalanney,adelaide,13027,resolved,0.001,0.0,31
6,Adel v St K,Max Hall,st_kilda,13193,resolved,0.0,0.0,32
6,Adel v St K,Zac Taylor,adelaide,13159,resolved,0.0,0.0,33
6,Adel v St K,Dan Butler,st_kilda,12490,resolved,0.0,0.0,34
6,Adel v St K,Cooper Sharman,st_kilda,12929,resolved,0.0,0.0,35
6,Adel v St K,Tom De Koning,st_kilda,12674,resolved,0.0,0.0,36
6,Adel v St K,Luke Pedlar,adelaide,12921,resolved,0.0,0.0,37
6,Adel v St K,Finnbar Maley,adelaide,13219,resolved,0.0,0.0,38
6,Adel v St K,Hugh Boxshall,st_kilda,13220,resolved,0.0,0.0,39
6,Adel v St K,Liam Stocker,st_kilda,12721,resolved,0.0,0.0,40
6,Adel v St K,Mattaes Phillipou,st_kilda,13036,resolved,0.0,0.0,41
6,Adel v St K,Jack Carroll,st_kilda,12976,resolved,0.0,0.0,42
6,Adel v St K,Jack Silvagni,st_kilda,12458,resolved,0.0,0.0,43
6,Adel v St K,Liam Ryan,st_kilda,12600,resolved,0.0,0.0,44
6,Adel v St K,Isaac Cumming,adelaide,12629,resolved,0.0,0.0,45
6,Adel v St K,Luke Nankervis,adelaide,13081,resolved,0.0,0.0,46
6,NM v Rich,Harry Sheezel,north_melbourne,13034,resolved,2.682,69.6,1
6,NM v Rich,Paul Curtis,north_melbourne,12975,resolved,2.124,28.5,2
6,NM v Rich,Luke Davies-Uniacke,north_melbourne,12590,resolved,0.42,1.1,3
6,NM v Rich,Cameron Zurhaar,north_melbourne,12557,resolved,0.204,0.4,4
6,NM v Rich,Colby McKercher,north_melbourne,13107,resolved,0.163,0.3,5
6,NM v Rich,George Wardlaw,north_melbourne,13064,resolved,0.137,0.2,6
6,NM v Rich,Jy Simpkin,north_melbourne,12502,resolved,0.066,0.0,7
6,NM v Rich,Caleb Daniel,north_melbourne,12373,resolved,0.04,0.0,8
6,NM v Rich,Luke Parker,north_melbourne,11953,resolved,0.035,0.0,9
6,NM v Rich,Cooper Trembath,north_melbourne,13263,resolved,0.021,0.0,10
6,NM v Rich,Jack Ross,richmond,,unresolved,0.017,0.0,11
6,NM v Rich,Callum Coleman-Jones,north_melbourne,12730,resolved,0.016,0.0,13
6,NM v Rich,Dylan Stephens,north_melbourne,12796,resolved,0.015,0.0,12
6,NM v Rich,Luke McDonald,north_melbourne,12246,resolved,0.011,0.0,14
6,NM v Rich,Jack Darling,north_melbourne,11905,resolved,0.009,0.0,15
6,NM v Rich,Tom Blamires,north_melbourne,13287,resolved,0.006,0.0,16
6,NM v Rich,Kane McAuliffe,richmond,13117,resolved,0.006,0.0,17
6,NM v Rich,Charlie Comben,north_melbourne,12938,resolved,0.005,0.0,18
6,NM v Rich,Jayden Short,richmond,12418,resolved,0.004,0.0,19
6,NM v Rich,Sam Lalor,richmond,13190,resolved,0.003,0.0,20
6,NM v Rich,Tom Powell,north_melbourne,12866,resolved,0.003,0.0,21
6,NM v Rich,Nick Larkey,north_melbourne,12563,resolved,0.002,0.0,22
6,NM v Rich,Griffin Logue,north_melbourne,12511,resolved,0.002,0.0,23
6,NM v Rich,Aidan Corr,north_melbourne,12181,resolved,0.002,0.0,24
6,NM v Rich,Dion Prestia,richmond,11917,resolved,0.002,0.0,25
6,NM v Rich,Nathan Broad,richmond,12456,resolved,0.001,0.0,27
6,NM v Rich,Seth Campbell,richmond,13100,resolved,0.001,0.0,29
6,NM v Rich,Zane Duursma,north_melbourne,13106,resolved,0.001,0.0,26
6,NM v Rich,Charlie Spargo,north_melbourne,12622,resolved,0.001,0.0,30
6,NM v Rich,Samson Ryan,richmond,12918,resolved,0.001,0.0,28
6,NM v Rich,Tim Taranto,richmond,12504,resolved,0.0,0.0,31
6,NM v Rich,Lachy Dovaston,north_melbourne,13288,resolved,0.0,0.0,32
6,NM v Rich,Nick Vlastuin,richmond,12174,resolved,0.0,0.0,33
6,NM v Rich,Sam Grlj,richmond,13290,resolved,0.0,0.0,34
6,NM v Rich,Noah Balta,richmond,12686,resolved,0.0,0.0,35
6,NM v Rich,Hugo Ralphsmith,richmond,12902,resolved,0.0,0.0,36
6,NM v Rich,Patrick Retschko,richmond,13313,resolved,0.0,0.0,37
6,NM v Rich,Campbell Gray,richmond,13218,resolved,0.0,0.0,38
6,NM v Rich,Tyler Sonsie,richmond,13014,resolved,0.0,0.0,39
6,NM v Rich,Ben Miller,richmond,12941,resolved,0.0,0.0,40
6,NM v Rich,Jonty Faull,richmond,13214,resolved,0.0,0.0,41
6,NM v Rich,Mykelti Lefau,richmond,13113,resolved,0.0,0.0,42
6,NM v Rich,Liam Fawcett,richmond,13200,resolved,0.0,0.0,43
6,NM v Rich,Steely Green,richmond,13145,resolved,0.0,0.0,44
6,NM v Rich,Maurice Rioli,richmond,12935,resolved,0.0,0.0,45
6,NM v Rich,Sam Banks,richmond,13078,resolved,0.0,0.0,46
6,Melb v Bris,Harvey Langford,melbourne,13184,resolved,2.15,43.8,1
6,Melb v Bris,Lachie Neale,brisbane_lions,12055,resolved,1.242,20.4,2
6,Melb v Bris,Kade Chandler,melbourne,12756,resolved,0.893,14.1,3
6,Melb v Bris,Harris Andrews,brisbane_lions,12340,resolved,0.673,10.6,4
6,Melb v Bris,Will Ashcroft,brisbane_lions,13040,resolved,0.205,2.8,5
6,Melb v Bris,Jack Steele,melbourne,12368,resolved,0.145,1.9,6
6,Melb v Bris,Max Gawn,melbourne,11966,resolved,0.131,1.6,7
6,Melb v Bris,Kysaiah Pickett,melbourne,12771,resolved,0.124,1.5,8
6,Melb v Bris,Ed Langdon,melbourne,12393,resolved,0.112,1.3,9
6,Melb v Bris,Jacob van Rooyen,melbourne,13048,resolved,0.061,0.6,10
6,Melb v Bris,Darcy Wilmot,brisbane_lions,13026,resolved,0.056,0.6,11
6,Melb v Bris,Koltyn Tholstrup,melbourne,13123,resolved,0.056,0.6,12
6,Melb v Bris,Charlie Cameron,brisbane_lions,,unresolved,0.037,0.3,13
6,Melb v Bris,Josh Dunkley,brisbane_lions,12408,resolved,0.019,0.1,14
6,Melb v Bris,Tom Sparrow,melbourne,12693,resolved,0.014,0.0,15
6,Melb v Bris,Logan Morris,brisbane_lions,13137,resolved,0.011,0.0,17
6,Melb v Bris,Jai Culley,melbourne,13015,resolved,0.011,0.0,16
6,Melb v Bris,Daniel Turner,melbourne,12996,resolved,0.009,0.0,18
6,Melb v Bris,Bayley Fritsch,melbourne,12598,resolved,0.009,0.0,19
6,Melb v Bris,Hugh McCluggage,brisbane_lions,12518,resolved,0.007,0.0,20
6,Melb v Bris,Keidean Coleman,brisbane_lions,12838,resolved,0.006,0.0,21
6,Melb v Bris,Cam Rayner,brisbane_lions,12592,resolved,0.004,0.0,22
6,Melb v Bris,Bruce Reville,brisbane_lions,13138,resolved,0.004,0.0,23
6,Melb v Bris,Levi Ashcroft,brisbane_lions,13197,resolved,0.003,0.0,25
6,Melb v Bris,Jaspa Fletcher,brisbane_lions,13072,resolved,0.003,0.0,24
6,Melb v Bris,Zac Bailey,brisbane_lions,12610,resolved,0.002,0.0,27
6,Melb v Bris,Brody Mihocek,melbourne,12639,resolved,0.002,0.0,26
6,Melb v Bris,Sam Draper,brisbane_lions,12810,resolved,0.002,0.0,29
6,Melb v Bris,Jake Lever,melbourne,12351,resolved,0.001,0.0,28
6,Melb v Bris,Blake Howes,melbourne,13098,resolved,0.001,0.0,30
6,Melb v Bris,Harry Sharp,melbourne,12864,resolved,0.001,0.0,32
6,Melb v Bris,Latrelle Pickett,melbourne,13286,resolved,0.001,0.0,33
6,Melb v Bris,Caleb Windsor,melbourne,13099,resolved,0.001,0.0,31
6,Melb v Bris,Harrison Petty,melbourne,12653,resolved,0.001,0.0,34
6,Melb v Bris,Noah Answerth,brisbane_lions,12718,resolved,0.0,0.0,35
6,Melb v Bris,Ryan Lester,brisbane_lions,11894,resolved,0.0,0.0,36
6,Melb v Bris,Lincoln McCarthy,brisbane_lions,12090,resolved,0.0,0.0,37
6,Melb v Bris,Kai Lohmann,brisbane_lions,12968,resolved,0.0,0.0,38
6,Melb v Bris,Ty Gallop,brisbane_lions,13235,resolved,0.0,0.0,39
6,Melb v Bris,Oscar Allen,brisbane_lions,12655,resolved,0.0,0.0,40
6,Melb v Bris,Bailey Laurie,melbourne,13032,resolved,0.0,0.0,41
6,Melb v Bris,Jarrod Berry,brisbane_lions,12519,resolved,0.0,0.0,42
6,Melb v Bris,Matthew Jefferson,melbourne,13182,resolved,0.0,0.0,43
6,Melb v Bris,Xavier Taylor,melbourne,13312,resolved,0.0,0.0,44
6,Melb v Bris,Max Heath,melbourne,13254,resolved,0.0,0.0,45
6,Melb v Bris,Zane Zakostelsky,brisbane_lions,13277,resolved,0.0,0.0,46
6,WC v Frem,Jye Amiss,fremantle,12983,resolved,2.703,74.1,1
6,WC v Frem,Jordan Clark,fremantle,12688,resolved,1.329,14.7,2
6,WC v Frem,Caleb Serong,fremantle,12786,resolved,0.815,7.1,3
6,WC v Frem,Murphy Reid,fremantle,13180,resolved,0.233,1.4,4
6,WC v Frem,Luke Ryan,fremantle,12542,resolved,0.212,1.1,5
6,WC v Frem,Hayden Young,fremantle,12777,resolved,0.152,0.5,6
6,WC v Frem,Luke Jackson,fremantle,12779,resolved,0.123,0.5,7
6,WC v Frem,Heath Chapman,fremantle,12875,resolved,0.115,0.4,8
6,WC v Frem,Andrew Brayshaw,fremantle,12589,resolved,0.056,0.1,9
6,WC v Frem,Patrick Voss,fremantle,13129,resolved,0.049,0.0,10
6,WC v Frem,Shai Bolton,fremantle,12535,resolved,0.04,0.0,11
6,WC v Frem,Matthew Johnson,fremantle,13047,resolved,0.039,0.0,12
6,WC v Frem,Corey Wagner,fremantle,12453,resolved,0.021,0.0,14
6,WC v Frem,Judd McVee,fremantle,13033,resolved,0.019,0.0,13
6,WC v Frem,Tom McCarthy,west_coast,13240,resolved,0.019,0.0,16
6,WC v Frem,Tim Kelly,west_coast,12595,resolved,0.016,0.0,15
6,WC v Frem,Elliot Yeo,west_coast,12087,resolved,0.015,0.0,17
6,WC v Frem,Harley Reid,west_coast,13111,resolved,0.013,0.0,18
6,WC v Frem,Neil Erasmus,fremantle,12966,resolved,0.008,0.0,19
6,WC v Frem,Karl Worner,fremantle,13075,resolved,0.006,0.0,20
6,WC v Frem,Josh Treacy,fremantle,12887,resolved,0.004,0.0,21
6,WC v Frem,Brennan Cox,fremantle,12544,resolved,0.002,0.0,23
6,WC v Frem,Reuben Ginbey,west_coast,13038,resolved,0.002,0.0,24
6,WC v Frem,Mason Cox,fremantle,12428,resolved,0.002,0.0,22
6,WC v Frem,Alex Pearce,fremantle,12352,resolved,0.001,0.0,25
6,WC v Frem,Liam Baker,west_coast,12661,resolved,0.001,0.0,27
6,WC v Frem,Sam Switkowski,fremantle,12672,resolved,0.001,0.0,26
6,WC v Frem,Willem Duursma,west_coast,13292,resolved,0.001,0.0,30
6,WC v Frem,Liam Duggan,west_coast,12334,resolved,0.001,0.0,28
6,WC v Frem,Josh Lindsay,west_coast,13293,resolved,0.001,0.0,31
6,WC v Frem,Jake Waterman,west_coast,12601,resolved,0.001,0.0,29
6,WC v Frem,Michael Frederick,fremantle,12801,resolved,0.0,0.0,32
6,WC v Frem,Bo Allan,west_coast,13221,resolved,0.0,0.0,33
6,WC v Frem,Milan Murdock,west_coast,13294,resolved,0.0,0.0,34
6,WC v Frem,Isaiah Dudley,fremantle,13204,resolved,0.0,0.0,35
6,WC v Frem,Tylar Young,west_coast,13043,resolved,0.0,0.0,36
6,WC v Frem,Harry Schoenberg,west_coast,12813,resolved,0.0,0.0,37
6,WC v Frem,Hamish Davis,west_coast,13210,resolved,0.0,0.0,38
6,WC v Frem,Bailey J. Williams,west_coast,,unresolved,0.0,0.0,39
6,WC v Frem,Brady Hough,west_coast,12957,resolved,0.0,0.0,40
6,WC v Frem,Sandy Brock,west_coast,13209,resolved,0.0,0.0,41
6,WC v Frem,Cooper Duff-Tytler,west_coast,13291,resolved,0.0,0.0,42
6,WC v Frem,Jobe Shanahan,west_coast,13247,resolved,0.0,0.0,43
6,WC v Frem,Jamie Cripps,west_coast,11937,resolved,0.0,0.0,44
6,WC v Frem,Archer Reid,west_coast,13196,resolved,0.0,0.0,45
6,WC v Frem,Elijah Hewett,west_coast,13044,resolved,0.0,0.0,46
7,WB v Syd,Charlie Curnow,sydney,12421,resolved,2.995,99.5,1
7,WB v Syd,Brodie Grundy,sydney,12217,resolved,0.978,0.4,2
7,WB v Syd,Marcus Bontempelli,western_bulldogs,12269,resolved,0.638,0.1,3
7,WB v Syd,Chad Warner,sydney,12797,resolved,0.458,0.0,4
7,WB v Syd,Tom McCartin,sydney,12627,resolved,0.272,0.0,5
7,WB v Syd,Tom Papley,sydney,12412,resolved,0.129,0.0,6
7,WB v Syd,Justin McInerney,sydney,12711,resolved,0.118,0.0,7
7,WB v Syd,Matt Roberts,sydney,12994,resolved,0.084,0.0,8
7,WB v Syd,Callum Mills,sydney,12413,resolved,0.048,0.0,9
7,WB v Syd,Nick Blakey,sydney,12699,resolved,0.043,0.0,10
7,WB v Syd,Jai Serong,sydney,13022,resolved,0.04,0.0,11
7,WB v Syd,Jake Lloyd,sydney,12268,resolved,0.04,0.0,13
7,WB v Syd,Angus Sheldrick,sydney,12951,resolved,0.036,0.0,12
7,WB v Syd,James Jordon,sydney,12860,resolved,0.024,0.0,14
7,WB v Syd,Joel Amartey,sydney,12844,resolved,0.02,0.0,15
7,WB v Syd,James Rowbottom,sydney,12714,resolved,0.02,0.0,16
7,WB v Syd,Bailey Dale,western_bulldogs,12354,resolved,0.018,0.0,17
7,WB v Syd,Ryley Sanders,western_bulldogs,13103,resolved,0.01,0.0,18
7,WB v Syd,Riley Bice,sydney,13195,resolved,0.008,0.0,19
7,WB v Syd,Sam Wicks,sydney,12818,resolved,0.006,0.0,20
7,WB v Syd,William Edwards,sydney,13318,resolved,0.005,0.0,21
7,WB v Syd,Adam Treloar,western_bulldogs,12054,resolved,0.002,0.0,22
7,WB v Syd,Ed Richards,western_bulldogs,12605,resolved,0.002,0.0,23
7,WB v Syd,Bailey Williams,western_bulldogs,12441,resolved,0.002,0.0,24
7,WB v Syd,Dane Rampe,sydney,12140,resolved,0.002,0.0,25
7,WB v Syd,Harry Cunningham,sydney,12015,resolved,0.001,0.0,26
7,WB v Syd,Malcolm Rosas,sydney,12903,resolved,0.001,0.0,27
7,WB v Syd,Jedd Busslinger,western_bulldogs,13216,resolved,0.0,0.0,29
7,WB v Syd,Lachlan Bramble,western_bulldogs,12916,resolved,0.0,0.0,28
7,WB v Syd,Billy Cootee,sydney,13317,resolved,0.0,0.0,30
7,WB v Syd,Lachie Jaques,western_bulldogs,13275,resolved,0.0,0.0,31
7,WB v Syd,Sam Davidson,western_bulldogs,13178,resolved,0.0,0.0,32
7,WB v Syd,Michael Sellwood,western_bulldogs,13276,resolved,0.0,0.0,33
7,WB v Syd,Matthew Kennedy,western_bulldogs,12455,resolved,0.0,0.0,34
7,WB v Syd,Joel Freijah,western_bulldogs,13140,resolved,0.0,0.0,35
7,WB v Syd,Logan McDonald,sydney,12861,resolved,0.0,0.0,36
7,WB v Syd,Lachlan Smith,western_bulldogs,13314,resolved,0.0,0.0,37
7,WB v Syd,Oskar Baker,western_bulldogs,12723,resolved,0.0,0.0,38
7,WB v Syd,Aaron Naughton,western_bulldogs,12594,resolved,0.0,0.0,39
7,WB v Syd,Josh Dolan,western_bulldogs,13179,resolved,0.0,0.0,40
7,WB v Syd,Will Lewis,western_bulldogs,13284,resolved,0.0,0.0,41
7,WB v Syd,Buku Khamis,western_bulldogs,12900,resolved,0.0,0.0,42
7,WB v Syd,Cooper Hynes,western_bulldogs,13213,resolved,0.0,0.0,43
7,WB v Syd,Louis Emmett,western_bulldogs,13308,resolved,0.0,0.0,44
7,WB v Syd,Ryan Gardner,western_bulldogs,12732,resolved,0.0,0.0,45
7,WB v Syd,Rhylee West,western_bulldogs,12748,resolved,0.0,0.0,46
7,Rich v Melb,Kysaiah Pickett,melbourne,12771,resolved,2.957,95.7,1
7,Rich v Melb,Tom Sparrow,melbourne,12693,resolved,1.705,4.1,2
7,Rich v Melb,Caleb Windsor,melbourne,13099,resolved,0.819,0.2,3
7,Rich v Melb,Jack Steele,melbourne,12368,resolved,0.256,0.0,4
7,Rich v Melb,Max Gawn,melbourne,11966,resolved,0.124,0.0,5
7,Rich v Melb,Ed Langdon,melbourne,12393,resolved,0.024,0.0,6
7,Rich v Melb,Bayley Fritsch,melbourne,12598,resolved,0.022,0.0,7
7,Rich v Melb,Blake Howes,melbourne,13098,resolved,0.016,0.0,8
7,Rich v Melb,Brody Mihocek,melbourne,12639,resolved,0.016,0.0,9
7,Rich v Melb,Dion Prestia,richmond,11917,resolved,0.009,0.0,10
7,Rich v Melb,Jack Ross,richmond,,unresolved,0.005,0.0,11
7,Rich v Melb,Tom Brown,richmond,13096,resolved,0.005,0.0,12
7,Rich v Melb,Daniel Turner,melbourne,12996,resolved,0.005,0.0,13
7,Rich v Melb,Bailey Laurie,melbourne,13032,resolved,0.004,0.0,14
7,Rich v Melb,Jake Lever,melbourne,12351,resolved,0.004,0.0,15
7,Rich v Melb,Matthew Jefferson,melbourne,13182,resolved,0.003,0.0,18
7,Rich v Melb,Kane McAuliffe,richmond,13117,resolved,0.003,0.0,16
7,Rich v Melb,Max Heath,melbourne,13254,resolved,0.003,0.0,19
7,Rich v Melb,Harvey Langford,melbourne,13184,resolved,0.003,0.0,17
7,Rich v Melb,Sam Lalor,richmond,13190,resolved,0.003,0.0,21
7,Rich v Melb,Harry Sharp,melbourne,12864,resolved,0.002,0.0,20
7,Rich v Melb,Kade Chandler,melbourne,12756,resolved,0.002,0.0,25
7,Rich v Melb,Koltyn Tholstrup,melbourne,13123,resolved,0.002,0.0,27
7,Rich v Melb,Jacob Hopper,richmond,12440,resolved,0.001,0.0,22
7,Rich v Melb,Changkuoth Jiath,melbourne,12752,resolved,0.001,0.0,24
7,Rich v Melb,Xavier Taylor,melbourne,13312,resolved,0.001,0.0,28
7,Rich v Melb,Patrick Retschko,richmond,13313,resolved,0.001,0.0,23
7,Rich v Melb,Jacob van Rooyen,melbourne,13048,resolved,0.001,0.0,26
7,Rich v Melb,Seth Campbell,richmond,13100,resolved,0.001,0.0,29
7,Rich v Melb,Sam Cumming,richmond,13316,resolved,0.001,0.0,30
7,Rich v Melb,Latrelle Pickett,melbourne,13286,resolved,0.001,0.0,31
7,Rich v Melb,Nick Vlastuin,richmond,12174,resolved,0.0,0.0,32
7,Rich v Melb,Sam Grlj,richmond,13290,resolved,0.0,0.0,33
7,Rich v Melb,Jai Culley,melbourne,13015,resolved,0.0,0.0,34
7,Rich v Melb,James Trezise,richmond,13095,resolved,0.0,0.0,35
7,Rich v Melb,Mykelti Lefau,richmond,13113,resolved,0.0,0.0,36
7,Rich v Melb,Hugo Ralphsmith,richmond,12902,resolved,0.0,0.0,37
7,Rich v Melb,Ben Miller,richmond,12941,resolved,0.0,0.0,38
7,Rich v Melb,Tom Lynch,richmond,11948,resolved,0.0,0.0,39
7,Rich v Melb,Noah Balta,richmond,12686,resolved,0.0,0.0,40
7,Rich v Melb,Steely Green,richmond,13145,resolved,0.0,0.0,41
7,Rich v Melb,Campbell Gray,richmond,13218,resolved,0.0,0.0,42
7,Rich v Melb,Nathan Broad,richmond,12456,resolved,0.0,0.0,43
7,Rich v Melb,Tom Burton,richmond,13315,resolved,0.0,0.0,44
7,Rich v Melb,Jonty Faull,richmond,13214,resolved,0.0,0.0,45
7,Rich v Melb,Samson Ryan,richmond,12918,resolved,0.0,0.0,46
7,Haw v GC,Jai Newcombe,hawthorn,12915,resolved,2.365,51.4,1
7,Haw v GC,Jack Gunston,hawthorn,11845,resolved,1.886,32.1,2
7,Haw v GC,Jarman Impey,hawthorn,12237,resolved,0.579,6.8,3
7,Haw v GC,Karl Amon,hawthorn,12357,resolved,0.372,4.1,4
7,Haw v GC,Josh Battle,hawthorn,12558,resolved,0.268,2.9,5
7,Haw v GC,Connor Macdonald,hawthorn,12954,resolved,0.095,0.7,6
7,Haw v GC,Conor Nash,hawthorn,12670,resolved,0.07,0.5,7
7,Haw v GC,Christian Petracca,gold_coast,12430,resolved,0.065,0.4,8
7,Haw v GC,Massimo D'Ambrosio,hawthorn,12998,resolved,0.062,0.5,9
7,Haw v GC,Noah Anderson,gold_coast,12767,resolved,0.042,0.2,10
7,Haw v GC,Cam Mackenzie,hawthorn,13031,resolved,0.037,0.1,11
7,Haw v GC,Jack Scrimshaw,hawthorn,12565,resolved,0.031,0.2,12
7,Haw v GC,Josh Ward,hawthorn,12955,resolved,0.029,0.1,13
7,Haw v GC,Finn Maginness,hawthorn,12843,resolved,0.022,0.0,14
7,Haw v GC,Matt Rowell,gold_coast,12768,resolved,0.013,0.0,15
7,Haw v GC,Nick Watson,hawthorn,13105,resolved,0.009,0.0,16
7,Haw v GC,Blake Hardwick,hawthorn,12469,resolved,0.008,0.0,17
7,Haw v GC,Mac Andrew,gold_coast,13019,resolved,0.007,0.0,18
7,Haw v GC,Jack Ginnivan,hawthorn,12927,resolved,0.007,0.0,20
7,Haw v GC,Josh Weddle,hawthorn,13057,resolved,0.007,0.0,19
7,Haw v GC,Lloyd Meek,hawthorn,12856,resolved,0.006,0.0,21
7,Haw v GC,Harry Morrison,hawthorn,12579,resolved,0.004,0.0,22
7,Haw v GC,Tom Barrass,hawthorn,12383,resolved,0.003,0.0,23
7,Haw v GC,John Noble,gold_coast,12743,resolved,0.003,0.0,24
7,Haw v GC,Bodhi Uwland,gold_coast,13041,resolved,0.002,0.0,26
7,Haw v GC,Lachie Weller,gold_coast,12385,resolved,0.002,0.0,25
7,Haw v GC,Mitch Lewis,hawthorn,12636,resolved,0.001,0.0,27
7,Haw v GC,Sam Collins,gold_coast,12444,resolved,0.001,0.0,32
7,Haw v GC,Jarrod Witts,gold_coast,12177,resolved,0.001,0.0,29
7,Haw v GC,Ned Reeves,hawthorn,12906,resolved,0.001,0.0,31
7,Haw v GC,Touk Miller,gold_coast,12331,resolved,0.001,0.0,30
7,Haw v GC,Calsher Dear,hawthorn,13135,resolved,0.001,0.0,33
7,Haw v GC,Bailey Humphrey,gold_coast,13049,resolved,0.001,0.0,34
7,Haw v GC,Will Graham,gold_coast,13120,resolved,0.0,0.0,28
7,Haw v GC,Daniel Rioli,gold_coast,12403,resolved,0.0,0.0,35
7,Haw v GC,Jack Dalton,hawthorn,13304,resolved,0.0,0.0,36
7,Haw v GC,Ben Long,gold_coast,12521,resolved,0.0,0.0,37
7,Haw v GC,Wil Powell,gold_coast,12652,resolved,0.0,0.0,38
7,Haw v GC,Ethan Read,gold_coast,13121,resolved,0.0,0.0,39
7,Haw v GC,Ben King,gold_coast,12728,resolved,0.0,0.0,40
7,Haw v GC,Leonardo Lombard,gold_coast,13232,resolved,0.0,0.0,41
7,Haw v GC,Jamarra Ugle-Hagan,gold_coast,12923,resolved,0.0,0.0,42
7,Haw v GC,Jed Walter,gold_coast,13114,resolved,0.0,0.0,43
7,Haw v GC,Oscar Adams,gold_coast,13251,resolved,0.0,0.0,44
7,Haw v GC,Zeke Uwland,gold_coast,13278,resolved,0.0,0.0,45
7,Haw v GC,Jake Rogers,gold_coast,13126,resolved,0.0,0.0,46
7,Ess v Coll,Scott Pendlebury,collingwood,4182,resolved,2.504,51.4,1
7,Ess v Coll,Nick Daicos,collingwood,12943,resolved,2.463,47.9,2
7,Ess v Coll,Josh Daicos,collingwood,12573,resolved,0.259,0.3,3
7,Ess v Coll,Jordan De Goey,collingwood,12318,resolved,0.245,0.3,4
7,Ess v Coll,Jack Crisp,collingwood,12061,resolved,0.194,0.2,5
7,Ess v Coll,Archie Roberts,essendon,13168,resolved,0.103,0.0,6
7,Ess v Coll,Dan Houston,collingwood,12495,resolved,0.06,0.0,7
7,Ess v Coll,Roan Steele,collingwood,13248,resolved,0.022,0.0,9
7,Ess v Coll,Jeremy Howe,collingwood,11967,resolved,0.019,0.0,8
7,Ess v Coll,Angus Anderson,collingwood,13306,resolved,0.015,0.0,10
7,Ess v Coll,Beau McCreery,collingwood,12876,resolved,0.015,0.0,11
7,Ess v Coll,Jamie Elliott,collingwood,12083,resolved,0.013,0.0,12
7,Ess v Coll,Patrick Lipinski,collingwood,12578,resolved,0.011,0.0,13
7,Ess v Coll,Isaac Quaynor,collingwood,12740,resolved,0.011,0.0,14
7,Ess v Coll,Billy Frampton,collingwood,12676,resolved,0.01,0.0,16
7,Ess v Coll,Steele Sidebottom,collingwood,11751,resolved,0.01,0.0,15
7,Ess v Coll,Lachie Schultz,collingwood,12700,resolved,0.006,0.0,18
7,Ess v Coll,Daniel McStay,collingwood,12291,resolved,0.005,0.0,17
7,Ess v Coll,Darcy Cameron,collingwood,12660,resolved,0.005,0.0,19
7,Ess v Coll,Harry Perryman,collingwood,12536,resolved,0.005,0.0,20
7,Ess v Coll,Brayden Maynard,collingwood,12371,resolved,0.004,0.0,21
7,Ess v Coll,Oscar Steene,collingwood,13298,resolved,0.004,0.0,22
7,Ess v Coll,Andrew McGrath,essendon,12491,resolved,0.003,0.0,23
7,Ess v Coll,Saad El-Hawli,essendon,13203,resolved,0.003,0.0,25
7,Ess v Coll,Darcy Parish,essendon,12406,resolved,0.002,0.0,24
7,Ess v Coll,Sam Durham,essendon,12925,resolved,0.002,0.0,26
7,Ess v Coll,Elijah Tsatas,essendon,13087,resolved,0.002,0.0,27
7,Ess v Coll,Kyle Langford,essendon,12349,resolved,0.001,0.0,29
7,Ess v Coll,Zach Merrett,essendon,12241,resolved,0.001,0.0,28
7,Ess v Coll,Nate Caddy,essendon,13148,resolved,0.001,0.0,30
7,Ess v Coll,Tim Membrey,collingwood,12300,resolved,0.001,0.0,32
7,Ess v Coll,Jaxon Prior,essendon,12874,resolved,0.001,0.0,31
7,Ess v Coll,Archer Day-Wicks,essendon,13223,resolved,0.0,0.0,33
7,Ess v Coll,Jacob Farrow,essendon,13299,resolved,0.0,0.0,34
7,Ess v Coll,William Hayes,collingwood,13228,resolved,0.0,0.0,35
7,Ess v Coll,Jye Caldwell,essendon,12755,resolved,0.0,0.0,36
7,Ess v Coll,Zach Reid,essendon,12889,resolved,0.0,0.0,37
7,Ess v Coll,Ben McKay,essendon,12580,resolved,0.0,0.0,38
7,Ess v Coll,Xavier Duursma,essendon,12696,resolved,0.0,0.0,39
7,Ess v Coll,Peter Wright,essendon,12366,resolved,0.0,0.0,40
7,Ess v Coll,Lachlan Blakiston,essendon,13237,resolved,0.0,0.0,41
7,Ess v Coll,Thomas Edwards,essendon,13198,resolved,0.0,0.0,42
7,Ess v Coll,Archer May,essendon,13238,resolved,0.0,0.0,43
7,Ess v Coll,Isaac Kako,essendon,13177,resolved,0.0,0.0,44
7,Ess v Coll,Dyson Sharp,essendon,13283,resolved,0.0,0.0,45
7,Ess v Coll,Sullivan Robey,essendon,13307,resolved,0.0,0.0,46
7,Port v Geel,Jason Horne-Francis,port_adelaide,12956,resolved,2.716,74.4,1
7,Port v Geel,Zak Butters,port_adelaide,12698,resolved,1.428,12.8,2
7,Port v Geel,Mitch Georgiades,port_adelaide,12766,resolved,1.415,12.6,3
7,Port v Geel,Ollie Wines,port_adelaide,12150,resolved,0.091,0.2,4
7,Port v Geel,Jase Burgoyne,port_adelaide,13007,resolved,0.085,0.1,5
7,Port v Geel,Bailey Smith,geelong,12692,resolved,0.067,0.0,6
7,Port v Geel,Jordon Sweet,port_adelaide,12890,resolved,0.041,0.0,8
7,Port v Geel,Kane Farrell,port_adelaide,12664,resolved,0.04,0.0,7
7,Port v Geel,Willem Drew,port_adelaide,12695,resolved,0.035,0.0,9
7,Port v Geel,Christian Moraes,port_adelaide,13199,resolved,0.026,0.0,10
7,Port v Geel,Aliir Aliir,port_adelaide,12433,resolved,0.008,0.0,11
7,Port v Geel,Joe Richards,port_adelaide,13139,resolved,0.008,0.0,12
7,Port v Geel,Tom Stewart,geelong,12505,resolved,0.007,0.0,13
7,Port v Geel,Corey Durdin,port_adelaide,12936,resolved,0.006,0.0,14
7,Port v Geel,Oisin Mullin,geelong,13066,resolved,0.005,0.0,15
7,Port v Geel,Max Holmes,geelong,12881,resolved,0.003,0.0,16
7,Port v Geel,Ewan Mackinlay,port_adelaide,13269,resolved,0.002,0.0,18
7,Port v Geel,Darcy Byrne-Jones,port_adelaide,12422,resolved,0.002,0.0,24
7,Port v Geel,Tanner Bruhn,geelong,12871,resolved,0.002,0.0,17
7,Port v Geel,Jeremy Cameron,geelong,12017,resolved,0.002,0.0,23
7,Port v Geel,Miles Bergman,port_adelaide,12867,resolved,0.001,0.0,20
7,Port v Geel,Connor O'Sullivan,geelong,13122,resolved,0.001,0.0,21
7,Port v Geel,Logan Evans,port_adelaide,13156,resolved,0.001,0.0,19
7,Port v Geel,Dante Visentini,port_adelaide,13073,resolved,0.001,0.0,25
7,Port v Geel,Shannon Neale,geelong,12992,resolved,0.001,0.0,26
7,Port v Geel,Josh Lai,port_adelaide,13301,resolved,0.001,0.0,22
7,Port v Geel,Lachie Jones,port_adelaide,12882,resolved,0.001,0.0,27
7,Port v Geel,Jack Bowes,geelong,12499,resolved,0.001,0.0,28
7,Port v Geel,Joe Berry,port_adelaide,13188,resolved,0.0,0.0,29
7,Port v Geel,Tom Atkins,geelong,12690,resolved,0.0,0.0,30
7,Port v Geel,Lawson Humphries,geelong,13160,resolved,0.0,0.0,31
7,Port v Geel,Jacob Wehr,port_adelaide,12991,resolved,0.0,0.0,32
7,Port v Geel,Jack Henry,geelong,12607,resolved,0.0,0.0,33
7,Port v Geel,Mark O'Connor,geelong,12531,resolved,0.0,0.0,34
7,Port v Geel,Jack Whitlock,port_adelaide,13259,resolved,0.0,0.0,35
7,Port v Geel,James Worpel,geelong,12619,resolved,0.0,0.0,36
7,Port v Geel,Zach Guthrie,geelong,12551,resolved,0.0,0.0,37
7,Port v Geel,Jack Watkins,port_adelaide,13289,resolved,0.0,0.0,38
7,Port v Geel,Jack Martin,geelong,12236,resolved,0.0,0.0,39
7,Port v Geel,Shaun Mannagh,geelong,13104,resolved,0.0,0.0,40
7,Port v Geel,Oliver Dempsey,geelong,12974,resolved,0.0,0.0,41
7,Port v Geel,Oliver Henry,geelong,12851,resolved,0.0,0.0,42
7,Port v Geel,Brad Close,geelong,12806,resolved,0.0,0.0,43
7,Port v Geel,Mitchell Edwards,geelong,13285,resolved,0.0,0.0,44
7,Port v Geel,Patrick Dangerfield,geelong,11700,resolved,0.0,0.0,45
7,Port v Geel,Mark Blicavs,geelong,12153,resolved,0.0,0.0,46
7,Frem v Carl,Shai Bolton,fremantle,12535,resolved,2.268,46.1,1
7,Frem v Carl,Luke Jackson,fremantle,12779,resolved,1.939,33.8,2
7,Frem v Carl,Sam Walsh,carlton,12684,resolved,0.719,9.0,3
7,Frem v Carl,Andrew Brayshaw,fremantle,12589,resolved,0.447,5.5,4
7,Frem v Carl,Patrick Cripps,carlton,12261,resolved,0.436,5.3,5
7,Frem v Carl,Hayden Young,fremantle,12777,resolved,0.033,0.2,6
7,Frem v Carl,Caleb Serong,fremantle,12786,resolved,0.03,0.1,7
7,Frem v Carl,Luke Ryan,fremantle,12542,resolved,0.018,0.0,8
7,Frem v Carl,Corey Wagner,fremantle,12453,resolved,0.015,0.0,9
7,Frem v Carl,Brodie Kemp,carlton,12937,resolved,0.012,0.0,11
7,Frem v Carl,Murphy Reid,fremantle,13180,resolved,0.011,0.0,12
7,Frem v Carl,Jye Amiss,fremantle,12983,resolved,0.01,0.0,10
7,Frem v Carl,Jordan Clark,fremantle,12688,resolved,0.009,0.0,13
7,Frem v Carl,Karl Worner,fremantle,13075,resolved,0.008,0.0,14
7,Frem v Carl,Josh Treacy,fremantle,12887,resolved,0.007,0.0,15
7,Frem v Carl,Judd McVee,fremantle,13033,resolved,0.005,0.0,16
7,Frem v Carl,Brennan Cox,fremantle,12544,resolved,0.004,0.0,18
7,Frem v Carl,Mason Cox,fremantle,12428,resolved,0.003,0.0,17
7,Frem v Carl,Zac Williams,carlton,12175,resolved,0.003,0.0,19
7,Frem v Carl,Adam Cerra,carlton,12603,resolved,0.002,0.0,21
7,Frem v Carl,Michael Frederick,fremantle,12801,resolved,0.002,0.0,22
7,Frem v Carl,Jeremy Sharp,fremantle,12820,resolved,0.002,0.0,20
7,Frem v Carl,Alex Pearce,fremantle,12352,resolved,0.002,0.0,23
7,Frem v Carl,Cooper Lord,carlton,13170,resolved,0.002,0.0,26
7,Frem v Carl,Nick Haynes,carlton,12091,resolved,0.002,0.0,24
7,Frem v Carl,Matthew Johnson,fremantle,13047,resolved,0.002,0.0,31
7,Frem v Carl,Matthew Carroll,carlton,13212,resolved,0.002,0.0,25
7,Frem v Carl,Nic Newman,carlton,12508,resolved,0.001,0.0,27
7,Frem v Carl,Neil Erasmus,fremantle,12966,resolved,0.001,0.0,28
7,Frem v Carl,Will Hayward,carlton,12509,resolved,0.001,0.0,30
7,Frem v Carl,Liam Reidy,carlton,13172,resolved,0.001,0.0,29
7,Frem v Carl,Mitch McGovern,carlton,12404,resolved,0.001,0.0,32
7,Frem v Carl,Jagga Smith,carlton,13274,resolved,0.001,0.0,35
7,Frem v Carl,Oliver Florent,carlton,12497,resolved,0.001,0.0,33
7,Frem v Carl,Jacob Weitering,carlton,12402,resolved,0.001,0.0,34
7,Frem v Carl,Heath Chapman,fremantle,12875,resolved,0.001,0.0,36
7,Frem v Carl,Lewis Young,carlton,12559,resolved,0.0,0.0,37
7,Frem v Carl,Sam Switkowski,fremantle,12672,resolved,0.0,0.0,38
7,Frem v Carl,Ben Ainsworth,carlton,12498,resolved,0.0,0.0,39
7,Frem v Carl,Isaiah Dudley,fremantle,13204,resolved,0.0,0.0,40
7,Frem v Carl,Matthew Cottrell,carlton,12822,resolved,0.0,0.0,41
7,Frem v Carl,Ashton Moir,carlton,13171,resolved,0.0,0.0,42
7,Frem v Carl,Harry Dean,carlton,13273,resolved,0.0,0.0,43
7,Frem v Carl,Lachlan Cowan,carlton,13028,resolved,0.0,0.0,44
7,Frem v Carl,Francis Evans,carlton,12873,resolved,0.0,0.0,45
7,Frem v Carl,Talor Byrne,carlton,13297,resolved,0.0,0.0,46
7,St K v WC,Nasiah Wanganeen-Milera,st_kilda,12950,resolved,2.041,38.1,1
7,St K v WC,Hugo Garcia,st_kilda,13125,resolved,1.833,31.5,2
7,St K v WC,Jack Higgins,st_kilda,12609,resolved,1.156,17.6,3
7,St K v WC,Callum Wilkie,st_kilda,12703,resolved,0.429,6.5,4
7,St K v WC,Marcus Windhager,st_kilda,12967,resolved,0.266,4.0,5
7,St K v WC,Bradley Hill,st_kilda,12060,resolved,0.08,1.0,6
7,St K v WC,Darcy Wilson,st_kilda,13110,resolved,0.049,0.5,7
7,St K v WC,Sam Flanders,st_kilda,12824,resolved,0.045,0.5,8
7,St K v WC,Rowan Marshall,st_kilda,12564,resolved,0.025,0.2,9
7,St K v WC,Cooper Sharman,st_kilda,12929,resolved,0.017,0.1,10
7,St K v WC,Jack Sinclair,st_kilda,12325,resolved,0.012,0.0,11
7,St K v WC,Max Hall,st_kilda,13193,resolved,0.008,0.0,12
7,St K v WC,Jack Carroll,st_kilda,12976,resolved,0.006,0.0,14
7,St K v WC,Mattaes Phillipou,st_kilda,13036,resolved,0.006,0.0,13
7,St K v WC,Willem Duursma,west_coast,13292,resolved,0.004,0.0,15
7,St K v WC,Liam Ryan,st_kilda,12600,resolved,0.004,0.0,16
7,St K v WC,Harley Reid,west_coast,13111,resolved,0.004,0.0,17
7,St K v WC,Jack Silvagni,st_kilda,12458,resolved,0.003,0.0,18
7,St K v WC,Mason Wood,st_kilda,12312,resolved,0.002,0.0,21
7,St K v WC,Elliot Yeo,west_coast,12087,resolved,0.002,0.0,19
7,St K v WC,Dougal Howard,st_kilda,12420,resolved,0.001,0.0,22
7,St K v WC,Tom De Koning,st_kilda,12674,resolved,0.001,0.0,20
7,St K v WC,Hunter Clark,st_kilda,12591,resolved,0.001,0.0,23
7,St K v WC,Mitch Owens,st_kilda,12948,resolved,0.001,0.0,24
7,St K v WC,Josh Lindsay,west_coast,13293,resolved,0.001,0.0,25
7,St K v WC,Dan Butler,st_kilda,12490,resolved,0.001,0.0,26
7,St K v WC,Tim Kelly,west_coast,12595,resolved,0.0,0.0,27
7,St K v WC,Tylar Young,west_coast,13043,resolved,0.0,0.0,28
7,St K v WC,Bailey J. Williams,west_coast,,unresolved,0.0,0.0,29
7,St K v WC,Milan Murdock,west_coast,13294,resolved,0.0,0.0,30
7,St K v WC,Ryan Maric,west_coast,13070,resolved,0.0,0.0,31
7,St K v WC,Anthony Caminiti,st_kilda,13035,resolved,0.0,0.0,32
7,St K v WC,Reuben Ginbey,west_coast,13038,resolved,0.0,0.0,33
7,St K v WC,Liam Duggan,west_coast,12334,resolved,0.0,0.0,34
7,St K v WC,Liam Baker,west_coast,12661,resolved,0.0,0.0,35
7,St K v WC,Elijah Hewett,west_coast,13044,resolved,0.0,0.0,36
7,St K v WC,Tom McCarthy,west_coast,13240,resolved,0.0,0.0,37
7,St K v WC,Hamish Davis,west_coast,13210,resolved,0.0,0.0,38
7,St K v WC,Jobe Shanahan,west_coast,13247,resolved,0.0,0.0,39
7,St K v WC,Bo Allan,west_coast,13221,resolved,0.0,0.0,40
7,St K v WC,Sandy Brock,west_coast,13209,resolved,0.0,0.0,41
7,St K v WC,Jake Waterman,west_coast,12601,resolved,0.0,0.0,42
7,St K v WC,Cooper Duff-Tytler,west_coast,13291,resolved,0.0,0.0,43
7,St K v WC,Brady Hough,west_coast,12957,resolved,0.0,0.0,44
7,St K v WC,Jack Williams,west_coast,,unresolved,0.0,0.0,45
7,St K v WC,Malakai Champion,west_coast,13250,resolved,0.0,0.0,46
7,Bris v Adel,Lachie Neale,brisbane_lions,12055,resolved,2.627,68.0,1
7,Bris v Adel,Zac Bailey,brisbane_lions,12610,resolved,1.365,15.3,2
7,Bris v Adel,Will Ashcroft,brisbane_lions,13040,resolved,1.01,9.8,3
7,Bris v Adel,Charlie Cameron,brisbane_lions,,unresolved,0.752,6.7,4
7,Bris v Adel,Jordan Dawson,adelaide,12516,resolved,0.086,0.2,5
7,Bris v Adel,Sam Draper,brisbane_lions,12810,resolved,0.026,0.0,6
7,Bris v Adel,Hugh McCluggage,brisbane_lions,12518,resolved,0.025,0.0,7
7,Bris v Adel,Josh Dunkley,brisbane_lions,12408,resolved,0.021,0.0,8
7,Bris v Adel,Lincoln McCarthy,brisbane_lions,12090,resolved,0.019,0.0,9
7,Bris v Adel,Jaspa Fletcher,brisbane_lions,13072,resolved,0.011,0.0,11
7,Bris v Adel,Darcy Fort,brisbane_lions,12724,resolved,0.011,0.0,10
7,Bris v Adel,Harris Andrews,brisbane_lions,12340,resolved,0.006,0.0,14
7,Bris v Adel,Rory Laird,adelaide,12165,resolved,0.006,0.0,12
7,Bris v Adel,Darcy Wilmot,brisbane_lions,13026,resolved,0.005,0.0,13
7,Bris v Adel,Ty Gallop,brisbane_lions,13235,resolved,0.005,0.0,16
7,Bris v Adel,Levi Ashcroft,brisbane_lions,13197,resolved,0.004,0.0,17
7,Bris v Adel,Izak Rankine,adelaide,12798,resolved,0.004,0.0,15
7,Bris v Adel,Ryan Lester,brisbane_lions,11894,resolved,0.003,0.0,20
7,Bris v Adel,Cam Rayner,brisbane_lions,12592,resolved,0.002,0.0,19
7,Bris v Adel,Keidean Coleman,brisbane_lions,12838,resolved,0.002,0.0,18
7,Bris v Adel,Conor McKenna,brisbane_lions,12391,resolved,0.002,0.0,21
7,Bris v Adel,Logan Morris,brisbane_lions,13137,resolved,0.002,0.0,22
7,Bris v Adel,Sam Berry,adelaide,12849,resolved,0.001,0.0,23
7,Bris v Adel,James Tunstill,brisbane_lions,13005,resolved,0.001,0.0,24
7,Bris v Adel,Max Michalanney,adelaide,13027,resolved,0.001,0.0,25
7,Bris v Adel,James Peatling,adelaide,12934,resolved,0.001,0.0,26
7,Bris v Adel,Wayne Milera,adelaide,12405,resolved,0.0,0.0,27
7,Bris v Adel,Luke Pedlar,adelaide,12921,resolved,0.0,0.0,28
7,Bris v Adel,Brayden Cook,adelaide,12932,resolved,0.0,0.0,29
7,Bris v Adel,Isaac Cumming,adelaide,12629,resolved,0.0,0.0,30
7,Bris v Adel,Oscar Allen,brisbane_lions,12655,resolved,0.0,0.0,31
7,Bris v Adel,Bruce Reville,brisbane_lions,13138,resolved,0.0,0.0,32
7,Bris v Adel,Hugh Bond,adelaide,13165,resolved,0.0,0.0,33
7,Bris v Adel,Lachlan McAndrew,adelaide,13065,resolved,0.0,0.0,34
7,Bris v Adel,Kai Lohmann,brisbane_lions,12968,resolved,0.0,0.0,35
7,Bris v Adel,Ben Keays,adelaide,12434,resolved,0.0,0.0,36
7,Bris v Adel,Josh Worrell,adelaide,12912,resolved,0.0,0.0,37
7,Bris v Adel,Josh Rachele,adelaide,12953,resolved,0.0,0.0,38
7,Bris v Adel,Nick Murray,adelaide,12872,resolved,0.0,0.0,39
7,Bris v Adel,Charlie Edwards,adelaide,13310,resolved,0.0,0.0,40
7,Bris v Adel,Toby Murray,adelaide,13280,resolved,0.0,0.0,41
7,Bris v Adel,Zac Taylor,adelaide,13159,resolved,0.0,0.0,42
7,Bris v Adel,Riley Thilthorpe,adelaide,12892,resolved,0.0,0.0,43
7,Bris v Adel,Jordon Butts,adelaide,12829,resolved,0.0,0.0,44
7,Bris v Adel,Finnbar Maley,adelaide,13219,resolved,0.0,0.0,45
7,Bris v Adel,Taylor Walker,adelaide,11713,resolved,0.0,0.0,46
7,GWS v NM,Toby Greene,greater_western_sydney,12025,resolved,2.653,70.6,1
7,GWS v NM,Harry Sheezel,north_melbourne,13034,resolved,1.164,13.5,2
7,GWS v NM,Lachie Ash,greater_western_sydney,12782,resolved,0.956,10.1,3
7,GWS v NM,Tristan Xerri,north_melbourne,12788,resolved,0.4,3.1,4
7,GWS v NM,Lachie Whitfield,greater_western_sydney,12143,resolved,0.196,1.0,5
7,GWS v NM,Brent Daniels,greater_western_sydney,12656,resolved,0.114,0.5,6
7,GWS v NM,Clayton Oliver,greater_western_sydney,12410,resolved,0.098,0.3,7
7,GWS v NM,Nick Larkey,north_melbourne,12563,resolved,0.085,0.3,8
7,GWS v NM,Jake Stringer,greater_western_sydney,12167,resolved,0.061,0.2,9
7,GWS v NM,Luke Parker,north_melbourne,11953,resolved,0.06,0.2,10
7,GWS v NM,Finn O'Sullivan,north_melbourne,13187,resolved,0.054,0.2,11
7,GWS v NM,Finn Callaghan,greater_western_sydney,12969,resolved,0.03,0.0,12
7,GWS v NM,Caleb Daniel,north_melbourne,12373,resolved,0.024,0.0,14
7,GWS v NM,Luke Davies-Uniacke,north_melbourne,12590,resolved,0.024,0.0,13
7,GWS v NM,Connor Idun,greater_western_sydney,12750,resolved,0.014,0.0,16
7,GWS v NM,Xavier O'Halloran,greater_western_sydney,12821,resolved,0.013,0.0,15
7,GWS v NM,Paul Curtis,north_melbourne,12975,resolved,0.012,0.0,17
7,GWS v NM,Ryan Angwin,greater_western_sydney,13001,resolved,0.009,0.0,18
7,GWS v NM,Aaron Cadman,greater_western_sydney,13054,resolved,0.008,0.0,19
7,GWS v NM,Dylan Stephens,north_melbourne,12796,resolved,0.007,0.0,20
7,GWS v NM,Jesse Hogan,greater_western_sydney,12321,resolved,0.005,0.0,21
7,GWS v NM,Harvey Thomas,greater_western_sydney,13101,resolved,0.004,0.0,22
7,GWS v NM,George Wardlaw,north_melbourne,13064,resolved,0.002,0.0,24
7,GWS v NM,Aidan Corr,north_melbourne,12181,resolved,0.002,0.0,23
7,GWS v NM,James Leake,greater_western_sydney,13174,resolved,0.002,0.0,25
7,GWS v NM,Nicholas Madden,greater_western_sydney,13236,resolved,0.001,0.0,27
7,GWS v NM,Harry Himmelberg,greater_western_sydney,12462,resolved,0.001,0.0,26
7,GWS v NM,Leek Aleer,greater_western_sydney,13020,resolved,0.001,0.0,29
7,GWS v NM,Jy Simpkin,north_melbourne,12502,resolved,0.001,0.0,28
7,GWS v NM,Jayden Laverde,greater_western_sydney,12377,resolved,0.001,0.0,30
7,GWS v NM,Jack Buckley,greater_western_sydney,12846,resolved,0.0,0.0,31
7,GWS v NM,Stephen Coniglio,greater_western_sydney,12028,resolved,0.0,0.0,32
7,GWS v NM,Griffin Logue,north_melbourne,12511,resolved,0.0,0.0,33
7,GWS v NM,Jack Darling,north_melbourne,11905,resolved,0.0,0.0,34
7,GWS v NM,Charlie Spargo,north_melbourne,12622,resolved,0.0,0.0,35
7,GWS v NM,Cameron Zurhaar,north_melbourne,12557,resolved,0.0,0.0,36
7,GWS v NM,Phoenix Gothard,greater_western_sydney,13279,resolved,0.0,0.0,37
7,GWS v NM,Colby McKercher,north_melbourne,13107,resolved,0.0,0.0,38
7,GWS v NM,Luke McDonald,north_melbourne,12246,resolved,0.0,0.0,39
7,GWS v NM,Lachy Dovaston,north_melbourne,13288,resolved,0.0,0.0,40
7,GWS v NM,Tom Powell,north_melbourne,12866,resolved,0.0,0.0,41
7,GWS v NM,Oliver Hannaford,greater_western_sydney,13302,resolved,0.0,0.0,42
7,GWS v NM,Toby Bedford,greater_western_sydney,12772,resolved,0.0,0.0,43
7,GWS v NM,Toby Pink,north_melbourne,13108,resolved,0.0,0.0,44
7,GWS v NM,Zane Duursma,north_melbourne,13106,resolved,0.0,0.0,45
7,GWS v NM,Cooper Trembath,north_melbourne,13263,resolved,0.0,0.0,46
8,Coll v Haw,Connor Macdonald,hawthorn,12954,resolved,1.772,31.2,1
8,Coll v Haw,Nick Daicos,collingwood,12943,resolved,1.567,26.4,2
8,Coll v Haw,Jai Newcombe,hawthorn,12915,resolved,1.302,21.6,3
8,Coll v Haw,Dan Houston,collingwood,12495,resolved,0.882,14.9,4
8,Coll v Haw,Massimo D'Ambrosio,hawthorn,12998,resolved,0.095,1.6,5
8,Coll v Haw,Karl Amon,hawthorn,12357,resolved,0.046,0.7,6
8,Coll v Haw,Jordan De Goey,collingwood,12318,resolved,0.04,0.5,8
8,Coll v Haw,Conor Nash,hawthorn,12670,resolved,0.04,0.5,7
8,Coll v Haw,Lachie Schultz,collingwood,12700,resolved,0.037,0.5,9
8,Coll v Haw,Brayden Maynard,collingwood,12371,resolved,0.031,0.4,10
8,Coll v Haw,Josh Ward,hawthorn,12955,resolved,0.028,0.3,12
8,Coll v Haw,Cam Mackenzie,hawthorn,13031,resolved,0.028,0.3,11
8,Coll v Haw,Jack Crisp,collingwood,12061,resolved,0.026,0.3,13
8,Coll v Haw,Jarman Impey,hawthorn,12237,resolved,0.017,0.2,15
8,Coll v Haw,Ned Long,collingwood,13023,resolved,0.016,0.2,14
8,Coll v Haw,James Sicily,hawthorn,12332,resolved,0.014,0.1,16
8,Coll v Haw,Josh Battle,hawthorn,12558,resolved,0.014,0.1,17
8,Coll v Haw,Ned Reeves,hawthorn,12906,resolved,0.012,0.1,18
8,Coll v Haw,Jack Ginnivan,hawthorn,12927,resolved,0.012,0.1,19
8,Coll v Haw,Josh Daicos,collingwood,12573,resolved,0.006,0.0,20
8,Coll v Haw,Nick Watson,hawthorn,13105,resolved,0.005,0.0,21
8,Coll v Haw,Jamie Elliott,collingwood,12083,resolved,0.004,0.0,22
8,Coll v Haw,Isaac Quaynor,collingwood,12740,resolved,0.002,0.0,23
8,Coll v Haw,Mitch Lewis,hawthorn,12636,resolved,0.002,0.0,24
8,Coll v Haw,Patrick Lipinski,collingwood,12578,resolved,0.002,0.0,25
8,Coll v Haw,Darcy Cameron,collingwood,12660,resolved,0.0,0.0,26
8,Coll v Haw,Dylan Moore,hawthorn,12710,resolved,0.0,0.0,27
8,Coll v Haw,Daniel McStay,collingwood,12291,resolved,0.0,0.0,28
8,Coll v Haw,Lloyd Meek,hawthorn,12856,resolved,0.0,0.0,29
8,Coll v Haw,Tom Barrass,hawthorn,12383,resolved,0.0,0.0,30
8,Coll v Haw,Billy Frampton,collingwood,12676,resolved,0.0,0.0,31
8,Coll v Haw,Blake Hardwick,hawthorn,12469,resolved,0.0,0.0,32
8,Coll v Haw,Steele Sidebottom,collingwood,11751,resolved,0.0,0.0,33
8,Coll v Haw,Josh Weddle,hawthorn,13057,resolved,0.0,0.0,34
8,Coll v Haw,Oscar Steene,collingwood,13298,resolved,0.0,0.0,35
8,Coll v Haw,Angus Anderson,collingwood,13306,resolved,0.0,0.0,36
8,Coll v Haw,William Hayes,collingwood,13228,resolved,0.0,0.0,37
8,Coll v Haw,Darcy Moore,collingwood,12372,resolved,0.0,0.0,38
8,Coll v Haw,Jack Gunston,hawthorn,11845,resolved,0.0,0.0,39
8,Coll v Haw,Harry Perryman,collingwood,12536,resolved,0.0,0.0,40
8,Coll v Haw,Calsher Dear,hawthorn,13135,resolved,0.0,0.0,41
8,Coll v Haw,Finn Maginness,hawthorn,12843,resolved,0.0,0.0,42
8,Coll v Haw,Jack Buller,collingwood,13071,resolved,0.0,0.0,43
8,Coll v Haw,Jack Scrimshaw,hawthorn,12565,resolved,0.0,0.0,44
8,Coll v Haw,Roan Steele,collingwood,13248,resolved,0.0,0.0,45
8,Coll v Haw,Wil Parker,collingwood,13147,resolved,0.0,0.0,46
8,WB v Frem,Shai Bolton,fremantle,12535,resolved,1.852,33.2,1
8,WB v Frem,Marcus Bontempelli,western_bulldogs,12269,resolved,1.621,27.9,2
8,WB v Frem,Luke Jackson,fremantle,12779,resolved,0.862,13.7,3
8,WB v Frem,Hayden Young,fremantle,12777,resolved,0.837,13.6,4
8,WB v Frem,Bailey Dale,western_bulldogs,12354,resolved,0.242,3.8,5
8,WB v Frem,Andrew Brayshaw,fremantle,12589,resolved,0.163,2.5,6
8,WB v Frem,Josh Treacy,fremantle,12887,resolved,0.151,2.4,7
8,WB v Frem,Matthew Kennedy,western_bulldogs,12455,resolved,0.086,1.3,8
8,WB v Frem,Ed Richards,western_bulldogs,12605,resolved,0.065,0.9,9
8,WB v Frem,Luke Ryan,fremantle,12542,resolved,0.034,0.3,10
8,WB v Frem,Murphy Reid,fremantle,13180,resolved,0.025,0.2,11
8,WB v Frem,Karl Worner,fremantle,13075,resolved,0.022,0.2,12
8,WB v Frem,Sam Switkowski,fremantle,12672,resolved,0.009,0.0,15
8,WB v Frem,Jordan Clark,fremantle,12688,resolved,0.007,0.0,13
8,WB v Frem,Caleb Serong,fremantle,12786,resolved,0.007,0.0,14
8,WB v Frem,Ryley Sanders,western_bulldogs,13103,resolved,0.006,0.0,16
8,WB v Frem,Joel Freijah,western_bulldogs,13140,resolved,0.003,0.0,17
8,WB v Frem,Corey Wagner,fremantle,12453,resolved,0.002,0.0,20
8,WB v Frem,Neil Erasmus,fremantle,12966,resolved,0.002,0.0,19
8,WB v Frem,Heath Chapman,fremantle,12875,resolved,0.002,0.0,21
8,WB v Frem,Rhylee West,western_bulldogs,12748,resolved,0.001,0.0,18
8,WB v Frem,Tim English,western_bulldogs,12537,resolved,0.001,0.0,22
8,WB v Frem,Nick Coffield,western_bulldogs,12608,resolved,0.001,0.0,24
8,WB v Frem,Buku Khamis,western_bulldogs,12900,resolved,0.0,0.0,23
8,WB v Frem,Brennan Cox,fremantle,12544,resolved,0.0,0.0,25
8,WB v Frem,Mason Cox,fremantle,12428,resolved,0.0,0.0,26
8,WB v Frem,Lachlan McNeil,western_bulldogs,12854,resolved,0.0,0.0,27
8,WB v Frem,Michael Frederick,fremantle,12801,resolved,0.0,0.0,28
8,WB v Frem,Will Lewis,western_bulldogs,13284,resolved,0.0,0.0,29
8,WB v Frem,Jedd Busslinger,western_bulldogs,13216,resolved,0.0,0.0,30
8,WB v Frem,Lachlan Bramble,western_bulldogs,12916,resolved,0.0,0.0,31
8,WB v Frem,Matthew Johnson,fremantle,13047,resolved,0.0,0.0,32
8,WB v Frem,Arthur Jones,western_bulldogs,13046,resolved,0.0,0.0,33
8,WB v Frem,Aaron Naughton,western_bulldogs,12594,resolved,0.0,0.0,34
8,WB v Frem,Jye Amiss,fremantle,12983,resolved,0.0,0.0,35
8,WB v Frem,Jeremy Sharp,fremantle,12820,resolved,0.0,0.0,36
8,WB v Frem,Michael Sellwood,western_bulldogs,13276,resolved,0.0,0.0,37
8,WB v Frem,Alex Pearce,fremantle,12352,resolved,0.0,0.0,38
8,WB v Frem,Bailey Williams,western_bulldogs,12441,resolved,0.0,0.0,39
8,WB v Frem,Harvey Gallagher,western_bulldogs,13102,resolved,0.0,0.0,40
8,WB v Frem,Laitham Vandermeer,western_bulldogs,12776,resolved,0.0,0.0,41
8,WB v Frem,Patrick Voss,fremantle,13129,resolved,0.0,0.0,42
8,WB v Frem,Isaiah Dudley,fremantle,13204,resolved,0.0,0.0,43
8,WB v Frem,Sam Davidson,western_bulldogs,13178,resolved,0.0,0.0,44
8,WB v Frem,Josh Dolan,western_bulldogs,13179,resolved,0.0,0.0,45
8,WB v Frem,Louis Emmett,western_bulldogs,13308,resolved,0.0,0.0,46
8,Adel v Port,Sam Berry,adelaide,12849,resolved,2.098,42.1,1
8,Adel v Port,Ollie Wines,port_adelaide,12150,resolved,1.039,16.9,2
8,Adel v Port,Wayne Milera,adelaide,12405,resolved,0.913,14.7,3
8,Adel v Port,Zak Butters,port_adelaide,12698,resolved,0.637,9.8,4
8,Adel v Port,Aliir Aliir,port_adelaide,12433,resolved,0.541,8.3,5
8,Adel v Port,Izak Rankine,adelaide,12798,resolved,0.222,3.1,6
8,Adel v Port,Ben Keays,adelaide,12434,resolved,0.161,2.0,7
8,Adel v Port,James Peatling,adelaide,12934,resolved,0.079,0.8,8
8,Adel v Port,Brayden Cook,adelaide,12932,resolved,0.075,0.8,9
8,Adel v Port,Jason Horne-Francis,port_adelaide,12956,resolved,0.07,0.8,10
8,Adel v Port,Jake Soligo,adelaide,12952,resolved,0.045,0.4,11
8,Adel v Port,Jordon Sweet,port_adelaide,12890,resolved,0.023,0.1,12
8,Adel v Port,Josh Worrell,adelaide,12912,resolved,0.018,0.1,13
8,Adel v Port,Willem Drew,port_adelaide,12695,resolved,0.015,0.1,14
8,Adel v Port,Josh Rachele,adelaide,12953,resolved,0.013,0.0,15
8,Adel v Port,Mitch Georgiades,port_adelaide,12766,resolved,0.012,0.0,17
8,Adel v Port,Logan Evans,port_adelaide,13156,resolved,0.008,0.0,16
8,Adel v Port,Darcy Byrne-Jones,port_adelaide,12422,resolved,0.007,0.0,19
8,Adel v Port,Miles Bergman,port_adelaide,12867,resolved,0.006,0.0,18
8,Adel v Port,Toby Murray,adelaide,13280,resolved,0.004,0.0,20
8,Adel v Port,Alex Neal-Bullen,adelaide,12367,resolved,0.004,0.0,22
8,Adel v Port,Lachlan McAndrew,adelaide,13065,resolved,0.004,0.0,21
8,Adel v Port,Joe Berry,port_adelaide,13188,resolved,0.001,0.0,25
8,Adel v Port,Josh Lai,port_adelaide,13301,resolved,0.001,0.0,23
8,Adel v Port,Jack Whitlock,port_adelaide,13259,resolved,0.001,0.0,27
8,Adel v Port,Rory Laird,adelaide,12165,resolved,0.001,0.0,24
8,Adel v Port,Jacob Wehr,port_adelaide,12991,resolved,0.001,0.0,26
8,Adel v Port,Luke Pedlar,adelaide,12921,resolved,0.001,0.0,29
8,Adel v Port,Riley Thilthorpe,adelaide,12892,resolved,0.0,0.0,28
8,Adel v Port,Christian Moraes,port_adelaide,13199,resolved,0.0,0.0,30
8,Adel v Port,Corey Durdin,port_adelaide,12936,resolved,0.0,0.0,31
8,Adel v Port,Jase Burgoyne,port_adelaide,13007,resolved,0.0,0.0,32
8,Adel v Port,James Borlase,adelaide,13086,resolved,0.0,0.0,33
8,Adel v Port,Isaac Cumming,adelaide,12629,resolved,0.0,0.0,34
8,Adel v Port,Lachie Jones,port_adelaide,12882,resolved,0.0,0.0,35
8,Adel v Port,Kane Farrell,port_adelaide,12664,resolved,0.0,0.0,36
8,Adel v Port,Jordon Butts,adelaide,12829,resolved,0.0,0.0,37
8,Adel v Port,Joe Richards,port_adelaide,13139,resolved,0.0,0.0,38
8,Adel v Port,Zac Taylor,adelaide,13159,resolved,0.0,0.0,39
8,Adel v Port,Daniel Curtin,adelaide,13132,resolved,0.0,0.0,40
8,Adel v Port,Dante Visentini,port_adelaide,13073,resolved,0.0,0.0,41
8,Adel v Port,Max Michalanney,adelaide,13027,resolved,0.0,0.0,42
8,Adel v Port,Todd Marshall,port_adelaide,12575,resolved,0.0,0.0,43
8,Adel v Port,Ewan Mackinlay,port_adelaide,13269,resolved,0.0,0.0,44
8,Adel v Port,Hugh Bond,adelaide,13165,resolved,0.0,0.0,45
8,Adel v Port,Taylor Walker,adelaide,11713,resolved,0.0,0.0,46
8,Ess v Bris,Darcy Wilmot,brisbane_lions,13026,resolved,1.624,28.0,1
8,Ess v Bris,Hugh McCluggage,brisbane_lions,12518,resolved,1.372,23.1,2
8,Ess v Bris,Zac Bailey,brisbane_lions,12610,resolved,1.256,21.0,3
8,Ess v Bris,Lachie Neale,brisbane_lions,12055,resolved,0.513,8.7,4
8,Ess v Bris,Kai Lohmann,brisbane_lions,12968,resolved,0.302,5.2,5
8,Ess v Bris,Cam Rayner,brisbane_lions,12592,resolved,0.246,4.2,6
8,Ess v Bris,Will Ashcroft,brisbane_lions,13040,resolved,0.182,2.9,7
8,Ess v Bris,Ryan Lester,brisbane_lions,11894,resolved,0.098,1.7,8
8,Ess v Bris,Dayne Zorko,brisbane_lions,12076,resolved,0.09,1.4,9
8,Ess v Bris,Peter Wright,essendon,12366,resolved,0.075,1.1,10
8,Ess v Bris,Logan Morris,brisbane_lions,13137,resolved,0.058,0.9,11
8,Ess v Bris,Sam Durham,essendon,12925,resolved,0.05,0.7,12
8,Ess v Bris,Keidean Coleman,brisbane_lions,12838,resolved,0.03,0.4,13
8,Ess v Bris,Harris Andrews,brisbane_lions,12340,resolved,0.028,0.4,14
8,Ess v Bris,Zach Merrett,essendon,12241,resolved,0.022,0.3,15
8,Ess v Bris,Josh Dunkley,brisbane_lions,12408,resolved,0.014,0.1,16
8,Ess v Bris,Jaspa Fletcher,brisbane_lions,13072,resolved,0.007,0.0,19
8,Ess v Bris,Sam Draper,brisbane_lions,12810,resolved,0.007,0.0,18
8,Ess v Bris,Charlie Cameron,brisbane_lions,,unresolved,0.007,0.0,17
8,Ess v Bris,Archie Roberts,essendon,13168,resolved,0.005,0.0,20
8,Ess v Bris,Bruce Reville,brisbane_lions,13138,resolved,0.003,0.0,22
8,Ess v Bris,Levi Ashcroft,brisbane_lions,13197,resolved,0.003,0.0,21
8,Ess v Bris,Darcy Fort,brisbane_lions,12724,resolved,0.003,0.0,23
8,Ess v Bris,Conor McKenna,brisbane_lions,12391,resolved,0.001,0.0,24
8,Ess v Bris,Ty Gallop,brisbane_lions,13235,resolved,0.001,0.0,26
8,Ess v Bris,Nate Caddy,essendon,13148,resolved,0.001,0.0,25
8,Ess v Bris,Dyson Sharp,essendon,13283,resolved,0.001,0.0,27
8,Ess v Bris,Sullivan Robey,essendon,13307,resolved,0.001,0.0,28
8,Ess v Bris,Lincoln McCarthy,brisbane_lions,12090,resolved,0.0,0.0,29
8,Ess v Bris,Jye Caldwell,essendon,12755,resolved,0.0,0.0,30
8,Ess v Bris,Saad El-Hawli,essendon,13203,resolved,0.0,0.0,31
8,Ess v Bris,Cody Curtin,brisbane_lions,13319,resolved,0.0,0.0,32
8,Ess v Bris,Jacob Farrow,essendon,13299,resolved,0.0,0.0,33
8,Ess v Bris,Andrew McGrath,essendon,12491,resolved,0.0,0.0,34
8,Ess v Bris,Lachlan Blakiston,essendon,13237,resolved,0.0,0.0,35
8,Ess v Bris,Max Kondogiannis,essendon,13282,resolved,0.0,0.0,36
8,Ess v Bris,Xavier Duursma,essendon,12696,resolved,0.0,0.0,37
8,Ess v Bris,Zach Reid,essendon,12889,resolved,0.0,0.0,38
8,Ess v Bris,Jaxon Prior,essendon,12874,resolved,0.0,0.0,39
8,Ess v Bris,Kyle Langford,essendon,12349,resolved,0.0,0.0,40
8,Ess v Bris,Archer Day-Wicks,essendon,13223,resolved,0.0,0.0,41
8,Ess v Bris,Thomas Edwards,essendon,13198,resolved,0.0,0.0,42
8,Ess v Bris,Nik Cox,essendon,12852,resolved,0.0,0.0,43
8,Ess v Bris,Ben McKay,essendon,12580,resolved,0.0,0.0,44
8,Ess v Bris,Jayden Nguyen,essendon,13258,resolved,0.0,0.0,45
8,Ess v Bris,Jade Gresham,essendon,12415,resolved,0.0,0.0,46
8,WC v Rich,Noah Balta,richmond,12686,resolved,2.55,63.0,1
8,WC v Rich,Harley Reid,west_coast,13111,resolved,1.526,20.3,2
8,WC v Rich,Jack Ross,richmond,,unresolved,0.881,9.4,3
8,WC v Rich,Kane McAuliffe,richmond,13117,resolved,0.516,4.8,4
8,WC v Rich,Seth Campbell,richmond,13100,resolved,0.203,1.5,5
8,WC v Rich,Tim Kelly,west_coast,12595,resolved,0.142,0.9,6
8,WC v Rich,Elliot Yeo,west_coast,12087,resolved,0.055,0.2,7
8,WC v Rich,Sam Cumming,richmond,13316,resolved,0.025,0.0,8
8,WC v Rich,Jake Waterman,west_coast,12601,resolved,0.021,0.0,9
8,WC v Rich,Jacob Hopper,richmond,12440,resolved,0.02,0.0,10
8,WC v Rich,Tom Brown,richmond,13096,resolved,0.019,0.0,11
8,WC v Rich,Nick Vlastuin,richmond,12174,resolved,0.009,0.0,12
8,WC v Rich,Jayden Short,richmond,12418,resolved,0.008,0.0,13
8,WC v Rich,Jonty Faull,richmond,13214,resolved,0.006,0.0,14
8,WC v Rich,Tom McCarthy,west_coast,13240,resolved,0.003,0.0,16
8,WC v Rich,Willem Duursma,west_coast,13292,resolved,0.002,0.0,15
8,WC v Rich,Tyler Sonsie,richmond,13014,resolved,0.002,0.0,17
8,WC v Rich,James Trezise,richmond,13095,resolved,0.002,0.0,19
8,WC v Rich,Liam Baker,west_coast,12661,resolved,0.002,0.0,21
8,WC v Rich,Tom Lynch,richmond,11948,resolved,0.001,0.0,22
8,WC v Rich,Nathan Broad,richmond,12456,resolved,0.001,0.0,18
8,WC v Rich,Steely Green,richmond,13145,resolved,0.001,0.0,20
8,WC v Rich,Bailey J. Williams,west_coast,,unresolved,0.001,0.0,24
8,WC v Rich,Tylar Young,west_coast,13043,resolved,0.001,0.0,23
8,WC v Rich,Ryan Maric,west_coast,13070,resolved,0.001,0.0,25
8,WC v Rich,Mykelti Lefau,richmond,13113,resolved,0.001,0.0,27
8,WC v Rich,Tom Burton,richmond,13315,resolved,0.0,0.0,26
8,WC v Rich,Josh Lindsay,west_coast,13293,resolved,0.0,0.0,28
8,WC v Rich,Patrick Retschko,richmond,13313,resolved,0.0,0.0,29
8,WC v Rich,Oliver Hayes-Brown,richmond,13309,resolved,0.0,0.0,30
8,WC v Rich,Milan Murdock,west_coast,13294,resolved,0.0,0.0,31
8,WC v Rich,Hamish Davis,west_coast,13210,resolved,0.0,0.0,32
8,WC v Rich,Campbell Gray,richmond,13218,resolved,0.0,0.0,33
8,WC v Rich,Matthew Owies,west_coast,12839,resolved,0.0,0.0,34
8,WC v Rich,Brady Hough,west_coast,12957,resolved,0.0,0.0,35
8,WC v Rich,Cooper Duff-Tytler,west_coast,13291,resolved,0.0,0.0,36
8,WC v Rich,Reuben Ginbey,west_coast,13038,resolved,0.0,0.0,37
8,WC v Rich,Liam Duggan,west_coast,12334,resolved,0.0,0.0,38
8,WC v Rich,Ben Miller,richmond,12941,resolved,0.0,0.0,39
8,WC v Rich,Sam Grlj,richmond,13290,resolved,0.0,0.0,40
8,WC v Rich,Harry Schoenberg,west_coast,12813,resolved,0.0,0.0,41
8,WC v Rich,Malakai Champion,west_coast,13250,resolved,0.0,0.0,42
8,WC v Rich,Jobe Shanahan,west_coast,13247,resolved,0.0,0.0,43
8,WC v Rich,Elijah Hewett,west_coast,13044,resolved,0.0,0.0,44
8,WC v Rich,Tom Cole,west_coast,12446,resolved,0.0,0.0,45
8,WC v Rich,Dion Prestia,richmond,11917,resolved,0.0,0.0,46
8,Geel v NM,Max Holmes,geelong,12881,resolved,2.766,79.0,1
8,Geel v NM,Shaun Mannagh,geelong,13104,resolved,1.095,9.9,2
8,Geel v NM,Tristan Xerri,north_melbourne,12788,resolved,1.026,8.7,3
8,Geel v NM,Jeremy Cameron,geelong,12017,resolved,0.266,1.2,4
8,Geel v NM,Bailey Smith,geelong,12692,resolved,0.156,0.6,5
8,Geel v NM,Oisin Mullin,geelong,13066,resolved,0.123,0.3,6
8,Geel v NM,James Worpel,geelong,12619,resolved,0.106,0.2,7
8,Geel v NM,Luke Davies-Uniacke,north_melbourne,12590,resolved,0.072,0.1,8
8,Geel v NM,Tanner Bruhn,geelong,12871,resolved,0.054,0.0,9
8,Geel v NM,Jy Simpkin,north_melbourne,12502,resolved,0.048,0.0,10
8,Geel v NM,Shannon Neale,geelong,12992,resolved,0.042,0.0,13
8,Geel v NM,Zach Guthrie,geelong,12551,resolved,0.04,0.0,12
8,Geel v NM,Tom Atkins,geelong,12690,resolved,0.039,0.0,11
8,Geel v NM,Jack Martin,geelong,12236,resolved,0.021,0.0,15
8,Geel v NM,Connor O'Sullivan,geelong,13122,resolved,0.018,0.0,14
8,Geel v NM,Harry Sheezel,north_melbourne,13034,resolved,0.017,0.0,16
8,Geel v NM,Sam De Koning,geelong,12891,resolved,0.011,0.0,19
8,Geel v NM,Tom Stewart,geelong,12505,resolved,0.01,0.0,17
8,Geel v NM,Colby McKercher,north_melbourne,13107,resolved,0.009,0.0,18
8,Geel v NM,Finn O'Sullivan,north_melbourne,13187,resolved,0.008,0.0,21
8,Geel v NM,Jake Kolodjashnij,geelong,12370,resolved,0.008,0.0,24
8,Geel v NM,Lawson Humphries,geelong,13160,resolved,0.008,0.0,20
8,Geel v NM,Oliver Henry,geelong,12851,resolved,0.007,0.0,23
8,Geel v NM,Patrick Dangerfield,geelong,11700,resolved,0.007,0.0,22
8,Geel v NM,Jack Bowes,geelong,12499,resolved,0.007,0.0,25
8,Geel v NM,Brad Close,geelong,12806,resolved,0.006,0.0,26
8,Geel v NM,Mark O'Connor,geelong,12531,resolved,0.006,0.0,30
8,Geel v NM,Jack Darling,north_melbourne,11905,resolved,0.005,0.0,28
8,Geel v NM,Oliver Dempsey,geelong,12974,resolved,0.005,0.0,27
8,Geel v NM,Luke Parker,north_melbourne,11953,resolved,0.004,0.0,29
8,Geel v NM,Mitchell Edwards,geelong,13285,resolved,0.002,0.0,31
8,Geel v NM,Charlie Comben,north_melbourne,12938,resolved,0.002,0.0,32
8,Geel v NM,Zane Duursma,north_melbourne,13106,resolved,0.001,0.0,33
8,Geel v NM,Paul Curtis,north_melbourne,12975,resolved,0.001,0.0,34
8,Geel v NM,Caleb Daniel,north_melbourne,12373,resolved,0.001,0.0,35
8,Geel v NM,Cameron Zurhaar,north_melbourne,12557,resolved,0.0,0.0,36
8,Geel v NM,Tom Blamires,north_melbourne,13287,resolved,0.0,0.0,37
8,Geel v NM,Luke McDonald,north_melbourne,12246,resolved,0.0,0.0,38
8,Geel v NM,Dylan Stephens,north_melbourne,12796,resolved,0.0,0.0,39
8,Geel v NM,Aidan Corr,north_melbourne,12181,resolved,0.0,0.0,40
8,Geel v NM,Griffin Logue,north_melbourne,12511,resolved,0.0,0.0,41
8,Geel v NM,Cooper Trembath,north_melbourne,13263,resolved,0.0,0.0,42
8,Geel v NM,Nick Larkey,north_melbourne,12563,resolved,0.0,0.0,43
8,Geel v NM,Lachy Dovaston,north_melbourne,13288,resolved,0.0,0.0,44
8,Geel v NM,Tom Powell,north_melbourne,12866,resolved,0.0,0.0,45
8,Geel v NM,Charlie Spargo,north_melbourne,12622,resolved,0.0,0.0,46
8,Carl v St K,Nasiah Wanganeen-Milera,st_kilda,12950,resolved,2.342,46.3,1
8,Carl v St K,Rowan Marshall,st_kilda,12564,resolved,2.307,44.8,2
8,Carl v St K,Cooper Sharman,st_kilda,12929,resolved,0.37,3.3,3
8,Carl v St K,Mitch Owens,st_kilda,12948,resolved,0.259,2.1,4
8,Carl v St K,Jack Sinclair,st_kilda,12325,resolved,0.149,1.1,5
8,Carl v St K,Max Hall,st_kilda,13193,resolved,0.141,1.1,6
8,Carl v St K,Bradley Hill,st_kilda,12060,resolved,0.097,0.6,7
8,Carl v St K,Liam Henry,st_kilda,12831,resolved,0.072,0.4,8
8,Carl v St K,Callum Wilkie,st_kilda,12703,resolved,0.038,0.2,9
8,Carl v St K,Sam Flanders,st_kilda,12824,resolved,0.031,0.1,10
8,Carl v St K,Tom De Koning,st_kilda,12674,resolved,0.023,0.0,11
8,Carl v St K,Hugo Garcia,st_kilda,13125,resolved,0.018,0.0,13
8,Carl v St K,Marcus Windhager,st_kilda,12967,resolved,0.018,0.0,12
8,Carl v St K,Mattaes Phillipou,st_kilda,13036,resolved,0.017,0.0,15
8,Carl v St K,Oliver Florent,carlton,12497,resolved,0.016,0.0,14
8,Carl v St K,Sam Walsh,carlton,12684,resolved,0.014,0.0,16
8,Carl v St K,Nic Newman,carlton,12508,resolved,0.013,0.0,17
8,Carl v St K,Mason Wood,st_kilda,12312,resolved,0.012,0.0,18
8,Carl v St K,Adam Cerra,carlton,12603,resolved,0.009,0.0,19
8,Carl v St K,Patrick Cripps,carlton,12261,resolved,0.008,0.0,21
8,Carl v St K,Ben Ainsworth,carlton,12498,resolved,0.008,0.0,20
8,Carl v St K,Brodie Kemp,carlton,12937,resolved,0.007,0.0,22
8,Carl v St K,Dougal Howard,st_kilda,12420,resolved,0.006,0.0,24
8,Carl v St K,Jack Macrae,st_kilda,12166,resolved,0.006,0.0,23
8,Carl v St K,Jagga Smith,carlton,13274,resolved,0.005,0.0,25
8,Carl v St K,Nick Haynes,carlton,12091,resolved,0.003,0.0,26
8,Carl v St K,Zac Williams,carlton,12175,resolved,0.002,0.0,28
8,Carl v St K,Liam O'Connell,st_kilda,13194,resolved,0.002,0.0,27
8,Carl v St K,Jack Carroll,st_kilda,12976,resolved,0.002,0.0,29
8,Carl v St K,Anthony Caminiti,st_kilda,13035,resolved,0.001,0.0,31
8,Carl v St K,Adam Saad,carlton,12330,resolved,0.001,0.0,30
8,Carl v St K,Jack Silvagni,st_kilda,12458,resolved,0.001,0.0,32
8,Carl v St K,Jacob Weitering,carlton,12402,resolved,0.001,0.0,33
8,Carl v St K,Francis Evans,carlton,12873,resolved,0.0,0.0,34
8,Carl v St K,Dan Butler,st_kilda,12490,resolved,0.0,0.0,35
8,Carl v St K,Matthew Carroll,carlton,13212,resolved,0.0,0.0,36
8,Carl v St K,Oliver Hollands,carlton,13029,resolved,0.0,0.0,37
8,Carl v St K,Lachlan Cowan,carlton,13028,resolved,0.0,0.0,38
8,Carl v St K,Harry McKay,carlton,12566,resolved,0.0,0.0,39
8,Carl v St K,Mitch McGovern,carlton,12404,resolved,0.0,0.0,40
8,Carl v St K,Liam Stocker,st_kilda,12721,resolved,0.0,0.0,41
8,Carl v St K,Harry Dean,carlton,13273,resolved,0.0,0.0,42
8,Carl v St K,Will Hayward,carlton,12509,resolved,0.0,0.0,43
8,Carl v St K,Marc Pittonet,carlton,12417,resolved,0.0,0.0,44
8,Carl v St K,Matthew Cottrell,carlton,12822,resolved,0.0,0.0,45
8,Carl v St K,Liam Reidy,carlton,13172,resolved,0.0,0.0,46
8,Syd v Melb,Malcolm Rosas,sydney,12903,resolved,2.846,85.4,1
8,Syd v Melb,Brodie Grundy,sydney,12217,resolved,1.368,9.5,2
8,Syd v Melb,Isaac Heeney,sydney,12326,resolved,0.939,4.4,3
8,Syd v Melb,Justin McInerney,sydney,12711,resolved,0.23,0.4,4
8,Syd v Melb,Kysaiah Pickett,melbourne,12771,resolved,0.158,0.2,5
8,Syd v Melb,Joel Amartey,sydney,12844,resolved,0.134,0.1,6
8,Syd v Melb,Nick Blakey,sydney,12699,resolved,0.078,0.0,7
8,Syd v Melb,Chad Warner,sydney,12797,resolved,0.052,0.0,8
8,Syd v Melb,Callum Mills,sydney,12413,resolved,0.046,0.0,9
8,Syd v Melb,Max Gawn,melbourne,11966,resolved,0.032,0.0,10
8,Syd v Melb,Tom Sparrow,melbourne,12693,resolved,0.021,0.0,11
8,Syd v Melb,James Rowbottom,sydney,12714,resolved,0.017,0.0,12
8,Syd v Melb,Matt Roberts,sydney,12994,resolved,0.011,0.0,13
8,Syd v Melb,Sam Wicks,sydney,12818,resolved,0.01,0.0,14
8,Syd v Melb,Dane Rampe,sydney,12140,resolved,0.01,0.0,15
8,Syd v Melb,Caleb Windsor,melbourne,13099,resolved,0.008,0.0,16
8,Syd v Melb,Angus Sheldrick,sydney,12951,resolved,0.007,0.0,17
8,Syd v Melb,Logan McDonald,sydney,12861,resolved,0.006,0.0,18
8,Syd v Melb,Jake Lloyd,sydney,12268,resolved,0.004,0.0,19
8,Syd v Melb,Ed Langdon,melbourne,12393,resolved,0.003,0.0,20
8,Syd v Melb,Tom Papley,sydney,12412,resolved,0.003,0.0,21
8,Syd v Melb,James Jordon,sydney,12860,resolved,0.003,0.0,23
8,Syd v Melb,Harry Sharp,melbourne,12864,resolved,0.002,0.0,25
8,Syd v Melb,Jack Steele,melbourne,12368,resolved,0.002,0.0,22
8,Syd v Melb,Koltyn Tholstrup,melbourne,13123,resolved,0.002,0.0,24
8,Syd v Melb,Lewis Melican,sydney,12526,resolved,0.002,0.0,27
8,Syd v Melb,Jai Serong,sydney,13022,resolved,0.002,0.0,26
8,Syd v Melb,Riley Bice,sydney,13195,resolved,0.002,0.0,28
8,Syd v Melb,William Edwards,sydney,13318,resolved,0.001,0.0,30
8,Syd v Melb,Daniel Turner,melbourne,12996,resolved,0.001,0.0,29
8,Syd v Melb,Harrison Petty,melbourne,12653,resolved,0.0,0.0,31
8,Syd v Melb,Billy Cootee,sydney,13317,resolved,0.0,0.0,32
8,Syd v Melb,Jake Lever,melbourne,12351,resolved,0.0,0.0,33
8,Syd v Melb,Max Heath,melbourne,13254,resolved,0.0,0.0,34
8,Syd v Melb,Blake Howes,melbourne,13098,resolved,0.0,0.0,35
8,Syd v Melb,Charlie Curnow,sydney,12421,resolved,0.0,0.0,36
8,Syd v Melb,Kade Chandler,melbourne,12756,resolved,0.0,0.0,37
8,Syd v Melb,Bailey Laurie,melbourne,13032,resolved,0.0,0.0,38
8,Syd v Melb,Changkuoth Jiath,melbourne,12752,resolved,0.0,0.0,39
8,Syd v Melb,Latrelle Pickett,melbourne,13286,resolved,0.0,0.0,40
8,Syd v Melb,Harvey Langford,melbourne,13184,resolved,0.0,0.0,41
8,Syd v Melb,Jacob van Rooyen,melbourne,13048,resolved,0.0,0.0,42
8,Syd v Melb,Matthew Jefferson,melbourne,13182,resolved,0.0,0.0,43
8,Syd v Melb,Paddy Cross,melbourne,13300,resolved,0.0,0.0,44
8,Syd v Melb,Bayley Fritsch,melbourne,12598,resolved,0.0,0.0,45
8,Syd v Melb,Brody Mihocek,melbourne,12639,resolved,0.0,0.0,46
8,GC v GWS,Christian Petracca,gold_coast,12430,resolved,2.475,52.3,1
8,GC v GWS,John Noble,gold_coast,12743,resolved,2.345,43.9,2
8,GC v GWS,Noah Anderson,gold_coast,12767,resolved,0.315,1.5,3
8,GC v GWS,Finn Callaghan,greater_western_sydney,12969,resolved,0.242,1.1,4
8,GC v GWS,Clayton Oliver,greater_western_sydney,12410,resolved,0.159,0.6,5
8,GC v GWS,Bodhi Uwland,gold_coast,13041,resolved,0.122,0.4,6
8,GC v GWS,Mac Andrew,gold_coast,13019,resolved,0.085,0.3,7
8,GC v GWS,Touk Miller,gold_coast,12331,resolved,0.04,0.0,8
8,GC v GWS,Lachie Ash,greater_western_sydney,12782,resolved,0.033,0.0,9
8,GC v GWS,Joel Jeffrey,gold_coast,12933,resolved,0.027,0.0,10
8,GC v GWS,Lachie Weller,gold_coast,12385,resolved,0.024,0.0,12
8,GC v GWS,Wil Powell,gold_coast,12652,resolved,0.023,0.0,11
8,GC v GWS,Lachie Whitfield,greater_western_sydney,12143,resolved,0.021,0.0,13
8,GC v GWS,Daniel Rioli,gold_coast,12403,resolved,0.019,0.0,14
8,GC v GWS,Alex Davies,gold_coast,12942,resolved,0.013,0.0,15
8,GC v GWS,Jamarra Ugle-Hagan,gold_coast,12923,resolved,0.009,0.0,16
8,GC v GWS,Sam Collins,gold_coast,12444,resolved,0.006,0.0,17
8,GC v GWS,Ben King,gold_coast,12728,resolved,0.004,0.0,18
8,GC v GWS,Aaron Cadman,greater_western_sydney,13054,resolved,0.004,0.0,19
8,GC v GWS,Connor Idun,greater_western_sydney,12750,resolved,0.004,0.0,21
8,GC v GWS,Xavier O'Halloran,greater_western_sydney,12821,resolved,0.003,0.0,22
8,GC v GWS,Oscar Adams,gold_coast,13251,resolved,0.003,0.0,20
8,GC v GWS,Leonardo Lombard,gold_coast,13232,resolved,0.003,0.0,23
8,GC v GWS,Bailey Humphrey,gold_coast,13049,resolved,0.002,0.0,25
8,GC v GWS,Ethan Read,gold_coast,13121,resolved,0.002,0.0,27
8,GC v GWS,Toby Greene,greater_western_sydney,12025,resolved,0.002,0.0,24
8,GC v GWS,Joe Fonti,greater_western_sydney,13164,resolved,0.002,0.0,28
8,GC v GWS,Ned Moyle,gold_coast,13050,resolved,0.002,0.0,26
8,GC v GWS,Stephen Coniglio,greater_western_sydney,12028,resolved,0.001,0.0,29
8,GC v GWS,Lachlan Gulbin,gold_coast,13272,resolved,0.001,0.0,30
8,GC v GWS,Brent Daniels,greater_western_sydney,12656,resolved,0.001,0.0,31
8,GC v GWS,Jake Stringer,greater_western_sydney,12167,resolved,0.001,0.0,34
8,GC v GWS,Phoenix Gothard,greater_western_sydney,13279,resolved,0.001,0.0,33
8,GC v GWS,Ben Long,gold_coast,12521,resolved,0.001,0.0,32
8,GC v GWS,Sam Clohesy,gold_coast,13119,resolved,0.001,0.0,35
8,GC v GWS,Harvey Thomas,greater_western_sydney,13101,resolved,0.0,0.0,36
8,GC v GWS,Jack Buckley,greater_western_sydney,12846,resolved,0.0,0.0,37
8,GC v GWS,Will Graham,gold_coast,13120,resolved,0.0,0.0,38
8,GC v GWS,James Leake,greater_western_sydney,13174,resolved,0.0,0.0,39
8,GC v GWS,Harry Himmelberg,greater_western_sydney,12462,resolved,0.0,0.0,40
8,GC v GWS,Leek Aleer,greater_western_sydney,13020,resolved,0.0,0.0,41
8,GC v GWS,Toby Bedford,greater_western_sydney,12772,resolved,0.0,0.0,42
8,GC v GWS,Ryan Angwin,greater_western_sydney,13001,resolved,0.0,0.0,43
8,GC v GWS,Jesse Hogan,greater_western_sydney,12321,resolved,0.0,0.0,44
8,GC v GWS,Jayden Laverde,greater_western_sydney,12377,resolved,0.0,0.0,45
8,GC v GWS,Kieren Briggs,greater_western_sydney,12904,resolved,0.0,0.0,46
9,Frem v Haw,Jack Gunston,hawthorn,11845,resolved,1.757,30.7,1
9,Frem v Haw,Luke Jackson,fremantle,12779,resolved,1.663,28.2,2
9,Frem v Haw,Caleb Serong,fremantle,12786,resolved,1.22,19.8,3
9,Frem v Haw,Michael Frederick,fremantle,12801,resolved,0.609,10.3,4
9,Frem v Haw,Jai Newcombe,hawthorn,12915,resolved,0.307,5.2,5
9,Frem v Haw,Andrew Brayshaw,fremantle,12589,resolved,0.23,3.7,6
9,Frem v Haw,Karl Amon,hawthorn,12357,resolved,0.064,0.9,7
9,Frem v Haw,Hayden Young,fremantle,12777,resolved,0.036,0.5,8
9,Frem v Haw,Shai Bolton,fremantle,12535,resolved,0.025,0.3,9
9,Frem v Haw,Murphy Reid,fremantle,13180,resolved,0.018,0.2,10
9,Frem v Haw,Josh Treacy,fremantle,12887,resolved,0.015,0.1,11
9,Frem v Haw,Josh Battle,hawthorn,12558,resolved,0.012,0.1,12
9,Frem v Haw,James Sicily,hawthorn,12332,resolved,0.01,0.0,13
9,Frem v Haw,Josh Ward,hawthorn,12955,resolved,0.006,0.0,14
9,Frem v Haw,Nick Watson,hawthorn,13105,resolved,0.005,0.0,15
9,Frem v Haw,Luke Ryan,fremantle,12542,resolved,0.004,0.0,16
9,Frem v Haw,Conor Nash,hawthorn,12670,resolved,0.004,0.0,17
9,Frem v Haw,Jarman Impey,hawthorn,12237,resolved,0.002,0.0,20
9,Frem v Haw,Cam Mackenzie,hawthorn,13031,resolved,0.002,0.0,19
9,Frem v Haw,Jye Amiss,fremantle,12983,resolved,0.002,0.0,21
9,Frem v Haw,Jordan Clark,fremantle,12688,resolved,0.002,0.0,18
9,Frem v Haw,Brennan Cox,fremantle,12544,resolved,0.002,0.0,22
9,Frem v Haw,Heath Chapman,fremantle,12875,resolved,0.001,0.0,23
9,Frem v Haw,Karl Worner,fremantle,13075,resolved,0.001,0.0,24
9,Frem v Haw,Mitch Lewis,hawthorn,12636,resolved,0.0,0.0,25
9,Frem v Haw,Corey Wagner,fremantle,12453,resolved,0.0,0.0,26
9,Frem v Haw,Neil Erasmus,fremantle,12966,resolved,0.0,0.0,27
9,Frem v Haw,Josh Weddle,hawthorn,13057,resolved,0.0,0.0,28
9,Frem v Haw,Alex Pearce,fremantle,12352,resolved,0.0,0.0,29
9,Frem v Haw,Patrick Voss,fremantle,13129,resolved,0.0,0.0,30
9,Frem v Haw,Mason Cox,fremantle,12428,resolved,0.0,0.0,31
9,Frem v Haw,Massimo D'Ambrosio,hawthorn,12998,resolved,0.0,0.0,32
9,Frem v Haw,Lloyd Meek,hawthorn,12856,resolved,0.0,0.0,33
9,Frem v Haw,Judd McVee,fremantle,13033,resolved,0.0,0.0,34
9,Frem v Haw,Jack Ginnivan,hawthorn,12927,resolved,0.0,0.0,35
9,Frem v Haw,Dylan Moore,hawthorn,12710,resolved,0.0,0.0,36
9,Frem v Haw,Matthew Johnson,fremantle,13047,resolved,0.0,0.0,37
9,Frem v Haw,Blake Hardwick,hawthorn,12469,resolved,0.0,0.0,38
9,Frem v Haw,Isaiah Dudley,fremantle,13204,resolved,0.0,0.0,39
9,Frem v Haw,Sam Butler,hawthorn,12988,resolved,0.0,0.0,40
9,Frem v Haw,Connor Macdonald,hawthorn,12954,resolved,0.0,0.0,41
9,Frem v Haw,Ned Reeves,hawthorn,12906,resolved,0.0,0.0,42
9,Frem v Haw,Sam Switkowski,fremantle,12672,resolved,0.0,0.0,43
9,Frem v Haw,Max Ramsden,hawthorn,13058,resolved,0.0,0.0,44
9,Frem v Haw,Bodie Ryan,hawthorn,13320,resolved,0.0,0.0,45
9,Frem v Haw,Tom Barrass,hawthorn,12383,resolved,0.0,0.0,46
9,Bris v Carl,Lachie Neale,brisbane_lions,12055,resolved,2.718,75.4,1
9,Bris v Carl,Patrick Cripps,carlton,12261,resolved,1.227,13.2,2
9,Bris v Carl,Ryan Lester,brisbane_lions,11894,resolved,0.719,6.1,3
9,Bris v Carl,Harry McKay,carlton,12566,resolved,0.448,2.9,4
9,Bris v Carl,Hugh McCluggage,brisbane_lions,12518,resolved,0.204,0.8,5
9,Bris v Carl,Sam Walsh,carlton,12684,resolved,0.197,0.9,6
9,Bris v Carl,Levi Ashcroft,brisbane_lions,13197,resolved,0.104,0.3,7
9,Bris v Carl,Bruce Reville,brisbane_lions,13138,resolved,0.073,0.2,8
9,Bris v Carl,Will Ashcroft,brisbane_lions,13040,resolved,0.062,0.1,9
9,Bris v Carl,Will Hayward,carlton,12509,resolved,0.062,0.1,10
9,Bris v Carl,Josh Dunkley,brisbane_lions,12408,resolved,0.031,0.0,11
9,Bris v Carl,Logan Morris,brisbane_lions,13137,resolved,0.019,0.0,13
9,Bris v Carl,Dayne Zorko,brisbane_lions,12076,resolved,0.018,0.0,12
9,Bris v Carl,Ben Ainsworth,carlton,12498,resolved,0.015,0.0,14
9,Bris v Carl,Jagga Smith,carlton,13274,resolved,0.015,0.0,15
9,Bris v Carl,Keidean Coleman,brisbane_lions,12838,resolved,0.015,0.0,16
9,Bris v Carl,Nic Newman,carlton,12508,resolved,0.009,0.0,17
9,Bris v Carl,Kai Lohmann,brisbane_lions,12968,resolved,0.007,0.0,18
9,Bris v Carl,Sam Draper,brisbane_lions,12810,resolved,0.007,0.0,19
9,Bris v Carl,Adam Cerra,carlton,12603,resolved,0.006,0.0,20
9,Bris v Carl,George Hewett,carlton,12411,resolved,0.006,0.0,21
9,Bris v Carl,Darcy Fort,brisbane_lions,12724,resolved,0.006,0.0,22
9,Bris v Carl,Cam Rayner,brisbane_lions,12592,resolved,0.006,0.0,23
9,Bris v Carl,Zac Bailey,brisbane_lions,12610,resolved,0.005,0.0,24
9,Bris v Carl,Oliver Hollands,carlton,13029,resolved,0.005,0.0,25
9,Bris v Carl,Darcy Wilmot,brisbane_lions,13026,resolved,0.004,0.0,26
9,Bris v Carl,Jaspa Fletcher,brisbane_lions,13072,resolved,0.002,0.0,29
9,Bris v Carl,Darragh Joyce,brisbane_lions,12654,resolved,0.002,0.0,27
9,Bris v Carl,Charlie Cameron,brisbane_lions,,unresolved,0.001,0.0,28
9,Bris v Carl,Mitch McGovern,carlton,12404,resolved,0.001,0.0,32
9,Bris v Carl,Lachlan Cowan,carlton,13028,resolved,0.001,0.0,30
9,Bris v Carl,Adam Saad,carlton,12330,resolved,0.001,0.0,31
9,Bris v Carl,Harris Andrews,brisbane_lions,12340,resolved,0.001,0.0,33
9,Bris v Carl,Conor McKenna,brisbane_lions,12391,resolved,0.0,0.0,36
9,Bris v Carl,Jacob Weitering,carlton,12402,resolved,0.0,0.0,35
9,Bris v Carl,Oliver Florent,carlton,12497,resolved,0.0,0.0,34
9,Bris v Carl,Nick Haynes,carlton,12091,resolved,0.0,0.0,37
9,Bris v Carl,Francis Evans,carlton,12873,resolved,0.0,0.0,38
9,Bris v Carl,Zac Williams,carlton,12175,resolved,0.0,0.0,39
9,Bris v Carl,Marc Pittonet,carlton,12417,resolved,0.0,0.0,40
9,Bris v Carl,Matthew Carroll,carlton,13212,resolved,0.0,0.0,41
9,Bris v Carl,Lincoln McCarthy,brisbane_lions,12090,resolved,0.0,0.0,42
9,Bris v Carl,Harry Dean,carlton,13273,resolved,0.0,0.0,43
9,Bris v Carl,Billy Wilson,carlton,,unresolved,0.0,0.0,44
9,Bris v Carl,Brodie Kemp,carlton,12937,resolved,0.0,0.0,45
9,Bris v Carl,Cody Curtin,brisbane_lions,13319,resolved,0.0,0.0,46
9,Port v WB,Marcus Bontempelli,western_bulldogs,12269,resolved,2.729,76.6,1
9,Port v WB,Zak Butters,port_adelaide,12698,resolved,0.785,7.0,2
9,Port v WB,Ryley Sanders,western_bulldogs,13103,resolved,0.761,6.8,3
9,Port v WB,Ed Richards,western_bulldogs,12605,resolved,0.746,6.4,4
9,Port v WB,Mitch Georgiades,port_adelaide,12766,resolved,0.251,1.3,5
9,Port v WB,Joel Freijah,western_bulldogs,13140,resolved,0.221,1.1,6
9,Port v WB,Bailey Dale,western_bulldogs,12354,resolved,0.143,0.5,7
9,Port v WB,Tim English,western_bulldogs,12537,resolved,0.09,0.2,8
9,Port v WB,Matthew Kennedy,western_bulldogs,12455,resolved,0.05,0.0,9
9,Port v WB,Kane Farrell,port_adelaide,12664,resolved,0.042,0.0,10
9,Port v WB,Michael Sellwood,western_bulldogs,13276,resolved,0.039,0.0,11
9,Port v WB,Jason Horne-Francis,port_adelaide,12956,resolved,0.023,0.0,12
9,Port v WB,Connor Budarick,western_bulldogs,12769,resolved,0.021,0.0,13
9,Port v WB,Logan Evans,port_adelaide,13156,resolved,0.019,0.0,14
9,Port v WB,Aliir Aliir,port_adelaide,12433,resolved,0.015,0.0,15
9,Port v WB,Aaron Naughton,western_bulldogs,12594,resolved,0.008,0.0,16
9,Port v WB,Lachie Jones,port_adelaide,12882,resolved,0.008,0.0,17
9,Port v WB,Jase Burgoyne,port_adelaide,13007,resolved,0.007,0.0,18
9,Port v WB,Bailey Williams,western_bulldogs,12441,resolved,0.006,0.0,19
9,Port v WB,Will Lewis,western_bulldogs,13284,resolved,0.006,0.0,20
9,Port v WB,Jordon Sweet,port_adelaide,12890,resolved,0.005,0.0,22
9,Port v WB,Willem Drew,port_adelaide,12695,resolved,0.005,0.0,23
9,Port v WB,Arthur Jones,western_bulldogs,13046,resolved,0.005,0.0,21
9,Port v WB,Ollie Wines,port_adelaide,12150,resolved,0.003,0.0,24
9,Port v WB,Ewan Mackinlay,port_adelaide,13269,resolved,0.002,0.0,25
9,Port v WB,Christian Moraes,port_adelaide,13199,resolved,0.002,0.0,26
9,Port v WB,Josh Lai,port_adelaide,13301,resolved,0.001,0.0,27
9,Port v WB,Rhylee West,western_bulldogs,12748,resolved,0.001,0.0,28
9,Port v WB,Nick Coffield,western_bulldogs,12608,resolved,0.001,0.0,29
9,Port v WB,Jack Watkins,port_adelaide,13289,resolved,0.001,0.0,31
9,Port v WB,Jedd Busslinger,western_bulldogs,13216,resolved,0.001,0.0,30
9,Port v WB,Darcy Byrne-Jones,port_adelaide,12422,resolved,0.001,0.0,33
9,Port v WB,Corey Durdin,port_adelaide,12936,resolved,0.001,0.0,32
9,Port v WB,Jacob Wehr,port_adelaide,12991,resolved,0.0,0.0,34
9,Port v WB,Joe Berry,port_adelaide,13188,resolved,0.0,0.0,35
9,Port v WB,Buku Khamis,western_bulldogs,12900,resolved,0.0,0.0,36
9,Port v WB,Oskar Baker,western_bulldogs,12723,resolved,0.0,0.0,37
9,Port v WB,Jack Whitlock,port_adelaide,13259,resolved,0.0,0.0,38
9,Port v WB,Joe Richards,port_adelaide,13139,resolved,0.0,0.0,39
9,Port v WB,Harvey Gallagher,western_bulldogs,13102,resolved,0.0,0.0,40
9,Port v WB,Dante Visentini,port_adelaide,13073,resolved,0.0,0.0,41
9,Port v WB,Lachlan McNeil,western_bulldogs,12854,resolved,0.0,0.0,42
9,Port v WB,Lachlan Smith,western_bulldogs,13314,resolved,0.0,0.0,43
9,Port v WB,Cooper Hynes,western_bulldogs,13213,resolved,0.0,0.0,44
9,Port v WB,Lachlan Bramble,western_bulldogs,12916,resolved,0.0,0.0,45
9,Port v WB,Miles Bergman,port_adelaide,12867,resolved,0.0,0.0,46
9,NM v Syd,Luke Davies-Uniacke,north_melbourne,12590,resolved,2.469,57.5,1
9,NM v Syd,Isaac Heeney,sydney,12326,resolved,1.654,24.5,2
9,NM v Syd,Harry Sheezel,north_melbourne,13034,resolved,1.071,13.1,3
9,NM v Syd,Nick Blakey,sydney,12699,resolved,0.251,2.3,4
9,NM v Syd,Luke Parker,north_melbourne,11953,resolved,0.12,0.9,5
9,NM v Syd,Tom Papley,sydney,12412,resolved,0.089,0.5,6
9,NM v Syd,Finn O'Sullivan,north_melbourne,13187,resolved,0.084,0.5,7
9,NM v Syd,Chad Warner,sydney,12797,resolved,0.055,0.3,8
9,NM v Syd,Hayden McLean,sydney,12745,resolved,0.043,0.2,9
9,NM v Syd,Callum Mills,sydney,12413,resolved,0.036,0.1,10
9,NM v Syd,Jake Lloyd,sydney,12268,resolved,0.017,0.0,11
9,NM v Syd,Riley Bice,sydney,13195,resolved,0.014,0.0,14
9,NM v Syd,Justin McInerney,sydney,12711,resolved,0.014,0.0,13
9,NM v Syd,Tristan Xerri,north_melbourne,12788,resolved,0.013,0.0,12
9,NM v Syd,Colby McKercher,north_melbourne,13107,resolved,0.013,0.0,15
9,NM v Syd,George Wardlaw,north_melbourne,13064,resolved,0.012,0.0,16
9,NM v Syd,Cameron Zurhaar,north_melbourne,12557,resolved,0.01,0.0,17
9,NM v Syd,Angus Sheldrick,sydney,12951,resolved,0.008,0.0,18
9,NM v Syd,Caleb Daniel,north_melbourne,12373,resolved,0.005,0.0,19
9,NM v Syd,Jy Simpkin,north_melbourne,12502,resolved,0.005,0.0,21
9,NM v Syd,Brodie Grundy,sydney,12217,resolved,0.004,0.0,20
9,NM v Syd,Dane Rampe,sydney,12140,resolved,0.003,0.0,22
9,NM v Syd,Sam Wicks,sydney,12818,resolved,0.002,0.0,23
9,NM v Syd,Harry Cunningham,sydney,12015,resolved,0.002,0.0,24
9,NM v Syd,Logan McDonald,sydney,12861,resolved,0.002,0.0,25
9,NM v Syd,William Edwards,sydney,13318,resolved,0.002,0.0,26
9,NM v Syd,James Jordon,sydney,12860,resolved,0.001,0.0,31
9,NM v Syd,Lewis Melican,sydney,12526,resolved,0.001,0.0,27
9,NM v Syd,Charlie Comben,north_melbourne,12938,resolved,0.001,0.0,32
9,NM v Syd,Luke McDonald,north_melbourne,12246,resolved,0.001,0.0,28
9,NM v Syd,Dylan Stephens,north_melbourne,12796,resolved,0.001,0.0,29
9,NM v Syd,Tom Blamires,north_melbourne,13287,resolved,0.0,0.0,30
9,NM v Syd,Jack Darling,north_melbourne,11905,resolved,0.0,0.0,33
9,NM v Syd,James Rowbottom,sydney,12714,resolved,0.0,0.0,34
9,NM v Syd,Billy Cootee,sydney,13317,resolved,0.0,0.0,35
9,NM v Syd,Zane Duursma,north_melbourne,13106,resolved,0.0,0.0,36
9,NM v Syd,Joel Amartey,sydney,12844,resolved,0.0,0.0,37
9,NM v Syd,Paul Curtis,north_melbourne,12975,resolved,0.0,0.0,38
9,NM v Syd,Griffin Logue,north_melbourne,12511,resolved,0.0,0.0,39
9,NM v Syd,Charlie Spargo,north_melbourne,12622,resolved,0.0,0.0,40
9,NM v Syd,Wil Dawson,north_melbourne,13144,resolved,0.0,0.0,41
9,NM v Syd,Malcolm Rosas,sydney,12903,resolved,0.0,0.0,42
9,NM v Syd,Matt Roberts,sydney,12994,resolved,0.0,0.0,43
9,NM v Syd,Jacob Konstanty,north_melbourne,13186,resolved,0.0,0.0,44
9,NM v Syd,Cooper Trembath,north_melbourne,13263,resolved,0.0,0.0,45
9,NM v Syd,Nick Larkey,north_melbourne,12563,resolved,0.0,0.0,46
9,GWS v Ess,Finn Callaghan,greater_western_sydney,12969,resolved,1.397,22.5,1
9,GWS v Ess,Toby Greene,greater_western_sydney,12025,resolved,1.094,18.3,2
9,GWS v Ess,Archie Roberts,essendon,13168,resolved,0.972,16.4,3
9,GWS v Ess,Lachie Whitfield,greater_western_sydney,12143,resolved,0.901,15.2,4
9,GWS v Ess,Lachie Ash,greater_western_sydney,12782,resolved,0.483,8.6,5
9,GWS v Ess,Clayton Oliver,greater_western_sydney,12410,resolved,0.409,7.2,6
9,GWS v Ess,Sam Durham,essendon,12925,resolved,0.207,3.6,7
9,GWS v Ess,Peter Wright,essendon,12366,resolved,0.161,2.8,8
9,GWS v Ess,Brent Daniels,greater_western_sydney,12656,resolved,0.114,2.0,10
9,GWS v Ess,Zach Merrett,essendon,12241,resolved,0.113,1.8,9
9,GWS v Ess,Jayden Laverde,greater_western_sydney,12377,resolved,0.039,0.5,11
9,GWS v Ess,Jake Stringer,greater_western_sydney,12167,resolved,0.024,0.3,12
9,GWS v Ess,Darcy Parish,essendon,12406,resolved,0.02,0.3,13
9,GWS v Ess,Harvey Thomas,greater_western_sydney,13101,resolved,0.016,0.2,14
9,GWS v Ess,Connor Idun,greater_western_sydney,12750,resolved,0.014,0.1,15
9,GWS v Ess,Jake Riccardi,greater_western_sydney,12834,resolved,0.011,0.1,16
9,GWS v Ess,Sullivan Robey,essendon,13307,resolved,0.007,0.0,17
9,GWS v Ess,Kieren Briggs,greater_western_sydney,12904,resolved,0.005,0.0,18
9,GWS v Ess,Aaron Cadman,greater_western_sydney,13054,resolved,0.003,0.0,19
9,GWS v Ess,Harry Himmelberg,greater_western_sydney,12462,resolved,0.002,0.0,20
9,GWS v Ess,Dyson Sharp,essendon,13283,resolved,0.002,0.0,22
9,GWS v Ess,James Leake,greater_western_sydney,13174,resolved,0.001,0.0,21
9,GWS v Ess,Archer May,essendon,13238,resolved,0.001,0.0,25
9,GWS v Ess,Mason Redman,essendon,12437,resolved,0.001,0.0,23
9,GWS v Ess,Nate Caddy,essendon,13148,resolved,0.001,0.0,24
9,GWS v Ess,Archie Perkins,essendon,12879,resolved,0.001,0.0,27
9,GWS v Ess,Xavier Duursma,essendon,12696,resolved,0.001,0.0,28
9,GWS v Ess,Toby Bedford,greater_western_sydney,12772,resolved,0.0,0.0,26
9,GWS v Ess,Jack Buckley,greater_western_sydney,12846,resolved,0.0,0.0,31
9,GWS v Ess,Andrew McGrath,essendon,12491,resolved,0.0,0.0,29
9,GWS v Ess,Phoenix Gothard,greater_western_sydney,13279,resolved,0.0,0.0,30
9,GWS v Ess,Max Gruzewski,greater_western_sydney,13158,resolved,0.0,0.0,32
9,GWS v Ess,Lachlan Blakiston,essendon,13237,resolved,0.0,0.0,33
9,GWS v Ess,Joe Fonti,greater_western_sydney,13164,resolved,0.0,0.0,34
9,GWS v Ess,Stephen Coniglio,greater_western_sydney,12028,resolved,0.0,0.0,35
9,GWS v Ess,Jaxon Prior,essendon,12874,resolved,0.0,0.0,36
9,GWS v Ess,Nick Bryan,essendon,12899,resolved,0.0,0.0,37
9,GWS v Ess,Jacob Farrow,essendon,13299,resolved,0.0,0.0,38
9,GWS v Ess,Kyle Langford,essendon,12349,resolved,0.0,0.0,39
9,GWS v Ess,Zak Johnson,essendon,13231,resolved,0.0,0.0,40
9,GWS v Ess,Nik Cox,essendon,12852,resolved,0.0,0.0,41
9,GWS v Ess,Jayden Nguyen,essendon,13258,resolved,0.0,0.0,42
9,GWS v Ess,Zach Reid,essendon,12889,resolved,0.0,0.0,43
9,GWS v Ess,Oliver Hannaford,greater_western_sydney,13302,resolved,0.0,0.0,44
9,GWS v Ess,Toby McMullin,greater_western_sydney,13088,resolved,0.0,0.0,45
9,GWS v Ess,Archer Day-Wicks,essendon,13223,resolved,0.0,0.0,46
9,GC v St K,Daniel Rioli,gold_coast,12403,resolved,1.323,21.3,1
9,GC v St K,Noah Anderson,gold_coast,12767,resolved,1.142,18.6,2
9,GC v St K,Bodhi Uwland,gold_coast,13041,resolved,0.989,16.5,3
9,GC v St K,John Noble,gold_coast,12743,resolved,0.945,16.2,4
9,GC v St K,Touk Miller,gold_coast,12331,resolved,0.404,6.9,5
9,GC v St K,Christian Petracca,gold_coast,12430,resolved,0.277,5.1,7
9,GC v St K,Darcy Wilson,st_kilda,13110,resolved,0.274,4.9,6
9,GC v St K,Ben King,gold_coast,12728,resolved,0.211,3.8,8
9,GC v St K,Mac Andrew,gold_coast,13019,resolved,0.147,2.6,9
9,GC v St K,Sam Flanders,st_kilda,12824,resolved,0.093,1.6,10
9,GC v St K,Hugo Garcia,st_kilda,13125,resolved,0.056,1.0,11
9,GC v St K,Bailey Humphrey,gold_coast,13049,resolved,0.03,0.4,12
9,GC v St K,Joel Jeffrey,gold_coast,12933,resolved,0.024,0.4,13
9,GC v St K,Max Hall,st_kilda,13193,resolved,0.019,0.2,14
9,GC v St K,Lachie Weller,gold_coast,12385,resolved,0.018,0.2,15
9,GC v St K,Jack Sinclair,st_kilda,12325,resolved,0.016,0.2,16
9,GC v St K,Sam Collins,gold_coast,12444,resolved,0.012,0.1,17
9,GC v St K,Ned Moyle,gold_coast,13050,resolved,0.005,0.0,18
9,GC v St K,Marcus Windhager,st_kilda,12967,resolved,0.004,0.0,19
9,GC v St K,Will Graham,gold_coast,13120,resolved,0.003,0.0,20
9,GC v St K,Oscar Adams,gold_coast,13251,resolved,0.002,0.0,22
9,GC v St K,Rowan Marshall,st_kilda,12564,resolved,0.002,0.0,21
9,GC v St K,Alex Davies,gold_coast,12942,resolved,0.001,0.0,23
9,GC v St K,Bradley Hill,st_kilda,12060,resolved,0.0,0.0,24
9,GC v St K,Wil Powell,gold_coast,12652,resolved,0.0,0.0,25
9,GC v St K,Jack Macrae,st_kilda,12166,resolved,0.0,0.0,26
9,GC v St K,Tom De Koning,st_kilda,12674,resolved,0.0,0.0,27
9,GC v St K,Leonardo Lombard,gold_coast,13232,resolved,0.0,0.0,28
9,GC v St K,Ben Long,gold_coast,12521,resolved,0.0,0.0,29
9,GC v St K,Liam Henry,st_kilda,12831,resolved,0.0,0.0,30
9,GC v St K,Ryan Byrnes,st_kilda,12802,resolved,0.0,0.0,31
9,GC v St K,Ethan Read,gold_coast,13121,resolved,0.0,0.0,32
9,GC v St K,Mason Wood,st_kilda,12312,resolved,0.0,0.0,33
9,GC v St K,Ben Jepson,gold_coast,13257,resolved,0.0,0.0,34
9,GC v St K,Lachlan Gulbin,gold_coast,13272,resolved,0.0,0.0,35
9,GC v St K,Mattaes Phillipou,st_kilda,13036,resolved,0.0,0.0,36
9,GC v St K,Jack Silvagni,st_kilda,12458,resolved,0.0,0.0,37
9,GC v St K,Jamarra Ugle-Hagan,gold_coast,12923,resolved,0.0,0.0,38
9,GC v St K,Liam O'Connell,st_kilda,13194,resolved,0.0,0.0,39
9,GC v St K,Mitch Owens,st_kilda,12948,resolved,0.0,0.0,40
9,GC v St K,Jack Carroll,st_kilda,12976,resolved,0.0,0.0,41
9,GC v St K,Cooper Sharman,st_kilda,12929,resolved,0.0,0.0,42
9,GC v St K,Dougal Howard,st_kilda,12420,resolved,0.0,0.0,43
9,GC v St K,Liam Stocker,st_kilda,12721,resolved,0.0,0.0,44
9,GC v St K,Callum Wilkie,st_kilda,12703,resolved,0.0,0.0,45
9,GC v St K,Anthony Caminiti,st_kilda,13035,resolved,0.0,0.0,46
9,Geel v Coll,Bailey Smith,geelong,12692,resolved,2.924,92.7,1
9,Geel v Coll,Max Holmes,geelong,12881,resolved,0.963,4.4,2
9,Geel v Coll,Oisin Mullin,geelong,13066,resolved,0.77,2.6,3
9,Geel v Coll,James Worpel,geelong,12619,resolved,0.162,0.1,4
9,Geel v Coll,Oliver Henry,geelong,12851,resolved,0.151,0.1,5
9,Geel v Coll,Jordan De Goey,collingwood,12318,resolved,0.15,0.1,6
9,Geel v Coll,Shannon Neale,geelong,12992,resolved,0.102,0.0,7
9,Geel v Coll,Lawson Humphries,geelong,13160,resolved,0.089,0.0,9
9,Geel v Coll,Nick Daicos,collingwood,12943,resolved,0.087,0.0,10
9,Geel v Coll,Shaun Mannagh,geelong,13104,resolved,0.084,0.0,8
9,Geel v Coll,Scott Pendlebury,collingwood,4182,resolved,0.077,0.0,11
9,Geel v Coll,Zach Guthrie,geelong,12551,resolved,0.045,0.0,12
9,Geel v Coll,Jeremy Cameron,geelong,12017,resolved,0.042,0.0,13
9,Geel v Coll,Oliver Dempsey,geelong,12974,resolved,0.041,0.0,16
9,Geel v Coll,Jack Bowes,geelong,12499,resolved,0.037,0.0,15
9,Geel v Coll,Tom Stewart,geelong,12505,resolved,0.037,0.0,14
9,Geel v Coll,Patrick Dangerfield,geelong,11700,resolved,0.036,0.0,17
9,Geel v Coll,Rhys Stanley,geelong,11847,resolved,0.025,0.0,18
9,Geel v Coll,Josh Daicos,collingwood,12573,resolved,0.019,0.0,21
9,Geel v Coll,Jack Martin,geelong,12236,resolved,0.019,0.0,19
9,Geel v Coll,Mark O'Connor,geelong,12531,resolved,0.018,0.0,20
9,Geel v Coll,Jack Crisp,collingwood,12061,resolved,0.018,0.0,22
9,Geel v Coll,Tanner Bruhn,geelong,12871,resolved,0.015,0.0,23
9,Geel v Coll,Connor O'Sullivan,geelong,13122,resolved,0.013,0.0,24
9,Geel v Coll,Sam De Koning,geelong,12891,resolved,0.012,0.0,26
9,Geel v Coll,Dan Houston,collingwood,12495,resolved,0.012,0.0,25
9,Geel v Coll,Brad Close,geelong,12806,resolved,0.011,0.0,27
9,Geel v Coll,Jake Kolodjashnij,geelong,12370,resolved,0.009,0.0,29
9,Geel v Coll,Tom Atkins,geelong,12690,resolved,0.008,0.0,28
9,Geel v Coll,Jeremy Howe,collingwood,11967,resolved,0.007,0.0,30
9,Geel v Coll,Brayden Maynard,collingwood,12371,resolved,0.007,0.0,31
9,Geel v Coll,Beau McCreery,collingwood,12876,resolved,0.004,0.0,32
9,Geel v Coll,Jack Buller,collingwood,13071,resolved,0.002,0.0,33
9,Geel v Coll,Jamie Elliott,collingwood,12083,resolved,0.001,0.0,35
9,Geel v Coll,Patrick Lipinski,collingwood,12578,resolved,0.001,0.0,34
9,Geel v Coll,Daniel McStay,collingwood,12291,resolved,0.0,0.0,36
9,Geel v Coll,Angus Anderson,collingwood,13306,resolved,0.0,0.0,37
9,Geel v Coll,Ned Long,collingwood,13023,resolved,0.0,0.0,38
9,Geel v Coll,Lachie Schultz,collingwood,12700,resolved,0.0,0.0,39
9,Geel v Coll,Darcy Cameron,collingwood,12660,resolved,0.0,0.0,40
9,Geel v Coll,Roan Steele,collingwood,13248,resolved,0.0,0.0,41
9,Geel v Coll,Steele Sidebottom,collingwood,11751,resolved,0.0,0.0,42
9,Geel v Coll,Billy Frampton,collingwood,12676,resolved,0.0,0.0,43
9,Geel v Coll,Isaac Quaynor,collingwood,12740,resolved,0.0,0.0,44
9,Geel v Coll,Darcy Moore,collingwood,12372,resolved,0.0,0.0,45
9,Geel v Coll,Oscar Steene,collingwood,13298,resolved,0.0,0.0,46
9,Melb v WC,Jacob van Rooyen,melbourne,13048,resolved,2.312,52.2,1
9,Melb v WC,Tom Sparrow,melbourne,12693,resolved,1.012,15.9,2
9,Melb v WC,Kade Chandler,melbourne,12756,resolved,0.694,10.1,3
9,Melb v WC,Ed Langdon,melbourne,12393,resolved,0.439,6.0,4
9,Melb v WC,Max Gawn,melbourne,11966,resolved,0.39,5.3,5
9,Melb v WC,Caleb Windsor,melbourne,13099,resolved,0.279,3.7,6
9,Melb v WC,Jack Steele,melbourne,12368,resolved,0.228,2.7,7
9,Melb v WC,Jake Bowey,melbourne,12931,resolved,0.137,1.4,8
9,Melb v WC,Harley Reid,west_coast,13111,resolved,0.101,0.9,9
9,Melb v WC,Jake Lever,melbourne,12351,resolved,0.049,0.3,10
9,Melb v WC,Kysaiah Pickett,melbourne,12771,resolved,0.041,0.3,11
9,Melb v WC,Jake Waterman,west_coast,12601,resolved,0.035,0.1,12
9,Melb v WC,Changkuoth Jiath,melbourne,12752,resolved,0.034,0.2,13
9,Melb v WC,Tim Kelly,west_coast,12595,resolved,0.031,0.1,14
9,Melb v WC,Tom McCarthy,west_coast,13240,resolved,0.03,0.2,15
9,Melb v WC,Paddy Cross,melbourne,13300,resolved,0.03,0.2,17
9,Melb v WC,Elliot Yeo,west_coast,12087,resolved,0.028,0.2,16
9,Melb v WC,Koltyn Tholstrup,melbourne,13123,resolved,0.027,0.1,18
9,Melb v WC,Blake Howes,melbourne,13098,resolved,0.019,0.0,19
9,Melb v WC,Max Heath,melbourne,13254,resolved,0.014,0.0,21
9,Melb v WC,Harrison Petty,melbourne,12653,resolved,0.014,0.0,20
9,Melb v WC,Willem Duursma,west_coast,13292,resolved,0.012,0.0,22
9,Melb v WC,Josh Lindsay,west_coast,13293,resolved,0.008,0.0,23
9,Melb v WC,Liam Duggan,west_coast,12334,resolved,0.005,0.0,24
9,Melb v WC,Harry Sharp,melbourne,12864,resolved,0.005,0.0,25
9,Melb v WC,Milan Murdock,west_coast,13294,resolved,0.004,0.0,27
9,Melb v WC,Harvey Langford,melbourne,13184,resolved,0.004,0.0,26
9,Melb v WC,Tom Cole,west_coast,12446,resolved,0.003,0.0,29
9,Melb v WC,Bailey J. Williams,west_coast,,unresolved,0.003,0.0,28
9,Melb v WC,Bailey Laurie,melbourne,13032,resolved,0.002,0.0,30
9,Melb v WC,Bayley Fritsch,melbourne,12598,resolved,0.002,0.0,32
9,Melb v WC,Latrelle Pickett,melbourne,13286,resolved,0.001,0.0,33
9,Melb v WC,Ryan Maric,west_coast,13070,resolved,0.001,0.0,31
9,Melb v WC,Brady Hough,west_coast,12957,resolved,0.001,0.0,36
9,Melb v WC,Reuben Ginbey,west_coast,13038,resolved,0.001,0.0,34
9,Melb v WC,Tylar Young,west_coast,13043,resolved,0.001,0.0,35
9,Melb v WC,Cooper Duff-Tytler,west_coast,13291,resolved,0.001,0.0,37
9,Melb v WC,Liam Baker,west_coast,12661,resolved,0.0,0.0,38
9,Melb v WC,Matthew Jefferson,melbourne,13182,resolved,0.0,0.0,39
9,Melb v WC,Andy Moniz-Wakefield,melbourne,13161,resolved,0.0,0.0,40
9,Melb v WC,Hamish Davis,west_coast,13210,resolved,0.0,0.0,41
9,Melb v WC,Jack Hutchinson,west_coast,13151,resolved,0.0,0.0,42
9,Melb v WC,Malakai Champion,west_coast,13250,resolved,0.0,0.0,43
9,Melb v WC,Harry Edwards,west_coast,12811,resolved,0.0,0.0,44
9,Melb v WC,Jobe Shanahan,west_coast,13247,resolved,0.0,0.0,45
9,Melb v WC,Harvey Johnston,west_coast,13136,resolved,0.0,0.0,46
9,Rich v Adel,Izak Rankine,adelaide,12798,resolved,2.668,69.7,1
9,Rich v Adel,Jordan Dawson,adelaide,12516,resolved,1.912,24.1,2
9,Rich v Adel,Wayne Milera,adelaide,12405,resolved,0.886,5.4,3
9,Rich v Adel,Rory Laird,adelaide,12165,resolved,0.162,0.5,4
9,Rich v Adel,Tim Taranto,richmond,12504,resolved,0.11,0.3,5
9,Rich v Adel,Sam Berry,adelaide,12849,resolved,0.061,0.0,6
9,Rich v Adel,Alex Neal-Bullen,adelaide,12367,resolved,0.048,0.0,7
9,Rich v Adel,James Peatling,adelaide,12934,resolved,0.017,0.0,8
9,Rich v Adel,Brayden Cook,adelaide,12932,resolved,0.016,0.0,9
9,Rich v Adel,Josh Rachele,adelaide,12953,resolved,0.016,0.0,11
9,Rich v Adel,Lachlan McAndrew,adelaide,13065,resolved,0.015,0.0,10
9,Rich v Adel,Josh Worrell,adelaide,12912,resolved,0.013,0.0,12
9,Rich v Adel,Jack Ross,richmond,,unresolved,0.011,0.0,13
9,Rich v Adel,Jacob Hopper,richmond,12440,resolved,0.009,0.0,14
9,Rich v Adel,Ben Keays,adelaide,12434,resolved,0.009,0.0,15
9,Rich v Adel,Tom Lynch,richmond,11948,resolved,0.005,0.0,17
9,Rich v Adel,Isaac Cumming,adelaide,12629,resolved,0.004,0.0,16
9,Rich v Adel,Toby Murray,adelaide,13280,resolved,0.004,0.0,19
9,Rich v Adel,James Borlase,adelaide,13086,resolved,0.004,0.0,18
9,Rich v Adel,Daniel Curtin,adelaide,13132,resolved,0.004,0.0,20
9,Rich v Adel,Riley Thilthorpe,adelaide,12892,resolved,0.003,0.0,21
9,Rich v Adel,Zac Taylor,adelaide,13159,resolved,0.003,0.0,22
9,Rich v Adel,Jake Soligo,adelaide,12952,resolved,0.002,0.0,24
9,Rich v Adel,Jayden Short,richmond,12418,resolved,0.002,0.0,23
9,Rich v Adel,Noah Balta,richmond,12686,resolved,0.002,0.0,26
9,Rich v Adel,Hugh Bond,adelaide,13165,resolved,0.002,0.0,30
9,Rich v Adel,Nick Vlastuin,richmond,12174,resolved,0.002,0.0,27
9,Rich v Adel,Ben Miller,richmond,12941,resolved,0.002,0.0,25
9,Rich v Adel,Patrick Retschko,richmond,13313,resolved,0.002,0.0,28
9,Rich v Adel,Luke Pedlar,adelaide,12921,resolved,0.002,0.0,29
9,Rich v Adel,Luke Trainor,richmond,13191,resolved,0.001,0.0,31
9,Rich v Adel,Max Michalanney,adelaide,13027,resolved,0.001,0.0,32
9,Rich v Adel,Nick Murray,adelaide,12872,resolved,0.001,0.0,34
9,Rich v Adel,James Trezise,richmond,13095,resolved,0.0,0.0,33
9,Rich v Adel,Seth Campbell,richmond,13100,resolved,0.0,0.0,35
9,Rich v Adel,Tyler Sonsie,richmond,13014,resolved,0.0,0.0,36
9,Rich v Adel,Nathan Broad,richmond,12456,resolved,0.0,0.0,37
9,Rich v Adel,Kane McAuliffe,richmond,13117,resolved,0.0,0.0,38
9,Rich v Adel,Mykelti Lefau,richmond,13113,resolved,0.0,0.0,39
9,Rich v Adel,Oliver Hayes-Brown,richmond,13309,resolved,0.0,0.0,40
9,Rich v Adel,Steely Green,richmond,13145,resolved,0.0,0.0,41
9,Rich v Adel,Campbell Gray,richmond,13218,resolved,0.0,0.0,42
9,Rich v Adel,Jonty Faull,richmond,13214,resolved,0.0,0.0,43
9,Rich v Adel,Tom Burton,richmond,13315,resolved,0.0,0.0,44
9,Rich v Adel,Sam Cumming,richmond,13316,resolved,0.0,0.0,45
9,Rich v Adel,Tom Brown,richmond,13096,resolved,0.0,0.0,46
10,Bris v Geel,Shaun Mannagh,geelong,13104,resolved,2.555,57.2,1
10,Bris v Geel,Bailey Smith,geelong,12692,resolved,2.361,40.9,2
10,Bris v Geel,Tom Stewart,geelong,12505,resolved,0.677,1.8,3
10,Bris v Geel,Tanner Bruhn,geelong,12871,resolved,0.133,0.1,4
10,Bris v Geel,Max Holmes,geelong,12881,resolved,0.043,0.0,6
10,Bris v Geel,Shannon Neale,geelong,12992,resolved,0.041,0.0,5
10,Bris v Geel,Oisin Mullin,geelong,13066,resolved,0.034,0.0,7
10,Bris v Geel,Jeremy Cameron,geelong,12017,resolved,0.027,0.0,8
10,Bris v Geel,Tom Atkins,geelong,12690,resolved,0.018,0.0,9
10,Bris v Geel,Lachie Neale,brisbane_lions,12055,resolved,0.015,0.0,11
10,Bris v Geel,Darcy Wilmot,brisbane_lions,13026,resolved,0.015,0.0,10
10,Bris v Geel,Lawson Humphries,geelong,13160,resolved,0.01,0.0,13
10,Bris v Geel,Levi Ashcroft,brisbane_lions,13197,resolved,0.01,0.0,12
10,Bris v Geel,Oliver Henry,geelong,12851,resolved,0.007,0.0,14
10,Bris v Geel,Will Ashcroft,brisbane_lions,13040,resolved,0.006,0.0,15
10,Bris v Geel,Patrick Dangerfield,geelong,11700,resolved,0.005,0.0,17
10,Bris v Geel,Charlie Cameron,brisbane_lions,,unresolved,0.005,0.0,16
10,Bris v Geel,Zach Guthrie,geelong,12551,resolved,0.004,0.0,22
10,Bris v Geel,Connor O'Sullivan,geelong,13122,resolved,0.004,0.0,21
10,Bris v Geel,Oliver Dempsey,geelong,12974,resolved,0.004,0.0,19
10,Bris v Geel,Josh Dunkley,brisbane_lions,12408,resolved,0.004,0.0,20
10,Bris v Geel,Mitchell Edwards,geelong,13285,resolved,0.004,0.0,18
10,Bris v Geel,Gryan Miers,geelong,12689,resolved,0.004,0.0,23
10,Bris v Geel,Sam De Koning,geelong,12891,resolved,0.003,0.0,24
10,Bris v Geel,Cam Rayner,brisbane_lions,12592,resolved,0.002,0.0,25
10,Bris v Geel,Hugh McCluggage,brisbane_lions,12518,resolved,0.002,0.0,27
10,Bris v Geel,Zac Bailey,brisbane_lions,12610,resolved,0.002,0.0,26
10,Bris v Geel,Keidean Coleman,brisbane_lions,12838,resolved,0.001,0.0,29
10,Bris v Geel,Logan Morris,brisbane_lions,13137,resolved,0.001,0.0,30
10,Bris v Geel,Sam Draper,brisbane_lions,12810,resolved,0.001,0.0,28
10,Bris v Geel,Mark O'Connor,geelong,12531,resolved,0.001,0.0,31
10,Bris v Geel,Harris Andrews,brisbane_lions,12340,resolved,0.0,0.0,32
10,Bris v Geel,Bruce Reville,brisbane_lions,13138,resolved,0.0,0.0,33
10,Bris v Geel,Mark Blicavs,geelong,12153,resolved,0.0,0.0,34
10,Bris v Geel,Brad Close,geelong,12806,resolved,0.0,0.0,35
10,Bris v Geel,Darcy Fort,brisbane_lions,12724,resolved,0.0,0.0,36
10,Bris v Geel,Jack Martin,geelong,12236,resolved,0.0,0.0,37
10,Bris v Geel,Darcy Gardiner,brisbane_lions,12267,resolved,0.0,0.0,38
10,Bris v Geel,Jaspa Fletcher,brisbane_lions,13072,resolved,0.0,0.0,39
10,Bris v Geel,Jack Henry,geelong,12607,resolved,0.0,0.0,40
10,Bris v Geel,Kai Lohmann,brisbane_lions,12968,resolved,0.0,0.0,41
10,Bris v Geel,Conor McKenna,brisbane_lions,12391,resolved,0.0,0.0,42
10,Bris v Geel,Sam Marshall,brisbane_lions,13215,resolved,0.0,0.0,43
10,Bris v Geel,Ryan Lester,brisbane_lions,11894,resolved,0.0,0.0,44
10,Bris v Geel,Cody Curtin,brisbane_lions,13319,resolved,0.0,0.0,45
10,Bris v Geel,James Tunstill,brisbane_lions,13005,resolved,0.0,0.0,46
10,Syd v Coll,Brodie Grundy,sydney,12217,resolved,2.305,47.4,1
10,Syd v Coll,Nick Blakey,sydney,12699,resolved,1.963,33.4,2
10,Syd v Coll,Isaac Heeney,sydney,12326,resolved,0.97,11.7,3
10,Syd v Coll,Justin McInerney,sydney,12711,resolved,0.353,3.8,4
10,Syd v Coll,Nick Daicos,collingwood,12943,resolved,0.301,3.2,5
10,Syd v Coll,Chad Warner,sydney,12797,resolved,0.055,0.4,6
10,Syd v Coll,Jordan De Goey,collingwood,12318,resolved,0.024,0.1,7
10,Syd v Coll,Isaac Quaynor,collingwood,12740,resolved,0.005,0.0,8
10,Syd v Coll,Tom McCartin,sydney,12627,resolved,0.004,0.0,9
10,Syd v Coll,Callum Mills,sydney,12413,resolved,0.003,0.0,12
10,Syd v Coll,Jeremy Howe,collingwood,11967,resolved,0.003,0.0,10
10,Syd v Coll,Sam Wicks,sydney,12818,resolved,0.003,0.0,11
10,Syd v Coll,Jack Crisp,collingwood,12061,resolved,0.002,0.0,15
10,Syd v Coll,Jai Serong,sydney,13022,resolved,0.002,0.0,13
10,Syd v Coll,Tom Papley,sydney,12412,resolved,0.001,0.0,16
10,Syd v Coll,Josh Daicos,collingwood,12573,resolved,0.001,0.0,14
10,Syd v Coll,Roan Steele,collingwood,13248,resolved,0.001,0.0,18
10,Syd v Coll,Edward Allan,collingwood,13146,resolved,0.001,0.0,17
10,Syd v Coll,Brayden Maynard,collingwood,12371,resolved,0.001,0.0,19
10,Syd v Coll,Riley Bice,sydney,13195,resolved,0.001,0.0,21
10,Syd v Coll,Angus Sheldrick,sydney,12951,resolved,0.001,0.0,23
10,Syd v Coll,Angus Anderson,collingwood,13306,resolved,0.001,0.0,20
10,Syd v Coll,William Edwards,sydney,13318,resolved,0.001,0.0,25
10,Syd v Coll,James Rowbottom,sydney,12714,resolved,0.0,0.0,24
10,Syd v Coll,Lewis Melican,sydney,12526,resolved,0.0,0.0,22
10,Syd v Coll,Steele Sidebottom,collingwood,11751,resolved,0.0,0.0,26
10,Syd v Coll,Dan Houston,collingwood,12495,resolved,0.0,0.0,27
10,Syd v Coll,Logan McDonald,sydney,12861,resolved,0.0,0.0,28
10,Syd v Coll,Daniel McStay,collingwood,12291,resolved,0.0,0.0,29
10,Syd v Coll,Lachie Schultz,collingwood,12700,resolved,0.0,0.0,30
10,Syd v Coll,Jamie Elliott,collingwood,12083,resolved,0.0,0.0,31
10,Syd v Coll,Malcolm Rosas,sydney,12903,resolved,0.0,0.0,32
10,Syd v Coll,Ned Long,collingwood,13023,resolved,0.0,0.0,33
10,Syd v Coll,Charlie Curnow,sydney,12421,resolved,0.0,0.0,34
10,Syd v Coll,James Jordon,sydney,12860,resolved,0.0,0.0,35
10,Syd v Coll,Billy Frampton,collingwood,12676,resolved,0.0,0.0,36
10,Syd v Coll,Oscar Steene,collingwood,13298,resolved,0.0,0.0,37
10,Syd v Coll,Jake Lloyd,sydney,12268,resolved,0.0,0.0,38
10,Syd v Coll,Harry Cunningham,sydney,12015,resolved,0.0,0.0,39
10,Syd v Coll,Joel Amartey,sydney,12844,resolved,0.0,0.0,40
10,Syd v Coll,Wil Parker,collingwood,13147,resolved,0.0,0.0,41
10,Syd v Coll,Charlie West,collingwood,13246,resolved,0.0,0.0,42
10,Syd v Coll,Beau McCreery,collingwood,12876,resolved,0.0,0.0,43
10,Syd v Coll,William Hayes,collingwood,13228,resolved,0.0,0.0,44
10,Syd v Coll,Billy Cootee,sydney,13317,resolved,0.0,0.0,45
10,Syd v Coll,Jack Buller,collingwood,13071,resolved,0.0,0.0,46
10,GC v Port,Noah Anderson,gold_coast,12767,resolved,1.758,30.8,1
10,GC v Port,John Noble,gold_coast,12743,resolved,1.272,21.5,2
10,GC v Port,Bodhi Uwland,gold_coast,13041,resolved,1.097,18.0,3
10,GC v Port,Christian Petracca,gold_coast,12430,resolved,0.618,10.4,4
10,GC v Port,Zak Butters,port_adelaide,12698,resolved,0.452,7.6,5
10,GC v Port,Matt Rowell,gold_coast,12768,resolved,0.291,4.8,6
10,GC v Port,Sam Collins,gold_coast,12444,resolved,0.16,2.4,7
10,GC v Port,Ned Moyle,gold_coast,13050,resolved,0.147,2.4,8
10,GC v Port,Mac Andrew,gold_coast,13019,resolved,0.099,1.4,9
10,GC v Port,Willem Drew,port_adelaide,12695,resolved,0.025,0.3,10
10,GC v Port,Touk Miller,gold_coast,12331,resolved,0.021,0.2,11
10,GC v Port,Daniel Rioli,gold_coast,12403,resolved,0.019,0.1,12
10,GC v Port,Jed Walter,gold_coast,13114,resolved,0.007,0.0,13
10,GC v Port,Darcy Byrne-Jones,port_adelaide,12422,resolved,0.005,0.0,17
10,GC v Port,Jarrod Witts,gold_coast,12177,resolved,0.005,0.0,14
10,GC v Port,Joe Richards,port_adelaide,13139,resolved,0.005,0.0,15
10,GC v Port,Oscar Adams,gold_coast,13251,resolved,0.004,0.0,18
10,GC v Port,Jase Burgoyne,port_adelaide,13007,resolved,0.003,0.0,16
10,GC v Port,Joe Berry,port_adelaide,13188,resolved,0.002,0.0,20
10,GC v Port,Leonardo Lombard,gold_coast,13232,resolved,0.002,0.0,19
10,GC v Port,Kane Farrell,port_adelaide,12664,resolved,0.002,0.0,23
10,GC v Port,Wil Powell,gold_coast,12652,resolved,0.002,0.0,21
10,GC v Port,Jason Horne-Francis,port_adelaide,12956,resolved,0.002,0.0,22
10,GC v Port,Ollie Wines,port_adelaide,12150,resolved,0.001,0.0,24
10,GC v Port,Nick Holman,gold_coast,12307,resolved,0.0,0.0,26
10,GC v Port,Joel Jeffrey,gold_coast,12933,resolved,0.0,0.0,25
10,GC v Port,Ewan Mackinlay,port_adelaide,13269,resolved,0.0,0.0,27
10,GC v Port,Bailey Humphrey,gold_coast,13049,resolved,0.0,0.0,28
10,GC v Port,Logan Evans,port_adelaide,13156,resolved,0.0,0.0,29
10,GC v Port,Esava Ratugolea,port_adelaide,12597,resolved,0.0,0.0,30
10,GC v Port,Zeke Uwland,gold_coast,13278,resolved,0.0,0.0,31
10,GC v Port,Aliir Aliir,port_adelaide,12433,resolved,0.0,0.0,32
10,GC v Port,Jordon Sweet,port_adelaide,12890,resolved,0.0,0.0,33
10,GC v Port,Ben King,gold_coast,12728,resolved,0.0,0.0,34
10,GC v Port,Will Graham,gold_coast,13120,resolved,0.0,0.0,35
10,GC v Port,Will Lorenz,port_adelaide,13162,resolved,0.0,0.0,36
10,GC v Port,Lachlan Gulbin,gold_coast,13272,resolved,0.0,0.0,37
10,GC v Port,Christian Moraes,port_adelaide,13199,resolved,0.0,0.0,38
10,GC v Port,Mitch Georgiades,port_adelaide,12766,resolved,0.0,0.0,39
10,GC v Port,Corey Durdin,port_adelaide,12936,resolved,0.0,0.0,40
10,GC v Port,Tom Anastasopoulos,port_adelaide,13322,resolved,0.0,0.0,41
10,GC v Port,Jack Watkins,port_adelaide,13289,resolved,0.0,0.0,42
10,GC v Port,Lachie Weller,gold_coast,12385,resolved,0.0,0.0,43
10,GC v Port,Jack Whitlock,port_adelaide,13259,resolved,0.0,0.0,44
10,GC v Port,Dante Visentini,port_adelaide,13073,resolved,0.0,0.0,45
10,GC v Port,Lachie Jones,port_adelaide,12882,resolved,0.0,0.0,46
10,Adel v NM,Jordan Dawson,adelaide,12516,resolved,2.348,47.7,1
10,Adel v NM,Izak Rankine,adelaide,12798,resolved,2.23,41.6,2
10,Adel v NM,James Peatling,adelaide,12934,resolved,0.438,4.2,3
10,Adel v NM,Josh Rachele,adelaide,12953,resolved,0.241,2.1,4
10,Adel v NM,Rory Laird,adelaide,12165,resolved,0.203,1.9,5
10,Adel v NM,Lachlan McAndrew,adelaide,13065,resolved,0.125,0.9,6
10,Adel v NM,Sam Berry,adelaide,12849,resolved,0.099,0.7,7
10,Adel v NM,Josh Worrell,adelaide,12912,resolved,0.075,0.4,8
10,Adel v NM,Toby Murray,adelaide,13280,resolved,0.053,0.3,9
10,Adel v NM,Ben Keays,adelaide,12434,resolved,0.031,0.1,11
10,Adel v NM,Harry Sheezel,north_melbourne,13034,resolved,0.028,0.1,10
10,Adel v NM,Jake Soligo,adelaide,12952,resolved,0.024,0.0,12
10,Adel v NM,Luke Davies-Uniacke,north_melbourne,12590,resolved,0.015,0.0,13
10,Adel v NM,Wayne Milera,adelaide,12405,resolved,0.011,0.0,14
10,Adel v NM,James Borlase,adelaide,13086,resolved,0.01,0.0,15
10,Adel v NM,Darcy Fogarty,adelaide,12584,resolved,0.007,0.0,16
10,Adel v NM,George Wardlaw,north_melbourne,13064,resolved,0.007,0.0,17
10,Adel v NM,Luke Pedlar,adelaide,12921,resolved,0.006,0.0,19
10,Adel v NM,Luke Parker,north_melbourne,11953,resolved,0.006,0.0,18
10,Adel v NM,Zac Taylor,adelaide,13159,resolved,0.006,0.0,21
10,Adel v NM,Alex Neal-Bullen,adelaide,12367,resolved,0.006,0.0,20
10,Adel v NM,Isaac Cumming,adelaide,12629,resolved,0.005,0.0,22
10,Adel v NM,Luke Nankervis,adelaide,13081,resolved,0.005,0.0,23
10,Adel v NM,Max Michalanney,adelaide,13027,resolved,0.004,0.0,25
10,Adel v NM,Brayden Cook,adelaide,12932,resolved,0.004,0.0,24
10,Adel v NM,Paul Curtis,north_melbourne,12975,resolved,0.003,0.0,26
10,Adel v NM,Jordon Butts,adelaide,12829,resolved,0.003,0.0,27
10,Adel v NM,Tristan Xerri,north_melbourne,12788,resolved,0.002,0.0,28
10,Adel v NM,Daniel Curtin,adelaide,13132,resolved,0.002,0.0,29
10,Adel v NM,Jy Simpkin,north_melbourne,12502,resolved,0.001,0.0,30
10,Adel v NM,Cameron Zurhaar,north_melbourne,12557,resolved,0.001,0.0,32
10,Adel v NM,Finn O'Sullivan,north_melbourne,13187,resolved,0.001,0.0,33
10,Adel v NM,Caleb Daniel,north_melbourne,12373,resolved,0.001,0.0,31
10,Adel v NM,Colby McKercher,north_melbourne,13107,resolved,0.001,0.0,34
10,Adel v NM,Dylan Stephens,north_melbourne,12796,resolved,0.0,0.0,35
10,Adel v NM,Tom Blamires,north_melbourne,13287,resolved,0.0,0.0,36
10,Adel v NM,Charlie Comben,north_melbourne,12938,resolved,0.0,0.0,37
10,Adel v NM,Luke McDonald,north_melbourne,12246,resolved,0.0,0.0,38
10,Adel v NM,Charlie Spargo,north_melbourne,12622,resolved,0.0,0.0,39
10,Adel v NM,Nick Larkey,north_melbourne,12563,resolved,0.0,0.0,40
10,Adel v NM,Cooper Trembath,north_melbourne,13263,resolved,0.0,0.0,41
10,Adel v NM,Jack Darling,north_melbourne,11905,resolved,0.0,0.0,42
10,Adel v NM,Griffin Logue,north_melbourne,12511,resolved,0.0,0.0,43
10,Adel v NM,Jacob Konstanty,north_melbourne,13186,resolved,0.0,0.0,44
10,Adel v NM,Zane Duursma,north_melbourne,13106,resolved,0.0,0.0,45
10,Adel v NM,Wil Dawson,north_melbourne,13144,resolved,0.0,0.0,46
10,Melb v Haw,Tom Sparrow,melbourne,12693,resolved,1.83,33.5,1
10,Melb v Haw,Max Gawn,melbourne,11966,resolved,1.434,24.8,2
10,Melb v Haw,Daniel Turner,melbourne,12996,resolved,0.751,12.4,3
10,Melb v Haw,Jack Steele,melbourne,12368,resolved,0.548,9.2,4
10,Melb v Haw,Kade Chandler,melbourne,12756,resolved,0.394,6.6,5
10,Melb v Haw,Trent Rivers,melbourne,12778,resolved,0.143,2.4,6
10,Melb v Haw,Dylan Moore,hawthorn,12710,resolved,0.112,1.7,7
10,Melb v Haw,Jake Bowey,melbourne,12931,resolved,0.097,1.4,8
10,Melb v Haw,Harvey Langford,melbourne,13184,resolved,0.093,1.4,9
10,Melb v Haw,Harrison Petty,melbourne,12653,resolved,0.087,1.2,10
10,Melb v Haw,Kysaiah Pickett,melbourne,12771,resolved,0.076,1.0,11
10,Melb v Haw,Jake Lever,melbourne,12351,resolved,0.054,0.7,12
10,Melb v Haw,Jai Newcombe,hawthorn,12915,resolved,0.048,0.6,13
10,Melb v Haw,Cam Mackenzie,hawthorn,13031,resolved,0.045,0.6,14
10,Melb v Haw,Ed Langdon,melbourne,12393,resolved,0.033,0.4,17
10,Melb v Haw,Bayley Fritsch,melbourne,12598,resolved,0.031,0.3,15
10,Melb v Haw,Josh Ward,hawthorn,12955,resolved,0.031,0.4,16
10,Melb v Haw,Bailey Laurie,melbourne,13032,resolved,0.03,0.4,19
10,Melb v Haw,Matthew Jefferson,melbourne,13182,resolved,0.029,0.3,18
10,Melb v Haw,Karl Amon,hawthorn,12357,resolved,0.023,0.3,20
10,Melb v Haw,James Sicily,hawthorn,12332,resolved,0.021,0.2,21
10,Melb v Haw,Blake Howes,melbourne,13098,resolved,0.019,0.2,22
10,Melb v Haw,Josh Battle,hawthorn,12558,resolved,0.016,0.1,23
10,Melb v Haw,Harry Sharp,melbourne,12864,resolved,0.013,0.1,24
10,Melb v Haw,Changkuoth Jiath,melbourne,12752,resolved,0.009,0.0,25
10,Melb v Haw,Jarman Impey,hawthorn,12237,resolved,0.007,0.0,26
10,Melb v Haw,Josh Weddle,hawthorn,13057,resolved,0.005,0.0,28
10,Melb v Haw,Connor Macdonald,hawthorn,12954,resolved,0.004,0.0,29
10,Melb v Haw,Nick Watson,hawthorn,13105,resolved,0.004,0.0,27
10,Melb v Haw,Henry Hustwaite,hawthorn,13091,resolved,0.003,0.0,30
10,Melb v Haw,Massimo D'Ambrosio,hawthorn,12998,resolved,0.002,0.0,31
10,Melb v Haw,Koltyn Tholstrup,melbourne,13123,resolved,0.002,0.0,32
10,Melb v Haw,Jacob van Rooyen,melbourne,13048,resolved,0.002,0.0,33
10,Melb v Haw,Blake Hardwick,hawthorn,12469,resolved,0.001,0.0,34
10,Melb v Haw,Mitch Lewis,hawthorn,12636,resolved,0.001,0.0,35
10,Melb v Haw,Jack Ginnivan,hawthorn,12927,resolved,0.0,0.0,36
10,Melb v Haw,Max Heath,melbourne,13254,resolved,0.0,0.0,37
10,Melb v Haw,Paddy Cross,melbourne,13300,resolved,0.0,0.0,38
10,Melb v Haw,Latrelle Pickett,melbourne,13286,resolved,0.0,0.0,39
10,Melb v Haw,Bodie Ryan,hawthorn,13320,resolved,0.0,0.0,40
10,Melb v Haw,Finn Maginness,hawthorn,12843,resolved,0.0,0.0,41
10,Melb v Haw,Harry Morrison,hawthorn,12579,resolved,0.0,0.0,42
10,Melb v Haw,Ned Reeves,hawthorn,12906,resolved,0.0,0.0,43
10,Melb v Haw,Lloyd Meek,hawthorn,12856,resolved,0.0,0.0,44
10,Melb v Haw,Max Ramsden,hawthorn,13058,resolved,0.0,0.0,45
10,Melb v Haw,Calsher Dear,hawthorn,13135,resolved,0.0,0.0,46
10,Carl v WB,Patrick Cripps,carlton,12261,resolved,2.928,93.1,1
10,Carl v WB,Oliver Florent,carlton,12497,resolved,0.84,3.3,2
10,Carl v WB,Matthew Carroll,carlton,13212,resolved,0.691,2.3,3
10,Carl v WB,Jagga Smith,carlton,13274,resolved,0.288,0.4,4
10,Carl v WB,Bailey Dale,western_bulldogs,12354,resolved,0.274,0.4,5
10,Carl v WB,Harry McKay,carlton,12566,resolved,0.21,0.2,6
10,Carl v WB,Sam Walsh,carlton,12684,resolved,0.183,0.2,7
10,Carl v WB,Ryley Sanders,western_bulldogs,13103,resolved,0.157,0.1,8
10,Carl v WB,Marcus Bontempelli,western_bulldogs,12269,resolved,0.124,0.0,9
10,Carl v WB,Lachlan Cowan,carlton,13028,resolved,0.049,0.0,10
10,Carl v WB,Aaron Naughton,western_bulldogs,12594,resolved,0.037,0.0,11
10,Carl v WB,Ben Ainsworth,carlton,12498,resolved,0.028,0.0,12
10,Carl v WB,Will Hayward,carlton,12509,resolved,0.019,0.0,14
10,Carl v WB,Nic Newman,carlton,12508,resolved,0.019,0.0,13
10,Carl v WB,Ed Richards,western_bulldogs,12605,resolved,0.018,0.0,15
10,Carl v WB,Billy Wilson,carlton,,unresolved,0.016,0.0,17
10,Carl v WB,Adam Cerra,carlton,12603,resolved,0.016,0.0,16
10,Carl v WB,Joel Freijah,western_bulldogs,13140,resolved,0.015,0.0,20
10,Carl v WB,Marc Pittonet,carlton,12417,resolved,0.015,0.0,18
10,Carl v WB,Nick Haynes,carlton,12091,resolved,0.014,0.0,19
10,Carl v WB,Zac Williams,carlton,12175,resolved,0.012,0.0,21
10,Carl v WB,Oliver Hollands,carlton,13029,resolved,0.009,0.0,22
10,Carl v WB,Jack Ison,carlton,13321,resolved,0.008,0.0,23
10,Carl v WB,George Hewett,carlton,12411,resolved,0.006,0.0,24
10,Carl v WB,Rory Lobb,western_bulldogs,12282,resolved,0.005,0.0,25
10,Carl v WB,Brodie Kemp,carlton,12937,resolved,0.005,0.0,26
10,Carl v WB,Jacob Weitering,carlton,12402,resolved,0.004,0.0,27
10,Carl v WB,Lachlan Bramble,western_bulldogs,12916,resolved,0.003,0.0,28
10,Carl v WB,Francis Evans,carlton,12873,resolved,0.002,0.0,30
10,Carl v WB,Matthew Kennedy,western_bulldogs,12455,resolved,0.002,0.0,29
10,Carl v WB,Buku Khamis,western_bulldogs,12900,resolved,0.001,0.0,31
10,Carl v WB,Connor Budarick,western_bulldogs,12769,resolved,0.001,0.0,32
10,Carl v WB,Rhylee West,western_bulldogs,12748,resolved,0.001,0.0,34
10,Carl v WB,Harry Dean,carlton,13273,resolved,0.001,0.0,33
10,Carl v WB,Arthur Jones,western_bulldogs,13046,resolved,0.0,0.0,35
10,Carl v WB,Michael Sellwood,western_bulldogs,13276,resolved,0.0,0.0,36
10,Carl v WB,Nick Coffield,western_bulldogs,12608,resolved,0.0,0.0,37
10,Carl v WB,Oskar Baker,western_bulldogs,12723,resolved,0.0,0.0,38
10,Carl v WB,Jedd Busslinger,western_bulldogs,13216,resolved,0.0,0.0,39
10,Carl v WB,Sam Davidson,western_bulldogs,13178,resolved,0.0,0.0,40
10,Carl v WB,Will Lewis,western_bulldogs,13284,resolved,0.0,0.0,41
10,Carl v WB,Mitch McGovern,carlton,12404,resolved,0.0,0.0,42
10,Carl v WB,Lachlan McNeil,western_bulldogs,12854,resolved,0.0,0.0,43
10,Carl v WB,Cooper Hynes,western_bulldogs,13213,resolved,0.0,0.0,44
10,Carl v WB,Louis Emmett,western_bulldogs,13308,resolved,0.0,0.0,45
10,Carl v WB,Bailey Williams,western_bulldogs,12441,resolved,0.0,0.0,46
10,Ess v Frem,Patrick Voss,fremantle,13129,resolved,2.051,39.6,1
10,Ess v Frem,Shai Bolton,fremantle,12535,resolved,1.385,22.6,2
10,Ess v Frem,Murphy Reid,fremantle,13180,resolved,1.273,20.7,3
10,Ess v Frem,Caleb Serong,fremantle,12786,resolved,0.475,7.3,4
10,Ess v Frem,Andrew Brayshaw,fremantle,12589,resolved,0.416,6.3,5
10,Ess v Frem,Karl Worner,fremantle,13075,resolved,0.151,2.0,6
10,Ess v Frem,Matthew Johnson,fremantle,13047,resolved,0.05,0.5,7
10,Ess v Frem,Sullivan Robey,essendon,13307,resolved,0.039,0.4,8
10,Ess v Frem,Luke Jackson,fremantle,12779,resolved,0.037,0.3,9
10,Ess v Frem,Darcy Parish,essendon,12406,resolved,0.024,0.2,10
10,Ess v Frem,Jordan Clark,fremantle,12688,resolved,0.016,0.1,11
10,Ess v Frem,Josh Treacy,fremantle,12887,resolved,0.011,0.0,13
10,Ess v Frem,Zach Merrett,essendon,12241,resolved,0.009,0.0,12
10,Ess v Frem,Luke Ryan,fremantle,12542,resolved,0.009,0.0,15
10,Ess v Frem,Neil Erasmus,fremantle,12966,resolved,0.008,0.0,14
10,Ess v Frem,Heath Chapman,fremantle,12875,resolved,0.006,0.0,16
10,Ess v Frem,Sam Durham,essendon,12925,resolved,0.006,0.0,17
10,Ess v Frem,Oscar McDonald,fremantle,12394,resolved,0.005,0.0,18
10,Ess v Frem,Nathan O'Driscoll,fremantle,12960,resolved,0.005,0.0,20
10,Ess v Frem,Archie Roberts,essendon,13168,resolved,0.004,0.0,19
10,Ess v Frem,Brennan Cox,fremantle,12544,resolved,0.004,0.0,22
10,Ess v Frem,Jye Caldwell,essendon,12755,resolved,0.004,0.0,23
10,Ess v Frem,Jye Amiss,fremantle,12983,resolved,0.004,0.0,21
10,Ess v Frem,Andrew McGrath,essendon,12491,resolved,0.002,0.0,25
10,Ess v Frem,Judd McVee,fremantle,13033,resolved,0.002,0.0,24
10,Ess v Frem,Isaiah Dudley,fremantle,13204,resolved,0.002,0.0,26
10,Ess v Frem,Michael Frederick,fremantle,12801,resolved,0.002,0.0,27
10,Ess v Frem,Mason Cox,fremantle,12428,resolved,0.001,0.0,28
10,Ess v Frem,Sam Switkowski,fremantle,12672,resolved,0.001,0.0,29
10,Ess v Frem,Christopher Scerri,fremantle,13296,resolved,0.0,0.0,30
10,Ess v Frem,Will Setterfield,essendon,12567,resolved,0.0,0.0,31
10,Ess v Frem,Jacob Farrow,essendon,13299,resolved,0.0,0.0,32
10,Ess v Frem,Xavier Duursma,essendon,12696,resolved,0.0,0.0,33
10,Ess v Frem,Nate Caddy,essendon,13148,resolved,0.0,0.0,34
10,Ess v Frem,Kyle Langford,essendon,12349,resolved,0.0,0.0,35
10,Ess v Frem,Zach Reid,essendon,12889,resolved,0.0,0.0,36
10,Ess v Frem,Jaxon Prior,essendon,12874,resolved,0.0,0.0,37
10,Ess v Frem,Archie Perkins,essendon,12879,resolved,0.0,0.0,38
10,Ess v Frem,Nick Bryan,essendon,12899,resolved,0.0,0.0,39
10,Ess v Frem,Archer May,essendon,13238,resolved,0.0,0.0,40
10,Ess v Frem,Mason Redman,essendon,12437,resolved,0.0,0.0,41
10,Ess v Frem,Archer Day-Wicks,essendon,13223,resolved,0.0,0.0,42
10,Ess v Frem,Peter Wright,essendon,12366,resolved,0.0,0.0,43
10,Ess v Frem,Jayden Nguyen,essendon,13258,resolved,0.0,0.0,44
10,Ess v Frem,Nik Cox,essendon,12852,resolved,0.0,0.0,45
10,Ess v Frem,Lachlan Blakiston,essendon,13237,resolved,0.0,0.0,46
10,St K v Rich,Hugo Garcia,st_kilda,13125,resolved,2.279,46.9,1
10,St K v Rich,Max Hall,st_kilda,13193,resolved,1.977,34.2,2
10,St K v Rich,Jack Macrae,st_kilda,12166,resolved,0.49,6.0,3
10,St K v Rich,Jack Sinclair,st_kilda,12325,resolved,0.354,4.3,4
10,St K v Rich,Tom De Koning,st_kilda,12674,resolved,0.316,3.6,5
10,St K v Rich,Sam Flanders,st_kilda,12824,resolved,0.302,3.6,6
10,St K v Rich,Callum Wilkie,st_kilda,12703,resolved,0.058,0.4,7
10,St K v Rich,Marcus Windhager,st_kilda,12967,resolved,0.047,0.4,8
10,St K v Rich,Darcy Wilson,st_kilda,13110,resolved,0.043,0.2,9
10,St K v Rich,Rowan Marshall,st_kilda,12564,resolved,0.041,0.2,10
10,St K v Rich,Jack Carroll,st_kilda,12976,resolved,0.028,0.2,11
10,St K v Rich,Jack Ross,richmond,,unresolved,0.015,0.0,12
10,St K v Rich,Jack Silvagni,st_kilda,12458,resolved,0.01,0.0,14
10,St K v Rich,Mattaes Phillipou,st_kilda,13036,resolved,0.009,0.0,13
10,St K v Rich,James Trezise,richmond,13095,resolved,0.005,0.0,15
10,St K v Rich,Ryan Byrnes,st_kilda,12802,resolved,0.004,0.0,16
10,St K v Rich,Tim Taranto,richmond,12504,resolved,0.004,0.0,17
10,St K v Rich,Ben Miller,richmond,12941,resolved,0.002,0.0,18
10,St K v Rich,Jacob Hopper,richmond,12440,resolved,0.002,0.0,19
10,St K v Rich,Jayden Short,richmond,12418,resolved,0.002,0.0,20
10,St K v Rich,Seth Campbell,richmond,13100,resolved,0.002,0.0,21
10,St K v Rich,Liam Stocker,st_kilda,12721,resolved,0.001,0.0,26
10,St K v Rich,Nick Vlastuin,richmond,12174,resolved,0.001,0.0,22
10,St K v Rich,Dougal Howard,st_kilda,12420,resolved,0.001,0.0,23
10,St K v Rich,Cooper Sharman,st_kilda,12929,resolved,0.001,0.0,25
10,St K v Rich,Anthony Caminiti,st_kilda,13035,resolved,0.001,0.0,27
10,St K v Rich,Charlie Banfield,st_kilda,13324,resolved,0.001,0.0,24
10,St K v Rich,Jack Higgins,st_kilda,12609,resolved,0.001,0.0,30
10,St K v Rich,Noah Balta,richmond,12686,resolved,0.001,0.0,28
10,St K v Rich,Oliver Hayes-Brown,richmond,13309,resolved,0.001,0.0,31
10,St K v Rich,Bradley Hill,st_kilda,12060,resolved,0.0,0.0,29
10,St K v Rich,Liam O'Connell,st_kilda,13194,resolved,0.0,0.0,32
10,St K v Rich,Liam Henry,st_kilda,12831,resolved,0.0,0.0,33
10,St K v Rich,Nathan Broad,richmond,12456,resolved,0.0,0.0,34
10,St K v Rich,Jonty Faull,richmond,13214,resolved,0.0,0.0,35
10,St K v Rich,Sam Grlj,richmond,13290,resolved,0.0,0.0,36
10,St K v Rich,Patrick Retschko,richmond,13313,resolved,0.0,0.0,37
10,St K v Rich,Sam Cumming,richmond,13316,resolved,0.0,0.0,38
10,St K v Rich,Noah Roberts-Thomson,richmond,13323,resolved,0.0,0.0,39
10,St K v Rich,Liam Fawcett,richmond,13200,resolved,0.0,0.0,40
10,St K v Rich,Luke Trainor,richmond,13191,resolved,0.0,0.0,41
10,St K v Rich,Tom Lynch,richmond,11948,resolved,0.0,0.0,42
10,St K v Rich,Tyler Sonsie,richmond,13014,resolved,0.0,0.0,43
10,St K v Rich,Steely Green,richmond,13145,resolved,0.0,0.0,44
10,St K v Rich,Campbell Gray,richmond,13218,resolved,0.0,0.0,45
10,St K v Rich,Tom Burton,richmond,13315,resolved,0.0,0.0,46
10,WC v GWS,Harley Reid,west_coast,13111,resolved,2.978,97.8,1
10,WC v GWS,Clayton Oliver,greater_western_sydney,12410,resolved,1.363,1.6,2
10,WC v GWS,Bailey J. Williams,west_coast,,unresolved,0.952,0.5,3
10,WC v GWS,Tim Kelly,west_coast,12595,resolved,0.425,0.0,4
10,WC v GWS,Lachie Ash,greater_western_sydney,12782,resolved,0.136,0.0,5
10,WC v GWS,Liam Duggan,west_coast,12334,resolved,0.023,0.0,6
10,WC v GWS,Harvey Thomas,greater_western_sydney,13101,resolved,0.021,0.0,7
10,WC v GWS,Elliot Yeo,west_coast,12087,resolved,0.016,0.0,8
10,WC v GWS,Finn Callaghan,greater_western_sydney,12969,resolved,0.014,0.0,9
10,WC v GWS,Jake Waterman,west_coast,12601,resolved,0.011,0.0,10
10,WC v GWS,Liam Baker,west_coast,12661,resolved,0.009,0.0,11
10,WC v GWS,Josh Lindsay,west_coast,13293,resolved,0.009,0.0,12
10,WC v GWS,Willem Duursma,west_coast,13292,resolved,0.007,0.0,13
10,WC v GWS,Hamish Davis,west_coast,13210,resolved,0.005,0.0,14
10,WC v GWS,Reuben Ginbey,west_coast,13038,resolved,0.003,0.0,15
10,WC v GWS,Harry Himmelberg,greater_western_sydney,12462,resolved,0.003,0.0,18
10,WC v GWS,Milan Murdock,west_coast,13294,resolved,0.003,0.0,17
10,WC v GWS,Tylar Young,west_coast,13043,resolved,0.003,0.0,16
10,WC v GWS,Kieren Briggs,greater_western_sydney,12904,resolved,0.002,0.0,20
10,WC v GWS,Brent Daniels,greater_western_sydney,12656,resolved,0.002,0.0,19
10,WC v GWS,Lachie Whitfield,greater_western_sydney,12143,resolved,0.002,0.0,22
10,WC v GWS,Jack Hutchinson,west_coast,13151,resolved,0.002,0.0,24
10,WC v GWS,Joe Fonti,greater_western_sydney,13164,resolved,0.002,0.0,23
10,WC v GWS,Jayden Laverde,greater_western_sydney,12377,resolved,0.001,0.0,25
10,WC v GWS,Rhett Bazzo,west_coast,13000,resolved,0.001,0.0,27
10,WC v GWS,Tom McCarthy,west_coast,13240,resolved,0.001,0.0,26
10,WC v GWS,Ryan Maric,west_coast,13070,resolved,0.001,0.0,21
10,WC v GWS,Jake Stringer,greater_western_sydney,12167,resolved,0.001,0.0,29
10,WC v GWS,Jobe Shanahan,west_coast,13247,resolved,0.001,0.0,30
10,WC v GWS,Stephen Coniglio,greater_western_sydney,12028,resolved,0.001,0.0,32
10,WC v GWS,Malakai Champion,west_coast,13250,resolved,0.001,0.0,31
10,WC v GWS,Toby Bedford,greater_western_sydney,12772,resolved,0.0,0.0,33
10,WC v GWS,Connor Idun,greater_western_sydney,12750,resolved,0.0,0.0,28
10,WC v GWS,Tom Cole,west_coast,12446,resolved,0.0,0.0,34
10,WC v GWS,Harvey Johnston,west_coast,13136,resolved,0.0,0.0,35
10,WC v GWS,Brady Hough,west_coast,12957,resolved,0.0,0.0,36
10,WC v GWS,Harrison Oliver,greater_western_sydney,13325,resolved,0.0,0.0,37
10,WC v GWS,Jack Williams,west_coast,,unresolved,0.0,0.0,38
10,WC v GWS,Toby Greene,greater_western_sydney,12025,resolved,0.0,0.0,39
10,WC v GWS,Ryan Angwin,greater_western_sydney,13001,resolved,0.0,0.0,40
10,WC v GWS,James Leake,greater_western_sydney,13174,resolved,0.0,0.0,41
10,WC v GWS,Max Gruzewski,greater_western_sydney,13158,resolved,0.0,0.0,42
10,WC v GWS,Toby McMullin,greater_western_sydney,13088,resolved,0.0,0.0,43
10,WC v GWS,Aaron Cadman,greater_western_sydney,13054,resolved,0.0,0.0,44
10,WC v GWS,Phoenix Gothard,greater_western_sydney,13279,resolved,0.0,0.0,45
10,WC v GWS,Jake Riccardi,greater_western_sydney,12834,resolved,0.0,0.0,46
11,Haw v Adel,Blake Hardwick,hawthorn,12469,resolved,1.468,24.2,1
11,Haw v Adel,Jordan Dawson,adelaide,12516,resolved,1.42,23.5,2
11,Haw v Adel,Jarman Impey,hawthorn,12237,resolved,1.025,17.0,3
11,Haw v Adel,Wayne Milera,adelaide,12405,resolved,0.657,11.4,4
11,Haw v Adel,Sam Berry,adelaide,12849,resolved,0.376,6.7,5
11,Haw v Adel,Cam Mackenzie,hawthorn,13031,resolved,0.225,4.0,6
11,Haw v Adel,Jai Newcombe,hawthorn,12915,resolved,0.214,3.8,7
11,Haw v Adel,Josh Ward,hawthorn,12955,resolved,0.15,2.5,8
11,Haw v Adel,Josh Worrell,adelaide,12912,resolved,0.133,2.2,9
11,Haw v Adel,Josh Weddle,hawthorn,13057,resolved,0.08,1.3,10
11,Haw v Adel,Rory Laird,adelaide,12165,resolved,0.042,0.7,11
11,Haw v Adel,Massimo D'Ambrosio,hawthorn,12998,resolved,0.037,0.5,13
11,Haw v Adel,Nick Watson,hawthorn,13105,resolved,0.036,0.5,12
11,Haw v Adel,Conor Nash,hawthorn,12670,resolved,0.035,0.5,14
11,Haw v Adel,Ned Reeves,hawthorn,12906,resolved,0.023,0.3,15
11,Haw v Adel,Alex Neal-Bullen,adelaide,12367,resolved,0.017,0.2,16
11,Haw v Adel,Josh Battle,hawthorn,12558,resolved,0.017,0.2,17
11,Haw v Adel,Karl Amon,hawthorn,12357,resolved,0.012,0.2,18
11,Haw v Adel,Izak Rankine,adelaide,12798,resolved,0.007,0.0,19
11,Haw v Adel,Lachlan McAndrew,adelaide,13065,resolved,0.007,0.0,20
11,Haw v Adel,Jake Soligo,adelaide,12952,resolved,0.003,0.0,22
11,Haw v Adel,James Sicily,hawthorn,12332,resolved,0.002,0.0,21
11,Haw v Adel,Mabior Chol,hawthorn,12485,resolved,0.002,0.0,28
11,Haw v Adel,Callum Ah Chee,adelaide,12414,resolved,0.002,0.0,27
11,Haw v Adel,James Peatling,adelaide,12934,resolved,0.001,0.0,23
11,Haw v Adel,Riley Thilthorpe,adelaide,12892,resolved,0.001,0.0,26
11,Haw v Adel,Finn Maginness,hawthorn,12843,resolved,0.001,0.0,30
11,Haw v Adel,Lloyd Meek,hawthorn,12856,resolved,0.001,0.0,25
11,Haw v Adel,Connor Macdonald,hawthorn,12954,resolved,0.001,0.0,24
11,Haw v Adel,Josh Rachele,adelaide,12953,resolved,0.001,0.0,29
11,Haw v Adel,James Borlase,adelaide,13086,resolved,0.001,0.0,31
11,Haw v Adel,Darcy Fogarty,adelaide,12584,resolved,0.001,0.0,33
11,Haw v Adel,Bodie Ryan,hawthorn,13320,resolved,0.0,0.0,32
11,Haw v Adel,Dylan Moore,hawthorn,12710,resolved,0.0,0.0,34
11,Haw v Adel,Bailey Macdonald,hawthorn,13069,resolved,0.0,0.0,36
11,Haw v Adel,Jordon Butts,adelaide,12829,resolved,0.0,0.0,38
11,Haw v Adel,Mitch Lewis,hawthorn,12636,resolved,0.0,0.0,35
11,Haw v Adel,Jack Ginnivan,hawthorn,12927,resolved,0.0,0.0,37
11,Haw v Adel,Zac Taylor,adelaide,13159,resolved,0.0,0.0,39
11,Haw v Adel,Cameron Nairn,hawthorn,13326,resolved,0.0,0.0,40
11,Haw v Adel,Luke Nankervis,adelaide,13081,resolved,0.0,0.0,41
11,Haw v Adel,Brayden Cook,adelaide,12932,resolved,0.0,0.0,42
11,Haw v Adel,Ben Keays,adelaide,12434,resolved,0.0,0.0,43
11,Haw v Adel,Daniel Curtin,adelaide,13132,resolved,0.0,0.0,44
11,Haw v Adel,Max Michalanney,adelaide,13027,resolved,0.0,0.0,45
11,Haw v Adel,Toby Murray,adelaide,13280,resolved,0.0,0.0,46
11,Rich v Ess,Darcy Parish,essendon,12406,resolved,2.346,50.0,1
11,Rich v Ess,Tim Taranto,richmond,12504,resolved,1.896,31.7,2
11,Rich v Ess,Zach Merrett,essendon,12241,resolved,0.904,10.8,3
11,Rich v Ess,Jayden Short,richmond,12418,resolved,0.371,4.1,4
11,Rich v Ess,Patrick Retschko,richmond,13313,resolved,0.175,1.8,5
11,Rich v Ess,Jack Ross,richmond,,unresolved,0.149,1.3,6
11,Rich v Ess,Archie Roberts,essendon,13168,resolved,0.034,0.2,7
11,Rich v Ess,Seth Campbell,richmond,13100,resolved,0.028,0.1,8
11,Rich v Ess,Jacob Hopper,richmond,12440,resolved,0.018,0.0,9
11,Rich v Ess,Archer May,essendon,13238,resolved,0.011,0.0,10
11,Rich v Ess,Mason Redman,essendon,12437,resolved,0.009,0.0,12
11,Rich v Ess,Steely Green,richmond,13145,resolved,0.008,0.0,11
11,Rich v Ess,Sullivan Robey,essendon,13307,resolved,0.007,0.0,13
11,Rich v Ess,Tom Lynch,richmond,11948,resolved,0.007,0.0,14
11,Rich v Ess,Sam Cumming,richmond,13316,resolved,0.007,0.0,15
11,Rich v Ess,Ben Miller,richmond,12941,resolved,0.006,0.0,17
11,Rich v Ess,Tyler Sonsie,richmond,13014,resolved,0.005,0.0,16
11,Rich v Ess,Kyle Langford,essendon,12349,resolved,0.003,0.0,19
11,Rich v Ess,Noah Balta,richmond,12686,resolved,0.003,0.0,18
11,Rich v Ess,James Trezise,richmond,13095,resolved,0.003,0.0,20
11,Rich v Ess,Ben McKay,essendon,12580,resolved,0.002,0.0,22
11,Rich v Ess,Nick Vlastuin,richmond,12174,resolved,0.002,0.0,23
11,Rich v Ess,Jaxon Prior,essendon,12874,resolved,0.001,0.0,21
11,Rich v Ess,Nathan Broad,richmond,12456,resolved,0.001,0.0,24
11,Rich v Ess,Sam Grlj,richmond,13290,resolved,0.001,0.0,25
11,Rich v Ess,Mykelti Lefau,richmond,13113,resolved,0.001,0.0,26
11,Rich v Ess,Jacob Farrow,essendon,13299,resolved,0.0,0.0,27
11,Rich v Ess,Archie Perkins,essendon,12879,resolved,0.0,0.0,28
11,Rich v Ess,Nick Bryan,essendon,12899,resolved,0.0,0.0,29
11,Rich v Ess,Jasper Alger,richmond,13242,resolved,0.0,0.0,30
11,Rich v Ess,Oliver Hayes-Brown,richmond,13309,resolved,0.0,0.0,31
11,Rich v Ess,Luke Trainor,richmond,13191,resolved,0.0,0.0,32
11,Rich v Ess,Nate Caddy,essendon,13148,resolved,0.0,0.0,33
11,Rich v Ess,Zach Reid,essendon,12889,resolved,0.0,0.0,34
11,Rich v Ess,Thomas Edwards,essendon,13198,resolved,0.0,0.0,35
11,Rich v Ess,Jade Gresham,essendon,12415,resolved,0.0,0.0,36
11,Rich v Ess,Noah Roberts-Thomson,richmond,13323,resolved,0.0,0.0,37
11,Rich v Ess,Jonty Faull,richmond,13214,resolved,0.0,0.0,38
11,Rich v Ess,Lachlan Blakiston,essendon,13237,resolved,0.0,0.0,39
11,Rich v Ess,Tom Burton,richmond,13315,resolved,0.0,0.0,40
11,Rich v Ess,Xavier Duursma,essendon,12696,resolved,0.0,0.0,41
11,Rich v Ess,Jye Caldwell,essendon,12755,resolved,0.0,0.0,42
11,Rich v Ess,Sam Durham,essendon,12925,resolved,0.0,0.0,43
11,Rich v Ess,Andrew McGrath,essendon,12491,resolved,0.0,0.0,44
11,Rich v Ess,Archer Day-Wicks,essendon,13223,resolved,0.0,0.0,45
11,Rich v Ess,Matt Guelfi,essendon,12612,resolved,0.0,0.0,46
11,Frem v St K,Murphy Reid,fremantle,13180,resolved,1.66,29.1,1
11,Frem v St K,Luke Jackson,fremantle,12779,resolved,1.141,19.0,2
11,Frem v St K,Shai Bolton,fremantle,12535,resolved,1.002,16.9,3
11,Frem v St K,Josh Treacy,fremantle,12887,resolved,0.609,10.4,4
11,Frem v St K,Max Hall,st_kilda,13193,resolved,0.424,7.5,5
11,Frem v St K,Andrew Brayshaw,fremantle,12589,resolved,0.325,5.5,6
11,Frem v St K,Patrick Voss,fremantle,13129,resolved,0.16,2.5,7
11,Frem v St K,Nathan O'Driscoll,fremantle,12960,resolved,0.12,1.9,8
11,Frem v St K,Matthew Johnson,fremantle,13047,resolved,0.105,1.7,9
11,Frem v St K,Brennan Cox,fremantle,12544,resolved,0.087,1.3,11
11,Frem v St K,Jye Amiss,fremantle,12983,resolved,0.086,1.2,10
11,Frem v St K,Luke Ryan,fremantle,12542,resolved,0.06,0.8,12
11,Frem v St K,Karl Worner,fremantle,13075,resolved,0.052,0.7,13
11,Frem v St K,Jack Sinclair,st_kilda,12325,resolved,0.04,0.5,14
11,Frem v St K,Heath Chapman,fremantle,12875,resolved,0.038,0.5,15
11,Frem v St K,Neil Erasmus,fremantle,12966,resolved,0.016,0.2,16
11,Frem v St K,Mattaes Phillipou,st_kilda,13036,resolved,0.015,0.2,17
11,Frem v St K,Sam Flanders,st_kilda,12824,resolved,0.015,0.1,18
11,Frem v St K,Jordan Clark,fremantle,12688,resolved,0.008,0.0,19
11,Frem v St K,Bradley Hill,st_kilda,12060,resolved,0.006,0.0,21
11,Frem v St K,Michael Frederick,fremantle,12801,resolved,0.006,0.0,20
11,Frem v St K,Oscar McDonald,fremantle,12394,resolved,0.005,0.0,22
11,Frem v St K,Isaiah Dudley,fremantle,13204,resolved,0.003,0.0,23
11,Frem v St K,Judd McVee,fremantle,13033,resolved,0.003,0.0,27
11,Frem v St K,Corey Wagner,fremantle,12453,resolved,0.003,0.0,24
11,Frem v St K,Marcus Windhager,st_kilda,12967,resolved,0.003,0.0,25
11,Frem v St K,Mason Wood,st_kilda,12312,resolved,0.002,0.0,28
11,Frem v St K,Callum Wilkie,st_kilda,12703,resolved,0.002,0.0,26
11,Frem v St K,Jack Silvagni,st_kilda,12458,resolved,0.002,0.0,29
11,Frem v St K,Jack Macrae,st_kilda,12166,resolved,0.001,0.0,30
11,Frem v St K,Darcy Wilson,st_kilda,13110,resolved,0.001,0.0,31
11,Frem v St K,Mason Cox,fremantle,12428,resolved,0.0,0.0,32
11,Frem v St K,Rowan Marshall,st_kilda,12564,resolved,0.0,0.0,33
11,Frem v St K,Charlie Banfield,st_kilda,13324,resolved,0.0,0.0,34
11,Frem v St K,Sam Switkowski,fremantle,12672,resolved,0.0,0.0,35
11,Frem v St K,Anthony Caminiti,st_kilda,13035,resolved,0.0,0.0,36
11,Frem v St K,Liam Henry,st_kilda,12831,resolved,0.0,0.0,37
11,Frem v St K,Christopher Scerri,fremantle,13296,resolved,0.0,0.0,38
11,Frem v St K,Liam Stocker,st_kilda,12721,resolved,0.0,0.0,39
11,Frem v St K,Tom De Koning,st_kilda,12674,resolved,0.0,0.0,40
11,Frem v St K,Cooper Sharman,st_kilda,12929,resolved,0.0,0.0,41
11,Frem v St K,Hugo Garcia,st_kilda,13125,resolved,0.0,0.0,42
11,Frem v St K,Jack Carroll,st_kilda,12976,resolved,0.0,0.0,43
11,Frem v St K,Ryan Byrnes,st_kilda,12802,resolved,0.0,0.0,44
11,Frem v St K,Liam O'Connell,st_kilda,13194,resolved,0.0,0.0,45
11,Frem v St K,Dougal Howard,st_kilda,12420,resolved,0.0,0.0,46
11,NM v GC,Luke Davies-Uniacke,north_melbourne,12590,resolved,1.841,31.9,1
11,NM v GC,Matt Rowell,gold_coast,12768,resolved,1.813,31.6,2
11,NM v GC,Noah Anderson,gold_coast,12767,resolved,0.977,15.7,3
11,NM v GC,Harry Sheezel,north_melbourne,13034,resolved,0.52,8.3,4
11,NM v GC,Jy Simpkin,north_melbourne,12502,resolved,0.428,6.8,5
11,NM v GC,Christian Petracca,gold_coast,12430,resolved,0.174,2.6,6
11,NM v GC,Finn O'Sullivan,north_melbourne,13187,resolved,0.157,2.4,7
11,NM v GC,Jack Darling,north_melbourne,11905,resolved,0.026,0.3,8
11,NM v GC,Sam Collins,gold_coast,12444,resolved,0.023,0.2,9
11,NM v GC,George Wardlaw,north_melbourne,13064,resolved,0.015,0.1,10
11,NM v GC,Caleb Daniel,north_melbourne,12373,resolved,0.005,0.0,11
11,NM v GC,Charlie Comben,north_melbourne,12938,resolved,0.005,0.0,12
11,NM v GC,Touk Miller,gold_coast,12331,resolved,0.003,0.0,13
11,NM v GC,Paul Curtis,north_melbourne,12975,resolved,0.003,0.0,15
11,NM v GC,Luke Parker,north_melbourne,11953,resolved,0.003,0.0,14
11,NM v GC,Tristan Xerri,north_melbourne,12788,resolved,0.002,0.0,16
11,NM v GC,Jacob Konstanty,north_melbourne,13186,resolved,0.001,0.0,17
11,NM v GC,Cameron Zurhaar,north_melbourne,12557,resolved,0.001,0.0,19
11,NM v GC,Colby McKercher,north_melbourne,13107,resolved,0.001,0.0,18
11,NM v GC,Cooper Trembath,north_melbourne,13263,resolved,0.001,0.0,20
11,NM v GC,John Noble,gold_coast,12743,resolved,0.001,0.0,21
11,NM v GC,Bailey Humphrey,gold_coast,13049,resolved,0.0,0.0,22
11,NM v GC,Ben Long,gold_coast,12521,resolved,0.0,0.0,23
11,NM v GC,Daniel Rioli,gold_coast,12403,resolved,0.0,0.0,24
11,NM v GC,Wil Powell,gold_coast,12652,resolved,0.0,0.0,25
11,NM v GC,Nick Larkey,north_melbourne,12563,resolved,0.0,0.0,26
11,NM v GC,Jed Walter,gold_coast,13114,resolved,0.0,0.0,27
11,NM v GC,Bodhi Uwland,gold_coast,13041,resolved,0.0,0.0,28
11,NM v GC,Griffin Logue,north_melbourne,12511,resolved,0.0,0.0,29
11,NM v GC,Charlie Spargo,north_melbourne,12622,resolved,0.0,0.0,30
11,NM v GC,Joel Jeffrey,gold_coast,12933,resolved,0.0,0.0,31
11,NM v GC,Jarrod Witts,gold_coast,12177,resolved,0.0,0.0,32
11,NM v GC,Dylan Stephens,north_melbourne,12796,resolved,0.0,0.0,33
11,NM v GC,Mac Andrew,gold_coast,13019,resolved,0.0,0.0,34
11,NM v GC,Luke McDonald,north_melbourne,12246,resolved,0.0,0.0,35
11,NM v GC,Ned Moyle,gold_coast,13050,resolved,0.0,0.0,36
11,NM v GC,Zeke Uwland,gold_coast,13278,resolved,0.0,0.0,37
11,NM v GC,Zane Duursma,north_melbourne,13106,resolved,0.0,0.0,38
11,NM v GC,Riley Hardeman,north_melbourne,13130,resolved,0.0,0.0,39
11,NM v GC,Lachlan Gulbin,gold_coast,13272,resolved,0.0,0.0,40
11,NM v GC,Leonardo Lombard,gold_coast,13232,resolved,0.0,0.0,41
11,NM v GC,Sam Clohesy,gold_coast,13119,resolved,0.0,0.0,42
11,NM v GC,Ben King,gold_coast,12728,resolved,0.0,0.0,43
11,NM v GC,Oscar Adams,gold_coast,13251,resolved,0.0,0.0,44
11,NM v GC,Wil Dawson,north_melbourne,13144,resolved,0.0,0.0,45
11,NM v GC,Nick Holman,gold_coast,12307,resolved,0.0,0.0,46
11,Geel v Syd,Max Holmes,geelong,12881,resolved,2.23,45.0,1
11,Geel v Syd,Bailey Smith,geelong,12692,resolved,1.687,27.1,2
11,Geel v Syd,Lawson Humphries,geelong,13160,resolved,1.453,21.7,3
11,Geel v Syd,Jeremy Cameron,geelong,12017,resolved,0.42,5.5,4
11,Geel v Syd,Riley Bice,sydney,13195,resolved,0.057,0.4,5
11,Geel v Syd,Gryan Miers,geelong,12689,resolved,0.035,0.2,6
11,Geel v Syd,Isaac Heeney,sydney,12326,resolved,0.015,0.0,7
11,Geel v Syd,Jack Martin,geelong,12236,resolved,0.01,0.0,9
11,Geel v Syd,Connor O'Sullivan,geelong,13122,resolved,0.01,0.0,8
11,Geel v Syd,Tom Stewart,geelong,12505,resolved,0.009,0.0,10
11,Geel v Syd,Joel Amartey,sydney,12844,resolved,0.008,0.0,12
11,Geel v Syd,Oliver Dempsey,geelong,12974,resolved,0.008,0.0,11
11,Geel v Syd,Sam De Koning,geelong,12891,resolved,0.006,0.0,14
11,Geel v Syd,Zach Guthrie,geelong,12551,resolved,0.006,0.0,13
11,Geel v Syd,Callum Mills,sydney,12413,resolved,0.006,0.0,15
11,Geel v Syd,Oisin Mullin,geelong,13066,resolved,0.006,0.0,16
11,Geel v Syd,Mark O'Connor,geelong,12531,resolved,0.005,0.0,18
11,Geel v Syd,Patrick Dangerfield,geelong,11700,resolved,0.004,0.0,17
11,Geel v Syd,Jai Serong,sydney,13022,resolved,0.003,0.0,19
11,Geel v Syd,Mitchell Edwards,geelong,13285,resolved,0.002,0.0,21
11,Geel v Syd,Oliver Henry,geelong,12851,resolved,0.002,0.0,20
11,Geel v Syd,Tom Atkins,geelong,12690,resolved,0.002,0.0,22
11,Geel v Syd,Nick Blakey,sydney,12699,resolved,0.002,0.0,30
11,Geel v Syd,Justin McInerney,sydney,12711,resolved,0.002,0.0,28
11,Geel v Syd,Jake Lloyd,sydney,12268,resolved,0.002,0.0,27
11,Geel v Syd,Shaun Mannagh,geelong,13104,resolved,0.002,0.0,24
11,Geel v Syd,Brodie Grundy,sydney,12217,resolved,0.002,0.0,25
11,Geel v Syd,Tom McCartin,sydney,12627,resolved,0.002,0.0,23
11,Geel v Syd,Brad Close,geelong,12806,resolved,0.001,0.0,26
11,Geel v Syd,Jake Kolodjashnij,geelong,12370,resolved,0.001,0.0,29
11,Geel v Syd,Lewis Melican,sydney,12526,resolved,0.001,0.0,31
11,Geel v Syd,Jack Henry,geelong,12607,resolved,0.0,0.0,32
11,Geel v Syd,Angus Sheldrick,sydney,12951,resolved,0.0,0.0,33
11,Geel v Syd,Shannon Neale,geelong,12992,resolved,0.0,0.0,34
11,Geel v Syd,Mark Blicavs,geelong,12153,resolved,0.0,0.0,35
11,Geel v Syd,Sam Wicks,sydney,12818,resolved,0.0,0.0,36
11,Geel v Syd,Logan McDonald,sydney,12861,resolved,0.0,0.0,37
11,Geel v Syd,James Jordon,sydney,12860,resolved,0.0,0.0,38
11,Geel v Syd,William Edwards,sydney,13318,resolved,0.0,0.0,39
11,Geel v Syd,Charlie Curnow,sydney,12421,resolved,0.0,0.0,40
11,Geel v Syd,Chad Warner,sydney,12797,resolved,0.0,0.0,41
11,Geel v Syd,James Rowbottom,sydney,12714,resolved,0.0,0.0,42
11,Geel v Syd,Caiden Cleary,sydney,13157,resolved,0.0,0.0,43
11,Geel v Syd,Tom Hanily,sydney,13173,resolved,0.0,0.0,44
11,Geel v Syd,Tom Papley,sydney,12412,resolved,0.0,0.0,45
11,Geel v Syd,Malcolm Rosas,sydney,12903,resolved,0.0,0.0,46
11,Coll v WC,Nick Daicos,collingwood,12943,resolved,2.984,98.4,1
11,Coll v WC,Darcy Cameron,collingwood,12660,resolved,1.409,1.6,2
11,Coll v WC,Bailey J. Williams,west_coast,,unresolved,0.556,0.0,3
11,Coll v WC,Jack Crisp,collingwood,12061,resolved,0.403,0.0,4
11,Coll v WC,Jordan De Goey,collingwood,12318,resolved,0.183,0.0,5
11,Coll v WC,Elliot Yeo,west_coast,12087,resolved,0.178,0.0,6
11,Coll v WC,Tom McCarthy,west_coast,13240,resolved,0.044,0.0,7
11,Coll v WC,Jamie Elliott,collingwood,12083,resolved,0.028,0.0,8
11,Coll v WC,Harley Reid,west_coast,13111,resolved,0.027,0.0,9
11,Coll v WC,Scott Pendlebury,collingwood,4182,resolved,0.022,0.0,10
11,Coll v WC,Tim Kelly,west_coast,12595,resolved,0.02,0.0,11
11,Coll v WC,Beau McCreery,collingwood,12876,resolved,0.016,0.0,14
11,Coll v WC,Roan Steele,collingwood,13248,resolved,0.014,0.0,12
11,Coll v WC,Lachie Schultz,collingwood,12700,resolved,0.014,0.0,13
11,Coll v WC,Josh Daicos,collingwood,12573,resolved,0.013,0.0,15
11,Coll v WC,Jeremy Howe,collingwood,11967,resolved,0.011,0.0,16
11,Coll v WC,Jack Williams,west_coast,,unresolved,0.009,0.0,20
11,Coll v WC,Reuben Ginbey,west_coast,13038,resolved,0.009,0.0,17
11,Coll v WC,Isaac Quaynor,collingwood,12740,resolved,0.009,0.0,19
11,Coll v WC,Willem Duursma,west_coast,13292,resolved,0.009,0.0,21
11,Coll v WC,Patrick Lipinski,collingwood,12578,resolved,0.008,0.0,18
11,Coll v WC,Daniel McStay,collingwood,12291,resolved,0.007,0.0,22
11,Coll v WC,Billy Frampton,collingwood,12676,resolved,0.004,0.0,23
11,Coll v WC,Milan Murdock,west_coast,13294,resolved,0.003,0.0,24
11,Coll v WC,Liam Duggan,west_coast,12334,resolved,0.003,0.0,25
11,Coll v WC,Hamish Davis,west_coast,13210,resolved,0.003,0.0,26
11,Coll v WC,Darcy Moore,collingwood,12372,resolved,0.003,0.0,29
11,Coll v WC,Steele Sidebottom,collingwood,11751,resolved,0.002,0.0,27
11,Coll v WC,Edward Allan,collingwood,13146,resolved,0.002,0.0,31
11,Coll v WC,Ryan Maric,west_coast,13070,resolved,0.002,0.0,28
11,Coll v WC,Josh Lindsay,west_coast,13293,resolved,0.002,0.0,30
11,Coll v WC,Jobe Shanahan,west_coast,13247,resolved,0.001,0.0,32
11,Coll v WC,Malakai Champion,west_coast,13250,resolved,0.001,0.0,34
11,Coll v WC,Brayden Maynard,collingwood,12371,resolved,0.001,0.0,33
11,Coll v WC,Dan Houston,collingwood,12495,resolved,0.001,0.0,35
11,Coll v WC,Ned Long,collingwood,13023,resolved,0.001,0.0,37
11,Coll v WC,Brady Hough,west_coast,12957,resolved,0.0,0.0,36
11,Coll v WC,Rhett Bazzo,west_coast,13000,resolved,0.0,0.0,38
11,Coll v WC,Harvey Johnston,west_coast,13136,resolved,0.0,0.0,39
11,Coll v WC,Tylar Young,west_coast,13043,resolved,0.0,0.0,40
11,Coll v WC,Liam Baker,west_coast,12661,resolved,0.0,0.0,41
11,Coll v WC,Jake Waterman,west_coast,12601,resolved,0.0,0.0,42
11,Coll v WC,Bo Allan,west_coast,13221,resolved,0.0,0.0,43
11,Coll v WC,Charlie West,collingwood,13246,resolved,0.0,0.0,44
11,Coll v WC,Tom Cole,west_coast,12446,resolved,0.0,0.0,45
11,Coll v WC,William Hayes,collingwood,13228,resolved,0.0,0.0,46
11,Port v Carl,Patrick Cripps,carlton,12261,resolved,2.454,55.0,1
11,Port v Carl,Jason Horne-Francis,port_adelaide,12956,resolved,1.988,32.1,2
11,Port v Carl,Sam Walsh,carlton,12684,resolved,0.805,7.9,3
11,Port v Carl,Jagga Smith,carlton,13274,resolved,0.387,3.4,4
11,Port v Carl,George Hewett,carlton,12411,resolved,0.186,1.4,5
11,Port v Carl,Will Hayward,carlton,12509,resolved,0.068,0.3,6
11,Port v Carl,Harry McKay,carlton,12566,resolved,0.029,0.0,7
11,Port v Carl,Zak Butters,port_adelaide,12698,resolved,0.018,0.0,8
11,Port v Carl,Oliver Florent,carlton,12497,resolved,0.013,0.0,9
11,Port v Carl,Nick Haynes,carlton,12091,resolved,0.009,0.0,10
11,Port v Carl,Mitch McGovern,carlton,12404,resolved,0.004,0.0,14
11,Port v Carl,Lachlan Cowan,carlton,13028,resolved,0.004,0.0,13
11,Port v Carl,Francis Evans,carlton,12873,resolved,0.004,0.0,12
11,Port v Carl,Billy Wilson,carlton,,unresolved,0.004,0.0,11
11,Port v Carl,Nic Newman,carlton,12508,resolved,0.003,0.0,15
11,Port v Carl,Brodie Kemp,carlton,12937,resolved,0.003,0.0,16
11,Port v Carl,Jack Ison,carlton,13321,resolved,0.003,0.0,18
11,Port v Carl,Ben Ainsworth,carlton,12498,resolved,0.003,0.0,20
11,Port v Carl,Joe Richards,port_adelaide,13139,resolved,0.003,0.0,24
11,Port v Carl,Willem Drew,port_adelaide,12695,resolved,0.002,0.0,17
11,Port v Carl,Harry Dean,carlton,13273,resolved,0.002,0.0,21
11,Port v Carl,Wade Derksen,carlton,13303,resolved,0.002,0.0,19
11,Port v Carl,Marc Pittonet,carlton,12417,resolved,0.002,0.0,22
11,Port v Carl,Adam Cerra,carlton,12603,resolved,0.002,0.0,23
11,Port v Carl,Jase Burgoyne,port_adelaide,13007,resolved,0.001,0.0,26
11,Port v Carl,Logan Evans,port_adelaide,13156,resolved,0.001,0.0,25
11,Port v Carl,Talor Byrne,carlton,13297,resolved,0.001,0.0,28
11,Port v Carl,Jack Whitlock,port_adelaide,13259,resolved,0.001,0.0,27
11,Port v Carl,Jordon Sweet,port_adelaide,12890,resolved,0.0,0.0,29
11,Port v Carl,Josh Lai,port_adelaide,13301,resolved,0.0,0.0,30
11,Port v Carl,Jack Watkins,port_adelaide,13289,resolved,0.0,0.0,31
11,Port v Carl,Flynn Young,carlton,13245,resolved,0.0,0.0,32
11,Port v Carl,Kane Farrell,port_adelaide,12664,resolved,0.0,0.0,33
11,Port v Carl,Darcy Byrne-Jones,port_adelaide,12422,resolved,0.0,0.0,34
11,Port v Carl,Mitch Georgiades,port_adelaide,12766,resolved,0.0,0.0,35
11,Port v Carl,Esava Ratugolea,port_adelaide,12597,resolved,0.0,0.0,36
11,Port v Carl,Joe Berry,port_adelaide,13188,resolved,0.0,0.0,37
11,Port v Carl,Aliir Aliir,port_adelaide,12433,resolved,0.0,0.0,38
11,Port v Carl,Corey Durdin,port_adelaide,12936,resolved,0.0,0.0,39
11,Port v Carl,Ewan Mackinlay,port_adelaide,13269,resolved,0.0,0.0,40
11,Port v Carl,Jacob Wehr,port_adelaide,12991,resolved,0.0,0.0,41
11,Port v Carl,Tom Anastasopoulos,port_adelaide,13322,resolved,0.0,0.0,42
11,Port v Carl,Todd Marshall,port_adelaide,12575,resolved,0.0,0.0,43
11,Port v Carl,Matthew Carroll,carlton,13212,resolved,0.0,0.0,44
11,Port v Carl,Ollie Wines,port_adelaide,12150,resolved,0.0,0.0,45
11,Port v Carl,Christian Moraes,port_adelaide,13199,resolved,0.0,0.0,46
11,GWS v Bris,Clayton Oliver,greater_western_sydney,12410,resolved,1.734,30.0,1
11,GWS v Bris,Toby Greene,greater_western_sydney,12025,resolved,1.512,25.5,2
11,GWS v Bris,Brent Daniels,greater_western_sydney,12656,resolved,1.237,20.4,3
11,GWS v Bris,Jake Stringer,greater_western_sydney,12167,resolved,0.502,8.4,4
11,GWS v Bris,Finn Callaghan,greater_western_sydney,12969,resolved,0.44,7.4,5
11,GWS v Bris,Phoenix Gothard,greater_western_sydney,13279,resolved,0.378,6.3,6
11,GWS v Bris,Lachie Ash,greater_western_sydney,12782,resolved,0.071,1.1,7
11,GWS v Bris,Toby Bedford,greater_western_sydney,12772,resolved,0.02,0.2,10
11,GWS v Bris,Lachie Neale,brisbane_lions,12055,resolved,0.02,0.2,8
11,GWS v Bris,Stephen Coniglio,greater_western_sydney,12028,resolved,0.017,0.2,9
11,GWS v Bris,Aaron Cadman,greater_western_sydney,13054,resolved,0.017,0.2,11
11,GWS v Bris,Kieren Briggs,greater_western_sydney,12904,resolved,0.012,0.1,12
11,GWS v Bris,Jayden Laverde,greater_western_sydney,12377,resolved,0.008,0.0,13
11,GWS v Bris,Harry Himmelberg,greater_western_sydney,12462,resolved,0.007,0.0,16
11,GWS v Bris,Callum Brown,greater_western_sydney,12910,resolved,0.007,0.0,14
11,GWS v Bris,Max Gruzewski,greater_western_sydney,13158,resolved,0.006,0.0,15
11,GWS v Bris,Cam Rayner,brisbane_lions,12592,resolved,0.005,0.0,17
11,GWS v Bris,Connor Idun,greater_western_sydney,12750,resolved,0.002,0.0,18
11,GWS v Bris,Conor Stone,greater_western_sydney,12886,resolved,0.002,0.0,19
11,GWS v Bris,Darcy Wilmot,brisbane_lions,13026,resolved,0.002,0.0,20
11,GWS v Bris,Toby McMullin,greater_western_sydney,13088,resolved,0.001,0.0,21
11,GWS v Bris,Hugh McCluggage,brisbane_lions,12518,resolved,0.001,0.0,22
11,GWS v Bris,Joe Fonti,greater_western_sydney,13164,resolved,0.001,0.0,23
11,GWS v Bris,Harvey Thomas,greater_western_sydney,13101,resolved,0.001,0.0,24
11,GWS v Bris,Kai Lohmann,brisbane_lions,12968,resolved,0.0,0.0,25
11,GWS v Bris,Jaspa Fletcher,brisbane_lions,13072,resolved,0.0,0.0,26
11,GWS v Bris,Will Ashcroft,brisbane_lions,13040,resolved,0.0,0.0,27
11,GWS v Bris,Jake Riccardi,greater_western_sydney,12834,resolved,0.0,0.0,28
11,GWS v Bris,Josh Dunkley,brisbane_lions,12408,resolved,0.0,0.0,29
11,GWS v Bris,Levi Ashcroft,brisbane_lions,13197,resolved,0.0,0.0,30
11,GWS v Bris,Harris Andrews,brisbane_lions,12340,resolved,0.0,0.0,31
11,GWS v Bris,Harrison Oliver,greater_western_sydney,13325,resolved,0.0,0.0,32
11,GWS v Bris,Keidean Coleman,brisbane_lions,12838,resolved,0.0,0.0,33
11,GWS v Bris,Sam Draper,brisbane_lions,12810,resolved,0.0,0.0,34
11,GWS v Bris,Jack Buckley,greater_western_sydney,12846,resolved,0.0,0.0,35
11,GWS v Bris,Zac Bailey,brisbane_lions,12610,resolved,0.0,0.0,36
11,GWS v Bris,James Tunstill,brisbane_lions,13005,resolved,0.0,0.0,37
11,GWS v Bris,Sam Marshall,brisbane_lions,13215,resolved,0.0,0.0,38
11,GWS v Bris,Darcy Gardiner,brisbane_lions,12267,resolved,0.0,0.0,39
11,GWS v Bris,Charlie Cameron,brisbane_lions,,unresolved,0.0,0.0,40
11,GWS v Bris,Ty Gallop,brisbane_lions,13235,resolved,0.0,0.0,41
11,GWS v Bris,Darcy Fort,brisbane_lions,12724,resolved,0.0,0.0,42
11,GWS v Bris,Conor McKenna,brisbane_lions,12391,resolved,0.0,0.0,43
11,GWS v Bris,Logan Morris,brisbane_lions,13137,resolved,0.0,0.0,44
11,GWS v Bris,Bruce Reville,brisbane_lions,13138,resolved,0.0,0.0,45
11,GWS v Bris,Will McLachlan,brisbane_lions,13202,resolved,0.0,0.0,46
11,WB v Melb,Ed Richards,western_bulldogs,12605,resolved,2.665,68.7,1
11,WB v Melb,Marcus Bontempelli,western_bulldogs,12269,resolved,2.04,26.5,2
11,WB v Melb,Ryley Sanders,western_bulldogs,13103,resolved,0.877,4.3,3
11,WB v Melb,Kysaiah Pickett,melbourne,12771,resolved,0.16,0.4,4
11,WB v Melb,Bailey Dale,western_bulldogs,12354,resolved,0.085,0.1,5
11,WB v Melb,Max Gawn,melbourne,11966,resolved,0.03,0.0,6
11,WB v Melb,Matthew Kennedy,western_bulldogs,12455,resolved,0.023,0.0,7
11,WB v Melb,Tom Sparrow,melbourne,12693,resolved,0.02,0.0,8
11,WB v Melb,Jake Bowey,melbourne,12931,resolved,0.014,0.0,9
11,WB v Melb,Jack Steele,melbourne,12368,resolved,0.012,0.0,10
11,WB v Melb,Aaron Naughton,western_bulldogs,12594,resolved,0.011,0.0,11
11,WB v Melb,Kade Chandler,melbourne,12756,resolved,0.009,0.0,12
11,WB v Melb,Joel Freijah,western_bulldogs,13140,resolved,0.007,0.0,14
11,WB v Melb,Rory Lobb,western_bulldogs,12282,resolved,0.007,0.0,15
11,WB v Melb,Harvey Langford,melbourne,13184,resolved,0.007,0.0,13
11,WB v Melb,Connor Budarick,western_bulldogs,12769,resolved,0.006,0.0,16
11,WB v Melb,Ed Langdon,melbourne,12393,resolved,0.004,0.0,17
11,WB v Melb,Rhylee West,western_bulldogs,12748,resolved,0.003,0.0,18
11,WB v Melb,Arthur Jones,western_bulldogs,13046,resolved,0.003,0.0,19
11,WB v Melb,Lachlan Bramble,western_bulldogs,12916,resolved,0.002,0.0,22
11,WB v Melb,Harry Sharp,melbourne,12864,resolved,0.002,0.0,21
11,WB v Melb,Buku Khamis,western_bulldogs,12900,resolved,0.002,0.0,25
11,WB v Melb,Will Lewis,western_bulldogs,13284,resolved,0.002,0.0,24
11,WB v Melb,Daniel Turner,melbourne,12996,resolved,0.002,0.0,23
11,WB v Melb,Nick Coffield,western_bulldogs,12608,resolved,0.002,0.0,26
11,WB v Melb,Trent Rivers,melbourne,12778,resolved,0.001,0.0,20
11,WB v Melb,Caleb Windsor,melbourne,13099,resolved,0.001,0.0,28
11,WB v Melb,Koltyn Tholstrup,melbourne,13123,resolved,0.001,0.0,30
11,WB v Melb,Adam Treloar,western_bulldogs,12054,resolved,0.001,0.0,27
11,WB v Melb,James O'Donnell,western_bulldogs,13061,resolved,0.001,0.0,29
11,WB v Melb,Harrison Petty,melbourne,12653,resolved,0.001,0.0,31
11,WB v Melb,Jacob van Rooyen,melbourne,13048,resolved,0.0,0.0,32
11,WB v Melb,Jordan Croft,western_bulldogs,13265,resolved,0.0,0.0,33
11,WB v Melb,Blake Howes,melbourne,13098,resolved,0.0,0.0,34
11,WB v Melb,Changkuoth Jiath,melbourne,12752,resolved,0.0,0.0,35
11,WB v Melb,Paddy Cross,melbourne,13300,resolved,0.0,0.0,36
11,WB v Melb,Lachlan McNeil,western_bulldogs,12854,resolved,0.0,0.0,37
11,WB v Melb,Michael Sellwood,western_bulldogs,13276,resolved,0.0,0.0,38
11,WB v Melb,Bailey Laurie,melbourne,13032,resolved,0.0,0.0,39
11,WB v Melb,Cooper Hynes,western_bulldogs,13213,resolved,0.0,0.0,40
11,WB v Melb,Jake Lever,melbourne,12351,resolved,0.0,0.0,41
11,WB v Melb,Lachie Jaques,western_bulldogs,13275,resolved,0.0,0.0,42
11,WB v Melb,Matthew Jefferson,melbourne,13182,resolved,0.0,0.0,43
11,WB v Melb,Max Heath,melbourne,13254,resolved,0.0,0.0,44
11,WB v Melb,Luke Cleary,western_bulldogs,12987,resolved,0.0,0.0,45
11,WB v Melb,Bayley Fritsch,melbourne,12598,resolved,0.0,0.0,46
12,St K v Haw,James Sicily,hawthorn,12332,resolved,2.136,44.0,1
12,St K v Haw,Cam Mackenzie,hawthorn,13031,resolved,1.069,17.5,2
12,St K v Haw,Jai Newcombe,hawthorn,12915,resolved,0.79,12.3,3
12,St K v Haw,Jack Gunston,hawthorn,11845,resolved,0.503,7.3,4
12,St K v Haw,Nick Watson,hawthorn,13105,resolved,0.389,5.6,5
12,St K v Haw,Connor Macdonald,hawthorn,12954,resolved,0.343,4.9,6
12,St K v Haw,Massimo D'Ambrosio,hawthorn,12998,resolved,0.242,3.3,7
12,St K v Haw,Blake Hardwick,hawthorn,12469,resolved,0.188,2.6,8
12,St K v Haw,Josh Ward,hawthorn,12955,resolved,0.091,1.0,9
12,St K v Haw,Will Day,hawthorn,12794,resolved,0.052,0.4,11
12,St K v Haw,Jack Sinclair,st_kilda,12325,resolved,0.049,0.5,10
12,St K v Haw,Josh Weddle,hawthorn,13057,resolved,0.025,0.2,12
12,St K v Haw,Mitch Lewis,hawthorn,12636,resolved,0.02,0.1,14
12,St K v Haw,Karl Amon,hawthorn,12357,resolved,0.018,0.1,13
12,St K v Haw,Jack Ginnivan,hawthorn,12927,resolved,0.014,0.0,16
12,St K v Haw,Max Hall,st_kilda,13193,resolved,0.011,0.0,17
12,St K v Haw,Mabior Chol,hawthorn,12485,resolved,0.011,0.0,15
12,St K v Haw,Jarman Impey,hawthorn,12237,resolved,0.011,0.0,18
12,St K v Haw,Darcy Wilson,st_kilda,13110,resolved,0.009,0.0,19
12,St K v Haw,Bradley Hill,st_kilda,12060,resolved,0.005,0.0,20
12,St K v Haw,Jack Silvagni,st_kilda,12458,resolved,0.004,0.0,21
12,St K v Haw,Dylan Moore,hawthorn,12710,resolved,0.004,0.0,23
12,St K v Haw,Callum Wilkie,st_kilda,12703,resolved,0.003,0.0,24
12,St K v Haw,Josh Battle,hawthorn,12558,resolved,0.003,0.0,22
12,St K v Haw,Bailey Macdonald,hawthorn,13069,resolved,0.002,0.0,25
12,St K v Haw,Cameron Nairn,hawthorn,13326,resolved,0.002,0.0,26
12,St K v Haw,Jack Macrae,st_kilda,12166,resolved,0.001,0.0,27
12,St K v Haw,Hugo Garcia,st_kilda,13125,resolved,0.001,0.0,28
12,St K v Haw,Ryan Byrnes,st_kilda,12802,resolved,0.001,0.0,31
12,St K v Haw,Tom De Koning,st_kilda,12674,resolved,0.001,0.0,30
12,St K v Haw,Ned Reeves,hawthorn,12906,resolved,0.001,0.0,29
12,St K v Haw,Lloyd Meek,hawthorn,12856,resolved,0.001,0.0,33
12,St K v Haw,Alix Tauru,st_kilda,13243,resolved,0.0,0.0,32
12,St K v Haw,Mattaes Phillipou,st_kilda,13036,resolved,0.0,0.0,34
12,St K v Haw,Marcus Windhager,st_kilda,12967,resolved,0.0,0.0,35
12,St K v Haw,Rowan Marshall,st_kilda,12564,resolved,0.0,0.0,36
12,St K v Haw,Flynn Perez,hawthorn,12841,resolved,0.0,0.0,37
12,St K v Haw,Jack Carroll,st_kilda,12976,resolved,0.0,0.0,38
12,St K v Haw,Anthony Caminiti,st_kilda,13035,resolved,0.0,0.0,39
12,St K v Haw,Liam Henry,st_kilda,12831,resolved,0.0,0.0,40
12,St K v Haw,Mason Wood,st_kilda,12312,resolved,0.0,0.0,41
12,St K v Haw,Sam Flanders,st_kilda,12824,resolved,0.0,0.0,42
12,St K v Haw,Cooper Sharman,st_kilda,12929,resolved,0.0,0.0,43
12,St K v Haw,Liam O'Connell,st_kilda,13194,resolved,0.0,0.0,44
12,St K v Haw,Charlie Banfield,st_kilda,13324,resolved,0.0,0.0,45
12,St K v Haw,Isaac Keeler,st_kilda,13201,resolved,0.0,0.0,46
12,Carl v Geel,Patrick Cripps,carlton,12261,resolved,2.819,83.4,1
12,Carl v Geel,Sam Walsh,carlton,12684,resolved,1.087,8.3,2
12,Carl v Geel,Bailey Smith,geelong,12692,resolved,0.785,4.9,3
12,Carl v Geel,Jagga Smith,carlton,13274,resolved,0.553,2.7,4
12,Carl v Geel,Will Hayward,carlton,12509,resolved,0.143,0.3,5
12,Carl v Geel,Max Holmes,geelong,12881,resolved,0.117,0.2,6
12,Carl v Geel,Jeremy Cameron,geelong,12017,resolved,0.105,0.2,7
12,Carl v Geel,George Hewett,carlton,12411,resolved,0.078,0.0,8
12,Carl v Geel,Connor O'Sullivan,geelong,13122,resolved,0.049,0.0,10
12,Carl v Geel,Oliver Dempsey,geelong,12974,resolved,0.048,0.0,9
12,Carl v Geel,Nic Newman,carlton,12508,resolved,0.035,0.0,11
12,Carl v Geel,Ben Ainsworth,carlton,12498,resolved,0.028,0.0,12
12,Carl v Geel,Billy Wilson,carlton,,unresolved,0.019,0.0,14
12,Carl v Geel,Tom Stewart,geelong,12505,resolved,0.017,0.0,13
12,Carl v Geel,Adam Cerra,carlton,12603,resolved,0.016,0.0,15
12,Carl v Geel,Harry McKay,carlton,12566,resolved,0.012,0.0,16
12,Carl v Geel,Jacob Weitering,carlton,12402,resolved,0.011,0.0,17
12,Carl v Geel,Lachlan Cowan,carlton,13028,resolved,0.009,0.0,18
12,Carl v Geel,Oliver Florent,carlton,12497,resolved,0.009,0.0,19
12,Carl v Geel,Jack Henry,geelong,12607,resolved,0.008,0.0,21
12,Carl v Geel,Zach Guthrie,geelong,12551,resolved,0.007,0.0,20
12,Carl v Geel,Marc Pittonet,carlton,12417,resolved,0.006,0.0,23
12,Carl v Geel,Blake Acres,carlton,12276,resolved,0.006,0.0,22
12,Carl v Geel,Sam De Koning,geelong,12891,resolved,0.005,0.0,25
12,Carl v Geel,Tom Atkins,geelong,12690,resolved,0.005,0.0,24
12,Carl v Geel,Lawson Humphries,geelong,13160,resolved,0.004,0.0,26
12,Carl v Geel,Nick Haynes,carlton,12091,resolved,0.002,0.0,29
12,Carl v Geel,Gryan Miers,geelong,12689,resolved,0.002,0.0,27
12,Carl v Geel,Mark O'Connor,geelong,12531,resolved,0.002,0.0,33
12,Carl v Geel,Brodie Kemp,carlton,12937,resolved,0.002,0.0,28
12,Carl v Geel,Harry Dean,carlton,13273,resolved,0.002,0.0,30
12,Carl v Geel,Oliver Henry,geelong,12851,resolved,0.002,0.0,32
12,Carl v Geel,Patrick Dangerfield,geelong,11700,resolved,0.002,0.0,34
12,Carl v Geel,Shaun Mannagh,geelong,13104,resolved,0.001,0.0,31
12,Carl v Geel,Jake Kolodjashnij,geelong,12370,resolved,0.001,0.0,35
12,Carl v Geel,Flynn Young,carlton,13245,resolved,0.001,0.0,36
12,Carl v Geel,Tanner Bruhn,geelong,12871,resolved,0.001,0.0,37
12,Carl v Geel,Oisin Mullin,geelong,13066,resolved,0.0,0.0,38
12,Carl v Geel,Mitch McGovern,carlton,12404,resolved,0.0,0.0,39
12,Carl v Geel,Talor Byrne,carlton,13297,resolved,0.0,0.0,40
12,Carl v Geel,Mitchell Edwards,geelong,13285,resolved,0.0,0.0,41
12,Carl v Geel,Jack Ison,carlton,13321,resolved,0.0,0.0,42
12,Carl v Geel,Francis Evans,carlton,12873,resolved,0.0,0.0,43
12,Carl v Geel,Mark Blicavs,geelong,12153,resolved,0.0,0.0,44
12,Carl v Geel,Brad Close,geelong,12806,resolved,0.0,0.0,45
12,Carl v Geel,Shannon Neale,geelong,12992,resolved,0.0,0.0,46
12,Syd v Rich,Isaac Heeney,sydney,12326,resolved,2.228,41.4,1
12,Syd v Rich,Charlie Curnow,sydney,12421,resolved,2.204,40.4,2
12,Syd v Rich,Chad Warner,sydney,12797,resolved,1.532,18.1,3
12,Syd v Rich,Tom McCartin,sydney,12627,resolved,0.03,0.2,4
12,Syd v Rich,Peter Ladhams,sydney,12729,resolved,0.004,0.0,5
12,Syd v Rich,Nick Blakey,sydney,12699,resolved,0.001,0.0,6
12,Syd v Rich,Angus Sheldrick,sydney,12951,resolved,0.001,0.0,7
12,Syd v Rich,Hayden McLean,sydney,12745,resolved,0.001,0.0,8
12,Syd v Rich,James Jordon,sydney,12860,resolved,0.0,0.0,9
12,Syd v Rich,Harry Cunningham,sydney,12015,resolved,0.0,0.0,10
12,Syd v Rich,Sam Wicks,sydney,12818,resolved,0.0,0.0,11
12,Syd v Rich,Riley Bice,sydney,13195,resolved,0.0,0.0,12
12,Syd v Rich,Logan McDonald,sydney,12861,resolved,0.0,0.0,13
12,Syd v Rich,Lewis Melican,sydney,12526,resolved,0.0,0.0,14
12,Syd v Rich,James Rowbottom,sydney,12714,resolved,0.0,0.0,15
12,Syd v Rich,Jai Serong,sydney,13022,resolved,0.0,0.0,16
12,Syd v Rich,Justin McInerney,sydney,12711,resolved,0.0,0.0,17
12,Syd v Rich,Caiden Cleary,sydney,13157,resolved,0.0,0.0,18
12,Syd v Rich,Harry Kyle,sydney,13327,resolved,0.0,0.0,19
12,Syd v Rich,Tom Hanily,sydney,13173,resolved,0.0,0.0,20
12,Syd v Rich,Jacob Hopper,richmond,12440,resolved,0.0,0.0,21
12,Syd v Rich,Tim Taranto,richmond,12504,resolved,0.0,0.0,22
12,Syd v Rich,Jake Lloyd,sydney,12268,resolved,0.0,0.0,23
12,Syd v Rich,Joel Amartey,sydney,12844,resolved,0.0,0.0,24
12,Syd v Rich,Sam Cumming,richmond,13316,resolved,0.0,0.0,25
12,Syd v Rich,Jack Ross,richmond,,unresolved,0.0,0.0,26
12,Syd v Rich,Dion Prestia,richmond,11917,resolved,0.0,0.0,27
12,Syd v Rich,William Edwards,sydney,13318,resolved,0.0,0.0,28
12,Syd v Rich,Nick Vlastuin,richmond,12174,resolved,0.0,0.0,29
12,Syd v Rich,Oliver Hayes-Brown,richmond,13309,resolved,0.0,0.0,30
12,Syd v Rich,Nathan Broad,richmond,12456,resolved,0.0,0.0,31
12,Syd v Rich,Jasper Alger,richmond,13242,resolved,0.0,0.0,32
12,Syd v Rich,Noah Balta,richmond,12686,resolved,0.0,0.0,33
12,Syd v Rich,Jayden Short,richmond,12418,resolved,0.0,0.0,34
12,Syd v Rich,Luke Trainor,richmond,13191,resolved,0.0,0.0,35
12,Syd v Rich,James Trezise,richmond,13095,resolved,0.0,0.0,36
12,Syd v Rich,Ben Miller,richmond,12941,resolved,0.0,0.0,37
12,Syd v Rich,Sam Banks,richmond,13078,resolved,0.0,0.0,38
12,Syd v Rich,Mykelti Lefau,richmond,13113,resolved,0.0,0.0,39
12,Syd v Rich,Tyler Sonsie,richmond,13014,resolved,0.0,0.0,40
12,Syd v Rich,Seth Campbell,richmond,13100,resolved,0.0,0.0,41
12,Syd v Rich,Sam Grlj,richmond,13290,resolved,0.0,0.0,42
12,Syd v Rich,Liam Fawcett,richmond,13200,resolved,0.0,0.0,43
12,Syd v Rich,Steely Green,richmond,13145,resolved,0.0,0.0,44
12,Syd v Rich,Patrick Retschko,richmond,13313,resolved,0.0,0.0,45
12,Syd v Rich,Noah Roberts-Thomson,richmond,13323,resolved,0.0,0.0,46
12,Bris v Frem,Jye Amiss,fremantle,12983,resolved,1.834,33.6,1
12,Bris v Frem,Josh Treacy,fremantle,12887,resolved,1.287,21.7,2
12,Bris v Frem,Patrick Voss,fremantle,13129,resolved,0.927,15.5,3
12,Bris v Frem,Matthew Johnson,fremantle,13047,resolved,0.647,10.8,4
12,Bris v Frem,Zac Bailey,brisbane_lions,12610,resolved,0.296,4.6,5
12,Bris v Frem,Shai Bolton,fremantle,12535,resolved,0.239,3.9,6
12,Bris v Frem,Andrew Brayshaw,fremantle,12589,resolved,0.171,2.7,7
12,Bris v Frem,Darcy Wilmot,brisbane_lions,13026,resolved,0.103,1.5,8
12,Bris v Frem,Will Ashcroft,brisbane_lions,13040,resolved,0.096,1.3,9
12,Bris v Frem,Murphy Reid,fremantle,13180,resolved,0.064,0.9,10
12,Bris v Frem,Jordan Clark,fremantle,12688,resolved,0.057,0.7,11
12,Bris v Frem,Luke Jackson,fremantle,12779,resolved,0.056,0.7,12
12,Bris v Frem,Lachie Neale,brisbane_lions,12055,resolved,0.047,0.5,13
12,Bris v Frem,Luke Ryan,fremantle,12542,resolved,0.046,0.6,14
12,Bris v Frem,Karl Worner,fremantle,13075,resolved,0.029,0.3,15
12,Bris v Frem,Sam Switkowski,fremantle,12672,resolved,0.027,0.3,16
12,Bris v Frem,Nathan O'Driscoll,fremantle,12960,resolved,0.024,0.2,17
12,Bris v Frem,Corey Wagner,fremantle,12453,resolved,0.016,0.1,18
12,Bris v Frem,Judd McVee,fremantle,13033,resolved,0.015,0.1,19
12,Bris v Frem,Jarrod Berry,brisbane_lions,12519,resolved,0.004,0.0,21
12,Bris v Frem,Alex Pearce,fremantle,12352,resolved,0.004,0.0,20
12,Bris v Frem,Heath Chapman,fremantle,12875,resolved,0.004,0.0,22
12,Bris v Frem,Michael Frederick,fremantle,12801,resolved,0.002,0.0,23
12,Bris v Frem,Neil Erasmus,fremantle,12966,resolved,0.002,0.0,24
12,Bris v Frem,Sam Draper,brisbane_lions,12810,resolved,0.001,0.0,25
12,Bris v Frem,Josh Dunkley,brisbane_lions,12408,resolved,0.001,0.0,26
12,Bris v Frem,Harris Andrews,brisbane_lions,12340,resolved,0.001,0.0,27
12,Bris v Frem,Hugh McCluggage,brisbane_lions,12518,resolved,0.0,0.0,28
12,Bris v Frem,Isaiah Dudley,fremantle,13204,resolved,0.0,0.0,29
12,Bris v Frem,Brennan Cox,fremantle,12544,resolved,0.0,0.0,30
12,Bris v Frem,Mason Cox,fremantle,12428,resolved,0.0,0.0,31
12,Bris v Frem,Cam Rayner,brisbane_lions,12592,resolved,0.0,0.0,32
12,Bris v Frem,Jaspa Fletcher,brisbane_lions,13072,resolved,0.0,0.0,33
12,Bris v Frem,Christopher Scerri,fremantle,13296,resolved,0.0,0.0,34
12,Bris v Frem,Charlie Cameron,brisbane_lions,,unresolved,0.0,0.0,35
12,Bris v Frem,Ty Gallop,brisbane_lions,13235,resolved,0.0,0.0,36
12,Bris v Frem,Levi Ashcroft,brisbane_lions,13197,resolved,0.0,0.0,37
12,Bris v Frem,Darcy Fort,brisbane_lions,12724,resolved,0.0,0.0,38
12,Bris v Frem,Darcy Gardiner,brisbane_lions,12267,resolved,0.0,0.0,39
12,Bris v Frem,Bruce Reville,brisbane_lions,13138,resolved,0.0,0.0,40
12,Bris v Frem,Kai Lohmann,brisbane_lions,12968,resolved,0.0,0.0,41
12,Bris v Frem,Logan Morris,brisbane_lions,13137,resolved,0.0,0.0,42
12,Bris v Frem,Cody Curtin,brisbane_lions,13319,resolved,0.0,0.0,43
12,Bris v Frem,Conor McKenna,brisbane_lions,12391,resolved,0.0,0.0,44
12,Bris v Frem,Noah Answerth,brisbane_lions,12718,resolved,0.0,0.0,45
12,Bris v Frem,Keidean Coleman,brisbane_lions,12838,resolved,0.0,0.0,46
12,WB v Coll,Jordan De Goey,collingwood,12318,resolved,1.434,23.6,1
12,WB v Coll,Nick Daicos,collingwood,12943,resolved,1.412,23.6,2
12,WB v Coll,Ed Richards,western_bulldogs,12605,resolved,1.091,18.0,3
12,WB v Coll,Marcus Bontempelli,western_bulldogs,12269,resolved,0.901,15.5,4
12,WB v Coll,Tim English,western_bulldogs,12537,resolved,0.428,7.5,5
12,WB v Coll,Matthew Kennedy,western_bulldogs,12455,resolved,0.154,2.8,6
12,WB v Coll,Ryley Sanders,western_bulldogs,13103,resolved,0.15,2.6,8
12,WB v Coll,Scott Pendlebury,collingwood,4182,resolved,0.144,2.5,7
12,WB v Coll,Bailey Dale,western_bulldogs,12354,resolved,0.085,1.4,9
12,WB v Coll,Joel Freijah,western_bulldogs,13140,resolved,0.051,0.8,10
12,WB v Coll,Brayden Maynard,collingwood,12371,resolved,0.029,0.4,11
12,WB v Coll,Darcy Cameron,collingwood,12660,resolved,0.018,0.2,14
12,WB v Coll,Lachie Schultz,collingwood,12700,resolved,0.018,0.2,13
12,WB v Coll,Will Lewis,western_bulldogs,13284,resolved,0.018,0.2,12
12,WB v Coll,Josh Daicos,collingwood,12573,resolved,0.017,0.2,16
12,WB v Coll,Connor Budarick,western_bulldogs,12769,resolved,0.017,0.2,15
12,WB v Coll,Jeremy Howe,collingwood,11967,resolved,0.013,0.2,17
12,WB v Coll,Dan Houston,collingwood,12495,resolved,0.005,0.0,18
12,WB v Coll,Roan Steele,collingwood,13248,resolved,0.003,0.0,19
12,WB v Coll,Adam Treloar,western_bulldogs,12054,resolved,0.002,0.0,21
12,WB v Coll,Tim Membrey,collingwood,12300,resolved,0.002,0.0,20
12,WB v Coll,Lachlan McNeil,western_bulldogs,12854,resolved,0.002,0.0,22
12,WB v Coll,Rory Lobb,western_bulldogs,12282,resolved,0.001,0.0,26
12,WB v Coll,Michael Sellwood,western_bulldogs,13276,resolved,0.001,0.0,23
12,WB v Coll,Aaron Naughton,western_bulldogs,12594,resolved,0.001,0.0,24
12,WB v Coll,Jack Crisp,collingwood,12061,resolved,0.001,0.0,25
12,WB v Coll,Patrick Lipinski,collingwood,12578,resolved,0.001,0.0,27
12,WB v Coll,Buku Khamis,western_bulldogs,12900,resolved,0.0,0.0,30
12,WB v Coll,Nick Coffield,western_bulldogs,12608,resolved,0.0,0.0,28
12,WB v Coll,Angus Anderson,collingwood,13306,resolved,0.0,0.0,31
12,WB v Coll,Edward Allan,collingwood,13146,resolved,0.0,0.0,29
12,WB v Coll,Wil Parker,collingwood,13147,resolved,0.0,0.0,32
12,WB v Coll,Steele Sidebottom,collingwood,11751,resolved,0.0,0.0,33
12,WB v Coll,Isaac Quaynor,collingwood,12740,resolved,0.0,0.0,34
12,WB v Coll,Arthur Jones,western_bulldogs,13046,resolved,0.0,0.0,35
12,WB v Coll,Rhylee West,western_bulldogs,12748,resolved,0.0,0.0,36
12,WB v Coll,Lachie Jaques,western_bulldogs,13275,resolved,0.0,0.0,37
12,WB v Coll,James O'Donnell,western_bulldogs,13061,resolved,0.0,0.0,38
12,WB v Coll,Daniel McStay,collingwood,12291,resolved,0.0,0.0,39
12,WB v Coll,Beau McCreery,collingwood,12876,resolved,0.0,0.0,40
12,WB v Coll,Billy Frampton,collingwood,12676,resolved,0.0,0.0,41
12,WB v Coll,Cooper Hynes,western_bulldogs,13213,resolved,0.0,0.0,42
12,WB v Coll,Ned Long,collingwood,13023,resolved,0.0,0.0,43
12,WB v Coll,Jordan Croft,western_bulldogs,13265,resolved,0.0,0.0,44
12,WB v Coll,Lachlan Bramble,western_bulldogs,12916,resolved,0.0,0.0,45
12,WB v Coll,Harvey Harrison,collingwood,13068,resolved,0.0,0.0,46
12,Melb v GWS,Finn Callaghan,greater_western_sydney,12969,resolved,2.902,90.9,1
12,Melb v GWS,Lachie Ash,greater_western_sydney,12782,resolved,0.64,2.8,2
12,Melb v GWS,Clayton Oliver,greater_western_sydney,12410,resolved,0.624,2.4,3
12,Melb v GWS,Toby Greene,greater_western_sydney,12025,resolved,0.47,1.5,4
12,Melb v GWS,Harvey Thomas,greater_western_sydney,13101,resolved,0.411,1.2,5
12,Melb v GWS,Toby Bedford,greater_western_sydney,12772,resolved,0.306,0.7,6
12,Melb v GWS,Connor Idun,greater_western_sydney,12750,resolved,0.257,0.4,7
12,Melb v GWS,Brent Daniels,greater_western_sydney,12656,resolved,0.065,0.0,8
12,Melb v GWS,Max Gawn,melbourne,11966,resolved,0.05,0.0,9
12,Melb v GWS,Lachie Whitfield,greater_western_sydney,12143,resolved,0.044,0.0,11
12,Melb v GWS,Joe Fonti,greater_western_sydney,13164,resolved,0.042,0.0,10
12,Melb v GWS,Callum Brown,greater_western_sydney,12910,resolved,0.035,0.0,12
12,Melb v GWS,Max Gruzewski,greater_western_sydney,13158,resolved,0.027,0.0,13
12,Melb v GWS,Jack Steele,melbourne,12368,resolved,0.024,0.0,14
12,Melb v GWS,Harry Himmelberg,greater_western_sydney,12462,resolved,0.021,0.0,15
12,Melb v GWS,Kysaiah Pickett,melbourne,12771,resolved,0.014,0.0,16
12,Melb v GWS,Jayden Laverde,greater_western_sydney,12377,resolved,0.013,0.0,18
12,Melb v GWS,Kieren Briggs,greater_western_sydney,12904,resolved,0.013,0.0,17
12,Melb v GWS,Jake Stringer,greater_western_sydney,12167,resolved,0.011,0.0,19
12,Melb v GWS,Phoenix Gothard,greater_western_sydney,13279,resolved,0.009,0.0,20
12,Melb v GWS,Tom Sparrow,melbourne,12693,resolved,0.008,0.0,21
12,Melb v GWS,Sam Taylor,greater_western_sydney,12644,resolved,0.005,0.0,22
12,Melb v GWS,Conor Stone,greater_western_sydney,12886,resolved,0.003,0.0,23
12,Melb v GWS,Aaron Cadman,greater_western_sydney,13054,resolved,0.002,0.0,24
12,Melb v GWS,Jake Bowey,melbourne,12931,resolved,0.002,0.0,25
12,Melb v GWS,Trent Rivers,melbourne,12778,resolved,0.002,0.0,26
12,Melb v GWS,Toby McMullin,greater_western_sydney,13088,resolved,0.001,0.0,27
12,Melb v GWS,Brody Mihocek,melbourne,12639,resolved,0.001,0.0,28
12,Melb v GWS,Koltyn Tholstrup,melbourne,13123,resolved,0.0,0.0,29
12,Melb v GWS,Caleb Windsor,melbourne,13099,resolved,0.0,0.0,30
12,Melb v GWS,Harrison Petty,melbourne,12653,resolved,0.0,0.0,31
12,Melb v GWS,Daniel Turner,melbourne,12996,resolved,0.0,0.0,32
12,Melb v GWS,Ed Langdon,melbourne,12393,resolved,0.0,0.0,33
12,Melb v GWS,Kade Chandler,melbourne,12756,resolved,0.0,0.0,34
12,Melb v GWS,Stephen Coniglio,greater_western_sydney,12028,resolved,0.0,0.0,35
12,Melb v GWS,Leek Aleer,greater_western_sydney,13020,resolved,0.0,0.0,36
12,Melb v GWS,Harry Sharp,melbourne,12864,resolved,0.0,0.0,37
12,Melb v GWS,Jacob van Rooyen,melbourne,13048,resolved,0.0,0.0,38
12,Melb v GWS,Harvey Langford,melbourne,13184,resolved,0.0,0.0,39
12,Melb v GWS,Bailey Laurie,melbourne,13032,resolved,0.0,0.0,40
12,Melb v GWS,Latrelle Pickett,melbourne,13286,resolved,0.0,0.0,41
12,Melb v GWS,Andy Moniz-Wakefield,melbourne,13161,resolved,0.0,0.0,42
12,Melb v GWS,Blake Howes,melbourne,13098,resolved,0.0,0.0,43
12,Melb v GWS,Paddy Cross,melbourne,13300,resolved,0.0,0.0,44
12,Melb v GWS,Matthew Jefferson,melbourne,13182,resolved,0.0,0.0,45
12,Melb v GWS,Bayley Fritsch,melbourne,12598,resolved,0.0,0.0,46
12,WC v Ess,Harley Reid,west_coast,13111,resolved,1.642,28.7,1
12,WC v Ess,Reuben Ginbey,west_coast,13038,resolved,0.984,16.5,2
12,WC v Ess,Milan Murdock,west_coast,13294,resolved,0.757,12.7,3
12,WC v Ess,Tim Kelly,west_coast,12595,resolved,0.645,11.1,4
12,WC v Ess,Jake Waterman,west_coast,12601,resolved,0.575,9.9,5
12,WC v Ess,Willem Duursma,west_coast,13292,resolved,0.394,6.8,6
12,WC v Ess,Tom McCarthy,west_coast,13240,resolved,0.313,5.2,7
12,WC v Ess,Zach Merrett,essendon,12241,resolved,0.119,2.0,8
12,WC v Ess,Liam Baker,west_coast,12661,resolved,0.108,1.5,9
12,WC v Ess,Tylar Young,west_coast,13043,resolved,0.082,1.3,10
12,WC v Ess,Elliot Yeo,west_coast,12087,resolved,0.046,0.6,12
12,WC v Ess,Sullivan Robey,essendon,13307,resolved,0.044,0.6,13
12,WC v Ess,Darcy Parish,essendon,12406,resolved,0.044,0.7,11
12,WC v Ess,Elijah Tsatas,essendon,13087,resolved,0.042,0.5,14
12,WC v Ess,Liam Duggan,west_coast,12334,resolved,0.038,0.5,15
12,WC v Ess,Archie Roberts,essendon,13168,resolved,0.03,0.4,16
12,WC v Ess,Will Setterfield,essendon,12567,resolved,0.03,0.4,17
12,WC v Ess,Bo Allan,west_coast,13221,resolved,0.023,0.3,19
12,WC v Ess,Bailey J. Williams,west_coast,,unresolved,0.023,0.3,20
12,WC v Ess,Josh Lindsay,west_coast,13293,resolved,0.022,0.2,18
12,WC v Ess,Rhett Bazzo,west_coast,13000,resolved,0.009,0.0,21
12,WC v Ess,Kyle Langford,essendon,12349,resolved,0.008,0.0,23
12,WC v Ess,Ryan Maric,west_coast,13070,resolved,0.007,0.0,22
12,WC v Ess,Brady Hough,west_coast,12957,resolved,0.005,0.0,24
12,WC v Ess,Hamish Davis,west_coast,13210,resolved,0.004,0.0,25
12,WC v Ess,Ben McKay,essendon,12580,resolved,0.003,0.0,26
12,WC v Ess,Archer Day-Wicks,essendon,13223,resolved,0.001,0.0,31
12,WC v Ess,Nick Bryan,essendon,12899,resolved,0.001,0.0,28
12,WC v Ess,Xavier Duursma,essendon,12696,resolved,0.001,0.0,27
12,WC v Ess,Harvey Johnston,west_coast,13136,resolved,0.001,0.0,29
12,WC v Ess,Tom Cole,west_coast,12446,resolved,0.001,0.0,30
12,WC v Ess,Nate Caddy,essendon,13148,resolved,0.001,0.0,33
12,WC v Ess,Jobe Shanahan,west_coast,13247,resolved,0.0,0.0,32
12,WC v Ess,Zach Reid,essendon,12889,resolved,0.0,0.0,34
12,WC v Ess,Jacob Farrow,essendon,13299,resolved,0.0,0.0,35
12,WC v Ess,Saad El-Hawli,essendon,13203,resolved,0.0,0.0,36
12,WC v Ess,Archie Perkins,essendon,12879,resolved,0.0,0.0,37
12,WC v Ess,Nik Cox,essendon,12852,resolved,0.0,0.0,38
12,WC v Ess,Jack Williams,west_coast,,unresolved,0.0,0.0,39
12,WC v Ess,Jaxon Prior,essendon,12874,resolved,0.0,0.0,40
12,WC v Ess,Lachlan Blakiston,essendon,13237,resolved,0.0,0.0,41
12,WC v Ess,Malakai Champion,west_coast,13250,resolved,0.0,0.0,42
12,WC v Ess,Jade Gresham,essendon,12415,resolved,0.0,0.0,43
12,WC v Ess,Max Kondogiannis,essendon,13282,resolved,0.0,0.0,44
12,WC v Ess,Thomas Edwards,essendon,13198,resolved,0.0,0.0,45
12,WC v Ess,Archer May,essendon,13238,resolved,0.0,0.0,46
13,Adel v Geel,Jordan Dawson,adelaide,12516,resolved,2.794,81.0,1
13,Adel v Geel,Patrick Dangerfield,geelong,11700,resolved,1.453,13.0,2
13,Adel v Geel,Bailey Smith,geelong,12692,resolved,0.689,3.6,3
13,Adel v Geel,Daniel Curtin,adelaide,13132,resolved,0.419,1.7,4
13,Adel v Geel,Sam De Koning,geelong,12891,resolved,0.236,0.6,5
13,Adel v Geel,Max Holmes,geelong,12881,resolved,0.126,0.2,6
13,Adel v Geel,James Peatling,adelaide,12934,resolved,0.034,0.0,7
13,Adel v Geel,Jake Soligo,adelaide,12952,resolved,0.031,0.0,8
13,Adel v Geel,Connor O'Sullivan,geelong,13122,resolved,0.03,0.0,10
13,Adel v Geel,Sam Berry,adelaide,12849,resolved,0.027,0.0,9
13,Adel v Geel,Jack Bowes,geelong,12499,resolved,0.02,0.0,11
13,Adel v Geel,Ben Keays,adelaide,12434,resolved,0.019,0.0,12
13,Adel v Geel,Wayne Milera,adelaide,12405,resolved,0.014,0.0,14
13,Adel v Geel,Rory Laird,adelaide,12165,resolved,0.014,0.0,13
13,Adel v Geel,Lachlan McAndrew,adelaide,13065,resolved,0.013,0.0,15
13,Adel v Geel,Gryan Miers,geelong,12689,resolved,0.011,0.0,16
13,Adel v Geel,Alex Neal-Bullen,adelaide,12367,resolved,0.011,0.0,17
13,Adel v Geel,Tanner Bruhn,geelong,12871,resolved,0.011,0.0,18
13,Adel v Geel,Taylor Walker,adelaide,11713,resolved,0.01,0.0,19
13,Adel v Geel,Josh Worrell,adelaide,12912,resolved,0.007,0.0,20
13,Adel v Geel,Tom Atkins,geelong,12690,resolved,0.007,0.0,21
13,Adel v Geel,Oisin Mullin,geelong,13066,resolved,0.003,0.0,24
13,Adel v Geel,Brayden Cook,adelaide,12932,resolved,0.003,0.0,22
13,Adel v Geel,Jack Martin,geelong,12236,resolved,0.002,0.0,23
13,Adel v Geel,Josh Rachele,adelaide,12953,resolved,0.002,0.0,25
13,Adel v Geel,Hugo Hall-Kahan,adelaide,13328,resolved,0.002,0.0,26
13,Adel v Geel,Jordon Butts,adelaide,12829,resolved,0.002,0.0,28
13,Adel v Geel,Oliver Dempsey,geelong,12974,resolved,0.002,0.0,27
13,Adel v Geel,Zac Taylor,adelaide,13159,resolved,0.002,0.0,29
13,Adel v Geel,Oliver Henry,geelong,12851,resolved,0.001,0.0,32
13,Adel v Geel,Jake Kolodjashnij,geelong,12370,resolved,0.001,0.0,31
13,Adel v Geel,Shaun Mannagh,geelong,13104,resolved,0.001,0.0,30
13,Adel v Geel,Jack Henry,geelong,12607,resolved,0.001,0.0,38
13,Adel v Geel,Max Michalanney,adelaide,13027,resolved,0.001,0.0,34
13,Adel v Geel,Tom Stewart,geelong,12505,resolved,0.001,0.0,33
13,Adel v Geel,Mark Blicavs,geelong,12153,resolved,0.0,0.0,35
13,Adel v Geel,Callum Ah Chee,adelaide,12414,resolved,0.0,0.0,37
13,Adel v Geel,Shannon Neale,geelong,12992,resolved,0.0,0.0,36
13,Adel v Geel,Mark O'Connor,geelong,12531,resolved,0.0,0.0,39
13,Adel v Geel,Oliver Wiltshire,geelong,13217,resolved,0.0,0.0,40
13,Adel v Geel,Toby Murray,adelaide,13280,resolved,0.0,0.0,41
13,Adel v Geel,Luke Nankervis,adelaide,13081,resolved,0.0,0.0,42
13,Adel v Geel,Zach Guthrie,geelong,12551,resolved,0.0,0.0,43
13,Adel v Geel,Darcy Fogarty,adelaide,12584,resolved,0.0,0.0,44
13,Adel v Geel,James Borlase,adelaide,13086,resolved,0.0,0.0,45
13,Adel v Geel,Jeremy Cameron,geelong,12017,resolved,0.0,0.0,46
13,Haw v WB,Jai Newcombe,hawthorn,12915,resolved,2.407,54.2,1
13,Haw v WB,Marcus Bontempelli,western_bulldogs,12269,resolved,1.505,21.3,2
13,Haw v WB,Bailey Dale,western_bulldogs,12354,resolved,1.435,19.9,3
13,Haw v WB,Ed Richards,western_bulldogs,12605,resolved,0.23,2.2,4
13,Haw v WB,Jarman Impey,hawthorn,12237,resolved,0.148,1.3,5
13,Haw v WB,Josh Ward,hawthorn,12955,resolved,0.105,0.8,6
13,Haw v WB,Will Day,hawthorn,12794,resolved,0.049,0.3,7
13,Haw v WB,Ryley Sanders,western_bulldogs,13103,resolved,0.019,0.0,8
13,Haw v WB,Matthew Kennedy,western_bulldogs,12455,resolved,0.015,0.0,9
13,Haw v WB,Lloyd Meek,hawthorn,12856,resolved,0.01,0.0,12
13,Haw v WB,Massimo D'Ambrosio,hawthorn,12998,resolved,0.01,0.0,10
13,Haw v WB,Tim English,western_bulldogs,12537,resolved,0.01,0.0,11
13,Haw v WB,James Sicily,hawthorn,12332,resolved,0.008,0.0,13
13,Haw v WB,Jordan Croft,western_bulldogs,13265,resolved,0.007,0.0,14
13,Haw v WB,Nick Watson,hawthorn,13105,resolved,0.007,0.0,15
13,Haw v WB,Jack Ginnivan,hawthorn,12927,resolved,0.005,0.0,16
13,Haw v WB,Connor Macdonald,hawthorn,12954,resolved,0.004,0.0,17
13,Haw v WB,Cam Mackenzie,hawthorn,13031,resolved,0.004,0.0,18
13,Haw v WB,Lachlan Bramble,western_bulldogs,12916,resolved,0.004,0.0,20
13,Haw v WB,Josh Weddle,hawthorn,13057,resolved,0.003,0.0,19
13,Haw v WB,Cooper Hynes,western_bulldogs,13213,resolved,0.003,0.0,23
13,Haw v WB,Arthur Jones,western_bulldogs,13046,resolved,0.003,0.0,22
13,Haw v WB,Mabior Chol,hawthorn,12485,resolved,0.002,0.0,21
13,Haw v WB,Karl Amon,hawthorn,12357,resolved,0.002,0.0,24
13,Haw v WB,Joel Freijah,western_bulldogs,13140,resolved,0.002,0.0,25
13,Haw v WB,Rory Lobb,western_bulldogs,12282,resolved,0.001,0.0,26
13,Haw v WB,Nick Coffield,western_bulldogs,12608,resolved,0.001,0.0,27
13,Haw v WB,Aaron Naughton,western_bulldogs,12594,resolved,0.001,0.0,29
13,Haw v WB,Michael Sellwood,western_bulldogs,13276,resolved,0.001,0.0,28
13,Haw v WB,Buku Khamis,western_bulldogs,12900,resolved,0.0,0.0,30
13,Haw v WB,Adam Treloar,western_bulldogs,12054,resolved,0.0,0.0,31
13,Haw v WB,Rhylee West,western_bulldogs,12748,resolved,0.0,0.0,32
13,Haw v WB,James O'Donnell,western_bulldogs,13061,resolved,0.0,0.0,33
13,Haw v WB,Josh Battle,hawthorn,12558,resolved,0.0,0.0,34
13,Haw v WB,Ned Reeves,hawthorn,12906,resolved,0.0,0.0,35
13,Haw v WB,Connor Budarick,western_bulldogs,12769,resolved,0.0,0.0,36
13,Haw v WB,Cody Weightman,western_bulldogs,12800,resolved,0.0,0.0,37
13,Haw v WB,Dylan Moore,hawthorn,12710,resolved,0.0,0.0,38
13,Haw v WB,Flynn Perez,hawthorn,12841,resolved,0.0,0.0,39
13,Haw v WB,Bailey Macdonald,hawthorn,13069,resolved,0.0,0.0,40
13,Haw v WB,Will Lewis,western_bulldogs,13284,resolved,0.0,0.0,41
13,Haw v WB,Cameron Nairn,hawthorn,13326,resolved,0.0,0.0,42
13,Haw v WB,Bodie Ryan,hawthorn,13320,resolved,0.0,0.0,43
13,Haw v WB,Mitch Lewis,hawthorn,12636,resolved,0.0,0.0,44
13,Haw v WB,Lachlan McNeil,western_bulldogs,12854,resolved,0.0,0.0,45
13,Haw v WB,Blake Hardwick,hawthorn,12469,resolved,0.0,0.0,46
13,NM v Frem,Andrew Brayshaw,fremantle,12589,resolved,2.203,42.3,1
13,NM v Frem,Luke Jackson,fremantle,12779,resolved,2.1,38.4,2
13,NM v Frem,Patrick Voss,fremantle,13129,resolved,0.955,12.0,3
13,NM v Frem,Hayden Young,fremantle,12777,resolved,0.378,4.9,4
13,NM v Frem,Josh Treacy,fremantle,12887,resolved,0.109,1.0,5
13,NM v Frem,Murphy Reid,fremantle,13180,resolved,0.078,0.6,6
13,NM v Frem,Shai Bolton,fremantle,12535,resolved,0.061,0.5,7
13,NM v Frem,Sam Switkowski,fremantle,12672,resolved,0.04,0.3,8
13,NM v Frem,Neil Erasmus,fremantle,12966,resolved,0.024,0.1,9
13,NM v Frem,Luke Ryan,fremantle,12542,resolved,0.014,0.0,10
13,NM v Frem,Nathan O'Driscoll,fremantle,12960,resolved,0.014,0.0,11
13,NM v Frem,Jaeger O'Meara,fremantle,12141,resolved,0.005,0.0,12
13,NM v Frem,Harry Sheezel,north_melbourne,13034,resolved,0.004,0.0,14
13,NM v Frem,Jordan Clark,fremantle,12688,resolved,0.003,0.0,13
13,NM v Frem,Jye Amiss,fremantle,12983,resolved,0.002,0.0,16
13,NM v Frem,Judd McVee,fremantle,13033,resolved,0.002,0.0,15
13,NM v Frem,Luke Davies-Uniacke,north_melbourne,12590,resolved,0.001,0.0,18
13,NM v Frem,Oscar McDonald,fremantle,12394,resolved,0.001,0.0,19
13,NM v Frem,Michael Frederick,fremantle,12801,resolved,0.001,0.0,17
13,NM v Frem,Isaiah Dudley,fremantle,13204,resolved,0.001,0.0,22
13,NM v Frem,Heath Chapman,fremantle,12875,resolved,0.001,0.0,20
13,NM v Frem,Corey Wagner,fremantle,12453,resolved,0.001,0.0,21
13,NM v Frem,Karl Worner,fremantle,13075,resolved,0.001,0.0,24
13,NM v Frem,Alex Pearce,fremantle,12352,resolved,0.001,0.0,25
13,NM v Frem,Luke Parker,north_melbourne,11953,resolved,0.0,0.0,23
13,NM v Frem,Caleb Daniel,north_melbourne,12373,resolved,0.0,0.0,26
13,NM v Frem,Mason Cox,fremantle,12428,resolved,0.0,0.0,27
13,NM v Frem,George Wardlaw,north_melbourne,13064,resolved,0.0,0.0,28
13,NM v Frem,Colby McKercher,north_melbourne,13107,resolved,0.0,0.0,29
13,NM v Frem,Cooper Trembath,north_melbourne,13263,resolved,0.0,0.0,30
13,NM v Frem,Dylan Stephens,north_melbourne,12796,resolved,0.0,0.0,31
13,NM v Frem,Cameron Zurhaar,north_melbourne,12557,resolved,0.0,0.0,32
13,NM v Frem,Luke McDonald,north_melbourne,12246,resolved,0.0,0.0,33
13,NM v Frem,Jy Simpkin,north_melbourne,12502,resolved,0.0,0.0,34
13,NM v Frem,Griffin Logue,north_melbourne,12511,resolved,0.0,0.0,35
13,NM v Frem,Tristan Xerri,north_melbourne,12788,resolved,0.0,0.0,36
13,NM v Frem,Jack Darling,north_melbourne,11905,resolved,0.0,0.0,37
13,NM v Frem,Charlie Comben,north_melbourne,12938,resolved,0.0,0.0,38
13,NM v Frem,Nick Larkey,north_melbourne,12563,resolved,0.0,0.0,39
13,NM v Frem,Charlie Spargo,north_melbourne,12622,resolved,0.0,0.0,40
13,NM v Frem,Zac Fisher,north_melbourne,12520,resolved,0.0,0.0,41
13,NM v Frem,Paul Curtis,north_melbourne,12975,resolved,0.0,0.0,42
13,NM v Frem,Riley Hardeman,north_melbourne,13130,resolved,0.0,0.0,43
13,NM v Frem,Jacob Konstanty,north_melbourne,13186,resolved,0.0,0.0,44
13,NM v Frem,Zane Duursma,north_melbourne,13106,resolved,0.0,0.0,45
13,NM v Frem,Wil Dawson,north_melbourne,13144,resolved,0.0,0.0,46
13,GC v Bris,Logan Morris,brisbane_lions,13137,resolved,2.932,93.2,1
13,GC v Bris,Lachie Neale,brisbane_lions,12055,resolved,1.986,6.8,2
13,GC v Bris,Darcy Wilmot,brisbane_lions,13026,resolved,0.511,0.0,3
13,GC v Bris,Josh Dunkley,brisbane_lions,12408,resolved,0.16,0.0,4
13,GC v Bris,John Noble,gold_coast,12743,resolved,0.096,0.0,5
13,GC v Bris,Will Ashcroft,brisbane_lions,13040,resolved,0.068,0.0,6
13,GC v Bris,Zac Bailey,brisbane_lions,12610,resolved,0.064,0.0,7
13,GC v Bris,Noah Anderson,gold_coast,12767,resolved,0.03,0.0,8
13,GC v Bris,Christian Petracca,gold_coast,12430,resolved,0.018,0.0,9
13,GC v Bris,Jarrod Berry,brisbane_lions,12519,resolved,0.016,0.0,10
13,GC v Bris,Ben King,gold_coast,12728,resolved,0.015,0.0,11
13,GC v Bris,Charlie Cameron,brisbane_lions,,unresolved,0.013,0.0,12
13,GC v Bris,Daniel Rioli,gold_coast,12403,resolved,0.011,0.0,13
13,GC v Bris,Harris Andrews,brisbane_lions,12340,resolved,0.011,0.0,14
13,GC v Bris,Matt Rowell,gold_coast,12768,resolved,0.007,0.0,15
13,GC v Bris,Darcy Fort,brisbane_lions,12724,resolved,0.006,0.0,17
13,GC v Bris,Bodhi Uwland,gold_coast,13041,resolved,0.006,0.0,16
13,GC v Bris,Cam Rayner,brisbane_lions,12592,resolved,0.006,0.0,18
13,GC v Bris,Touk Miller,gold_coast,12331,resolved,0.006,0.0,19
13,GC v Bris,Sam Draper,brisbane_lions,12810,resolved,0.004,0.0,21
13,GC v Bris,Levi Ashcroft,brisbane_lions,13197,resolved,0.004,0.0,20
13,GC v Bris,Bruce Reville,brisbane_lions,13138,resolved,0.004,0.0,22
13,GC v Bris,Shadeau Brain,brisbane_lions,13142,resolved,0.003,0.0,23
13,GC v Bris,Sam Collins,gold_coast,12444,resolved,0.002,0.0,24
13,GC v Bris,Mac Andrew,gold_coast,13019,resolved,0.002,0.0,25
13,GC v Bris,Ben Long,gold_coast,12521,resolved,0.002,0.0,26
13,GC v Bris,Noah Answerth,brisbane_lions,12718,resolved,0.002,0.0,28
13,GC v Bris,Jaspa Fletcher,brisbane_lions,13072,resolved,0.002,0.0,27
13,GC v Bris,Wil Powell,gold_coast,12652,resolved,0.002,0.0,32
13,GC v Bris,Darragh Joyce,brisbane_lions,12654,resolved,0.001,0.0,29
13,GC v Bris,Conor McKenna,brisbane_lions,12391,resolved,0.001,0.0,30
13,GC v Bris,Leonardo Lombard,gold_coast,13232,resolved,0.001,0.0,34
13,GC v Bris,Ty Gallop,brisbane_lions,13235,resolved,0.001,0.0,33
13,GC v Bris,James Tunstill,brisbane_lions,13005,resolved,0.001,0.0,35
13,GC v Bris,Kai Lohmann,brisbane_lions,12968,resolved,0.001,0.0,31
13,GC v Bris,Darcy Gardiner,brisbane_lions,12267,resolved,0.001,0.0,36
13,GC v Bris,Ned Moyle,gold_coast,13050,resolved,0.001,0.0,37
13,GC v Bris,Bailey Humphrey,gold_coast,13049,resolved,0.0,0.0,38
13,GC v Bris,Oscar Adams,gold_coast,13251,resolved,0.0,0.0,39
13,GC v Bris,Jed Walter,gold_coast,13114,resolved,0.0,0.0,40
13,GC v Bris,Lachlan Gulbin,gold_coast,13272,resolved,0.0,0.0,41
13,GC v Bris,Joel Jeffrey,gold_coast,12933,resolved,0.0,0.0,42
13,GC v Bris,Lachie Weller,gold_coast,12385,resolved,0.0,0.0,43
13,GC v Bris,Jai Murray,gold_coast,13332,resolved,0.0,0.0,44
13,GC v Bris,Jarrod Witts,gold_coast,12177,resolved,0.0,0.0,45
13,GC v Bris,Will Graham,gold_coast,13120,resolved,0.0,0.0,46
13,WC v Port,Jason Horne-Francis,port_adelaide,12956,resolved,2.684,74.1,1
13,WC v Port,Esava Ratugolea,port_adelaide,12597,resolved,0.764,8.1,2
13,WC v Port,Tom McCarthy,west_coast,13240,resolved,0.529,4.5,3
13,WC v Port,Harley Reid,west_coast,13111,resolved,0.488,4.5,4
13,WC v Port,Tim Kelly,west_coast,12595,resolved,0.41,3.4,5
13,WC v Port,Zak Butters,port_adelaide,12698,resolved,0.359,2.7,6
13,WC v Port,Jordon Sweet,port_adelaide,12890,resolved,0.237,1.6,7
13,WC v Port,Jake Waterman,west_coast,12601,resolved,0.107,0.4,8
13,WC v Port,Darcy Byrne-Jones,port_adelaide,12422,resolved,0.086,0.3,9
13,WC v Port,Ollie Wines,port_adelaide,12150,resolved,0.055,0.1,10
13,WC v Port,Jase Burgoyne,port_adelaide,13007,resolved,0.053,0.2,11
13,WC v Port,Joe Richards,port_adelaide,13139,resolved,0.046,0.1,12
13,WC v Port,Willem Duursma,west_coast,13292,resolved,0.039,0.0,13
13,WC v Port,Elliot Yeo,west_coast,12087,resolved,0.032,0.0,14
13,WC v Port,Logan Evans,port_adelaide,13156,resolved,0.021,0.0,15
13,WC v Port,Willem Drew,port_adelaide,12695,resolved,0.015,0.0,16
13,WC v Port,Liam Baker,west_coast,12661,resolved,0.013,0.0,17
13,WC v Port,Mitch Georgiades,port_adelaide,12766,resolved,0.009,0.0,18
13,WC v Port,Jackson Mead,port_adelaide,12946,resolved,0.008,0.0,20
13,WC v Port,Tom Cole,west_coast,12446,resolved,0.008,0.0,19
13,WC v Port,Aliir Aliir,port_adelaide,12433,resolved,0.007,0.0,21
13,WC v Port,Bailey J. Williams,west_coast,,unresolved,0.005,0.0,22
13,WC v Port,Corey Durdin,port_adelaide,12936,resolved,0.005,0.0,23
13,WC v Port,Joe Berry,port_adelaide,13188,resolved,0.005,0.0,25
13,WC v Port,Bo Allan,west_coast,13221,resolved,0.003,0.0,24
13,WC v Port,Liam Duggan,west_coast,12334,resolved,0.003,0.0,26
13,WC v Port,Ryan Maric,west_coast,13070,resolved,0.002,0.0,28
13,WC v Port,Tom Cochrane,port_adelaide,13205,resolved,0.002,0.0,27
13,WC v Port,Lachie Jones,port_adelaide,12882,resolved,0.001,0.0,30
13,WC v Port,Rhett Bazzo,west_coast,13000,resolved,0.001,0.0,31
13,WC v Port,Jacob Wehr,port_adelaide,12991,resolved,0.001,0.0,29
13,WC v Port,Brady Hough,west_coast,12957,resolved,0.001,0.0,33
13,WC v Port,Reuben Ginbey,west_coast,13038,resolved,0.001,0.0,32
13,WC v Port,Tylar Young,west_coast,13043,resolved,0.001,0.0,34
13,WC v Port,Todd Marshall,port_adelaide,12575,resolved,0.0,0.0,35
13,WC v Port,Hamish Davis,west_coast,13210,resolved,0.0,0.0,37
13,WC v Port,Brandon Starcevich,west_coast,12668,resolved,0.0,0.0,36
13,WC v Port,Cooper Duff-Tytler,west_coast,13291,resolved,0.0,0.0,38
13,WC v Port,Milan Murdock,west_coast,13294,resolved,0.0,0.0,39
13,WC v Port,Christian Moraes,port_adelaide,13199,resolved,0.0,0.0,40
13,WC v Port,Ewan Mackinlay,port_adelaide,13269,resolved,0.0,0.0,41
13,WC v Port,Jobe Shanahan,west_coast,13247,resolved,0.0,0.0,42
13,WC v Port,Josh Lai,port_adelaide,13301,resolved,0.0,0.0,43
13,WC v Port,Jack Whitlock,port_adelaide,13259,resolved,0.0,0.0,44
13,WC v Port,Harvey Johnston,west_coast,13136,resolved,0.0,0.0,45
13,WC v Port,Malakai Champion,west_coast,13250,resolved,0.0,0.0,46
13,Syd v St K,Isaac Heeney,sydney,12326,resolved,2.183,44.1,1
13,Syd v St K,Chad Warner,sydney,12797,resolved,1.492,24.4,2
13,Syd v St K,Liam Ryan,st_kilda,12600,resolved,1.02,15.2,3
13,Syd v St K,Nasiah Wanganeen-Milera,st_kilda,12950,resolved,0.746,11.1,4
13,Syd v St K,Hugo Garcia,st_kilda,13125,resolved,0.203,2.6,5
13,Syd v St K,Jai Serong,sydney,13022,resolved,0.094,1.0,7
13,Syd v St K,Max Hall,st_kilda,13193,resolved,0.09,0.9,6
13,Syd v St K,Jack Sinclair,st_kilda,12325,resolved,0.03,0.2,8
13,Syd v St K,Rowan Marshall,st_kilda,12564,resolved,0.027,0.2,10
13,Syd v St K,Nick Blakey,sydney,12699,resolved,0.025,0.1,9
13,Syd v St K,Bradley Hill,st_kilda,12060,resolved,0.013,0.0,11
13,Syd v St K,Darcy Wilson,st_kilda,13110,resolved,0.008,0.0,13
13,Syd v St K,Brodie Grundy,sydney,12217,resolved,0.006,0.0,15
13,Syd v St K,Marcus Windhager,st_kilda,12967,resolved,0.006,0.0,12
13,Syd v St K,Callum Mills,sydney,12413,resolved,0.006,0.0,14
13,Syd v St K,Jake Lloyd,sydney,12268,resolved,0.006,0.0,16
13,Syd v St K,Logan McDonald,sydney,12861,resolved,0.006,0.0,17
13,Syd v St K,Sam Wicks,sydney,12818,resolved,0.005,0.0,19
13,Syd v St K,Tom De Koning,st_kilda,12674,resolved,0.004,0.0,18
13,Syd v St K,Callum Wilkie,st_kilda,12703,resolved,0.004,0.0,20
13,Syd v St K,James Jordon,sydney,12860,resolved,0.004,0.0,21
13,Syd v St K,Charlie Curnow,sydney,12421,resolved,0.004,0.0,22
13,Syd v St K,Riley Bice,sydney,13195,resolved,0.003,0.0,23
13,Syd v St K,Malcolm Rosas,sydney,12903,resolved,0.002,0.0,25
13,Syd v St K,Jack Silvagni,st_kilda,12458,resolved,0.002,0.0,26
13,Syd v St K,James Rowbottom,sydney,12714,resolved,0.002,0.0,24
13,Syd v St K,Justin McInerney,sydney,12711,resolved,0.001,0.0,28
13,Syd v St K,William Edwards,sydney,13318,resolved,0.001,0.0,29
13,Syd v St K,Cooper Sharman,st_kilda,12929,resolved,0.001,0.0,30
13,Syd v St K,Hayden McLean,sydney,12745,resolved,0.001,0.0,27
13,Syd v St K,Angus Sheldrick,sydney,12951,resolved,0.001,0.0,32
13,Syd v St K,Tom McCartin,sydney,12627,resolved,0.001,0.0,33
13,Syd v St K,Jack Macrae,st_kilda,12166,resolved,0.001,0.0,31
13,Syd v St K,Caiden Cleary,sydney,13157,resolved,0.0,0.0,34
13,Syd v St K,Harry Kyle,sydney,13327,resolved,0.0,0.0,35
13,Syd v St K,Matt Roberts,sydney,12994,resolved,0.0,0.0,36
13,Syd v St K,Joel Amartey,sydney,12844,resolved,0.0,0.0,37
13,Syd v St K,Mason Wood,st_kilda,12312,resolved,0.0,0.0,38
13,Syd v St K,Liam Stocker,st_kilda,12721,resolved,0.0,0.0,39
13,Syd v St K,Ryan Byrnes,st_kilda,12802,resolved,0.0,0.0,40
13,Syd v St K,Anthony Caminiti,st_kilda,13035,resolved,0.0,0.0,41
13,Syd v St K,Campbell Lake,st_kilda,13331,resolved,0.0,0.0,42
13,Syd v St K,Mitch Owens,st_kilda,12948,resolved,0.0,0.0,43
13,Syd v St K,Alix Tauru,st_kilda,13243,resolved,0.0,0.0,44
13,Syd v St K,Angus Hastie,st_kilda,13116,resolved,0.0,0.0,45
13,Syd v St K,Mattaes Phillipou,st_kilda,13036,resolved,0.0,0.0,46
13,Ess v Carl,Sam Durham,essendon,12925,resolved,1.687,28.8,1
13,Ess v Carl,Harry McKay,carlton,12566,resolved,1.654,28.4,2
13,Ess v Carl,George Hewett,carlton,12411,resolved,0.933,15.7,3
13,Ess v Carl,Will Setterfield,essendon,12567,resolved,0.449,7.5,4
13,Ess v Carl,Zach Reid,essendon,12889,resolved,0.409,6.8,5
13,Ess v Carl,Patrick Cripps,carlton,12261,resolved,0.302,5.1,6
13,Ess v Carl,Zach Merrett,essendon,12241,resolved,0.158,2.5,7
13,Ess v Carl,Sam Walsh,carlton,12684,resolved,0.124,2.0,8
13,Ess v Carl,Elijah Tsatas,essendon,13087,resolved,0.064,0.9,9
13,Ess v Carl,Jagga Smith,carlton,13274,resolved,0.048,0.7,10
13,Ess v Carl,Nic Newman,carlton,12508,resolved,0.032,0.4,11
13,Ess v Carl,Ben Ainsworth,carlton,12498,resolved,0.03,0.4,12
13,Ess v Carl,Blake Acres,carlton,12276,resolved,0.019,0.2,14
13,Ess v Carl,Billy Wilson,carlton,,unresolved,0.018,0.2,13
13,Ess v Carl,Adam Cerra,carlton,12603,resolved,0.013,0.2,16
13,Ess v Carl,Jaxon Prior,essendon,12874,resolved,0.013,0.1,15
13,Ess v Carl,Brodie Kemp,carlton,12937,resolved,0.007,0.0,18
13,Ess v Carl,Sullivan Robey,essendon,13307,resolved,0.006,0.0,17
13,Ess v Carl,Will Hayward,carlton,12509,resolved,0.005,0.0,19
13,Ess v Carl,Nick Haynes,carlton,12091,resolved,0.003,0.0,20
13,Ess v Carl,Archie Roberts,essendon,13168,resolved,0.003,0.0,22
13,Ess v Carl,Marc Pittonet,carlton,12417,resolved,0.002,0.0,21
13,Ess v Carl,Kyle Langford,essendon,12349,resolved,0.002,0.0,25
13,Ess v Carl,Wade Derksen,carlton,13303,resolved,0.002,0.0,23
13,Ess v Carl,Oliver Florent,carlton,12497,resolved,0.002,0.0,27
13,Ess v Carl,Talor Byrne,carlton,13297,resolved,0.002,0.0,26
13,Ess v Carl,Xavier Duursma,essendon,12696,resolved,0.002,0.0,28
13,Ess v Carl,Ben McKay,essendon,12580,resolved,0.002,0.0,30
13,Ess v Carl,Lachlan Blakiston,essendon,13237,resolved,0.002,0.0,29
13,Ess v Carl,Harry Dean,carlton,13273,resolved,0.002,0.0,24
13,Ess v Carl,Lachlan Cowan,carlton,13028,resolved,0.001,0.0,31
13,Ess v Carl,Nick Bryan,essendon,12899,resolved,0.001,0.0,32
13,Ess v Carl,Jacob Farrow,essendon,13299,resolved,0.001,0.0,33
13,Ess v Carl,Archie Perkins,essendon,12879,resolved,0.0,0.0,34
13,Ess v Carl,Flynn Young,carlton,13245,resolved,0.0,0.0,35
13,Ess v Carl,Mitch McGovern,carlton,12404,resolved,0.0,0.0,36
13,Ess v Carl,Hussien El Achkar,essendon,13281,resolved,0.0,0.0,37
13,Ess v Carl,Francis Evans,carlton,12873,resolved,0.0,0.0,38
13,Ess v Carl,Mason Redman,essendon,12437,resolved,0.0,0.0,39
13,Ess v Carl,Nik Cox,essendon,12852,resolved,0.0,0.0,40
13,Ess v Carl,Nate Caddy,essendon,13148,resolved,0.0,0.0,41
13,Ess v Carl,Jack Ison,carlton,13321,resolved,0.0,0.0,42
13,Ess v Carl,Harrison Jones,essendon,12853,resolved,0.0,0.0,43
13,Ess v Carl,Max Kondogiannis,essendon,13282,resolved,0.0,0.0,44
13,Ess v Carl,Archer Day-Wicks,essendon,13223,resolved,0.0,0.0,45
13,Ess v Carl,Saad El-Hawli,essendon,13203,resolved,0.0,0.0,46
13,Coll v Melb,Kysaiah Pickett,melbourne,12771,resolved,2.693,70.2,1
13,Coll v Melb,Nick Daicos,collingwood,12943,resolved,2.148,28.3,2
13,Coll v Melb,Max Gawn,melbourne,11966,resolved,0.516,1.2,3
13,Coll v Melb,Bayley Fritsch,melbourne,12598,resolved,0.214,0.3,4
13,Coll v Melb,Jack Steele,melbourne,12368,resolved,0.091,0.0,5
13,Coll v Melb,Harvey Langford,melbourne,13184,resolved,0.077,0.0,6
13,Coll v Melb,Tom Sparrow,melbourne,12693,resolved,0.067,0.0,7
13,Coll v Melb,Jordan De Goey,collingwood,12318,resolved,0.033,0.0,8
13,Coll v Melb,Josh Daicos,collingwood,12573,resolved,0.029,0.0,9
13,Coll v Melb,Edward Allan,collingwood,13146,resolved,0.018,0.0,10
13,Coll v Melb,Jake Lever,melbourne,12351,resolved,0.016,0.0,11
13,Coll v Melb,Harrison Petty,melbourne,12653,resolved,0.008,0.0,12
13,Coll v Melb,Darcy Cameron,collingwood,12660,resolved,0.007,0.0,18
13,Coll v Melb,Jake Bowey,melbourne,12931,resolved,0.007,0.0,13
13,Coll v Melb,Kade Chandler,melbourne,12756,resolved,0.007,0.0,16
13,Coll v Melb,Ed Langdon,melbourne,12393,resolved,0.006,0.0,14
13,Coll v Melb,Patrick Lipinski,collingwood,12578,resolved,0.006,0.0,15
13,Coll v Melb,Koltyn Tholstrup,melbourne,13123,resolved,0.005,0.0,19
13,Coll v Melb,Caleb Windsor,melbourne,13099,resolved,0.005,0.0,17
13,Coll v Melb,Daniel McStay,collingwood,12291,resolved,0.004,0.0,21
13,Coll v Melb,Scott Pendlebury,collingwood,4182,resolved,0.004,0.0,20
13,Coll v Melb,Daniel Turner,melbourne,12996,resolved,0.004,0.0,26
13,Coll v Melb,Lachie Schultz,collingwood,12700,resolved,0.003,0.0,25
13,Coll v Melb,Harry Perryman,collingwood,12536,resolved,0.003,0.0,22
13,Coll v Melb,Blake Howes,melbourne,13098,resolved,0.003,0.0,24
13,Coll v Melb,Trent Rivers,melbourne,12778,resolved,0.003,0.0,29
13,Coll v Melb,Jacob van Rooyen,melbourne,13048,resolved,0.002,0.0,31
13,Coll v Melb,Jeremy Howe,collingwood,11967,resolved,0.002,0.0,23
13,Coll v Melb,Beau McCreery,collingwood,12876,resolved,0.002,0.0,30
13,Coll v Melb,Tom McDonald,melbourne,12009,resolved,0.002,0.0,28
13,Coll v Melb,Roan Steele,collingwood,13248,resolved,0.002,0.0,32
13,Coll v Melb,Harry Sharp,melbourne,12864,resolved,0.002,0.0,27
13,Coll v Melb,Isaac Quaynor,collingwood,12740,resolved,0.002,0.0,34
13,Coll v Melb,Billy Frampton,collingwood,12676,resolved,0.002,0.0,33
13,Coll v Melb,Dan Houston,collingwood,12495,resolved,0.002,0.0,35
13,Coll v Melb,Paddy Cross,melbourne,13300,resolved,0.001,0.0,36
13,Coll v Melb,Jack Crisp,collingwood,12061,resolved,0.001,0.0,37
13,Coll v Melb,Jack Buller,collingwood,13071,resolved,0.001,0.0,38
13,Coll v Melb,Luker Kentfield,melbourne,13330,resolved,0.0,0.0,39
13,Coll v Melb,Mitch Podhajski,collingwood,13329,resolved,0.0,0.0,40
13,Coll v Melb,Latrelle Pickett,melbourne,13286,resolved,0.0,0.0,41
13,Coll v Melb,Angus Anderson,collingwood,13306,resolved,0.0,0.0,42
13,Coll v Melb,Harvey Harrison,collingwood,13068,resolved,0.0,0.0,43
13,Coll v Melb,Tim Membrey,collingwood,12300,resolved,0.0,0.0,44
13,Coll v Melb,Brayden Maynard,collingwood,12371,resolved,0.0,0.0,45
13,Coll v Melb,Brody Mihocek,melbourne,12639,resolved,0.0,0.0,46
14,WB v Adel,Jordan Dawson,adelaide,12516,resolved,2.974,97.4,1
14,WB v Adel,Sam Berry,adelaide,12849,resolved,1.383,2.4,2
14,WB v Adel,Rory Laird,adelaide,12165,resolved,0.631,0.2,3
14,WB v Adel,Josh Rachele,adelaide,12953,resolved,0.389,0.0,4
14,WB v Adel,Lachlan McAndrew,adelaide,13065,resolved,0.14,0.0,5
14,WB v Adel,Riley Thilthorpe,adelaide,12892,resolved,0.077,0.0,6
14,WB v Adel,James Peatling,adelaide,12934,resolved,0.064,0.0,7
14,WB v Adel,Ed Richards,western_bulldogs,12605,resolved,0.055,0.0,8
14,WB v Adel,Marcus Bontempelli,western_bulldogs,12269,resolved,0.046,0.0,9
14,WB v Adel,Jake Soligo,adelaide,12952,resolved,0.039,0.0,10
14,WB v Adel,Wayne Milera,adelaide,12405,resolved,0.033,0.0,11
14,WB v Adel,Ben Keays,adelaide,12434,resolved,0.032,0.0,12
14,WB v Adel,Matthew Kennedy,western_bulldogs,12455,resolved,0.022,0.0,14
14,WB v Adel,Zac Taylor,adelaide,13159,resolved,0.02,0.0,13
14,WB v Adel,Hugo Hall-Kahan,adelaide,13328,resolved,0.015,0.0,17
14,WB v Adel,Brayden Cook,adelaide,12932,resolved,0.013,0.0,16
14,WB v Adel,James Borlase,adelaide,13086,resolved,0.013,0.0,15
14,WB v Adel,Josh Worrell,adelaide,12912,resolved,0.011,0.0,18
14,WB v Adel,Nick Murray,adelaide,12872,resolved,0.01,0.0,19
14,WB v Adel,Daniel Curtin,adelaide,13132,resolved,0.007,0.0,22
14,WB v Adel,Max Michalanney,adelaide,13027,resolved,0.006,0.0,21
14,WB v Adel,Luke Nankervis,adelaide,13081,resolved,0.006,0.0,20
14,WB v Adel,Darcy Fogarty,adelaide,12584,resolved,0.003,0.0,24
14,WB v Adel,Toby Murray,adelaide,13280,resolved,0.002,0.0,23
14,WB v Adel,Alex Neal-Bullen,adelaide,12367,resolved,0.001,0.0,25
14,WB v Adel,Lachlan Bramble,western_bulldogs,12916,resolved,0.001,0.0,32
14,WB v Adel,Joel Freijah,western_bulldogs,13140,resolved,0.001,0.0,26
14,WB v Adel,Tim English,western_bulldogs,12537,resolved,0.001,0.0,33
14,WB v Adel,Bailey Dale,western_bulldogs,12354,resolved,0.001,0.0,31
14,WB v Adel,Luke Pedlar,adelaide,12921,resolved,0.001,0.0,28
14,WB v Adel,Connor Budarick,western_bulldogs,12769,resolved,0.001,0.0,30
14,WB v Adel,Nick Coffield,western_bulldogs,12608,resolved,0.001,0.0,27
14,WB v Adel,Ryley Sanders,western_bulldogs,13103,resolved,0.0,0.0,29
14,WB v Adel,Aaron Naughton,western_bulldogs,12594,resolved,0.0,0.0,34
14,WB v Adel,Rory Lobb,western_bulldogs,12282,resolved,0.0,0.0,35
14,WB v Adel,James O'Donnell,western_bulldogs,13061,resolved,0.0,0.0,36
14,WB v Adel,Rhylee West,western_bulldogs,12748,resolved,0.0,0.0,37
14,WB v Adel,Cooper Hynes,western_bulldogs,13213,resolved,0.0,0.0,38
14,WB v Adel,Arthur Jones,western_bulldogs,13046,resolved,0.0,0.0,39
14,WB v Adel,Buku Khamis,western_bulldogs,12900,resolved,0.0,0.0,40
14,WB v Adel,Jordan Croft,western_bulldogs,13265,resolved,0.0,0.0,41
14,WB v Adel,Adam Treloar,western_bulldogs,12054,resolved,0.0,0.0,42
14,WB v Adel,Cody Weightman,western_bulldogs,12800,resolved,0.0,0.0,43
14,WB v Adel,Michael Sellwood,western_bulldogs,13276,resolved,0.0,0.0,44
14,WB v Adel,Luke Kennedy,western_bulldogs,13333,resolved,0.0,0.0,45
14,WB v Adel,Will Lewis,western_bulldogs,13284,resolved,0.0,0.0,46
14,Geel v GC,Max Holmes,geelong,12881,resolved,2.344,46.5,1
14,Geel v GC,Bailey Smith,geelong,12692,resolved,2.29,44.0,2
14,Geel v GC,Noah Anderson,gold_coast,12767,resolved,0.453,4.3,3
14,Geel v GC,Tom Atkins,geelong,12690,resolved,0.165,1.3,4
14,Geel v GC,Jeremy Cameron,geelong,12017,resolved,0.162,1.3,5
14,Geel v GC,Oliver Dempsey,geelong,12974,resolved,0.154,1.2,6
14,Geel v GC,Matt Rowell,gold_coast,12768,resolved,0.106,0.7,7
14,Geel v GC,Patrick Dangerfield,geelong,11700,resolved,0.063,0.3,8
14,Geel v GC,Lawson Humphries,geelong,13160,resolved,0.038,0.2,9
14,Geel v GC,John Noble,gold_coast,12743,resolved,0.024,0.0,10
14,Geel v GC,Shannon Neale,geelong,12992,resolved,0.022,0.0,11
14,Geel v GC,Connor O'Sullivan,geelong,13122,resolved,0.021,0.0,12
14,Geel v GC,Sam De Koning,geelong,12891,resolved,0.02,0.0,13
14,Geel v GC,Christian Petracca,gold_coast,12430,resolved,0.016,0.0,15
14,Geel v GC,Oliver Wiltshire,geelong,13217,resolved,0.014,0.0,14
14,Geel v GC,Shaun Mannagh,geelong,13104,resolved,0.014,0.0,16
14,Geel v GC,Oisin Mullin,geelong,13066,resolved,0.013,0.0,17
14,Geel v GC,Oliver Henry,geelong,12851,resolved,0.011,0.0,18
14,Geel v GC,Mark Blicavs,geelong,12153,resolved,0.008,0.0,19
14,Geel v GC,Zach Guthrie,geelong,12551,resolved,0.007,0.0,21
14,Geel v GC,George Stevens,geelong,13249,resolved,0.007,0.0,22
14,Geel v GC,Daniel Rioli,gold_coast,12403,resolved,0.006,0.0,20
14,Geel v GC,Mark O'Connor,geelong,12531,resolved,0.006,0.0,24
14,Geel v GC,Sam Collins,gold_coast,12444,resolved,0.005,0.0,23
14,Geel v GC,Touk Miller,gold_coast,12331,resolved,0.005,0.0,25
14,Geel v GC,Ben King,gold_coast,12728,resolved,0.004,0.0,26
14,Geel v GC,Joel Jeffrey,gold_coast,12933,resolved,0.004,0.0,27
14,Geel v GC,Jack Henry,geelong,12607,resolved,0.003,0.0,29
14,Geel v GC,Tanner Bruhn,geelong,12871,resolved,0.002,0.0,28
14,Geel v GC,Ned Moyle,gold_coast,13050,resolved,0.002,0.0,32
14,Geel v GC,Bodhi Uwland,gold_coast,13041,resolved,0.002,0.0,30
14,Geel v GC,Jake Kolodjashnij,geelong,12370,resolved,0.002,0.0,34
14,Geel v GC,Sam Clohesy,gold_coast,13119,resolved,0.002,0.0,33
14,Geel v GC,Jai Murray,gold_coast,13332,resolved,0.002,0.0,35
14,Geel v GC,Leonardo Lombard,gold_coast,13232,resolved,0.001,0.0,36
14,Geel v GC,Mitchell Edwards,geelong,13285,resolved,0.001,0.0,31
14,Geel v GC,Jack Martin,geelong,12236,resolved,0.001,0.0,38
14,Geel v GC,Mac Andrew,gold_coast,13019,resolved,0.001,0.0,37
14,Geel v GC,Zeke Uwland,gold_coast,13278,resolved,0.0,0.0,39
14,Geel v GC,Oscar Adams,gold_coast,13251,resolved,0.0,0.0,40
14,Geel v GC,Charlie Ballard,gold_coast,12625,resolved,0.0,0.0,41
14,Geel v GC,Lachlan Gulbin,gold_coast,13272,resolved,0.0,0.0,42
14,Geel v GC,Ben Jepson,gold_coast,13257,resolved,0.0,0.0,43
14,Geel v GC,Jed Walter,gold_coast,13114,resolved,0.0,0.0,44
14,Geel v GC,Bailey Humphrey,gold_coast,13049,resolved,0.0,0.0,45
14,Geel v GC,Ben Long,gold_coast,12521,resolved,0.0,0.0,46
14,Melb v Ess,Kysaiah Pickett,melbourne,12771,resolved,2.699,70.1,1
14,Melb v Ess,Max Gawn,melbourne,11966,resolved,2.236,29.8,2
14,Melb v Ess,Will Setterfield,essendon,12567,resolved,0.188,0.0,4
14,Melb v Ess,Ed Langdon,melbourne,12393,resolved,0.186,0.1,3
14,Melb v Ess,Tom Sparrow,melbourne,12693,resolved,0.147,0.0,5
14,Melb v Ess,Jack Steele,melbourne,12368,resolved,0.117,0.0,6
14,Melb v Ess,Jake Bowey,melbourne,12931,resolved,0.108,0.0,7
14,Melb v Ess,Koltyn Tholstrup,melbourne,13123,resolved,0.096,0.0,8
14,Melb v Ess,Joel Fitzgerald,melbourne,13335,resolved,0.068,0.0,9
14,Melb v Ess,Trent Rivers,melbourne,12778,resolved,0.029,0.0,10
14,Melb v Ess,Zach Merrett,essendon,12241,resolved,0.029,0.0,11
14,Melb v Ess,Harry Sharp,melbourne,12864,resolved,0.01,0.0,13
14,Melb v Ess,Blake Howes,melbourne,13098,resolved,0.01,0.0,12
14,Melb v Ess,Daniel Turner,melbourne,12996,resolved,0.009,0.0,14
14,Melb v Ess,Jake Lever,melbourne,12351,resolved,0.008,0.0,15
14,Melb v Ess,Sam Durham,essendon,12925,resolved,0.007,0.0,16
14,Melb v Ess,Kade Chandler,melbourne,12756,resolved,0.006,0.0,17
14,Melb v Ess,Bayley Fritsch,melbourne,12598,resolved,0.005,0.0,20
14,Melb v Ess,Harrison Petty,melbourne,12653,resolved,0.005,0.0,18
14,Melb v Ess,Harvey Langford,melbourne,13184,resolved,0.005,0.0,19
14,Melb v Ess,Mason Redman,essendon,12437,resolved,0.005,0.0,21
14,Melb v Ess,Elijah Tsatas,essendon,13087,resolved,0.004,0.0,22
14,Melb v Ess,Jake Melksham,melbourne,11820,resolved,0.004,0.0,24
14,Melb v Ess,Xavier Duursma,essendon,12696,resolved,0.004,0.0,25
14,Melb v Ess,Bailey Laurie,melbourne,13032,resolved,0.003,0.0,23
14,Melb v Ess,Jacob van Rooyen,melbourne,13048,resolved,0.003,0.0,26
14,Melb v Ess,Jacob Farrow,essendon,13299,resolved,0.002,0.0,27
14,Melb v Ess,Paddy Cross,melbourne,13300,resolved,0.002,0.0,28
14,Melb v Ess,Nik Cox,essendon,12852,resolved,0.002,0.0,29
14,Melb v Ess,Lukas Cooke,melbourne,13334,resolved,0.001,0.0,30
14,Melb v Ess,Luker Kentfield,melbourne,13330,resolved,0.001,0.0,31
14,Melb v Ess,Jaxon Prior,essendon,12874,resolved,0.0,0.0,32
14,Melb v Ess,Kyle Langford,essendon,12349,resolved,0.0,0.0,33
14,Melb v Ess,Nate Caddy,essendon,13148,resolved,0.0,0.0,34
14,Melb v Ess,Lachlan Blakiston,essendon,13237,resolved,0.0,0.0,35
14,Melb v Ess,Dyson Sharp,essendon,13283,resolved,0.0,0.0,36
14,Melb v Ess,Jordan Ridley,essendon,12631,resolved,0.0,0.0,37
14,Melb v Ess,Nick Bryan,essendon,12899,resolved,0.0,0.0,38
14,Melb v Ess,Archie Roberts,essendon,13168,resolved,0.0,0.0,39
14,Melb v Ess,Sullivan Robey,essendon,13307,resolved,0.0,0.0,40
14,Melb v Ess,Zach Reid,essendon,12889,resolved,0.0,0.0,41
14,Melb v Ess,Archie Perkins,essendon,12879,resolved,0.0,0.0,42
14,Melb v Ess,Ben McKay,essendon,12580,resolved,0.0,0.0,43
14,Melb v Ess,Archer Day-Wicks,essendon,13223,resolved,0.0,0.0,44
14,Melb v Ess,Hussien El Achkar,essendon,13281,resolved,0.0,0.0,45
14,Melb v Ess,Harrison Jones,essendon,12853,resolved,0.0,0.0,46
14,NM v WC,Harry Sheezel,north_melbourne,13034,resolved,2.534,62.7,1
14,NM v WC,Tim Kelly,west_coast,12595,resolved,1.2,16.1,2
14,NM v WC,Jack Darling,north_melbourne,11905,resolved,0.89,11.1,3
14,NM v WC,Nick Larkey,north_melbourne,12563,resolved,0.533,5.7,4
14,NM v WC,Jobe Shanahan,west_coast,13247,resolved,0.172,1.4,5
14,NM v WC,Harley Reid,west_coast,13111,resolved,0.146,1.1,6
14,NM v WC,Luke Davies-Uniacke,north_melbourne,12590,resolved,0.105,0.7,7
14,NM v WC,Jy Simpkin,north_melbourne,12502,resolved,0.082,0.5,8
14,NM v WC,George Wardlaw,north_melbourne,13064,resolved,0.072,0.3,9
14,NM v WC,Jake Waterman,west_coast,12601,resolved,0.061,0.3,10
14,NM v WC,Tom Blamires,north_melbourne,13287,resolved,0.05,0.2,11
14,NM v WC,Tristan Xerri,north_melbourne,12788,resolved,0.03,0.0,13
14,NM v WC,Luke Parker,north_melbourne,11953,resolved,0.028,0.0,12
14,NM v WC,Dylan Stephens,north_melbourne,12796,resolved,0.023,0.0,14
14,NM v WC,Bailey J. Williams,west_coast,,unresolved,0.015,0.0,15
14,NM v WC,Elliot Yeo,west_coast,12087,resolved,0.013,0.0,16
14,NM v WC,Elijah Hewett,west_coast,13044,resolved,0.007,0.0,18
14,NM v WC,Liam Duggan,west_coast,12334,resolved,0.006,0.0,17
14,NM v WC,Liam Baker,west_coast,12661,resolved,0.005,0.0,20
14,NM v WC,Paul Curtis,north_melbourne,12975,resolved,0.004,0.0,21
14,NM v WC,Cameron Zurhaar,north_melbourne,12557,resolved,0.004,0.0,19
14,NM v WC,Luke McDonald,north_melbourne,12246,resolved,0.004,0.0,24
14,NM v WC,Tom Cole,west_coast,12446,resolved,0.004,0.0,22
14,NM v WC,Brady Hough,west_coast,12957,resolved,0.003,0.0,23
14,NM v WC,Charlie Comben,north_melbourne,12938,resolved,0.002,0.0,25
14,NM v WC,Cooper Harvey,north_melbourne,13077,resolved,0.002,0.0,27
14,NM v WC,Marcus Herbert,west_coast,13339,resolved,0.002,0.0,26
14,NM v WC,Josh Lindsay,west_coast,13293,resolved,0.002,0.0,28
14,NM v WC,Caleb Daniel,north_melbourne,12373,resolved,0.001,0.0,29
14,NM v WC,Cooper Trembath,north_melbourne,13263,resolved,0.001,0.0,30
14,NM v WC,Tylar Young,west_coast,13043,resolved,0.001,0.0,31
14,NM v WC,Rhett Bazzo,west_coast,13000,resolved,0.0,0.0,32
14,NM v WC,Colby McKercher,north_melbourne,13107,resolved,0.0,0.0,33
14,NM v WC,Milan Murdock,west_coast,13294,resolved,0.0,0.0,34
14,NM v WC,Ryan Maric,west_coast,13070,resolved,0.0,0.0,35
14,NM v WC,Cooper Duff-Tytler,west_coast,13291,resolved,0.0,0.0,36
14,NM v WC,Griffin Logue,north_melbourne,12511,resolved,0.0,0.0,37
14,NM v WC,Brandon Starcevich,west_coast,12668,resolved,0.0,0.0,38
14,NM v WC,Jacob Konstanty,north_melbourne,13186,resolved,0.0,0.0,39
14,NM v WC,Bo Allan,west_coast,13221,resolved,0.0,0.0,40
14,NM v WC,Taylor Goad,north_melbourne,13336,resolved,0.0,0.0,41
14,NM v WC,Charlie Spargo,north_melbourne,12622,resolved,0.0,0.0,42
14,NM v WC,Tom Gross,west_coast,13211,resolved,0.0,0.0,43
14,NM v WC,Harvey Johnston,west_coast,13136,resolved,0.0,0.0,44
14,NM v WC,Zane Duursma,north_melbourne,13106,resolved,0.0,0.0,45
14,NM v WC,Hamish Davis,west_coast,13210,resolved,0.0,0.0,46
14,Port v Syd,Isaac Heeney,sydney,12326,resolved,2.451,58.5,1
14,Port v Syd,Chad Warner,sydney,12797,resolved,0.955,13.8,2
14,Port v Syd,Zak Butters,port_adelaide,12698,resolved,0.809,11.0,3
14,Port v Syd,Callum Mills,sydney,12413,resolved,0.385,4.5,4
14,Port v Syd,Joe Richards,port_adelaide,13139,resolved,0.351,4.2,5
14,Port v Syd,Brodie Grundy,sydney,12217,resolved,0.281,2.9,6
14,Port v Syd,Logan McDonald,sydney,12861,resolved,0.189,1.8,7
14,Port v Syd,Jason Horne-Francis,port_adelaide,12956,resolved,0.135,1.2,8
14,Port v Syd,Jordon Sweet,port_adelaide,12890,resolved,0.093,0.7,9
14,Port v Syd,Darcy Byrne-Jones,port_adelaide,12422,resolved,0.064,0.4,10
14,Port v Syd,Jai Serong,sydney,13022,resolved,0.052,0.3,12
14,Port v Syd,Nick Blakey,sydney,12699,resolved,0.051,0.3,11
14,Port v Syd,Riley Bice,sydney,13195,resolved,0.044,0.2,14
14,Port v Syd,Charlie Curnow,sydney,12421,resolved,0.042,0.2,13
14,Port v Syd,Ollie Wines,port_adelaide,12150,resolved,0.018,0.0,15
14,Port v Syd,Kane Farrell,port_adelaide,12664,resolved,0.014,0.0,16
14,Port v Syd,Sam Wicks,sydney,12818,resolved,0.013,0.0,17
14,Port v Syd,Angus Sheldrick,sydney,12951,resolved,0.009,0.0,18
14,Port v Syd,Jase Burgoyne,port_adelaide,13007,resolved,0.006,0.0,19
14,Port v Syd,Aliir Aliir,port_adelaide,12433,resolved,0.006,0.0,23
14,Port v Syd,Matt Roberts,sydney,12994,resolved,0.005,0.0,20
14,Port v Syd,Willem Drew,port_adelaide,12695,resolved,0.004,0.0,24
14,Port v Syd,Mitch Georgiades,port_adelaide,12766,resolved,0.004,0.0,21
14,Port v Syd,Jake Lloyd,sydney,12268,resolved,0.004,0.0,26
14,Port v Syd,Caiden Cleary,sydney,13157,resolved,0.004,0.0,25
14,Port v Syd,Joe Berry,port_adelaide,13188,resolved,0.003,0.0,22
14,Port v Syd,Joel Hamling,sydney,12359,resolved,0.003,0.0,27
14,Port v Syd,Jackson Mead,port_adelaide,12946,resolved,0.001,0.0,29
14,Port v Syd,James Jordon,sydney,12860,resolved,0.001,0.0,28
14,Port v Syd,James Rowbottom,sydney,12714,resolved,0.001,0.0,32
14,Port v Syd,Logan Evans,port_adelaide,13156,resolved,0.001,0.0,30
14,Port v Syd,Hayden McLean,sydney,12745,resolved,0.0,0.0,31
14,Port v Syd,Lachie Jones,port_adelaide,12882,resolved,0.0,0.0,33
14,Port v Syd,Harry Cunningham,sydney,12015,resolved,0.0,0.0,34
14,Port v Syd,William Edwards,sydney,13318,resolved,0.0,0.0,35
14,Port v Syd,Esava Ratugolea,port_adelaide,12597,resolved,0.0,0.0,36
14,Port v Syd,Harry Kyle,sydney,13327,resolved,0.0,0.0,37
14,Port v Syd,Joel Amartey,sydney,12844,resolved,0.0,0.0,38
14,Port v Syd,Corey Durdin,port_adelaide,12936,resolved,0.0,0.0,39
14,Port v Syd,Xavier Bamert,port_adelaide,13337,resolved,0.0,0.0,40
14,Port v Syd,Ewan Mackinlay,port_adelaide,13269,resolved,0.0,0.0,41
14,Port v Syd,Jack Whitlock,port_adelaide,13259,resolved,0.0,0.0,42
14,Port v Syd,Harrison Ramm,port_adelaide,13270,resolved,0.0,0.0,43
14,Port v Syd,Tom Cochrane,port_adelaide,13205,resolved,0.0,0.0,44
14,Port v Syd,Todd Marshall,port_adelaide,12575,resolved,0.0,0.0,45
14,Port v Syd,Malcolm Rosas,sydney,12903,resolved,0.0,0.0,46
14,Rich v Bris,Will Ashcroft,brisbane_lions,13040,resolved,2.904,90.8,1
14,Rich v Bris,Lachie Neale,brisbane_lions,12055,resolved,1.139,4.9,2
14,Rich v Bris,Tim Taranto,richmond,12504,resolved,0.885,2.6,3
14,Rich v Bris,Zac Bailey,brisbane_lions,12610,resolved,0.679,1.7,4
14,Rich v Bris,Darcy Wilmot,brisbane_lions,13026,resolved,0.167,0.1,5
14,Rich v Bris,Josh Dunkley,brisbane_lions,12408,resolved,0.054,0.0,6
14,Rich v Bris,Sam Draper,brisbane_lions,12810,resolved,0.046,0.0,7
14,Rich v Bris,Harris Andrews,brisbane_lions,12340,resolved,0.024,0.0,8
14,Rich v Bris,Darcy Gardiner,brisbane_lions,12267,resolved,0.02,0.0,9
14,Rich v Bris,Dion Prestia,richmond,11917,resolved,0.014,0.0,11
14,Rich v Bris,Conor McKenna,brisbane_lions,12391,resolved,0.014,0.0,10
14,Rich v Bris,Logan Morris,brisbane_lions,13137,resolved,0.009,0.0,12
14,Rich v Bris,Levi Ashcroft,brisbane_lions,13197,resolved,0.007,0.0,16
14,Rich v Bris,Cam Rayner,brisbane_lions,12592,resolved,0.007,0.0,13
14,Rich v Bris,Jaspa Fletcher,brisbane_lions,13072,resolved,0.006,0.0,15
14,Rich v Bris,Jasper Alger,richmond,13242,resolved,0.005,0.0,14
14,Rich v Bris,Jacob Hopper,richmond,12440,resolved,0.005,0.0,17
14,Rich v Bris,Darcy Fort,brisbane_lions,12724,resolved,0.002,0.0,18
14,Rich v Bris,Tyler Sonsie,richmond,13014,resolved,0.002,0.0,19
14,Rich v Bris,Eric Hipwood,brisbane_lions,12454,resolved,0.002,0.0,21
14,Rich v Bris,Ty Gallop,brisbane_lions,13235,resolved,0.002,0.0,20
14,Rich v Bris,Shadeau Brain,brisbane_lions,13142,resolved,0.002,0.0,22
14,Rich v Bris,Jarrod Berry,brisbane_lions,12519,resolved,0.001,0.0,23
14,Rich v Bris,Sam Banks,richmond,13078,resolved,0.001,0.0,24
14,Rich v Bris,Noah Answerth,brisbane_lions,12718,resolved,0.001,0.0,25
14,Rich v Bris,Noah Balta,richmond,12686,resolved,0.0,0.0,27
14,Rich v Bris,Jayden Short,richmond,12418,resolved,0.0,0.0,29
14,Rich v Bris,James Tunstill,brisbane_lions,13005,resolved,0.0,0.0,26
14,Rich v Bris,Bruce Reville,brisbane_lions,13138,resolved,0.0,0.0,28
14,Rich v Bris,Tom Brown,richmond,13096,resolved,0.0,0.0,30
14,Rich v Bris,Nick Vlastuin,richmond,12174,resolved,0.0,0.0,31
14,Rich v Bris,Nathan Broad,richmond,12456,resolved,0.0,0.0,32
14,Rich v Bris,Seth Campbell,richmond,13100,resolved,0.0,0.0,33
14,Rich v Bris,Kai Lohmann,brisbane_lions,12968,resolved,0.0,0.0,34
14,Rich v Bris,Charlie Cameron,brisbane_lions,,unresolved,0.0,0.0,35
14,Rich v Bris,Kye Annand,richmond,13338,resolved,0.0,0.0,36
14,Rich v Bris,Sam Cumming,richmond,13316,resolved,0.0,0.0,37
14,Rich v Bris,James Trezise,richmond,13095,resolved,0.0,0.0,38
14,Rich v Bris,Patrick Retschko,richmond,13313,resolved,0.0,0.0,39
14,Rich v Bris,Ben Miller,richmond,12941,resolved,0.0,0.0,40
14,Rich v Bris,Oliver Hayes-Brown,richmond,13309,resolved,0.0,0.0,41
14,Rich v Bris,Sam Grlj,richmond,13290,resolved,0.0,0.0,42
14,Rich v Bris,Steely Green,richmond,13145,resolved,0.0,0.0,43
14,Rich v Bris,Liam Fawcett,richmond,13200,resolved,0.0,0.0,44
14,Rich v Bris,Maurice Rioli,richmond,12935,resolved,0.0,0.0,45
14,Rich v Bris,Mykelti Lefau,richmond,13113,resolved,0.0,0.0,46
14,St K v GWS,Nasiah Wanganeen-Milera,st_kilda,12950,resolved,2.325,45.4,2
14,St K v GWS,Liam Ryan,st_kilda,12600,resolved,2.32,44.8,1
14,St K v GWS,Clayton Oliver,greater_western_sydney,12410,resolved,0.476,4.2,3
14,St K v GWS,Cooper Sharman,st_kilda,12929,resolved,0.349,3.1,4
14,St K v GWS,Brent Daniels,greater_western_sydney,12656,resolved,0.192,1.5,5
14,St K v GWS,Hugo Garcia,st_kilda,13125,resolved,0.077,0.4,6
14,St K v GWS,Finn Callaghan,greater_western_sydney,12969,resolved,0.055,0.3,7
14,St K v GWS,Lachie Ash,greater_western_sydney,12782,resolved,0.05,0.2,8
14,St K v GWS,Aaron Cadman,greater_western_sydney,13054,resolved,0.043,0.2,9
14,St K v GWS,Toby Greene,greater_western_sydney,12025,resolved,0.019,0.0,10
14,St K v GWS,Jack Macrae,st_kilda,12166,resolved,0.016,0.0,11
14,St K v GWS,Max Hall,st_kilda,13193,resolved,0.01,0.0,13
14,St K v GWS,Jack Sinclair,st_kilda,12325,resolved,0.01,0.0,12
14,St K v GWS,Marcus Windhager,st_kilda,12967,resolved,0.009,0.0,14
14,St K v GWS,Lachie Whitfield,greater_western_sydney,12143,resolved,0.008,0.0,15
14,St K v GWS,Joe Fonti,greater_western_sydney,13164,resolved,0.008,0.0,16
14,St K v GWS,Tom De Koning,st_kilda,12674,resolved,0.005,0.0,17
14,St K v GWS,Callum Wilkie,st_kilda,12703,resolved,0.005,0.0,18
14,St K v GWS,Darcy Wilson,st_kilda,13110,resolved,0.004,0.0,19
14,St K v GWS,Mitch Owens,st_kilda,12948,resolved,0.003,0.0,20
14,St K v GWS,Kieren Briggs,greater_western_sydney,12904,resolved,0.003,0.0,21
14,St K v GWS,Jake Stringer,greater_western_sydney,12167,resolved,0.002,0.0,23
14,St K v GWS,Toby Bedford,greater_western_sydney,12772,resolved,0.002,0.0,22
14,St K v GWS,Jack Silvagni,st_kilda,12458,resolved,0.002,0.0,25
14,St K v GWS,Connor Idun,greater_western_sydney,12750,resolved,0.002,0.0,26
14,St K v GWS,Mason Wood,st_kilda,12312,resolved,0.001,0.0,27
14,St K v GWS,Bradley Hill,st_kilda,12060,resolved,0.001,0.0,24
14,St K v GWS,Anthony Caminiti,st_kilda,13035,resolved,0.001,0.0,28
14,St K v GWS,Phoenix Gothard,greater_western_sydney,13279,resolved,0.001,0.0,30
14,St K v GWS,Liam Stocker,st_kilda,12721,resolved,0.001,0.0,31
14,St K v GWS,Sam Taylor,greater_western_sydney,12644,resolved,0.0,0.0,29
14,St K v GWS,Ryan Angwin,greater_western_sydney,13001,resolved,0.0,0.0,32
14,St K v GWS,Rowan Marshall,st_kilda,12564,resolved,0.0,0.0,33
14,St K v GWS,Harvey Thomas,greater_western_sydney,13101,resolved,0.0,0.0,34
14,St K v GWS,Harry Himmelberg,greater_western_sydney,12462,resolved,0.0,0.0,35
14,St K v GWS,Angus Hastie,st_kilda,13116,resolved,0.0,0.0,36
14,St K v GWS,Ryan Byrnes,st_kilda,12802,resolved,0.0,0.0,37
14,St K v GWS,Dan Butler,st_kilda,12490,resolved,0.0,0.0,38
14,St K v GWS,Jesse Hogan,greater_western_sydney,12321,resolved,0.0,0.0,39
14,St K v GWS,Jayden Laverde,greater_western_sydney,12377,resolved,0.0,0.0,40
14,St K v GWS,Callum Brown,greater_western_sydney,12910,resolved,0.0,0.0,41
14,St K v GWS,Campbell Lake,st_kilda,13331,resolved,0.0,0.0,42
14,St K v GWS,Toby McMullin,greater_western_sydney,13088,resolved,0.0,0.0,43
14,St K v GWS,Alix Tauru,st_kilda,13243,resolved,0.0,0.0,44
14,St K v GWS,Leek Aleer,greater_western_sydney,13020,resolved,0.0,0.0,45
14,St K v GWS,Conor Stone,greater_western_sydney,12886,resolved,0.0,0.0,46
15,Frem v Geel,Luke Jackson,fremantle,12779,resolved,2.744,74.6,1
15,Frem v Geel,Andrew Brayshaw,fremantle,12589,resolved,2.183,25.1,2
15,Frem v Geel,Murphy Reid,fremantle,13180,resolved,0.463,0.3,3
15,Frem v Geel,Max Holmes,geelong,12881,resolved,0.159,0.0,4
15,Frem v Geel,Alex Pearce,fremantle,12352,resolved,0.095,0.0,5
15,Frem v Geel,Caleb Serong,fremantle,12786,resolved,0.051,0.0,6
15,Frem v Geel,Jye Amiss,fremantle,12983,resolved,0.041,0.0,7
15,Frem v Geel,Shai Bolton,fremantle,12535,resolved,0.037,0.0,8
15,Frem v Geel,Tanner Bruhn,geelong,12871,resolved,0.032,0.0,9
15,Frem v Geel,George Stevens,geelong,13249,resolved,0.02,0.0,10
15,Frem v Geel,Neil Erasmus,fremantle,12966,resolved,0.017,0.0,11
15,Frem v Geel,Connor O'Sullivan,geelong,13122,resolved,0.013,0.0,15
15,Frem v Geel,Hayden Young,fremantle,12777,resolved,0.013,0.0,12
15,Frem v Geel,Luke Ryan,fremantle,12542,resolved,0.012,0.0,13
15,Frem v Geel,Lawson Humphries,geelong,13160,resolved,0.012,0.0,14
15,Frem v Geel,Tom Atkins,geelong,12690,resolved,0.011,0.0,16
15,Frem v Geel,Karl Worner,fremantle,13075,resolved,0.011,0.0,18
15,Frem v Geel,Patrick Dangerfield,geelong,11700,resolved,0.011,0.0,17
15,Frem v Geel,Jordan Clark,fremantle,12688,resolved,0.008,0.0,20
15,Frem v Geel,Sam De Koning,geelong,12891,resolved,0.008,0.0,19
15,Frem v Geel,Patrick Voss,fremantle,13129,resolved,0.006,0.0,21
15,Frem v Geel,Zach Guthrie,geelong,12551,resolved,0.005,0.0,23
15,Frem v Geel,Matthew Johnson,fremantle,13047,resolved,0.004,0.0,22
15,Frem v Geel,Josh Treacy,fremantle,12887,resolved,0.004,0.0,24
15,Frem v Geel,Shannon Neale,geelong,12992,resolved,0.004,0.0,26
15,Frem v Geel,Sam Switkowski,fremantle,12672,resolved,0.004,0.0,25
15,Frem v Geel,Heath Chapman,fremantle,12875,resolved,0.004,0.0,28
15,Frem v Geel,Jack Martin,geelong,12236,resolved,0.004,0.0,27
15,Frem v Geel,Judd McVee,fremantle,13033,resolved,0.003,0.0,30
15,Frem v Geel,Brennan Cox,fremantle,12544,resolved,0.003,0.0,29
15,Frem v Geel,Oliver Henry,geelong,12851,resolved,0.002,0.0,32
15,Frem v Geel,Mitchell Edwards,geelong,13285,resolved,0.002,0.0,33
15,Frem v Geel,Nathan O'Driscoll,fremantle,12960,resolved,0.002,0.0,31
15,Frem v Geel,Oisin Mullin,geelong,13066,resolved,0.002,0.0,35
15,Frem v Geel,Oliver Wiltshire,geelong,13217,resolved,0.002,0.0,34
15,Frem v Geel,Oliver Dempsey,geelong,12974,resolved,0.002,0.0,38
15,Frem v Geel,Mark O'Connor,geelong,12531,resolved,0.002,0.0,37
15,Frem v Geel,Jeremy Cameron,geelong,12017,resolved,0.001,0.0,39
15,Frem v Geel,Jack Henry,geelong,12607,resolved,0.001,0.0,36
15,Frem v Geel,Isaiah Dudley,fremantle,13204,resolved,0.001,0.0,40
15,Frem v Geel,Mason Cox,fremantle,12428,resolved,0.001,0.0,41
15,Frem v Geel,Jake Kolodjashnij,geelong,12370,resolved,0.0,0.0,42
15,Frem v Geel,Shaun Mannagh,geelong,13104,resolved,0.0,0.0,43
15,Frem v Geel,Jack Bowes,geelong,12499,resolved,0.0,0.0,44
15,Frem v Geel,Mark Blicavs,geelong,12153,resolved,0.0,0.0,45
15,Frem v Geel,Michael Frederick,fremantle,12801,resolved,0.0,0.0,46
15,GC v Haw,Jai Newcombe,hawthorn,12915,resolved,2.715,74.8,1
15,GC v Haw,Noah Anderson,gold_coast,12767,resolved,1.494,17.0,2
15,GC v Haw,Ben Long,gold_coast,12521,resolved,0.569,3.7,3
15,GC v Haw,Will Day,hawthorn,12794,resolved,0.348,2.0,4
15,GC v Haw,Mac Andrew,gold_coast,13019,resolved,0.208,0.8,5
15,GC v Haw,Josh Ward,hawthorn,12955,resolved,0.201,0.9,6
15,GC v Haw,Dylan Moore,hawthorn,12710,resolved,0.08,0.2,7
15,GC v Haw,Matt Rowell,gold_coast,12768,resolved,0.079,0.2,8
15,GC v Haw,Karl Amon,hawthorn,12357,resolved,0.07,0.2,9
15,GC v Haw,Christian Petracca,gold_coast,12430,resolved,0.058,0.1,10
15,GC v Haw,Joel Jeffrey,gold_coast,12933,resolved,0.034,0.0,11
15,GC v Haw,Nick Watson,hawthorn,13105,resolved,0.026,0.0,12
15,GC v Haw,Connor Macdonald,hawthorn,12954,resolved,0.022,0.0,13
15,GC v Haw,Josh Weddle,hawthorn,13057,resolved,0.021,0.0,14
15,GC v Haw,Cam Mackenzie,hawthorn,13031,resolved,0.015,0.0,15
15,GC v Haw,Josh Battle,hawthorn,12558,resolved,0.01,0.0,16
15,GC v Haw,Bodhi Uwland,gold_coast,13041,resolved,0.009,0.0,18
15,GC v Haw,James Sicily,hawthorn,12332,resolved,0.009,0.0,17
15,GC v Haw,Touk Miller,gold_coast,12331,resolved,0.008,0.0,19
15,GC v Haw,John Noble,gold_coast,12743,resolved,0.007,0.0,20
15,GC v Haw,Jack Ginnivan,hawthorn,12927,resolved,0.006,0.0,21
15,GC v Haw,Massimo D'Ambrosio,hawthorn,12998,resolved,0.002,0.0,22
15,GC v Haw,Mabior Chol,hawthorn,12485,resolved,0.002,0.0,23
15,GC v Haw,Beau Addinsall,gold_coast,13341,resolved,0.001,0.0,24
15,GC v Haw,Harry Morrison,hawthorn,12579,resolved,0.001,0.0,28
15,GC v Haw,Jed Walter,gold_coast,13114,resolved,0.001,0.0,27
15,GC v Haw,Leonardo Lombard,gold_coast,13232,resolved,0.001,0.0,25
15,GC v Haw,Sam Collins,gold_coast,12444,resolved,0.001,0.0,26
15,GC v Haw,Jai Murray,gold_coast,13332,resolved,0.001,0.0,32
15,GC v Haw,Cameron Nairn,hawthorn,13326,resolved,0.001,0.0,30
15,GC v Haw,Lloyd Meek,hawthorn,12856,resolved,0.001,0.0,29
15,GC v Haw,Blake Hardwick,hawthorn,12469,resolved,0.0,0.0,31
15,GC v Haw,Tom Barrass,hawthorn,12383,resolved,0.0,0.0,33
15,GC v Haw,Sam Clohesy,gold_coast,13119,resolved,0.0,0.0,34
15,GC v Haw,Bailey Humphrey,gold_coast,13049,resolved,0.0,0.0,35
15,GC v Haw,Bailey Macdonald,hawthorn,13069,resolved,0.0,0.0,36
15,GC v Haw,Zeke Uwland,gold_coast,13278,resolved,0.0,0.0,37
15,GC v Haw,Jarrod Witts,gold_coast,12177,resolved,0.0,0.0,38
15,GC v Haw,Mitch Lewis,hawthorn,12636,resolved,0.0,0.0,39
15,GC v Haw,Ned Reeves,hawthorn,12906,resolved,0.0,0.0,40
15,GC v Haw,Jarman Impey,hawthorn,12237,resolved,0.0,0.0,41
15,GC v Haw,Ned Moyle,gold_coast,13050,resolved,0.0,0.0,42
15,GC v Haw,Oscar Adams,gold_coast,13251,resolved,0.0,0.0,43
15,GC v Haw,Daniel Rioli,gold_coast,12403,resolved,0.0,0.0,44
15,GC v Haw,Nick Holman,gold_coast,12307,resolved,0.0,0.0,45
15,GC v Haw,Ben King,gold_coast,12728,resolved,0.0,0.0,46
15,Adel v Melb,Max Gawn,melbourne,11966,resolved,1.593,27.4,1
15,Adel v Melb,Sam Berry,adelaide,12849,resolved,0.91,15.6,2
15,Adel v Melb,Mark Keane,adelaide,12809,resolved,0.776,13.3,3
15,Adel v Melb,Jordan Dawson,adelaide,12516,resolved,0.68,12.0,4
15,Adel v Melb,Wayne Milera,adelaide,12405,resolved,0.489,8.3,5
15,Adel v Melb,Kade Chandler,melbourne,12756,resolved,0.262,4.6,6
15,Adel v Melb,Izak Rankine,adelaide,12798,resolved,0.209,3.4,7
15,Adel v Melb,Josh Rachele,adelaide,12953,resolved,0.184,3.1,8
15,Adel v Melb,Rory Laird,adelaide,12165,resolved,0.156,2.6,9
15,Adel v Melb,Tom Sparrow,melbourne,12693,resolved,0.142,2.2,10
15,Adel v Melb,James Borlase,adelaide,13086,resolved,0.09,1.4,11
15,Adel v Melb,Brayden Cook,adelaide,12932,resolved,0.063,0.9,13
15,Adel v Melb,Luke Nankervis,adelaide,13081,resolved,0.061,1.0,12
15,Adel v Melb,Hugo Hall-Kahan,adelaide,13328,resolved,0.045,0.7,14
15,Adel v Melb,Nick Murray,adelaide,12872,resolved,0.042,0.5,15
15,Adel v Melb,Jacob van Rooyen,melbourne,13048,resolved,0.033,0.4,18
15,Adel v Melb,Max Michalanney,adelaide,13027,resolved,0.032,0.4,20
15,Adel v Melb,Lachlan McAndrew,adelaide,13065,resolved,0.032,0.4,19
15,Adel v Melb,Jake Bowey,melbourne,12931,resolved,0.03,0.4,16
15,Adel v Melb,Darcy Fogarty,adelaide,12584,resolved,0.028,0.3,17
15,Adel v Melb,Ben Keays,adelaide,12434,resolved,0.024,0.3,21
15,Adel v Melb,Jack Steele,melbourne,12368,resolved,0.022,0.3,22
15,Adel v Melb,Riley Thilthorpe,adelaide,12892,resolved,0.02,0.2,24
15,Adel v Melb,Daniel Curtin,adelaide,13132,resolved,0.019,0.3,23
15,Adel v Melb,Alex Neal-Bullen,adelaide,12367,resolved,0.014,0.1,25
15,Adel v Melb,James Peatling,adelaide,12934,resolved,0.008,0.0,26
15,Adel v Melb,Daniel Turner,melbourne,12996,resolved,0.007,0.0,27
15,Adel v Melb,Kysaiah Pickett,melbourne,12771,resolved,0.007,0.0,28
15,Adel v Melb,Zac Taylor,adelaide,13159,resolved,0.006,0.0,29
15,Adel v Melb,Harvey Langford,melbourne,13184,resolved,0.005,0.0,30
15,Adel v Melb,Joel Fitzgerald,melbourne,13335,resolved,0.003,0.0,32
15,Adel v Melb,Taylor Walker,adelaide,11713,resolved,0.003,0.0,31
15,Adel v Melb,Trent Rivers,melbourne,12778,resolved,0.002,0.0,33
15,Adel v Melb,Ed Langdon,melbourne,12393,resolved,0.001,0.0,34
15,Adel v Melb,Jake Lever,melbourne,12351,resolved,0.001,0.0,35
15,Adel v Melb,Koltyn Tholstrup,melbourne,13123,resolved,0.0,0.0,36
15,Adel v Melb,Caleb Windsor,melbourne,13099,resolved,0.0,0.0,37
15,Adel v Melb,Matthew Jefferson,melbourne,13182,resolved,0.0,0.0,39
15,Adel v Melb,Tom McDonald,melbourne,12009,resolved,0.0,0.0,38
15,Adel v Melb,Harry Sharp,melbourne,12864,resolved,0.0,0.0,40
15,Adel v Melb,Jake Soligo,adelaide,12952,resolved,0.0,0.0,41
15,Adel v Melb,Bayley Fritsch,melbourne,12598,resolved,0.0,0.0,42
15,Adel v Melb,Blake Howes,melbourne,13098,resolved,0.0,0.0,43
15,Adel v Melb,Paddy Cross,melbourne,13300,resolved,0.0,0.0,44
15,Adel v Melb,Jake Melksham,melbourne,11820,resolved,0.0,0.0,45
15,Adel v Melb,Luker Kentfield,melbourne,13330,resolved,0.0,0.0,46
15,GWS v Carl,Patrick Cripps,carlton,12261,resolved,2.053,37.1,1
15,GWS v Carl,Sam Walsh,carlton,12684,resolved,1.993,35.4,2
15,GWS v Carl,George Hewett,carlton,12411,resolved,1.476,21.8,3
15,GWS v Carl,Jagga Smith,carlton,13274,resolved,0.202,3.0,4
15,GWS v Carl,Finn Callaghan,greater_western_sydney,12969,resolved,0.141,1.9,5
15,GWS v Carl,Nic Newman,carlton,12508,resolved,0.043,0.5,6
15,GWS v Carl,Harry McKay,carlton,12566,resolved,0.017,0.2,8
15,GWS v Carl,Clayton Oliver,greater_western_sydney,12410,resolved,0.016,0.1,7
15,GWS v Carl,Blake Acres,carlton,12276,resolved,0.01,0.0,10
15,GWS v Carl,Will Hayward,carlton,12509,resolved,0.009,0.0,9
15,GWS v Carl,Nick Haynes,carlton,12091,resolved,0.004,0.0,12
15,GWS v Carl,Matthew Cottrell,carlton,12822,resolved,0.004,0.0,13
15,GWS v Carl,Lachie Ash,greater_western_sydney,12782,resolved,0.004,0.0,14
15,GWS v Carl,Toby Greene,greater_western_sydney,12025,resolved,0.004,0.0,11
15,GWS v Carl,Wade Derksen,carlton,13303,resolved,0.003,0.0,16
15,GWS v Carl,Lachlan Cowan,carlton,13028,resolved,0.003,0.0,15
15,GWS v Carl,Adam Cerra,carlton,12603,resolved,0.003,0.0,18
15,GWS v Carl,Oliver Florent,carlton,12497,resolved,0.003,0.0,19
15,GWS v Carl,Francis Evans,carlton,12873,resolved,0.002,0.0,17
15,GWS v Carl,Brent Daniels,greater_western_sydney,12656,resolved,0.002,0.0,20
15,GWS v Carl,Ben Ainsworth,carlton,12498,resolved,0.001,0.0,22
15,GWS v Carl,Lachie Whitfield,greater_western_sydney,12143,resolved,0.001,0.0,21
15,GWS v Carl,Brodie Kemp,carlton,12937,resolved,0.001,0.0,23
15,GWS v Carl,Connor Idun,greater_western_sydney,12750,resolved,0.001,0.0,25
15,GWS v Carl,Marc Pittonet,carlton,12417,resolved,0.001,0.0,26
15,GWS v Carl,Conor Stone,greater_western_sydney,12886,resolved,0.001,0.0,29
15,GWS v Carl,Kieren Briggs,greater_western_sydney,12904,resolved,0.001,0.0,31
15,GWS v Carl,Joe Fonti,greater_western_sydney,13164,resolved,0.001,0.0,24
15,GWS v Carl,Billy Wilson,carlton,,unresolved,0.0,0.0,27
15,GWS v Carl,Mitch McGovern,carlton,12404,resolved,0.0,0.0,30
15,GWS v Carl,Harry Dean,carlton,13273,resolved,0.0,0.0,28
15,GWS v Carl,Harry Himmelberg,greater_western_sydney,12462,resolved,0.0,0.0,32
15,GWS v Carl,Stephen Coniglio,greater_western_sydney,12028,resolved,0.0,0.0,33
15,GWS v Carl,Harvey Thomas,greater_western_sydney,13101,resolved,0.0,0.0,34
15,GWS v Carl,Sam Taylor,greater_western_sydney,12644,resolved,0.0,0.0,35
15,GWS v Carl,Ryan Angwin,greater_western_sydney,13001,resolved,0.0,0.0,36
15,GWS v Carl,Toby Bedford,greater_western_sydney,12772,resolved,0.0,0.0,37
15,GWS v Carl,Leek Aleer,greater_western_sydney,13020,resolved,0.0,0.0,38
15,GWS v Carl,Jayden Laverde,greater_western_sydney,12377,resolved,0.0,0.0,39
15,GWS v Carl,Callum Brown,greater_western_sydney,12910,resolved,0.0,0.0,40
15,GWS v Carl,Talor Byrne,carlton,13297,resolved,0.0,0.0,41
15,GWS v Carl,Jesse Hogan,greater_western_sydney,12321,resolved,0.0,0.0,42
15,GWS v Carl,Jack Ison,carlton,13321,resolved,0.0,0.0,43
15,GWS v Carl,Phoenix Gothard,greater_western_sydney,13279,resolved,0.0,0.0,44
15,GWS v Carl,Aaron Cadman,greater_western_sydney,13054,resolved,0.0,0.0,45
15,GWS v Carl,Jake Stringer,greater_western_sydney,12167,resolved,0.0,0.0,46
15,Coll v Port,Nick Daicos,collingwood,12943,resolved,2.711,71.3,1
15,Coll v Port,Jordan De Goey,collingwood,12318,resolved,2.237,28.3,2
15,Coll v Port,Jason Horne-Francis,port_adelaide,12956,resolved,0.478,0.3,3
15,Coll v Port,Jeremy Howe,collingwood,11967,resolved,0.218,0.0,4
15,Coll v Port,Darcy Byrne-Jones,port_adelaide,12422,resolved,0.052,0.0,5
15,Coll v Port,Zak Butters,port_adelaide,12698,resolved,0.046,0.0,6
15,Coll v Port,Josh Daicos,collingwood,12573,resolved,0.045,0.0,7
15,Coll v Port,Steele Sidebottom,collingwood,11751,resolved,0.027,0.0,8
15,Coll v Port,Isaac Quaynor,collingwood,12740,resolved,0.023,0.0,9
15,Coll v Port,Tim Membrey,collingwood,12300,resolved,0.016,0.0,10
15,Coll v Port,Lachie Schultz,collingwood,12700,resolved,0.016,0.0,11
15,Coll v Port,Edward Allan,collingwood,13146,resolved,0.015,0.0,12
15,Coll v Port,Dan Houston,collingwood,12495,resolved,0.015,0.0,13
15,Coll v Port,Jordon Sweet,port_adelaide,12890,resolved,0.014,0.0,14
15,Coll v Port,Patrick Lipinski,collingwood,12578,resolved,0.01,0.0,15
15,Coll v Port,Willem Drew,port_adelaide,12695,resolved,0.01,0.0,16
15,Coll v Port,Jack Crisp,collingwood,12061,resolved,0.009,0.0,17
15,Coll v Port,Ned Long,collingwood,13023,resolved,0.009,0.0,18
15,Coll v Port,Daniel McStay,collingwood,12291,resolved,0.008,0.0,20
15,Coll v Port,Jase Burgoyne,port_adelaide,13007,resolved,0.008,0.0,19
15,Coll v Port,Sam Swadling,collingwood,13340,resolved,0.007,0.0,21
15,Coll v Port,Billy Frampton,collingwood,12676,resolved,0.004,0.0,22
15,Coll v Port,Darcy Cameron,collingwood,12660,resolved,0.004,0.0,23
15,Coll v Port,Logan Evans,port_adelaide,13156,resolved,0.003,0.0,24
15,Coll v Port,Jack Buller,collingwood,13071,resolved,0.002,0.0,25
15,Coll v Port,Aliir Aliir,port_adelaide,12433,resolved,0.002,0.0,26
15,Coll v Port,Harry Perryman,collingwood,12536,resolved,0.002,0.0,27
15,Coll v Port,Esava Ratugolea,port_adelaide,12597,resolved,0.002,0.0,30
15,Coll v Port,Josh Lai,port_adelaide,13301,resolved,0.002,0.0,32
15,Coll v Port,Beau McCreery,collingwood,12876,resolved,0.001,0.0,29
15,Coll v Port,Joe Richards,port_adelaide,13139,resolved,0.001,0.0,33
15,Coll v Port,Mitch Georgiades,port_adelaide,12766,resolved,0.001,0.0,28
15,Coll v Port,Jack Whitlock,port_adelaide,13259,resolved,0.001,0.0,34
15,Coll v Port,Mitch Podhajski,collingwood,13329,resolved,0.001,0.0,35
15,Coll v Port,Roan Steele,collingwood,13248,resolved,0.001,0.0,31
15,Coll v Port,Xavier Bamert,port_adelaide,13337,resolved,0.001,0.0,36
15,Coll v Port,Jackson Mead,port_adelaide,12946,resolved,0.0,0.0,37
15,Coll v Port,Ewan Mackinlay,port_adelaide,13269,resolved,0.0,0.0,38
15,Coll v Port,Lachie Jones,port_adelaide,12882,resolved,0.0,0.0,39
15,Coll v Port,Harvey Harrison,collingwood,13068,resolved,0.0,0.0,40
15,Coll v Port,Jack Lukosius,port_adelaide,12704,resolved,0.0,0.0,41
15,Coll v Port,Corey Durdin,port_adelaide,12936,resolved,0.0,0.0,42
15,Coll v Port,Tom Cochrane,port_adelaide,13205,resolved,0.0,0.0,43
15,Coll v Port,Todd Marshall,port_adelaide,12575,resolved,0.0,0.0,44
15,Coll v Port,Harrison Ramm,port_adelaide,13270,resolved,0.0,0.0,45
15,Coll v Port,Joe Berry,port_adelaide,13188,resolved,0.0,0.0,46
15,Rich v NM,Caleb Daniel,north_melbourne,12373,resolved,1.932,34.1,1
15,Rich v NM,Cooper Trembath,north_melbourne,13263,resolved,1.78,29.8,2
15,Rich v NM,Harry Sheezel,north_melbourne,13034,resolved,1.602,26.0,3
15,Rich v NM,Luke Parker,north_melbourne,11953,resolved,0.469,7.7,4
15,Rich v NM,George Wardlaw,north_melbourne,13064,resolved,0.121,1.8,5
15,Rich v NM,Luke Davies-Uniacke,north_melbourne,12590,resolved,0.031,0.4,6
15,Rich v NM,Tim Taranto,richmond,12504,resolved,0.014,0.2,7
15,Rich v NM,Jy Simpkin,north_melbourne,12502,resolved,0.012,0.1,8
15,Rich v NM,Colby McKercher,north_melbourne,13107,resolved,0.006,0.0,10
15,Rich v NM,Tom Brown,richmond,13096,resolved,0.005,0.0,9
15,Rich v NM,Charlie Comben,north_melbourne,12938,resolved,0.003,0.0,11
15,Rich v NM,Jacob Konstanty,north_melbourne,13186,resolved,0.003,0.0,12
15,Rich v NM,Jayden Short,richmond,12418,resolved,0.002,0.0,15
15,Rich v NM,Charlie Spargo,north_melbourne,12622,resolved,0.002,0.0,13
15,Rich v NM,Tristan Xerri,north_melbourne,12788,resolved,0.002,0.0,14
15,Rich v NM,Finn O'Sullivan,north_melbourne,13187,resolved,0.002,0.0,16
15,Rich v NM,Dion Prestia,richmond,11917,resolved,0.002,0.0,19
15,Rich v NM,Tom Blamires,north_melbourne,13287,resolved,0.001,0.0,21
15,Rich v NM,Luke McDonald,north_melbourne,12246,resolved,0.001,0.0,17
15,Rich v NM,Sam Cumming,richmond,13316,resolved,0.001,0.0,18
15,Rich v NM,Seth Campbell,richmond,13100,resolved,0.001,0.0,22
15,Rich v NM,Sam Banks,richmond,13078,resolved,0.001,0.0,20
15,Rich v NM,Dylan Stephens,north_melbourne,12796,resolved,0.001,0.0,23
15,Rich v NM,Cooper Harvey,north_melbourne,13077,resolved,0.001,0.0,24
15,Rich v NM,Noah Balta,richmond,12686,resolved,0.001,0.0,25
15,Rich v NM,Ben Miller,richmond,12941,resolved,0.001,0.0,26
15,Rich v NM,Nick Larkey,north_melbourne,12563,resolved,0.0,0.0,27
15,Rich v NM,Cameron Zurhaar,north_melbourne,12557,resolved,0.0,0.0,28
15,Rich v NM,James Trezise,richmond,13095,resolved,0.0,0.0,29
15,Rich v NM,Jack Darling,north_melbourne,11905,resolved,0.0,0.0,30
15,Rich v NM,Kye Annand,richmond,13338,resolved,0.0,0.0,31
15,Rich v NM,Zane Duursma,north_melbourne,13106,resolved,0.0,0.0,32
15,Rich v NM,Aidan Corr,north_melbourne,12181,resolved,0.0,0.0,33
15,Rich v NM,Toby Nankervis,richmond,12374,resolved,0.0,0.0,34
15,Rich v NM,Nathan Broad,richmond,12456,resolved,0.0,0.0,35
15,Rich v NM,Patrick Retschko,richmond,13313,resolved,0.0,0.0,36
15,Rich v NM,Taylor Goad,north_melbourne,13336,resolved,0.0,0.0,37
15,Rich v NM,Nick Vlastuin,richmond,12174,resolved,0.0,0.0,38
15,Rich v NM,Jasper Alger,richmond,13242,resolved,0.0,0.0,39
15,Rich v NM,Tyler Sonsie,richmond,13014,resolved,0.0,0.0,40
15,Rich v NM,Mykelti Lefau,richmond,13113,resolved,0.0,0.0,41
15,Rich v NM,Liam Fawcett,richmond,13200,resolved,0.0,0.0,42
15,Rich v NM,Taj Hotton,richmond,13253,resolved,0.0,0.0,43
15,Rich v NM,Sam Grlj,richmond,13290,resolved,0.0,0.0,44
15,Rich v NM,Steely Green,richmond,13145,resolved,0.0,0.0,45
15,Rich v NM,Maurice Rioli,richmond,12935,resolved,0.0,0.0,46
15,St K v WB,Marcus Bontempelli,western_bulldogs,12269,resolved,2.673,69.4,1
15,St K v WB,Nasiah Wanganeen-Milera,st_kilda,12950,resolved,2.034,26.7,2
15,St K v WB,Hugo Garcia,st_kilda,13125,resolved,0.619,2.7,3
15,St K v WB,Bailey Dale,western_bulldogs,12354,resolved,0.354,1.2,4
15,St K v WB,Matthew Kennedy,western_bulldogs,12455,resolved,0.054,0.0,5
15,St K v WB,Joel Freijah,western_bulldogs,13140,resolved,0.046,0.0,6
15,St K v WB,Ed Richards,western_bulldogs,12605,resolved,0.036,0.0,7
15,St K v WB,Marcus Windhager,st_kilda,12967,resolved,0.03,0.0,8
15,St K v WB,Bradley Hill,st_kilda,12060,resolved,0.03,0.0,9
15,St K v WB,Tom Liberatore,western_bulldogs,11898,resolved,0.016,0.0,10
15,St K v WB,Tim English,western_bulldogs,12537,resolved,0.014,0.0,11
15,St K v WB,Callum Wilkie,st_kilda,12703,resolved,0.01,0.0,12
15,St K v WB,Ryley Sanders,western_bulldogs,13103,resolved,0.01,0.0,13
15,St K v WB,Cooper Hynes,western_bulldogs,13213,resolved,0.009,0.0,15
15,St K v WB,James O'Donnell,western_bulldogs,13061,resolved,0.009,0.0,14
15,St K v WB,Darcy Wilson,st_kilda,13110,resolved,0.008,0.0,16
15,St K v WB,Buku Khamis,western_bulldogs,12900,resolved,0.006,0.0,17
15,St K v WB,Connor Budarick,western_bulldogs,12769,resolved,0.005,0.0,18
15,St K v WB,Lachlan McNeil,western_bulldogs,12854,resolved,0.005,0.0,20
15,St K v WB,Will Lewis,western_bulldogs,13284,resolved,0.005,0.0,21
15,St K v WB,Rowan Marshall,st_kilda,12564,resolved,0.004,0.0,19
15,St K v WB,Jack Macrae,st_kilda,12166,resolved,0.003,0.0,22
15,St K v WB,Max Hall,st_kilda,13193,resolved,0.003,0.0,25
15,St K v WB,Rory Lobb,western_bulldogs,12282,resolved,0.003,0.0,26
15,St K v WB,Nick Coffield,western_bulldogs,12608,resolved,0.003,0.0,23
15,St K v WB,Lachlan Bramble,western_bulldogs,12916,resolved,0.002,0.0,27
15,St K v WB,Aaron Naughton,western_bulldogs,12594,resolved,0.002,0.0,28
15,St K v WB,Jack Silvagni,st_kilda,12458,resolved,0.002,0.0,24
15,St K v WB,Mason Wood,st_kilda,12312,resolved,0.002,0.0,29
15,St K v WB,Michael Sellwood,western_bulldogs,13276,resolved,0.002,0.0,30
15,St K v WB,Arthur Jones,western_bulldogs,13046,resolved,0.001,0.0,31
15,St K v WB,Tom De Koning,st_kilda,12674,resolved,0.001,0.0,32
15,St K v WB,Jordan Croft,western_bulldogs,13265,resolved,0.001,0.0,33
15,St K v WB,Ryan Byrnes,st_kilda,12802,resolved,0.0,0.0,34
15,St K v WB,Luke Kennedy,western_bulldogs,13333,resolved,0.0,0.0,35
15,St K v WB,Rhylee West,western_bulldogs,12748,resolved,0.0,0.0,36
15,St K v WB,Campbell Lake,st_kilda,13331,resolved,0.0,0.0,37
15,St K v WB,Cooper Sharman,st_kilda,12929,resolved,0.0,0.0,38
15,St K v WB,Mitch Owens,st_kilda,12948,resolved,0.0,0.0,39
15,St K v WB,Anthony Caminiti,st_kilda,13035,resolved,0.0,0.0,40
15,St K v WB,Jack Higgins,st_kilda,12609,resolved,0.0,0.0,41
15,St K v WB,Liam Stocker,st_kilda,12721,resolved,0.0,0.0,42
15,St K v WB,Angus Hastie,st_kilda,13116,resolved,0.0,0.0,43
15,St K v WB,Dan Butler,st_kilda,12490,resolved,0.0,0.0,44
15,St K v WB,Liam Ryan,st_kilda,12600,resolved,0.0,0.0,45
15,St K v WB,Jack Sinclair,st_kilda,12325,resolved,0.0,0.0,46
16,Bris v Syd,Chad Warner,sydney,12797,resolved,2.769,78.0,1
16,Bris v Syd,Will Ashcroft,brisbane_lions,13040,resolved,1.798,19.3,2
16,Bris v Syd,Levi Ashcroft,brisbane_lions,13197,resolved,0.264,0.7,3
16,Bris v Syd,Zac Bailey,brisbane_lions,12610,resolved,0.255,0.7,4
16,Bris v Syd,Lachie Neale,brisbane_lions,12055,resolved,0.226,0.5,5
16,Bris v Syd,Josh Dunkley,brisbane_lions,12408,resolved,0.219,0.5,6
16,Bris v Syd,Isaac Heeney,sydney,12326,resolved,0.155,0.3,7
16,Bris v Syd,Cam Rayner,brisbane_lions,12592,resolved,0.074,0.0,8
16,Bris v Syd,Callum Mills,sydney,12413,resolved,0.062,0.0,9
16,Bris v Syd,Conor McKenna,brisbane_lions,12391,resolved,0.036,0.0,10
16,Bris v Syd,Sam Draper,brisbane_lions,12810,resolved,0.02,0.0,11
16,Bris v Syd,Angus Sheldrick,sydney,12951,resolved,0.018,0.0,12
16,Bris v Syd,Jaspa Fletcher,brisbane_lions,13072,resolved,0.013,0.0,13
16,Bris v Syd,James Rowbottom,sydney,12714,resolved,0.013,0.0,16
16,Bris v Syd,Jarrod Berry,brisbane_lions,12519,resolved,0.012,0.0,17
16,Bris v Syd,Harris Andrews,brisbane_lions,12340,resolved,0.012,0.0,14
16,Bris v Syd,Darcy Fort,brisbane_lions,12724,resolved,0.012,0.0,15
16,Bris v Syd,Darcy Wilmot,brisbane_lions,13026,resolved,0.007,0.0,18
16,Bris v Syd,Charlie Curnow,sydney,12421,resolved,0.004,0.0,20
16,Bris v Syd,Kai Lohmann,brisbane_lions,12968,resolved,0.004,0.0,19
16,Bris v Syd,Logan Morris,brisbane_lions,13137,resolved,0.003,0.0,22
16,Bris v Syd,Charlie Cameron,brisbane_lions,,unresolved,0.003,0.0,21
16,Bris v Syd,Noah Answerth,brisbane_lions,12718,resolved,0.003,0.0,24
16,Bris v Syd,Ty Gallop,brisbane_lions,13235,resolved,0.003,0.0,23
16,Bris v Syd,Darcy Gardiner,brisbane_lions,12267,resolved,0.002,0.0,27
16,Bris v Syd,Riley Bice,sydney,13195,resolved,0.002,0.0,25
16,Bris v Syd,Errol Gulden,sydney,12862,resolved,0.002,0.0,26
16,Bris v Syd,Nick Blakey,sydney,12699,resolved,0.002,0.0,28
16,Bris v Syd,Brodie Grundy,sydney,12217,resolved,0.001,0.0,29
16,Bris v Syd,James Tunstill,brisbane_lions,13005,resolved,0.001,0.0,31
16,Bris v Syd,Eric Hipwood,brisbane_lions,12454,resolved,0.001,0.0,30
16,Bris v Syd,Sam Wicks,sydney,12818,resolved,0.001,0.0,33
16,Bris v Syd,Bruce Reville,brisbane_lions,13138,resolved,0.001,0.0,32
16,Bris v Syd,William Edwards,sydney,13318,resolved,0.001,0.0,34
16,Bris v Syd,Ryan Lester,brisbane_lions,11894,resolved,0.0,0.0,35
16,Bris v Syd,James Jordon,sydney,12860,resolved,0.0,0.0,36
16,Bris v Syd,Tom McCartin,sydney,12627,resolved,0.0,0.0,37
16,Bris v Syd,Joel Hamling,sydney,12359,resolved,0.0,0.0,38
16,Bris v Syd,Jai Serong,sydney,13022,resolved,0.0,0.0,39
16,Bris v Syd,Peter Ladhams,sydney,12729,resolved,0.0,0.0,40
16,Bris v Syd,Jake Lloyd,sydney,12268,resolved,0.0,0.0,41
16,Bris v Syd,Logan McDonald,sydney,12861,resolved,0.0,0.0,42
16,Bris v Syd,Harry Cunningham,sydney,12015,resolved,0.0,0.0,43
16,Bris v Syd,Caiden Cleary,sydney,13157,resolved,0.0,0.0,44
16,Bris v Syd,Malcolm Rosas,sydney,12903,resolved,0.0,0.0,45
16,Bris v Syd,Joel Amartey,sydney,12844,resolved,0.0,0.0,46
16,Carl v WC,Patrick Cripps,carlton,12261,resolved,2.414,54.4,1
16,Carl v WC,Sam Walsh,carlton,12684,resolved,1.723,27.7,2
16,Carl v WC,Ben Ainsworth,carlton,12498,resolved,0.743,8.7,3
16,Carl v WC,George Hewett,carlton,12411,resolved,0.493,5.4,4
16,Carl v WC,Harry McKay,carlton,12566,resolved,0.269,2.6,5
16,Carl v WC,Harley Reid,west_coast,13111,resolved,0.128,0.9,6
16,Carl v WC,Jagga Smith,carlton,13274,resolved,0.043,0.2,7
16,Carl v WC,Lachlan Cowan,carlton,13028,resolved,0.029,0.1,8
16,Carl v WC,Marc Pittonet,carlton,12417,resolved,0.024,0.0,9
16,Carl v WC,Billy Wilson,carlton,,unresolved,0.022,0.0,10
16,Carl v WC,Talor Byrne,carlton,13297,resolved,0.021,0.0,11
16,Carl v WC,Blake Acres,carlton,12276,resolved,0.015,0.0,12
16,Carl v WC,Nick Haynes,carlton,12091,resolved,0.015,0.0,13
16,Carl v WC,Francis Evans,carlton,12873,resolved,0.013,0.0,14
16,Carl v WC,Nic Newman,carlton,12508,resolved,0.011,0.0,15
16,Carl v WC,Harry Dean,carlton,13273,resolved,0.007,0.0,16
16,Carl v WC,Adam Cerra,carlton,12603,resolved,0.007,0.0,18
16,Carl v WC,Will Hayward,carlton,12509,resolved,0.006,0.0,17
16,Carl v WC,Mitch McGovern,carlton,12404,resolved,0.003,0.0,20
16,Carl v WC,Oliver Florent,carlton,12497,resolved,0.003,0.0,19
16,Carl v WC,Bailey J. Williams,west_coast,,unresolved,0.002,0.0,21
16,Carl v WC,Jack Graham,west_coast,,unresolved,0.002,0.0,22
16,Carl v WC,Matthew Cottrell,carlton,12822,resolved,0.002,0.0,23
16,Carl v WC,Liam Baker,west_coast,12661,resolved,0.001,0.0,25
16,Carl v WC,Jack Ison,carlton,13321,resolved,0.001,0.0,26
16,Carl v WC,Tom McCarthy,west_coast,13240,resolved,0.001,0.0,30
16,Carl v WC,Elliot Yeo,west_coast,12087,resolved,0.001,0.0,29
16,Carl v WC,Brodie Kemp,carlton,12937,resolved,0.001,0.0,24
16,Carl v WC,Brady Hough,west_coast,12957,resolved,0.0,0.0,28
16,Carl v WC,Wade Derksen,carlton,13303,resolved,0.0,0.0,27
16,Carl v WC,Marcus Herbert,west_coast,13339,resolved,0.0,0.0,31
16,Carl v WC,Bo Allan,west_coast,13221,resolved,0.0,0.0,32
16,Carl v WC,Ryan Maric,west_coast,13070,resolved,0.0,0.0,33
16,Carl v WC,Liam Duggan,west_coast,12334,resolved,0.0,0.0,34
16,Carl v WC,Hamish Davis,west_coast,13210,resolved,0.0,0.0,35
16,Carl v WC,Tylar Young,west_coast,13043,resolved,0.0,0.0,36
16,Carl v WC,Brandon Starcevich,west_coast,12668,resolved,0.0,0.0,37
16,Carl v WC,Willem Duursma,west_coast,13292,resolved,0.0,0.0,38
16,Carl v WC,Elijah Hewett,west_coast,13044,resolved,0.0,0.0,39
16,Carl v WC,Jake Waterman,west_coast,12601,resolved,0.0,0.0,40
16,Carl v WC,Milan Murdock,west_coast,13294,resolved,0.0,0.0,41
16,Carl v WC,Rhett Bazzo,west_coast,13000,resolved,0.0,0.0,42
16,Carl v WC,Cooper Duff-Tytler,west_coast,13291,resolved,0.0,0.0,43
16,Carl v WC,Tom Cole,west_coast,12446,resolved,0.0,0.0,44
16,Carl v WC,Jobe Shanahan,west_coast,13247,resolved,0.0,0.0,45
16,Carl v WC,Jack Hutchinson,west_coast,13151,resolved,0.0,0.0,46
16,Coll v Rich,Nick Daicos,collingwood,12943,resolved,2.962,96.2,1
16,Coll v Rich,Tim Taranto,richmond,12504,resolved,1.676,3.6,2
16,Coll v Rich,Jordan De Goey,collingwood,12318,resolved,0.589,0.2,3
16,Coll v Rich,Lachie Schultz,collingwood,12700,resolved,0.238,0.0,4
16,Coll v Rich,Dan Houston,collingwood,12495,resolved,0.207,0.0,5
16,Coll v Rich,Josh Daicos,collingwood,12573,resolved,0.122,0.0,6
16,Coll v Rich,Jack Crisp,collingwood,12061,resolved,0.083,0.0,7
16,Coll v Rich,Scott Pendlebury,collingwood,4182,resolved,0.029,0.0,8
16,Coll v Rich,Edward Allan,collingwood,13146,resolved,0.024,0.0,9
16,Coll v Rich,Sam Cumming,richmond,13316,resolved,0.012,0.0,10
16,Coll v Rich,Jack Ross,richmond,,unresolved,0.007,0.0,11
16,Coll v Rich,Patrick Lipinski,collingwood,12578,resolved,0.006,0.0,12
16,Coll v Rich,Darcy Cameron,collingwood,12660,resolved,0.005,0.0,14
16,Coll v Rich,Steele Sidebottom,collingwood,11751,resolved,0.004,0.0,13
16,Coll v Rich,Billy Frampton,collingwood,12676,resolved,0.004,0.0,15
16,Coll v Rich,Patrick Retschko,richmond,13313,resolved,0.004,0.0,18
16,Coll v Rich,Tim Membrey,collingwood,12300,resolved,0.004,0.0,16
16,Coll v Rich,Harry Perryman,collingwood,12536,resolved,0.003,0.0,17
16,Coll v Rich,Jeremy Howe,collingwood,11967,resolved,0.003,0.0,19
16,Coll v Rich,Seth Campbell,richmond,13100,resolved,0.002,0.0,20
16,Coll v Rich,Nick Vlastuin,richmond,12174,resolved,0.002,0.0,23
16,Coll v Rich,Ned Long,collingwood,13023,resolved,0.002,0.0,24
16,Coll v Rich,Isaac Quaynor,collingwood,12740,resolved,0.002,0.0,25
16,Coll v Rich,Rhyan Mansell,richmond,12883,resolved,0.002,0.0,22
16,Coll v Rich,Beau McCreery,collingwood,12876,resolved,0.002,0.0,28
16,Coll v Rich,Jack Buller,collingwood,13071,resolved,0.001,0.0,21
16,Coll v Rich,Noah Balta,richmond,12686,resolved,0.001,0.0,27
16,Coll v Rich,Jayden Short,richmond,12418,resolved,0.001,0.0,26
16,Coll v Rich,Ben Miller,richmond,12941,resolved,0.001,0.0,33
16,Coll v Rich,Taj Hotton,richmond,13253,resolved,0.001,0.0,30
16,Coll v Rich,Nathan Broad,richmond,12456,resolved,0.001,0.0,29
16,Coll v Rich,Dion Prestia,richmond,11917,resolved,0.001,0.0,32
16,Coll v Rich,James Trezise,richmond,13095,resolved,0.001,0.0,31
16,Coll v Rich,Roan Steele,collingwood,13248,resolved,0.0,0.0,34
16,Coll v Rich,Toby Nankervis,richmond,12374,resolved,0.0,0.0,35
16,Coll v Rich,Harvey Harrison,collingwood,13068,resolved,0.0,0.0,36
16,Coll v Rich,Tom Brown,richmond,13096,resolved,0.0,0.0,37
16,Coll v Rich,Daniel McStay,collingwood,12291,resolved,0.0,0.0,38
16,Coll v Rich,Sam Banks,richmond,13078,resolved,0.0,0.0,39
16,Coll v Rich,Steely Green,richmond,13145,resolved,0.0,0.0,40
16,Coll v Rich,Jasper Alger,richmond,13242,resolved,0.0,0.0,41
16,Coll v Rich,Sam Swadling,collingwood,13340,resolved,0.0,0.0,42
16,Coll v Rich,Sam Grlj,richmond,13290,resolved,0.0,0.0,43
16,Coll v Rich,Kye Annand,richmond,13338,resolved,0.0,0.0,44
16,Coll v Rich,Mykelti Lefau,richmond,13113,resolved,0.0,0.0,45
16,Coll v Rich,Maurice Rioli,richmond,12935,resolved,0.0,0.0,46
16,Frem v GC,Andrew Brayshaw,fremantle,12589,resolved,2.854,86.3,1
16,Frem v GC,Luke Jackson,fremantle,12779,resolved,1.049,7.5,2
16,Frem v GC,Michael Frederick,fremantle,12801,resolved,0.67,3.4,3
16,Frem v GC,Murphy Reid,fremantle,13180,resolved,0.483,2.1,4
16,Frem v GC,Shai Bolton,fremantle,12535,resolved,0.211,0.5,5
16,Frem v GC,Noah Anderson,gold_coast,12767,resolved,0.172,0.3,6
16,Frem v GC,Caleb Serong,fremantle,12786,resolved,0.074,0.0,7
16,Frem v GC,Karl Worner,fremantle,13075,resolved,0.066,0.0,8
16,Frem v GC,Jordan Clark,fremantle,12688,resolved,0.064,0.0,10
16,Frem v GC,Luke Ryan,fremantle,12542,resolved,0.062,0.0,9
16,Frem v GC,Brennan Cox,fremantle,12544,resolved,0.061,0.0,11
16,Frem v GC,Matt Rowell,gold_coast,12768,resolved,0.052,0.0,12
16,Frem v GC,Judd McVee,fremantle,13033,resolved,0.033,0.0,14
16,Frem v GC,Patrick Voss,fremantle,13129,resolved,0.031,0.0,13
16,Frem v GC,Sam Switkowski,fremantle,12672,resolved,0.017,0.0,15
16,Frem v GC,Nathan O'Driscoll,fremantle,12960,resolved,0.016,0.0,16
16,Frem v GC,Matthew Johnson,fremantle,13047,resolved,0.014,0.0,17
16,Frem v GC,Hayden Young,fremantle,12777,resolved,0.012,0.0,18
16,Frem v GC,Neil Erasmus,fremantle,12966,resolved,0.009,0.0,19
16,Frem v GC,Heath Chapman,fremantle,12875,resolved,0.008,0.0,20
16,Frem v GC,Christian Petracca,gold_coast,12430,resolved,0.006,0.0,22
16,Frem v GC,Isaiah Dudley,fremantle,13204,resolved,0.006,0.0,21
16,Frem v GC,Josh Treacy,fremantle,12887,resolved,0.006,0.0,26
16,Frem v GC,Alex Pearce,fremantle,12352,resolved,0.005,0.0,23
16,Frem v GC,Zeke Uwland,gold_coast,13278,resolved,0.005,0.0,25
16,Frem v GC,Mac Andrew,gold_coast,13019,resolved,0.004,0.0,24
16,Frem v GC,Bodhi Uwland,gold_coast,13041,resolved,0.003,0.0,27
16,Frem v GC,Sean Darcy,fremantle,12547,resolved,0.002,0.0,29
16,Frem v GC,Jye Amiss,fremantle,12983,resolved,0.002,0.0,28
16,Frem v GC,Touk Miller,gold_coast,12331,resolved,0.001,0.0,31
16,Frem v GC,Leonardo Lombard,gold_coast,13232,resolved,0.001,0.0,30
16,Frem v GC,Nick Holman,gold_coast,12307,resolved,0.001,0.0,32
16,Frem v GC,Wil Powell,gold_coast,12652,resolved,0.001,0.0,33
16,Frem v GC,Jed Walter,gold_coast,13114,resolved,0.0,0.0,34
16,Frem v GC,John Noble,gold_coast,12743,resolved,0.0,0.0,35
16,Frem v GC,Beau Addinsall,gold_coast,13341,resolved,0.0,0.0,36
16,Frem v GC,Jai Murray,gold_coast,13332,resolved,0.0,0.0,37
16,Frem v GC,Joel Jeffrey,gold_coast,12933,resolved,0.0,0.0,38
16,Frem v GC,Ben King,gold_coast,12728,resolved,0.0,0.0,39
16,Frem v GC,Sam Collins,gold_coast,12444,resolved,0.0,0.0,40
16,Frem v GC,Jarrod Witts,gold_coast,12177,resolved,0.0,0.0,41
16,Frem v GC,Ben Jepson,gold_coast,13257,resolved,0.0,0.0,42
16,Frem v GC,Ben Long,gold_coast,12521,resolved,0.0,0.0,43
16,Frem v GC,Ned Moyle,gold_coast,13050,resolved,0.0,0.0,44
16,Frem v GC,Charlie Ballard,gold_coast,12625,resolved,0.0,0.0,45
16,Frem v GC,Bailey Humphrey,gold_coast,13049,resolved,0.0,0.0,46
16,Haw v GWS,Jai Newcombe,hawthorn,12915,resolved,2.584,65.5,1
16,Haw v GWS,Cam Mackenzie,hawthorn,13031,resolved,1.342,17.3,2
16,Haw v GWS,Will Day,hawthorn,12794,resolved,0.995,11.3,3
16,Haw v GWS,Finn Callaghan,greater_western_sydney,12969,resolved,0.355,2.9,4
16,Haw v GWS,Jack Ginnivan,hawthorn,12927,resolved,0.24,1.7,5
16,Haw v GWS,Toby Greene,greater_western_sydney,12025,resolved,0.078,0.4,6
16,Haw v GWS,Clayton Oliver,greater_western_sydney,12410,resolved,0.075,0.4,7
16,Haw v GWS,Blake Hardwick,hawthorn,12469,resolved,0.054,0.2,10
16,Haw v GWS,Lachie Ash,greater_western_sydney,12782,resolved,0.051,0.1,9
16,Haw v GWS,Connor Macdonald,hawthorn,12954,resolved,0.051,0.1,8
16,Haw v GWS,James Sicily,hawthorn,12332,resolved,0.032,0.0,11
16,Haw v GWS,Lachie Whitfield,greater_western_sydney,12143,resolved,0.029,0.0,12
16,Haw v GWS,Callum Brown,greater_western_sydney,12910,resolved,0.028,0.0,13
16,Haw v GWS,Josh Ward,hawthorn,12955,resolved,0.02,0.0,14
16,Haw v GWS,Josh Battle,hawthorn,12558,resolved,0.013,0.0,15
16,Haw v GWS,Karl Amon,hawthorn,12357,resolved,0.01,0.0,16
16,Haw v GWS,Massimo D'Ambrosio,hawthorn,12998,resolved,0.009,0.0,17
16,Haw v GWS,Harry Himmelberg,greater_western_sydney,12462,resolved,0.006,0.0,19
16,Haw v GWS,Nick Watson,hawthorn,13105,resolved,0.005,0.0,18
16,Haw v GWS,Jack Dalton,hawthorn,13304,resolved,0.004,0.0,20
16,Haw v GWS,Joe Fonti,greater_western_sydney,13164,resolved,0.004,0.0,21
16,Haw v GWS,Mabior Chol,hawthorn,12485,resolved,0.004,0.0,22
16,Haw v GWS,Connor Idun,greater_western_sydney,12750,resolved,0.002,0.0,23
16,Haw v GWS,Ned Reeves,hawthorn,12906,resolved,0.002,0.0,24
16,Haw v GWS,Lloyd Meek,hawthorn,12856,resolved,0.002,0.0,26
16,Haw v GWS,Mitch Lewis,hawthorn,12636,resolved,0.002,0.0,25
16,Haw v GWS,Harry Morrison,hawthorn,12579,resolved,0.001,0.0,27
16,Haw v GWS,Aaron Cadman,greater_western_sydney,13054,resolved,0.001,0.0,28
16,Haw v GWS,Sam Taylor,greater_western_sydney,12644,resolved,0.0,0.0,29
16,Haw v GWS,Toby Bedford,greater_western_sydney,12772,resolved,0.0,0.0,30
16,Haw v GWS,Bailey Macdonald,hawthorn,13069,resolved,0.0,0.0,33
16,Haw v GWS,Phoenix Gothard,greater_western_sydney,13279,resolved,0.0,0.0,31
16,Haw v GWS,Ryan Angwin,greater_western_sydney,13001,resolved,0.0,0.0,32
16,Haw v GWS,Calsher Dear,hawthorn,13135,resolved,0.0,0.0,34
16,Haw v GWS,Harvey Thomas,greater_western_sydney,13101,resolved,0.0,0.0,35
16,Haw v GWS,Dylan Moore,hawthorn,12710,resolved,0.0,0.0,36
16,Haw v GWS,Stephen Coniglio,greater_western_sydney,12028,resolved,0.0,0.0,37
16,Haw v GWS,Flynn Perez,hawthorn,12841,resolved,0.0,0.0,38
16,Haw v GWS,Tom Barrass,hawthorn,12383,resolved,0.0,0.0,39
16,Haw v GWS,Leek Aleer,greater_western_sydney,13020,resolved,0.0,0.0,40
16,Haw v GWS,Jake Stringer,greater_western_sydney,12167,resolved,0.0,0.0,41
16,Haw v GWS,Kieren Briggs,greater_western_sydney,12904,resolved,0.0,0.0,42
16,Haw v GWS,Conor Stone,greater_western_sydney,12886,resolved,0.0,0.0,43
16,Haw v GWS,Harrison Oliver,greater_western_sydney,13325,resolved,0.0,0.0,44
16,Haw v GWS,Max Gruzewski,greater_western_sydney,13158,resolved,0.0,0.0,45
16,Haw v GWS,Brent Daniels,greater_western_sydney,12656,resolved,0.0,0.0,46
16,NM v Ess,Harry Sheezel,north_melbourne,13034,resolved,2.871,87.6,1
16,NM v Ess,Luke Davies-Uniacke,north_melbourne,12590,resolved,1.573,9.5,2
16,NM v Ess,Caleb Daniel,north_melbourne,12373,resolved,0.846,2.4,3
16,NM v Ess,Sam Durham,essendon,12925,resolved,0.373,0.5,4
16,NM v Ess,Luke Parker,north_melbourne,11953,resolved,0.126,0.0,5
16,NM v Ess,Colby McKercher,north_melbourne,13107,resolved,0.064,0.0,6
16,NM v Ess,Mason Redman,essendon,12437,resolved,0.023,0.0,7
16,NM v Ess,George Wardlaw,north_melbourne,13064,resolved,0.017,0.0,8
16,NM v Ess,Cooper Harvey,north_melbourne,13077,resolved,0.012,0.0,9
16,NM v Ess,Finn O'Sullivan,north_melbourne,13187,resolved,0.012,0.0,10
16,NM v Ess,Darcy Parish,essendon,12406,resolved,0.009,0.0,11
16,NM v Ess,Zach Merrett,essendon,12241,resolved,0.008,0.0,12
16,NM v Ess,Dylan Stephens,north_melbourne,12796,resolved,0.007,0.0,14
16,NM v Ess,Andrew McGrath,essendon,12491,resolved,0.007,0.0,17
16,NM v Ess,Jy Simpkin,north_melbourne,12502,resolved,0.007,0.0,15
16,NM v Ess,Cooper Trembath,north_melbourne,13263,resolved,0.006,0.0,13
16,NM v Ess,Charlie Spargo,north_melbourne,12622,resolved,0.006,0.0,16
16,NM v Ess,Charlie Comben,north_melbourne,12938,resolved,0.005,0.0,18
16,NM v Ess,Jacob Farrow,essendon,13299,resolved,0.004,0.0,19
16,NM v Ess,Cameron Zurhaar,north_melbourne,12557,resolved,0.003,0.0,21
16,NM v Ess,Jordan Ridley,essendon,12631,resolved,0.003,0.0,20
16,NM v Ess,Jack Darling,north_melbourne,11905,resolved,0.002,0.0,22
16,NM v Ess,Jacob Konstanty,north_melbourne,13186,resolved,0.002,0.0,23
16,NM v Ess,Sullivan Robey,essendon,13307,resolved,0.002,0.0,25
16,NM v Ess,Dyson Sharp,essendon,13283,resolved,0.002,0.0,24
16,NM v Ess,Tom Blamires,north_melbourne,13287,resolved,0.002,0.0,26
16,NM v Ess,Nick Larkey,north_melbourne,12563,resolved,0.002,0.0,29
16,NM v Ess,Will Setterfield,essendon,12567,resolved,0.002,0.0,27
16,NM v Ess,Aidan Corr,north_melbourne,12181,resolved,0.001,0.0,28
16,NM v Ess,Zach Reid,essendon,12889,resolved,0.001,0.0,31
16,NM v Ess,Wil Dawson,north_melbourne,13144,resolved,0.001,0.0,32
16,NM v Ess,Josh Goater,north_melbourne,13025,resolved,0.001,0.0,30
16,NM v Ess,Jye Caldwell,essendon,12755,resolved,0.0,0.0,33
16,NM v Ess,Callum Coleman-Jones,north_melbourne,12730,resolved,0.0,0.0,34
16,NM v Ess,Jaxon Prior,essendon,12874,resolved,0.0,0.0,35
16,NM v Ess,Nick Bryan,essendon,12899,resolved,0.0,0.0,36
16,NM v Ess,Ben McKay,essendon,12580,resolved,0.0,0.0,37
16,NM v Ess,Nate Caddy,essendon,13148,resolved,0.0,0.0,38
16,NM v Ess,Archer Day-Wicks,essendon,13223,resolved,0.0,0.0,39
16,NM v Ess,Zane Duursma,north_melbourne,13106,resolved,0.0,0.0,40
16,NM v Ess,Hussien El Achkar,essendon,13281,resolved,0.0,0.0,41
16,NM v Ess,Harrison Jones,essendon,12853,resolved,0.0,0.0,42
16,NM v Ess,Archie Perkins,essendon,12879,resolved,0.0,0.0,43
16,NM v Ess,Xavier Duursma,essendon,12696,resolved,0.0,0.0,44
16,NM v Ess,Lachlan Blakiston,essendon,13237,resolved,0.0,0.0,45
16,NM v Ess,Isaac Kako,essendon,13177,resolved,0.0,0.0,46
16,Port v Adel,Zak Butters,port_adelaide,12698,resolved,2.792,79.4,1
16,Port v Adel,Jason Horne-Francis,port_adelaide,12956,resolved,2.09,20.2,2
16,Port v Adel,Darcy Fogarty,adelaide,12584,resolved,0.413,0.3,3
16,Port v Adel,Jordon Sweet,port_adelaide,12890,resolved,0.269,0.1,4
16,Port v Adel,Mitch Georgiades,port_adelaide,12766,resolved,0.155,0.0,5
16,Port v Adel,Jordan Dawson,adelaide,12516,resolved,0.08,0.0,6
16,Port v Adel,Ollie Wines,port_adelaide,12150,resolved,0.058,0.0,7
16,Port v Adel,Josh Lai,port_adelaide,13301,resolved,0.018,0.0,8
16,Port v Adel,Joe Richards,port_adelaide,13139,resolved,0.013,0.0,9
16,Port v Adel,Corey Durdin,port_adelaide,12936,resolved,0.01,0.0,12
16,Port v Adel,Joe Berry,port_adelaide,13188,resolved,0.01,0.0,11
16,Port v Adel,Jase Burgoyne,port_adelaide,13007,resolved,0.009,0.0,10
16,Port v Adel,Josh Worrell,adelaide,12912,resolved,0.009,0.0,13
16,Port v Adel,Sam Berry,adelaide,12849,resolved,0.007,0.0,14
16,Port v Adel,Aliir Aliir,port_adelaide,12433,resolved,0.006,0.0,15
16,Port v Adel,Willem Drew,port_adelaide,12695,resolved,0.005,0.0,16
16,Port v Adel,Jackson Mead,port_adelaide,12946,resolved,0.004,0.0,17
16,Port v Adel,Darcy Byrne-Jones,port_adelaide,12422,resolved,0.004,0.0,20
16,Port v Adel,Jack Whitlock,port_adelaide,13259,resolved,0.004,0.0,18
16,Port v Adel,Rory Laird,adelaide,12165,resolved,0.004,0.0,21
16,Port v Adel,Hugo Hall-Kahan,adelaide,13328,resolved,0.003,0.0,24
16,Port v Adel,Riley Thilthorpe,adelaide,12892,resolved,0.003,0.0,19
16,Port v Adel,Lachlan McAndrew,adelaide,13065,resolved,0.003,0.0,23
16,Port v Adel,Logan Evans,port_adelaide,13156,resolved,0.003,0.0,22
16,Port v Adel,Jack Lukosius,port_adelaide,12704,resolved,0.003,0.0,25
16,Port v Adel,Lachie Jones,port_adelaide,12882,resolved,0.002,0.0,27
16,Port v Adel,Jacob Wehr,port_adelaide,12991,resolved,0.002,0.0,28
16,Port v Adel,Mark Keane,adelaide,12809,resolved,0.002,0.0,34
16,Port v Adel,James Peatling,adelaide,12934,resolved,0.002,0.0,31
16,Port v Adel,Brandon Zerk-Thatcher,port_adelaide,12757,resolved,0.002,0.0,32
16,Port v Adel,Alex Neal-Bullen,adelaide,12367,resolved,0.002,0.0,29
16,Port v Adel,Jake Soligo,adelaide,12952,resolved,0.002,0.0,26
16,Port v Adel,Xavier Bamert,port_adelaide,13337,resolved,0.002,0.0,35
16,Port v Adel,James Borlase,adelaide,13086,resolved,0.002,0.0,30
16,Port v Adel,Dante Visentini,port_adelaide,13073,resolved,0.001,0.0,33
16,Port v Adel,Luke Nankervis,adelaide,13081,resolved,0.001,0.0,38
16,Port v Adel,Ben Keays,adelaide,12434,resolved,0.001,0.0,39
16,Port v Adel,Izak Rankine,adelaide,12798,resolved,0.001,0.0,37
16,Port v Adel,Mitch Zadow,port_adelaide,13305,resolved,0.001,0.0,36
16,Port v Adel,Zac Taylor,adelaide,13159,resolved,0.001,0.0,40
16,Port v Adel,Taylor Walker,adelaide,11713,resolved,0.0,0.0,41
16,Port v Adel,Max Michalanney,adelaide,13027,resolved,0.0,0.0,42
16,Port v Adel,Josh Rachele,adelaide,12953,resolved,0.0,0.0,43
16,Port v Adel,Isaac Cumming,adelaide,12629,resolved,0.0,0.0,44
16,Port v Adel,Brayden Cook,adelaide,12932,resolved,0.0,0.0,45
16,Port v Adel,Daniel Curtin,adelaide,13132,resolved,0.0,0.0,46
17,Ess v St K,Nasiah Wanganeen-Milera,st_kilda,12950,resolved,2.958,95.9,1
17,Ess v St K,Bradley Hill,st_kilda,12060,resolved,1.243,2.3,2
17,Ess v St K,Max Hall,st_kilda,13193,resolved,1.187,1.9,3
17,Ess v St K,Hugo Garcia,st_kilda,13125,resolved,0.236,0.0,4
17,Ess v St K,Rowan Marshall,st_kilda,12564,resolved,0.203,0.0,5
17,Ess v St K,Darcy Wilson,st_kilda,13110,resolved,0.103,0.0,6
17,Ess v St K,Mattaes Phillipou,st_kilda,13036,resolved,0.02,0.0,7
17,Ess v St K,Mason Wood,st_kilda,12312,resolved,0.014,0.0,8
17,Ess v St K,Mitch Owens,st_kilda,12948,resolved,0.012,0.0,10
17,Ess v St K,Callum Wilkie,st_kilda,12703,resolved,0.012,0.0,9
17,Ess v St K,Marcus Windhager,st_kilda,12967,resolved,0.004,0.0,11
17,Ess v St K,Anthony Caminiti,st_kilda,13035,resolved,0.003,0.0,12
17,Ess v St K,Sam Durham,essendon,12925,resolved,0.002,0.0,13
17,Ess v St K,Liam Henry,st_kilda,12831,resolved,0.001,0.0,15
17,Ess v St K,Jack Higgins,st_kilda,12609,resolved,0.001,0.0,16
17,Ess v St K,Ryan Byrnes,st_kilda,12802,resolved,0.001,0.0,17
17,Ess v St K,Zach Merrett,essendon,12241,resolved,0.001,0.0,14
17,Ess v St K,Angus Hastie,st_kilda,13116,resolved,0.0,0.0,18
17,Ess v St K,Jack Silvagni,st_kilda,12458,resolved,0.0,0.0,19
17,Ess v St K,Sullivan Robey,essendon,13307,resolved,0.0,0.0,20
17,Ess v St K,Liam Ryan,st_kilda,12600,resolved,0.0,0.0,21
17,Ess v St K,Nate Caddy,essendon,13148,resolved,0.0,0.0,22
17,Ess v St K,Liam O'Connell,st_kilda,13194,resolved,0.0,0.0,23
17,Ess v St K,Tobie Travaglia,st_kilda,13206,resolved,0.0,0.0,24
17,Ess v St K,Xavier Duursma,essendon,12696,resolved,0.0,0.0,25
17,Ess v St K,Cooper Sharman,st_kilda,12929,resolved,0.0,0.0,26
17,Ess v St K,Jacob Farrow,essendon,13299,resolved,0.0,0.0,27
17,Ess v St K,Liam Stocker,st_kilda,12721,resolved,0.0,0.0,28
17,Ess v St K,Darcy Parish,essendon,12406,resolved,0.0,0.0,29
17,Ess v St K,Mason Redman,essendon,12437,resolved,0.0,0.0,30
17,Ess v St K,Zach Reid,essendon,12889,resolved,0.0,0.0,31
17,Ess v St K,Dyson Sharp,essendon,13283,resolved,0.0,0.0,32
17,Ess v St K,Jaxon Prior,essendon,12874,resolved,0.0,0.0,33
17,Ess v St K,Jye Caldwell,essendon,12755,resolved,0.0,0.0,34
17,Ess v St K,Andrew McGrath,essendon,12491,resolved,0.0,0.0,35
17,Ess v St K,Campbell Lake,st_kilda,13331,resolved,0.0,0.0,36
17,Ess v St K,Saad El-Hawli,essendon,13203,resolved,0.0,0.0,37
17,Ess v St K,Archer Day-Wicks,essendon,13223,resolved,0.0,0.0,38
17,Ess v St K,Jordan Ridley,essendon,12631,resolved,0.0,0.0,39
17,Ess v St K,Nick Bryan,essendon,12899,resolved,0.0,0.0,40
17,Ess v St K,Ben McKay,essendon,12580,resolved,0.0,0.0,41
17,Ess v St K,Archie Perkins,essendon,12879,resolved,0.0,0.0,42
17,Ess v St K,Peter Wright,essendon,12366,resolved,0.0,0.0,43
17,Ess v St K,Nik Cox,essendon,12852,resolved,0.0,0.0,44
17,Ess v St K,Will Setterfield,essendon,12567,resolved,0.0,0.0,45
17,Ess v St K,Isaac Kako,essendon,13177,resolved,0.0,0.0,46
17,Geel v Bris,Will Ashcroft,brisbane_lions,13040,resolved,2.131,42.9,1
17,Geel v Bris,Patrick Dangerfield,geelong,11700,resolved,1.228,19.9,2
17,Geel v Bris,Kai Lohmann,brisbane_lions,12968,resolved,1.034,16.5,3
17,Geel v Bris,Zac Bailey,brisbane_lions,12610,resolved,0.618,9.6,4
17,Geel v Bris,Lachie Neale,brisbane_lions,12055,resolved,0.235,3.2,5
17,Geel v Bris,Bailey Smith,geelong,12692,resolved,0.209,2.9,6
17,Geel v Bris,Josh Dunkley,brisbane_lions,12408,resolved,0.122,1.5,7
17,Geel v Bris,Cam Rayner,brisbane_lions,12592,resolved,0.103,1.2,8
17,Geel v Bris,Max Holmes,geelong,12881,resolved,0.097,1.1,9
17,Geel v Bris,Darcy Wilmot,brisbane_lions,13026,resolved,0.072,0.7,10
17,Geel v Bris,Levi Ashcroft,brisbane_lions,13197,resolved,0.043,0.4,11
17,Geel v Bris,Jaspa Fletcher,brisbane_lions,13072,resolved,0.022,0.2,12
17,Geel v Bris,Conor McKenna,brisbane_lions,12391,resolved,0.011,0.0,13
17,Geel v Bris,Sam Draper,brisbane_lions,12810,resolved,0.01,0.0,14
17,Geel v Bris,Logan Morris,brisbane_lions,13137,resolved,0.009,0.0,15
17,Geel v Bris,Darcy Gardiner,brisbane_lions,12267,resolved,0.006,0.0,16
17,Geel v Bris,Tom Stewart,geelong,12505,resolved,0.006,0.0,17
17,Geel v Bris,Harris Andrews,brisbane_lions,12340,resolved,0.006,0.0,19
17,Geel v Bris,Oliver Dempsey,geelong,12974,resolved,0.005,0.0,20
17,Geel v Bris,Ty Gallop,brisbane_lions,13235,resolved,0.005,0.0,18
17,Geel v Bris,Tanner Bruhn,geelong,12871,resolved,0.005,0.0,21
17,Geel v Bris,Noah Answerth,brisbane_lions,12718,resolved,0.004,0.0,23
17,Geel v Bris,Shannon Neale,geelong,12992,resolved,0.004,0.0,22
17,Geel v Bris,Ryan Lester,brisbane_lions,11894,resolved,0.003,0.0,24
17,Geel v Bris,Tom Atkins,geelong,12690,resolved,0.003,0.0,25
17,Geel v Bris,Bruce Reville,brisbane_lions,13138,resolved,0.002,0.0,26
17,Geel v Bris,Mark Blicavs,geelong,12153,resolved,0.002,0.0,27
17,Geel v Bris,Jarrod Berry,brisbane_lions,12519,resolved,0.001,0.0,28
17,Geel v Bris,Charlie Cameron,brisbane_lions,,unresolved,0.001,0.0,29
17,Geel v Bris,Connor O'Sullivan,geelong,13122,resolved,0.001,0.0,30
17,Geel v Bris,Oisin Mullin,geelong,13066,resolved,0.001,0.0,32
17,Geel v Bris,Mitchell Edwards,geelong,13285,resolved,0.0,0.0,31
17,Geel v Bris,Lawson Humphries,geelong,13160,resolved,0.0,0.0,33
17,Geel v Bris,Darcy Fort,brisbane_lions,12724,resolved,0.0,0.0,34
17,Geel v Bris,Eric Hipwood,brisbane_lions,12454,resolved,0.0,0.0,35
17,Geel v Bris,Oliver Wiltshire,geelong,13217,resolved,0.0,0.0,36
17,Geel v Bris,Mark O'Connor,geelong,12531,resolved,0.0,0.0,37
17,Geel v Bris,Jack Martin,geelong,12236,resolved,0.0,0.0,38
17,Geel v Bris,Jake Kolodjashnij,geelong,12370,resolved,0.0,0.0,39
17,Geel v Bris,James Tunstill,brisbane_lions,13005,resolved,0.0,0.0,40
17,Geel v Bris,Shaun Mannagh,geelong,13104,resolved,0.0,0.0,41
17,Geel v Bris,Sam De Koning,geelong,12891,resolved,0.0,0.0,42
17,Geel v Bris,Zach Guthrie,geelong,12551,resolved,0.0,0.0,43
17,Geel v Bris,Oliver Henry,geelong,12851,resolved,0.0,0.0,44
17,Geel v Bris,Jack Henry,geelong,12607,resolved,0.0,0.0,45
17,Geel v Bris,Jeremy Cameron,geelong,12017,resolved,0.0,0.0,46
17,GC v Coll,Nick Daicos,collingwood,12943,resolved,2.954,95.5,1
17,GC v Coll,Tim Membrey,collingwood,12300,resolved,0.625,1.9,2
17,GC v Coll,Zeke Uwland,gold_coast,13278,resolved,0.546,1.4,3
17,GC v Coll,Bodhi Uwland,gold_coast,13041,resolved,0.482,1.1,4
17,GC v Coll,Josh Daicos,collingwood,12573,resolved,0.175,0.2,5
17,GC v Coll,Matt Rowell,gold_coast,12768,resolved,0.153,0.0,6
17,GC v Coll,John Noble,gold_coast,12743,resolved,0.143,0.0,7
17,GC v Coll,Christian Petracca,gold_coast,12430,resolved,0.139,0.0,8
17,GC v Coll,Touk Miller,gold_coast,12331,resolved,0.099,0.0,9
17,GC v Coll,Ned Moyle,gold_coast,13050,resolved,0.086,0.0,10
17,GC v Coll,Daniel McStay,collingwood,12291,resolved,0.072,0.0,11
17,GC v Coll,Edward Allan,collingwood,13146,resolved,0.064,0.0,12
17,GC v Coll,Noah Anderson,gold_coast,12767,resolved,0.047,0.0,13
17,GC v Coll,Jack Crisp,collingwood,12061,resolved,0.042,0.0,14
17,GC v Coll,Beau Addinsall,gold_coast,13341,resolved,0.042,0.0,15
17,GC v Coll,Patrick Lipinski,collingwood,12578,resolved,0.041,0.0,16
17,GC v Coll,Bailey Humphrey,gold_coast,13049,resolved,0.038,0.0,17
17,GC v Coll,Jeremy Howe,collingwood,11967,resolved,0.034,0.0,18
17,GC v Coll,Sam Swadling,collingwood,13340,resolved,0.024,0.0,21
17,GC v Coll,Mac Andrew,gold_coast,13019,resolved,0.024,0.0,19
17,GC v Coll,Steele Sidebottom,collingwood,11751,resolved,0.022,0.0,20
17,GC v Coll,Ben King,gold_coast,12728,resolved,0.019,0.0,23
17,GC v Coll,Brayden Maynard,collingwood,12371,resolved,0.018,0.0,22
17,GC v Coll,Ned Long,collingwood,13023,resolved,0.018,0.0,24
17,GC v Coll,Dan Houston,collingwood,12495,resolved,0.015,0.0,25
17,GC v Coll,Jordan De Goey,collingwood,12318,resolved,0.012,0.0,26
17,GC v Coll,Darcy Cameron,collingwood,12660,resolved,0.011,0.0,27
17,GC v Coll,Harvey Harrison,collingwood,13068,resolved,0.009,0.0,31
17,GC v Coll,Angus Anderson,collingwood,13306,resolved,0.008,0.0,32
17,GC v Coll,Ben Long,gold_coast,12521,resolved,0.008,0.0,30
17,GC v Coll,Harry Perryman,collingwood,12536,resolved,0.008,0.0,29
17,GC v Coll,Joel Jeffrey,gold_coast,12933,resolved,0.007,0.0,28
17,GC v Coll,Lachie Schultz,collingwood,12700,resolved,0.004,0.0,34
17,GC v Coll,Sam Collins,gold_coast,12444,resolved,0.004,0.0,35
17,GC v Coll,Wil Powell,gold_coast,12652,resolved,0.003,0.0,33
17,GC v Coll,Beau McCreery,collingwood,12876,resolved,0.001,0.0,36
17,GC v Coll,Ben Jepson,gold_coast,13257,resolved,0.001,0.0,37
17,GC v Coll,Nick Holman,gold_coast,12307,resolved,0.0,0.0,38
17,GC v Coll,Billy Frampton,collingwood,12676,resolved,0.0,0.0,39
17,GC v Coll,Liam Puncher,collingwood,13342,resolved,0.0,0.0,40
17,GC v Coll,Jed Walter,gold_coast,13114,resolved,0.0,0.0,41
17,GC v Coll,Leonardo Lombard,gold_coast,13232,resolved,0.0,0.0,42
17,GC v Coll,Jai Murray,gold_coast,13332,resolved,0.0,0.0,43
17,GC v Coll,Dylan Patterson,gold_coast,13346,resolved,0.0,0.0,44
17,GC v Coll,Jack Buller,collingwood,13071,resolved,0.0,0.0,45
17,GC v Coll,Ethan Read,gold_coast,13121,resolved,0.0,0.0,46
17,GWS v Frem,Jake Stringer,greater_western_sydney,12167,resolved,2.775,78.3,1
17,GWS v Frem,Toby Greene,greater_western_sydney,12025,resolved,1.921,19.4,2
17,GWS v Frem,Clayton Oliver,greater_western_sydney,12410,resolved,0.619,1.7,3
17,GWS v Frem,Lachie Ash,greater_western_sydney,12782,resolved,0.233,0.3,4
17,GWS v Frem,Finn Callaghan,greater_western_sydney,12969,resolved,0.213,0.3,5
17,GWS v Frem,Connor Idun,greater_western_sydney,12750,resolved,0.095,0.0,6
17,GWS v Frem,Karl Worner,fremantle,13075,resolved,0.046,0.0,7
17,GWS v Frem,Caleb Serong,fremantle,12786,resolved,0.033,0.0,8
17,GWS v Frem,Harry Himmelberg,greater_western_sydney,12462,resolved,0.017,0.0,9
17,GWS v Frem,Andrew Brayshaw,fremantle,12589,resolved,0.006,0.0,10
17,GWS v Frem,Toby Bedford,greater_western_sydney,12772,resolved,0.005,0.0,12
17,GWS v Frem,Shai Bolton,fremantle,12535,resolved,0.004,0.0,13
17,GWS v Frem,Ryan Angwin,greater_western_sydney,13001,resolved,0.004,0.0,14
17,GWS v Frem,Aaron Cadman,greater_western_sydney,13054,resolved,0.004,0.0,11
17,GWS v Frem,Luke Jackson,fremantle,12779,resolved,0.003,0.0,16
17,GWS v Frem,Kieren Briggs,greater_western_sydney,12904,resolved,0.003,0.0,15
17,GWS v Frem,Callum Brown,greater_western_sydney,12910,resolved,0.003,0.0,20
17,GWS v Frem,Harvey Thomas,greater_western_sydney,13101,resolved,0.002,0.0,17
17,GWS v Frem,Jordan Clark,fremantle,12688,resolved,0.002,0.0,18
17,GWS v Frem,Lachie Whitfield,greater_western_sydney,12143,resolved,0.002,0.0,19
17,GWS v Frem,Luke Ryan,fremantle,12542,resolved,0.002,0.0,22
17,GWS v Frem,Murphy Reid,fremantle,13180,resolved,0.002,0.0,21
17,GWS v Frem,Josh Treacy,fremantle,12887,resolved,0.001,0.0,24
17,GWS v Frem,Jack Ough,greater_western_sydney,13348,resolved,0.001,0.0,26
17,GWS v Frem,Joe Fonti,greater_western_sydney,13164,resolved,0.001,0.0,23
17,GWS v Frem,Sam Taylor,greater_western_sydney,12644,resolved,0.001,0.0,25
17,GWS v Frem,Patrick Voss,fremantle,13129,resolved,0.001,0.0,27
17,GWS v Frem,Stephen Coniglio,greater_western_sydney,12028,resolved,0.001,0.0,28
17,GWS v Frem,Harry Rowston,greater_western_sydney,13045,resolved,0.0,0.0,29
17,GWS v Frem,Matthew Johnson,fremantle,13047,resolved,0.0,0.0,30
17,GWS v Frem,Brennan Cox,fremantle,12544,resolved,0.0,0.0,31
17,GWS v Frem,Nathan O'Driscoll,fremantle,12960,resolved,0.0,0.0,32
17,GWS v Frem,Conor Stone,greater_western_sydney,12886,resolved,0.0,0.0,33
17,GWS v Frem,Michael Frederick,fremantle,12801,resolved,0.0,0.0,34
17,GWS v Frem,Alex Pearce,fremantle,12352,resolved,0.0,0.0,35
17,GWS v Frem,Riley Hamilton,greater_western_sydney,13347,resolved,0.0,0.0,36
17,GWS v Frem,Neil Erasmus,fremantle,12966,resolved,0.0,0.0,37
17,GWS v Frem,Hayden Young,fremantle,12777,resolved,0.0,0.0,38
17,GWS v Frem,Sam Switkowski,fremantle,12672,resolved,0.0,0.0,39
17,GWS v Frem,Isaiah Dudley,fremantle,13204,resolved,0.0,0.0,40
17,GWS v Frem,Heath Chapman,fremantle,12875,resolved,0.0,0.0,41
17,GWS v Frem,Judd McVee,fremantle,13033,resolved,0.0,0.0,42
17,GWS v Frem,Josaia Delana,greater_western_sydney,13222,resolved,0.0,0.0,43
17,GWS v Frem,Harrison Oliver,greater_western_sydney,13325,resolved,0.0,0.0,44
17,GWS v Frem,Sean Darcy,fremantle,12547,resolved,0.0,0.0,45
17,GWS v Frem,Jye Amiss,fremantle,12983,resolved,0.0,0.0,46
17,Haw v Melb,Jacob van Rooyen,melbourne,13048,resolved,2.527,59.0,1
17,Haw v Melb,Max Gawn,melbourne,11966,resolved,2.058,32.8,2
17,Haw v Melb,Bayley Fritsch,melbourne,12598,resolved,0.481,3.3,3
17,Haw v Melb,Kysaiah Pickett,melbourne,12771,resolved,0.293,1.8,4
17,Haw v Melb,Tom Sparrow,melbourne,12693,resolved,0.251,1.5,5
17,Haw v Melb,Mabior Chol,hawthorn,12485,resolved,0.177,1.0,6
17,Haw v Melb,Changkuoth Jiath,melbourne,12752,resolved,0.092,0.4,7
17,Haw v Melb,Jai Newcombe,hawthorn,12915,resolved,0.024,0.0,8
17,Haw v Melb,Josh Ward,hawthorn,12955,resolved,0.023,0.0,9
17,Haw v Melb,Jack Steele,melbourne,12368,resolved,0.023,0.0,10
17,Haw v Melb,Joel Fitzgerald,melbourne,13335,resolved,0.013,0.0,11
17,Haw v Melb,Jake Bowey,melbourne,12931,resolved,0.006,0.0,12
17,Haw v Melb,Ed Langdon,melbourne,12393,resolved,0.004,0.0,13
17,Haw v Melb,Trent Rivers,melbourne,12778,resolved,0.004,0.0,14
17,Haw v Melb,Noah Mraz,hawthorn,13344,resolved,0.003,0.0,15
17,Haw v Melb,Blake Hardwick,hawthorn,12469,resolved,0.003,0.0,17
17,Haw v Melb,Latrelle Pickett,melbourne,13286,resolved,0.003,0.0,18
17,Haw v Melb,Will Day,hawthorn,12794,resolved,0.002,0.0,16
17,Haw v Melb,James Sicily,hawthorn,12332,resolved,0.002,0.0,19
17,Haw v Melb,Daniel Turner,melbourne,12996,resolved,0.002,0.0,21
17,Haw v Melb,Koltyn Tholstrup,melbourne,13123,resolved,0.002,0.0,22
17,Haw v Melb,Harrison Petty,melbourne,12653,resolved,0.001,0.0,20
17,Haw v Melb,Lloyd Meek,hawthorn,12856,resolved,0.001,0.0,24
17,Haw v Melb,Harry Morrison,hawthorn,12579,resolved,0.001,0.0,27
17,Haw v Melb,Blake Howes,melbourne,13098,resolved,0.001,0.0,23
17,Haw v Melb,Jake Lever,melbourne,12351,resolved,0.001,0.0,25
17,Haw v Melb,Kade Chandler,melbourne,12756,resolved,0.001,0.0,29
17,Haw v Melb,Harry Sharp,melbourne,12864,resolved,0.001,0.0,26
17,Haw v Melb,Jack Ginnivan,hawthorn,12927,resolved,0.001,0.0,28
17,Haw v Melb,Connor Macdonald,hawthorn,12954,resolved,0.0,0.0,30
17,Haw v Melb,Matthew Jefferson,melbourne,13182,resolved,0.0,0.0,31
17,Haw v Melb,Bailey Macdonald,hawthorn,13069,resolved,0.0,0.0,32
17,Haw v Melb,Harvey Langford,melbourne,13184,resolved,0.0,0.0,33
17,Haw v Melb,Dylan Moore,hawthorn,12710,resolved,0.0,0.0,34
17,Haw v Melb,Massimo D'Ambrosio,hawthorn,12998,resolved,0.0,0.0,35
17,Haw v Melb,Caleb Windsor,melbourne,13099,resolved,0.0,0.0,36
17,Haw v Melb,Bailey Laurie,melbourne,13032,resolved,0.0,0.0,37
17,Haw v Melb,Mitch Lewis,hawthorn,12636,resolved,0.0,0.0,38
17,Haw v Melb,Cam Mackenzie,hawthorn,13031,resolved,0.0,0.0,39
17,Haw v Melb,Tom Barrass,hawthorn,12383,resolved,0.0,0.0,40
17,Haw v Melb,Flynn Perez,hawthorn,12841,resolved,0.0,0.0,41
17,Haw v Melb,Matt Hill,hawthorn,13343,resolved,0.0,0.0,42
17,Haw v Melb,Jack Dalton,hawthorn,13304,resolved,0.0,0.0,43
17,Haw v Melb,Bodie Ryan,hawthorn,13320,resolved,0.0,0.0,44
17,Haw v Melb,William McCabe,hawthorn,13311,resolved,0.0,0.0,45
17,Haw v Melb,Jack Gunston,hawthorn,11845,resolved,0.0,0.0,46
17,Port v NM,Jason Horne-Francis,port_adelaide,12956,resolved,2.075,39.4,1
17,Port v NM,Harry Sheezel,north_melbourne,13034,resolved,1.65,27.3,2
17,Port v NM,Luke Davies-Uniacke,north_melbourne,12590,resolved,1.222,18.8,3
17,Port v NM,Zak Butters,port_adelaide,12698,resolved,0.844,12.9,4
17,Port v NM,Ollie Wines,port_adelaide,12150,resolved,0.095,1.2,5
17,Port v NM,Darcy Byrne-Jones,port_adelaide,12422,resolved,0.031,0.3,6
17,Port v NM,Jack Whitlock,port_adelaide,13259,resolved,0.021,0.1,7
17,Port v NM,Mitch Georgiades,port_adelaide,12766,resolved,0.018,0.1,8
17,Port v NM,Charlie Comben,north_melbourne,12938,resolved,0.01,0.0,9
17,Port v NM,Colby McKercher,north_melbourne,13107,resolved,0.007,0.0,11
17,Port v NM,Jordon Sweet,port_adelaide,12890,resolved,0.007,0.0,12
17,Port v NM,Jase Burgoyne,port_adelaide,13007,resolved,0.005,0.0,10
17,Port v NM,Joe Richards,port_adelaide,13139,resolved,0.004,0.0,14
17,Port v NM,Luke Parker,north_melbourne,11953,resolved,0.004,0.0,13
17,Port v NM,Cooper Harvey,north_melbourne,13077,resolved,0.002,0.0,16
17,Port v NM,Logan Evans,port_adelaide,13156,resolved,0.002,0.0,15
17,Port v NM,Jackson Mead,port_adelaide,12946,resolved,0.001,0.0,20
17,Port v NM,Josh Lai,port_adelaide,13301,resolved,0.001,0.0,18
17,Port v NM,Aliir Aliir,port_adelaide,12433,resolved,0.001,0.0,17
17,Port v NM,Miles Bergman,port_adelaide,12867,resolved,0.001,0.0,21
17,Port v NM,Lachie Jones,port_adelaide,12882,resolved,0.0,0.0,19
17,Port v NM,Willem Drew,port_adelaide,12695,resolved,0.0,0.0,23
17,Port v NM,Tom Blamires,north_melbourne,13287,resolved,0.0,0.0,22
17,Port v NM,Finn O'Sullivan,north_melbourne,13187,resolved,0.0,0.0,24
17,Port v NM,George Wardlaw,north_melbourne,13064,resolved,0.0,0.0,25
17,Port v NM,Jack Lukosius,port_adelaide,12704,resolved,0.0,0.0,26
17,Port v NM,Caleb Daniel,north_melbourne,12373,resolved,0.0,0.0,27
17,Port v NM,Dylan Stephens,north_melbourne,12796,resolved,0.0,0.0,28
17,Port v NM,Jack Darling,north_melbourne,11905,resolved,0.0,0.0,29
17,Port v NM,Josh Goater,north_melbourne,13025,resolved,0.0,0.0,30
17,Port v NM,Aidan Corr,north_melbourne,12181,resolved,0.0,0.0,31
17,Port v NM,Corey Durdin,port_adelaide,12936,resolved,0.0,0.0,32
17,Port v NM,Luke McDonald,north_melbourne,12246,resolved,0.0,0.0,33
17,Port v NM,Brandon Zerk-Thatcher,port_adelaide,12757,resolved,0.0,0.0,34
17,Port v NM,Jy Simpkin,north_melbourne,12502,resolved,0.0,0.0,35
17,Port v NM,Tristan Xerri,north_melbourne,12788,resolved,0.0,0.0,36
17,Port v NM,Mitch Zadow,port_adelaide,13305,resolved,0.0,0.0,37
17,Port v NM,Nick Larkey,north_melbourne,12563,resolved,0.0,0.0,38
17,Port v NM,Dante Visentini,port_adelaide,13073,resolved,0.0,0.0,39
17,Port v NM,Charlie Spargo,north_melbourne,12622,resolved,0.0,0.0,40
17,Port v NM,Cameron Zurhaar,north_melbourne,12557,resolved,0.0,0.0,41
17,Port v NM,Cooper Trembath,north_melbourne,13263,resolved,0.0,0.0,42
17,Port v NM,Joe Berry,port_adelaide,13188,resolved,0.0,0.0,43
17,Port v NM,Xavier Bamert,port_adelaide,13337,resolved,0.0,0.0,44
17,Port v NM,Jacob Konstanty,north_melbourne,13186,resolved,0.0,0.0,45
17,Port v NM,Wil Dawson,north_melbourne,13144,resolved,0.0,0.0,46
17,Rich v Carl,George Hewett,carlton,12411,resolved,2.317,50.6,1
17,Rich v Carl,Patrick Cripps,carlton,12261,resolved,1.195,17.5,2
17,Rich v Carl,Jagga Smith,carlton,13274,resolved,1.193,17.8,3
17,Rich v Carl,Tim Taranto,richmond,12504,resolved,0.76,10.6,4
17,Rich v Carl,Seth Campbell,richmond,13100,resolved,0.134,1.3,5
17,Rich v Carl,Noah Balta,richmond,12686,resolved,0.111,1.0,6
17,Rich v Carl,Adam Cerra,carlton,12603,resolved,0.054,0.4,7
17,Rich v Carl,Sam Walsh,carlton,12684,resolved,0.041,0.3,8
17,Rich v Carl,Kane McAuliffe,richmond,13117,resolved,0.034,0.2,9
17,Rich v Carl,Nic Newman,carlton,12508,resolved,0.027,0.1,11
17,Rich v Carl,Francis Evans,carlton,12873,resolved,0.024,0.1,10
17,Rich v Carl,Oliver Florent,carlton,12497,resolved,0.022,0.0,12
17,Rich v Carl,Toby Nankervis,richmond,12374,resolved,0.017,0.0,13
17,Rich v Carl,Taj Hotton,richmond,13253,resolved,0.011,0.0,14
17,Rich v Carl,Nick Haynes,carlton,12091,resolved,0.009,0.0,17
17,Rich v Carl,Marc Pittonet,carlton,12417,resolved,0.008,0.0,15
17,Rich v Carl,Ben Ainsworth,carlton,12498,resolved,0.007,0.0,16
17,Rich v Carl,Harry McKay,carlton,12566,resolved,0.006,0.0,18
17,Rich v Carl,Billy Wilson,carlton,,unresolved,0.005,0.0,19
17,Rich v Carl,Jayden Short,richmond,12418,resolved,0.004,0.0,22
17,Rich v Carl,Mykelti Lefau,richmond,13113,resolved,0.004,0.0,21
17,Rich v Carl,Mitch McGovern,carlton,12404,resolved,0.004,0.0,23
17,Rich v Carl,Brodie Kemp,carlton,12937,resolved,0.003,0.0,20
17,Rich v Carl,Rhyan Mansell,richmond,12883,resolved,0.002,0.0,26
17,Rich v Carl,Sam Cumming,richmond,13316,resolved,0.002,0.0,25
17,Rich v Carl,Wade Derksen,carlton,13303,resolved,0.001,0.0,27
17,Rich v Carl,Hugo Ralphsmith,richmond,12902,resolved,0.001,0.0,24
17,Rich v Carl,Lachlan Cowan,carlton,13028,resolved,0.001,0.0,30
17,Rich v Carl,Tom Brown,richmond,13096,resolved,0.001,0.0,31
17,Rich v Carl,Will Hayward,carlton,12509,resolved,0.001,0.0,29
17,Rich v Carl,Patrick Retschko,richmond,13313,resolved,0.001,0.0,28
17,Rich v Carl,Sam Banks,richmond,13078,resolved,0.001,0.0,32
17,Rich v Carl,Jack Ison,carlton,13321,resolved,0.001,0.0,34
17,Rich v Carl,Oliver Hollands,carlton,13029,resolved,0.0,0.0,33
17,Rich v Carl,Nathan Broad,richmond,12456,resolved,0.0,0.0,35
17,Rich v Carl,Nick Vlastuin,richmond,12174,resolved,0.0,0.0,36
17,Rich v Carl,Talor Byrne,carlton,13297,resolved,0.0,0.0,37
17,Rich v Carl,Steely Green,richmond,13145,resolved,0.0,0.0,38
17,Rich v Carl,James Trezise,richmond,13095,resolved,0.0,0.0,39
17,Rich v Carl,Matthew Cottrell,carlton,12822,resolved,0.0,0.0,40
17,Rich v Carl,Kye Annand,richmond,13338,resolved,0.0,0.0,41
17,Rich v Carl,Ben Miller,richmond,12941,resolved,0.0,0.0,42
17,Rich v Carl,Tom Lynch,richmond,11948,resolved,0.0,0.0,43
17,Rich v Carl,Jasper Alger,richmond,13242,resolved,0.0,0.0,44
17,Rich v Carl,Jack Ross,richmond,,unresolved,0.0,0.0,45
17,Rich v Carl,Lewis Young,carlton,12559,resolved,0.0,0.0,46
17,Syd v WB,Charlie Curnow,sydney,12421,resolved,2.898,90.3,1
17,Syd v WB,Isaac Heeney,sydney,12326,resolved,1.071,5.7,2
17,Syd v WB,Bailey Dale,western_bulldogs,12354,resolved,0.519,1.5,3
17,Syd v WB,Brodie Grundy,sydney,12217,resolved,0.508,1.5,4
17,Syd v WB,Chad Warner,sydney,,ambiguous,0.346,0.7,5
17,Syd v WB,Errol Gulden,sydney,12862,resolved,0.198,0.2,6
17,Syd v WB,Hayden McLean,sydney,12745,resolved,0.139,0.1,7
17,Syd v WB,Angus Sheldrick,sydney,12951,resolved,0.07,0.0,8
17,Syd v WB,Ed Richards,western_bulldogs,12605,resolved,0.049,0.0,9
17,Syd v WB,Nick Blakey,sydney,12699,resolved,0.045,0.0,10
17,Syd v WB,Matt Roberts,sydney,12994,resolved,0.035,0.0,11
17,Syd v WB,Callum Mills,sydney,12413,resolved,0.034,0.0,12
17,Syd v WB,Marcus Bontempelli,western_bulldogs,12269,resolved,0.013,0.0,13
17,Syd v WB,James Jordon,sydney,12860,resolved,0.012,0.0,14
17,Syd v WB,Tom McCartin,sydney,12627,resolved,0.009,0.0,15
17,Syd v WB,Caiden Cleary,sydney,13157,resolved,0.007,0.0,17
17,Syd v WB,Jai Serong,sydney,13022,resolved,0.007,0.0,19
17,Syd v WB,Jake Lloyd,sydney,12268,resolved,0.007,0.0,16
17,Syd v WB,William Edwards,sydney,13318,resolved,0.006,0.0,20
17,Syd v WB,Ryley Sanders,western_bulldogs,13103,resolved,0.006,0.0,18
17,Syd v WB,Tom Liberatore,western_bulldogs,11898,resolved,0.006,0.0,21
17,Syd v WB,James Rowbottom,sydney,12714,resolved,0.004,0.0,23
17,Syd v WB,Matthew Kennedy,western_bulldogs,12455,resolved,0.003,0.0,22
17,Syd v WB,Harry Cunningham,sydney,12015,resolved,0.002,0.0,24
17,Syd v WB,Corey Warner,sydney,,ambiguous,0.002,0.0,25
17,Syd v WB,Joel Freijah,western_bulldogs,13140,resolved,0.001,0.0,26
17,Syd v WB,Tom Hanily,sydney,13173,resolved,0.001,0.0,27
17,Syd v WB,Rory Lobb,western_bulldogs,12282,resolved,0.0,0.0,28
17,Syd v WB,Dane Rampe,sydney,12140,resolved,0.0,0.0,29
17,Syd v WB,Joel Hamling,sydney,12359,resolved,0.0,0.0,30
17,Syd v WB,Arthur Jones,western_bulldogs,13046,resolved,0.0,0.0,31
17,Syd v WB,Harry Kyle,sydney,13327,resolved,0.0,0.0,32
17,Syd v WB,Jordan Croft,western_bulldogs,13265,resolved,0.0,0.0,33
17,Syd v WB,Michael Sellwood,western_bulldogs,13276,resolved,0.0,0.0,34
17,Syd v WB,Aaron Naughton,western_bulldogs,12594,resolved,0.0,0.0,35
17,Syd v WB,Cody Weightman,western_bulldogs,12800,resolved,0.0,0.0,36
17,Syd v WB,Tim English,western_bulldogs,12537,resolved,0.0,0.0,37
17,Syd v WB,Lachlan Bramble,western_bulldogs,12916,resolved,0.0,0.0,38
17,Syd v WB,Cooper Hynes,western_bulldogs,13213,resolved,0.0,0.0,39
17,Syd v WB,Nick Coffield,western_bulldogs,12608,resolved,0.0,0.0,40
17,Syd v WB,Buku Khamis,western_bulldogs,12900,resolved,0.0,0.0,41
17,Syd v WB,Will Lewis,western_bulldogs,13284,resolved,0.0,0.0,42
17,Syd v WB,Luke Kennedy,western_bulldogs,13333,resolved,0.0,0.0,43
17,Syd v WB,James O'Donnell,western_bulldogs,13061,resolved,0.0,0.0,44
17,Syd v WB,Lachlan McNeil,western_bulldogs,12854,resolved,0.0,0.0,45
17,Syd v WB,Connor Budarick,western_bulldogs,12769,resolved,0.0,0.0,46
17,WC v Adel,Jordan Dawson,adelaide,12516,resolved,2.865,87.2,1
17,WC v Adel,Izak Rankine,adelaide,12798,resolved,1.151,7.8,2
17,WC v Adel,Darcy Fogarty,adelaide,12584,resolved,0.773,3.6,3
17,WC v Adel,Lachlan McAndrew,adelaide,13065,resolved,0.319,0.8,4
17,WC v Adel,Rory Laird,adelaide,12165,resolved,0.168,0.3,5
17,WC v Adel,Ben Keays,adelaide,12434,resolved,0.155,0.2,6
17,WC v Adel,Sam Berry,adelaide,12849,resolved,0.13,0.1,7
17,WC v Adel,Harley Reid,west_coast,13111,resolved,0.098,0.0,8
17,WC v Adel,James Peatling,adelaide,12934,resolved,0.09,0.0,9
17,WC v Adel,Jake Soligo,adelaide,12952,resolved,0.043,0.0,10
17,WC v Adel,Hugo Hall-Kahan,adelaide,13328,resolved,0.021,0.0,11
17,WC v Adel,Mark Keane,adelaide,12809,resolved,0.021,0.0,12
17,WC v Adel,Josh Worrell,adelaide,12912,resolved,0.021,0.0,13
17,WC v Adel,Luke Nankervis,adelaide,13081,resolved,0.017,0.0,14
17,WC v Adel,James Borlase,adelaide,13086,resolved,0.016,0.0,15
17,WC v Adel,Josh Rachele,adelaide,12953,resolved,0.014,0.0,16
17,WC v Adel,Jobe Shanahan,west_coast,13247,resolved,0.012,0.0,17
17,WC v Adel,Daniel Curtin,adelaide,13132,resolved,0.01,0.0,19
17,WC v Adel,Tim Kelly,west_coast,12595,resolved,0.01,0.0,18
17,WC v Adel,Bailey J. Williams,west_coast,,unresolved,0.008,0.0,20
17,WC v Adel,Liam Duggan,west_coast,12334,resolved,0.008,0.0,21
17,WC v Adel,Max Michalanney,adelaide,13027,resolved,0.007,0.0,22
17,WC v Adel,Tom McCarthy,west_coast,13240,resolved,0.006,0.0,24
17,WC v Adel,Oliver Francou,west_coast,13345,resolved,0.006,0.0,23
17,WC v Adel,Alex Neal-Bullen,adelaide,12367,resolved,0.005,0.0,26
17,WC v Adel,Jake Waterman,west_coast,12601,resolved,0.004,0.0,25
17,WC v Adel,Zac Taylor,adelaide,13159,resolved,0.003,0.0,28
17,WC v Adel,Rhett Bazzo,west_coast,13000,resolved,0.002,0.0,27
17,WC v Adel,Liam Baker,west_coast,12661,resolved,0.002,0.0,34
17,WC v Adel,Brandon Starcevich,west_coast,12668,resolved,0.002,0.0,30
17,WC v Adel,Marcus Herbert,west_coast,13339,resolved,0.002,0.0,29
17,WC v Adel,Taylor Walker,adelaide,11713,resolved,0.002,0.0,35
17,WC v Adel,Jack Williams,west_coast,,unresolved,0.002,0.0,36
17,WC v Adel,Tylar Young,west_coast,13043,resolved,0.001,0.0,31
17,WC v Adel,Brayden Cook,adelaide,12932,resolved,0.001,0.0,33
17,WC v Adel,Toby Murray,adelaide,13280,resolved,0.001,0.0,37
17,WC v Adel,Willem Duursma,west_coast,13292,resolved,0.001,0.0,38
17,WC v Adel,Billy Dowling,adelaide,13150,resolved,0.001,0.0,32
17,WC v Adel,Tom Cole,west_coast,12446,resolved,0.001,0.0,39
17,WC v Adel,Bo Allan,west_coast,13221,resolved,0.0,0.0,40
17,WC v Adel,Jack Graham,west_coast,,unresolved,0.0,0.0,41
17,WC v Adel,Milan Murdock,west_coast,13294,resolved,0.0,0.0,42
17,WC v Adel,Elliot Yeo,west_coast,12087,resolved,0.0,0.0,43
17,WC v Adel,Hamish Davis,west_coast,13210,resolved,0.0,0.0,44
17,WC v Adel,Jack Hutchinson,west_coast,13151,resolved,0.0,0.0,45
17,WC v Adel,Brady Hough,west_coast,12957,resolved,0.0,0.0,46
18,Adel v GC,Jordan Dawson,adelaide,12516,resolved,1.976,35.3,1
18,Adel v GC,Izak Rankine,adelaide,12798,resolved,1.772,30.3,2
18,Adel v GC,Sam Berry,adelaide,12849,resolved,1.507,24.0,3
18,Adel v GC,Taylor Walker,adelaide,11713,resolved,0.331,5.1,4
18,Adel v GC,James Peatling,adelaide,12934,resolved,0.291,4.4,5
18,Adel v GC,Wayne Milera,adelaide,12405,resolved,0.052,0.6,6
18,Adel v GC,Josh Rachele,adelaide,12953,resolved,0.018,0.2,7
18,Adel v GC,Ben Keays,adelaide,12434,resolved,0.016,0.1,8
18,Adel v GC,Matt Rowell,gold_coast,12768,resolved,0.01,0.0,9
18,Adel v GC,Lachlan McAndrew,adelaide,13065,resolved,0.006,0.0,10
18,Adel v GC,Jake Soligo,adelaide,12952,resolved,0.004,0.0,11
18,Adel v GC,Brayden Cook,adelaide,12932,resolved,0.004,0.0,12
18,Adel v GC,Josh Worrell,adelaide,12912,resolved,0.004,0.0,13
18,Adel v GC,Luke Nankervis,adelaide,13081,resolved,0.002,0.0,14
18,Adel v GC,Zac Taylor,adelaide,13159,resolved,0.002,0.0,16
18,Adel v GC,Rory Laird,adelaide,12165,resolved,0.001,0.0,15
18,Adel v GC,Noah Anderson,gold_coast,12767,resolved,0.001,0.0,17
18,Adel v GC,Max Michalanney,adelaide,13027,resolved,0.001,0.0,20
18,Adel v GC,Alex Neal-Bullen,adelaide,12367,resolved,0.001,0.0,19
18,Adel v GC,Daniel Curtin,adelaide,13132,resolved,0.001,0.0,18
18,Adel v GC,Darcy Fogarty,adelaide,12584,resolved,0.0,0.0,21
18,Adel v GC,Riley Thilthorpe,adelaide,12892,resolved,0.0,0.0,22
18,Adel v GC,Christian Petracca,gold_coast,12430,resolved,0.0,0.0,23
18,Adel v GC,Ned Moyle,gold_coast,13050,resolved,0.0,0.0,24
18,Adel v GC,James Borlase,adelaide,13086,resolved,0.0,0.0,25
18,Adel v GC,Toby Murray,adelaide,13280,resolved,0.0,0.0,26
18,Adel v GC,Leonardo Lombard,gold_coast,13232,resolved,0.0,0.0,27
18,Adel v GC,Bodhi Uwland,gold_coast,13041,resolved,0.0,0.0,28
18,Adel v GC,Joel Jeffrey,gold_coast,12933,resolved,0.0,0.0,29
18,Adel v GC,Mark Keane,adelaide,12809,resolved,0.0,0.0,30
18,Adel v GC,Zeke Uwland,gold_coast,13278,resolved,0.0,0.0,31
18,Adel v GC,Wil Powell,gold_coast,12652,resolved,0.0,0.0,32
18,Adel v GC,John Noble,gold_coast,12743,resolved,0.0,0.0,33
18,Adel v GC,Mac Andrew,gold_coast,13019,resolved,0.0,0.0,34
18,Adel v GC,Sam Collins,gold_coast,12444,resolved,0.0,0.0,35
18,Adel v GC,Jed Walter,gold_coast,13114,resolved,0.0,0.0,36
18,Adel v GC,Touk Miller,gold_coast,12331,resolved,0.0,0.0,37
18,Adel v GC,Jai Murray,gold_coast,13332,resolved,0.0,0.0,38
18,Adel v GC,Beau Addinsall,gold_coast,13341,resolved,0.0,0.0,39
18,Adel v GC,Ben King,gold_coast,12728,resolved,0.0,0.0,40
18,Adel v GC,Bailey Humphrey,gold_coast,13049,resolved,0.0,0.0,41
18,Adel v GC,Oscar Adams,gold_coast,13251,resolved,0.0,0.0,42
18,Adel v GC,Ethan Read,gold_coast,13121,resolved,0.0,0.0,43
18,Adel v GC,Nick Holman,gold_coast,12307,resolved,0.0,0.0,44
18,Adel v GC,Will Graham,gold_coast,13120,resolved,0.0,0.0,45
18,Adel v GC,Dylan Patterson,gold_coast,13346,resolved,0.0,0.0,46
18,Bris v Ess,Will Ashcroft,brisbane_lions,13040,resolved,2.706,71.6,1
18,Bris v Ess,Lachie Neale,brisbane_lions,12055,resolved,2.136,26.8,2
18,Bris v Ess,Zac Bailey,brisbane_lions,12610,resolved,0.643,1.4,3
18,Bris v Ess,Dayne Zorko,brisbane_lions,12076,resolved,0.167,0.1,4
18,Bris v Ess,Cam Rayner,brisbane_lions,12592,resolved,0.122,0.0,5
18,Bris v Ess,Sam Draper,brisbane_lions,12810,resolved,0.091,0.0,6
18,Bris v Ess,Kai Lohmann,brisbane_lions,12968,resolved,0.022,0.0,7
18,Bris v Ess,Josh Dunkley,brisbane_lions,12408,resolved,0.016,0.0,8
18,Bris v Ess,Darcy Wilmot,brisbane_lions,13026,resolved,0.012,0.0,9
18,Bris v Ess,Bruce Reville,brisbane_lions,13138,resolved,0.011,0.0,11
18,Bris v Ess,Jaspa Fletcher,brisbane_lions,13072,resolved,0.009,0.0,10
18,Bris v Ess,Levi Ashcroft,brisbane_lions,13197,resolved,0.009,0.0,12
18,Bris v Ess,Harris Andrews,brisbane_lions,12340,resolved,0.008,0.0,13
18,Bris v Ess,Eric Hipwood,brisbane_lions,12454,resolved,0.008,0.0,14
18,Bris v Ess,Hugh McCluggage,brisbane_lions,12518,resolved,0.006,0.0,15
18,Bris v Ess,Darcy Fort,brisbane_lions,12724,resolved,0.005,0.0,17
18,Bris v Ess,Ty Gallop,brisbane_lions,13235,resolved,0.004,0.0,16
18,Bris v Ess,Logan Morris,brisbane_lions,13137,resolved,0.004,0.0,18
18,Bris v Ess,Sam Durham,essendon,12925,resolved,0.003,0.0,19
18,Bris v Ess,Charlie Cameron,brisbane_lions,,unresolved,0.003,0.0,20
18,Bris v Ess,Ryan Lester,brisbane_lions,11894,resolved,0.002,0.0,22
18,Bris v Ess,Conor McKenna,brisbane_lions,12391,resolved,0.002,0.0,24
18,Bris v Ess,Sullivan Robey,essendon,13307,resolved,0.002,0.0,23
18,Bris v Ess,Noah Answerth,brisbane_lions,12718,resolved,0.002,0.0,25
18,Bris v Ess,Jarrod Berry,brisbane_lions,12519,resolved,0.002,0.0,21
18,Bris v Ess,Archie Roberts,essendon,13168,resolved,0.002,0.0,26
18,Bris v Ess,Peter Wright,essendon,12366,resolved,0.001,0.0,27
18,Bris v Ess,Darcy Parish,essendon,12406,resolved,0.001,0.0,28
18,Bris v Ess,Dyson Sharp,essendon,13283,resolved,0.0,0.0,29
18,Bris v Ess,Jye Caldwell,essendon,12755,resolved,0.0,0.0,30
18,Bris v Ess,Nate Caddy,essendon,13148,resolved,0.0,0.0,31
18,Bris v Ess,Andrew McGrath,essendon,12491,resolved,0.0,0.0,32
18,Bris v Ess,Jaxon Prior,essendon,12874,resolved,0.0,0.0,33
18,Bris v Ess,Mason Redman,essendon,12437,resolved,0.0,0.0,34
18,Bris v Ess,Harrison Jones,essendon,12853,resolved,0.0,0.0,35
18,Bris v Ess,Xavier Duursma,essendon,12696,resolved,0.0,0.0,36
18,Bris v Ess,Zach Merrett,essendon,12241,resolved,0.0,0.0,37
18,Bris v Ess,Archie Perkins,essendon,12879,resolved,0.0,0.0,38
18,Bris v Ess,Isaac Kako,essendon,13177,resolved,0.0,0.0,39
18,Bris v Ess,Jacob Farrow,essendon,13299,resolved,0.0,0.0,40
18,Bris v Ess,Zach Reid,essendon,12889,resolved,0.0,0.0,41
18,Bris v Ess,Nick Bryan,essendon,12899,resolved,0.0,0.0,42
18,Bris v Ess,Max Kondogiannis,essendon,13282,resolved,0.0,0.0,43
18,Bris v Ess,Archer Day-Wicks,essendon,13223,resolved,0.0,0.0,44
18,Bris v Ess,Angus Clarke,essendon,13229,resolved,0.0,0.0,45
18,Bris v Ess,Lachlan Blakiston,essendon,13237,resolved,0.0,0.0,46
18,Carl v Haw,Jack Ginnivan,hawthorn,12927,resolved,1.266,20.5,1
18,Carl v Haw,Josh Ward,hawthorn,12955,resolved,1.246,20.1,2
18,Carl v Haw,Lloyd Meek,hawthorn,12856,resolved,0.813,13.3,3
18,Carl v Haw,Blake Hardwick,hawthorn,12469,resolved,0.741,12.6,4
18,Carl v Haw,Connor Macdonald,hawthorn,12954,resolved,0.452,8.0,5
18,Carl v Haw,Will Day,hawthorn,12794,resolved,0.34,6.2,6
18,Carl v Haw,Jack Gunston,hawthorn,11845,resolved,0.297,5.2,7
18,Carl v Haw,Sam Walsh,carlton,12684,resolved,0.294,5.2,8
18,Carl v Haw,Cam Mackenzie,hawthorn,13031,resolved,0.14,2.6,9
18,Carl v Haw,Jai Newcombe,hawthorn,12915,resolved,0.095,1.6,10
18,Carl v Haw,Dylan Moore,hawthorn,12710,resolved,0.066,1.1,11
18,Carl v Haw,Mitch Lewis,hawthorn,12636,resolved,0.046,0.8,12
18,Carl v Haw,Harry Morrison,hawthorn,12579,resolved,0.042,0.6,13
18,Carl v Haw,Mabior Chol,hawthorn,12485,resolved,0.041,0.6,15
18,Carl v Haw,Patrick Cripps,carlton,12261,resolved,0.035,0.5,14
18,Carl v Haw,Adam Cerra,carlton,12603,resolved,0.024,0.4,16
18,Carl v Haw,Massimo D'Ambrosio,hawthorn,12998,resolved,0.02,0.3,17
18,Carl v Haw,Jarman Impey,hawthorn,12237,resolved,0.013,0.2,18
18,Carl v Haw,Oliver Greeves,hawthorn,13350,resolved,0.01,0.1,19
18,Carl v Haw,James Sicily,hawthorn,12332,resolved,0.005,0.0,20
18,Carl v Haw,Noah Mraz,hawthorn,13344,resolved,0.005,0.0,21
18,Carl v Haw,Nic Newman,carlton,12508,resolved,0.003,0.0,22
18,Carl v Haw,Matt Hill,hawthorn,13343,resolved,0.001,0.0,24
18,Carl v Haw,Jagga Smith,carlton,13274,resolved,0.001,0.0,25
18,Carl v Haw,Tom Barrass,hawthorn,12383,resolved,0.001,0.0,23
18,Carl v Haw,Karl Amon,hawthorn,12357,resolved,0.001,0.0,26
18,Carl v Haw,Bailey Macdonald,hawthorn,13069,resolved,0.001,0.0,27
18,Carl v Haw,William McCabe,hawthorn,13311,resolved,0.0,0.0,28
18,Carl v Haw,Matthew Cottrell,carlton,12822,resolved,0.0,0.0,29
18,Carl v Haw,Will Hayward,carlton,12509,resolved,0.0,0.0,30
18,Carl v Haw,Mitch McGovern,carlton,12404,resolved,0.0,0.0,31
18,Carl v Haw,Billy Wilson,carlton,,unresolved,0.0,0.0,32
18,Carl v Haw,Francis Evans,carlton,12873,resolved,0.0,0.0,33
18,Carl v Haw,Nick Haynes,carlton,12091,resolved,0.0,0.0,34
18,Carl v Haw,Wade Derksen,carlton,13303,resolved,0.0,0.0,35
18,Carl v Haw,Oliver Florent,carlton,12497,resolved,0.0,0.0,36
18,Carl v Haw,Harry McKay,carlton,12566,resolved,0.0,0.0,37
18,Carl v Haw,Harry Dean,carlton,13273,resolved,0.0,0.0,38
18,Carl v Haw,Flynn Riley,carlton,13349,resolved,0.0,0.0,39
18,Carl v Haw,Ben Ainsworth,carlton,12498,resolved,0.0,0.0,40
18,Carl v Haw,Jack Ison,carlton,13321,resolved,0.0,0.0,41
18,Carl v Haw,Talor Byrne,carlton,13297,resolved,0.0,0.0,42
18,Carl v Haw,Lachlan Cowan,carlton,13028,resolved,0.0,0.0,43
18,Carl v Haw,George Hewett,carlton,12411,resolved,0.0,0.0,44
18,Carl v Haw,Oliver Hollands,carlton,13029,resolved,0.0,0.0,45
18,Carl v Haw,Brodie Kemp,carlton,12937,resolved,0.0,0.0,46
18,Coll v NM,Nick Daicos,collingwood,12943,resolved,1.672,28.9,1
18,Coll v NM,Josh Daicos,collingwood,12573,resolved,1.224,20.8,2
18,Coll v NM,Darcy Cameron,collingwood,12660,resolved,1.073,18.4,3
18,Coll v NM,Tristan Xerri,north_melbourne,12788,resolved,0.744,12.4,4
18,Coll v NM,Jy Simpkin,north_melbourne,12502,resolved,0.298,5.0,5
18,Coll v NM,Jordan De Goey,collingwood,12318,resolved,0.268,4.7,6
18,Coll v NM,Harry Sheezel,north_melbourne,13034,resolved,0.179,2.8,7
18,Coll v NM,Jeremy Howe,collingwood,11967,resolved,0.159,2.5,8
18,Coll v NM,Luke Davies-Uniacke,north_melbourne,12590,resolved,0.081,1.2,9
18,Coll v NM,Luke Parker,north_melbourne,11953,resolved,0.075,1.1,10
18,Coll v NM,Nick Larkey,north_melbourne,12563,resolved,0.055,0.8,11
18,Coll v NM,Daniel McStay,collingwood,12291,resolved,0.048,0.6,12
18,Coll v NM,Cameron Zurhaar,north_melbourne,12557,resolved,0.021,0.2,13
18,Coll v NM,Patrick Lipinski,collingwood,12578,resolved,0.02,0.2,14
18,Coll v NM,Finn O'Sullivan,north_melbourne,13187,resolved,0.015,0.1,15
18,Coll v NM,Steele Sidebottom,collingwood,11751,resolved,0.013,0.1,16
18,Coll v NM,Edward Allan,collingwood,13146,resolved,0.013,0.1,17
18,Coll v NM,Aidan Corr,north_melbourne,12181,resolved,0.008,0.0,19
18,Coll v NM,Dan Houston,collingwood,12495,resolved,0.008,0.0,18
18,Coll v NM,Tim Membrey,collingwood,12300,resolved,0.005,0.0,20
18,Coll v NM,Paul Curtis,north_melbourne,12975,resolved,0.004,0.0,21
18,Coll v NM,Jack Crisp,collingwood,12061,resolved,0.004,0.0,23
18,Coll v NM,Scott Pendlebury,collingwood,4182,resolved,0.003,0.0,22
18,Coll v NM,Billy Frampton,collingwood,12676,resolved,0.003,0.0,24
18,Coll v NM,Cooper Trembath,north_melbourne,13263,resolved,0.001,0.0,25
18,Coll v NM,Harry Perryman,collingwood,12536,resolved,0.001,0.0,26
18,Coll v NM,Ned Long,collingwood,13023,resolved,0.001,0.0,27
18,Coll v NM,Dylan Stephens,north_melbourne,12796,resolved,0.001,0.0,28
18,Coll v NM,Colby McKercher,north_melbourne,13107,resolved,0.001,0.0,32
18,Coll v NM,Riley Hardeman,north_melbourne,13130,resolved,0.001,0.0,30
18,Coll v NM,Luke McDonald,north_melbourne,12246,resolved,0.0,0.0,29
18,Coll v NM,Brayden Maynard,collingwood,12371,resolved,0.0,0.0,31
18,Coll v NM,Sam Swadling,collingwood,13340,resolved,0.0,0.0,33
18,Coll v NM,Liam Puncher,collingwood,13342,resolved,0.0,0.0,34
18,Coll v NM,Angus Anderson,collingwood,13306,resolved,0.0,0.0,35
18,Coll v NM,Caleb Daniel,north_melbourne,12373,resolved,0.0,0.0,36
18,Coll v NM,Charlie Spargo,north_melbourne,12622,resolved,0.0,0.0,37
18,Coll v NM,Jack Darling,north_melbourne,11905,resolved,0.0,0.0,38
18,Coll v NM,Cooper Harvey,north_melbourne,13077,resolved,0.0,0.0,39
18,Coll v NM,Lachie Schultz,collingwood,12700,resolved,0.0,0.0,40
18,Coll v NM,Zac Banch,north_melbourne,13256,resolved,0.0,0.0,41
18,Coll v NM,Beau McCreery,collingwood,12876,resolved,0.0,0.0,42
18,Coll v NM,Jack Buller,collingwood,13071,resolved,0.0,0.0,43
18,Coll v NM,Charlie Comben,north_melbourne,12938,resolved,0.0,0.0,44
18,Coll v NM,Matt Whitlock,north_melbourne,13208,resolved,0.0,0.0,45
18,Coll v NM,Tom Blamires,north_melbourne,13287,resolved,0.0,0.0,46
18,Frem v Syd,Murphy Reid,fremantle,13180,resolved,0.978,15.4,1
18,Frem v Syd,Josh Treacy,fremantle,12887,resolved,0.903,14.6,2
18,Frem v Syd,Charlie Curnow,sydney,12421,resolved,0.895,14.6,3
18,Frem v Syd,Shai Bolton,fremantle,12535,resolved,0.798,13.5,4
18,Frem v Syd,Caleb Serong,fremantle,12786,resolved,0.788,13.1,5
18,Frem v Syd,Andrew Brayshaw,fremantle,12589,resolved,0.708,12.0,6
18,Frem v Syd,Chad Warner,sydney,12797,resolved,0.164,3.1,7
18,Frem v Syd,Errol Gulden,sydney,12862,resolved,0.162,3.1,8
18,Frem v Syd,Jordan Clark,fremantle,12688,resolved,0.128,2.4,9
18,Frem v Syd,Matthew Johnson,fremantle,13047,resolved,0.116,2.1,10
18,Frem v Syd,Luke Jackson,fremantle,12779,resolved,0.064,1.2,11
18,Frem v Syd,Nick Blakey,sydney,12699,resolved,0.039,0.7,12
18,Frem v Syd,Isaac Heeney,sydney,12326,resolved,0.037,0.6,13
18,Frem v Syd,Michael Frederick,fremantle,12801,resolved,0.036,0.6,14
18,Frem v Syd,Mason Cox,fremantle,12428,resolved,0.034,0.6,15
18,Frem v Syd,Karl Worner,fremantle,13075,resolved,0.024,0.4,16
18,Frem v Syd,Alex Pearce,fremantle,12352,resolved,0.019,0.3,17
18,Frem v Syd,Patrick Voss,fremantle,13129,resolved,0.017,0.2,18
18,Frem v Syd,Callum Mills,sydney,12413,resolved,0.017,0.2,20
18,Frem v Syd,Judd McVee,fremantle,13033,resolved,0.014,0.2,19
18,Frem v Syd,Tom McCartin,sydney,12627,resolved,0.014,0.2,21
18,Frem v Syd,Neil Erasmus,fremantle,12966,resolved,0.013,0.2,22
18,Frem v Syd,Jye Amiss,fremantle,12983,resolved,0.011,0.1,24
18,Frem v Syd,Luke Ryan,fremantle,12542,resolved,0.01,0.1,25
18,Frem v Syd,Nathan O'Driscoll,fremantle,12960,resolved,0.01,0.2,23
18,Frem v Syd,Brodie Grundy,sydney,12217,resolved,0.001,0.0,27
18,Frem v Syd,Jake Lloyd,sydney,12268,resolved,0.001,0.0,26
18,Frem v Syd,Sam Switkowski,fremantle,12672,resolved,0.0,0.0,28
18,Frem v Syd,Jaeger O'Meara,fremantle,12141,resolved,0.0,0.0,29
18,Frem v Syd,Tom Papley,sydney,12412,resolved,0.0,0.0,30
18,Frem v Syd,James Rowbottom,sydney,12714,resolved,0.0,0.0,31
18,Frem v Syd,Brennan Cox,fremantle,12544,resolved,0.0,0.0,32
18,Frem v Syd,Matt Roberts,sydney,12994,resolved,0.0,0.0,33
18,Frem v Syd,Isaiah Dudley,fremantle,13204,resolved,0.0,0.0,34
18,Frem v Syd,Harry Kyle,sydney,13327,resolved,0.0,0.0,35
18,Frem v Syd,Heath Chapman,fremantle,12875,resolved,0.0,0.0,36
18,Frem v Syd,James Jordon,sydney,12860,resolved,0.0,0.0,37
18,Frem v Syd,William Edwards,sydney,13318,resolved,0.0,0.0,38
18,Frem v Syd,Dane Rampe,sydney,12140,resolved,0.0,0.0,39
18,Frem v Syd,Tom Hanily,sydney,13173,resolved,0.0,0.0,40
18,Frem v Syd,Harry Cunningham,sydney,12015,resolved,0.0,0.0,41
18,Frem v Syd,Angus Sheldrick,sydney,12951,resolved,0.0,0.0,42
18,Frem v Syd,Hayden McLean,sydney,12745,resolved,0.0,0.0,43
18,Frem v Syd,Jai Serong,sydney,13022,resolved,0.0,0.0,44
18,Frem v Syd,Caiden Cleary,sydney,13157,resolved,0.0,0.0,45
18,Frem v Syd,Joel Hamling,sydney,12359,resolved,0.0,0.0,46
18,GWS v Geel,Shaun Mannagh,geelong,13104,resolved,2.764,79.3,1
18,GWS v Geel,Toby Greene,greater_western_sydney,12025,resolved,0.915,8.3,2
18,GWS v Geel,Clayton Oliver,greater_western_sydney,12410,resolved,0.843,7.3,3
18,GWS v Geel,Bailey Smith,geelong,12692,resolved,0.335,1.7,4
18,GWS v Geel,Max Holmes,geelong,12881,resolved,0.198,0.8,5
18,GWS v Geel,Kieren Briggs,greater_western_sydney,12904,resolved,0.171,0.6,6
18,GWS v Geel,Sam Taylor,greater_western_sydney,12644,resolved,0.152,0.5,7
18,GWS v Geel,Oliver Dempsey,geelong,12974,resolved,0.145,0.5,8
18,GWS v Geel,Toby Bedford,greater_western_sydney,12772,resolved,0.111,0.2,9
18,GWS v Geel,Callum Brown,greater_western_sydney,12910,resolved,0.104,0.2,11
18,GWS v Geel,Lachie Ash,greater_western_sydney,12782,resolved,0.104,0.3,10
18,GWS v Geel,Harry Himmelberg,greater_western_sydney,12462,resolved,0.085,0.2,12
18,GWS v Geel,Finn Callaghan,greater_western_sydney,12969,resolved,0.026,0.0,13
18,GWS v Geel,Xavier O'Halloran,greater_western_sydney,12821,resolved,0.01,0.0,14
18,GWS v Geel,Riley Hamilton,greater_western_sydney,13347,resolved,0.008,0.0,15
18,GWS v Geel,Tom Stewart,geelong,12505,resolved,0.007,0.0,17
18,GWS v Geel,Connor Idun,greater_western_sydney,12750,resolved,0.006,0.0,16
18,GWS v Geel,Jeremy Cameron,geelong,12017,resolved,0.004,0.0,18
18,GWS v Geel,Jack Ough,greater_western_sydney,13348,resolved,0.003,0.0,19
18,GWS v Geel,Lawson Humphries,geelong,13160,resolved,0.002,0.0,21
18,GWS v Geel,Harry Rowston,greater_western_sydney,13045,resolved,0.002,0.0,20
18,GWS v Geel,Joe Fonti,greater_western_sydney,13164,resolved,0.001,0.0,22
18,GWS v Geel,Jayden Laverde,greater_western_sydney,12377,resolved,0.001,0.0,23
18,GWS v Geel,Mark Blicavs,geelong,12153,resolved,0.001,0.0,26
18,GWS v Geel,Tom Atkins,geelong,12690,resolved,0.001,0.0,24
18,GWS v Geel,Stephen Coniglio,greater_western_sydney,12028,resolved,0.0,0.0,27
18,GWS v Geel,Harrison Oliver,greater_western_sydney,13325,resolved,0.0,0.0,25
18,GWS v Geel,Aaron Cadman,greater_western_sydney,13054,resolved,0.0,0.0,28
18,GWS v Geel,Harvey Thomas,greater_western_sydney,13101,resolved,0.0,0.0,29
18,GWS v Geel,Oliver Henry,geelong,12851,resolved,0.0,0.0,30
18,GWS v Geel,Ryan Angwin,greater_western_sydney,13001,resolved,0.0,0.0,31
18,GWS v Geel,Connor O'Sullivan,geelong,13122,resolved,0.0,0.0,32
18,GWS v Geel,Oisin Mullin,geelong,13066,resolved,0.0,0.0,33
18,GWS v Geel,Jack Bowes,geelong,12499,resolved,0.0,0.0,34
18,GWS v Geel,Tanner Bruhn,geelong,12871,resolved,0.0,0.0,35
18,GWS v Geel,Jake Stringer,greater_western_sydney,12167,resolved,0.0,0.0,36
18,GWS v Geel,Patrick Dangerfield,geelong,11700,resolved,0.0,0.0,37
18,GWS v Geel,Mitch Knevitt,geelong,12986,resolved,0.0,0.0,38
18,GWS v Geel,Phoenix Gothard,greater_western_sydney,13279,resolved,0.0,0.0,39
18,GWS v Geel,Zach Guthrie,geelong,12551,resolved,0.0,0.0,40
18,GWS v Geel,Sam De Koning,geelong,12891,resolved,0.0,0.0,41
18,GWS v Geel,Jake Kolodjashnij,geelong,12370,resolved,0.0,0.0,42
18,GWS v Geel,Jack Martin,geelong,12236,resolved,0.0,0.0,43
18,GWS v Geel,Shannon Neale,geelong,12992,resolved,0.0,0.0,44
18,GWS v Geel,Oliver Wiltshire,geelong,13217,resolved,0.0,0.0,45
18,GWS v Geel,Jack Henry,geelong,12607,resolved,0.0,0.0,46
18,Melb v Rich,Jacob van Rooyen,melbourne,13048,resolved,2.874,88.2,1
18,Melb v Rich,Tom Sparrow,melbourne,12693,resolved,0.945,5.2,2
18,Melb v Rich,Jake Bowey,melbourne,12931,resolved,0.694,2.8,3
18,Melb v Rich,Joel Fitzgerald,melbourne,13335,resolved,0.557,2.1,4
18,Melb v Rich,Max Gawn,melbourne,11966,resolved,0.39,1.0,5
18,Melb v Rich,Jack Steele,melbourne,12368,resolved,0.311,0.7,6
18,Melb v Rich,Daniel Turner,melbourne,12996,resolved,0.052,0.0,7
18,Melb v Rich,Tim Taranto,richmond,12504,resolved,0.046,0.0,8
18,Melb v Rich,Kysaiah Pickett,melbourne,12771,resolved,0.034,0.0,9
18,Melb v Rich,Ed Langdon,melbourne,12393,resolved,0.022,0.0,10
18,Melb v Rich,Jake Lever,melbourne,12351,resolved,0.017,0.0,11
18,Melb v Rich,Trent Rivers,melbourne,12778,resolved,0.012,0.0,12
18,Melb v Rich,Blake Howes,melbourne,13098,resolved,0.01,0.0,13
18,Melb v Rich,Jake Melksham,melbourne,11820,resolved,0.008,0.0,14
18,Melb v Rich,Harvey Langford,melbourne,13184,resolved,0.006,0.0,15
18,Melb v Rich,Toby Nankervis,richmond,12374,resolved,0.005,0.0,16
18,Melb v Rich,Kane McAuliffe,richmond,13117,resolved,0.004,0.0,17
18,Melb v Rich,Aidan Johnson,melbourne,13183,resolved,0.002,0.0,18
18,Melb v Rich,Kade Chandler,melbourne,12756,resolved,0.002,0.0,19
18,Melb v Rich,Changkuoth Jiath,melbourne,12752,resolved,0.002,0.0,20
18,Melb v Rich,Harry Sharp,melbourne,12864,resolved,0.002,0.0,23
18,Melb v Rich,Caleb Windsor,melbourne,13099,resolved,0.002,0.0,21
18,Melb v Rich,Koltyn Tholstrup,melbourne,13123,resolved,0.001,0.0,22
18,Melb v Rich,Nick Vlastuin,richmond,12174,resolved,0.001,0.0,24
18,Melb v Rich,Latrelle Pickett,melbourne,13286,resolved,0.001,0.0,26
18,Melb v Rich,James Trezise,richmond,13095,resolved,0.0,0.0,25
18,Melb v Rich,Sam Banks,richmond,13078,resolved,0.0,0.0,27
18,Melb v Rich,Matthew Jefferson,melbourne,13182,resolved,0.0,0.0,28
18,Melb v Rich,Ben Miller,richmond,12941,resolved,0.0,0.0,29
18,Melb v Rich,Sam Cumming,richmond,13316,resolved,0.0,0.0,30
18,Melb v Rich,Taj Hotton,richmond,13253,resolved,0.0,0.0,31
18,Melb v Rich,Seth Campbell,richmond,13100,resolved,0.0,0.0,32
18,Melb v Rich,Patrick Retschko,richmond,13313,resolved,0.0,0.0,33
18,Melb v Rich,Dion Prestia,richmond,11917,resolved,0.0,0.0,34
18,Melb v Rich,Bailey Laurie,melbourne,13032,resolved,0.0,0.0,35
18,Melb v Rich,Kye Annand,richmond,13338,resolved,0.0,0.0,36
18,Melb v Rich,Tom Brown,richmond,13096,resolved,0.0,0.0,37
18,Melb v Rich,Hugo Ralphsmith,richmond,12902,resolved,0.0,0.0,38
18,Melb v Rich,Jasper Alger,richmond,13242,resolved,0.0,0.0,39
18,Melb v Rich,Nathan Broad,richmond,12456,resolved,0.0,0.0,40
18,Melb v Rich,Sam Grlj,richmond,13290,resolved,0.0,0.0,41
18,Melb v Rich,Rhyan Mansell,richmond,12883,resolved,0.0,0.0,42
18,Melb v Rich,Noah Balta,richmond,12686,resolved,0.0,0.0,43
18,Melb v Rich,Zane Peucker,richmond,13351,resolved,0.0,0.0,44
18,Melb v Rich,Tom Lynch,richmond,11948,resolved,0.0,0.0,45
18,Melb v Rich,Mykelti Lefau,richmond,13113,resolved,0.0,0.0,46
18,St K v Port,Nasiah Wanganeen-Milera,st_kilda,12950,resolved,1.903,34.1,1
18,St K v Port,Rowan Marshall,st_kilda,12564,resolved,1.666,28.3,2
18,St K v Port,Callum Wilkie,st_kilda,12703,resolved,1.359,21.8,3
18,St K v Port,Bradley Hill,st_kilda,12060,resolved,0.606,9.6,4
18,St K v Port,Jason Horne-Francis,port_adelaide,12956,resolved,0.187,2.8,5
18,St K v Port,Hugo Garcia,st_kilda,13125,resolved,0.171,2.5,6
18,St K v Port,Zak Butters,port_adelaide,12698,resolved,0.036,0.4,8
18,St K v Port,Mattaes Phillipou,st_kilda,13036,resolved,0.035,0.4,7
18,St K v Port,Marcus Windhager,st_kilda,12967,resolved,0.007,0.0,9
18,St K v Port,Mason Wood,st_kilda,12312,resolved,0.007,0.0,10
18,St K v Port,Miles Bergman,port_adelaide,12867,resolved,0.007,0.0,11
18,St K v Port,Max Hall,st_kilda,13193,resolved,0.005,0.0,12
18,St K v Port,Cooper Sharman,st_kilda,12929,resolved,0.003,0.0,13
18,St K v Port,Jack Silvagni,st_kilda,12458,resolved,0.003,0.0,14
18,St K v Port,Darcy Wilson,st_kilda,13110,resolved,0.002,0.0,15
18,St K v Port,Jase Burgoyne,port_adelaide,13007,resolved,0.002,0.0,16
18,St K v Port,Jack Higgins,st_kilda,12609,resolved,0.001,0.0,17
18,St K v Port,Ollie Wines,port_adelaide,12150,resolved,0.0,0.0,18
18,St K v Port,Darcy Byrne-Jones,port_adelaide,12422,resolved,0.0,0.0,19
18,St K v Port,Aliir Aliir,port_adelaide,12433,resolved,0.0,0.0,20
18,St K v Port,Liam Stocker,st_kilda,12721,resolved,0.0,0.0,21
18,St K v Port,Ryan Byrnes,st_kilda,12802,resolved,0.0,0.0,22
18,St K v Port,Willem Drew,port_adelaide,12695,resolved,0.0,0.0,23
18,St K v Port,Liam O'Connell,st_kilda,13194,resolved,0.0,0.0,24
18,St K v Port,Jordon Sweet,port_adelaide,12890,resolved,0.0,0.0,25
18,St K v Port,Mitch Owens,st_kilda,12948,resolved,0.0,0.0,26
18,St K v Port,Joe Richards,port_adelaide,13139,resolved,0.0,0.0,27
18,St K v Port,Logan Evans,port_adelaide,13156,resolved,0.0,0.0,28
18,St K v Port,Corey Durdin,port_adelaide,12936,resolved,0.0,0.0,29
18,St K v Port,Liam Ryan,st_kilda,12600,resolved,0.0,0.0,30
18,St K v Port,Campbell Lake,st_kilda,13331,resolved,0.0,0.0,31
18,St K v Port,Anthony Caminiti,st_kilda,13035,resolved,0.0,0.0,32
18,St K v Port,Liam Henry,st_kilda,12831,resolved,0.0,0.0,33
18,St K v Port,Xavier Bamert,port_adelaide,13337,resolved,0.0,0.0,34
18,St K v Port,Tobie Travaglia,st_kilda,13206,resolved,0.0,0.0,35
18,St K v Port,Kane Farrell,port_adelaide,12664,resolved,0.0,0.0,36
18,St K v Port,Josh Lai,port_adelaide,13301,resolved,0.0,0.0,37
18,St K v Port,Angus Hastie,st_kilda,13116,resolved,0.0,0.0,38
18,St K v Port,Jackson Mead,port_adelaide,12946,resolved,0.0,0.0,39
18,St K v Port,Dante Visentini,port_adelaide,13073,resolved,0.0,0.0,40
18,St K v Port,Joe Berry,port_adelaide,13188,resolved,0.0,0.0,41
18,St K v Port,Jack Lukosius,port_adelaide,12704,resolved,0.0,0.0,42
18,St K v Port,Lachie Jones,port_adelaide,12882,resolved,0.0,0.0,43
18,St K v Port,Jack Whitlock,port_adelaide,13259,resolved,0.0,0.0,44
18,St K v Port,Jacob Wehr,port_adelaide,12991,resolved,0.0,0.0,45
18,St K v Port,Mitch Georgiades,port_adelaide,12766,resolved,0.0,0.0,46
18,WB v WC,Marcus Bontempelli,western_bulldogs,12269,resolved,2.702,73.6,1
18,WB v WC,Aaron Naughton,western_bulldogs,12594,resolved,1.394,14.1,2
18,WB v WC,Ed Richards,western_bulldogs,12605,resolved,0.848,6.4,3
18,WB v WC,Harley Reid,west_coast,13111,resolved,0.708,5.0,4
18,WB v WC,Bailey Dale,western_bulldogs,12354,resolved,0.216,0.8,5
18,WB v WC,Rhylee West,western_bulldogs,12748,resolved,0.039,0.0,6
18,WB v WC,Rory Lobb,western_bulldogs,12282,resolved,0.035,0.0,7
18,WB v WC,Tom Liberatore,western_bulldogs,11898,resolved,0.026,0.0,8
18,WB v WC,Tim Kelly,west_coast,12595,resolved,0.011,0.0,9
18,WB v WC,Willem Duursma,west_coast,13292,resolved,0.009,0.0,10
18,WB v WC,Tom McCarthy,west_coast,13240,resolved,0.002,0.0,11
18,WB v WC,Jedd Busslinger,western_bulldogs,13216,resolved,0.002,0.0,12
18,WB v WC,Matthew Kennedy,western_bulldogs,12455,resolved,0.002,0.0,13
18,WB v WC,Lachlan Bramble,western_bulldogs,12916,resolved,0.002,0.0,15
18,WB v WC,Cody Weightman,western_bulldogs,12800,resolved,0.001,0.0,14
18,WB v WC,Joel Freijah,western_bulldogs,13140,resolved,0.001,0.0,16
18,WB v WC,Michael Sellwood,western_bulldogs,13276,resolved,0.001,0.0,17
18,WB v WC,Marcus Herbert,west_coast,13339,resolved,0.001,0.0,18
18,WB v WC,Brandon Starcevich,west_coast,12668,resolved,0.0,0.0,19
18,WB v WC,Jack Graham,west_coast,,unresolved,0.0,0.0,20
18,WB v WC,Liam Baker,west_coast,12661,resolved,0.0,0.0,21
18,WB v WC,Oliver Francou,west_coast,13345,resolved,0.0,0.0,22
18,WB v WC,Arthur Jones,western_bulldogs,13046,resolved,0.0,0.0,23
18,WB v WC,James O'Donnell,western_bulldogs,13061,resolved,0.0,0.0,24
18,WB v WC,Elliot Yeo,west_coast,12087,resolved,0.0,0.0,25
18,WB v WC,Jordan Croft,western_bulldogs,13265,resolved,0.0,0.0,26
18,WB v WC,Buku Khamis,western_bulldogs,12900,resolved,0.0,0.0,27
18,WB v WC,Bailey Williams,western_bulldogs,12441,resolved,0.0,0.0,28
18,WB v WC,Sam Davidson,western_bulldogs,13178,resolved,0.0,0.0,29
18,WB v WC,Brady Hough,west_coast,12957,resolved,0.0,0.0,30
18,WB v WC,Tylar Young,west_coast,13043,resolved,0.0,0.0,31
18,WB v WC,Jake Waterman,west_coast,12601,resolved,0.0,0.0,32
18,WB v WC,Luke Cleary,western_bulldogs,12987,resolved,0.0,0.0,33
18,WB v WC,Josh Dolan,western_bulldogs,13179,resolved,0.0,0.0,34
18,WB v WC,Bailey J. Williams,west_coast,,unresolved,0.0,0.0,35
18,WB v WC,Liam Duggan,west_coast,12334,resolved,0.0,0.0,36
18,WB v WC,Rhett Bazzo,west_coast,13000,resolved,0.0,0.0,37
18,WB v WC,Jack Williams,west_coast,,unresolved,0.0,0.0,38
18,WB v WC,Hamish Davis,west_coast,13210,resolved,0.0,0.0,39
18,WB v WC,Jobe Shanahan,west_coast,13247,resolved,0.0,0.0,40
18,WB v WC,Bo Allan,west_coast,13221,resolved,0.0,0.0,41
18,WB v WC,Cooper Hynes,western_bulldogs,13213,resolved,0.0,0.0,42
18,WB v WC,Tom Cole,west_coast,12446,resolved,0.0,0.0,43
18,WB v WC,Milan Murdock,west_coast,13294,resolved,0.0,0.0,44
18,WB v WC,Jack Hutchinson,west_coast,13151,resolved,0.0,0.0,45
18,WB v WC,Luke Kennedy,western_bulldogs,13333,resolved,0.0,0.0,46
19,Coll v Carl,Nick Daicos,collingwood,12943,resolved,2.627,66.5,1
19,Coll v Carl,Patrick Cripps,carlton,12261,resolved,1.954,27.4,2
19,Coll v Carl,Darcy Cameron,collingwood,12660,resolved,0.565,3.7,3
19,Coll v Carl,Dan Houston,collingwood,12495,resolved,0.256,1.1,4
19,Coll v Carl,Jagga Smith,carlton,13274,resolved,0.192,0.8,5
19,Coll v Carl,Sam Walsh,carlton,12684,resolved,0.094,0.3,6
19,Coll v Carl,Tim Membrey,collingwood,12300,resolved,0.08,0.2,7
19,Coll v Carl,Jordan De Goey,collingwood,12318,resolved,0.051,0.0,8
19,Coll v Carl,Ned Long,collingwood,13023,resolved,0.035,0.0,9
19,Coll v Carl,Beau McCreery,collingwood,12876,resolved,0.022,0.0,10
19,Coll v Carl,George Hewett,carlton,12411,resolved,0.016,0.0,11
19,Coll v Carl,Jack Crisp,collingwood,12061,resolved,0.015,0.0,12
19,Coll v Carl,Scott Pendlebury,collingwood,4182,resolved,0.015,0.0,13
19,Coll v Carl,Josh Daicos,collingwood,12573,resolved,0.013,0.0,14
19,Coll v Carl,Steele Sidebottom,collingwood,11751,resolved,0.008,0.0,17
19,Coll v Carl,Patrick Lipinski,collingwood,12578,resolved,0.007,0.0,16
19,Coll v Carl,Edward Allan,collingwood,13146,resolved,0.006,0.0,15
19,Coll v Carl,Liam Reidy,carlton,13172,resolved,0.005,0.0,18
19,Coll v Carl,Brayden Maynard,collingwood,12371,resolved,0.004,0.0,19
19,Coll v Carl,Ben Ainsworth,carlton,12498,resolved,0.004,0.0,20
19,Coll v Carl,Oliver Florent,carlton,12497,resolved,0.003,0.0,22
19,Coll v Carl,Angus Anderson,collingwood,13306,resolved,0.003,0.0,21
19,Coll v Carl,Daniel McStay,collingwood,12291,resolved,0.003,0.0,23
19,Coll v Carl,Charlie West,collingwood,13246,resolved,0.002,0.0,25
19,Coll v Carl,Sam Swadling,collingwood,13340,resolved,0.002,0.0,26
19,Coll v Carl,Nick Haynes,carlton,12091,resolved,0.002,0.0,27
19,Coll v Carl,Billy Wilson,carlton,,unresolved,0.002,0.0,24
19,Coll v Carl,Billy Frampton,collingwood,12676,resolved,0.001,0.0,31
19,Coll v Carl,Liam Puncher,collingwood,13342,resolved,0.001,0.0,30
19,Coll v Carl,Harvey Harrison,collingwood,13068,resolved,0.001,0.0,29
19,Coll v Carl,Mitch McGovern,carlton,12404,resolved,0.001,0.0,33
19,Coll v Carl,Harry Dean,carlton,13273,resolved,0.001,0.0,35
19,Coll v Carl,Brodie Kemp,carlton,12937,resolved,0.001,0.0,39
19,Coll v Carl,Nic Newman,carlton,12508,resolved,0.001,0.0,28
19,Coll v Carl,Isaac Quaynor,collingwood,12740,resolved,0.001,0.0,37
19,Coll v Carl,Harry Perryman,collingwood,12536,resolved,0.001,0.0,32
19,Coll v Carl,Cooper Lord,carlton,13170,resolved,0.001,0.0,38
19,Coll v Carl,Matthew Cottrell,carlton,12822,resolved,0.001,0.0,40
19,Coll v Carl,Lachlan Cowan,carlton,13028,resolved,0.001,0.0,34
19,Coll v Carl,Blake Acres,carlton,12276,resolved,0.001,0.0,36
19,Coll v Carl,Talor Byrne,carlton,13297,resolved,0.0,0.0,41
19,Coll v Carl,Francis Evans,carlton,12873,resolved,0.0,0.0,42
19,Coll v Carl,Wade Derksen,carlton,13303,resolved,0.0,0.0,43
19,Coll v Carl,Will Hayward,carlton,12509,resolved,0.0,0.0,44
19,Coll v Carl,Adam Cerra,carlton,12603,resolved,0.0,0.0,45
19,Coll v Carl,Harry McKay,carlton,12566,resolved,0.0,0.0,46
19,Ess v GWS,Zach Merrett,essendon,12241,resolved,2.34,50.3,1
19,Ess v GWS,Sam Durham,essendon,12925,resolved,1.757,28.4,2
19,Ess v GWS,Nick Bryan,essendon,12899,resolved,1.273,17.3,3
19,Ess v GWS,Dyson Sharp,essendon,13283,resolved,0.117,1.1,4
19,Ess v GWS,Finn Callaghan,greater_western_sydney,12969,resolved,0.104,0.9,5
19,Ess v GWS,Archie Roberts,essendon,13168,resolved,0.1,0.9,6
19,Ess v GWS,Jacob Farrow,essendon,13299,resolved,0.052,0.4,7
19,Ess v GWS,Lachie Ash,greater_western_sydney,12782,resolved,0.036,0.2,9
19,Ess v GWS,Sullivan Robey,essendon,13307,resolved,0.035,0.2,8
19,Ess v GWS,Callum Brown,greater_western_sydney,12910,resolved,0.026,0.1,10
19,Ess v GWS,Clayton Oliver,greater_western_sydney,12410,resolved,0.025,0.1,11
19,Ess v GWS,Jaxon Prior,essendon,12874,resolved,0.019,0.0,12
19,Ess v GWS,Mason Redman,essendon,12437,resolved,0.017,0.0,13
19,Ess v GWS,Ryan Angwin,greater_western_sydney,13001,resolved,0.014,0.0,14
19,Ess v GWS,Connor Idun,greater_western_sydney,12750,resolved,0.012,0.0,15
19,Ess v GWS,Jye Caldwell,essendon,12755,resolved,0.011,0.0,16
19,Ess v GWS,Jack Ough,greater_western_sydney,13348,resolved,0.01,0.0,17
19,Ess v GWS,Peter Wright,essendon,12366,resolved,0.008,0.0,18
19,Ess v GWS,Lachie Whitfield,greater_western_sydney,12143,resolved,0.007,0.0,19
19,Ess v GWS,Jordan Ridley,essendon,12631,resolved,0.004,0.0,20
19,Ess v GWS,Sam Taylor,greater_western_sydney,12644,resolved,0.004,0.0,21
19,Ess v GWS,Jake Stringer,greater_western_sydney,12167,resolved,0.003,0.0,22
19,Ess v GWS,Harry Rowston,greater_western_sydney,13045,resolved,0.003,0.0,23
19,Ess v GWS,Zach Reid,essendon,12889,resolved,0.003,0.0,26
19,Ess v GWS,Xavier O'Halloran,greater_western_sydney,12821,resolved,0.002,0.0,25
19,Ess v GWS,Harry Himmelberg,greater_western_sydney,12462,resolved,0.002,0.0,24
19,Ess v GWS,Andrew McGrath,essendon,12491,resolved,0.002,0.0,27
19,Ess v GWS,Nicholas Madden,greater_western_sydney,13236,resolved,0.002,0.0,30
19,Ess v GWS,Archer Day-Wicks,essendon,13223,resolved,0.002,0.0,29
19,Ess v GWS,Conor Stone,greater_western_sydney,12886,resolved,0.002,0.0,32
19,Ess v GWS,Jayden Laverde,greater_western_sydney,12377,resolved,0.002,0.0,31
19,Ess v GWS,Angus Clarke,essendon,13229,resolved,0.001,0.0,34
19,Ess v GWS,Joe Fonti,greater_western_sydney,13164,resolved,0.001,0.0,33
19,Ess v GWS,Stephen Coniglio,greater_western_sydney,12028,resolved,0.001,0.0,28
19,Ess v GWS,Max Gruzewski,greater_western_sydney,13158,resolved,0.001,0.0,37
19,Ess v GWS,Toby Greene,greater_western_sydney,12025,resolved,0.001,0.0,35
19,Ess v GWS,Isaac Kako,essendon,13177,resolved,0.0,0.0,36
19,Ess v GWS,Hussien El Achkar,essendon,13281,resolved,0.0,0.0,38
19,Ess v GWS,Jaxon Artemis,essendon,13352,resolved,0.0,0.0,39
19,Ess v GWS,Xavier Duursma,essendon,12696,resolved,0.0,0.0,40
19,Ess v GWS,Toby Bedford,greater_western_sydney,12772,resolved,0.0,0.0,41
19,Ess v GWS,Kyle Langford,essendon,12349,resolved,0.0,0.0,42
19,Ess v GWS,Max Kondogiannis,essendon,13282,resolved,0.0,0.0,43
19,Ess v GWS,Aaron Cadman,greater_western_sydney,13054,resolved,0.0,0.0,44
19,Ess v GWS,Riley Hamilton,greater_western_sydney,13347,resolved,0.0,0.0,45
19,Ess v GWS,Nate Caddy,essendon,13148,resolved,0.0,0.0,46
19,Geel v St K,Bailey Smith,geelong,12692,resolved,2.594,65.2,1
19,Geel v St K,Rowan Marshall,st_kilda,12564,resolved,1.764,24.2,2
19,Geel v St K,Gryan Miers,geelong,12689,resolved,0.768,6.8,3
19,Geel v St K,James Worpel,geelong,12619,resolved,0.372,2.7,4
19,Geel v St K,Hugo Garcia,st_kilda,13125,resolved,0.1,0.4,5
19,Geel v St K,Tom Atkins,geelong,12690,resolved,0.085,0.3,6
19,Geel v St K,Oliver Dempsey,geelong,12974,resolved,0.055,0.2,7
19,Geel v St K,Jhye Clark,geelong,13062,resolved,0.047,0.1,9
19,Geel v St K,Jack Henry,geelong,12607,resolved,0.045,0.1,8
19,Geel v St K,Lawson Humphries,geelong,13160,resolved,0.026,0.0,10
19,Geel v St K,Tom Stewart,geelong,12505,resolved,0.019,0.0,11
19,Geel v St K,Nasiah Wanganeen-Milera,st_kilda,12950,resolved,0.017,0.0,12
19,Geel v St K,Max Holmes,geelong,12881,resolved,0.015,0.0,14
19,Geel v St K,Mattaes Phillipou,st_kilda,13036,resolved,0.015,0.0,13
19,Geel v St K,Oisin Mullin,geelong,13066,resolved,0.012,0.0,15
19,Geel v St K,Max Hall,st_kilda,13193,resolved,0.01,0.0,16
19,Geel v St K,Darcy Wilson,st_kilda,13110,resolved,0.009,0.0,17
19,Geel v St K,Mark O'Connor,geelong,12531,resolved,0.009,0.0,18
19,Geel v St K,Sam De Koning,geelong,12891,resolved,0.008,0.0,19
19,Geel v St K,Mason Wood,st_kilda,12312,resolved,0.005,0.0,20
19,Geel v St K,Jay Polkinghorne,geelong,13353,resolved,0.003,0.0,21
19,Geel v St K,Mitchell Edwards,geelong,13285,resolved,0.003,0.0,24
19,Geel v St K,Liam Stocker,st_kilda,12721,resolved,0.003,0.0,22
19,Geel v St K,Connor O'Sullivan,geelong,13122,resolved,0.002,0.0,23
19,Geel v St K,Oliver Henry,geelong,12851,resolved,0.002,0.0,25
19,Geel v St K,Brad Close,geelong,12806,resolved,0.002,0.0,27
19,Geel v St K,Patrick Dangerfield,geelong,11700,resolved,0.002,0.0,26
19,Geel v St K,Bradley Hill,st_kilda,12060,resolved,0.002,0.0,29
19,Geel v St K,Marcus Windhager,st_kilda,12967,resolved,0.001,0.0,28
19,Geel v St K,Shannon Neale,geelong,12992,resolved,0.001,0.0,32
19,Geel v St K,Zach Guthrie,geelong,12551,resolved,0.001,0.0,30
19,Geel v St K,Shaun Mannagh,geelong,13104,resolved,0.001,0.0,31
19,Geel v St K,Campbell Lake,st_kilda,13331,resolved,0.001,0.0,34
19,Geel v St K,Jack Silvagni,st_kilda,12458,resolved,0.0,0.0,33
19,Geel v St K,Callum Wilkie,st_kilda,12703,resolved,0.0,0.0,35
19,Geel v St K,Liam Ryan,st_kilda,12600,resolved,0.0,0.0,36
19,Geel v St K,Oliver Wiltshire,geelong,13217,resolved,0.0,0.0,37
19,Geel v St K,Ryan Byrnes,st_kilda,12802,resolved,0.0,0.0,38
19,Geel v St K,Hunter Clark,st_kilda,12591,resolved,0.0,0.0,39
19,Geel v St K,Jack Higgins,st_kilda,12609,resolved,0.0,0.0,40
19,Geel v St K,Tobie Travaglia,st_kilda,13206,resolved,0.0,0.0,41
19,Geel v St K,Liam O'Connell,st_kilda,13194,resolved,0.0,0.0,42
19,Geel v St K,Mitch Owens,st_kilda,12948,resolved,0.0,0.0,43
19,Geel v St K,Cooper Sharman,st_kilda,12929,resolved,0.0,0.0,44
19,Geel v St K,Liam Henry,st_kilda,12831,resolved,0.0,0.0,45
19,Geel v St K,Anthony Caminiti,st_kilda,13035,resolved,0.0,0.0,46
19,GC v WB,Marcus Bontempelli,western_bulldogs,12269,resolved,2.789,80.9,1
19,GC v WB,Touk Miller,gold_coast,12331,resolved,1.058,7.9,2
19,GC v WB,Matt Rowell,gold_coast,12768,resolved,0.998,7.2,3
19,GC v WB,Bailey Williams,western_bulldogs,12441,resolved,0.633,3.5,4
19,GC v WB,Matthew Kennedy,western_bulldogs,12455,resolved,0.182,0.5,5
19,GC v WB,Christian Petracca,gold_coast,12430,resolved,0.068,0.0,6
19,GC v WB,John Noble,gold_coast,12743,resolved,0.048,0.0,7
19,GC v WB,Ed Richards,western_bulldogs,12605,resolved,0.035,0.0,9
19,GC v WB,Tim English,western_bulldogs,12537,resolved,0.035,0.0,8
19,GC v WB,Ryley Sanders,western_bulldogs,13103,resolved,0.028,0.0,10
19,GC v WB,Wil Powell,gold_coast,12652,resolved,0.024,0.0,11
19,GC v WB,Sam Collins,gold_coast,12444,resolved,0.017,0.0,12
19,GC v WB,Noah Anderson,gold_coast,12767,resolved,0.015,0.0,13
19,GC v WB,Rory Lobb,western_bulldogs,12282,resolved,0.013,0.0,14
19,GC v WB,Mac Andrew,gold_coast,13019,resolved,0.011,0.0,15
19,GC v WB,Jedd Busslinger,western_bulldogs,13216,resolved,0.008,0.0,18
19,GC v WB,Michael Sellwood,western_bulldogs,13276,resolved,0.007,0.0,17
19,GC v WB,Zeke Uwland,gold_coast,13278,resolved,0.007,0.0,16
19,GC v WB,Bodhi Uwland,gold_coast,13041,resolved,0.006,0.0,19
19,GC v WB,Buku Khamis,western_bulldogs,12900,resolved,0.004,0.0,21
19,GC v WB,Joel Freijah,western_bulldogs,13140,resolved,0.004,0.0,20
19,GC v WB,Ned Moyle,gold_coast,13050,resolved,0.002,0.0,23
19,GC v WB,Rhylee West,western_bulldogs,12748,resolved,0.002,0.0,22
19,GC v WB,Cody Weightman,western_bulldogs,12800,resolved,0.001,0.0,25
19,GC v WB,Daniel Rioli,gold_coast,12403,resolved,0.001,0.0,24
19,GC v WB,Leonardo Lombard,gold_coast,13232,resolved,0.001,0.0,26
19,GC v WB,Ben King,gold_coast,12728,resolved,0.001,0.0,27
19,GC v WB,Aaron Naughton,western_bulldogs,12594,resolved,0.001,0.0,28
19,GC v WB,Cooper Hynes,western_bulldogs,13213,resolved,0.001,0.0,29
19,GC v WB,Arthur Jones,western_bulldogs,13046,resolved,0.0,0.0,30
19,GC v WB,Jai Murray,gold_coast,13332,resolved,0.0,0.0,31
19,GC v WB,Lachlan Bramble,western_bulldogs,12916,resolved,0.0,0.0,32
19,GC v WB,Lachlan McNeil,western_bulldogs,12854,resolved,0.0,0.0,33
19,GC v WB,Beau Addinsall,gold_coast,13341,resolved,0.0,0.0,34
19,GC v WB,Joel Jeffrey,gold_coast,12933,resolved,0.0,0.0,35
19,GC v WB,Josh Dolan,western_bulldogs,13179,resolved,0.0,0.0,36
19,GC v WB,Bailey Humphrey,gold_coast,13049,resolved,0.0,0.0,37
19,GC v WB,Ben Long,gold_coast,12521,resolved,0.0,0.0,38
19,GC v WB,Oscar Adams,gold_coast,13251,resolved,0.0,0.0,39
19,GC v WB,James O'Donnell,western_bulldogs,13061,resolved,0.0,0.0,40
19,GC v WB,Sam Davidson,western_bulldogs,13178,resolved,0.0,0.0,41
19,GC v WB,Dylan Patterson,gold_coast,13346,resolved,0.0,0.0,42
19,GC v WB,Nick Coffield,western_bulldogs,12608,resolved,0.0,0.0,43
19,GC v WB,Jordan Croft,western_bulldogs,13265,resolved,0.0,0.0,44
19,GC v WB,Caleb Lewis,gold_coast,13355,resolved,0.0,0.0,45
19,GC v WB,Jed Walter,gold_coast,13114,resolved,0.0,0.0,46
19,NM v Melb,Tom Sparrow,melbourne,12693,resolved,2.593,63.7,1
19,NM v Melb,Kysaiah Pickett,melbourne,12771,resolved,2.012,30.0,2
19,NM v Melb,Jake Bowey,melbourne,12931,resolved,0.329,2.0,3
19,NM v Melb,Harry Sheezel,north_melbourne,13034,resolved,0.297,1.5,4
19,NM v Melb,Luke Davies-Uniacke,north_melbourne,12590,resolved,0.225,1.1,5
19,NM v Melb,Matthew Jefferson,melbourne,13182,resolved,0.203,1.0,6
19,NM v Melb,Max Gawn,melbourne,11966,resolved,0.086,0.3,7
19,NM v Melb,Trent Rivers,melbourne,12778,resolved,0.063,0.2,8
19,NM v Melb,Koltyn Tholstrup,melbourne,13123,resolved,0.056,0.1,9
19,NM v Melb,Jack Steele,melbourne,12368,resolved,0.027,0.0,10
19,NM v Melb,Jy Simpkin,north_melbourne,12502,resolved,0.019,0.0,11
19,NM v Melb,Finn O'Sullivan,north_melbourne,13187,resolved,0.012,0.0,12
19,NM v Melb,Harvey Langford,melbourne,13184,resolved,0.01,0.0,14
19,NM v Melb,Tristan Xerri,north_melbourne,12788,resolved,0.01,0.0,13
19,NM v Melb,Ed Langdon,melbourne,12393,resolved,0.009,0.0,15
19,NM v Melb,Caleb Daniel,north_melbourne,12373,resolved,0.006,0.0,16
19,NM v Melb,Cooper Harvey,north_melbourne,13077,resolved,0.005,0.0,18
19,NM v Melb,Jake Lever,melbourne,12351,resolved,0.005,0.0,17
19,NM v Melb,Paul Curtis,north_melbourne,12975,resolved,0.004,0.0,20
19,NM v Melb,Colby McKercher,north_melbourne,13107,resolved,0.004,0.0,19
19,NM v Melb,Jacob van Rooyen,melbourne,13048,resolved,0.004,0.0,21
19,NM v Melb,Changkuoth Jiath,melbourne,12752,resolved,0.003,0.0,22
19,NM v Melb,Blake Howes,melbourne,13098,resolved,0.002,0.0,23
19,NM v Melb,Bayley Fritsch,melbourne,12598,resolved,0.002,0.0,25
19,NM v Melb,Dylan Stephens,north_melbourne,12796,resolved,0.002,0.0,24
19,NM v Melb,Latrelle Pickett,melbourne,13286,resolved,0.002,0.0,27
19,NM v Melb,Luke Parker,north_melbourne,11953,resolved,0.002,0.0,26
19,NM v Melb,Cooper Trembath,north_melbourne,13263,resolved,0.002,0.0,29
19,NM v Melb,Caleb Windsor,melbourne,13099,resolved,0.001,0.0,28
19,NM v Melb,Charlie Spargo,north_melbourne,12622,resolved,0.001,0.0,32
19,NM v Melb,Bailey Scott,north_melbourne,12701,resolved,0.001,0.0,31
19,NM v Melb,Cameron Zurhaar,north_melbourne,12557,resolved,0.001,0.0,30
19,NM v Melb,Harry Sharp,melbourne,12864,resolved,0.001,0.0,35
19,NM v Melb,Kade Chandler,melbourne,12756,resolved,0.001,0.0,33
19,NM v Melb,Charlie Comben,north_melbourne,12938,resolved,0.001,0.0,34
19,NM v Melb,Jack Darling,north_melbourne,11905,resolved,0.0,0.0,36
19,NM v Melb,Max Heath,melbourne,13254,resolved,0.0,0.0,37
19,NM v Melb,Joel Fitzgerald,melbourne,13335,resolved,0.0,0.0,38
19,NM v Melb,Riley Hardeman,north_melbourne,13130,resolved,0.0,0.0,39
19,NM v Melb,Daniel Turner,melbourne,12996,resolved,0.0,0.0,40
19,NM v Melb,Josh Goater,north_melbourne,13025,resolved,0.0,0.0,41
19,NM v Melb,Aidan Corr,north_melbourne,12181,resolved,0.0,0.0,42
19,NM v Melb,Jake Melksham,melbourne,11820,resolved,0.0,0.0,43
19,NM v Melb,Nick Larkey,north_melbourne,12563,resolved,0.0,0.0,44
19,NM v Melb,Matt Whitlock,north_melbourne,13208,resolved,0.0,0.0,45
19,NM v Melb,Luke McDonald,north_melbourne,12246,resolved,0.0,0.0,46
19,Port v Frem,Caleb Serong,fremantle,12786,resolved,1.692,29.7,1
19,Port v Frem,Andrew Brayshaw,fremantle,12589,resolved,1.51,25.3,2
19,Port v Frem,Joe Richards,port_adelaide,13139,resolved,0.966,16.2,3
19,Port v Frem,Jye Amiss,fremantle,12983,resolved,0.948,15.9,4
19,Port v Frem,Neil Erasmus,fremantle,12966,resolved,0.194,3.2,5
19,Port v Frem,Ollie Wines,port_adelaide,12150,resolved,0.134,2.2,6
19,Port v Frem,Hayden Young,fremantle,12777,resolved,0.106,1.7,7
19,Port v Frem,Matthew Johnson,fremantle,13047,resolved,0.07,1.0,8
19,Port v Frem,Josh Treacy,fremantle,12887,resolved,0.065,1.0,9
19,Port v Frem,Luke Ryan,fremantle,12542,resolved,0.054,0.8,10
19,Port v Frem,Luke Jackson,fremantle,12779,resolved,0.042,0.6,11
19,Port v Frem,Isaiah Dudley,fremantle,13204,resolved,0.039,0.6,12
19,Port v Frem,Michael Frederick,fremantle,12801,resolved,0.037,0.5,13
19,Port v Frem,Karl Worner,fremantle,13075,resolved,0.036,0.5,14
19,Port v Frem,Jordan Clark,fremantle,12688,resolved,0.028,0.3,15
19,Port v Frem,Jase Burgoyne,port_adelaide,13007,resolved,0.02,0.2,16
19,Port v Frem,Aliir Aliir,port_adelaide,12433,resolved,0.019,0.2,17
19,Port v Frem,Logan Evans,port_adelaide,13156,resolved,0.007,0.0,19
19,Port v Frem,Alex Pearce,fremantle,12352,resolved,0.007,0.0,18
19,Port v Frem,Miles Bergman,port_adelaide,12867,resolved,0.006,0.0,20
19,Port v Frem,Murphy Reid,fremantle,13180,resolved,0.003,0.0,22
19,Port v Frem,Judd McVee,fremantle,13033,resolved,0.003,0.0,21
19,Port v Frem,Heath Chapman,fremantle,12875,resolved,0.002,0.0,23
19,Port v Frem,Willem Drew,port_adelaide,12695,resolved,0.002,0.0,25
19,Port v Frem,Mitch Zadow,port_adelaide,13305,resolved,0.002,0.0,24
19,Port v Frem,Jaeger O'Meara,fremantle,12141,resolved,0.002,0.0,26
19,Port v Frem,Darcy Byrne-Jones,port_adelaide,12422,resolved,0.002,0.0,27
19,Port v Frem,Nathan O'Driscoll,fremantle,12960,resolved,0.001,0.0,28
19,Port v Frem,Patrick Voss,fremantle,13129,resolved,0.001,0.0,30
19,Port v Frem,Dante Visentini,port_adelaide,13073,resolved,0.001,0.0,29
19,Port v Frem,Jordon Sweet,port_adelaide,12890,resolved,0.001,0.0,31
19,Port v Frem,Mason Cox,fremantle,12428,resolved,0.0,0.0,33
19,Port v Frem,Sam Switkowski,fremantle,12672,resolved,0.0,0.0,32
19,Port v Frem,Lachie Jones,port_adelaide,12882,resolved,0.0,0.0,34
19,Port v Frem,Brennan Cox,fremantle,12544,resolved,0.0,0.0,35
19,Port v Frem,Joe Berry,port_adelaide,13188,resolved,0.0,0.0,36
19,Port v Frem,Corey Durdin,port_adelaide,12936,resolved,0.0,0.0,37
19,Port v Frem,Jack Whitlock,port_adelaide,13259,resolved,0.0,0.0,38
19,Port v Frem,Brandon Zerk-Thatcher,port_adelaide,12757,resolved,0.0,0.0,39
19,Port v Frem,Josh Lai,port_adelaide,13301,resolved,0.0,0.0,40
19,Port v Frem,Christian Moraes,port_adelaide,13199,resolved,0.0,0.0,41
19,Port v Frem,Balyn O'Brien,port_adelaide,13354,resolved,0.0,0.0,42
19,Port v Frem,Xavier Bamert,port_adelaide,13337,resolved,0.0,0.0,43
19,Port v Frem,Jacob Wehr,port_adelaide,12991,resolved,0.0,0.0,44
19,Port v Frem,Todd Marshall,port_adelaide,12575,resolved,0.0,0.0,45
19,Port v Frem,Jackson Mead,port_adelaide,12946,resolved,0.0,0.0,46
19,Rich v Haw,Jarman Impey,hawthorn,12237,resolved,1.883,34.0,1
19,Rich v Haw,Mitch Lewis,hawthorn,12636,resolved,1.526,25.8,2
19,Rich v Haw,Connor Macdonald,hawthorn,12954,resolved,1.302,21.3,3
19,Rich v Haw,Nick Watson,hawthorn,13105,resolved,0.914,14.8,4
19,Rich v Haw,Josh Battle,hawthorn,12558,resolved,0.075,1.0,6
19,Rich v Haw,Jai Newcombe,hawthorn,12915,resolved,0.074,1.1,5
19,Rich v Haw,Josh Ward,hawthorn,12955,resolved,0.048,0.6,7
19,Rich v Haw,James Sicily,hawthorn,12332,resolved,0.044,0.5,8
19,Rich v Haw,Massimo D'Ambrosio,hawthorn,12998,resolved,0.027,0.2,10
19,Rich v Haw,Cam Mackenzie,hawthorn,13031,resolved,0.025,0.3,9
19,Rich v Haw,Josh Weddle,hawthorn,13057,resolved,0.019,0.2,12
19,Rich v Haw,Tim Taranto,richmond,12504,resolved,0.019,0.2,11
19,Rich v Haw,Dylan Moore,hawthorn,12710,resolved,0.019,0.2,13
19,Rich v Haw,Blake Hardwick,hawthorn,12469,resolved,0.007,0.0,14
19,Rich v Haw,Noah Mraz,hawthorn,13344,resolved,0.005,0.0,15
19,Rich v Haw,Lloyd Meek,hawthorn,12856,resolved,0.004,0.0,16
19,Rich v Haw,Oliver Greeves,hawthorn,13350,resolved,0.002,0.0,18
19,Rich v Haw,Mabior Chol,hawthorn,12485,resolved,0.002,0.0,19
19,Rich v Haw,William McCabe,hawthorn,13311,resolved,0.001,0.0,21
19,Rich v Haw,Harry Morrison,hawthorn,12579,resolved,0.001,0.0,17
19,Rich v Haw,Bailey Macdonald,hawthorn,13069,resolved,0.001,0.0,20
19,Rich v Haw,Tom Barrass,hawthorn,12383,resolved,0.001,0.0,22
19,Rich v Haw,Dion Prestia,richmond,11917,resolved,0.001,0.0,23
19,Rich v Haw,Sam Cumming,richmond,13316,resolved,0.0,0.0,25
19,Rich v Haw,Toby Nankervis,richmond,12374,resolved,0.0,0.0,24
19,Rich v Haw,Jack Ginnivan,hawthorn,12927,resolved,0.0,0.0,26
19,Rich v Haw,Jack Gunston,hawthorn,11845,resolved,0.0,0.0,27
19,Rich v Haw,Patrick Retschko,richmond,13313,resolved,0.0,0.0,28
19,Rich v Haw,Kane McAuliffe,richmond,13117,resolved,0.0,0.0,29
19,Rich v Haw,Seth Campbell,richmond,13100,resolved,0.0,0.0,30
19,Rich v Haw,Tom Brown,richmond,13096,resolved,0.0,0.0,31
19,Rich v Haw,Mykelti Lefau,richmond,13113,resolved,0.0,0.0,32
19,Rich v Haw,Sam Lalor,richmond,13190,resolved,0.0,0.0,33
19,Rich v Haw,Nathan Broad,richmond,12456,resolved,0.0,0.0,34
19,Rich v Haw,Noah Balta,richmond,12686,resolved,0.0,0.0,35
19,Rich v Haw,Hugo Ralphsmith,richmond,12902,resolved,0.0,0.0,36
19,Rich v Haw,Jayden Short,richmond,12418,resolved,0.0,0.0,37
19,Rich v Haw,Sam Grlj,richmond,13290,resolved,0.0,0.0,38
19,Rich v Haw,Kye Annand,richmond,13338,resolved,0.0,0.0,39
19,Rich v Haw,Rhyan Mansell,richmond,12883,resolved,0.0,0.0,40
19,Rich v Haw,James Trezise,richmond,13095,resolved,0.0,0.0,41
19,Rich v Haw,Tom Lynch,richmond,11948,resolved,0.0,0.0,42
19,Rich v Haw,Sam Banks,richmond,13078,resolved,0.0,0.0,43
19,Rich v Haw,Nick Vlastuin,richmond,12174,resolved,0.0,0.0,44
19,Rich v Haw,Taj Hotton,richmond,13253,resolved,0.0,0.0,45
19,Rich v Haw,Steely Green,richmond,13145,resolved,0.0,0.0,46
19,Syd v Adel,Darcy Fogarty,adelaide,12584,resolved,2.134,42.9,1
19,Syd v Adel,Tom Papley,sydney,12412,resolved,1.206,19.6,2
19,Syd v Adel,Izak Rankine,adelaide,12798,resolved,0.959,15.1,3
19,Syd v Adel,Chad Warner,sydney,12797,resolved,0.657,10.1,4
19,Syd v Adel,Wayne Milera,adelaide,12405,resolved,0.565,8.3,5
19,Syd v Adel,James Peatling,adelaide,12934,resolved,0.176,2.1,6
19,Syd v Adel,Jordan Dawson,adelaide,12516,resolved,0.109,1.2,7
19,Syd v Adel,Isaac Heeney,sydney,12326,resolved,0.045,0.3,8
19,Syd v Adel,Sam Berry,adelaide,12849,resolved,0.043,0.4,9
19,Syd v Adel,Jake Soligo,adelaide,12952,resolved,0.02,0.1,10
19,Syd v Adel,Errol Gulden,sydney,12862,resolved,0.011,0.0,11
19,Syd v Adel,Tom McCartin,sydney,12627,resolved,0.008,0.0,12
19,Syd v Adel,Luke Nankervis,adelaide,13081,resolved,0.007,0.0,13
19,Syd v Adel,Brayden Cook,adelaide,12932,resolved,0.006,0.0,15
19,Syd v Adel,Callum Mills,sydney,12413,resolved,0.006,0.0,14
19,Syd v Adel,James Rowbottom,sydney,12714,resolved,0.005,0.0,16
19,Syd v Adel,Hugo Hall-Kahan,adelaide,13328,resolved,0.005,0.0,18
19,Syd v Adel,Riley Thilthorpe,adelaide,12892,resolved,0.005,0.0,17
19,Syd v Adel,Alex Neal-Bullen,adelaide,12367,resolved,0.004,0.0,19
19,Syd v Adel,Josh Rachele,adelaide,12953,resolved,0.004,0.0,20
19,Syd v Adel,Max Michalanney,adelaide,13027,resolved,0.004,0.0,22
19,Syd v Adel,Isaac Cumming,adelaide,12629,resolved,0.004,0.0,21
19,Syd v Adel,Nick Blakey,sydney,12699,resolved,0.003,0.0,23
19,Syd v Adel,Brodie Grundy,sydney,12217,resolved,0.003,0.0,25
19,Syd v Adel,Mark Keane,adelaide,12809,resolved,0.003,0.0,24
19,Syd v Adel,Ben Keays,adelaide,12434,resolved,0.002,0.0,27
19,Syd v Adel,Angus Sheldrick,sydney,12951,resolved,0.002,0.0,28
19,Syd v Adel,Braeden Campbell,sydney,12863,resolved,0.002,0.0,31
19,Syd v Adel,Josh Worrell,adelaide,12912,resolved,0.002,0.0,29
19,Syd v Adel,Lachlan McAndrew,adelaide,13065,resolved,0.001,0.0,30
19,Syd v Adel,Daniel Curtin,adelaide,13132,resolved,0.001,0.0,26
19,Syd v Adel,James Borlase,adelaide,13086,resolved,0.0,0.0,32
19,Syd v Adel,Toby Murray,adelaide,13280,resolved,0.0,0.0,33
19,Syd v Adel,Jai Serong,sydney,13022,resolved,0.0,0.0,34
19,Syd v Adel,Matt Roberts,sydney,12994,resolved,0.0,0.0,35
19,Syd v Adel,Zac Taylor,adelaide,13159,resolved,0.0,0.0,36
19,Syd v Adel,Riley Bice,sydney,13195,resolved,0.0,0.0,37
19,Syd v Adel,James Jordon,sydney,12860,resolved,0.0,0.0,38
19,Syd v Adel,Dane Rampe,sydney,12140,resolved,0.0,0.0,39
19,Syd v Adel,Hayden McLean,sydney,12745,resolved,0.0,0.0,40
19,Syd v Adel,Jake Lloyd,sydney,12268,resolved,0.0,0.0,41
19,Syd v Adel,William Edwards,sydney,13318,resolved,0.0,0.0,42
19,Syd v Adel,Logan McDonald,sydney,12861,resolved,0.0,0.0,43
19,Syd v Adel,Charlie Curnow,sydney,12421,resolved,0.0,0.0,44
19,Syd v Adel,Malcolm Rosas,sydney,12903,resolved,0.0,0.0,45
19,Syd v Adel,Harry Cunningham,sydney,12015,resolved,0.0,0.0,46
19,WC v Bris,Will Ashcroft,brisbane_lions,13040,resolved,1.613,27.6,1
19,WC v Bris,Harris Andrews,brisbane_lions,12340,resolved,1.259,20.9,3
19,WC v Bris,Kai Lohmann,brisbane_lions,12968,resolved,1.247,20.5,2
19,WC v Bris,Lachie Neale,brisbane_lions,12055,resolved,1.135,19.0,4
19,WC v Bris,Josh Dunkley,brisbane_lions,12408,resolved,0.426,7.6,5
19,WC v Bris,Zac Bailey,brisbane_lions,12610,resolved,0.121,1.9,6
19,WC v Bris,Jake Waterman,west_coast,12601,resolved,0.096,1.6,7
19,WC v Bris,Harley Reid,west_coast,13111,resolved,0.036,0.5,8
19,WC v Bris,Cam Rayner,brisbane_lions,12592,resolved,0.019,0.2,9
19,WC v Bris,Darcy Wilmot,brisbane_lions,13026,resolved,0.012,0.1,10
19,WC v Bris,Tim Kelly,west_coast,12595,resolved,0.005,0.0,13
19,WC v Bris,Jarrod Berry,brisbane_lions,12519,resolved,0.005,0.0,11
19,WC v Bris,Ryan Lester,brisbane_lions,11894,resolved,0.004,0.0,12
19,WC v Bris,Noah Answerth,brisbane_lions,12718,resolved,0.004,0.0,15
19,WC v Bris,James Tunstill,brisbane_lions,13005,resolved,0.002,0.0,14
19,WC v Bris,Dayne Zorko,brisbane_lions,12076,resolved,0.002,0.0,16
19,WC v Bris,Bailey J. Williams,west_coast,,unresolved,0.002,0.0,21
19,WC v Bris,Liam Duggan,west_coast,12334,resolved,0.002,0.0,24
19,WC v Bris,Oliver Francou,west_coast,13345,resolved,0.002,0.0,20
19,WC v Bris,Tom McCarthy,west_coast,13240,resolved,0.001,0.0,18
19,WC v Bris,Hugh McCluggage,brisbane_lions,12518,resolved,0.001,0.0,17
19,WC v Bris,Jaspa Fletcher,brisbane_lions,13072,resolved,0.001,0.0,19
19,WC v Bris,Logan Morris,brisbane_lions,13137,resolved,0.001,0.0,23
19,WC v Bris,Jobe Shanahan,west_coast,13247,resolved,0.001,0.0,22
19,WC v Bris,Levi Ashcroft,brisbane_lions,13197,resolved,0.001,0.0,25
19,WC v Bris,Charlie Cameron,brisbane_lions,,unresolved,0.001,0.0,26
19,WC v Bris,Sam Draper,brisbane_lions,12810,resolved,0.0,0.0,27
19,WC v Bris,Marcus Herbert,west_coast,13339,resolved,0.0,0.0,28
19,WC v Bris,Willem Duursma,west_coast,13292,resolved,0.0,0.0,29
19,WC v Bris,Ty Gallop,brisbane_lions,13235,resolved,0.0,0.0,30
19,WC v Bris,Eric Hipwood,brisbane_lions,12454,resolved,0.0,0.0,31
19,WC v Bris,Milan Murdock,west_coast,13294,resolved,0.0,0.0,32
19,WC v Bris,Darcy Fort,brisbane_lions,12724,resolved,0.0,0.0,33
19,WC v Bris,Conor McKenna,brisbane_lions,12391,resolved,0.0,0.0,34
19,WC v Bris,Liam Baker,west_coast,12661,resolved,0.0,0.0,35
19,WC v Bris,Tylar Young,west_coast,13043,resolved,0.0,0.0,36
19,WC v Bris,Brandon Starcevich,west_coast,12668,resolved,0.0,0.0,37
19,WC v Bris,Hamish Davis,west_coast,13210,resolved,0.0,0.0,38
19,WC v Bris,Rhett Bazzo,west_coast,13000,resolved,0.0,0.0,39
19,WC v Bris,Elliot Yeo,west_coast,12087,resolved,0.0,0.0,40
19,WC v Bris,Jack Graham,west_coast,,unresolved,0.0,0.0,41
19,WC v Bris,Jack Williams,west_coast,,unresolved,0.0,0.0,42
19,WC v Bris,Bo Allan,west_coast,13221,resolved,0.0,0.0,43
19,WC v Bris,Tom Cole,west_coast,12446,resolved,0.0,0.0,44
19,WC v Bris,Brady Hough,west_coast,12957,resolved,0.0,0.0,45
19,WC v Bris,Jack Hutchinson,west_coast,13151,resolved,0.0,0.0,46
20,Adel v Coll,Nick Daicos,collingwood,12943,resolved,2.969,96.9,1
20,Adel v Coll,Darcy Cameron,collingwood,12660,resolved,1.043,2.1,2
20,Adel v Coll,Daniel McStay,collingwood,12291,resolved,0.677,0.8,3
20,Adel v Coll,Scott Pendlebury,collingwood,4182,resolved,0.366,0.2,4
20,Adel v Coll,Sam Berry,adelaide,12849,resolved,0.208,0.0,5
20,Adel v Coll,Steele Sidebottom,collingwood,11751,resolved,0.168,0.0,6
20,Adel v Coll,Edward Allan,collingwood,13146,resolved,0.114,0.0,7
20,Adel v Coll,Isaac Quaynor,collingwood,12740,resolved,0.073,0.0,8
20,Adel v Coll,Izak Rankine,adelaide,12798,resolved,0.057,0.0,9
20,Adel v Coll,Jordan Dawson,adelaide,12516,resolved,0.056,0.0,10
20,Adel v Coll,Jordan De Goey,collingwood,12318,resolved,0.039,0.0,11
20,Adel v Coll,Tim Membrey,collingwood,12300,resolved,0.029,0.0,12
20,Adel v Coll,Jack Crisp,collingwood,12061,resolved,0.028,0.0,13
20,Adel v Coll,Taylor Walker,adelaide,11713,resolved,0.025,0.0,14
20,Adel v Coll,Jeremy Howe,collingwood,11967,resolved,0.022,0.0,15
20,Adel v Coll,Josh Worrell,adelaide,12912,resolved,0.017,0.0,16
20,Adel v Coll,Patrick Lipinski,collingwood,12578,resolved,0.016,0.0,17
20,Adel v Coll,Harry Perryman,collingwood,12536,resolved,0.013,0.0,18
20,Adel v Coll,Wayne Milera,adelaide,12405,resolved,0.012,0.0,19
20,Adel v Coll,Brayden Maynard,collingwood,12371,resolved,0.01,0.0,21
20,Adel v Coll,Daniel Curtin,adelaide,13132,resolved,0.01,0.0,20
20,Adel v Coll,Josh Daicos,collingwood,12573,resolved,0.008,0.0,22
20,Adel v Coll,Ned Long,collingwood,13023,resolved,0.007,0.0,23
20,Adel v Coll,Riley Thilthorpe,adelaide,12892,resolved,0.006,0.0,24
20,Adel v Coll,Beau McCreery,collingwood,12876,resolved,0.006,0.0,25
20,Adel v Coll,Dan Houston,collingwood,12495,resolved,0.005,0.0,27
20,Adel v Coll,Billy Frampton,collingwood,12676,resolved,0.005,0.0,26
20,Adel v Coll,Lachlan McAndrew,adelaide,13065,resolved,0.002,0.0,29
20,Adel v Coll,Angus Anderson,collingwood,13306,resolved,0.002,0.0,28
20,Adel v Coll,Harvey Harrison,collingwood,13068,resolved,0.001,0.0,30
20,Adel v Coll,Hugo Hall-Kahan,adelaide,13328,resolved,0.001,0.0,31
20,Adel v Coll,Charlie West,collingwood,13246,resolved,0.001,0.0,34
20,Adel v Coll,Luke Nankervis,adelaide,13081,resolved,0.001,0.0,32
20,Adel v Coll,Ben Keays,adelaide,12434,resolved,0.001,0.0,35
20,Adel v Coll,Alex Neal-Bullen,adelaide,12367,resolved,0.001,0.0,33
20,Adel v Coll,Isaac Cumming,adelaide,12629,resolved,0.001,0.0,36
20,Adel v Coll,Liam Puncher,collingwood,13342,resolved,0.0,0.0,38
20,Adel v Coll,Jake Soligo,adelaide,12952,resolved,0.0,0.0,37
20,Adel v Coll,Nick Murray,adelaide,12872,resolved,0.0,0.0,39
20,Adel v Coll,James Peatling,adelaide,12934,resolved,0.0,0.0,40
20,Adel v Coll,Max Michalanney,adelaide,13027,resolved,0.0,0.0,41
20,Adel v Coll,James Borlase,adelaide,13086,resolved,0.0,0.0,42
20,Adel v Coll,Josh Rachele,adelaide,12953,resolved,0.0,0.0,43
20,Adel v Coll,Toby Murray,adelaide,13280,resolved,0.0,0.0,44
20,Adel v Coll,Finnbar Maley,adelaide,13219,resolved,0.0,0.0,45
20,Adel v Coll,Zac Taylor,adelaide,13159,resolved,0.0,0.0,46
20,Bris v Port,Will Ashcroft,brisbane_lions,13040,resolved,2.378,51.4,1
20,Bris v Port,Zac Bailey,brisbane_lions,12610,resolved,1.928,32.2,2
20,Bris v Port,Hugh McCluggage,brisbane_lions,12518,resolved,0.603,6.8,3
20,Bris v Port,Dayne Zorko,brisbane_lions,12076,resolved,0.557,5.9,4
20,Bris v Port,Jason Horne-Francis,port_adelaide,12956,resolved,0.266,2.6,5
20,Bris v Port,Lachie Neale,brisbane_lions,12055,resolved,0.074,0.4,6
20,Bris v Port,Jaspa Fletcher,brisbane_lions,13072,resolved,0.06,0.3,7
20,Bris v Port,Cam Rayner,brisbane_lions,12592,resolved,0.039,0.2,8
20,Bris v Port,Harris Andrews,brisbane_lions,12340,resolved,0.032,0.1,9
20,Bris v Port,Josh Dunkley,brisbane_lions,12408,resolved,0.009,0.0,10
20,Bris v Port,Charlie Cameron,brisbane_lions,,unresolved,0.008,0.0,11
20,Bris v Port,Kai Lohmann,brisbane_lions,12968,resolved,0.007,0.0,12
20,Bris v Port,Ollie Wines,port_adelaide,12150,resolved,0.006,0.0,13
20,Bris v Port,Logan Morris,brisbane_lions,13137,resolved,0.004,0.0,15
20,Bris v Port,Levi Ashcroft,brisbane_lions,13197,resolved,0.004,0.0,14
20,Bris v Port,Jase Burgoyne,port_adelaide,13007,resolved,0.004,0.0,17
20,Bris v Port,Miles Bergman,port_adelaide,12867,resolved,0.003,0.0,20
20,Bris v Port,Sam Draper,brisbane_lions,12810,resolved,0.003,0.0,18
20,Bris v Port,Ryan Lester,brisbane_lions,11894,resolved,0.003,0.0,16
20,Bris v Port,Ty Gallop,brisbane_lions,13235,resolved,0.002,0.0,19
20,Bris v Port,James Tunstill,brisbane_lions,13005,resolved,0.002,0.0,22
20,Bris v Port,Jarrod Berry,brisbane_lions,12519,resolved,0.002,0.0,21
20,Bris v Port,Darcy Fort,brisbane_lions,12724,resolved,0.001,0.0,24
20,Bris v Port,Darcy Wilmot,brisbane_lions,13026,resolved,0.001,0.0,23
20,Bris v Port,Dante Visentini,port_adelaide,13073,resolved,0.001,0.0,27
20,Bris v Port,Eric Hipwood,brisbane_lions,12454,resolved,0.001,0.0,25
20,Bris v Port,Willem Drew,port_adelaide,12695,resolved,0.001,0.0,26
20,Bris v Port,Mitch Georgiades,port_adelaide,12766,resolved,0.001,0.0,29
20,Bris v Port,Jordon Sweet,port_adelaide,12890,resolved,0.0,0.0,28
20,Bris v Port,Josh Lai,port_adelaide,13301,resolved,0.0,0.0,30
20,Bris v Port,Jack Watkins,port_adelaide,13289,resolved,0.0,0.0,31
20,Bris v Port,Logan Evans,port_adelaide,13156,resolved,0.0,0.0,32
20,Bris v Port,Noah Answerth,brisbane_lions,12718,resolved,0.0,0.0,33
20,Bris v Port,Conor McKenna,brisbane_lions,12391,resolved,0.0,0.0,34
20,Bris v Port,Darcy Byrne-Jones,port_adelaide,12422,resolved,0.0,0.0,35
20,Bris v Port,Aliir Aliir,port_adelaide,12433,resolved,0.0,0.0,36
20,Bris v Port,Lachie Jones,port_adelaide,12882,resolved,0.0,0.0,37
20,Bris v Port,Corey Durdin,port_adelaide,12936,resolved,0.0,0.0,38
20,Bris v Port,Todd Marshall,port_adelaide,12575,resolved,0.0,0.0,39
20,Bris v Port,Christian Moraes,port_adelaide,13199,resolved,0.0,0.0,40
20,Bris v Port,Jack Whitlock,port_adelaide,13259,resolved,0.0,0.0,41
20,Bris v Port,Brandon Zerk-Thatcher,port_adelaide,12757,resolved,0.0,0.0,42
20,Bris v Port,Mitch Zadow,port_adelaide,13305,resolved,0.0,0.0,43
20,Bris v Port,Xavier Bamert,port_adelaide,13337,resolved,0.0,0.0,44
20,Bris v Port,Balyn O'Brien,port_adelaide,13354,resolved,0.0,0.0,45
20,Bris v Port,Joe Berry,port_adelaide,13188,resolved,0.0,0.0,46
20,Carl v GC,Patrick Cripps,carlton,12261,resolved,2.5,61.4,1
20,Carl v GC,Jagga Smith,carlton,13274,resolved,0.922,12.1,2
20,Carl v GC,George Hewett,carlton,12411,resolved,0.822,10.5,3
20,Carl v GC,Noah Anderson,gold_coast,12767,resolved,0.595,6.9,4
20,Carl v GC,Talor Byrne,carlton,13297,resolved,0.404,4.1,5
20,Carl v GC,Sam Walsh,carlton,12684,resolved,0.272,2.5,6
20,Carl v GC,Matt Rowell,gold_coast,12768,resolved,0.266,2.4,7
20,Carl v GC,Nick Haynes,carlton,12091,resolved,0.033,0.1,8
20,Carl v GC,Christian Petracca,gold_coast,12430,resolved,0.024,0.0,9
20,Carl v GC,Oliver Florent,carlton,12497,resolved,0.022,0.0,10
20,Carl v GC,Will Hayward,carlton,12509,resolved,0.019,0.0,11
20,Carl v GC,Mac Andrew,gold_coast,13019,resolved,0.016,0.0,12
20,Carl v GC,Lewis Young,carlton,12559,resolved,0.013,0.0,13
20,Carl v GC,Wade Derksen,carlton,13303,resolved,0.011,0.0,14
20,Carl v GC,Billy Wilson,carlton,,unresolved,0.011,0.0,15
20,Carl v GC,Lachlan Cowan,carlton,13028,resolved,0.009,0.0,16
20,Carl v GC,Blake Acres,carlton,12276,resolved,0.009,0.0,17
20,Carl v GC,Francis Evans,carlton,12873,resolved,0.009,0.0,18
20,Carl v GC,Cooper Lord,carlton,13170,resolved,0.008,0.0,20
20,Carl v GC,Touk Miller,gold_coast,12331,resolved,0.007,0.0,19
20,Carl v GC,Ben Ainsworth,carlton,12498,resolved,0.006,0.0,21
20,Carl v GC,Bailey Humphrey,gold_coast,13049,resolved,0.005,0.0,22
20,Carl v GC,Joel Jeffrey,gold_coast,12933,resolved,0.004,0.0,24
20,Carl v GC,Ben King,gold_coast,12728,resolved,0.004,0.0,23
20,Carl v GC,John Noble,gold_coast,12743,resolved,0.002,0.0,28
20,Carl v GC,Matthew Cottrell,carlton,12822,resolved,0.001,0.0,27
20,Carl v GC,Bodhi Uwland,gold_coast,13041,resolved,0.001,0.0,29
20,Carl v GC,Adam Cerra,carlton,12603,resolved,0.001,0.0,26
20,Carl v GC,Harry Dean,carlton,13273,resolved,0.001,0.0,25
20,Carl v GC,Mitch McGovern,carlton,12404,resolved,0.001,0.0,30
20,Carl v GC,Marc Pittonet,carlton,12417,resolved,0.0,0.0,31
20,Carl v GC,Daniel Rioli,gold_coast,12403,resolved,0.0,0.0,32
20,Carl v GC,Brodie Kemp,carlton,12937,resolved,0.0,0.0,33
20,Carl v GC,Beau Addinsall,gold_coast,13341,resolved,0.0,0.0,34
20,Carl v GC,Jed Walter,gold_coast,13114,resolved,0.0,0.0,35
20,Carl v GC,Sam Collins,gold_coast,12444,resolved,0.0,0.0,36
20,Carl v GC,Wil Powell,gold_coast,12652,resolved,0.0,0.0,37
20,Carl v GC,Ned Moyle,gold_coast,13050,resolved,0.0,0.0,38
20,Carl v GC,Jai Murray,gold_coast,13332,resolved,0.0,0.0,39
20,Carl v GC,Ben Long,gold_coast,12521,resolved,0.0,0.0,40
20,Carl v GC,Charlie Ballard,gold_coast,12625,resolved,0.0,0.0,41
20,Carl v GC,Nic Newman,carlton,12508,resolved,0.0,0.0,42
20,Carl v GC,Leonardo Lombard,gold_coast,13232,resolved,0.0,0.0,43
20,Carl v GC,Dylan Patterson,gold_coast,13346,resolved,0.0,0.0,44
20,Carl v GC,Zeke Uwland,gold_coast,13278,resolved,0.0,0.0,45
20,Carl v GC,Caleb Lewis,gold_coast,13355,resolved,0.0,0.0,46
20,Frem v WC,Jye Amiss,fremantle,12983,resolved,2.533,62.6,1
20,Frem v WC,Matthew Johnson,fremantle,13047,resolved,1.26,16.5,2
20,Frem v WC,Caleb Serong,fremantle,12786,resolved,0.825,9.8,3
20,Frem v WC,Murphy Reid,fremantle,13180,resolved,0.562,6.1,4
20,Frem v WC,Andrew Brayshaw,fremantle,12589,resolved,0.298,2.7,5
20,Frem v WC,Shai Bolton,fremantle,12535,resolved,0.192,1.4,6
20,Frem v WC,Harley Reid,west_coast,13111,resolved,0.1,0.5,7
20,Frem v WC,Luke Jackson,fremantle,12779,resolved,0.08,0.4,8
20,Frem v WC,Tim Kelly,west_coast,12595,resolved,0.03,0.0,9
20,Frem v WC,Nathan O'Driscoll,fremantle,12960,resolved,0.03,0.0,10
20,Frem v WC,Marcus Herbert,west_coast,13339,resolved,0.021,0.0,11
20,Frem v WC,Luke Ryan,fremantle,12542,resolved,0.016,0.0,12
20,Frem v WC,Patrick Voss,fremantle,13129,resolved,0.008,0.0,14
20,Frem v WC,Alex Pearce,fremantle,12352,resolved,0.007,0.0,13
20,Frem v WC,Karl Worner,fremantle,13075,resolved,0.007,0.0,15
20,Frem v WC,Oscar McDonald,fremantle,12394,resolved,0.005,0.0,18
20,Frem v WC,Neil Erasmus,fremantle,12966,resolved,0.005,0.0,16
20,Frem v WC,Jordan Clark,fremantle,12688,resolved,0.004,0.0,17
20,Frem v WC,Corey Wagner,fremantle,12453,resolved,0.004,0.0,19
20,Frem v WC,Isaiah Dudley,fremantle,13204,resolved,0.004,0.0,20
20,Frem v WC,Judd McVee,fremantle,13033,resolved,0.002,0.0,21
20,Frem v WC,Mason Cox,fremantle,12428,resolved,0.002,0.0,22
20,Frem v WC,Tom McCarthy,west_coast,13240,resolved,0.002,0.0,23
20,Frem v WC,Michael Frederick,fremantle,12801,resolved,0.002,0.0,24
20,Frem v WC,Willem Duursma,west_coast,13292,resolved,0.001,0.0,25
20,Frem v WC,Josh Treacy,fremantle,12887,resolved,0.001,0.0,26
20,Frem v WC,Brady Hough,west_coast,12957,resolved,0.0,0.0,27
20,Frem v WC,Bailey J. Williams,west_coast,,unresolved,0.0,0.0,28
20,Frem v WC,Ryan Maric,west_coast,13070,resolved,0.0,0.0,29
20,Frem v WC,Elliot Yeo,west_coast,12087,resolved,0.0,0.0,30
20,Frem v WC,Heath Chapman,fremantle,12875,resolved,0.0,0.0,31
20,Frem v WC,Oliver Francou,west_coast,13345,resolved,0.0,0.0,32
20,Frem v WC,Sam Switkowski,fremantle,12672,resolved,0.0,0.0,33
20,Frem v WC,Tom Cole,west_coast,12446,resolved,0.0,0.0,34
20,Frem v WC,Rhett Bazzo,west_coast,13000,resolved,0.0,0.0,35
20,Frem v WC,Jack Williams,west_coast,,unresolved,0.0,0.0,36
20,Frem v WC,Liam Duggan,west_coast,12334,resolved,0.0,0.0,37
20,Frem v WC,Tylar Young,west_coast,13043,resolved,0.0,0.0,38
20,Frem v WC,Bo Allan,west_coast,13221,resolved,0.0,0.0,39
20,Frem v WC,Milan Murdock,west_coast,13294,resolved,0.0,0.0,40
20,Frem v WC,Brandon Starcevich,west_coast,12668,resolved,0.0,0.0,41
20,Frem v WC,Hamish Davis,west_coast,13210,resolved,0.0,0.0,42
20,Frem v WC,Sandy Brock,west_coast,13209,resolved,0.0,0.0,43
20,Frem v WC,Jobe Shanahan,west_coast,13247,resolved,0.0,0.0,44
20,Frem v WC,Harvey Johnston,west_coast,13136,resolved,0.0,0.0,45
20,Frem v WC,Jake Waterman,west_coast,12601,resolved,0.0,0.0,46
20,GWS v Syd,Errol Gulden,sydney,12862,resolved,2.853,85.3,1
20,GWS v Syd,Chad Warner,sydney,12797,resolved,1.981,14.2,2
20,GWS v Syd,James Rowbottom,sydney,12714,resolved,0.545,0.3,3
20,GWS v Syd,Brodie Grundy,sydney,12217,resolved,0.289,0.1,4
20,GWS v Syd,Isaac Heeney,sydney,12326,resolved,0.083,0.0,5
20,GWS v Syd,Charlie Curnow,sydney,12421,resolved,0.065,0.0,6
20,GWS v Syd,Nick Blakey,sydney,12699,resolved,0.059,0.0,7
20,GWS v Syd,Tom Papley,sydney,12412,resolved,0.024,0.0,8
20,GWS v Syd,Clayton Oliver,greater_western_sydney,12410,resolved,0.017,0.0,9
20,GWS v Syd,Callum Mills,sydney,12413,resolved,0.014,0.0,10
20,GWS v Syd,Lachie Ash,greater_western_sydney,12782,resolved,0.009,0.0,11
20,GWS v Syd,Connor Idun,greater_western_sydney,12750,resolved,0.008,0.0,12
20,GWS v Syd,Ryan Angwin,greater_western_sydney,13001,resolved,0.007,0.0,13
20,GWS v Syd,Logan McDonald,sydney,12861,resolved,0.006,0.0,14
20,GWS v Syd,Lachie Whitfield,greater_western_sydney,12143,resolved,0.005,0.0,15
20,GWS v Syd,Xavier O'Halloran,greater_western_sydney,12821,resolved,0.004,0.0,16
20,GWS v Syd,Finn Callaghan,greater_western_sydney,12969,resolved,0.004,0.0,20
20,GWS v Syd,Billy Cootee,sydney,13317,resolved,0.004,0.0,18
20,GWS v Syd,Stephen Coniglio,greater_western_sydney,12028,resolved,0.003,0.0,17
20,GWS v Syd,Riley Bice,sydney,13195,resolved,0.003,0.0,19
20,GWS v Syd,William Edwards,sydney,13318,resolved,0.003,0.0,21
20,GWS v Syd,Tom McCartin,sydney,12627,resolved,0.003,0.0,22
20,GWS v Syd,Matt Roberts,sydney,12994,resolved,0.002,0.0,23
20,GWS v Syd,Braeden Campbell,sydney,12863,resolved,0.002,0.0,24
20,GWS v Syd,Harry Kyle,sydney,13327,resolved,0.001,0.0,25
20,GWS v Syd,Jake Lloyd,sydney,12268,resolved,0.001,0.0,26
20,GWS v Syd,Nicholas Madden,greater_western_sydney,13236,resolved,0.001,0.0,27
20,GWS v Syd,Toby Bedford,greater_western_sydney,12772,resolved,0.001,0.0,29
20,GWS v Syd,Jai Serong,sydney,13022,resolved,0.001,0.0,31
20,GWS v Syd,Harry Himmelberg,greater_western_sydney,12462,resolved,0.001,0.0,28
20,GWS v Syd,James Jordon,sydney,12860,resolved,0.001,0.0,30
20,GWS v Syd,Hayden McLean,sydney,12745,resolved,0.0,0.0,32
20,GWS v Syd,Jayden Laverde,greater_western_sydney,12377,resolved,0.0,0.0,33
20,GWS v Syd,Dane Rampe,sydney,12140,resolved,0.0,0.0,34
20,GWS v Syd,Joe Fonti,greater_western_sydney,13164,resolved,0.0,0.0,35
20,GWS v Syd,Sam Taylor,greater_western_sydney,12644,resolved,0.0,0.0,36
20,GWS v Syd,Jake Stringer,greater_western_sydney,12167,resolved,0.0,0.0,37
20,GWS v Syd,Jack Ough,greater_western_sydney,13348,resolved,0.0,0.0,38
20,GWS v Syd,Harvey Thomas,greater_western_sydney,13101,resolved,0.0,0.0,39
20,GWS v Syd,Malcolm Rosas,sydney,12903,resolved,0.0,0.0,40
20,GWS v Syd,Aaron Cadman,greater_western_sydney,13054,resolved,0.0,0.0,41
20,GWS v Syd,Harry Rowston,greater_western_sydney,13045,resolved,0.0,0.0,42
20,GWS v Syd,Callum Brown,greater_western_sydney,12910,resolved,0.0,0.0,43
20,GWS v Syd,Max Gruzewski,greater_western_sydney,13158,resolved,0.0,0.0,44
20,GWS v Syd,Conor Stone,greater_western_sydney,12886,resolved,0.0,0.0,45
20,GWS v Syd,Riley Hamilton,greater_western_sydney,13347,resolved,0.0,0.0,46
20,Haw v Ess,Jack Gunston,hawthorn,11845,resolved,2.716,73.0,1
20,Haw v Ess,Jarman Impey,hawthorn,12237,resolved,2.002,23.9,2
20,Haw v Ess,Josh Ward,hawthorn,12955,resolved,0.722,2.7,3
20,Haw v Ess,Jai Newcombe,hawthorn,12915,resolved,0.177,0.4,4
20,Haw v Ess,Will Day,hawthorn,12794,resolved,0.086,0.0,5
20,Haw v Ess,James Sicily,hawthorn,12332,resolved,0.062,0.0,6
20,Haw v Ess,Harry Morrison,hawthorn,12579,resolved,0.049,0.0,7
20,Haw v Ess,Cam Mackenzie,hawthorn,13031,resolved,0.048,0.0,8
20,Haw v Ess,Connor Macdonald,hawthorn,12954,resolved,0.034,0.0,9
20,Haw v Ess,Nick Watson,hawthorn,13105,resolved,0.02,0.0,10
20,Haw v Ess,Lloyd Meek,hawthorn,12856,resolved,0.017,0.0,11
20,Haw v Ess,Noah Mraz,hawthorn,13344,resolved,0.017,0.0,12
20,Haw v Ess,Dylan Moore,hawthorn,12710,resolved,0.015,0.0,13
20,Haw v Ess,Massimo D'Ambrosio,hawthorn,12998,resolved,0.007,0.0,14
20,Haw v Ess,Josh Battle,hawthorn,12558,resolved,0.007,0.0,15
20,Haw v Ess,Blake Hardwick,hawthorn,12469,resolved,0.006,0.0,16
20,Haw v Ess,Jack Ginnivan,hawthorn,12927,resolved,0.005,0.0,17
20,Haw v Ess,Josh Weddle,hawthorn,13057,resolved,0.004,0.0,18
20,Haw v Ess,Mabior Chol,hawthorn,12485,resolved,0.002,0.0,19
20,Haw v Ess,Oliver Greeves,hawthorn,13350,resolved,0.002,0.0,20
20,Haw v Ess,Tom Barrass,hawthorn,12383,resolved,0.002,0.0,21
20,Haw v Ess,Zach Merrett,essendon,12241,resolved,0.001,0.0,22
20,Haw v Ess,Bailey Macdonald,hawthorn,13069,resolved,0.0,0.0,23
20,Haw v Ess,Sam Durham,essendon,12925,resolved,0.0,0.0,24
20,Haw v Ess,Nate Caddy,essendon,13148,resolved,0.0,0.0,25
20,Haw v Ess,Lachlan Blakiston,essendon,13237,resolved,0.0,0.0,26
20,Haw v Ess,Andrew McGrath,essendon,12491,resolved,0.0,0.0,27
20,Haw v Ess,Peter Wright,essendon,12366,resolved,0.0,0.0,28
20,Haw v Ess,Dyson Sharp,essendon,13283,resolved,0.0,0.0,29
20,Haw v Ess,Will Setterfield,essendon,12567,resolved,0.0,0.0,30
20,Haw v Ess,Archie Roberts,essendon,13168,resolved,0.0,0.0,31
20,Haw v Ess,Jacob Farrow,essendon,13299,resolved,0.0,0.0,32
20,Haw v Ess,Mason Redman,essendon,12437,resolved,0.0,0.0,33
20,Haw v Ess,Jaxon Prior,essendon,12874,resolved,0.0,0.0,34
20,Haw v Ess,Sullivan Robey,essendon,13307,resolved,0.0,0.0,35
20,Haw v Ess,Angus Clarke,essendon,13229,resolved,0.0,0.0,36
20,Haw v Ess,Zach Reid,essendon,12889,resolved,0.0,0.0,37
20,Haw v Ess,Mitch Lewis,hawthorn,12636,resolved,0.0,0.0,38
20,Haw v Ess,Jaxon Artemis,essendon,13352,resolved,0.0,0.0,39
20,Haw v Ess,Isaac Kako,essendon,13177,resolved,0.0,0.0,40
20,Haw v Ess,Max Kondogiannis,essendon,13282,resolved,0.0,0.0,41
20,Haw v Ess,Ben McKay,essendon,12580,resolved,0.0,0.0,42
20,Haw v Ess,Nik Cox,essendon,12852,resolved,0.0,0.0,43
20,Haw v Ess,Hussien El Achkar,essendon,13281,resolved,0.0,0.0,44
20,Haw v Ess,Archer Day-Wicks,essendon,13223,resolved,0.0,0.0,45
20,Haw v Ess,Jordan Ridley,essendon,12631,resolved,0.0,0.0,46
20,NM v St K,Nasiah Wanganeen-Milera,st_kilda,12950,resolved,3.0,100.0,1
20,NM v St K,Bradley Hill,st_kilda,12060,resolved,0.789,0.0,2
20,NM v St K,Tom De Koning,st_kilda,12674,resolved,0.505,0.0,3
20,NM v St K,Harry Sheezel,north_melbourne,13034,resolved,0.491,0.0,4
20,NM v St K,Darcy Wilson,st_kilda,13110,resolved,0.281,0.0,5
20,NM v St K,Max Hall,st_kilda,13193,resolved,0.262,0.0,6
20,NM v St K,Jy Simpkin,north_melbourne,12502,resolved,0.207,0.0,7
20,NM v St K,Mattaes Phillipou,st_kilda,13036,resolved,0.134,0.0,8
20,NM v St K,Hugh Boxshall,st_kilda,13220,resolved,0.074,0.0,9
20,NM v St K,Mitch Owens,st_kilda,12948,resolved,0.042,0.0,10
20,NM v St K,Hugo Garcia,st_kilda,13125,resolved,0.037,0.0,11
20,NM v St K,Marcus Windhager,st_kilda,12967,resolved,0.035,0.0,12
20,NM v St K,Luke Davies-Uniacke,north_melbourne,12590,resolved,0.018,0.0,13
20,NM v St K,Luke Parker,north_melbourne,11953,resolved,0.016,0.0,15
20,NM v St K,Mason Wood,st_kilda,12312,resolved,0.015,0.0,14
20,NM v St K,Cooper Trembath,north_melbourne,13263,resolved,0.014,0.0,16
20,NM v St K,Ryan Byrnes,st_kilda,12802,resolved,0.011,0.0,17
20,NM v St K,Finn O'Sullivan,north_melbourne,13187,resolved,0.011,0.0,19
20,NM v St K,Liam Stocker,st_kilda,12721,resolved,0.01,0.0,21
20,NM v St K,Callum Wilkie,st_kilda,12703,resolved,0.01,0.0,20
20,NM v St K,Jack Silvagni,st_kilda,12458,resolved,0.01,0.0,18
20,NM v St K,Jack Higgins,st_kilda,12609,resolved,0.008,0.0,22
20,NM v St K,Caleb Daniel,north_melbourne,12373,resolved,0.005,0.0,23
20,NM v St K,Jack Darling,north_melbourne,11905,resolved,0.002,0.0,24
20,NM v St K,Tobie Travaglia,st_kilda,13206,resolved,0.002,0.0,25
20,NM v St K,Liam Ryan,st_kilda,12600,resolved,0.002,0.0,29
20,NM v St K,Hunter Clark,st_kilda,12591,resolved,0.002,0.0,31
20,NM v St K,Anthony Caminiti,st_kilda,13035,resolved,0.002,0.0,26
20,NM v St K,Paul Curtis,north_melbourne,12975,resolved,0.001,0.0,27
20,NM v St K,Dylan Stephens,north_melbourne,12796,resolved,0.001,0.0,28
20,NM v St K,Aidan Corr,north_melbourne,12181,resolved,0.001,0.0,30
20,NM v St K,Cameron Zurhaar,north_melbourne,12557,resolved,0.001,0.0,32
20,NM v St K,Colby McKercher,north_melbourne,13107,resolved,0.001,0.0,34
20,NM v St K,Liam O'Connell,st_kilda,13194,resolved,0.001,0.0,33
20,NM v St K,Charlie Comben,north_melbourne,12938,resolved,0.0,0.0,35
20,NM v St K,Tristan Xerri,north_melbourne,12788,resolved,0.0,0.0,36
20,NM v St K,Griffin Logue,north_melbourne,12511,resolved,0.0,0.0,37
20,NM v St K,Cooper Harvey,north_melbourne,13077,resolved,0.0,0.0,38
20,NM v St K,Dan Butler,st_kilda,12490,resolved,0.0,0.0,39
20,NM v St K,Nick Larkey,north_melbourne,12563,resolved,0.0,0.0,40
20,NM v St K,Max King,st_kilda,12773,resolved,0.0,0.0,41
20,NM v St K,Josh Goater,north_melbourne,13025,resolved,0.0,0.0,42
20,NM v St K,Charlie Spargo,north_melbourne,12622,resolved,0.0,0.0,43
20,NM v St K,Matt Whitlock,north_melbourne,13208,resolved,0.0,0.0,44
20,NM v St K,Zac Banch,north_melbourne,13256,resolved,0.0,0.0,45
20,NM v St K,Bailey Scott,north_melbourne,12701,resolved,0.0,0.0,46
20,Melb v Geel,Shannon Neale,geelong,12992,resolved,2.07,42.4,1
20,Melb v Geel,Bailey Smith,geelong,12692,resolved,0.861,14.1,2
20,Melb v Geel,Connor O'Sullivan,geelong,13122,resolved,0.785,12.9,3
20,Melb v Geel,Tom Stewart,geelong,12505,resolved,0.513,8.3,4
20,Melb v Geel,Harrison Petty,melbourne,12653,resolved,0.397,6.3,5
20,Melb v Geel,Jack Steele,melbourne,12368,resolved,0.281,4.0,6
20,Melb v Geel,Tanner Bruhn,geelong,12871,resolved,0.211,3.2,7
20,Melb v Geel,Tom Atkins,geelong,12690,resolved,0.162,2.2,8
20,Melb v Geel,Tom Sparrow,melbourne,12693,resolved,0.143,1.8,9
20,Melb v Geel,Oliver Henry,geelong,12851,resolved,0.109,1.4,10
20,Melb v Geel,Max Gawn,melbourne,11966,resolved,0.092,1.1,11
20,Melb v Geel,Oliver Wiltshire,geelong,13217,resolved,0.069,0.7,12
20,Melb v Geel,Shaun Mannagh,geelong,13104,resolved,0.042,0.4,13
20,Melb v Geel,Lawson Humphries,geelong,13160,resolved,0.038,0.4,14
20,Melb v Geel,Jake Bowey,melbourne,12931,resolved,0.03,0.2,15
20,Melb v Geel,Zach Guthrie,geelong,12551,resolved,0.028,0.2,16
20,Melb v Geel,James Worpel,geelong,12619,resolved,0.02,0.1,19
20,Melb v Geel,Ed Langdon,melbourne,12393,resolved,0.02,0.1,17
20,Melb v Geel,Oisin Mullin,geelong,13066,resolved,0.018,0.1,18
20,Melb v Geel,Mark Blicavs,geelong,12153,resolved,0.013,0.0,20
20,Melb v Geel,Bayley Fritsch,melbourne,12598,resolved,0.013,0.0,21
20,Melb v Geel,Jake Lever,melbourne,12351,resolved,0.011,0.0,22
20,Melb v Geel,Jhye Clark,geelong,13062,resolved,0.01,0.0,24
20,Melb v Geel,Jack Henry,geelong,12607,resolved,0.009,0.0,23
20,Melb v Geel,Oliver Dempsey,geelong,12974,resolved,0.009,0.0,25
20,Melb v Geel,Brad Close,geelong,12806,resolved,0.007,0.0,27
20,Melb v Geel,Mitchell Edwards,geelong,13285,resolved,0.006,0.0,26
20,Melb v Geel,Kysaiah Pickett,melbourne,12771,resolved,0.006,0.0,28
20,Melb v Geel,Koltyn Tholstrup,melbourne,13123,resolved,0.006,0.0,29
20,Melb v Geel,Jay Polkinghorne,geelong,13353,resolved,0.005,0.0,30
20,Melb v Geel,Trent Rivers,melbourne,12778,resolved,0.003,0.0,31
20,Melb v Geel,Patrick Dangerfield,geelong,11700,resolved,0.003,0.0,32
20,Melb v Geel,Joel Fitzgerald,melbourne,13335,resolved,0.003,0.0,33
20,Melb v Geel,Gryan Miers,geelong,12689,resolved,0.003,0.0,34
20,Melb v Geel,Tom McDonald,melbourne,12009,resolved,0.001,0.0,37
20,Melb v Geel,Mark O'Connor,geelong,12531,resolved,0.001,0.0,35
20,Melb v Geel,Harvey Langford,melbourne,13184,resolved,0.001,0.0,36
20,Melb v Geel,Bailey Laurie,melbourne,13032,resolved,0.0,0.0,38
20,Melb v Geel,Blake Howes,melbourne,13098,resolved,0.0,0.0,39
20,Melb v Geel,Lukas Cooke,melbourne,13334,resolved,0.0,0.0,40
20,Melb v Geel,Kade Chandler,melbourne,12756,resolved,0.0,0.0,41
20,Melb v Geel,Jacob van Rooyen,melbourne,13048,resolved,0.0,0.0,42
20,Melb v Geel,Harry Sharp,melbourne,12864,resolved,0.0,0.0,43
20,Melb v Geel,Latrelle Pickett,melbourne,13286,resolved,0.0,0.0,44
20,Melb v Geel,Paddy Cross,melbourne,13300,resolved,0.0,0.0,45
20,Melb v Geel,Matthew Jefferson,melbourne,13182,resolved,0.0,0.0,46
20,WB v Rich,Ed Richards,western_bulldogs,12605,resolved,2.623,64.1,1
20,WB v Rich,Marcus Bontempelli,western_bulldogs,12269,resolved,2.208,33.7,2
20,WB v Rich,Lachlan Bramble,western_bulldogs,12916,resolved,0.288,0.9,3
20,WB v Rich,Bailey Williams,western_bulldogs,12441,resolved,0.236,0.7,4
20,WB v Rich,Joel Freijah,western_bulldogs,13140,resolved,0.144,0.4,5
20,WB v Rich,Tim English,western_bulldogs,12537,resolved,0.103,0.1,6
20,WB v Rich,Michael Sellwood,western_bulldogs,13276,resolved,0.083,0.1,7
20,WB v Rich,Tom Liberatore,western_bulldogs,11898,resolved,0.057,0.0,8
20,WB v Rich,Ryley Sanders,western_bulldogs,13103,resolved,0.037,0.0,9
20,WB v Rich,Tim Taranto,richmond,12504,resolved,0.031,0.0,10
20,WB v Rich,Jedd Busslinger,western_bulldogs,13216,resolved,0.021,0.0,11
20,WB v Rich,Nick Vlastuin,richmond,12174,resolved,0.019,0.0,12
20,WB v Rich,James O'Donnell,western_bulldogs,13061,resolved,0.017,0.0,13
20,WB v Rich,Rhylee West,western_bulldogs,12748,resolved,0.015,0.0,14
20,WB v Rich,Rory Lobb,western_bulldogs,12282,resolved,0.014,0.0,15
20,WB v Rich,Buku Khamis,western_bulldogs,12900,resolved,0.011,0.0,17
20,WB v Rich,Matthew Kennedy,western_bulldogs,12455,resolved,0.011,0.0,19
20,WB v Rich,Josh Dolan,western_bulldogs,13179,resolved,0.01,0.0,18
20,WB v Rich,Cody Weightman,western_bulldogs,12800,resolved,0.01,0.0,16
20,WB v Rich,Jack Ross,richmond,,unresolved,0.008,0.0,20
20,WB v Rich,Sam Davidson,western_bulldogs,13178,resolved,0.007,0.0,24
20,WB v Rich,Aaron Naughton,western_bulldogs,12594,resolved,0.006,0.0,22
20,WB v Rich,Nick Coffield,western_bulldogs,12608,resolved,0.006,0.0,21
20,WB v Rich,Dion Prestia,richmond,11917,resolved,0.006,0.0,23
20,WB v Rich,Jayden Short,richmond,12418,resolved,0.004,0.0,25
20,WB v Rich,Tom Brown,richmond,13096,resolved,0.004,0.0,26
20,WB v Rich,Sam Banks,richmond,13078,resolved,0.003,0.0,32
20,WB v Rich,Sam Cumming,richmond,13316,resolved,0.003,0.0,27
20,WB v Rich,Arthur Jones,western_bulldogs,13046,resolved,0.002,0.0,30
20,WB v Rich,Toby Nankervis,richmond,12374,resolved,0.002,0.0,28
20,WB v Rich,Nathan Broad,richmond,12456,resolved,0.002,0.0,29
20,WB v Rich,Jordan Croft,western_bulldogs,13265,resolved,0.002,0.0,31
20,WB v Rich,Patrick Retschko,richmond,13313,resolved,0.002,0.0,34
20,WB v Rich,Cooper Hynes,western_bulldogs,13213,resolved,0.002,0.0,33
20,WB v Rich,Mykelti Lefau,richmond,13113,resolved,0.001,0.0,35
20,WB v Rich,Tom Lynch,richmond,11948,resolved,0.001,0.0,38
20,WB v Rich,Sam Lalor,richmond,13190,resolved,0.001,0.0,37
20,WB v Rich,Tyler Sonsie,richmond,13014,resolved,0.001,0.0,36
20,WB v Rich,Taj Hotton,richmond,13253,resolved,0.0,0.0,39
20,WB v Rich,Luke Trainor,richmond,13191,resolved,0.0,0.0,40
20,WB v Rich,Sam Grlj,richmond,13290,resolved,0.0,0.0,41
20,WB v Rich,Kye Annand,richmond,13338,resolved,0.0,0.0,42
20,WB v Rich,Zane Peucker,richmond,13351,resolved,0.0,0.0,43
20,WB v Rich,Rhyan Mansell,richmond,12883,resolved,0.0,0.0,44
20,WB v Rich,Seth Campbell,richmond,13100,resolved,0.0,0.0,45
20,WB v Rich,Hugo Ralphsmith,richmond,12902,resolved,0.0,0.0,46
21,Carl v Bris,George Hewett,carlton,12411,resolved,2.102,39.5,1
21,Carl v Bris,Jagga Smith,carlton,13274,resolved,2.012,36.3,2
21,Carl v Bris,Brodie Kemp,carlton,12937,resolved,1.107,15.5,3
21,Carl v Bris,Harry McKay,carlton,12566,resolved,0.327,4.6,4
21,Carl v Bris,Sam Walsh,carlton,12684,resolved,0.122,1.5,5
21,Carl v Bris,Oliver Florent,carlton,12497,resolved,0.108,1.3,6
21,Carl v Bris,Will Ashcroft,brisbane_lions,13040,resolved,0.077,0.8,7
21,Carl v Bris,Patrick Cripps,carlton,12261,resolved,0.048,0.4,8
21,Carl v Bris,Will Hayward,carlton,12509,resolved,0.029,0.2,9
21,Carl v Bris,Wade Derksen,carlton,13303,resolved,0.012,0.0,10
21,Carl v Bris,Lachie Neale,brisbane_lions,12055,resolved,0.011,0.0,11
21,Carl v Bris,Cooper Lord,carlton,13170,resolved,0.008,0.0,12
21,Carl v Bris,Adam Cerra,carlton,12603,resolved,0.008,0.0,13
21,Carl v Bris,Marc Pittonet,carlton,12417,resolved,0.005,0.0,14
21,Carl v Bris,Lewis Young,carlton,12559,resolved,0.004,0.0,16
21,Carl v Bris,Harry Dean,carlton,13273,resolved,0.003,0.0,15
21,Carl v Bris,Billy Wilson,carlton,,unresolved,0.003,0.0,18
21,Carl v Bris,Lachlan Cowan,carlton,13028,resolved,0.003,0.0,17
21,Carl v Bris,Blake Acres,carlton,12276,resolved,0.002,0.0,20
21,Carl v Bris,Josh Dunkley,brisbane_lions,12408,resolved,0.002,0.0,19
21,Carl v Bris,Nick Haynes,carlton,12091,resolved,0.001,0.0,23
21,Carl v Bris,Talor Byrne,carlton,13297,resolved,0.001,0.0,22
21,Carl v Bris,Ben Ainsworth,carlton,12498,resolved,0.001,0.0,21
21,Carl v Bris,Jaspa Fletcher,brisbane_lions,13072,resolved,0.001,0.0,24
21,Carl v Bris,Matthew Cottrell,carlton,12822,resolved,0.001,0.0,26
21,Carl v Bris,Cam Rayner,brisbane_lions,12592,resolved,0.001,0.0,25
21,Carl v Bris,Hugh McCluggage,brisbane_lions,12518,resolved,0.0,0.0,27
21,Carl v Bris,Mitch McGovern,carlton,12404,resolved,0.0,0.0,28
21,Carl v Bris,Harris Andrews,brisbane_lions,12340,resolved,0.0,0.0,29
21,Carl v Bris,Darcy Wilmot,brisbane_lions,13026,resolved,0.0,0.0,30
21,Carl v Bris,Sam Draper,brisbane_lions,12810,resolved,0.0,0.0,31
21,Carl v Bris,Francis Evans,carlton,12873,resolved,0.0,0.0,32
21,Carl v Bris,Kai Lohmann,brisbane_lions,12968,resolved,0.0,0.0,33
21,Carl v Bris,Zac Bailey,brisbane_lions,12610,resolved,0.0,0.0,34
21,Carl v Bris,Eric Hipwood,brisbane_lions,12454,resolved,0.0,0.0,35
21,Carl v Bris,Jarrod Berry,brisbane_lions,12519,resolved,0.0,0.0,36
21,Carl v Bris,Ryan Lester,brisbane_lions,11894,resolved,0.0,0.0,37
21,Carl v Bris,Charlie Cameron,brisbane_lions,,unresolved,0.0,0.0,38
21,Carl v Bris,Noah Answerth,brisbane_lions,12718,resolved,0.0,0.0,39
21,Carl v Bris,Darcy Fort,brisbane_lions,12724,resolved,0.0,0.0,40
21,Carl v Bris,Conor McKenna,brisbane_lions,12391,resolved,0.0,0.0,41
21,Carl v Bris,Bruce Reville,brisbane_lions,13138,resolved,0.0,0.0,42
21,Carl v Bris,Oscar Allen,brisbane_lions,12655,resolved,0.0,0.0,43
21,Carl v Bris,Keidean Coleman,brisbane_lions,12838,resolved,0.0,0.0,44
21,Carl v Bris,Levi Ashcroft,brisbane_lions,13197,resolved,0.0,0.0,45
21,Carl v Bris,Logan Morris,brisbane_lions,13137,resolved,0.0,0.0,46
21,Coll v Geel,Oliver Dempsey,geelong,12974,resolved,2.29,49.9,1
21,Coll v Geel,Nick Daicos,collingwood,12943,resolved,1.106,16.5,2
21,Coll v Geel,Bailey Smith,geelong,12692,resolved,1.01,14.7,3
21,Coll v Geel,Daniel McStay,collingwood,12291,resolved,0.982,14.5,4
21,Coll v Geel,James Worpel,geelong,12619,resolved,0.15,1.7,5
21,Coll v Geel,Tom Stewart,geelong,12505,resolved,0.102,1.0,6
21,Coll v Geel,Oliver Henry,geelong,12851,resolved,0.096,0.8,7
21,Coll v Geel,Tom Atkins,geelong,12690,resolved,0.045,0.3,8
21,Coll v Geel,Josh Daicos,collingwood,12573,resolved,0.042,0.3,9
21,Coll v Geel,Oisin Mullin,geelong,13066,resolved,0.038,0.2,10
21,Coll v Geel,Tanner Bruhn,geelong,12871,resolved,0.031,0.2,11
21,Coll v Geel,Darcy Cameron,collingwood,12660,resolved,0.026,0.1,12
21,Coll v Geel,Mark O'Connor,geelong,12531,resolved,0.012,0.0,13
21,Coll v Geel,Connor O'Sullivan,geelong,13122,resolved,0.009,0.0,16
21,Coll v Geel,Shannon Neale,geelong,12992,resolved,0.009,0.0,14
21,Coll v Geel,Gryan Miers,geelong,12689,resolved,0.007,0.0,18
21,Coll v Geel,Shaun Mannagh,geelong,13104,resolved,0.007,0.0,15
21,Coll v Geel,Lawson Humphries,geelong,13160,resolved,0.007,0.0,20
21,Coll v Geel,Jay Polkinghorne,geelong,13353,resolved,0.007,0.0,17
21,Coll v Geel,Mitchell Edwards,geelong,13285,resolved,0.007,0.0,19
21,Coll v Geel,Scott Pendlebury,collingwood,4182,resolved,0.003,0.0,22
21,Coll v Geel,Edward Allan,collingwood,13146,resolved,0.003,0.0,21
21,Coll v Geel,Jack Crisp,collingwood,12061,resolved,0.003,0.0,23
21,Coll v Geel,Jhye Clark,geelong,13062,resolved,0.002,0.0,24
21,Coll v Geel,Jordan De Goey,collingwood,12318,resolved,0.002,0.0,26
21,Coll v Geel,Isaac Quaynor,collingwood,12740,resolved,0.001,0.0,25
21,Coll v Geel,Zach Guthrie,geelong,12551,resolved,0.001,0.0,27
21,Coll v Geel,Dan Houston,collingwood,12495,resolved,0.001,0.0,28
21,Coll v Geel,Mark Blicavs,geelong,12153,resolved,0.001,0.0,30
21,Coll v Geel,Jack Henry,geelong,12607,resolved,0.001,0.0,29
21,Coll v Geel,Patrick Lipinski,collingwood,12578,resolved,0.0,0.0,31
21,Coll v Geel,Oliver Wiltshire,geelong,13217,resolved,0.0,0.0,32
21,Coll v Geel,Steele Sidebottom,collingwood,11751,resolved,0.0,0.0,33
21,Coll v Geel,Jeremy Howe,collingwood,11967,resolved,0.0,0.0,34
21,Coll v Geel,Beau McCreery,collingwood,12876,resolved,0.0,0.0,35
21,Coll v Geel,Jack Martin,geelong,12236,resolved,0.0,0.0,36
21,Coll v Geel,Harvey Harrison,collingwood,13068,resolved,0.0,0.0,37
21,Coll v Geel,Billy Frampton,collingwood,12676,resolved,0.0,0.0,38
21,Coll v Geel,Lachie Schultz,collingwood,12700,resolved,0.0,0.0,39
21,Coll v Geel,Charlie West,collingwood,13246,resolved,0.0,0.0,40
21,Coll v Geel,Angus Anderson,collingwood,13306,resolved,0.0,0.0,41
21,Coll v Geel,Liam Puncher,collingwood,13342,resolved,0.0,0.0,42
21,Coll v Geel,Brad Close,geelong,12806,resolved,0.0,0.0,43
21,Coll v Geel,Ned Long,collingwood,13023,resolved,0.0,0.0,44
21,Coll v Geel,Harry Perryman,collingwood,12536,resolved,0.0,0.0,45
21,Coll v Geel,Tim Membrey,collingwood,12300,resolved,0.0,0.0,46
21,Ess v Adel,Riley Thilthorpe,adelaide,12892,resolved,2.27,45.0,1
21,Ess v Adel,Izak Rankine,adelaide,12798,resolved,2.008,34.5,2
21,Ess v Adel,Jordan Dawson,adelaide,12516,resolved,1.115,14.0,3
21,Ess v Adel,Peter Wright,essendon,12366,resolved,0.518,6.3,4
21,Ess v Adel,Billy Dowling,adelaide,13150,resolved,0.033,0.2,5
21,Ess v Adel,Jake Soligo,adelaide,12952,resolved,0.011,0.0,6
21,Ess v Adel,Daniel Curtin,adelaide,13132,resolved,0.008,0.0,7
21,Ess v Adel,Callum Ah Chee,adelaide,12414,resolved,0.005,0.0,8
21,Ess v Adel,Oscar Ryan,adelaide,13357,resolved,0.004,0.0,9
21,Ess v Adel,Zach Merrett,essendon,12241,resolved,0.004,0.0,10
21,Ess v Adel,Hugo Hall-Kahan,adelaide,13328,resolved,0.004,0.0,11
21,Ess v Adel,Josh Worrell,adelaide,12912,resolved,0.002,0.0,12
21,Ess v Adel,Lachlan McAndrew,adelaide,13065,resolved,0.002,0.0,13
21,Ess v Adel,Will Setterfield,essendon,12567,resolved,0.002,0.0,14
21,Ess v Adel,Taylor Walker,adelaide,11713,resolved,0.002,0.0,16
21,Ess v Adel,Ben Keays,adelaide,12434,resolved,0.002,0.0,15
21,Ess v Adel,Sam Durham,essendon,12925,resolved,0.002,0.0,17
21,Ess v Adel,Josh Rachele,adelaide,12953,resolved,0.002,0.0,19
21,Ess v Adel,Alex Neal-Bullen,adelaide,12367,resolved,0.001,0.0,18
21,Ess v Adel,Isaac Cumming,adelaide,12629,resolved,0.001,0.0,20
21,Ess v Adel,Dyson Sharp,essendon,13283,resolved,0.001,0.0,22
21,Ess v Adel,Max Michalanney,adelaide,13027,resolved,0.001,0.0,21
21,Ess v Adel,Mark Keane,adelaide,12809,resolved,0.001,0.0,24
21,Ess v Adel,Luke Nankervis,adelaide,13081,resolved,0.001,0.0,23
21,Ess v Adel,Brayden Cook,adelaide,12932,resolved,0.001,0.0,25
21,Ess v Adel,Archie Roberts,essendon,13168,resolved,0.001,0.0,26
21,Ess v Adel,James Borlase,adelaide,13086,resolved,0.0,0.0,27
21,Ess v Adel,Andrew McGrath,essendon,12491,resolved,0.0,0.0,28
21,Ess v Adel,Mason Redman,essendon,12437,resolved,0.0,0.0,29
21,Ess v Adel,Zac Taylor,adelaide,13159,resolved,0.0,0.0,30
21,Ess v Adel,Archie Ludowyke,adelaide,13356,resolved,0.0,0.0,31
21,Ess v Adel,Jaxon Artemis,essendon,13352,resolved,0.0,0.0,32
21,Ess v Adel,Kyle Langford,essendon,12349,resolved,0.0,0.0,33
21,Ess v Adel,Hussien El Achkar,essendon,13281,resolved,0.0,0.0,34
21,Ess v Adel,Zak Johnson,essendon,13231,resolved,0.0,0.0,35
21,Ess v Adel,Jacob Farrow,essendon,13299,resolved,0.0,0.0,36
21,Ess v Adel,Nick Bryan,essendon,12899,resolved,0.0,0.0,37
21,Ess v Adel,Jaxon Prior,essendon,12874,resolved,0.0,0.0,38
21,Ess v Adel,Harrison Jones,essendon,12853,resolved,0.0,0.0,39
21,Ess v Adel,Zach Reid,essendon,12889,resolved,0.0,0.0,40
21,Ess v Adel,Nate Caddy,essendon,13148,resolved,0.0,0.0,41
21,Ess v Adel,Archer Day-Wicks,essendon,13223,resolved,0.0,0.0,42
21,Ess v Adel,Isaac Kako,essendon,13177,resolved,0.0,0.0,43
21,Ess v Adel,Max Kondogiannis,essendon,13282,resolved,0.0,0.0,44
21,Ess v Adel,Angus Clarke,essendon,13229,resolved,0.0,0.0,45
21,Ess v Adel,Rhys Unwin,essendon,13264,resolved,0.0,0.0,46
21,Frem v WB,Karl Worner,fremantle,13075,resolved,1.783,32.1,1
21,Frem v WB,Oscar McDonald,fremantle,12394,resolved,1.031,17.9,2
21,Frem v WB,Caleb Serong,fremantle,12786,resolved,0.833,14.1,3
21,Frem v WB,Josh Treacy,fremantle,12887,resolved,0.674,11.5,4
21,Frem v WB,Ed Richards,western_bulldogs,12605,resolved,0.318,5.3,5
21,Frem v WB,Andrew Brayshaw,fremantle,12589,resolved,0.306,5.1,6
21,Frem v WB,Luke Jackson,fremantle,12779,resolved,0.292,4.8,7
21,Frem v WB,Hayden Young,fremantle,12777,resolved,0.086,1.2,8
21,Frem v WB,Matthew Johnson,fremantle,13047,resolved,0.08,1.0,9
21,Frem v WB,Ryley Sanders,western_bulldogs,13103,resolved,0.075,1.0,14
21,Frem v WB,Jordan Clark,fremantle,12688,resolved,0.075,1.2,11
21,Frem v WB,Tom Liberatore,western_bulldogs,11898,resolved,0.074,1.0,12
21,Frem v WB,Shai Bolton,fremantle,12535,resolved,0.072,1.0,10
21,Frem v WB,Murphy Reid,fremantle,13180,resolved,0.069,0.9,13
21,Frem v WB,Cooper Hynes,western_bulldogs,13213,resolved,0.035,0.4,15
21,Frem v WB,Sam Switkowski,fremantle,12672,resolved,0.034,0.4,16
21,Frem v WB,Luke Ryan,fremantle,12542,resolved,0.03,0.3,17
21,Frem v WB,Lachlan Bramble,western_bulldogs,12916,resolved,0.023,0.2,18
21,Frem v WB,Marcus Bontempelli,western_bulldogs,12269,resolved,0.021,0.2,21
21,Frem v WB,Neil Erasmus,fremantle,12966,resolved,0.02,0.2,20
21,Frem v WB,Michael Frederick,fremantle,12801,resolved,0.019,0.2,19
21,Frem v WB,Heath Chapman,fremantle,12875,resolved,0.01,0.0,24
21,Frem v WB,Tim English,western_bulldogs,12537,resolved,0.01,0.0,22
21,Frem v WB,Nathan O'Driscoll,fremantle,12960,resolved,0.01,0.0,23
21,Frem v WB,Joel Freijah,western_bulldogs,13140,resolved,0.009,0.0,25
21,Frem v WB,Isaiah Dudley,fremantle,13204,resolved,0.005,0.0,26
21,Frem v WB,Patrick Voss,fremantle,13129,resolved,0.003,0.0,27
21,Frem v WB,Judd McVee,fremantle,13033,resolved,0.002,0.0,28
21,Frem v WB,Mason Cox,fremantle,12428,resolved,0.001,0.0,30
21,Frem v WB,Rory Lobb,western_bulldogs,12282,resolved,0.001,0.0,29
21,Frem v WB,Jye Amiss,fremantle,12983,resolved,0.0,0.0,33
21,Frem v WB,Bailey Williams,western_bulldogs,12441,resolved,0.0,0.0,31
21,Frem v WB,Alex Pearce,fremantle,12352,resolved,0.0,0.0,32
21,Frem v WB,Buku Khamis,western_bulldogs,12900,resolved,0.0,0.0,34
21,Frem v WB,Michael Sellwood,western_bulldogs,13276,resolved,0.0,0.0,35
21,Frem v WB,Josh Dolan,western_bulldogs,13179,resolved,0.0,0.0,36
21,Frem v WB,Jedd Busslinger,western_bulldogs,13216,resolved,0.0,0.0,37
21,Frem v WB,James O'Donnell,western_bulldogs,13061,resolved,0.0,0.0,38
21,Frem v WB,Arthur Jones,western_bulldogs,13046,resolved,0.0,0.0,39
21,Frem v WB,Nick Coffield,western_bulldogs,12608,resolved,0.0,0.0,40
21,Frem v WB,Sam Davidson,western_bulldogs,13178,resolved,0.0,0.0,41
21,Frem v WB,Laitham Vandermeer,western_bulldogs,12776,resolved,0.0,0.0,42
21,Frem v WB,Rhylee West,western_bulldogs,12748,resolved,0.0,0.0,43
21,Frem v WB,Matthew Kennedy,western_bulldogs,12455,resolved,0.0,0.0,44
21,Frem v WB,Jordan Croft,western_bulldogs,13265,resolved,0.0,0.0,45
21,Frem v WB,Louis Emmett,western_bulldogs,13308,resolved,0.0,0.0,46
21,GC v Melb,Max Gawn,melbourne,11966,resolved,2.017,37.9,1
21,GC v Melb,Matt Rowell,gold_coast,12768,resolved,1.635,27.7,2
21,GC v Melb,Joel Fitzgerald,melbourne,13335,resolved,0.906,14.1,3
21,GC v Melb,Tom Sparrow,melbourne,12693,resolved,0.551,8.4,4
21,GC v Melb,Jacob van Rooyen,melbourne,13048,resolved,0.364,5.5,5
21,GC v Melb,John Noble,gold_coast,12743,resolved,0.253,3.7,6
21,GC v Melb,Jake Bowey,melbourne,12931,resolved,0.083,1.1,7
21,GC v Melb,Trent Rivers,melbourne,12778,resolved,0.079,0.9,8
21,GC v Melb,Kysaiah Pickett,melbourne,12771,resolved,0.035,0.3,9
21,GC v Melb,Harrison Petty,melbourne,12653,resolved,0.03,0.3,10
21,GC v Melb,Touk Miller,gold_coast,12331,resolved,0.012,0.0,11
21,GC v Melb,Ed Langdon,melbourne,12393,resolved,0.005,0.0,14
21,GC v Melb,Noah Anderson,gold_coast,12767,resolved,0.005,0.0,12
21,GC v Melb,Caleb Windsor,melbourne,13099,resolved,0.005,0.0,13
21,GC v Melb,Koltyn Tholstrup,melbourne,13123,resolved,0.004,0.0,16
21,GC v Melb,Jack Steele,melbourne,12368,resolved,0.004,0.0,15
21,GC v Melb,Jed Walter,gold_coast,13114,resolved,0.002,0.0,17
21,GC v Melb,Beau Addinsall,gold_coast,13341,resolved,0.002,0.0,19
21,GC v Melb,Mac Andrew,gold_coast,13019,resolved,0.002,0.0,18
21,GC v Melb,Bailey Humphrey,gold_coast,13049,resolved,0.002,0.0,22
21,GC v Melb,Tom McDonald,melbourne,12009,resolved,0.001,0.0,21
21,GC v Melb,Harry Sharp,melbourne,12864,resolved,0.001,0.0,20
21,GC v Melb,Harvey Langford,melbourne,13184,resolved,0.001,0.0,23
21,GC v Melb,Ben Long,gold_coast,12521,resolved,0.0,0.0,24
21,GC v Melb,Jake Lever,melbourne,12351,resolved,0.0,0.0,26
21,GC v Melb,Christian Petracca,gold_coast,12430,resolved,0.0,0.0,25
21,GC v Melb,Ethan Read,gold_coast,13121,resolved,0.0,0.0,28
21,GC v Melb,Bayley Fritsch,melbourne,12598,resolved,0.0,0.0,29
21,GC v Melb,Bodhi Uwland,gold_coast,13041,resolved,0.0,0.0,27
21,GC v Melb,Changkuoth Jiath,melbourne,12752,resolved,0.0,0.0,30
21,GC v Melb,Leonardo Lombard,gold_coast,13232,resolved,0.0,0.0,31
21,GC v Melb,Bailey Laurie,melbourne,13032,resolved,0.0,0.0,32
21,GC v Melb,Daniel Rioli,gold_coast,12403,resolved,0.0,0.0,33
21,GC v Melb,Blake Howes,melbourne,13098,resolved,0.0,0.0,34
21,GC v Melb,Ned Moyle,gold_coast,13050,resolved,0.0,0.0,35
21,GC v Melb,Ben King,gold_coast,12728,resolved,0.0,0.0,36
21,GC v Melb,Christian Salem,melbourne,12272,resolved,0.0,0.0,37
21,GC v Melb,Matthew Jefferson,melbourne,13182,resolved,0.0,0.0,38
21,GC v Melb,Wil Powell,gold_coast,12652,resolved,0.0,0.0,39
21,GC v Melb,Charlie Ballard,gold_coast,12625,resolved,0.0,0.0,40
21,GC v Melb,Sam Collins,gold_coast,12444,resolved,0.0,0.0,41
21,GC v Melb,Joel Jeffrey,gold_coast,12933,resolved,0.0,0.0,42
21,GC v Melb,Jai Murray,gold_coast,13332,resolved,0.0,0.0,43
21,GC v Melb,Jake Rogers,gold_coast,13126,resolved,0.0,0.0,44
21,GC v Melb,Paddy Cross,melbourne,13300,resolved,0.0,0.0,45
21,GC v Melb,Dylan Patterson,gold_coast,13346,resolved,0.0,0.0,46
21,Haw v NM,Jai Newcombe,hawthorn,12915,resolved,2.805,81.2,1
21,Haw v NM,Nick Watson,hawthorn,13105,resolved,1.81,17.0,2
21,Haw v NM,Jarman Impey,hawthorn,12237,resolved,0.405,1.1,3
21,Haw v NM,Cam Mackenzie,hawthorn,13031,resolved,0.226,0.3,4
21,Haw v NM,Mabior Chol,hawthorn,12485,resolved,0.173,0.2,5
21,Haw v NM,Luke Davies-Uniacke,north_melbourne,12590,resolved,0.162,0.2,6
21,Haw v NM,Josh Ward,hawthorn,12955,resolved,0.084,0.0,7
21,Haw v NM,Jy Simpkin,north_melbourne,12502,resolved,0.084,0.0,8
21,Haw v NM,Harry Sheezel,north_melbourne,13034,resolved,0.079,0.0,9
21,Haw v NM,Luke Parker,north_melbourne,11953,resolved,0.034,0.0,10
21,Haw v NM,Will Day,hawthorn,12794,resolved,0.032,0.0,11
21,Haw v NM,Blake Hardwick,hawthorn,12469,resolved,0.016,0.0,13
21,Haw v NM,Cooper Trembath,north_melbourne,13263,resolved,0.015,0.0,15
21,Haw v NM,Josh Battle,hawthorn,12558,resolved,0.014,0.0,12
21,Haw v NM,James Sicily,hawthorn,12332,resolved,0.014,0.0,14
21,Haw v NM,Massimo D'Ambrosio,hawthorn,12998,resolved,0.005,0.0,17
21,Haw v NM,Caleb Daniel,north_melbourne,12373,resolved,0.005,0.0,16
21,Haw v NM,Lloyd Meek,hawthorn,12856,resolved,0.005,0.0,18
21,Haw v NM,Josh Weddle,hawthorn,13057,resolved,0.004,0.0,19
21,Haw v NM,Connor Macdonald,hawthorn,12954,resolved,0.004,0.0,20
21,Haw v NM,Tristan Xerri,north_melbourne,12788,resolved,0.004,0.0,21
21,Haw v NM,Colby McKercher,north_melbourne,13107,resolved,0.003,0.0,23
21,Haw v NM,Jack Gunston,hawthorn,11845,resolved,0.003,0.0,22
21,Haw v NM,Tom Barrass,hawthorn,12383,resolved,0.003,0.0,25
21,Haw v NM,Jack Ginnivan,hawthorn,12927,resolved,0.003,0.0,24
21,Haw v NM,Nick Larkey,north_melbourne,12563,resolved,0.002,0.0,26
21,Haw v NM,Josh Goater,north_melbourne,13025,resolved,0.002,0.0,28
21,Haw v NM,Bailey Macdonald,hawthorn,13069,resolved,0.001,0.0,29
21,Haw v NM,Paul Curtis,north_melbourne,12975,resolved,0.001,0.0,27
21,Haw v NM,Griffin Logue,north_melbourne,12511,resolved,0.001,0.0,32
21,Haw v NM,Dylan Stephens,north_melbourne,12796,resolved,0.001,0.0,30
21,Haw v NM,Cameron Zurhaar,north_melbourne,12557,resolved,0.001,0.0,31
21,Haw v NM,Finn O'Sullivan,north_melbourne,13187,resolved,0.0,0.0,33
21,Haw v NM,Charlie Comben,north_melbourne,12938,resolved,0.0,0.0,34
21,Haw v NM,Harry Morrison,hawthorn,12579,resolved,0.0,0.0,35
21,Haw v NM,Dylan Moore,hawthorn,12710,resolved,0.0,0.0,36
21,Haw v NM,Tom Blamires,north_melbourne,13287,resolved,0.0,0.0,37
21,Haw v NM,Aidan Schubert,hawthorn,13358,resolved,0.0,0.0,38
21,Haw v NM,Jack Darling,north_melbourne,11905,resolved,0.0,0.0,39
21,Haw v NM,Aidan Corr,north_melbourne,12181,resolved,0.0,0.0,40
21,Haw v NM,Finn Maginness,hawthorn,12843,resolved,0.0,0.0,41
21,Haw v NM,Bailey Scott,north_melbourne,12701,resolved,0.0,0.0,42
21,Haw v NM,Zac Banch,north_melbourne,13256,resolved,0.0,0.0,43
21,Haw v NM,Charlie Spargo,north_melbourne,12622,resolved,0.0,0.0,44
21,Haw v NM,Oliver Greeves,hawthorn,13350,resolved,0.0,0.0,45
21,Haw v NM,Wil Dawson,north_melbourne,13144,resolved,0.0,0.0,46
21,Port v GWS,Lachie Whitfield,greater_western_sydney,12143,resolved,1.94,35.1,1
21,Port v GWS,Jason Horne-Francis,port_adelaide,12956,resolved,1.683,29.0,2
21,Port v GWS,Stephen Coniglio,greater_western_sydney,12028,resolved,1.325,21.3,3
21,Port v GWS,Jake Stringer,greater_western_sydney,12167,resolved,0.346,5.5,4
21,Port v GWS,Lachie Ash,greater_western_sydney,12782,resolved,0.219,3.4,5
21,Port v GWS,Clayton Oliver,greater_western_sydney,12410,resolved,0.09,1.3,6
21,Port v GWS,Toby Bedford,greater_western_sydney,12772,resolved,0.087,1.2,7
21,Port v GWS,Xavier O'Halloran,greater_western_sydney,12821,resolved,0.077,1.1,8
21,Port v GWS,Ollie Wines,port_adelaide,12150,resolved,0.048,0.6,9
21,Port v GWS,Miles Bergman,port_adelaide,12867,resolved,0.037,0.5,10
21,Port v GWS,Harry Rowston,greater_western_sydney,13045,resolved,0.024,0.3,11
21,Port v GWS,Mitch Georgiades,port_adelaide,12766,resolved,0.021,0.2,12
21,Port v GWS,Jase Burgoyne,port_adelaide,13007,resolved,0.021,0.2,13
21,Port v GWS,Harvey Thomas,greater_western_sydney,13101,resolved,0.021,0.2,14
21,Port v GWS,Nicholas Madden,greater_western_sydney,13236,resolved,0.012,0.1,15
21,Port v GWS,Darcy Byrne-Jones,port_adelaide,12422,resolved,0.009,0.0,16
21,Port v GWS,Aliir Aliir,port_adelaide,12433,resolved,0.007,0.0,17
21,Port v GWS,Ryan Angwin,greater_western_sydney,13001,resolved,0.006,0.0,18
21,Port v GWS,Will Lorenz,port_adelaide,13162,resolved,0.005,0.0,19
21,Port v GWS,Sam Taylor,greater_western_sydney,12644,resolved,0.004,0.0,20
21,Port v GWS,Aaron Cadman,greater_western_sydney,13054,resolved,0.003,0.0,21
21,Port v GWS,Lachie Jones,port_adelaide,12882,resolved,0.003,0.0,22
21,Port v GWS,Joe Berry,port_adelaide,13188,resolved,0.002,0.0,25
21,Port v GWS,Harry Himmelberg,greater_western_sydney,12462,resolved,0.002,0.0,23
21,Port v GWS,Connor Idun,greater_western_sydney,12750,resolved,0.002,0.0,24
21,Port v GWS,Willem Drew,port_adelaide,12695,resolved,0.001,0.0,27
21,Port v GWS,Jayden Laverde,greater_western_sydney,12377,resolved,0.001,0.0,26
21,Port v GWS,Josh Lai,port_adelaide,13301,resolved,0.001,0.0,31
21,Port v GWS,Jordon Sweet,port_adelaide,12890,resolved,0.001,0.0,28
21,Port v GWS,Callum Brown,greater_western_sydney,12910,resolved,0.001,0.0,30
21,Port v GWS,Kieren Briggs,greater_western_sydney,12904,resolved,0.001,0.0,29
21,Port v GWS,Joe Fonti,greater_western_sydney,13164,resolved,0.0,0.0,32
21,Port v GWS,Josaia Delana,greater_western_sydney,13222,resolved,0.0,0.0,33
21,Port v GWS,Max Gruzewski,greater_western_sydney,13158,resolved,0.0,0.0,34
21,Port v GWS,Xavier Bamert,port_adelaide,13337,resolved,0.0,0.0,35
21,Port v GWS,Todd Marshall,port_adelaide,12575,resolved,0.0,0.0,36
21,Port v GWS,Corey Durdin,port_adelaide,12936,resolved,0.0,0.0,37
21,Port v GWS,Jack Ough,greater_western_sydney,13348,resolved,0.0,0.0,38
21,Port v GWS,Jack Watkins,port_adelaide,13289,resolved,0.0,0.0,39
21,Port v GWS,Mitch Zadow,port_adelaide,13305,resolved,0.0,0.0,40
21,Port v GWS,Riley Hamilton,greater_western_sydney,13347,resolved,0.0,0.0,41
21,Port v GWS,Balyn O'Brien,port_adelaide,13354,resolved,0.0,0.0,42
21,Port v GWS,Harrison Ramm,port_adelaide,13270,resolved,0.0,0.0,43
21,Port v GWS,Dante Visentini,port_adelaide,13073,resolved,0.0,0.0,44
21,Port v GWS,Christian Moraes,port_adelaide,13199,resolved,0.0,0.0,45
21,Port v GWS,Jack Whitlock,port_adelaide,13259,resolved,0.0,0.0,46
21,Rich v WC,Tim Taranto,richmond,12504,resolved,2.686,69.9,1
21,Rich v WC,Harley Reid,west_coast,13111,resolved,2.14,28.4,2
21,Rich v WC,Jack Ross,richmond,,unresolved,0.488,1.3,3
21,Rich v WC,Marcus Herbert,west_coast,13339,resolved,0.227,0.4,4
21,Rich v WC,Sam Lalor,richmond,13190,resolved,0.108,0.1,5
21,Rich v WC,Tom Lynch,richmond,11948,resolved,0.086,0.0,6
21,Rich v WC,Tim Kelly,west_coast,12595,resolved,0.079,0.0,7
21,Rich v WC,Elliot Yeo,west_coast,12087,resolved,0.035,0.0,8
21,Rich v WC,Toby Nankervis,richmond,12374,resolved,0.032,0.0,9
21,Rich v WC,Hugo Ralphsmith,richmond,12902,resolved,0.021,0.0,10
21,Rich v WC,Tyler Sonsie,richmond,13014,resolved,0.015,0.0,11
21,Rich v WC,Patrick Retschko,richmond,13313,resolved,0.013,0.0,12
21,Rich v WC,Tom Brown,richmond,13096,resolved,0.008,0.0,13
21,Rich v WC,Tom McCarthy,west_coast,13240,resolved,0.008,0.0,14
21,Rich v WC,Dion Prestia,richmond,11917,resolved,0.007,0.0,15
21,Rich v WC,Jack Graham,west_coast,,unresolved,0.007,0.0,16
21,Rich v WC,Jake Waterman,west_coast,12601,resolved,0.005,0.0,17
21,Rich v WC,Nick Vlastuin,richmond,12174,resolved,0.005,0.0,20
21,Rich v WC,Jayden Short,richmond,12418,resolved,0.004,0.0,18
21,Rich v WC,Sam Banks,richmond,13078,resolved,0.004,0.0,19
21,Rich v WC,Bailey J. Williams,west_coast,,unresolved,0.003,0.0,23
21,Rich v WC,Nathan Broad,richmond,12456,resolved,0.003,0.0,21
21,Rich v WC,Kye Annand,richmond,13338,resolved,0.003,0.0,22
21,Rich v WC,Ben Miller,richmond,12941,resolved,0.002,0.0,24
21,Rich v WC,Luke Trainor,richmond,13191,resolved,0.002,0.0,25
21,Rich v WC,Seth Campbell,richmond,13100,resolved,0.002,0.0,26
21,Rich v WC,Willem Duursma,west_coast,13292,resolved,0.001,0.0,27
21,Rich v WC,Jobe Shanahan,west_coast,13247,resolved,0.001,0.0,29
21,Rich v WC,Ryan Maric,west_coast,13070,resolved,0.001,0.0,28
21,Rich v WC,Cooper Duff-Tytler,west_coast,13291,resolved,0.001,0.0,31
21,Rich v WC,Brandon Starcevich,west_coast,12668,resolved,0.001,0.0,32
21,Rich v WC,Brady Hough,west_coast,12957,resolved,0.001,0.0,30
21,Rich v WC,Liam Duggan,west_coast,12334,resolved,0.001,0.0,33
21,Rich v WC,Mykelti Lefau,richmond,13113,resolved,0.0,0.0,34
21,Rich v WC,Milan Murdock,west_coast,13294,resolved,0.0,0.0,35
21,Rich v WC,Taj Hotton,richmond,13253,resolved,0.0,0.0,36
21,Rich v WC,Sam Grlj,richmond,13290,resolved,0.0,0.0,37
21,Rich v WC,Jack Williams,west_coast,,unresolved,0.0,0.0,38
21,Rich v WC,Sam Cumming,richmond,13316,resolved,0.0,0.0,39
21,Rich v WC,Tom Cole,west_coast,12446,resolved,0.0,0.0,40
21,Rich v WC,Bo Allan,west_coast,13221,resolved,0.0,0.0,41
21,Rich v WC,Sandy Brock,west_coast,13209,resolved,0.0,0.0,42
21,Rich v WC,Tylar Young,west_coast,13043,resolved,0.0,0.0,43
21,Rich v WC,Rhett Bazzo,west_coast,13000,resolved,0.0,0.0,44
21,Rich v WC,Harvey Johnston,west_coast,13136,resolved,0.0,0.0,45
21,Rich v WC,Samson Ryan,richmond,12918,resolved,0.0,0.0,46
21,St K v Syd,Errol Gulden,sydney,12862,resolved,2.733,75.1,1
21,St K v Syd,Chad Warner,sydney,12797,resolved,1.806,20.2,2
21,St K v Syd,Nasiah Wanganeen-Milera,st_kilda,12950,resolved,0.659,3.0,3
21,St K v Syd,Isaac Heeney,sydney,12326,resolved,0.222,0.7,4
21,St K v Syd,Max Hall,st_kilda,13193,resolved,0.211,0.5,5
21,St K v Syd,Brodie Grundy,sydney,12217,resolved,0.113,0.2,6
21,St K v Syd,Nick Blakey,sydney,12699,resolved,0.084,0.1,7
21,St K v Syd,Callum Wilkie,st_kilda,12703,resolved,0.051,0.0,8
21,St K v Syd,Logan McDonald,sydney,12861,resolved,0.038,0.0,9
21,St K v Syd,Tom McCartin,sydney,12627,resolved,0.013,0.0,10
21,St K v Syd,Charlie Curnow,sydney,12421,resolved,0.01,0.0,11
21,St K v Syd,Matt Roberts,sydney,12994,resolved,0.008,0.0,12
21,St K v Syd,Riley Bice,sydney,13195,resolved,0.007,0.0,13
21,St K v Syd,Bradley Hill,st_kilda,12060,resolved,0.007,0.0,14
21,St K v Syd,Liam Stocker,st_kilda,12721,resolved,0.004,0.0,16
21,St K v Syd,Billy Cootee,sydney,13317,resolved,0.004,0.0,15
21,St K v Syd,Callum Mills,sydney,12413,resolved,0.004,0.0,17
21,St K v Syd,Braeden Campbell,sydney,12863,resolved,0.003,0.0,18
21,St K v Syd,Jai Serong,sydney,13022,resolved,0.003,0.0,19
21,St K v Syd,Mason Wood,st_kilda,12312,resolved,0.003,0.0,20
21,St K v Syd,James Jordon,sydney,12860,resolved,0.002,0.0,22
21,St K v Syd,Jake Lloyd,sydney,12268,resolved,0.002,0.0,21
21,St K v Syd,Dane Rampe,sydney,12140,resolved,0.002,0.0,23
21,St K v Syd,Rowan Marshall,st_kilda,12564,resolved,0.001,0.0,25
21,St K v Syd,Hugh Boxshall,st_kilda,13220,resolved,0.001,0.0,28
21,St K v Syd,Hugo Garcia,st_kilda,13125,resolved,0.001,0.0,26
21,St K v Syd,Mattaes Phillipou,st_kilda,13036,resolved,0.001,0.0,24
21,St K v Syd,Ryan Byrnes,st_kilda,12802,resolved,0.001,0.0,27
21,St K v Syd,Hunter Clark,st_kilda,12591,resolved,0.001,0.0,31
21,St K v Syd,Darcy Wilson,st_kilda,13110,resolved,0.001,0.0,34
21,St K v Syd,Tom Papley,sydney,12412,resolved,0.001,0.0,30
21,St K v Syd,William Edwards,sydney,13318,resolved,0.001,0.0,32
21,St K v Syd,Tom De Koning,st_kilda,12674,resolved,0.001,0.0,29
21,St K v Syd,Mitch Owens,st_kilda,12948,resolved,0.0,0.0,33
21,St K v Syd,Jack Silvagni,st_kilda,12458,resolved,0.0,0.0,35
21,St K v Syd,Marcus Windhager,st_kilda,12967,resolved,0.0,0.0,36
21,St K v Syd,Campbell Lake,st_kilda,13331,resolved,0.0,0.0,37
21,St K v Syd,Harry Kyle,sydney,13327,resolved,0.0,0.0,38
21,St K v Syd,Jack Higgins,st_kilda,12609,resolved,0.0,0.0,39
21,St K v Syd,Malcolm Rosas,sydney,12903,resolved,0.0,0.0,40
21,St K v Syd,Hayden McLean,sydney,12745,resolved,0.0,0.0,41
21,St K v Syd,James Rowbottom,sydney,12714,resolved,0.0,0.0,42
21,St K v Syd,Liam O'Connell,st_kilda,13194,resolved,0.0,0.0,43
21,St K v Syd,Tobie Travaglia,st_kilda,13206,resolved,0.0,0.0,44
21,St K v Syd,Anthony Caminiti,st_kilda,13035,resolved,0.0,0.0,45
21,St K v Syd,Liam Ryan,st_kilda,12600,resolved,0.0,0.0,46
22,Adel v Rich,Izak Rankine,adelaide,12798,resolved,2.656,65.8,1
22,Adel v Rich,Jordan Dawson,adelaide,12516,resolved,2.32,34.1,2
22,Adel v Rich,Jack Ross,richmond,,unresolved,0.357,0.1,3
22,Adel v Rich,Sam Berry,adelaide,12849,resolved,0.246,0.0,4
22,Adel v Rich,Seth Campbell,richmond,13100,resolved,0.087,0.0,5
22,Adel v Rich,Tim Taranto,richmond,12504,resolved,0.058,0.0,6
22,Adel v Rich,Reilly O'Brien,adelaide,12473,resolved,0.031,0.0,7
22,Adel v Rich,Nick Vlastuin,richmond,12174,resolved,0.029,0.0,8
22,Adel v Rich,Alex Neal-Bullen,adelaide,12367,resolved,0.027,0.0,9
22,Adel v Rich,Brayden Cook,adelaide,12932,resolved,0.021,0.0,10
22,Adel v Rich,Ben Miller,richmond,12941,resolved,0.017,0.0,11
22,Adel v Rich,James Peatling,adelaide,12934,resolved,0.015,0.0,12
22,Adel v Rich,Callum Ah Chee,adelaide,12414,resolved,0.013,0.0,13
22,Adel v Rich,Daniel Curtin,adelaide,13132,resolved,0.01,0.0,16
22,Adel v Rich,Rory Laird,adelaide,12165,resolved,0.01,0.0,14
22,Adel v Rich,Taylor Walker,adelaide,11713,resolved,0.01,0.0,15
22,Adel v Rich,Patrick Retschko,richmond,13313,resolved,0.009,0.0,17
22,Adel v Rich,Josh Worrell,adelaide,12912,resolved,0.008,0.0,18
22,Adel v Rich,Isaac Cumming,adelaide,12629,resolved,0.007,0.0,19
22,Adel v Rich,Hugo Hall-Kahan,adelaide,13328,resolved,0.006,0.0,23
22,Adel v Rich,Toby Nankervis,richmond,12374,resolved,0.006,0.0,22
22,Adel v Rich,Billy Dowling,adelaide,13150,resolved,0.006,0.0,21
22,Adel v Rich,Oscar Ryan,adelaide,13357,resolved,0.006,0.0,20
22,Adel v Rich,Mark Keane,adelaide,12809,resolved,0.004,0.0,24
22,Adel v Rich,Riley Thilthorpe,adelaide,12892,resolved,0.004,0.0,25
22,Adel v Rich,Tom Brown,richmond,13096,resolved,0.004,0.0,27
22,Adel v Rich,Jayden Short,richmond,12418,resolved,0.003,0.0,26
22,Adel v Rich,Zac Taylor,adelaide,13159,resolved,0.003,0.0,29
22,Adel v Rich,Hugo Ralphsmith,richmond,12902,resolved,0.003,0.0,28
22,Adel v Rich,Mykelti Lefau,richmond,13113,resolved,0.003,0.0,32
22,Adel v Rich,Nathan Broad,richmond,12456,resolved,0.003,0.0,31
22,Adel v Rich,Kye Annand,richmond,13338,resolved,0.003,0.0,33
22,Adel v Rich,Dion Prestia,richmond,11917,resolved,0.002,0.0,30
22,Adel v Rich,Josh Rachele,adelaide,12953,resolved,0.002,0.0,35
22,Adel v Rich,Judson Clarke,richmond,12997,resolved,0.002,0.0,38
22,Adel v Rich,Taj Hotton,richmond,13253,resolved,0.002,0.0,36
22,Adel v Rich,Max Michalanney,adelaide,13027,resolved,0.002,0.0,34
22,Adel v Rich,Steely Green,richmond,13145,resolved,0.001,0.0,39
22,Adel v Rich,Ben Keays,adelaide,12434,resolved,0.001,0.0,37
22,Adel v Rich,Sam Grlj,richmond,13290,resolved,0.0,0.0,40
22,Adel v Rich,Sam Banks,richmond,13078,resolved,0.0,0.0,41
22,Adel v Rich,Sam Lalor,richmond,13190,resolved,0.0,0.0,42
22,Adel v Rich,Tom Lynch,richmond,11948,resolved,0.0,0.0,43
22,Adel v Rich,Samson Ryan,richmond,12918,resolved,0.0,0.0,44
22,Adel v Rich,Archie Ludowyke,adelaide,13356,resolved,0.0,0.0,45
22,Adel v Rich,Tyler Sonsie,richmond,13014,resolved,0.0,0.0,46
22,Bris v Haw,Kai Lohmann,brisbane_lions,12968,resolved,2.381,52.1,1
22,Bris v Haw,Will Ashcroft,brisbane_lions,13040,resolved,1.811,27.3,2
22,Bris v Haw,Lachie Neale,brisbane_lions,12055,resolved,1.325,16.7,3
22,Bris v Haw,Logan Morris,brisbane_lions,13137,resolved,0.348,3.7,4
22,Bris v Haw,Harris Andrews,brisbane_lions,12340,resolved,0.039,0.2,5
22,Bris v Haw,Josh Dunkley,brisbane_lions,12408,resolved,0.02,0.0,6
22,Bris v Haw,Jai Newcombe,hawthorn,12915,resolved,0.012,0.0,7
22,Bris v Haw,Dayne Zorko,brisbane_lions,12076,resolved,0.012,0.0,8
22,Bris v Haw,Levi Ashcroft,brisbane_lions,13197,resolved,0.01,0.0,9
22,Bris v Haw,Charlie Cameron,brisbane_lions,,unresolved,0.008,0.0,10
22,Bris v Haw,Zac Bailey,brisbane_lions,12610,resolved,0.008,0.0,12
22,Bris v Haw,Josh Ward,hawthorn,12955,resolved,0.007,0.0,11
22,Bris v Haw,Jarrod Berry,brisbane_lions,12519,resolved,0.006,0.0,13
22,Bris v Haw,Cam Rayner,brisbane_lions,12592,resolved,0.005,0.0,14
22,Bris v Haw,Cam Mackenzie,hawthorn,13031,resolved,0.002,0.0,15
22,Bris v Haw,Darcy Wilmot,brisbane_lions,13026,resolved,0.001,0.0,16
22,Bris v Haw,Sam Draper,brisbane_lions,12810,resolved,0.001,0.0,17
22,Bris v Haw,Eric Hipwood,brisbane_lions,12454,resolved,0.001,0.0,18
22,Bris v Haw,Jaspa Fletcher,brisbane_lions,13072,resolved,0.001,0.0,19
22,Bris v Haw,Darcy Fort,brisbane_lions,12724,resolved,0.001,0.0,21
22,Bris v Haw,Ryan Lester,brisbane_lions,11894,resolved,0.0,0.0,22
22,Bris v Haw,Noah Answerth,brisbane_lions,12718,resolved,0.0,0.0,20
22,Bris v Haw,Conor McKenna,brisbane_lions,12391,resolved,0.0,0.0,23
22,Bris v Haw,Massimo D'Ambrosio,hawthorn,12998,resolved,0.0,0.0,24
22,Bris v Haw,Blake Hardwick,hawthorn,12469,resolved,0.0,0.0,25
22,Bris v Haw,Josh Battle,hawthorn,12558,resolved,0.0,0.0,26
22,Bris v Haw,James Sicily,hawthorn,12332,resolved,0.0,0.0,27
22,Bris v Haw,Dylan Moore,hawthorn,12710,resolved,0.0,0.0,28
22,Bris v Haw,Josh Weddle,hawthorn,13057,resolved,0.0,0.0,29
22,Bris v Haw,Daniel Annable,brisbane_lions,13295,resolved,0.0,0.0,30
22,Bris v Haw,Will Day,hawthorn,12794,resolved,0.0,0.0,31
22,Bris v Haw,Darcy Gardiner,brisbane_lions,12267,resolved,0.0,0.0,32
22,Bris v Haw,Jack Ginnivan,hawthorn,12927,resolved,0.0,0.0,33
22,Bris v Haw,Oscar Allen,brisbane_lions,12655,resolved,0.0,0.0,34
22,Bris v Haw,Karl Amon,hawthorn,12357,resolved,0.0,0.0,35
22,Bris v Haw,Connor Macdonald,hawthorn,12954,resolved,0.0,0.0,36
22,Bris v Haw,Jack Gunston,hawthorn,11845,resolved,0.0,0.0,37
22,Bris v Haw,Lloyd Meek,hawthorn,12856,resolved,0.0,0.0,38
22,Bris v Haw,Jarman Impey,hawthorn,12237,resolved,0.0,0.0,39
22,Bris v Haw,Sam Butler,hawthorn,12988,resolved,0.0,0.0,40
22,Bris v Haw,Harry Morrison,hawthorn,12579,resolved,0.0,0.0,41
22,Bris v Haw,Mitch Lewis,hawthorn,12636,resolved,0.0,0.0,42
22,Bris v Haw,Nick Watson,hawthorn,13105,resolved,0.0,0.0,43
22,Bris v Haw,Ned Reeves,hawthorn,12906,resolved,0.0,0.0,44
22,Bris v Haw,Tom Barrass,hawthorn,12383,resolved,0.0,0.0,45
22,Bris v Haw,Mabior Chol,hawthorn,12485,resolved,0.0,0.0,46
22,Geel v Ess,Bailey Smith,geelong,12692,resolved,2.752,76.4,1
22,Geel v Ess,Oliver Dempsey,geelong,12974,resolved,1.873,20.2,2
22,Geel v Ess,Oliver Henry,geelong,12851,resolved,0.747,3.2,3
22,Geel v Ess,Tom Stewart,geelong,12505,resolved,0.132,0.2,4
22,Geel v Ess,Mark Blicavs,geelong,12153,resolved,0.071,0.0,5
22,Geel v Ess,James Worpel,geelong,12619,resolved,0.064,0.0,6
22,Geel v Ess,Zach Merrett,essendon,12241,resolved,0.063,0.0,7
22,Geel v Ess,Oisin Mullin,geelong,13066,resolved,0.05,0.0,8
22,Geel v Ess,Shannon Neale,geelong,12992,resolved,0.05,0.0,9
22,Geel v Ess,Shaun Mannagh,geelong,13104,resolved,0.028,0.0,10
22,Geel v Ess,Tom Atkins,geelong,12690,resolved,0.025,0.0,11
22,Geel v Ess,Lawson Humphries,geelong,13160,resolved,0.021,0.0,12
22,Geel v Ess,Jhye Clark,geelong,13062,resolved,0.021,0.0,13
22,Geel v Ess,Dyson Sharp,essendon,13283,resolved,0.02,0.0,14
22,Geel v Ess,Tanner Bruhn,geelong,12871,resolved,0.017,0.0,16
22,Geel v Ess,Sam De Koning,geelong,12891,resolved,0.016,0.0,15
22,Geel v Ess,Jack Henry,geelong,12607,resolved,0.014,0.0,17
22,Geel v Ess,Jack Martin,geelong,12236,resolved,0.007,0.0,18
22,Geel v Ess,Vigo Visentini,essendon,13241,resolved,0.005,0.0,19
22,Geel v Ess,Connor O'Sullivan,geelong,13122,resolved,0.005,0.0,20
22,Geel v Ess,Brad Close,geelong,12806,resolved,0.004,0.0,21
22,Geel v Ess,Zach Guthrie,geelong,12551,resolved,0.003,0.0,22
22,Geel v Ess,Oliver Wiltshire,geelong,13217,resolved,0.002,0.0,23
22,Geel v Ess,Andrew McGrath,essendon,12491,resolved,0.002,0.0,27
22,Geel v Ess,Jye Caldwell,essendon,12755,resolved,0.001,0.0,29
22,Geel v Ess,Mark O'Connor,geelong,12531,resolved,0.001,0.0,24
22,Geel v Ess,Gryan Miers,geelong,12689,resolved,0.001,0.0,25
22,Geel v Ess,Will Setterfield,essendon,12567,resolved,0.001,0.0,26
22,Geel v Ess,Archie Roberts,essendon,13168,resolved,0.001,0.0,28
22,Geel v Ess,Jay Polkinghorne,geelong,13353,resolved,0.001,0.0,30
22,Geel v Ess,Jacob Farrow,essendon,13299,resolved,0.001,0.0,31
22,Geel v Ess,Jaxon Prior,essendon,12874,resolved,0.001,0.0,32
22,Geel v Ess,Archie Perkins,essendon,12879,resolved,0.001,0.0,33
22,Geel v Ess,Nate Caddy,essendon,13148,resolved,0.0,0.0,34
22,Geel v Ess,Peter Wright,essendon,12366,resolved,0.0,0.0,35
22,Geel v Ess,Kyle Langford,essendon,12349,resolved,0.0,0.0,36
22,Geel v Ess,Jaxon Artemis,essendon,13352,resolved,0.0,0.0,37
22,Geel v Ess,Sam Durham,essendon,12925,resolved,0.0,0.0,38
22,Geel v Ess,Mason Redman,essendon,12437,resolved,0.0,0.0,39
22,Geel v Ess,Max Kondogiannis,essendon,13282,resolved,0.0,0.0,40
22,Geel v Ess,Zak Johnson,essendon,13231,resolved,0.0,0.0,41
22,Geel v Ess,Zach Reid,essendon,12889,resolved,0.0,0.0,42
22,Geel v Ess,Archer Day-Wicks,essendon,13223,resolved,0.0,0.0,43
22,Geel v Ess,Hussien El Achkar,essendon,13281,resolved,0.0,0.0,44
22,Geel v Ess,Isaac Kako,essendon,13177,resolved,0.0,0.0,45
22,Geel v Ess,Rhys Unwin,essendon,13264,resolved,0.0,0.0,46
22,GWS v GC,Matt Rowell,gold_coast,12768,resolved,2.966,96.6,1
22,GWS v GC,Touk Miller,gold_coast,12331,resolved,1.961,3.4,2
22,GWS v GC,Noah Anderson,gold_coast,12767,resolved,0.233,0.0,3
22,GWS v GC,Toby Greene,greater_western_sydney,12025,resolved,0.149,0.0,4
22,GWS v GC,Bailey Humphrey,gold_coast,13049,resolved,0.099,0.0,5
22,GWS v GC,Ned Moyle,gold_coast,13050,resolved,0.064,0.0,6
22,GWS v GC,Lachie Whitfield,greater_western_sydney,12143,resolved,0.064,0.0,8
22,GWS v GC,Wil Powell,gold_coast,12652,resolved,0.062,0.0,7
22,GWS v GC,Josaia Delana,greater_western_sydney,13222,resolved,0.056,0.0,10
22,GWS v GC,Clayton Oliver,greater_western_sydney,12410,resolved,0.056,0.0,9
22,GWS v GC,Mac Andrew,gold_coast,13019,resolved,0.042,0.0,11
22,GWS v GC,Harry Rowston,greater_western_sydney,13045,resolved,0.039,0.0,13
22,GWS v GC,Bodhi Uwland,gold_coast,13041,resolved,0.039,0.0,12
22,GWS v GC,Leonardo Lombard,gold_coast,13232,resolved,0.031,0.0,14
22,GWS v GC,Xavier O'Halloran,greater_western_sydney,12821,resolved,0.013,0.0,16
22,GWS v GC,Daniel Rioli,gold_coast,12403,resolved,0.013,0.0,17
22,GWS v GC,Stephen Coniglio,greater_western_sydney,12028,resolved,0.012,0.0,18
22,GWS v GC,Harvey Thomas,greater_western_sydney,13101,resolved,0.011,0.0,19
22,GWS v GC,Lachie Ash,greater_western_sydney,12782,resolved,0.01,0.0,15
22,GWS v GC,Ben King,gold_coast,12728,resolved,0.008,0.0,20
22,GWS v GC,John Noble,gold_coast,12743,resolved,0.008,0.0,21
22,GWS v GC,Christian Petracca,gold_coast,12430,resolved,0.008,0.0,22
22,GWS v GC,Sam Clohesy,gold_coast,13119,resolved,0.006,0.0,24
22,GWS v GC,Aaron Cadman,greater_western_sydney,13054,resolved,0.006,0.0,25
22,GWS v GC,Callum Brown,greater_western_sydney,12910,resolved,0.005,0.0,23
22,GWS v GC,Charlie Ballard,gold_coast,12625,resolved,0.005,0.0,26
22,GWS v GC,Joe Fonti,greater_western_sydney,13164,resolved,0.004,0.0,27
22,GWS v GC,Max Gruzewski,greater_western_sydney,13158,resolved,0.004,0.0,28
22,GWS v GC,Ethan Read,gold_coast,13121,resolved,0.004,0.0,29
22,GWS v GC,Lachlan Gulbin,gold_coast,13272,resolved,0.004,0.0,30
22,GWS v GC,Joel Jeffrey,gold_coast,12933,resolved,0.003,0.0,32
22,GWS v GC,Kieren Briggs,greater_western_sydney,12904,resolved,0.003,0.0,31
22,GWS v GC,Jed Walter,gold_coast,13114,resolved,0.002,0.0,33
22,GWS v GC,Jake Stringer,greater_western_sydney,12167,resolved,0.002,0.0,34
22,GWS v GC,Harry Himmelberg,greater_western_sydney,12462,resolved,0.002,0.0,35
22,GWS v GC,Ryan Angwin,greater_western_sydney,13001,resolved,0.002,0.0,36
22,GWS v GC,Connor Idun,greater_western_sydney,12750,resolved,0.002,0.0,38
22,GWS v GC,Zeke Uwland,gold_coast,13278,resolved,0.001,0.0,39
22,GWS v GC,Ben Long,gold_coast,12521,resolved,0.001,0.0,40
22,GWS v GC,Riley Hamilton,greater_western_sydney,13347,resolved,0.001,0.0,37
22,GWS v GC,Sam Taylor,greater_western_sydney,12644,resolved,0.001,0.0,41
22,GWS v GC,Nicholas Madden,greater_western_sydney,13236,resolved,0.0,0.0,42
22,GWS v GC,Jayden Laverde,greater_western_sydney,12377,resolved,0.0,0.0,43
22,GWS v GC,Jake Rogers,gold_coast,13126,resolved,0.0,0.0,44
22,GWS v GC,Toby Bedford,greater_western_sydney,12772,resolved,0.0,0.0,45
22,GWS v GC,Jy Farrar,gold_coast,12848,resolved,0.0,0.0,46
22,Melb v Frem,Kysaiah Pickett,melbourne,12771,resolved,2.771,79.6,1
22,Melb v Frem,Tom Sparrow,melbourne,12693,resolved,1.164,11.5,2
22,Melb v Frem,Jye Amiss,fremantle,12983,resolved,0.626,4.7,3
22,Melb v Frem,Harry Sharp,melbourne,12864,resolved,0.356,2.0,4
22,Melb v Frem,Luke Jackson,fremantle,12779,resolved,0.248,1.3,5
22,Melb v Frem,Max Gawn,melbourne,11966,resolved,0.097,0.2,6
22,Melb v Frem,Matthew Johnson,fremantle,13047,resolved,0.093,0.2,7
22,Melb v Frem,Patrick Voss,fremantle,13129,resolved,0.087,0.2,8
22,Melb v Frem,Jake Bowey,melbourne,12931,resolved,0.078,0.1,9
22,Melb v Frem,Andrew Brayshaw,fremantle,12589,resolved,0.068,0.1,10
22,Melb v Frem,Trent Rivers,melbourne,12778,resolved,0.059,0.0,11
22,Melb v Frem,Caleb Serong,fremantle,12786,resolved,0.052,0.0,12
22,Melb v Frem,Jack Steele,melbourne,12368,resolved,0.041,0.0,14
22,Melb v Frem,Harvey Langford,melbourne,13184,resolved,0.04,0.0,13
22,Melb v Frem,Bailey Laurie,melbourne,13032,resolved,0.032,0.0,15
22,Melb v Frem,Shai Bolton,fremantle,12535,resolved,0.026,0.0,16
22,Melb v Frem,Koltyn Tholstrup,melbourne,13123,resolved,0.024,0.0,17
22,Melb v Frem,Hayden Young,fremantle,12777,resolved,0.023,0.0,18
22,Melb v Frem,Harrison Petty,melbourne,12653,resolved,0.021,0.0,19
22,Melb v Frem,Bayley Fritsch,melbourne,12598,resolved,0.018,0.0,20
22,Melb v Frem,Josh Treacy,fremantle,12887,resolved,0.014,0.0,21
22,Melb v Frem,Changkuoth Jiath,melbourne,12752,resolved,0.012,0.0,23
22,Melb v Frem,Daniel Turner,melbourne,12996,resolved,0.012,0.0,22
22,Melb v Frem,Joel Fitzgerald,melbourne,13335,resolved,0.008,0.0,24
22,Melb v Frem,Luke Ryan,fremantle,12542,resolved,0.006,0.0,25
22,Melb v Frem,Murphy Reid,fremantle,13180,resolved,0.005,0.0,27
22,Melb v Frem,Jordan Clark,fremantle,12688,resolved,0.005,0.0,26
22,Melb v Frem,Brennan Cox,fremantle,12544,resolved,0.004,0.0,28
22,Melb v Frem,Caleb Windsor,melbourne,13099,resolved,0.002,0.0,29
22,Melb v Frem,Heath Chapman,fremantle,12875,resolved,0.002,0.0,32
22,Melb v Frem,Karl Worner,fremantle,13075,resolved,0.002,0.0,31
22,Melb v Frem,Isaiah Dudley,fremantle,13204,resolved,0.002,0.0,30
22,Melb v Frem,Neil Erasmus,fremantle,12966,resolved,0.001,0.0,33
22,Melb v Frem,Jacob van Rooyen,melbourne,13048,resolved,0.001,0.0,34
22,Melb v Frem,Judd McVee,fremantle,13033,resolved,0.0,0.0,36
22,Melb v Frem,Nathan O'Driscoll,fremantle,12960,resolved,0.0,0.0,35
22,Melb v Frem,Ed Langdon,melbourne,12393,resolved,0.0,0.0,37
22,Melb v Frem,Jake Lever,melbourne,12351,resolved,0.0,0.0,38
22,Melb v Frem,Mason Cox,fremantle,12428,resolved,0.0,0.0,39
22,Melb v Frem,Kade Chandler,melbourne,12756,resolved,0.0,0.0,40
22,Melb v Frem,Sam Switkowski,fremantle,12672,resolved,0.0,0.0,41
22,Melb v Frem,Tom McDonald,melbourne,12009,resolved,0.0,0.0,42
22,Melb v Frem,Oscar McDonald,fremantle,12394,resolved,0.0,0.0,43
22,Melb v Frem,Christian Salem,melbourne,12272,resolved,0.0,0.0,44
22,Melb v Frem,Matthew Jefferson,melbourne,13182,resolved,0.0,0.0,45
22,Melb v Frem,Michael Frederick,fremantle,12801,resolved,0.0,0.0,46
22,St K v Carl,Marc Pittonet,carlton,12417,resolved,1.246,20.4,1
22,St K v Carl,Patrick Cripps,carlton,12261,resolved,1.145,18.8,2
22,St K v Carl,Max Hall,st_kilda,13193,resolved,1.048,17.6,3
22,St K v Carl,Francis Evans,carlton,12873,resolved,0.875,14.5,4
22,St K v Carl,Sam Walsh,carlton,12684,resolved,0.561,9.8,5
22,St K v Carl,George Hewett,carlton,12411,resolved,0.333,6.0,6
22,St K v Carl,Oliver Florent,carlton,12497,resolved,0.284,5.1,7
22,St K v Carl,Jagga Smith,carlton,13274,resolved,0.104,1.9,8
22,St K v Carl,Will Hayward,carlton,12509,resolved,0.095,1.6,9
22,St K v Carl,Harry McKay,carlton,12566,resolved,0.067,1.1,10
22,St K v Carl,Adam Cerra,carlton,12603,resolved,0.058,1.0,11
22,St K v Carl,Nick Haynes,carlton,12091,resolved,0.034,0.5,12
22,St K v Carl,Blake Acres,carlton,12276,resolved,0.028,0.4,13
22,St K v Carl,Darcy Wilson,st_kilda,13110,resolved,0.019,0.3,15
22,St K v Carl,Billy Wilson,carlton,,unresolved,0.018,0.2,14
22,St K v Carl,Mitch McGovern,carlton,12404,resolved,0.014,0.2,17
22,St K v Carl,Cooper Lord,carlton,13170,resolved,0.012,0.2,16
22,St K v Carl,Lachlan Cowan,carlton,13028,resolved,0.011,0.1,18
22,St K v Carl,Bradley Hill,st_kilda,12060,resolved,0.011,0.1,20
22,St K v Carl,Wade Derksen,carlton,13303,resolved,0.011,0.1,19
22,St K v Carl,Ben Ainsworth,carlton,12498,resolved,0.006,0.0,21
22,St K v Carl,Marcus Windhager,st_kilda,12967,resolved,0.005,0.0,22
22,St K v Carl,Brodie Kemp,carlton,12937,resolved,0.004,0.0,23
22,St K v Carl,Harry Dean,carlton,13273,resolved,0.002,0.0,28
22,St K v Carl,Liam Stocker,st_kilda,12721,resolved,0.002,0.0,27
22,St K v Carl,Hugo Garcia,st_kilda,13125,resolved,0.002,0.0,24
22,St K v Carl,Hugh Boxshall,st_kilda,13220,resolved,0.002,0.0,26
22,St K v Carl,Talor Byrne,carlton,13297,resolved,0.001,0.0,25
22,St K v Carl,Matthew Cottrell,carlton,12822,resolved,0.001,0.0,29
22,St K v Carl,Mitch Owens,st_kilda,12948,resolved,0.0,0.0,31
22,St K v Carl,Ryan Byrnes,st_kilda,12802,resolved,0.0,0.0,32
22,St K v Carl,Lewis Young,carlton,12559,resolved,0.0,0.0,30
22,St K v Carl,Rowan Marshall,st_kilda,12564,resolved,0.0,0.0,33
22,St K v Carl,Jack Higgins,st_kilda,12609,resolved,0.0,0.0,34
22,St K v Carl,Mattaes Phillipou,st_kilda,13036,resolved,0.0,0.0,35
22,St K v Carl,Anthony Caminiti,st_kilda,13035,resolved,0.0,0.0,36
22,St K v Carl,Cooper Sharman,st_kilda,12929,resolved,0.0,0.0,37
22,St K v Carl,Callum Wilkie,st_kilda,12703,resolved,0.0,0.0,38
22,St K v Carl,Tom De Koning,st_kilda,12674,resolved,0.0,0.0,39
22,St K v Carl,Mason Wood,st_kilda,12312,resolved,0.0,0.0,40
22,St K v Carl,Liam Ryan,st_kilda,12600,resolved,0.0,0.0,41
22,St K v Carl,Jack Silvagni,st_kilda,12458,resolved,0.0,0.0,42
22,St K v Carl,Hunter Clark,st_kilda,12591,resolved,0.0,0.0,43
22,St K v Carl,Liam O'Connell,st_kilda,13194,resolved,0.0,0.0,44
22,St K v Carl,Nasiah Wanganeen-Milera,st_kilda,12950,resolved,0.0,0.0,45
22,St K v Carl,Campbell Lake,st_kilda,13331,resolved,0.0,0.0,46
22,Syd v Port,Errol Gulden,sydney,12862,resolved,2.605,64.2,1
22,Syd v Port,Chad Warner,sydney,12797,resolved,2.074,31.2,2
22,Syd v Port,Charlie Curnow,sydney,12421,resolved,0.487,2.8,3
22,Syd v Port,Jai Serong,sydney,13022,resolved,0.178,0.7,4
22,Syd v Port,Nick Blakey,sydney,12699,resolved,0.165,0.6,5
22,Syd v Port,Isaac Heeney,sydney,12326,resolved,0.111,0.4,6
22,Syd v Port,Tom Papley,sydney,12412,resolved,0.064,0.1,7
22,Syd v Port,Jesse Dattoli,sydney,13260,resolved,0.053,0.0,8
22,Syd v Port,Jake Lloyd,sydney,12268,resolved,0.049,0.0,9
22,Syd v Port,Braeden Campbell,sydney,12863,resolved,0.044,0.0,10
22,Syd v Port,Riley Bice,sydney,13195,resolved,0.038,0.0,12
22,Syd v Port,Callum Mills,sydney,12413,resolved,0.038,0.0,11
22,Syd v Port,Willem Drew,port_adelaide,12695,resolved,0.022,0.0,13
22,Syd v Port,Jase Burgoyne,port_adelaide,13007,resolved,0.014,0.0,14
22,Syd v Port,Jason Horne-Francis,port_adelaide,12956,resolved,0.012,0.0,15
22,Syd v Port,Logan McDonald,sydney,12861,resolved,0.009,0.0,16
22,Syd v Port,Matt Roberts,sydney,12994,resolved,0.007,0.0,17
22,Syd v Port,James Jordon,sydney,12860,resolved,0.007,0.0,18
22,Syd v Port,Tom McCartin,sydney,12627,resolved,0.005,0.0,19
22,Syd v Port,Billy Cootee,sydney,13317,resolved,0.003,0.0,21
22,Syd v Port,William Green,sydney,13361,resolved,0.003,0.0,20
22,Syd v Port,Joel Hamling,sydney,12359,resolved,0.002,0.0,22
22,Syd v Port,Ollie Wines,port_adelaide,12150,resolved,0.002,0.0,23
22,Syd v Port,Harry Kyle,sydney,13327,resolved,0.002,0.0,24
22,Syd v Port,Hayden McLean,sydney,12745,resolved,0.001,0.0,25
22,Syd v Port,Darcy Byrne-Jones,port_adelaide,12422,resolved,0.001,0.0,27
22,Syd v Port,Sam Wicks,sydney,12818,resolved,0.001,0.0,29
22,Syd v Port,Lewis Melican,sydney,12526,resolved,0.001,0.0,26
22,Syd v Port,Miles Bergman,port_adelaide,12867,resolved,0.001,0.0,28
22,Syd v Port,Jack Whitlock,port_adelaide,13259,resolved,0.0,0.0,30
22,Syd v Port,Aliir Aliir,port_adelaide,12433,resolved,0.0,0.0,31
22,Syd v Port,Joe Berry,port_adelaide,13188,resolved,0.0,0.0,32
22,Syd v Port,Will Lorenz,port_adelaide,13162,resolved,0.0,0.0,33
22,Syd v Port,Corey Durdin,port_adelaide,12936,resolved,0.0,0.0,34
22,Syd v Port,Alex Van Wyk,port_adelaide,13360,resolved,0.0,0.0,35
22,Syd v Port,Todd Marshall,port_adelaide,12575,resolved,0.0,0.0,36
22,Syd v Port,Harrison Ramm,port_adelaide,13270,resolved,0.0,0.0,37
22,Syd v Port,Jacob Wehr,port_adelaide,12991,resolved,0.0,0.0,38
22,Syd v Port,Jackson Mead,port_adelaide,12946,resolved,0.0,0.0,39
22,Syd v Port,Tom Anastasopoulos,port_adelaide,13322,resolved,0.0,0.0,40
22,Syd v Port,Dante Visentini,port_adelaide,13073,resolved,0.0,0.0,41
22,Syd v Port,Jordon Sweet,port_adelaide,12890,resolved,0.0,0.0,42
22,Syd v Port,Josh Lai,port_adelaide,13301,resolved,0.0,0.0,43
22,Syd v Port,Mitch Zadow,port_adelaide,13305,resolved,0.0,0.0,44
22,Syd v Port,Christian Moraes,port_adelaide,13199,resolved,0.0,0.0,45
22,Syd v Port,Balyn O'Brien,port_adelaide,13354,resolved,0.0,0.0,46
22,WC v Coll,Nick Daicos,collingwood,12943,resolved,2.908,91.1,1
22,WC v Coll,Josh Daicos,collingwood,12573,resolved,1.341,5.7,2
22,WC v Coll,Daniel McStay,collingwood,12291,resolved,1.089,3.2,3
22,WC v Coll,Darcy Cameron,collingwood,12660,resolved,0.177,0.0,4
22,WC v Coll,Elliot Yeo,west_coast,12087,resolved,0.119,0.0,5
22,WC v Coll,Harley Reid,west_coast,13111,resolved,0.114,0.0,6
22,WC v Coll,Tim Membrey,collingwood,12300,resolved,0.092,0.0,7
22,WC v Coll,Ned Long,collingwood,13023,resolved,0.048,0.0,8
22,WC v Coll,Edward Allan,collingwood,13146,resolved,0.045,0.0,9
22,WC v Coll,Lachie Schultz,collingwood,12700,resolved,0.015,0.0,10
22,WC v Coll,Tim Kelly,west_coast,12595,resolved,0.014,0.0,11
22,WC v Coll,Dan Houston,collingwood,12495,resolved,0.009,0.0,12
22,WC v Coll,Tom McCarthy,west_coast,13240,resolved,0.007,0.0,13
22,WC v Coll,Jack Crisp,collingwood,12061,resolved,0.006,0.0,14
22,WC v Coll,Bailey J. Williams,west_coast,,unresolved,0.003,0.0,17
22,WC v Coll,Beau McCreery,collingwood,12876,resolved,0.003,0.0,15
22,WC v Coll,Brady Hough,west_coast,12957,resolved,0.002,0.0,16
22,WC v Coll,Roan Steele,collingwood,13248,resolved,0.002,0.0,18
22,WC v Coll,Jake Waterman,west_coast,12601,resolved,0.002,0.0,20
22,WC v Coll,Billy Frampton,collingwood,12676,resolved,0.002,0.0,19
22,WC v Coll,Rhett Bazzo,west_coast,13000,resolved,0.001,0.0,22
22,WC v Coll,Marcus Herbert,west_coast,13339,resolved,0.001,0.0,25
22,WC v Coll,Isaac Quaynor,collingwood,12740,resolved,0.0,0.0,21
22,WC v Coll,Sam Swadling,collingwood,13340,resolved,0.0,0.0,24
22,WC v Coll,Angus Anderson,collingwood,13306,resolved,0.0,0.0,23
22,WC v Coll,Tom Gross,west_coast,13211,resolved,0.0,0.0,27
22,WC v Coll,Liam Baker,west_coast,12661,resolved,0.0,0.0,26
22,WC v Coll,Lachlan Sullivan,collingwood,13133,resolved,0.0,0.0,28
22,WC v Coll,Liam Duggan,west_coast,12334,resolved,0.0,0.0,29
22,WC v Coll,Willem Duursma,west_coast,13292,resolved,0.0,0.0,30
22,WC v Coll,Harvey Harrison,collingwood,13068,resolved,0.0,0.0,31
22,WC v Coll,Jack Graham,west_coast,,unresolved,0.0,0.0,32
22,WC v Coll,Josh Lindsay,west_coast,13293,resolved,0.0,0.0,33
22,WC v Coll,Liam Puncher,collingwood,13342,resolved,0.0,0.0,34
22,WC v Coll,Steele Sidebottom,collingwood,11751,resolved,0.0,0.0,35
22,WC v Coll,Cooper Duff-Tytler,west_coast,13291,resolved,0.0,0.0,36
22,WC v Coll,Noah Howes,collingwood,13359,resolved,0.0,0.0,37
22,WC v Coll,Tylar Young,west_coast,13043,resolved,0.0,0.0,38
22,WC v Coll,Brandon Starcevich,west_coast,12668,resolved,0.0,0.0,39
22,WC v Coll,Jack Williams,west_coast,,unresolved,0.0,0.0,40
22,WC v Coll,Bo Allan,west_coast,13221,resolved,0.0,0.0,41
22,WC v Coll,Tom Cole,west_coast,12446,resolved,0.0,0.0,42
22,WC v Coll,Jobe Shanahan,west_coast,13247,resolved,0.0,0.0,43
22,WC v Coll,Milan Murdock,west_coast,13294,resolved,0.0,0.0,44
22,WC v Coll,William Hayes,collingwood,13228,resolved,0.0,0.0,45
22,WC v Coll,Charlie West,collingwood,13246,resolved,0.0,0.0,46
22,WB v NM,Luke Davies-Uniacke,north_melbourne,12590,resolved,2.94,94.1,1
22,WB v NM,Paul Curtis,north_melbourne,12975,resolved,1.599,5.7,2
22,WB v NM,Harry Sheezel,north_melbourne,13034,resolved,0.436,0.2,3
22,WB v NM,Caleb Daniel,north_melbourne,12373,resolved,0.265,0.0,4
22,WB v NM,George Wardlaw,north_melbourne,13064,resolved,0.179,0.0,5
22,WB v NM,Ed Richards,western_bulldogs,12605,resolved,0.128,0.0,6
22,WB v NM,Tristan Xerri,north_melbourne,12788,resolved,0.119,0.0,7
22,WB v NM,Dylan Stephens,north_melbourne,12796,resolved,0.061,0.0,9
22,WB v NM,Luke Parker,north_melbourne,11953,resolved,0.059,0.0,8
22,WB v NM,Marcus Bontempelli,western_bulldogs,12269,resolved,0.053,0.0,10
22,WB v NM,Colby McKercher,north_melbourne,13107,resolved,0.037,0.0,11
22,WB v NM,Cameron Zurhaar,north_melbourne,12557,resolved,0.023,0.0,12
22,WB v NM,Jack Darling,north_melbourne,11905,resolved,0.022,0.0,13
22,WB v NM,Jy Simpkin,north_melbourne,12502,resolved,0.015,0.0,14
22,WB v NM,Finn O'Sullivan,north_melbourne,13187,resolved,0.014,0.0,15
22,WB v NM,Zac Banch,north_melbourne,13256,resolved,0.013,0.0,16
22,WB v NM,Joel Freijah,western_bulldogs,13140,resolved,0.009,0.0,17
22,WB v NM,Griffin Logue,north_melbourne,12511,resolved,0.005,0.0,18
22,WB v NM,Charlie Spargo,north_melbourne,12622,resolved,0.003,0.0,19
22,WB v NM,Lachlan Bramble,western_bulldogs,12916,resolved,0.002,0.0,20
22,WB v NM,Bailey Williams,western_bulldogs,12441,resolved,0.002,0.0,22
22,WB v NM,Ryley Sanders,western_bulldogs,13103,resolved,0.002,0.0,21
22,WB v NM,Rhylee West,western_bulldogs,12748,resolved,0.002,0.0,25
22,WB v NM,Charlie Comben,north_melbourne,12938,resolved,0.002,0.0,23
22,WB v NM,Matthew Kennedy,western_bulldogs,12455,resolved,0.001,0.0,26
22,WB v NM,Sam Davidson,western_bulldogs,13178,resolved,0.001,0.0,28
22,WB v NM,James O'Donnell,western_bulldogs,13061,resolved,0.001,0.0,24
22,WB v NM,Wil Dawson,north_melbourne,13144,resolved,0.001,0.0,27
22,WB v NM,Aaron Naughton,western_bulldogs,12594,resolved,0.001,0.0,30
22,WB v NM,Tom Blamires,north_melbourne,13287,resolved,0.001,0.0,29
22,WB v NM,Riley Hardeman,north_melbourne,13130,resolved,0.001,0.0,33
22,WB v NM,Tim English,western_bulldogs,12537,resolved,0.001,0.0,34
22,WB v NM,Tom Liberatore,western_bulldogs,11898,resolved,0.001,0.0,31
22,WB v NM,Aidan Corr,north_melbourne,12181,resolved,0.001,0.0,32
22,WB v NM,Cooper Trembath,north_melbourne,13263,resolved,0.0,0.0,35
22,WB v NM,Nick Larkey,north_melbourne,12563,resolved,0.0,0.0,36
22,WB v NM,Cooper Hynes,western_bulldogs,13213,resolved,0.0,0.0,37
22,WB v NM,Nick Coffield,western_bulldogs,12608,resolved,0.0,0.0,38
22,WB v NM,Jordan Croft,western_bulldogs,13265,resolved,0.0,0.0,39
22,WB v NM,Lachie Jaques,western_bulldogs,13275,resolved,0.0,0.0,40
22,WB v NM,Buku Khamis,western_bulldogs,12900,resolved,0.0,0.0,41
22,WB v NM,Michael Sellwood,western_bulldogs,13276,resolved,0.0,0.0,42
22,WB v NM,Josh Dolan,western_bulldogs,13179,resolved,0.0,0.0,43
22,WB v NM,Rory Lobb,western_bulldogs,12282,resolved,0.0,0.0,44
22,WB v NM,Cody Weightman,western_bulldogs,12800,resolved,0.0,0.0,45
22,WB v NM,Arthur Jones,western_bulldogs,13046,resolved,0.0,0.0,46
23,Bris v GC,Will Ashcroft,brisbane_lions,13040,resolved,2.77,80.0,1
23,Bris v GC,Matt Rowell,gold_coast,12768,resolved,0.665,5.2,2
23,Bris v GC,Dayne Zorko,brisbane_lions,12076,resolved,0.603,4.5,3
23,Bris v GC,Levi Ashcroft,brisbane_lions,13197,resolved,0.585,4.3,4
23,Bris v GC,Zac Bailey,brisbane_lions,12610,resolved,0.528,3.6,5
23,Bris v GC,Logan Morris,brisbane_lions,13137,resolved,0.35,2.0,6
23,Bris v GC,Josh Dunkley,brisbane_lions,12408,resolved,0.117,0.3,7
23,Bris v GC,Darcy Wilmot,brisbane_lions,13026,resolved,0.072,0.1,8
23,Bris v GC,Jarrod Berry,brisbane_lions,12519,resolved,0.053,0.0,9
23,Bris v GC,Charlie Cameron,brisbane_lions,,unresolved,0.042,0.0,11
23,Bris v GC,Lachie Neale,brisbane_lions,12055,resolved,0.041,0.0,10
23,Bris v GC,Noah Anderson,gold_coast,12767,resolved,0.03,0.0,12
23,Bris v GC,Cam Rayner,brisbane_lions,12592,resolved,0.029,0.0,13
23,Bris v GC,Jaspa Fletcher,brisbane_lions,13072,resolved,0.022,0.0,14
23,Bris v GC,Touk Miller,gold_coast,12331,resolved,0.017,0.0,15
23,Bris v GC,Ned Moyle,gold_coast,13050,resolved,0.011,0.0,16
23,Bris v GC,Harris Andrews,brisbane_lions,12340,resolved,0.01,0.0,17
23,Bris v GC,Ryan Lester,brisbane_lions,11894,resolved,0.01,0.0,18
23,Bris v GC,Bodhi Uwland,gold_coast,13041,resolved,0.008,0.0,19
23,Bris v GC,Oscar Allen,brisbane_lions,12655,resolved,0.008,0.0,21
23,Bris v GC,Darcy Fort,brisbane_lions,12724,resolved,0.006,0.0,20
23,Bris v GC,Daniel Rioli,gold_coast,12403,resolved,0.006,0.0,23
23,Bris v GC,John Noble,gold_coast,12743,resolved,0.004,0.0,25
23,Bris v GC,Eric Hipwood,brisbane_lions,12454,resolved,0.004,0.0,22
23,Bris v GC,Bailey Humphrey,gold_coast,13049,resolved,0.003,0.0,24
23,Bris v GC,Sam Clohesy,gold_coast,13119,resolved,0.002,0.0,27
23,Bris v GC,Noah Answerth,brisbane_lions,12718,resolved,0.001,0.0,26
23,Bris v GC,Darcy Gardiner,brisbane_lions,12267,resolved,0.001,0.0,28
23,Bris v GC,Ethan Read,gold_coast,13121,resolved,0.0,0.0,29
23,Bris v GC,Wil Powell,gold_coast,12652,resolved,0.0,0.0,30
23,Bris v GC,Kai Lohmann,brisbane_lions,12968,resolved,0.0,0.0,31
23,Bris v GC,Mac Andrew,gold_coast,13019,resolved,0.0,0.0,32
23,Bris v GC,Conor McKenna,brisbane_lions,12391,resolved,0.0,0.0,33
23,Bris v GC,Joel Jeffrey,gold_coast,12933,resolved,0.0,0.0,34
23,Bris v GC,Ben King,gold_coast,12728,resolved,0.0,0.0,35
23,Bris v GC,Leonardo Lombard,gold_coast,13232,resolved,0.0,0.0,36
23,Bris v GC,Daniel Annable,brisbane_lions,13295,resolved,0.0,0.0,37
23,Bris v GC,Sam Draper,brisbane_lions,12810,resolved,0.0,0.0,38
23,Bris v GC,Sam Collins,gold_coast,12444,resolved,0.0,0.0,39
23,Bris v GC,Christian Petracca,gold_coast,12430,resolved,0.0,0.0,40
23,Bris v GC,Charlie Ballard,gold_coast,12625,resolved,0.0,0.0,41
23,Bris v GC,Jed Walter,gold_coast,13114,resolved,0.0,0.0,42
23,Bris v GC,Beau Addinsall,gold_coast,13341,resolved,0.0,0.0,43
23,Bris v GC,Lachlan Gulbin,gold_coast,13272,resolved,0.0,0.0,44
23,Bris v GC,Jake Rogers,gold_coast,13126,resolved,0.0,0.0,45
23,Bris v GC,Ben Long,gold_coast,12521,resolved,0.0,0.0,46
23,Ess v Syd,Errol Gulden,sydney,12862,resolved,2.325,45.8,1
23,Ess v Syd,Isaac Heeney,sydney,12326,resolved,2.225,40.2,2
23,Ess v Syd,Chad Warner,sydney,12797,resolved,1.351,13.6,3
23,Ess v Syd,Brodie Grundy,sydney,12217,resolved,0.041,0.2,5
23,Ess v Syd,Will Setterfield,essendon,12567,resolved,0.04,0.2,4
23,Ess v Syd,Nick Blakey,sydney,12699,resolved,0.005,0.0,6
23,Ess v Syd,Charlie Curnow,sydney,12421,resolved,0.003,0.0,7
23,Ess v Syd,Jake Lloyd,sydney,12268,resolved,0.003,0.0,8
23,Ess v Syd,Jai Serong,sydney,13022,resolved,0.002,0.0,10
23,Ess v Syd,Callum Mills,sydney,12413,resolved,0.002,0.0,9
23,Ess v Syd,Logan McDonald,sydney,12861,resolved,0.001,0.0,11
23,Ess v Syd,Jye Caldwell,essendon,12755,resolved,0.001,0.0,12
23,Ess v Syd,Zach Merrett,essendon,12241,resolved,0.001,0.0,15
23,Ess v Syd,Dyson Sharp,essendon,13283,resolved,0.001,0.0,13
23,Ess v Syd,Archie Roberts,essendon,13168,resolved,0.001,0.0,14
23,Ess v Syd,Matt Roberts,sydney,12994,resolved,0.0,0.0,16
23,Ess v Syd,Tom McCartin,sydney,12627,resolved,0.0,0.0,17
23,Ess v Syd,Zach Reid,essendon,12889,resolved,0.0,0.0,18
23,Ess v Syd,Vigo Visentini,essendon,13241,resolved,0.0,0.0,19
23,Ess v Syd,Nick Bryan,essendon,12899,resolved,0.0,0.0,20
23,Ess v Syd,Braeden Campbell,sydney,12863,resolved,0.0,0.0,21
23,Ess v Syd,Joel Hamling,sydney,12359,resolved,0.0,0.0,22
23,Ess v Syd,Dane Rampe,sydney,12140,resolved,0.0,0.0,23
23,Ess v Syd,James Jordon,sydney,12860,resolved,0.0,0.0,24
23,Ess v Syd,Riley Bice,sydney,13195,resolved,0.0,0.0,25
23,Ess v Syd,Jesse Dattoli,sydney,13260,resolved,0.0,0.0,26
23,Ess v Syd,Nate Caddy,essendon,13148,resolved,0.0,0.0,27
23,Ess v Syd,Andrew McGrath,essendon,12491,resolved,0.0,0.0,28
23,Ess v Syd,Sam Wicks,sydney,12818,resolved,0.0,0.0,29
23,Ess v Syd,Tom Papley,sydney,12412,resolved,0.0,0.0,30
23,Ess v Syd,Mason Redman,essendon,12437,resolved,0.0,0.0,31
23,Ess v Syd,Jaxon Prior,essendon,12874,resolved,0.0,0.0,32
23,Ess v Syd,William Green,sydney,13361,resolved,0.0,0.0,33
23,Ess v Syd,Billy Cootee,sydney,13317,resolved,0.0,0.0,34
23,Ess v Syd,Harry Kyle,sydney,13327,resolved,0.0,0.0,35
23,Ess v Syd,Jacob Farrow,essendon,13299,resolved,0.0,0.0,36
23,Ess v Syd,Peter Wright,essendon,12366,resolved,0.0,0.0,37
23,Ess v Syd,Kyle Langford,essendon,12349,resolved,0.0,0.0,38
23,Ess v Syd,Rhys Unwin,essendon,13264,resolved,0.0,0.0,39
23,Ess v Syd,Isaac Kako,essendon,13177,resolved,0.0,0.0,40
23,Ess v Syd,Harrison Jones,essendon,12853,resolved,0.0,0.0,41
23,Ess v Syd,Archie Perkins,essendon,12879,resolved,0.0,0.0,42
23,Ess v Syd,Archer Day-Wicks,essendon,13223,resolved,0.0,0.0,43
23,Ess v Syd,Max Kondogiannis,essendon,13282,resolved,0.0,0.0,44
23,Ess v Syd,Angus Clarke,essendon,13229,resolved,0.0,0.0,45
23,Ess v Syd,Jaxon Artemis,essendon,13352,resolved,0.0,0.0,46
23,Frem v Adel,Caleb Serong,fremantle,12786,resolved,2.515,58.6,1
23,Frem v Adel,Izak Rankine,adelaide,12798,resolved,2.015,31.8,2
23,Frem v Adel,Shai Bolton,fremantle,12535,resolved,0.577,4.4,3
23,Frem v Adel,Jye Amiss,fremantle,12983,resolved,0.403,2.9,4
23,Frem v Adel,Andrew Brayshaw,fremantle,12589,resolved,0.302,2.1,5
23,Frem v Adel,Jordan Dawson,adelaide,12516,resolved,0.076,0.3,6
23,Frem v Adel,Luke Jackson,fremantle,12779,resolved,0.036,0.0,7
23,Frem v Adel,Hayden Young,fremantle,12777,resolved,0.028,0.0,8
23,Frem v Adel,Jordan Clark,fremantle,12688,resolved,0.016,0.0,9
23,Frem v Adel,Josh Treacy,fremantle,12887,resolved,0.005,0.0,10
23,Frem v Adel,Neil Erasmus,fremantle,12966,resolved,0.003,0.0,12
23,Frem v Adel,Luke Ryan,fremantle,12542,resolved,0.003,0.0,11
23,Frem v Adel,Karl Worner,fremantle,13075,resolved,0.003,0.0,13
23,Frem v Adel,Heath Chapman,fremantle,12875,resolved,0.002,0.0,17
23,Frem v Adel,Matthew Johnson,fremantle,13047,resolved,0.002,0.0,20
23,Frem v Adel,Michael Frederick,fremantle,12801,resolved,0.002,0.0,14
23,Frem v Adel,Isaiah Dudley,fremantle,13204,resolved,0.002,0.0,16
23,Frem v Adel,Rory Laird,adelaide,12165,resolved,0.002,0.0,19
23,Frem v Adel,Lachlan McAndrew,adelaide,13065,resolved,0.002,0.0,15
23,Frem v Adel,Oscar McDonald,fremantle,12394,resolved,0.002,0.0,18
23,Frem v Adel,Mark Keane,adelaide,12809,resolved,0.001,0.0,21
23,Frem v Adel,Sam Switkowski,fremantle,12672,resolved,0.001,0.0,22
23,Frem v Adel,Mason Cox,fremantle,12428,resolved,0.001,0.0,23
23,Frem v Adel,Brayden Cook,adelaide,12932,resolved,0.001,0.0,25
23,Frem v Adel,Hugo Hall-Kahan,adelaide,13328,resolved,0.0,0.0,24
23,Frem v Adel,Zac Taylor,adelaide,13159,resolved,0.0,0.0,26
23,Frem v Adel,Jake Soligo,adelaide,12952,resolved,0.0,0.0,27
23,Frem v Adel,Daniel Curtin,adelaide,13132,resolved,0.0,0.0,28
23,Frem v Adel,Riley Thilthorpe,adelaide,12892,resolved,0.0,0.0,29
23,Frem v Adel,Christopher Scerri,fremantle,13296,resolved,0.0,0.0,30
23,Frem v Adel,Nathan O'Driscoll,fremantle,12960,resolved,0.0,0.0,31
23,Frem v Adel,Josh Rachele,adelaide,12953,resolved,0.0,0.0,32
23,Frem v Adel,Patrick Voss,fremantle,13129,resolved,0.0,0.0,33
23,Frem v Adel,Sam Berry,adelaide,12849,resolved,0.0,0.0,34
23,Frem v Adel,Alex Pearce,fremantle,12352,resolved,0.0,0.0,35
23,Frem v Adel,Brennan Cox,fremantle,12544,resolved,0.0,0.0,36
23,Frem v Adel,Darcy Fogarty,adelaide,12584,resolved,0.0,0.0,37
23,Frem v Adel,Isaac Cumming,adelaide,12629,resolved,0.0,0.0,38
23,Frem v Adel,James Peatling,adelaide,12934,resolved,0.0,0.0,39
23,Frem v Adel,Josh Worrell,adelaide,12912,resolved,0.0,0.0,40
23,Frem v Adel,Ben Keays,adelaide,12434,resolved,0.0,0.0,41
23,Frem v Adel,James Borlase,adelaide,13086,resolved,0.0,0.0,42
23,Frem v Adel,Max Michalanney,adelaide,13027,resolved,0.0,0.0,43
23,Frem v Adel,Luke Nankervis,adelaide,13081,resolved,0.0,0.0,44
23,Frem v Adel,Callum Ah Chee,adelaide,12414,resolved,0.0,0.0,45
23,Frem v Adel,Toby Murray,adelaide,13280,resolved,0.0,0.0,46
23,GWS v WC,Lachie Ash,greater_western_sydney,12782,resolved,2.561,64.2,1
23,GWS v WC,Lachie Whitfield,greater_western_sydney,12143,resolved,1.44,20.3,2
23,GWS v WC,Callum Brown,greater_western_sydney,12910,resolved,0.445,4.2,3
23,GWS v WC,Toby Greene,greater_western_sydney,12025,resolved,0.366,3.4,4
23,GWS v WC,Clayton Oliver,greater_western_sydney,12410,resolved,0.328,3.0,5
23,GWS v WC,Harvey Thomas,greater_western_sydney,13101,resolved,0.201,1.5,6
23,GWS v WC,Connor Idun,greater_western_sydney,12750,resolved,0.196,1.5,7
23,GWS v WC,Stephen Coniglio,greater_western_sydney,12028,resolved,0.137,1.0,8
23,GWS v WC,Harley Reid,west_coast,13111,resolved,0.083,0.3,9
23,GWS v WC,Tim Kelly,west_coast,12595,resolved,0.069,0.3,10
23,GWS v WC,Aaron Cadman,greater_western_sydney,13054,resolved,0.034,0.1,11
23,GWS v WC,Harry Himmelberg,greater_western_sydney,12462,resolved,0.019,0.0,12
23,GWS v WC,Conor Stone,greater_western_sydney,12886,resolved,0.018,0.0,13
23,GWS v WC,Kieren Briggs,greater_western_sydney,12904,resolved,0.016,0.0,14
23,GWS v WC,Harry Rowston,greater_western_sydney,13045,resolved,0.015,0.0,15
23,GWS v WC,Sam Taylor,greater_western_sydney,12644,resolved,0.01,0.0,16
23,GWS v WC,Jack Graham,west_coast,,unresolved,0.009,0.0,17
23,GWS v WC,Elliot Yeo,west_coast,12087,resolved,0.009,0.0,18
23,GWS v WC,Joe Fonti,greater_western_sydney,13164,resolved,0.007,0.0,19
23,GWS v WC,Toby McMullin,greater_western_sydney,13088,resolved,0.005,0.0,20
23,GWS v WC,Max Gruzewski,greater_western_sydney,13158,resolved,0.005,0.0,21
23,GWS v WC,Ryan Angwin,greater_western_sydney,13001,resolved,0.005,0.0,22
23,GWS v WC,Cody Angove,greater_western_sydney,13226,resolved,0.005,0.0,23
23,GWS v WC,Nicholas Madden,greater_western_sydney,13236,resolved,0.004,0.0,24
23,GWS v WC,Tom McCarthy,west_coast,13240,resolved,0.003,0.0,25
23,GWS v WC,Bailey J. Williams,west_coast,,unresolved,0.002,0.0,27
23,GWS v WC,Josaia Delana,greater_western_sydney,13222,resolved,0.002,0.0,26
23,GWS v WC,Riley Hamilton,greater_western_sydney,13347,resolved,0.002,0.0,28
23,GWS v WC,Tylar Young,west_coast,13043,resolved,0.001,0.0,29
23,GWS v WC,Liam Baker,west_coast,12661,resolved,0.001,0.0,30
23,GWS v WC,Jake Waterman,west_coast,12601,resolved,0.001,0.0,33
23,GWS v WC,Marcus Herbert,west_coast,13339,resolved,0.0,0.0,32
23,GWS v WC,Jake Stringer,greater_western_sydney,12167,resolved,0.0,0.0,31
23,GWS v WC,Tom Cole,west_coast,12446,resolved,0.0,0.0,34
23,GWS v WC,Milan Murdock,west_coast,13294,resolved,0.0,0.0,35
23,GWS v WC,Brandon Starcevich,west_coast,12668,resolved,0.0,0.0,36
23,GWS v WC,Rhett Bazzo,west_coast,13000,resolved,0.0,0.0,37
23,GWS v WC,Liam Duggan,west_coast,12334,resolved,0.0,0.0,38
23,GWS v WC,Josh Lindsay,west_coast,13293,resolved,0.0,0.0,39
23,GWS v WC,Cooper Duff-Tytler,west_coast,13291,resolved,0.0,0.0,40
23,GWS v WC,Brady Hough,west_coast,12957,resolved,0.0,0.0,41
23,GWS v WC,Jack Williams,west_coast,,unresolved,0.0,0.0,42
23,GWS v WC,Jobe Shanahan,west_coast,13247,resolved,0.0,0.0,43
23,GWS v WC,Tom Gross,west_coast,13211,resolved,0.0,0.0,44
23,GWS v WC,Hamish Davis,west_coast,13210,resolved,0.0,0.0,45
23,GWS v WC,Willem Duursma,west_coast,13292,resolved,0.0,0.0,46
23,Haw v Coll,Nick Daicos,collingwood,12943,resolved,2.526,62.2,1
23,Haw v Coll,Josh Ward,hawthorn,12955,resolved,1.152,15.4,2
23,Haw v Coll,Beau McCreery,collingwood,12876,resolved,1.042,13.9,3
23,Haw v Coll,Edward Allan,collingwood,13146,resolved,0.312,3.1,4
23,Haw v Coll,Jai Newcombe,hawthorn,12915,resolved,0.243,2.1,5
23,Haw v Coll,Sam Swadling,collingwood,13340,resolved,0.194,1.6,6
23,Haw v Coll,Josh Daicos,collingwood,12573,resolved,0.114,0.8,7
23,Haw v Coll,Jarman Impey,hawthorn,12237,resolved,0.083,0.5,8
23,Haw v Coll,Dan Houston,collingwood,12495,resolved,0.042,0.1,10
23,Haw v Coll,Daniel McStay,collingwood,12291,resolved,0.041,0.2,9
23,Haw v Coll,Roan Steele,collingwood,13248,resolved,0.04,0.1,11
23,Haw v Coll,Cam Mackenzie,hawthorn,13031,resolved,0.029,0.0,12
23,Haw v Coll,Harry Morrison,hawthorn,12579,resolved,0.022,0.0,13
23,Haw v Coll,Jordan De Goey,collingwood,12318,resolved,0.021,0.0,14
23,Haw v Coll,Dylan Moore,hawthorn,12710,resolved,0.012,0.0,16
23,Haw v Coll,Mitch Lewis,hawthorn,12636,resolved,0.012,0.0,15
23,Haw v Coll,Josh Battle,hawthorn,12558,resolved,0.011,0.0,17
23,Haw v Coll,Scott Pendlebury,collingwood,4182,resolved,0.01,0.0,18
23,Haw v Coll,Karl Amon,hawthorn,12357,resolved,0.01,0.0,20
23,Haw v Coll,Darcy Cameron,collingwood,12660,resolved,0.009,0.0,22
23,Haw v Coll,James Sicily,hawthorn,12332,resolved,0.009,0.0,19
23,Haw v Coll,Lachie Schultz,collingwood,12700,resolved,0.008,0.0,21
23,Haw v Coll,Will Day,hawthorn,12794,resolved,0.008,0.0,23
23,Haw v Coll,Nick Watson,hawthorn,13105,resolved,0.007,0.0,25
23,Haw v Coll,Ned Long,collingwood,13023,resolved,0.007,0.0,24
23,Haw v Coll,Mabior Chol,hawthorn,12485,resolved,0.006,0.0,26
23,Haw v Coll,Jack Gunston,hawthorn,11845,resolved,0.006,0.0,28
23,Haw v Coll,Josh Weddle,hawthorn,13057,resolved,0.005,0.0,29
23,Haw v Coll,Lloyd Meek,hawthorn,12856,resolved,0.004,0.0,27
23,Haw v Coll,Massimo D'Ambrosio,hawthorn,12998,resolved,0.004,0.0,30
23,Haw v Coll,Harvey Harrison,collingwood,13068,resolved,0.003,0.0,31
23,Haw v Coll,Jack Ginnivan,hawthorn,12927,resolved,0.002,0.0,32
23,Haw v Coll,Blake Hardwick,hawthorn,12469,resolved,0.001,0.0,34
23,Haw v Coll,Jack Crisp,collingwood,12061,resolved,0.001,0.0,35
23,Haw v Coll,Angus Anderson,collingwood,13306,resolved,0.001,0.0,33
23,Haw v Coll,Charlie West,collingwood,13246,resolved,0.001,0.0,36
23,Haw v Coll,Bailey Macdonald,hawthorn,13069,resolved,0.001,0.0,37
23,Haw v Coll,William Hayes,collingwood,13228,resolved,0.001,0.0,38
23,Haw v Coll,Tom Barrass,hawthorn,12383,resolved,0.001,0.0,39
23,Haw v Coll,Noah Howes,collingwood,13359,resolved,0.001,0.0,40
23,Haw v Coll,Max Beattie,hawthorn,13363,resolved,0.001,0.0,41
23,Haw v Coll,Connor Macdonald,hawthorn,12954,resolved,0.0,0.0,42
23,Haw v Coll,Isaac Quaynor,collingwood,12740,resolved,0.0,0.0,43
23,Haw v Coll,Billy Frampton,collingwood,12676,resolved,0.0,0.0,44
23,Haw v Coll,Tim Membrey,collingwood,12300,resolved,0.0,0.0,45
23,Haw v Coll,Liam Puncher,collingwood,13342,resolved,0.0,0.0,46
23,NM v Geel,Tanner Bruhn,geelong,12871,resolved,1.648,28.5,1
23,NM v Geel,Shaun Mannagh,geelong,13104,resolved,1.222,20.4,2
23,NM v Geel,Bailey Smith,geelong,12692,resolved,0.979,16.2,3
23,NM v Geel,Mark Blicavs,geelong,12153,resolved,0.833,14.4,4
23,NM v Geel,Jy Simpkin,north_melbourne,12502,resolved,0.717,12.3,5
23,NM v Geel,Oliver Dempsey,geelong,12974,resolved,0.187,3.2,6
23,NM v Geel,Nick Larkey,north_melbourne,12563,resolved,0.091,1.4,7
23,NM v Geel,Oisin Mullin,geelong,13066,resolved,0.05,0.7,9
23,NM v Geel,Finn O'Sullivan,north_melbourne,13187,resolved,0.05,0.7,8
23,NM v Geel,Lawson Humphries,geelong,13160,resolved,0.039,0.5,10
23,NM v Geel,Luke Davies-Uniacke,north_melbourne,12590,resolved,0.036,0.4,12
23,NM v Geel,Tristan Xerri,north_melbourne,12788,resolved,0.035,0.4,11
23,NM v Geel,Tom Stewart,geelong,12505,resolved,0.02,0.2,13
23,NM v Geel,Mitchell Edwards,geelong,13285,resolved,0.018,0.2,14
23,NM v Geel,Shannon Neale,geelong,12992,resolved,0.015,0.2,15
23,NM v Geel,James Worpel,geelong,12619,resolved,0.015,0.1,16
23,NM v Geel,Jack Darling,north_melbourne,11905,resolved,0.008,0.0,17
23,NM v Geel,Cameron Zurhaar,north_melbourne,12557,resolved,0.007,0.0,18
23,NM v Geel,Cooper Trembath,north_melbourne,13263,resolved,0.005,0.0,19
23,NM v Geel,Jay Polkinghorne,geelong,13353,resolved,0.004,0.0,22
23,NM v Geel,Luke Parker,north_melbourne,11953,resolved,0.003,0.0,21
23,NM v Geel,Patrick Dangerfield,geelong,11700,resolved,0.003,0.0,20
23,NM v Geel,Tom Atkins,geelong,12690,resolved,0.003,0.0,23
23,NM v Geel,Harry Sheezel,north_melbourne,13034,resolved,0.002,0.0,24
23,NM v Geel,Connor O'Sullivan,geelong,13122,resolved,0.002,0.0,26
23,NM v Geel,Zach Guthrie,geelong,12551,resolved,0.002,0.0,25
23,NM v Geel,Caleb Daniel,north_melbourne,12373,resolved,0.002,0.0,27
23,NM v Geel,George Wardlaw,north_melbourne,13064,resolved,0.002,0.0,28
23,NM v Geel,Tom Blamires,north_melbourne,13287,resolved,0.001,0.0,29
23,NM v Geel,Gryan Miers,geelong,12689,resolved,0.001,0.0,30
23,NM v Geel,Colby McKercher,north_melbourne,13107,resolved,0.0,0.0,31
23,NM v Geel,Dylan Stephens,north_melbourne,12796,resolved,0.0,0.0,32
23,NM v Geel,Jhye Clark,geelong,13062,resolved,0.0,0.0,33
23,NM v Geel,Brad Close,geelong,12806,resolved,0.0,0.0,34
23,NM v Geel,Mark O'Connor,geelong,12531,resolved,0.0,0.0,35
23,NM v Geel,Aidan Corr,north_melbourne,12181,resolved,0.0,0.0,36
23,NM v Geel,Jack Henry,geelong,12607,resolved,0.0,0.0,37
23,NM v Geel,Zac Banch,north_melbourne,13256,resolved,0.0,0.0,38
23,NM v Geel,Oliver Henry,geelong,12851,resolved,0.0,0.0,39
23,NM v Geel,Griffin Logue,north_melbourne,12511,resolved,0.0,0.0,40
23,NM v Geel,Riley Hardeman,north_melbourne,13130,resolved,0.0,0.0,41
23,NM v Geel,Charlie Spargo,north_melbourne,12622,resolved,0.0,0.0,42
23,NM v Geel,Paul Curtis,north_melbourne,12975,resolved,0.0,0.0,43
23,NM v Geel,Charlie Comben,north_melbourne,12938,resolved,0.0,0.0,44
23,NM v Geel,Oliver Wiltshire,geelong,13217,resolved,0.0,0.0,45
23,NM v Geel,Wil Dawson,north_melbourne,13144,resolved,0.0,0.0,46
23,Port v Melb,Max Gawn,melbourne,11966,resolved,1.839,33.0,1
23,Port v Melb,Kade Chandler,melbourne,12756,resolved,1.75,30.5,2
23,Port v Melb,Jack Steele,melbourne,12368,resolved,0.964,15.6,3
23,Port v Melb,Bayley Fritsch,melbourne,12598,resolved,0.717,11.7,4
23,Port v Melb,Koltyn Tholstrup,melbourne,13123,resolved,0.168,2.6,5
23,Port v Melb,Kysaiah Pickett,melbourne,12771,resolved,0.144,2.2,6
23,Port v Melb,Bailey Laurie,melbourne,13032,resolved,0.076,1.1,7
23,Port v Melb,Jordon Sweet,port_adelaide,12890,resolved,0.036,0.4,9
23,Port v Melb,Ollie Wines,port_adelaide,12150,resolved,0.035,0.4,8
23,Port v Melb,Jacob van Rooyen,melbourne,13048,resolved,0.035,0.5,11
23,Port v Melb,Joe Richards,port_adelaide,13139,resolved,0.034,0.4,10
23,Port v Melb,Joel Fitzgerald,melbourne,13335,resolved,0.028,0.3,13
23,Port v Melb,Jason Horne-Francis,port_adelaide,12956,resolved,0.027,0.3,12
23,Port v Melb,Matthew Jefferson,melbourne,13182,resolved,0.022,0.2,14
23,Port v Melb,Tom Sparrow,melbourne,12693,resolved,0.019,0.2,17
23,Port v Melb,Jake Lever,melbourne,12351,resolved,0.018,0.2,15
23,Port v Melb,Jake Bowey,melbourne,12931,resolved,0.018,0.2,16
23,Port v Melb,Daniel Turner,melbourne,12996,resolved,0.015,0.1,18
23,Port v Melb,Harrison Petty,melbourne,12653,resolved,0.008,0.0,19
23,Port v Melb,Caleb Windsor,melbourne,13099,resolved,0.008,0.0,21
23,Port v Melb,Mitch Georgiades,port_adelaide,12766,resolved,0.008,0.0,20
23,Port v Melb,Trent Rivers,melbourne,12778,resolved,0.006,0.0,22
23,Port v Melb,Ed Langdon,melbourne,12393,resolved,0.005,0.0,23
23,Port v Melb,Jase Burgoyne,port_adelaide,13007,resolved,0.004,0.0,25
23,Port v Melb,Changkuoth Jiath,melbourne,12752,resolved,0.004,0.0,24
23,Port v Melb,Christian Salem,melbourne,12272,resolved,0.003,0.0,26
23,Port v Melb,Harvey Langford,melbourne,13184,resolved,0.002,0.0,29
23,Port v Melb,Harry Sharp,melbourne,12864,resolved,0.002,0.0,27
23,Port v Melb,Miles Bergman,port_adelaide,12867,resolved,0.002,0.0,28
23,Port v Melb,Tom McDonald,melbourne,12009,resolved,0.001,0.0,31
23,Port v Melb,Willem Drew,port_adelaide,12695,resolved,0.001,0.0,30
23,Port v Melb,Todd Marshall,port_adelaide,12575,resolved,0.0,0.0,32
23,Port v Melb,Lachie Jones,port_adelaide,12882,resolved,0.0,0.0,33
23,Port v Melb,Balyn O'Brien,port_adelaide,13354,resolved,0.0,0.0,34
23,Port v Melb,Aliir Aliir,port_adelaide,12433,resolved,0.0,0.0,35
23,Port v Melb,Jacob Wehr,port_adelaide,12991,resolved,0.0,0.0,36
23,Port v Melb,Josh Lai,port_adelaide,13301,resolved,0.0,0.0,37
23,Port v Melb,Corey Durdin,port_adelaide,12936,resolved,0.0,0.0,38
23,Port v Melb,Harrison Ramm,port_adelaide,13270,resolved,0.0,0.0,39
23,Port v Melb,Dante Visentini,port_adelaide,13073,resolved,0.0,0.0,40
23,Port v Melb,Xavier Bamert,port_adelaide,13337,resolved,0.0,0.0,41
23,Port v Melb,Joe Berry,port_adelaide,13188,resolved,0.0,0.0,42
23,Port v Melb,Alex Van Wyk,port_adelaide,13360,resolved,0.0,0.0,43
23,Port v Melb,Jack Whitlock,port_adelaide,13259,resolved,0.0,0.0,44
23,Port v Melb,Tom Anastasopoulos,port_adelaide,13322,resolved,0.0,0.0,45
23,Port v Melb,Mitch Zadow,port_adelaide,13305,resolved,0.0,0.0,46
23,Rich v St K,Max Hall,st_kilda,13193,resolved,2.539,62.3,1
23,Rich v St K,Bradley Hill,st_kilda,12060,resolved,1.122,12.7,2
23,Rich v St K,Mitch Owens,st_kilda,12948,resolved,1.109,12.8,3
23,Rich v St K,Hugo Garcia,st_kilda,13125,resolved,1.013,11.3,4
23,Rich v St K,Jack Macrae,st_kilda,12166,resolved,0.152,0.9,5
23,Rich v St K,Dan Butler,st_kilda,12490,resolved,0.013,0.0,6
23,Rich v St K,Hugh Boxshall,st_kilda,13220,resolved,0.011,0.0,7
23,Rich v St K,Tim Taranto,richmond,12504,resolved,0.007,0.0,8
23,Rich v St K,Rowan Marshall,st_kilda,12564,resolved,0.006,0.0,9
23,Rich v St K,Marcus Windhager,st_kilda,12967,resolved,0.006,0.0,10
23,Rich v St K,Jack Silvagni,st_kilda,12458,resolved,0.005,0.0,11
23,Rich v St K,Dion Prestia,richmond,11917,resolved,0.005,0.0,14
23,Rich v St K,Liam Stocker,st_kilda,12721,resolved,0.004,0.0,12
23,Rich v St K,Tom De Koning,st_kilda,12674,resolved,0.004,0.0,13
23,Rich v St K,Callum Wilkie,st_kilda,12703,resolved,0.002,0.0,16
23,Rich v St K,Cooper Sharman,st_kilda,12929,resolved,0.001,0.0,15
23,Rich v St K,Jack Higgins,st_kilda,12609,resolved,0.001,0.0,17
23,Rich v St K,Ryan Byrnes,st_kilda,12802,resolved,0.001,0.0,18
23,Rich v St K,Toby Nankervis,richmond,12374,resolved,0.0,0.0,19
23,Rich v St K,Angus Hastie,st_kilda,13116,resolved,0.0,0.0,20
23,Rich v St K,Mattaes Phillipou,st_kilda,13036,resolved,0.0,0.0,21
23,Rich v St K,Tobie Travaglia,st_kilda,13206,resolved,0.0,0.0,22
23,Rich v St K,Darcy Wilson,st_kilda,13110,resolved,0.0,0.0,23
23,Rich v St K,Patrick Retschko,richmond,13313,resolved,0.0,0.0,24
23,Rich v St K,Nick Vlastuin,richmond,12174,resolved,0.0,0.0,25
23,Rich v St K,Jack Ross,richmond,,unresolved,0.0,0.0,26
23,Rich v St K,Liam O'Connell,st_kilda,13194,resolved,0.0,0.0,27
23,Rich v St K,Campbell Lake,st_kilda,13331,resolved,0.0,0.0,28
23,Rich v St K,Alix Tauru,st_kilda,13243,resolved,0.0,0.0,29
23,Rich v St K,Mykelti Lefau,richmond,13113,resolved,0.0,0.0,30
23,Rich v St K,Ben Miller,richmond,12941,resolved,0.0,0.0,31
23,Rich v St K,Nathan Broad,richmond,12456,resolved,0.0,0.0,32
23,Rich v St K,Sam Banks,richmond,13078,resolved,0.0,0.0,33
23,Rich v St K,Luke Trainor,richmond,13191,resolved,0.0,0.0,34
23,Rich v St K,Jayden Short,richmond,12418,resolved,0.0,0.0,35
23,Rich v St K,Seth Campbell,richmond,13100,resolved,0.0,0.0,36
23,Rich v St K,Judson Clarke,richmond,12997,resolved,0.0,0.0,37
23,Rich v St K,Hugo Ralphsmith,richmond,12902,resolved,0.0,0.0,38
23,Rich v St K,Taj Hotton,richmond,13253,resolved,0.0,0.0,39
23,Rich v St K,Tom Brown,richmond,13096,resolved,0.0,0.0,40
23,Rich v St K,Sam Lalor,richmond,13190,resolved,0.0,0.0,41
23,Rich v St K,Kye Annand,richmond,13338,resolved,0.0,0.0,42
23,Rich v St K,Tom Lynch,richmond,11948,resolved,0.0,0.0,43
23,Rich v St K,Sam Grlj,richmond,13290,resolved,0.0,0.0,44
23,Rich v St K,Steely Green,richmond,13145,resolved,0.0,0.0,45
23,Rich v St K,Harry Armstrong,richmond,13189,resolved,0.0,0.0,46
23,WB v Carl,Ed Richards,western_bulldogs,12605,resolved,2.549,61.9,1
23,WB v Carl,Patrick Cripps,carlton,12261,resolved,1.829,26.9,2
23,WB v Carl,Tom Liberatore,western_bulldogs,11898,resolved,0.749,7.1,3
23,WB v Carl,Blake Acres,carlton,12276,resolved,0.215,1.4,4
23,WB v Carl,Sam Walsh,carlton,12684,resolved,0.183,1.1,5
23,WB v Carl,Oliver Florent,carlton,12497,resolved,0.131,0.7,6
23,WB v Carl,George Hewett,carlton,12411,resolved,0.104,0.5,7
23,WB v Carl,Joel Freijah,western_bulldogs,13140,resolved,0.058,0.2,8
23,WB v Carl,Matthew Kennedy,western_bulldogs,12455,resolved,0.042,0.1,9
23,WB v Carl,Harry McKay,carlton,12566,resolved,0.037,0.0,10
23,WB v Carl,Jagga Smith,carlton,13274,resolved,0.021,0.0,11
23,WB v Carl,Nick Haynes,carlton,12091,resolved,0.017,0.0,12
23,WB v Carl,Will Hayward,carlton,12509,resolved,0.014,0.0,13
23,WB v Carl,Billy Wilson,carlton,,unresolved,0.009,0.0,14
23,WB v Carl,Marc Pittonet,carlton,12417,resolved,0.006,0.0,15
23,WB v Carl,Harry Dean,carlton,13273,resolved,0.004,0.0,22
23,WB v Carl,Francis Evans,carlton,12873,resolved,0.003,0.0,16
23,WB v Carl,Lachlan Bramble,western_bulldogs,12916,resolved,0.003,0.0,19
23,WB v Carl,Adam Cerra,carlton,12603,resolved,0.003,0.0,18
23,WB v Carl,Bailey Williams,western_bulldogs,12441,resolved,0.003,0.0,17
23,WB v Carl,Sam Davidson,western_bulldogs,13178,resolved,0.002,0.0,20
23,WB v Carl,Jacob Weitering,carlton,12402,resolved,0.002,0.0,24
23,WB v Carl,Rory Lobb,western_bulldogs,12282,resolved,0.002,0.0,25
23,WB v Carl,Buku Khamis,western_bulldogs,12900,resolved,0.002,0.0,23
23,WB v Carl,Michael Sellwood,western_bulldogs,13276,resolved,0.002,0.0,27
23,WB v Carl,Cooper Hynes,western_bulldogs,13213,resolved,0.002,0.0,21
23,WB v Carl,Ryley Sanders,western_bulldogs,13103,resolved,0.002,0.0,26
23,WB v Carl,Cooper Lord,carlton,13170,resolved,0.001,0.0,28
23,WB v Carl,Rhylee West,western_bulldogs,12748,resolved,0.001,0.0,30
23,WB v Carl,Arthur Jones,western_bulldogs,13046,resolved,0.001,0.0,29
23,WB v Carl,Aaron Naughton,western_bulldogs,12594,resolved,0.001,0.0,34
23,WB v Carl,Cody Weightman,western_bulldogs,12800,resolved,0.001,0.0,31
23,WB v Carl,Lachlan Cowan,carlton,13028,resolved,0.001,0.0,33
23,WB v Carl,Matthew Cottrell,carlton,12822,resolved,0.001,0.0,35
23,WB v Carl,Mitch McGovern,carlton,12404,resolved,0.0,0.0,32
23,WB v Carl,Ben Ainsworth,carlton,12498,resolved,0.0,0.0,36
23,WB v Carl,James O'Donnell,western_bulldogs,13061,resolved,0.0,0.0,37
23,WB v Carl,Josh Dolan,western_bulldogs,13179,resolved,0.0,0.0,38
23,WB v Carl,Brodie Kemp,carlton,12937,resolved,0.0,0.0,39
23,WB v Carl,Talor Byrne,carlton,13297,resolved,0.0,0.0,40
23,WB v Carl,Luke Kennedy,western_bulldogs,13333,resolved,0.0,0.0,41
23,WB v Carl,Jordan Croft,western_bulldogs,13265,resolved,0.0,0.0,42
23,WB v Carl,Wade Derksen,carlton,13303,resolved,0.0,0.0,43
23,WB v Carl,Lachie Jaques,western_bulldogs,13275,resolved,0.0,0.0,44
23,WB v Carl,Lachlan Carmichael,western_bulldogs,13362,resolved,0.0,0.0,45
23,WB v Carl,Louis Emmett,western_bulldogs,13308,resolved,0.0,0.0,46
24,Adel v GWS,Izak Rankine,adelaide,12798,resolved,2.966,96.6,1
24,Adel v GWS,Taylor Walker,adelaide,11713,resolved,1.267,1.9,2
24,Adel v GWS,Jordan Dawson,adelaide,12516,resolved,1.183,1.5,3
24,Adel v GWS,Jake Stringer,greater_western_sydney,12167,resolved,0.183,0.0,4
24,Adel v GWS,Riley Thilthorpe,adelaide,12892,resolved,0.144,0.0,5
24,Adel v GWS,Ben Keays,adelaide,12434,resolved,0.142,0.0,6
24,Adel v GWS,Daniel Curtin,adelaide,13132,resolved,0.022,0.0,7
24,Adel v GWS,Darcy Fogarty,adelaide,12584,resolved,0.018,0.0,9
24,Adel v GWS,Sam Berry,adelaide,12849,resolved,0.017,0.0,8
24,Adel v GWS,Rory Laird,adelaide,12165,resolved,0.011,0.0,10
24,Adel v GWS,Clayton Oliver,greater_western_sydney,12410,resolved,0.008,0.0,12
24,Adel v GWS,Lachie Ash,greater_western_sydney,12782,resolved,0.008,0.0,11
24,Adel v GWS,Mark Keane,adelaide,12809,resolved,0.008,0.0,15
24,Adel v GWS,Hugo Hall-Kahan,adelaide,13328,resolved,0.007,0.0,13
24,Adel v GWS,Lachlan McAndrew,adelaide,13065,resolved,0.006,0.0,14
24,Adel v GWS,Wayne Milera,adelaide,12405,resolved,0.002,0.0,16
24,Adel v GWS,Josh Rachele,adelaide,12953,resolved,0.002,0.0,17
24,Adel v GWS,Josh Worrell,adelaide,12912,resolved,0.001,0.0,18
24,Adel v GWS,Max Michalanney,adelaide,13027,resolved,0.001,0.0,20
24,Adel v GWS,Brayden Cook,adelaide,12932,resolved,0.001,0.0,21
24,Adel v GWS,Alex Neal-Bullen,adelaide,12367,resolved,0.001,0.0,19
24,Adel v GWS,Toby Greene,greater_western_sydney,12025,resolved,0.001,0.0,22
24,Adel v GWS,Luke Nankervis,adelaide,13081,resolved,0.0,0.0,23
24,Adel v GWS,Lachie Whitfield,greater_western_sydney,12143,resolved,0.0,0.0,24
24,Adel v GWS,Ryan Angwin,greater_western_sydney,13001,resolved,0.0,0.0,25
24,Adel v GWS,Joe Fonti,greater_western_sydney,13164,resolved,0.0,0.0,26
24,Adel v GWS,Connor Idun,greater_western_sydney,12750,resolved,0.0,0.0,27
24,Adel v GWS,Isaac Cumming,adelaide,12629,resolved,0.0,0.0,28
24,Adel v GWS,Harry Rowston,greater_western_sydney,13045,resolved,0.0,0.0,29
24,Adel v GWS,James Borlase,adelaide,13086,resolved,0.0,0.0,30
24,Adel v GWS,Jake Soligo,adelaide,12952,resolved,0.0,0.0,31
24,Adel v GWS,Stephen Coniglio,greater_western_sydney,12028,resolved,0.0,0.0,32
24,Adel v GWS,Kieren Briggs,greater_western_sydney,12904,resolved,0.0,0.0,33
24,Adel v GWS,Harry Himmelberg,greater_western_sydney,12462,resolved,0.0,0.0,34
24,Adel v GWS,Aaron Cadman,greater_western_sydney,13054,resolved,0.0,0.0,35
24,Adel v GWS,Zac Taylor,adelaide,13159,resolved,0.0,0.0,36
24,Adel v GWS,Harvey Thomas,greater_western_sydney,13101,resolved,0.0,0.0,37
24,Adel v GWS,Nicholas Madden,greater_western_sydney,13236,resolved,0.0,0.0,38
24,Adel v GWS,Callum Brown,greater_western_sydney,12910,resolved,0.0,0.0,39
24,Adel v GWS,Toby McMullin,greater_western_sydney,13088,resolved,0.0,0.0,40
24,Adel v GWS,Conor Stone,greater_western_sydney,12886,resolved,0.0,0.0,41
24,Adel v GWS,Josaia Delana,greater_western_sydney,13222,resolved,0.0,0.0,42
24,Adel v GWS,Xavier O'Halloran,greater_western_sydney,12821,resolved,0.0,0.0,43
24,Adel v GWS,Sam Taylor,greater_western_sydney,12644,resolved,0.0,0.0,44
24,Adel v GWS,Riley Hamilton,greater_western_sydney,13347,resolved,0.0,0.0,45
24,Adel v GWS,Max Gruzewski,greater_western_sydney,13158,resolved,0.0,0.0,46
24,Coll v Bris,Logan Morris,brisbane_lions,13137,resolved,2.858,85.9,1
24,Coll v Bris,Lachie Neale,brisbane_lions,12055,resolved,2.014,14.0,2
24,Coll v Bris,Josh Dunkley,brisbane_lions,12408,resolved,0.37,0.1,3
24,Coll v Bris,Jordan De Goey,collingwood,12318,resolved,0.206,0.0,4
24,Coll v Bris,Will Ashcroft,brisbane_lions,13040,resolved,0.103,0.0,5
24,Coll v Bris,Conor McKenna,brisbane_lions,12391,resolved,0.093,0.0,6
24,Coll v Bris,Sam Draper,brisbane_lions,12810,resolved,0.077,0.0,7
24,Coll v Bris,Cam Rayner,brisbane_lions,12592,resolved,0.045,0.0,8
24,Coll v Bris,Dayne Zorko,brisbane_lions,12076,resolved,0.036,0.0,9
24,Coll v Bris,Zac Bailey,brisbane_lions,12610,resolved,0.033,0.0,10
24,Coll v Bris,Eric Hipwood,brisbane_lions,12454,resolved,0.029,0.0,11
24,Coll v Bris,Nick Daicos,collingwood,12943,resolved,0.025,0.0,12
24,Coll v Bris,Sam Swadling,collingwood,13340,resolved,0.018,0.0,13
24,Coll v Bris,Jaspa Fletcher,brisbane_lions,13072,resolved,0.017,0.0,14
24,Coll v Bris,Oscar Allen,brisbane_lions,12655,resolved,0.013,0.0,15
24,Coll v Bris,Darcy Wilmot,brisbane_lions,13026,resolved,0.01,0.0,16
24,Coll v Bris,Jarrod Berry,brisbane_lions,12519,resolved,0.008,0.0,17
24,Coll v Bris,Dan Houston,collingwood,12495,resolved,0.006,0.0,18
24,Coll v Bris,Levi Ashcroft,brisbane_lions,13197,resolved,0.006,0.0,19
24,Coll v Bris,Edward Allan,collingwood,13146,resolved,0.005,0.0,20
24,Coll v Bris,Kai Lohmann,brisbane_lions,12968,resolved,0.004,0.0,22
24,Coll v Bris,Charlie Cameron,brisbane_lions,,unresolved,0.004,0.0,21
24,Coll v Bris,Josh Daicos,collingwood,12573,resolved,0.003,0.0,23
24,Coll v Bris,Ty Gallop,brisbane_lions,13235,resolved,0.003,0.0,25
24,Coll v Bris,Noah Answerth,brisbane_lions,12718,resolved,0.002,0.0,24
24,Coll v Bris,Angus Anderson,collingwood,13306,resolved,0.002,0.0,30
24,Coll v Bris,Harris Andrews,brisbane_lions,12340,resolved,0.002,0.0,27
24,Coll v Bris,Darcy Cameron,collingwood,12660,resolved,0.002,0.0,32
24,Coll v Bris,Ryan Lester,brisbane_lions,11894,resolved,0.002,0.0,28
24,Coll v Bris,Beau McCreery,collingwood,12876,resolved,0.002,0.0,26
24,Coll v Bris,Darcy Fort,brisbane_lions,12724,resolved,0.002,0.0,29
24,Coll v Bris,Roan Steele,collingwood,13248,resolved,0.002,0.0,31
24,Coll v Bris,Darcy Gardiner,brisbane_lions,12267,resolved,0.001,0.0,33
24,Coll v Bris,Steele Sidebottom,collingwood,11751,resolved,0.001,0.0,34
24,Coll v Bris,Billy Frampton,collingwood,12676,resolved,0.0,0.0,35
24,Coll v Bris,Ned Long,collingwood,13023,resolved,0.0,0.0,36
24,Coll v Bris,Charlie West,collingwood,13246,resolved,0.0,0.0,37
24,Coll v Bris,Jack Crisp,collingwood,12061,resolved,0.0,0.0,38
24,Coll v Bris,Lachie Schultz,collingwood,12700,resolved,0.0,0.0,39
24,Coll v Bris,Jeremy Howe,collingwood,11967,resolved,0.0,0.0,40
24,Coll v Bris,Tim Membrey,collingwood,12300,resolved,0.0,0.0,41
24,Coll v Bris,Harvey Harrison,collingwood,13068,resolved,0.0,0.0,42
24,Coll v Bris,Liam Puncher,collingwood,13342,resolved,0.0,0.0,43
24,Coll v Bris,Scott Pendlebury,collingwood,4182,resolved,0.0,0.0,44
24,Coll v Bris,William Hayes,collingwood,13228,resolved,0.0,0.0,45
24,Coll v Bris,Daniel McStay,collingwood,12291,resolved,0.0,0.0,46
24,Carl v Frem,Sam Walsh,carlton,12684,resolved,2.331,51.0,1
24,Carl v Frem,Jagga Smith,carlton,13274,resolved,1.472,23.0,2
24,Carl v Frem,Francis Evans,carlton,12873,resolved,0.909,12.4,3
24,Carl v Frem,Patrick Cripps,carlton,12261,resolved,0.515,6.4,4
24,Carl v Frem,Ben Ainsworth,carlton,12498,resolved,0.318,3.7,5
24,Carl v Frem,Oliver Florent,carlton,12497,resolved,0.179,1.9,6
24,Carl v Frem,George Hewett,carlton,12411,resolved,0.145,1.5,7
24,Carl v Frem,Marc Pittonet,carlton,12417,resolved,0.025,0.1,8
24,Carl v Frem,Brodie Kemp,carlton,12937,resolved,0.018,0.0,9
24,Carl v Frem,Lewis Young,carlton,12559,resolved,0.014,0.0,10
24,Carl v Frem,Andrew Brayshaw,fremantle,12589,resolved,0.011,0.0,11
24,Carl v Frem,Caleb Serong,fremantle,12786,resolved,0.009,0.0,12
24,Carl v Frem,Adam Cerra,carlton,12603,resolved,0.007,0.0,13
24,Carl v Frem,Lachlan Cowan,carlton,13028,resolved,0.006,0.0,18
24,Carl v Frem,Cooper Lord,carlton,13170,resolved,0.006,0.0,14
24,Carl v Frem,Harry McKay,carlton,12566,resolved,0.005,0.0,16
24,Carl v Frem,Luke Jackson,fremantle,12779,resolved,0.004,0.0,17
24,Carl v Frem,Hayden Young,fremantle,12777,resolved,0.004,0.0,19
24,Carl v Frem,Billy Wilson,carlton,,unresolved,0.004,0.0,15
24,Carl v Frem,Blake Acres,carlton,12276,resolved,0.003,0.0,20
24,Carl v Frem,Jacob Weitering,carlton,12402,resolved,0.002,0.0,22
24,Carl v Frem,Shai Bolton,fremantle,12535,resolved,0.002,0.0,24
24,Carl v Frem,Wade Derksen,carlton,13303,resolved,0.002,0.0,21
24,Carl v Frem,Jordan Clark,fremantle,12688,resolved,0.002,0.0,23
24,Carl v Frem,Oliver Hollands,carlton,13029,resolved,0.001,0.0,25
24,Carl v Frem,Matthew Cottrell,carlton,12822,resolved,0.001,0.0,26
24,Carl v Frem,Harry Dean,carlton,13273,resolved,0.001,0.0,27
24,Carl v Frem,Mitch McGovern,carlton,12404,resolved,0.001,0.0,29
24,Carl v Frem,Luke Ryan,fremantle,12542,resolved,0.001,0.0,28
24,Carl v Frem,Matthew Johnson,fremantle,13047,resolved,0.001,0.0,30
24,Carl v Frem,Karl Worner,fremantle,13075,resolved,0.0,0.0,31
24,Carl v Frem,Neil Erasmus,fremantle,12966,resolved,0.0,0.0,32
24,Carl v Frem,Josh Treacy,fremantle,12887,resolved,0.0,0.0,33
24,Carl v Frem,Talor Byrne,carlton,13297,resolved,0.0,0.0,34
24,Carl v Frem,Bailey Banfield,fremantle,12588,resolved,0.0,0.0,35
24,Carl v Frem,Tobyn Murray,fremantle,13364,resolved,0.0,0.0,36
24,Carl v Frem,Judd McVee,fremantle,13033,resolved,0.0,0.0,37
24,Carl v Frem,Mason Cox,fremantle,12428,resolved,0.0,0.0,38
24,Carl v Frem,Michael Frederick,fremantle,12801,resolved,0.0,0.0,39
24,Carl v Frem,Oscar McDonald,fremantle,12394,resolved,0.0,0.0,40
24,Carl v Frem,Patrick Voss,fremantle,13129,resolved,0.0,0.0,41
24,Carl v Frem,Nathan O'Driscoll,fremantle,12960,resolved,0.0,0.0,42
24,Carl v Frem,Alex Pearce,fremantle,12352,resolved,0.0,0.0,43
24,Carl v Frem,Isaiah Dudley,fremantle,13204,resolved,0.0,0.0,44
24,Carl v Frem,Christopher Scerri,fremantle,13296,resolved,0.0,0.0,45
24,Carl v Frem,Brennan Cox,fremantle,12544,resolved,0.0,0.0,46
24,Ess v Port,Jase Burgoyne,port_adelaide,13007,resolved,2.272,46.4,1
24,Ess v Port,Nate Caddy,essendon,13148,resolved,1.879,31.1,2
24,Ess v Port,Mitch Georgiades,port_adelaide,12766,resolved,1.204,15.8,3
24,Ess v Port,Ollie Wines,port_adelaide,12150,resolved,0.255,2.9,4
24,Ess v Port,Will Setterfield,essendon,12567,resolved,0.219,2.6,5
24,Ess v Port,Zach Merrett,essendon,12241,resolved,0.109,1.1,6
24,Ess v Port,Joe Richards,port_adelaide,13139,resolved,0.014,0.0,7
24,Ess v Port,Andrew McGrath,essendon,12491,resolved,0.009,0.0,8
24,Ess v Port,Jordon Sweet,port_adelaide,12890,resolved,0.008,0.0,9
24,Ess v Port,Darcy Byrne-Jones,port_adelaide,12422,resolved,0.007,0.0,11
24,Ess v Port,Will Brodie,port_adelaide,12541,resolved,0.006,0.0,10
24,Ess v Port,Miles Bergman,port_adelaide,12867,resolved,0.006,0.0,12
24,Ess v Port,Dyson Sharp,essendon,13283,resolved,0.002,0.0,13
24,Ess v Port,Angus Clarke,essendon,13229,resolved,0.002,0.0,14
24,Ess v Port,Lachie Jones,port_adelaide,12882,resolved,0.002,0.0,15
24,Ess v Port,Zach Reid,essendon,12889,resolved,0.001,0.0,16
24,Ess v Port,Archie Roberts,essendon,13168,resolved,0.001,0.0,19
24,Ess v Port,Jack Whitlock,port_adelaide,13259,resolved,0.001,0.0,17
24,Ess v Port,Jaxon Prior,essendon,12874,resolved,0.001,0.0,20
24,Ess v Port,Christian Moraes,port_adelaide,13199,resolved,0.001,0.0,18
24,Ess v Port,Jacob Wehr,port_adelaide,12991,resolved,0.0,0.0,21
24,Ess v Port,Jye Caldwell,essendon,12755,resolved,0.0,0.0,22
24,Ess v Port,Mitch Zadow,port_adelaide,13305,resolved,0.0,0.0,23
24,Ess v Port,Joe Berry,port_adelaide,13188,resolved,0.0,0.0,24
24,Ess v Port,Alex Van Wyk,port_adelaide,13360,resolved,0.0,0.0,25
24,Ess v Port,Tom Anastasopoulos,port_adelaide,13322,resolved,0.0,0.0,26
24,Ess v Port,Xavier Bamert,port_adelaide,13337,resolved,0.0,0.0,27
24,Ess v Port,Archie Perkins,essendon,12879,resolved,0.0,0.0,28
24,Ess v Port,Nick Bryan,essendon,12899,resolved,0.0,0.0,29
24,Ess v Port,Kyle Langford,essendon,12349,resolved,0.0,0.0,30
24,Ess v Port,Josh Lai,port_adelaide,13301,resolved,0.0,0.0,31
24,Ess v Port,Dante Visentini,port_adelaide,13073,resolved,0.0,0.0,32
24,Ess v Port,Harrison Jones,essendon,12853,resolved,0.0,0.0,33
24,Ess v Port,Isaac Kako,essendon,13177,resolved,0.0,0.0,34
24,Ess v Port,Harrison Ramm,port_adelaide,13270,resolved,0.0,0.0,35
24,Ess v Port,Mason Redman,essendon,12437,resolved,0.0,0.0,36
24,Ess v Port,Archer Day-Wicks,essendon,13223,resolved,0.0,0.0,37
24,Ess v Port,Peter Wright,essendon,12366,resolved,0.0,0.0,38
24,Ess v Port,Vigo Visentini,essendon,13241,resolved,0.0,0.0,39
24,Ess v Port,Corey Durdin,port_adelaide,12936,resolved,0.0,0.0,40
24,Ess v Port,Balyn O'Brien,port_adelaide,13354,resolved,0.0,0.0,41
24,Ess v Port,Todd Marshall,port_adelaide,12575,resolved,0.0,0.0,42
24,Ess v Port,Max Kondogiannis,essendon,13282,resolved,0.0,0.0,43
24,Ess v Port,Jacob Farrow,essendon,13299,resolved,0.0,0.0,44
24,Ess v Port,Jaxon Artemis,essendon,13352,resolved,0.0,0.0,45
24,Ess v Port,Rhys Unwin,essendon,13264,resolved,0.0,0.0,46
24,Geel v Rich,Bailey Smith,geelong,12692,resolved,2.891,89.1,1
24,Geel v Rich,Shaun Mannagh,geelong,13104,resolved,2.013,10.9,2
24,Geel v Rich,Tim Taranto,richmond,12504,resolved,0.406,0.0,4
24,Geel v Rich,Patrick Dangerfield,geelong,11700,resolved,0.403,0.0,3
24,Geel v Rich,Oliver Dempsey,geelong,12974,resolved,0.08,0.0,5
24,Geel v Rich,Mitchell Edwards,geelong,13285,resolved,0.029,0.0,6
24,Geel v Rich,Jack Ross,richmond,,unresolved,0.022,0.0,8
24,Geel v Rich,Shannon Neale,geelong,12992,resolved,0.022,0.0,9
24,Geel v Rich,Tanner Bruhn,geelong,12871,resolved,0.022,0.0,7
24,Geel v Rich,Jeremy Cameron,geelong,12017,resolved,0.015,0.0,10
24,Geel v Rich,Toby Nankervis,richmond,12374,resolved,0.013,0.0,11
24,Geel v Rich,Tom Stewart,geelong,12505,resolved,0.011,0.0,12
24,Geel v Rich,Lawson Humphries,geelong,13160,resolved,0.009,0.0,14
24,Geel v Rich,Gryan Miers,geelong,12689,resolved,0.008,0.0,13
24,Geel v Rich,Connor O'Sullivan,geelong,13122,resolved,0.007,0.0,16
24,Geel v Rich,Sam De Koning,geelong,12891,resolved,0.007,0.0,15
24,Geel v Rich,Oliver Henry,geelong,12851,resolved,0.006,0.0,19
24,Geel v Rich,Tom Atkins,geelong,12690,resolved,0.005,0.0,20
24,Geel v Rich,Zach Guthrie,geelong,12551,resolved,0.005,0.0,21
24,Geel v Rich,Oisin Mullin,geelong,13066,resolved,0.005,0.0,18
24,Geel v Rich,Jhye Clark,geelong,13062,resolved,0.005,0.0,17
24,Geel v Rich,Jack Martin,geelong,12236,resolved,0.004,0.0,22
24,Geel v Rich,Kane McAuliffe,richmond,13117,resolved,0.003,0.0,23
24,Geel v Rich,Seth Campbell,richmond,13100,resolved,0.002,0.0,24
24,Geel v Rich,Brad Close,geelong,12806,resolved,0.002,0.0,25
24,Geel v Rich,Jay Polkinghorne,geelong,13353,resolved,0.002,0.0,27
24,Geel v Rich,Mark O'Connor,geelong,12531,resolved,0.002,0.0,26
24,Geel v Rich,Taj Hotton,richmond,13253,resolved,0.001,0.0,28
24,Geel v Rich,Tom Lynch,richmond,11948,resolved,0.0,0.0,29
24,Geel v Rich,Jayden Short,richmond,12418,resolved,0.0,0.0,30
24,Geel v Rich,Hugo Ralphsmith,richmond,12902,resolved,0.0,0.0,31
24,Geel v Rich,Jack Henry,geelong,12607,resolved,0.0,0.0,32
24,Geel v Rich,Campbell Gray,richmond,13218,resolved,0.0,0.0,33
24,Geel v Rich,Patrick Retschko,richmond,13313,resolved,0.0,0.0,34
24,Geel v Rich,Kye Annand,richmond,13338,resolved,0.0,0.0,35
24,Geel v Rich,Sam Grlj,richmond,13290,resolved,0.0,0.0,36
24,Geel v Rich,Samson Ryan,richmond,12918,resolved,0.0,0.0,37
24,Geel v Rich,Steely Green,richmond,13145,resolved,0.0,0.0,38
24,Geel v Rich,Nick Vlastuin,richmond,12174,resolved,0.0,0.0,39
24,Geel v Rich,Luke Trainor,richmond,13191,resolved,0.0,0.0,40
24,Geel v Rich,Mykelti Lefau,richmond,13113,resolved,0.0,0.0,41
24,Geel v Rich,Maurice Rioli,richmond,12935,resolved,0.0,0.0,42
24,Geel v Rich,Tom Brown,richmond,13096,resolved,0.0,0.0,43
24,Geel v Rich,Judson Clarke,richmond,12997,resolved,0.0,0.0,44
24,Geel v Rich,Ben Miller,richmond,12941,resolved,0.0,0.0,45
24,Geel v Rich,Sam Banks,richmond,13078,resolved,0.0,0.0,46
24,Melb v WB,Ed Richards,western_bulldogs,12605,resolved,1.548,25.7,1
24,Melb v WB,Max Gawn,melbourne,11966,resolved,1.543,25.8,2
24,Melb v WB,Marcus Bontempelli,western_bulldogs,12269,resolved,1.284,21.6,3
24,Melb v WB,Matthew Kennedy,western_bulldogs,12455,resolved,0.664,11.5,4
24,Melb v WB,Harrison Petty,melbourne,12653,resolved,0.629,10.6,5
24,Melb v WB,Joel Freijah,western_bulldogs,13140,resolved,0.13,2.2,6
24,Melb v WB,Kysaiah Pickett,melbourne,12771,resolved,0.054,0.8,7
24,Melb v WB,Bailey Dale,western_bulldogs,12354,resolved,0.049,0.8,9
24,Melb v WB,Aaron Naughton,western_bulldogs,12594,resolved,0.047,0.8,8
24,Melb v WB,Jack Steele,melbourne,12368,resolved,0.013,0.2,10
24,Melb v WB,Arthur Jones,western_bulldogs,13046,resolved,0.013,0.1,11
24,Melb v WB,Ryley Sanders,western_bulldogs,13103,resolved,0.007,0.0,12
24,Melb v WB,Tom Sparrow,melbourne,12693,resolved,0.003,0.0,13
24,Melb v WB,Joel Fitzgerald,melbourne,13335,resolved,0.002,0.0,17
24,Melb v WB,Cooper Hynes,western_bulldogs,13213,resolved,0.002,0.0,14
24,Melb v WB,Jake Bowey,melbourne,12931,resolved,0.002,0.0,15
24,Melb v WB,Lachlan Bramble,western_bulldogs,12916,resolved,0.002,0.0,18
24,Melb v WB,Rory Lobb,western_bulldogs,12282,resolved,0.002,0.0,16
24,Melb v WB,Rhylee West,western_bulldogs,12748,resolved,0.002,0.0,19
24,Melb v WB,Luke Kennedy,western_bulldogs,13333,resolved,0.001,0.0,20
24,Melb v WB,Sam Davidson,western_bulldogs,13178,resolved,0.001,0.0,21
24,Melb v WB,Buku Khamis,western_bulldogs,12900,resolved,0.001,0.0,22
24,Melb v WB,Michael Sellwood,western_bulldogs,13276,resolved,0.001,0.0,23
24,Melb v WB,Koltyn Tholstrup,melbourne,13123,resolved,0.001,0.0,24
24,Melb v WB,Changkuoth Jiath,melbourne,12752,resolved,0.0,0.0,25
24,Melb v WB,Bailey Williams,western_bulldogs,12441,resolved,0.0,0.0,26
24,Melb v WB,Cody Weightman,western_bulldogs,12800,resolved,0.0,0.0,27
24,Melb v WB,James O'Donnell,western_bulldogs,13061,resolved,0.0,0.0,28
24,Melb v WB,Kade Chandler,melbourne,12756,resolved,0.0,0.0,29
24,Melb v WB,Bayley Fritsch,melbourne,12598,resolved,0.0,0.0,30
24,Melb v WB,Josh Dolan,western_bulldogs,13179,resolved,0.0,0.0,31
24,Melb v WB,Daniel Turner,melbourne,12996,resolved,0.0,0.0,32
24,Melb v WB,Connor Budarick,western_bulldogs,12769,resolved,0.0,0.0,33
24,Melb v WB,Harvey Langford,melbourne,13184,resolved,0.0,0.0,34
24,Melb v WB,Tom McDonald,melbourne,12009,resolved,0.0,0.0,35
24,Melb v WB,Trent Rivers,melbourne,12778,resolved,0.0,0.0,36
24,Melb v WB,Jake Lever,melbourne,12351,resolved,0.0,0.0,37
24,Melb v WB,Ed Langdon,melbourne,12393,resolved,0.0,0.0,38
24,Melb v WB,Ryan Gardner,western_bulldogs,12732,resolved,0.0,0.0,39
24,Melb v WB,Lachlan Carmichael,western_bulldogs,13362,resolved,0.0,0.0,40
24,Melb v WB,Matthew Jefferson,melbourne,13182,resolved,0.0,0.0,41
24,Melb v WB,Christian Salem,melbourne,12272,resolved,0.0,0.0,42
24,Melb v WB,Caleb Windsor,melbourne,13099,resolved,0.0,0.0,43
24,Melb v WB,Bailey Laurie,melbourne,13032,resolved,0.0,0.0,44
24,Melb v WB,Harry Sharp,melbourne,12864,resolved,0.0,0.0,45
24,Melb v WB,Xavier Lindsay,melbourne,13185,resolved,0.0,0.0,46
24,St K v GC,Matt Rowell,gold_coast,12768,resolved,1.956,35.6,1
24,St K v GC,Noah Anderson,gold_coast,12767,resolved,1.757,29.9,2
24,St K v GC,Touk Miller,gold_coast,12331,resolved,0.974,15.1,3
24,St K v GC,John Noble,gold_coast,12743,resolved,0.842,13.0,4
24,St K v GC,Bradley Hill,st_kilda,12060,resolved,0.231,3.3,5
24,St K v GC,Max Hall,st_kilda,13193,resolved,0.204,3.0,6
24,St K v GC,Bodhi Uwland,gold_coast,13041,resolved,0.009,0.0,7
24,St K v GC,Leonardo Lombard,gold_coast,13232,resolved,0.009,0.0,8
24,St K v GC,Hugo Garcia,st_kilda,13125,resolved,0.008,0.0,9
24,St K v GC,Hugh Boxshall,st_kilda,13220,resolved,0.006,0.0,10
24,St K v GC,Ben King,gold_coast,12728,resolved,0.002,0.0,11
24,St K v GC,Nick Holman,gold_coast,12307,resolved,0.001,0.0,12
24,St K v GC,Beau Addinsall,gold_coast,13341,resolved,0.0,0.0,14
24,St K v GC,Bailey Humphrey,gold_coast,13049,resolved,0.0,0.0,13
24,St K v GC,Ned Moyle,gold_coast,13050,resolved,0.0,0.0,16
24,St K v GC,Mac Andrew,gold_coast,13019,resolved,0.0,0.0,15
24,St K v GC,Joel Jeffrey,gold_coast,12933,resolved,0.0,0.0,17
24,St K v GC,Rowan Marshall,st_kilda,12564,resolved,0.0,0.0,18
24,St K v GC,Jack Macrae,st_kilda,12166,resolved,0.0,0.0,19
24,St K v GC,Marcus Windhager,st_kilda,12967,resolved,0.0,0.0,20
24,St K v GC,Darcy Wilson,st_kilda,13110,resolved,0.0,0.0,21
24,St K v GC,Callum Wilkie,st_kilda,12703,resolved,0.0,0.0,22
24,St K v GC,Liam Stocker,st_kilda,12721,resolved,0.0,0.0,23
24,St K v GC,Charlie Ballard,gold_coast,12625,resolved,0.0,0.0,24
24,St K v GC,Daniel Rioli,gold_coast,12403,resolved,0.0,0.0,25
24,St K v GC,Jake Rogers,gold_coast,13126,resolved,0.0,0.0,26
24,St K v GC,Tobie Travaglia,st_kilda,13206,resolved,0.0,0.0,27
24,St K v GC,Ben Jepson,gold_coast,13257,resolved,0.0,0.0,28
24,St K v GC,Ryan Byrnes,st_kilda,12802,resolved,0.0,0.0,29
24,St K v GC,Ben Long,gold_coast,12521,resolved,0.0,0.0,30
24,St K v GC,Lachlan Gulbin,gold_coast,13272,resolved,0.0,0.0,31
24,St K v GC,Mattaes Phillipou,st_kilda,13036,resolved,0.0,0.0,32
24,St K v GC,Sam Clohesy,gold_coast,13119,resolved,0.0,0.0,33
24,St K v GC,Jarrod Witts,gold_coast,12177,resolved,0.0,0.0,34
24,St K v GC,Jed Walter,gold_coast,13114,resolved,0.0,0.0,35
24,St K v GC,Ethan Read,gold_coast,13121,resolved,0.0,0.0,36
24,St K v GC,Mitch Owens,st_kilda,12948,resolved,0.0,0.0,37
24,St K v GC,Liam O'Connell,st_kilda,13194,resolved,0.0,0.0,38
24,St K v GC,Tom De Koning,st_kilda,12674,resolved,0.0,0.0,39
24,St K v GC,Liam Ryan,st_kilda,12600,resolved,0.0,0.0,40
24,St K v GC,Cooper Sharman,st_kilda,12929,resolved,0.0,0.0,41
24,St K v GC,Dan Butler,st_kilda,12490,resolved,0.0,0.0,42
24,St K v GC,Jack Silvagni,st_kilda,12458,resolved,0.0,0.0,43
24,St K v GC,Campbell Lake,st_kilda,13331,resolved,0.0,0.0,44
24,St K v GC,Angus Hastie,st_kilda,13116,resolved,0.0,0.0,45
24,St K v GC,Dougal Howard,st_kilda,12420,resolved,0.0,0.0,46
24,Syd v NM,Errol Gulden,sydney,12862,resolved,2.989,98.9,1
24,Syd v NM,Brodie Grundy,sydney,12217,resolved,1.144,1.1,2
24,Syd v NM,Callum Mills,sydney,12413,resolved,0.463,0.0,3
24,Syd v NM,Braeden Campbell,sydney,12863,resolved,0.34,0.0,4
24,Syd v NM,Jai Serong,sydney,13022,resolved,0.191,0.0,5
24,Syd v NM,Billy Cootee,sydney,13317,resolved,0.13,0.0,6
24,Syd v NM,Jy Simpkin,north_melbourne,12502,resolved,0.115,0.0,7
24,Syd v NM,Charlie Curnow,sydney,12421,resolved,0.101,0.0,8
24,Syd v NM,James Rowbottom,sydney,12714,resolved,0.088,0.0,9
24,Syd v NM,Jesse Dattoli,sydney,13260,resolved,0.06,0.0,10
24,Syd v NM,Caiden Cleary,sydney,13157,resolved,0.054,0.0,11
24,Syd v NM,Logan McDonald,sydney,12861,resolved,0.044,0.0,12
24,Syd v NM,Tom Papley,sydney,12412,resolved,0.037,0.0,13
24,Syd v NM,Angus Sheldrick,sydney,12951,resolved,0.028,0.0,14
24,Syd v NM,Jake Lloyd,sydney,12268,resolved,0.024,0.0,15
24,Syd v NM,Tom McCartin,sydney,12627,resolved,0.024,0.0,17
24,Syd v NM,Luke Parker,north_melbourne,11953,resolved,0.021,0.0,16
24,Syd v NM,Sam Wicks,sydney,12818,resolved,0.018,0.0,18
24,Syd v NM,Cameron Zurhaar,north_melbourne,12557,resolved,0.015,0.0,20
24,Syd v NM,George Wardlaw,north_melbourne,13064,resolved,0.014,0.0,19
24,Syd v NM,Harry Cunningham,sydney,12015,resolved,0.014,0.0,22
24,Syd v NM,Luke Davies-Uniacke,north_melbourne,12590,resolved,0.012,0.0,21
24,Syd v NM,Tristan Xerri,north_melbourne,12788,resolved,0.011,0.0,23
24,Syd v NM,Caleb Daniel,north_melbourne,12373,resolved,0.01,0.0,24
24,Syd v NM,Harry Kyle,sydney,13327,resolved,0.008,0.0,27
24,Syd v NM,Tom Hanily,sydney,13173,resolved,0.008,0.0,25
24,Syd v NM,William Green,sydney,13361,resolved,0.006,0.0,26
24,Syd v NM,Finn O'Sullivan,north_melbourne,13187,resolved,0.005,0.0,28
24,Syd v NM,Riley Hardeman,north_melbourne,13130,resolved,0.005,0.0,31
24,Syd v NM,Dane Rampe,sydney,12140,resolved,0.005,0.0,29
24,Syd v NM,Luke McDonald,north_melbourne,12246,resolved,0.004,0.0,30
24,Syd v NM,Matt Roberts,sydney,12994,resolved,0.002,0.0,33
24,Syd v NM,Charlie Comben,north_melbourne,12938,resolved,0.002,0.0,32
24,Syd v NM,Griffin Logue,north_melbourne,12511,resolved,0.002,0.0,35
24,Syd v NM,Joel Hamling,sydney,12359,resolved,0.002,0.0,34
24,Syd v NM,Colby McKercher,north_melbourne,13107,resolved,0.001,0.0,37
24,Syd v NM,Dylan Stephens,north_melbourne,12796,resolved,0.001,0.0,36
24,Syd v NM,Josh Goater,north_melbourne,13025,resolved,0.001,0.0,39
24,Syd v NM,Aidan Corr,north_melbourne,12181,resolved,0.0,0.0,38
24,Syd v NM,Charlie Spargo,north_melbourne,12622,resolved,0.0,0.0,40
24,Syd v NM,Cooper Trembath,north_melbourne,13263,resolved,0.0,0.0,41
24,Syd v NM,Zac Banch,north_melbourne,13256,resolved,0.0,0.0,42
24,Syd v NM,Paul Curtis,north_melbourne,12975,resolved,0.0,0.0,43
24,Syd v NM,Nick Larkey,north_melbourne,12563,resolved,0.0,0.0,44
24,Syd v NM,Wil Dawson,north_melbourne,13144,resolved,0.0,0.0,45
24,Syd v NM,Jack Darling,north_melbourne,11905,resolved,0.0,0.0,46
24,WC v Haw,Will Day,hawthorn,12794,resolved,2.118,43.0,1
24,WC v Haw,Josh Ward,hawthorn,12955,resolved,1.012,16.4,2
24,WC v Haw,Connor Macdonald,hawthorn,12954,resolved,0.942,15.0,4
24,WC v Haw,Jack Gunston,hawthorn,11845,resolved,0.916,14.6,3
24,WC v Haw,Jai Newcombe,hawthorn,12915,resolved,0.338,4.9,5
24,WC v Haw,Nick Watson,hawthorn,13105,resolved,0.124,1.5,6
24,WC v Haw,Milan Murdock,west_coast,13294,resolved,0.08,0.8,7
24,WC v Haw,Blake Hardwick,hawthorn,12469,resolved,0.078,0.9,8
24,WC v Haw,Lloyd Meek,hawthorn,12856,resolved,0.06,0.6,9
24,WC v Haw,Mitch Lewis,hawthorn,12636,resolved,0.058,0.6,10
24,WC v Haw,Tim Kelly,west_coast,12595,resolved,0.048,0.4,11
24,WC v Haw,James Sicily,hawthorn,12332,resolved,0.042,0.4,12
24,WC v Haw,Cam Mackenzie,hawthorn,13031,resolved,0.041,0.4,13
24,WC v Haw,Dylan Moore,hawthorn,12710,resolved,0.03,0.3,14
24,WC v Haw,Max Beattie,hawthorn,13363,resolved,0.024,0.1,15
24,WC v Haw,Harley Reid,west_coast,13111,resolved,0.018,0.1,16
24,WC v Haw,Massimo D'Ambrosio,hawthorn,12998,resolved,0.014,0.0,18
24,WC v Haw,Harry Morrison,hawthorn,12579,resolved,0.012,0.0,17
24,WC v Haw,Elliot Yeo,west_coast,12087,resolved,0.012,0.0,19
24,WC v Haw,Jarman Impey,hawthorn,12237,resolved,0.008,0.0,20
24,WC v Haw,Josh Weddle,hawthorn,13057,resolved,0.005,0.0,21
24,WC v Haw,Bailey Macdonald,hawthorn,13069,resolved,0.004,0.0,23
24,WC v Haw,Josh Battle,hawthorn,12558,resolved,0.004,0.0,22
24,WC v Haw,Jack Dalton,hawthorn,13304,resolved,0.003,0.0,24
24,WC v Haw,Jack Graham,west_coast,,unresolved,0.003,0.0,25
24,WC v Haw,Mabior Chol,hawthorn,12485,resolved,0.002,0.0,26
24,WC v Haw,Tylar Young,west_coast,13043,resolved,0.002,0.0,27
24,WC v Haw,Tom Barrass,hawthorn,12383,resolved,0.001,0.0,28
24,WC v Haw,Brady Hough,west_coast,12957,resolved,0.001,0.0,30
24,WC v Haw,Karl Amon,hawthorn,12357,resolved,0.001,0.0,29
24,WC v Haw,Bailey J. Williams,west_coast,,unresolved,0.001,0.0,31
24,WC v Haw,Willem Duursma,west_coast,13292,resolved,0.0,0.0,32
24,WC v Haw,Tom McCarthy,west_coast,13240,resolved,0.0,0.0,33
24,WC v Haw,Marcus Herbert,west_coast,13339,resolved,0.0,0.0,34
24,WC v Haw,Jack Williams,west_coast,,unresolved,0.0,0.0,35
24,WC v Haw,Hamish Davis,west_coast,13210,resolved,0.0,0.0,36
24,WC v Haw,Liam Baker,west_coast,12661,resolved,0.0,0.0,37
24,WC v Haw,Tom Cole,west_coast,12446,resolved,0.0,0.0,38
24,WC v Haw,Rhett Bazzo,west_coast,13000,resolved,0.0,0.0,39
24,WC v Haw,Bo Allan,west_coast,13221,resolved,0.0,0.0,40
24,WC v Haw,Jake Waterman,west_coast,12601,resolved,0.0,0.0,41
24,WC v Haw,Josh Lindsay,west_coast,13293,resolved,0.0,0.0,42
24,WC v Haw,Tom Gross,west_coast,13211,resolved,0.0,0.0,43
24,WC v Haw,Brandon Starcevich,west_coast,12668,resolved,0.0,0.0,44
24,WC v Haw,Cooper Duff-Tytler,west_coast,13291,resolved,0.0,0.0,45
24,WC v Haw,Jobe Shanahan,west_coast,13247,resolved,0.0,0.0,46
